Time (seconds),Orientation X,Orientation Y,Orientation Z,Angular Velocity X,Angular Velocity Y,Angular Velocity Z,Position X,Position Y,Position Z,Linear Velocity X,Linear Velocity Y,Linear Velocity Z
0.01587200164794922,1.1102230246251565e-15,-6.230163508095986e-19,-3.612971441273415e-24,0.0,0.0,0.0,-9.54497451459606e-18,-1.5656332943305797e-11,1.0912163473317377e-05,0.0,0.0,0.0
0.022530794143676758,1.1102230246251565e-15,-6.230163508095986e-19,-3.612971441273415e-24,0.0,0.0,0.0,-9.54497451459606e-18,-1.5656332943305797e-11,1.0912163473317377e-05,0.0,0.0,0.0
0.033832550048828125,1.1102230246251565e-15,-6.230163508095986e-19,-3.612971441273415e-24,0.0,0.0,0.0,-9.54497451459606e-18,-1.5656332943305797e-11,1.0912163473317377e-05,0.0,0.0,0.0
0.03913092613220215,1.1102230246251565e-15,-6.230163508095986e-19,-3.612971441273415e-24,0.0,0.0,0.0,-9.54497451459606e-18,-1.5656332943305797e-11,1.0912163473317377e-05,0.0,0.0,0.0
0.05267190933227539,1.1102230246251565e-15,-6.230163508095986e-19,-3.612971441273415e-24,0.0,0.0,0.0,-9.54497451459606e-18,-1.5656332943305797e-11,1.0912163473317377e-05,0.0,0.0,0.0
0.05744671821594238,1.1102230246251565e-15,-6.230163508095986e-19,-3.612971441273415e-24,0.0,0.0,0.0,-9.54497451459606e-18,-1.5656332943305797e-11,1.0912163473317377e-05,0.0,0.0,0.0
0.07690787315368652,1.1102230246251565e-15,-6.230163508095986e-19,-3.612971441273415e-24,0.0,0.0,0.0,-9.54497451459606e-18,-1.5656332943305797e-11,1.0912163473317377e-05,0.0,0.0,0.0
0.08038449287414551,1.1102230246251565e-15,-6.230163508095986e-19,-3.612971441273415e-24,0.0,0.0,0.0,-9.54497451459606e-18,-1.5656332943305797e-11,1.0912163473317377e-05,0.0,0.0,0.0
0.09404492378234863,1.1102230246251565e-15,-6.230163508095986e-19,-3.612971441273415e-24,0.0,0.0,0.0,-9.54497451459606e-18,-1.5656332943305797e-11,1.0912163473317377e-05,0.0,0.0,0.0
0.09708118438720703,1.1102230246251565e-15,-6.230163508095986e-19,-3.612971441273415e-24,0.0,0.0,0.0,-9.54497451459606e-18,-1.5656332943305797e-11,1.0912163473317377e-05,0.0,0.0,0.0
0.11469793319702148,9.99200722162641e-16,-6.48580851283887e-19,-3.7914966981115945e-24,-6.302088067502211e-17,-1.4511474705279403e-20,-1.0133836771714493e-25,-6.8275891782028385e-18,-1.7681667360265323e-11,1.2150636369486057e-05,1.5425014961495878e-18,-1.1496641279199659e-12,7.030087728098361e-07
0.12088942527770996,9.99200722162641e-16,-6.48580851283887e-19,-3.7914966981115945e-24,-6.23906718682719e-17,-1.436635995822661e-20,-1.0032498403997348e-25,-6.8275891782028385e-18,-1.7681667360265323e-11,1.2150636369486057e-05,1.5270764811880918e-18,-1.1381674866407663e-12,6.959786850817377e-07
0.13430380821228027,9.99200722162641e-16,-6.48580851283887e-19,-3.7914966981115945e-24,-6.176676514958917e-17,-1.4222696358644342e-20,-9.932173419957374e-26,-6.8275891782028385e-18,-1.7681667360265323e-11,1.2150636369486057e-05,1.5118057163762108e-18,-1.1267858117743585e-12,6.890188982309203e-07
0.13942313194274902,9.99200722162641e-16,-6.48580851283887e-19,-3.7914966981115945e-24,-6.114909749809328e-17,-1.4080469395057898e-20,-9.8328516857578e-26,-6.8275891782028385e-18,-1.7681667360265323e-11,1.2150636369486057e-05,1.4966876592124487e-18,-1.115517953656615e-12,6.821287092486111e-07
0.1519620418548584,9.99200722162641e-16,-6.48580851283887e-19,-3.7914966981115945e-24,-6.053760652311235e-17,-1.393966470110732e-20,-9.734523168900222e-26,-6.8275891782028385e-18,-1.7681667360265323e-11,1.2150636369486057e-05,1.4817207826203243e-18,-1.1043627741200488e-12,6.75307422156125e-07
0.15602564811706543,9.99200722162641e-16,-6.48580851283887e-19,-3.7914966981115945e-24,-5.993223045788123e-17,-1.3800268054096244e-20,-9.63717793721122e-26,-6.8275891782028385e-18,-1.7681667360265323e-11,1.2150636369486057e-05,1.466903574794121e-18,-1.0933191463788484e-12,6.685543479345637e-07
0.17299413681030273,9.99200722162641e-16,-6.48580851283887e-19,-3.7914966981115945e-24,-5.933290815330242e-17,-1.3662265373555283e-20,-9.540806157839107e-26,-6.8275891782028385e-18,-1.7681667360265323e-11,1.2150636369486057e-05,1.4522345390461798e-18,-1.0823859549150598e-12,6.61868804455218e-07
0.17764711380004883,9.99200722162641e-16,-6.48580851283887e-19,-3.7914966981115945e-24,-5.87395790717694e-17,-1.352564271981973e-20,-9.445398096260716e-26,-6.8275891782028385e-18,-1.7681667360265323e-11,1.2150636369486057e-05,1.437712193655718e-18,-1.0715620953659092e-12,6.552501164106658e-07
0.19362950325012207,9.99200722162641e-16,-6.964752563547678e-19,-4.053255842095423e-24,-5.81521832810517e-17,-4.335737290654198e-20,-2.5728917185310946e-25,-4.569235503454491e-18,-1.946084447190165e-11,1.3183747972020088e-05,2.836361829288672e-18,-2.174057434614379e-12,1.2951038398985914e-06
0.19871234893798828,9.99200722162641e-16,-6.964752563547678e-19,-4.053255842095423e-24,-5.757066144824117e-17,-4.2923799177476557e-20,-2.5471628013457835e-25,-4.569235503454491e-18,-1.946084447190165e-11,1.3183747972020088e-05,2.8079982109957853e-18,-2.1523168602682353e-12,1.2821528014996054e-06
0.2130887508392334,9.99200722162641e-16,-6.964752563547678e-19,-4.053255842095423e-24,-5.699495483375877e-17,-4.249456118570179e-20,-2.521691173332326e-25,-4.569235503454491e-18,-1.946084447190165e-11,1.3183747972020088e-05,2.7799182288858275e-18,-2.130793691665553e-12,1.2693312734846093e-06
0.2186875343322754,9.99200722162641e-16,-6.964752563547678e-19,-4.053255842095423e-24,-5.642500528542118e-17,-4.2069615573844777e-20,-2.496474261599003e-25,-4.569235503454491e-18,-1.946084447190165e-11,1.3183747972020088e-05,2.752119046596969e-18,-2.1094857547488973e-12,1.256637960749763e-06
0.2324533462524414,9.99200722162641e-16,-6.964752563547678e-19,-4.053255842095423e-24,-5.586075523256696e-17,-4.1648919418106326e-20,-2.471509518983013e-25,-4.569235503454491e-18,-1.946084447190165e-11,1.3183747972020088e-05,2.7245978561309993e-18,-2.0883908972014083e-12,1.2440715811422655e-06
0.23812437057495117,9.99200722162641e-16,-6.964752563547678e-19,-4.053255842095423e-24,-5.5302147680241296e-17,-4.1232430223925264e-20,-2.4467944237931826e-25,-4.569235503454491e-18,-1.946084447190165e-11,1.3183747972020088e-05,2.697351877569689e-18,-2.067506988229394e-12,1.2316308653308428e-06
0.2542707920074463,9.99200722162641e-16,-6.964752563547678e-19,-4.053255842095423e-24,-5.4749126203438883e-17,-4.082010592168601e-20,-2.422326479555251e-25,-4.569235503454491e-18,-1.946084447190165e-11,1.3183747972020088e-05,2.670378358793992e-18,-2.0468319183471002e-12,1.2193145566775344e-06
0.2720515727996826,9.99200722162641e-16,-6.964752563547678e-19,-4.053255842095423e-24,-5.4201634941404496e-17,-4.041190486246915e-20,-2.398103214759698e-25,-4.569235503454491e-18,-1.946084447190165e-11,1.3183747972020088e-05,2.6436745752060522e-18,-2.026363599163629e-12,1.207121411110759e-06
0.2867550849914551,9.99200722162641e-16,-7.839076353518505e-19,-4.4293124230650614e-24,-5.365961859199045e-17,-9.947138733757198e-20,-4.931719143858861e-25,-2.793624452768248e-18,-2.1270176197276546e-11,1.4255063096330522e-05,3.824848546770848e-18,-3.2366438636401215e-12,1.9236619125800293e-06
0.30616068840026855,9.99200722162641e-16,-7.839076353518505e-19,-4.4293124230650614e-24,-5.3123022406070547e-17,-9.847667346419626e-20,-4.882401952420273e-25,-2.793624452768248e-18,-2.1270176197276546e-11,1.4255063096330522e-05,3.78660006130314e-18,-3.20427742500372e-12,1.904425293454229e-06
0.31673645973205566,9.99200722162641e-16,-7.839076353518505e-19,-4.4293124230650614e-24,-5.259179218200984e-17,-9.74919067295543e-20,-4.83357793289607e-25,-2.793624452768248e-18,-2.1270176197276546e-11,1.4255063096330522e-05,3.748734060690109e-18,-3.172234650753683e-12,1.8853810405196867e-06
0.32169294357299805,9.99200722162641e-16,-7.839076353518505e-19,-4.4293124230650614e-24,-5.206587426018974e-17,-9.651698766225875e-20,-4.78524215356711e-25,-2.793624452768248e-18,-2.1270176197276546e-11,1.4255063096330522e-05,3.711246720083208e-18,-3.1405123042461463e-12,1.8665272301144898e-06
0.33139681816101074,9.99200722162641e-16,-7.839076353518505e-19,-4.4293124230650614e-24,-5.154521551758785e-17,-9.555181778563615e-20,-4.737389732031439e-25,-2.793624452768248e-18,-2.1270176197276546e-11,1.4255063096330522e-05,3.674134252882376e-18,-3.109107181203685e-12,1.8478619578133448e-06
0.33706068992614746,9.99200722162641e-16,-7.839076353518505e-19,-4.4293124230650614e-24,-5.1029763362411966e-17,-9.45962996077798e-20,-4.690015834711124e-25,-2.793624452768248e-18,-2.1270176197276546e-11,1.4255063096330522e-05,3.6373929103535524e-18,-3.078016109391648e-12,1.8293833382352114e-06
0.3412966728210449,9.99200722162641e-16,-7.839076353518505e-19,-4.4293124230650614e-24,-5.0519465728787844e-17,-9.3650336611702e-20,-4.643115676364013e-25,-2.793624452768248e-18,-2.1270176197276546e-11,1.4255063096330522e-05,3.601018981250017e-18,-3.0472359482977313e-12,1.8110895048528592e-06
0.3561701774597168,9.99200722162641e-16,-9.190535053128888e-19,-4.969688592647504e-24,-5.001427107149996e-17,-1.83577333976712e-19,-8.2298307267488595e-25,-1.227519744821098e-18,-2.320626630946759e-11,1.5363679925469248e-05,4.617958829018692e-18,-4.31846763108155e-12,2.538342164710056e-06
0.38504600524902344,9.99200722162641e-16,-9.190535053128888e-19,-4.969688592647504e-24,-4.9514128360784964e-17,-1.8174156063694487e-19,-8.147532419481371e-25,-1.227519744821098e-18,-2.320626630946759e-11,1.5363679925469248e-05,4.571779240728505e-18,-4.275282954770735e-12,2.512958743062955e-06
0.39043211936950684,9.99200722162641e-16,-9.190535053128888e-19,-4.969688592647504e-24,-4.9018987077177115e-17,-1.7992414503057543e-19,-8.066057095286556e-25,-1.227519744821098e-18,-2.320626630946759e-11,1.5363679925469248e-05,4.52606144832122e-18,-4.232530125223027e-12,2.4878291556323255e-06
0.3975107669830322,9.99200722162641e-16,-9.190535053128888e-19,-4.969688592647504e-24,-4.8528797206405345e-17,-1.7812490358026966e-19,-7.985396524333691e-25,-1.227519744821098e-18,-2.320626630946759e-11,1.5363679925469248e-05,4.480800833838008e-18,-4.190204823970797e-12,2.462950864076002e-06
0.4040260314941406,9.99200722162641e-16,-9.190535053128888e-19,-4.969688592647504e-24,-4.804350923434129e-17,-1.7634365454446697e-19,-7.905542559090354e-25,-1.227519744821098e-18,-2.320626630946759e-11,1.5363679925469248e-05,4.435992825499628e-18,-4.148302775731089e-12,2.438321355435242e-06
0.41757702827453613,9.99200722162641e-16,-9.190535053128888e-19,-4.969688592647504e-24,-4.7563074141997875e-17,-1.745802179990223e-19,-7.826487133499451e-25,-1.227519744821098e-18,-2.320626630946759e-11,1.5363679925469248e-05,4.3916328972446316e-18,-4.106819747973778e-12,2.4139381418808898e-06
0.4207611083984375,9.99200722162641e-16,-9.190535053128888e-19,-4.969688592647504e-24,-4.70874434005779e-17,-1.7283441581903208e-19,-7.748222262164456e-25,-1.227519744821098e-18,-2.320626630946759e-11,1.5363679925469248e-05,4.347716568272185e-18,-4.06575155049404e-12,2.3897987604620807e-06
0.4371035099029541,9.99200722162641e-16,-1.09256651384444e-18,-5.6498997687851925e-24,-4.661656896657212e-17,-2.772795789532656e-19,-1.1832987405919065e-24,1.464407014407396e-19,-2.5194864739352432e-11,1.6509184362579027e-05,5.144973671308721e-18,-5.241927698138704e-12,3.066840862227552e-06
0.44011807441711426,9.99200722162641e-16,-1.09256651384444e-18,-5.6498997687851925e-24,-4.61504032769064e-17,-2.7450678316373296e-19,-1.1714657531859874e-24,1.464407014407396e-19,-2.5194864739352432e-11,1.6509184362579027e-05,5.093523934595634e-18,-5.189508421157316e-12,3.0361724536052764e-06
0.45548462867736816,9.99200722162641e-16,-1.09256651384444e-18,-5.6498997687851925e-24,-4.5688899244137335e-17,-2.7176171533209563e-19,-1.1597510956541274e-24,1.464407014407396e-19,-2.5194864739352432e-11,1.6509184362579027e-05,5.0425886952496775e-18,-5.137613336945743e-12,3.0058107290692237e-06
0.4610302448272705,9.99200722162641e-16,-1.09256651384444e-18,-5.6498997687851925e-24,-4.523201025169596e-17,-2.690440981787747e-19,-1.1481535846975862e-24,1.464407014407396e-19,-2.5194864739352432e-11,1.6509184362579027e-05,4.992162808297181e-18,-5.086237203576286e-12,2.9757526217785316e-06
0.47722649574279785,9.99200722162641e-16,-1.09256651384444e-18,-5.6498997687851925e-24,-4.4779690149179e-17,-2.663536571969869e-19,-1.1366720488506103e-24,1.464407014407396e-19,-2.5194864739352432e-11,1.6509184362579027e-05,4.942241180214209e-18,-5.035374831540523e-12,2.9459950955607463e-06
0.4805288314819336,9.99200722162641e-16,-1.09256651384444e-18,-5.6498997687851925e-24,-4.433189324768721e-17,-2.6369012062501704e-19,-1.1253053283621042e-24,1.464407014407396e-19,-2.5194864739352432e-11,1.6509184362579027e-05,4.892818768412067e-18,-4.9850210832251176e-12,2.916535144605139e-06
0.49690771102905273,9.99200722162641e-16,-1.09256651384444e-18,-5.6498997687851925e-24,-4.388857431521034e-17,-2.6105321941876686e-19,-1.1140522750784832e-24,1.464407014407396e-19,-2.5194864739352432e-11,1.6509184362579027e-05,4.843890580727946e-18,-4.935170872392866e-12,2.8873697931590877e-06
0.4997861385345459,9.99200722162641e-16,-1.09256651384444e-18,-5.6498997687851925e-24,-4.344968857205824e-17,-2.584426872245792e-19,-1.1029117523276984e-24,1.464407014407396e-19,-2.5194864739352432e-11,1.6509184362579027e-05,4.795451674920667e-18,-4.885819163668937e-12,2.8584960952274967e-06
0.5171000957489014,9.99200722162641e-16,-1.304699968301328e-18,-6.499758982872037e-24,-4.3015191686337656e-17,-3.78379906808178e-19,-1.5827347281018366e-24,1.4139696446451558e-18,-2.7292760949739266e-11,1.769107761722015e-05,5.4795831102896535e-18,-6.048640187380235e-12,3.5125357012697525e-06
0.520761251449585,9.99200722162641e-16,-1.304699968301328e-18,-6.499758982872037e-24,-4.258503976947428e-17,-3.7459610774009623e-19,-1.5669073808208182e-24,1.4139696446451558e-18,-2.7292760949739266e-11,1.769107761722015e-05,5.424787279186757e-18,-5.988153785506433e-12,3.477410344257055e-06
0.5362348556518555,9.99200722162641e-16,-1.304699968301328e-18,-6.499758982872037e-24,-4.215918937177954e-17,-3.7085014666269527e-19,-1.55123830701261e-24,1.4139696446451558e-18,-2.7292760949739266e-11,1.769107761722015e-05,5.370539406394889e-18,-5.928272247651369e-12,3.442636240814484e-06
0.5392212867736816,9.99200722162641e-16,-1.304699968301328e-18,-6.499758982872037e-24,-4.1737597478061744e-17,-3.671416451960683e-19,-1.535725923942484e-24,1.4139696446451558e-18,-2.7292760949739266e-11,1.769107761722015e-05,5.31683401233094e-18,-5.868989525174855e-12,3.4082098784063394e-06
0.5554084777832031,9.99200722162641e-16,-1.304699968301328e-18,-6.499758982872037e-24,-4.1320221503281126e-17,-3.6347022874410763e-19,-1.5203686647030591e-24,1.4139696446451558e-18,-2.7292760949739266e-11,1.769107761722015e-05,5.2636656722076306e-18,-5.810299629923106e-12,3.374127779622276e-06
0.5592589378356934,9.99200722162641e-16,-1.304699968301328e-18,-6.499758982872037e-24,-4.0907019288248315e-17,-3.5983552645666653e-19,-1.5051649780560286e-24,1.4139696446451558e-18,-2.7292760949739266e-11,1.769107761722015e-05,5.2110290154855544e-18,-5.752196633623875e-12,3.340386501826053e-06
0.5779147148132324,9.99200722162641e-16,-1.304699968301328e-18,-6.499758982872037e-24,-4.049794909536583e-17,-3.5623717119209987e-19,-1.4901133282754684e-24,1.4139696446451558e-18,-2.7292760949739266e-11,1.769107761722015e-05,5.158918725330699e-18,-5.694674667287636e-12,3.3069826368077924e-06
0.5840234756469727,9.99200722162641e-16,-1.304699968301328e-18,-6.499758982872037e-24,-4.009296960441217e-17,-3.5267479948017887e-19,-1.4752121949927137e-24,1.4139696446451558e-18,-2.7292760949739266e-11,1.769107761722015e-05,5.1073295380773915e-18,-5.63772792061476e-12,3.2739128104397145e-06
0.6008307933807373,9.99200722162641e-16,-1.5422304370462244e-18,-7.394796844172477e-24,-3.9692039908368044e-17,-4.904736767323582e-19,-1.9929887463248092e-24,2.6381354708792026e-18,-2.945669146783753e-11,1.8908884520914367e-05,5.7846102393094495e-18,-6.868843715056085e-12,3.965743136536647e-06
0.6061370372772217,9.99200722162641e-16,-1.5422304370462244e-18,-7.394796844172477e-24,-3.929511950928436e-17,-4.855689399650346e-19,-1.973058858861561e-24,2.6381354708792026e-18,-2.945669146783753e-11,1.8908884520914367e-05,5.726764136916355e-18,-6.800155277905524e-12,3.92608570517128e-06
0.6183226108551025,9.99200722162641e-16,-1.5422304370462244e-18,-7.394796844172477e-24,-3.890216831419152e-17,-4.807132505653842e-19,-1.9533282702729455e-24,2.6381354708792026e-18,-2.945669146783753e-11,1.8908884520914367e-05,5.669496495547191e-18,-6.732153725126468e-12,3.886824848119567e-06
0.6215806007385254,9.99200722162641e-16,-1.5422304370462244e-18,-7.394796844172477e-24,-3.85131466310496e-17,-4.759061180597304e-19,-1.933794987570216e-24,2.6381354708792026e-18,-2.945669146783753e-11,1.8908884520914367e-05,5.612801530591719e-18,-6.664832187875203e-12,3.8479565996383715e-06
0.6360416412353516,9.99200722162641e-16,-1.5422304370462244e-18,-7.394796844172477e-24,-3.81280151647391e-17,-4.711470568791331e-19,-1.914457037694514e-24,2.6381354708792026e-18,-2.945669146783753e-11,1.8908884520914367e-05,5.556673515285802e-18,-6.598183865996451e-12,3.8094770336419876e-06
0.63897705078125,9.99200722162641e-16,-1.5422304370462244e-18,-7.394796844172477e-24,-3.774673501309171e-17,-4.664355863103418e-19,-1.8953124673175688e-24,2.6381354708792026e-18,-2.945669146783753e-11,1.8908884520914367e-05,5.5011067801329444e-18,-6.532202027336487e-12,3.7713822633055677e-06
0.660304069519043,9.99200722162641e-16,-1.5422304370462244e-18,-7.394796844172477e-24,-3.736926766296079e-17,-4.617712304472383e-19,-1.876359342644393e-24,2.6381354708792026e-18,-2.945669146783753e-11,1.8908884520914367e-05,5.446095712331615e-18,-6.4668800070631216e-12,3.733668440672512e-06
0.6659064292907715,9.99200722162641e-16,-1.5422304370462244e-18,-7.394796844172477e-24,-3.6995574986331184e-17,-4.57153518142766e-19,-1.857595749217949e-24,2.6381354708792026e-18,-2.945669146783753e-11,1.8908884520914367e-05,5.391634755208299e-18,-6.40221120699249e-12,3.696331756265787e-06
0.686882734298706,9.99200722162641e-16,-1.8171931184438286e-18,-8.387963289581601e-24,-3.6625619236467874e-17,-5.836644978721368e-19,-2.312490426888072e-24,3.864926607292936e-18,-3.171954945990754e-11,2.016213291659281e-05,5.92256564998228e-18,-7.41695772932305e-12,4.256827521799215e-06
0.6932337284088135,9.99200722162641e-16,-1.8171931184438286e-18,-8.387963289581601e-24,-3.6259363044103196e-17,-5.778278528934154e-19,-2.289365522619191e-24,3.864926607292936e-18,-3.171954945990754e-11,2.016213291659281e-05,5.863339993482457e-18,-7.34278815202982e-12,4.214259246581223e-06
0.7016584873199463,9.99200722162641e-16,-1.8171931184438286e-18,-8.387963289581601e-24,-3.5896769413662163e-17,-5.720495743644813e-19,-2.266471867392999e-24,3.864926607292936e-18,-3.171954945990754e-11,2.016213291659281e-05,5.804706593547632e-18,-7.269360270509522e-12,4.172116654115411e-06
0.7049963474273682,9.99200722162641e-16,-1.8171931184438286e-18,-8.387963289581601e-24,-3.553780171952554e-17,-5.663290786208364e-19,-2.243807148719069e-24,3.864926607292936e-18,-3.171954945990754e-11,2.016213291659281e-05,5.746659527612156e-18,-7.196666667804427e-12,4.130395487574257e-06
0.716773271560669,9.99200722162641e-16,-1.8171931184438286e-18,-8.387963289581601e-24,-3.518242370233028e-17,-5.606657878346281e-19,-2.2213690772318783e-24,3.864926607292936e-18,-3.171954945990754e-11,2.016213291659281e-05,5.6891929323360345e-18,-7.124700001126383e-12,4.089091532698514e-06
0.7405829429626465,9.99200722162641e-16,-1.8171931184438286e-18,-8.387963289581601e-24,-3.483059946530698e-17,-5.550591299562818e-19,-2.1991553864595593e-24,3.864926607292936e-18,-3.171954945990754e-11,2.016213291659281e-05,5.6323010030126744e-18,-7.053453001115118e-12,4.048200617371529e-06
0.745600700378418,9.99200722162641e-16,-1.8171931184438286e-18,-8.387963289581601e-24,-3.448229347065391e-17,-5.495085386567189e-19,-2.177163832594964e-24,3.864926607292936e-18,-3.171954945990754e-11,2.016213291659281e-05,5.575977992982548e-18,-6.9829184711039674e-12,4.007718611197813e-06
0.758061408996582,9.99200722162641e-16,-2.129106209476333e-18,-9.500704916344128e-24,-3.413747053594737e-17,-7.943307510984843e-19,-3.0483924729981927e-24,5.117760744181641e-18,-3.405616047263728e-11,2.1450357465082186e-05,6.52564809512967e-18,-8.788272378337192e-12,5.0014707103734485e-06
0.7611336708068848,9.99200722162641e-16,-2.129106209476333e-18,-9.500704916344128e-24,-3.3796095830587896e-17,-7.863874435874995e-19,-3.0179085482682107e-24,5.117760744181641e-18,-3.405616047263728e-11,2.1450357465082186e-05,6.460391614178373e-18,-8.70038965455382e-12,4.951456003269714e-06
0.7787730693817139,9.99200722162641e-16,-2.129106209476333e-18,-9.500704916344128e-24,-3.3458134872282016e-17,-7.785235691516245e-19,-2.9877294627855287e-24,5.117760744181641e-18,-3.405616047263728e-11,2.1450357465082186e-05,6.3957876980365894e-18,-8.613385758008282e-12,4.901941443237016e-06
0.7822036743164062,9.99200722162641e-16,-2.129106209476333e-18,-9.500704916344128e-24,-3.3123553523559194e-17,-7.707383334601083e-19,-2.9578521681576733e-24,5.117760744181641e-18,-3.405616047263728e-11,2.1450357465082186e-05,6.331829821056223e-18,-8.527251900428199e-12,4.852922028804646e-06
0.7984447479248047,9.99200722162641e-16,-2.129106209476333e-18,-9.500704916344128e-24,-3.27923179883236e-17,-7.630309501255071e-19,-2.9282736464760965e-24,5.117760744181641e-18,-3.405616047263728e-11,2.1450357465082186e-05,6.2685115228456614e-18,-8.441979381423917e-12,4.8043928085166e-06
0.801367998123169,9.99200722162641e-16,-2.129106209476333e-18,-9.500704916344128e-24,-3.246439480844036e-17,-7.554006406242521e-19,-2.8989909100113353e-24,5.117760744181641e-18,-3.405616047263728e-11,2.1450357465082186e-05,6.205826407617205e-18,-8.357559587609677e-12,4.756348880431434e-06
0.8190159797668457,9.99200722162641e-16,-2.129106209476333e-18,-9.500704916344128e-24,-3.213975086035596e-17,-7.478466342180096e-19,-2.870001000911222e-24,5.117760744181641e-18,-3.405616047263728e-11,2.1450357465082186e-05,6.143768143541033e-18,-8.27398399173358e-12,4.708785391627119e-06
0.822561502456665,9.99200722162641e-16,-2.129106209476333e-18,-9.500704916344128e-24,-3.1818353351752397e-17,-7.403681678758295e-19,-2.8413009909021098e-24,5.117760744181641e-18,-3.405616047263728e-11,2.1450357465082186e-05,6.082330462105623e-18,-8.191244151816245e-12,4.661697537710848e-06
0.8396179676055908,9.99200722162641e-16,-2.470921467756125e-18,-1.0721061477927171e-23,-3.1500169818234874e-17,-9.33366653524995e-19,-3.5283683288251084e-24,6.400685708750519e-18,-3.648550641531471e-11,2.277309882687726e-05,6.773672522205348e-18,-9.533627964031963e-12,5.390587884774686e-06
0.8446009159088135,9.99200722162641e-16,-2.470921467756125e-18,-1.0721061477927171e-23,-3.1185168120052525e-17,-9.24032986989745e-19,-3.4930846455368576e-24,6.400685708750519e-18,-3.648550641531471e-11,2.277309882687726e-05,6.705935796983295e-18,-9.438291684391643e-12,5.336682005926939e-06
0.8580517768859863,9.99200722162641e-16,-2.470921467756125e-18,-1.0721061477927171e-23,-3.0873316438852e-17,-9.147926571198475e-19,-3.458153799081489e-24,6.400685708750519e-18,-3.648550641531471e-11,2.277309882687726e-05,6.638876439013462e-18,-9.343908767547727e-12,5.28331518586767e-06
0.861630916595459,9.99200722162641e-16,-2.470921467756125e-18,-1.0721061477927171e-23,-3.056458327446348e-17,-9.05644730548649e-19,-3.423572261090674e-24,6.400685708750519e-18,-3.648550641531471e-11,2.277309882687726e-05,6.572487674623327e-18,-9.25046967987225e-12,5.230482034008994e-06
0.8817169666290283,9.99200722162641e-16,-2.470921467756125e-18,-1.0721061477927171e-23,-3.0258937441718843e-17,-8.965882832431625e-19,-3.3893365384797676e-24,6.400685708750519e-18,-3.648550641531471e-11,2.277309882687726e-05,6.506762797877094e-18,-9.157964983073528e-12,5.178177213668904e-06
0.8879749774932861,9.99200722162641e-16,-2.470921467756125e-18,-1.0721061477927171e-23,-2.9956348067301655e-17,-8.87622400410731e-19,-3.35544317309497e-24,6.400685708750519e-18,-3.648550641531471e-11,2.277309882687726e-05,6.441695169898323e-18,-9.066385333242792e-12,5.126395441532215e-06
0.9033126831054688,1.1102230246251565e-15,-2.7360124365061973e-18,-1.165034085263564e-23,4.2728424302979545e-17,-1.0515823068246651e-18,-3.927767741913897e-24,7.574398808258608e-18,-3.835876855583643e-11,2.378692663394277e-05,7.142526882524533e-18,-1.0197065914835641e-11,5.736135050948652e-06
0.9064927101135254,1.1102230246251565e-15,-2.7360124365061973e-18,-1.165034085263564e-23,4.2301140059949746e-17,-1.0410664837564185e-18,-3.888490064494758e-24,7.574398808258608e-18,-3.835876855583643e-11,2.378692663394277e-05,7.071101613699287e-18,-1.0095095255687285e-11,5.678773700439166e-06
0.9196407794952393,1.1102230246251565e-15,-2.7360124365061973e-18,-1.165034085263564e-23,4.187812865935025e-17,-1.0306558189188542e-18,-3.849605163849811e-24,7.574398808258608e-18,-3.835876855583643e-11,2.378692663394277e-05,7.000390597562295e-18,-9.994144303130412e-12,5.621985963434774e-06
0.9226014614105225,1.1102230246251565e-15,-2.7360124365061973e-18,-1.165034085263564e-23,4.145934737275675e-17,-1.0203492607296657e-18,-3.811109112211313e-24,7.574398808258608e-18,-3.835876855583643e-11,2.378692663394277e-05,6.9303866915866715e-18,-9.894202860099108e-12,5.565766103800426e-06
0.937443733215332,1.1102230246251565e-15,-2.7360124365061973e-18,-1.165034085263564e-23,4.104475389902918e-17,-1.010145768122369e-18,-3.7729980210892e-24,7.574398808258608e-18,-3.835876855583643e-11,2.378692663394277e-05,6.8610828246708045e-18,-9.795260831498117e-12,5.510108442762422e-06
0.9417979717254639,1.1102230246251565e-15,-2.7360124365061973e-18,-1.165034085263564e-23,4.063430636003889e-17,-1.0000443104411454e-18,-3.735268040878308e-24,7.574398808258608e-18,-3.835876855583643e-11,2.378692663394277e-05,6.792471996424096e-18,-9.697308223183136e-12,5.4550073583347975e-06
0.9621021747589111,9.99200722162641e-16,-3.0138305842644677e-18,-1.2583720720166475e-23,-1.445150492973497e-17,-1.1268717680923649e-18,-4.1576132202177605e-24,8.580963024153376e-18,-4.0279384731650424e-11,2.4819934898481602e-05,7.220290609772936e-18,-1.0546255634170351e-11,5.909223013126579e-06
0.9656634330749512,9.99200722162641e-16,-3.0138305842644677e-18,-1.2583720720166475e-23,-1.430698988043762e-17,-1.1156030504114412e-18,-4.116037088015583e-24,8.580963024153376e-18,-4.0279384731650424e-11,2.4819934898481602e-05,7.148087703675206e-18,-1.0440793077828647e-11,5.850130782995314e-06
0.9803729057312012,9.99200722162641e-16,-3.0138305842644677e-18,-1.2583720720166475e-23,-1.4163919981633243e-17,-1.1044470199073268e-18,-4.0748767171354276e-24,8.580963024153376e-18,-4.0279384731650424e-11,2.4819934898481602e-05,7.076606826638454e-18,-1.033638514705036e-11,5.79162947516536e-06
0.9854552745819092,9.99200722162641e-16,-3.0138305842644677e-18,-1.2583720720166475e-23,-1.402228078181691e-17,-1.0934025497082534e-18,-4.034127949964073e-24,8.580963024153376e-18,-4.0279384731650424e-11,2.4819934898481602e-05,7.00584075837207e-18,-1.0233021295579856e-11,5.733713180413707e-06
0.9997811317443848,9.99200722162641e-16,-3.0138305842644677e-18,-1.2583720720166475e-23,-1.388205797399874e-17,-1.082468524211171e-18,-3.993786670464432e-24,8.580963024153376e-18,-4.0279384731650424e-11,2.4819934898481602e-05,6.935782350788349e-18,-1.0130691082624058e-11,5.67637604860957e-06
1.0026426315307617,9.99200722162641e-16,-3.0138305842644677e-18,-1.2583720720166475e-23,-1.3743237394258753e-17,-1.0716438389690592e-18,-3.953848803759788e-24,8.580963024153376e-18,-4.0279384731650424e-11,2.4819934898481602e-05,6.866424527280466e-18,-1.0029384171797818e-11,5.619612288123474e-06
1.0217864513397217,1.1102230246251565e-15,-3.3010467488370136e-18,-1.354681172637121e-23,4.438800372340865e-17,-1.2109581506797842e-18,-4.4173922585067575e-24,9.567532451090912e-18,-4.2247631147422015e-11,2.5871668141898128e-05,7.31310826825249e-18,-1.095722705213712e-11,6.1128014258182285e-06
1.0267150402069092,1.1102230246251565e-15,-3.3010467488370136e-18,-1.354681172637121e-23,4.3944123686174567e-17,-1.1988485691729863e-18,-4.37321833592169e-24,9.567532451090912e-18,-4.2247631147422015e-11,2.5871668141898128e-05,7.239977185569965e-18,-1.084765478161575e-11,6.051673411560046e-06
1.0401067733764648,1.1102230246251565e-15,-3.3010467488370136e-18,-1.354681172637121e-23,4.350468244931282e-17,-1.1868600834812564e-18,-4.3294861525624734e-24,9.567532451090912e-18,-4.2247631147422015e-11,2.5871668141898128e-05,7.167577413714266e-18,-1.0739178233799592e-11,5.991156677444446e-06
1.0453376770019531,1.1102230246251565e-15,-3.3010467488370136e-18,-1.354681172637121e-23,4.306963562481969e-17,-1.1749914826464439e-18,-4.286191291036849e-24,9.567532451090912e-18,-4.2247631147422015e-11,2.5871668141898128e-05,7.095901639577124e-18,-1.0631786451461596e-11,5.931245110670001e-06
1.0586600303649902,1.1102230246251565e-15,-3.3010467488370136e-18,-1.354681172637121e-23,4.263893926857149e-17,-1.1632415678199795e-18,-4.243329378126481e-24,9.567532451090912e-18,-4.2247631147422015e-11,2.5871668141898128e-05,7.024942623181352e-18,-1.052546858694698e-11,5.871932659563301e-06
1.0622549057006836,1.1102230246251565e-15,-3.3010467488370136e-18,-1.354681172637121e-23,4.2212549875885774e-17,-1.1516091521417797e-18,-4.200896084345216e-24,9.567532451090912e-18,-4.2247631147422015e-11,2.5871668141898128e-05,6.954693196949538e-18,-1.042021390107751e-11,5.813213332967668e-06
1.0844008922576904,9.99200722162641e-16,-3.589286167612719e-18,-1.4513702466400407e-23,-8.341594883667218e-18,-1.2702473068688806e-18,-4.595485754085927e-24,1.0498602393644895e-17,-4.4262579811084085e-11,2.694199214024264e-05,7.305571781746428e-18,-1.122585999005416e-11,6.238385023375692e-06
1.0897276401519775,9.99200722162641e-16,-3.589286167612719e-18,-1.4513702466400407e-23,-8.258178934830547e-18,-1.2575448338001918e-18,-4.5495308965450674e-24,1.0498602393644895e-17,-4.4262579811084085e-11,2.694199214024264e-05,7.232516063928965e-18,-1.1113601390153619e-11,6.176001173141935e-06
1.1015396118164062,9.99200722162641e-16,-3.589286167612719e-18,-1.4513702466400407e-23,-8.175597145482241e-18,-1.24496938546219e-18,-4.5040355875796166e-24,1.0498602393644895e-17,-4.4262579811084085e-11,2.694199214024264e-05,7.160190903289676e-18,-1.1002465376252083e-11,6.114241161410516e-06
1.1054205894470215,9.99200722162641e-16,-3.589286167612719e-18,-1.4513702466400407e-23,-8.093841174027419e-18,-1.232519691607568e-18,-4.4589952317038206e-24,1.0498602393644895e-17,-4.4262579811084085e-11,2.694199214024264e-05,7.088588994256778e-18,-1.0892440722489562e-11,6.05309874979641e-06
1.1208624839782715,9.99200722162641e-16,-3.589286167612719e-18,-1.4513702466400407e-23,-8.012902762287145e-18,-1.2201944946914923e-18,-4.4144052793867825e-24,1.0498602393644895e-17,-4.4262579811084085e-11,2.694199214024264e-05,7.01770310431421e-18,-1.0783516315264666e-11,5.992567762298446e-06
1.126307487487793,9.99200722162641e-16,-3.589286167612719e-18,-1.4513702466400407e-23,-7.932773734664273e-18,-1.2079925497445775e-18,-4.3702612265929146e-24,1.0498602393644895e-17,-4.4262579811084085e-11,2.694199214024264e-05,6.947526073271069e-18,-1.067568115211202e-11,5.932642084675462e-06
1.1417465209960938,1.1102230246251565e-15,-3.8756634690221635e-18,-1.5495900479909033e-23,6.405669164363277e-17,-1.3814017620584291e-18,-4.962737046690887e-24,1.1383119098373553e-17,-4.6324859295392105e-11,2.8030714196354456e-05,7.450962921170933e-18,-1.1904681194794573e-11,6.578490670752855e-06
1.1468892097473145,1.1102230246251565e-15,-3.8756634690221635e-18,-1.5495900479909033e-23,6.341612472719644e-17,-1.3675877444378448e-18,-4.9131096762239784e-24,1.1383119098373553e-17,-4.6324859295392105e-11,2.8030714196354456e-05,7.376453291959224e-18,-1.1785634382846627e-11,6.512705764045326e-06
1.1589205265045166,1.1102230246251565e-15,-3.8756634690221635e-18,-1.5495900479909033e-23,6.278196347992448e-17,-1.3539118669934662e-18,-4.863978579461739e-24,1.1383119098373553e-17,-4.6324859295392105e-11,2.8030714196354456e-05,7.302688759039632e-18,-1.1667778039018161e-11,6.447578706404873e-06
1.163801670074463,1.1102230246251565e-15,-3.8756634690221635e-18,-1.5495900479909033e-23,6.215414384512524e-17,-1.3403727483235315e-18,-4.815338793667122e-24,1.1383119098373553e-17,-4.6324859295392105e-11,2.8030714196354456e-05,7.229661871449235e-18,-1.155110025862798e-11,6.383102919340824e-06
1.1799545288085938,1.1102230246251565e-15,-3.8756634690221635e-18,-1.5495900479909033e-23,6.153260240667398e-17,-1.3269690208402962e-18,-4.76718540573045e-24,1.1383119098373553e-17,-4.6324859295392105e-11,2.8030714196354456e-05,7.157365252734742e-18,-1.14355892560417e-11,6.319271890147416e-06
1.1831486225128174,1.1102230246251565e-15,-3.8756634690221635e-18,-1.5495900479909033e-23,6.091727638260724e-17,-1.3136993306318932e-18,-4.7195135516731454e-24,1.1383119098373553e-17,-4.6324859295392105e-11,2.8030714196354456e-05,7.085791600207395e-18,-1.1321233363481282e-11,6.256079171245942e-06
1.1993179321289062,9.99200722162641e-16,-4.158264244113702e-18,-1.643056592840372e-23,-8.35426051335561e-18,-1.475338367843503e-18,-5.250367492498357e-24,1.2224436262102776e-17,-4.843378285664915e-11,2.913765479859824e-05,7.535253838037747e-18,-1.251229660513297e-11,6.878111988367808e-06
1.2046277523040771,9.99200722162641e-16,-4.158264244113702e-18,-1.643056592840372e-23,-8.270717908222054e-18,-1.460584984165068e-18,-5.197863817573373e-24,1.2224436262102776e-17,-4.843378285664915e-11,2.913765479859824e-05,7.45990129965737e-18,-1.2387173639081641e-11,6.80933086848413e-06
1.2214641571044922,9.99200722162641e-16,-4.158264244113702e-18,-1.643056592840372e-23,-8.188010729139834e-18,-1.4459791343234175e-18,-5.145885179397639e-24,1.2224436262102776e-17,-4.843378285664915e-11,2.913765479859824e-05,7.385302286660796e-18,-1.2263301902690825e-11,6.741237559799289e-06
1.2248425483703613,9.99200722162641e-16,-4.158264244113702e-18,-1.643056592840372e-23,-8.106130621848435e-18,-1.4315193429801833e-18,-5.094426327603663e-24,1.2224436262102776e-17,-4.843378285664915e-11,2.913765479859824e-05,7.311449263794187e-18,-1.2140668883663916e-11,6.673825184201296e-06
1.2445199489593506,9.99200722162641e-16,-4.158264244113702e-18,-1.643056592840372e-23,-8.02506931562995e-18,-1.4172041495503813e-18,-5.043482064327626e-24,1.2224436262102776e-17,-4.843378285664915e-11,2.913765479859824e-05,7.238334771156246e-18,-1.2019262194827276e-11,6.607086932359283e-06
1.2487962245941162,9.99200722162641e-16,-4.158264244113702e-18,-1.643056592840372e-23,-7.944818622473651e-18,-1.4030321080548774e-18,-4.99304724368435e-24,1.2224436262102776e-17,-4.843378285664915e-11,2.913765479859824e-05,7.165951423444682e-18,-1.1899069572879003e-11,6.54101606303569e-06
1.2670984268188477,1.1102230246251565e-15,-4.438964661574527e-18,-1.732877712145866e-23,5.279525449799696e-17,-1.542371536698501e-18,-5.4338835008111276e-24,1.3029040190840083e-17,-5.0589665176897295e-11,3.026263407325638e-05,7.533916011600111e-18,-1.2958014894099016e-11,7.090274706106986e-06
1.2705519199371338,1.1102230246251565e-15,-4.438964661574527e-18,-1.732877712145866e-23,5.226730195301699e-17,-1.5269478213315158e-18,-5.379544665803016e-24,1.3029040190840083e-17,-5.0589665176897295e-11,3.026263407325638e-05,7.45857685148411e-18,-1.2828434745158026e-11,7.0193719590459165e-06
1.280212640762329,1.1102230246251565e-15,-4.438964661574527e-18,-1.732877712145866e-23,5.174462893348682e-17,-1.5116783431182007e-18,-5.325749219144986e-24,1.3029040190840083e-17,-5.0589665176897295e-11,3.026263407325638e-05,7.383991082969268e-18,-1.2700150397706446e-11,6.949178239455457e-06
1.3026959896087646,1.1102230246251565e-15,-4.438964661574527e-18,-1.732877712145866e-23,5.122718264415195e-17,-1.4965615596870187e-18,-5.272491726953536e-24,1.3029040190840083e-17,-5.0589665176897295e-11,3.026263407325638e-05,7.310151172139576e-18,-1.2573148893729381e-11,6.879686457060902e-06
1.3072240352630615,1.1102230246251565e-15,-4.438964661574527e-18,-1.732877712145866e-23,5.071491081771043e-17,-1.4815959440901485e-18,-5.219766809684001e-24,1.3029040190840083e-17,-5.0589665176897295e-11,3.026263407325638e-05,7.23704966041818e-18,-1.2447417404792088e-11,6.810889592490293e-06
1.3193037509918213,9.99200722162641e-16,-4.717166349883644e-18,-1.8191406920954354e-23,-4.17002806280774e-17,-1.6970848151236641e-18,-5.8816834628726874e-24,1.3803579291846178e-17,-5.279204659959929e-11,3.140547432120004e-05,7.805873467856763e-18,-1.4146149563585732e-11,7.688862768035625e-06
1.3223249912261963,9.99200722162641e-16,-4.717166349883644e-18,-1.8191406920954354e-23,-4.1283277821796625e-17,-1.6801139669724274e-18,-5.822866628243961e-24,1.3803579291846178e-17,-5.279204659959929e-11,3.140547432120004e-05,7.727814733178196e-18,-1.4004688067949874e-11,7.611974140355269e-06
1.3457341194152832,9.99200722162641e-16,-4.717166349883644e-18,-1.8191406920954354e-23,-4.087044504357866e-17,-1.6633128273027032e-18,-5.764637961961521e-24,1.3803579291846178e-17,-5.279204659959929e-11,3.140547432120004e-05,7.650536585846415e-18,-1.3864641187270375e-11,7.535854398951716e-06
1.3512752056121826,9.99200722162641e-16,-4.717166349883644e-18,-1.8191406920954354e-23,-4.046174059314287e-17,-1.6466796990296762e-18,-5.7069915823419055e-24,1.3803579291846178e-17,-5.279204659959929e-11,3.140547432120004e-05,7.57403121998795e-18,-1.3725994775397672e-11,7.460495854962199e-06
1.3679258823394775,9.99200722162641e-16,-4.717166349883644e-18,-1.8191406920954354e-23,-4.005712318721144e-17,-1.6302129020393793e-18,-5.6499216665184865e-24,1.3803579291846178e-17,-5.279204659959929e-11,3.140547432120004e-05,7.498290907788071e-18,-1.3588734827643694e-11,7.385890896412577e-06
1.3730859756469727,9.99200722162641e-16,-4.717166349883644e-18,-1.8191406920954354e-23,-3.965655195533933e-17,-1.6139107730189856e-18,-5.593422449853302e-24,1.3803579291846178e-17,-5.279204659959929e-11,3.140547432120004e-05,7.423307998710191e-18,-1.3452847479367258e-11,7.312031987448451e-06
1.3863039016723633,1.1102230246251565e-15,-4.992961558430339e-18,-1.902017474398947e-23,4.4733752256086086e-17,-1.8064240726459817e-18,-6.164491146477983e-24,1.4554398631201295e-17,-5.504103902499026e-11,3.256599951854659e-05,7.91711042775116e-18,-1.5019790490934145e-11,8.116905079791031e-06
1.38944673538208,1.1102230246251565e-15,-4.992961558430339e-18,-1.902017474398947e-23,4.4286414733525226e-17,-1.788359831919522e-18,-6.1028462350132035e-24,1.4554398631201295e-17,-5.504103902499026e-11,3.256599951854659e-05,7.837939323473648e-18,-1.4869592586024803e-11,8.035736028993121e-06
1.409879207611084,1.1102230246251565e-15,-4.992961558430339e-18,-1.902017474398947e-23,4.3843550586189975e-17,-1.7704762336003267e-18,-6.0418177726630716e-24,1.4554398631201295e-17,-5.504103902499026e-11,3.256599951854659e-05,7.759559930238911e-18,-1.4720896660164555e-11,7.955378668703191e-06
1.4154407978057861,1.1102230246251565e-15,-4.992961558430339e-18,-1.902017474398947e-23,4.3405115080328077e-17,-1.7527714712643233e-18,-5.981399594936441e-24,1.4554398631201295e-17,-5.504103902499026e-11,3.256599951854659e-05,7.681964330936522e-18,-1.457368769356291e-11,7.87582488201616e-06
1.426044225692749,1.1102230246251565e-15,-4.992961558430339e-18,-1.902017474398947e-23,4.2971063929524797e-17,-1.73524375655168e-18,-5.9215855989870764e-24,1.4554398631201295e-17,-5.504103902499026e-11,3.256599951854659e-05,7.605144687627157e-18,-1.442795081662728e-11,7.797066633195997e-06
1.430072546005249,1.1102230246251565e-15,-4.992961558430339e-18,-1.902017474398947e-23,4.254135329022955e-17,-1.7178913189861633e-18,-5.862369742997205e-24,1.4554398631201295e-17,-5.504103902499026e-11,3.256599951854659e-05,7.529093240750885e-18,-1.4283671308461007e-11,7.719095966864037e-06
1.442049264907837,9.99200722162641e-16,-5.267716964015394e-18,-1.9849175019450347e-23,-5.0582489057367655e-17,-1.9301203161094393e-18,-6.4959224944203775e-24,1.5286880903650218e-17,-5.7336309841041556e-11,3.374403539055724e-05,8.065395920889627e-18,-1.605727835058405e-11,8.62550985055204e-06
1.446014642715454,9.99200722162641e-16,-5.267716964015394e-18,-1.9849175019450347e-23,-5.0076664166793977e-17,-1.910819112948345e-18,-6.430963269476174e-24,1.5286880903650218e-17,-5.7336309841041556e-11,3.374403539055724e-05,7.98474196168073e-18,-1.5896705567078208e-11,8.53925475204652e-06
1.4683432579040527,9.99200722162641e-16,-5.267716964015394e-18,-1.9849175019450347e-23,-4.9575897525126035e-17,-1.8917109218188616e-18,-6.366653636781412e-24,1.5286880903650218e-17,-5.7336309841041556e-11,3.374403539055724e-05,7.904894542063922e-18,-1.5737738511407427e-11,8.453862204526056e-06
1.4729583263397217,9.99200722162641e-16,-5.267716964015394e-18,-1.9849175019450347e-23,-4.908013854987478e-17,-1.8727938126006728e-18,-6.302987100413598e-24,1.5286880903650218e-17,-5.7336309841041556e-11,3.374403539055724e-05,7.825845596643282e-18,-1.5580361126293352e-11,8.369323582480796e-06
1.496042013168335,9.99200722162641e-16,-5.267716964015394e-18,-1.9849175019450347e-23,-4.858933716437603e-17,-1.854065874474666e-18,-6.239957229409462e-24,1.5286880903650218e-17,-5.7336309841041556e-11,3.374403539055724e-05,7.74758714067685e-18,-1.542455751503042e-11,8.285630346655989e-06
1.5014927387237549,9.99200722162641e-16,-5.267716964015394e-18,-1.9849175019450347e-23,-4.8103443792732266e-17,-1.8355252157299193e-18,-6.177557657115368e-24,1.5286880903650218e-17,-5.7336309841041556e-11,3.374403539055724e-05,7.67011126927008e-18,-1.5270311939880114e-11,8.202774043189428e-06
1.5085830688476562,1.1102230246251565e-15,-5.539304337113724e-18,-2.0679236260443446e-23,1.089602892254225e-16,-2.200209072263504e-18,-7.286476852622944e-24,1.6005128958820858e-17,-5.967784939040147e-11,3.493940937744899e-05,8.606416129726255e-18,-1.8420049619590935e-11,9.80666778455451e-06
1.5127394199371338,1.1102230246251565e-15,-5.539304337113724e-18,-2.0679236260443446e-23,1.0787068633316828e-16,-2.178206981540869e-18,-7.213612084096715e-24,1.6005128958820858e-17,-5.967784939040147e-11,3.493940937744899e-05,8.520351968428993e-18,-1.8235849123395024e-11,9.708601106708965e-06
1.5318121910095215,1.650214710798698e-05,7.250065611077494e-11,6.055788752549808e-11,8.652202160057992e-06,3.8012650213235696e-11,3.1750964396160875e-11,-7.963375014568015e-10,-8.568062669101826e-10,0.00025213769707811885,-4.1753410939052403e-10,1.4432494669378753e-09,0.00012349024140127858
1.5371570587158203,1.650214710798698e-05,7.250065611077494e-11,6.055788752549808e-11,8.565680138457412e-06,3.763252371110334e-11,3.143345475219927e-11,-7.963375014568015e-10,-8.568062669101826e-10,0.00025213769707811885,-4.1335876829661877e-10,1.4288169722684965e-09,0.0001222553389872658
1.5466687679290771,6.99381934720508e-05,2.9881802331498625e-10,2.1385144871190976e-10,6.465924955814774e-05,2.751921101820394e-10,1.9228204901339342e-10,-2.5879285953879835e-09,-2.71185819296615e-08,0.0007189664783883738,-2.292935618704927e-09,8.129816094906609e-09,0.000611826576217702
1.5503873825073242,6.99381934720508e-05,2.9881802331498625e-10,2.1385144871190976e-10,6.401265706256626e-05,2.72440189080219e-10,1.9035922852325948e-10,-2.5879285953879835e-09,-2.71185819296615e-08,0.0007189664783883738,-2.2700062625178774e-09,8.048517933957543e-09,0.0006057083104555249
1.5697267055511475,0.00012095851595274968,5.255932835923653e-10,-2.8491649887836244e-11,8.975417909726452e-05,3.8698420949038496e-10,6.31447396894041e-11,-6.285130028369034e-09,-1.684902993904109e-07,0.0016462350386963658,-4.159311489996507e-09,-7.136264169047515e-09,0.0010791243549901745
1.577493667602539,0.00012095851595274968,5.255932835923653e-10,-2.8491649887836244e-11,8.885663730629188e-05,3.8311436739548113e-10,6.251329229251005e-11,-6.285130028369034e-09,-1.684902993904109e-07,0.0016462350386963658,-4.117718375096542e-09,-7.06490152735704e-09,0.0010683331114402727
1.587418556213379,0.00013564289203556274,5.952473596130786e-10,-1.5574407675415765e-09,0.00010276357812589865,4.4955739933933234e-10,-1.4786316590755645e-09,-1.291322145053585e-08,-4.691209016472575e-07,0.0032543279206078872,-1.0755758053913604e-08,-9.01228741431745e-08,0.0026779127081535295
1.617830514907837,8.679888725076372e-05,3.513767403281137e-10,-5.366894319833683e-09,8.567515347026138e-05,3.64970232697289e-10,-2.71646296639449e-09,-2.2945816799047207e-08,-8.029916602718857e-07,0.0057301133102968995,-1.394738424760311e-08,-1.2834288122519881e-07,0.0034652164338786575
1.6228892803192139,8.679888725076372e-05,3.513767403281137e-10,-5.366894319833683e-09,8.481840193555877e-05,3.6132053037031613e-10,-2.689298336730545e-09,-2.2945816799047207e-08,-8.029916602718857e-07,0.0057301133102968995,-1.3807910405127079e-08,-1.2705945241294682e-07,0.003430564269539871
1.6330018043518066,-3.5000977572706965e-05,-3.4631086085539194e-10,-1.2023264210429394e-08,-3.6474355991271783e-05,-3.316080947127216e-10,-9.244717290779215e-09,-3.6027013687170655e-08,-7.140518590911468e-07,0.0091903931871077,-2.6604286492205237e-08,-1.5760423579657966e-07,0.006818035293729739
1.636387825012207,-3.5000977572706965e-05,-3.4631086085539194e-10,-1.2023264210429394e-08,-3.610961243135907e-05,-3.282920137655944e-10,-9.152270117871422e-09,-3.6027013687170655e-08,-7.140518590911468e-07,0.0091903931871077,-2.6338243627283185e-08,-1.5602819343861387e-07,0.006749854940792442
1.6510276794433594,-0.0003309272136491527,-1.5713258205124378e-09,-2.3394384567016115e-08,-0.0002378859333613748,-1.1606970219010107e-09,-1.6828003784778687e-08,-2.6654806921872117e-08,-1.8593811420141047e-06,0.013650335930760406,-1.9668199915433066e-08,-1.944954033186443e-06,0.009728795235018949
1.6560444831848145,-0.0003309272136491527,-1.5713258205124378e-09,-2.3394384567016115e-08,-0.00023550707402776106,-1.1490900516820005e-09,-1.66597237469309e-08,-2.6654806921872117e-08,-1.8593811420141047e-06,0.013650335930760406,-1.9471517916278737e-08,-1.9255044928545785e-06,0.00963150728266876
1.668828010559082,-0.0008502324937155492,-3.2553575350446195e-09,-4.075563360484866e-08,-0.0006393820404771646,-2.452439673684083e-09,-3.007418165392125e-08,1.988443782167856e-08,-1.2092046797833741e-05,0.01910782275214798,1.714313131512523e-08,-1.3540592294330746e-05,0.013804339518615028
1.6746647357940674,-0.0008502324937155492,-3.2553575350446195e-09,-4.075563360484866e-08,-0.0006329882200723929,-2.4279152769472425e-09,-2.9773439837382038e-08,1.988443782167856e-08,-1.2092046797833741e-05,0.01910782275214798,1.6971700001973976e-08,-1.3405186371387439e-05,0.013666296123428878
1.6956028938293457,-0.0016437906195109738,-5.310625326152368e-09,-6.813861206877184e-08,-0.001005659262622724,-3.3830622651134223e-09,-4.2553932392267585e-08,1.1447147115968814e-07,-3.7754685298628925e-05,0.025520495970015208,6.19937310532511e-08,-3.0561906263695884e-05,0.01659228192022029
1.700756549835205,-0.0016437906195109738,-5.310625326152368e-09,-6.813861206877184e-08,-0.0009956026699964968,-3.3492316424622883e-09,-4.2128393068344906e-08,1.1447147115968814e-07,-3.7754685298628925e-05,0.025520495970015208,6.13737937427186e-08,-3.0256287201058925e-05,0.016426359101018088
1.7190968990325928,-0.0028162047244147423,-1.0237382944952884e-08,-1.1262336934416697e-07,-0.0016249006140283493,-6.000189523613348e-09,-6.596173109585559e-08,2.784091873350549e-07,-9.175374535138429e-05,0.03280964402085547,1.501910545455648e-07,-7.058902038709593e-05,0.02023637484081766
1.7238414287567139,-0.0028162047244147423,-1.0237382944952884e-08,-1.1262336934416697e-07,-0.0016086516078880658,-5.940187628377214e-09,-6.530211378489703e-08,2.784091873350549e-07,-9.175374535138429e-05,0.03280964402085547,1.4868914400010914e-07,-6.988313018322497e-05,0.020034011092409484
1.7334747314453125,-0.0049813417725018405,-2.0162580086060743e-08,-1.8773469880660994e-07,-0.0038401193502773535,-1.6167014313870818e-08,-1.426165975284215e-07,5.170709934205125e-07,-0.0001820287022453199,0.04086063307424101,3.9513886319252125e-07,-0.00020452562807939665,0.02819055515463891
1.756624460220337,-0.008231014227347384,-3.337734915584738e-08,-2.887087717161085e-07,-0.005205480804029325,-2.1690604714462628e-08,-1.848082376407314e-07,8.896962351016204e-07,-0.0003332665042559646,0.04953316439283234,5.522989307904322e-07,-0.00029864374528004397,0.03165426269334428
1.764819622039795,-0.008231014227347384,-3.337734915584738e-08,-2.887087717161085e-07,-0.005153425995989031,-2.1473698667318e-08,-1.829601552643241e-07,8.896962351016204e-07,-0.0003332665042559646,0.04953316439283234,5.467759414825279e-07,-0.0002956573078272435,0.031337720066410835
1.776613712310791,-0.012708921886428097,-4.650047484195237e-08,-4.179136997224116e-07,-0.00889863023487925,-3.2288669692296276e-08,-2.9069902999898626e-07,1.418049458019261e-06,-0.0005294245533068745,0.05869972843651823,9.897410059556749e-07,-0.0005577794401378936,0.038793768634328374
1.785060167312622,-0.012708921886428097,-4.650047484195237e-08,-4.179136997224116e-07,-0.008809643932530458,-3.196578299537331e-08,-2.877920396989964e-07,1.418049458019261e-06,-0.0005294245533068745,0.05869972843651823,9.79843595896118e-07,-0.0005522016457365146,0.03840583094798509
1.799478530883789,-0.018495999328551165,-5.4175083112062946e-08,-5.751396808177873e-07,-0.01273523282826886,-3.6823477900738265e-08,-3.940200206568161e-07,2.0800206089999637e-06,-0.0007555602505211737,0.06821050724537395,1.429644399357044e-06,-0.0008254895954115215,0.04461403923857659
1.804978370666504,-0.018495999328551165,-5.4175083112062946e-08,-5.751396808177873e-07,-0.012607880499986172,-3.645524312173088e-08,-3.900798204502479e-07,2.0800206089999637e-06,-0.0007555602505211737,0.06821050724537395,1.4153479553634735e-06,-0.0008172346994574063,0.04416789884619082
1.8499538898468018,-0.025622901930628644,-5.354112326401094e-08,-7.544498336897497e-07,-0.014066419889942998,-3.586307713054627e-08,-4.260922768489949e-07,2.899081737044734e-06,-0.000976695280669252,0.07786744820670762,1.5834798902368506e-06,-0.0009132244005273411,0.045871410343275625
1.8567802906036377,-0.025622901930628644,-5.354112326401094e-08,-7.544498336897497e-07,-0.013925755691043568,-3.550444635924081e-08,-4.21831354080505e-07,2.899081737044734e-06,-0.000976695280669252,0.07786744820670762,1.5676450913344821e-06,-0.0009040921565220677,0.04541269623984287
1.8633017539978027,-0.03445468119133603,-4.414343832345903e-08,-9.509974127714252e-07,-0.027329132243833758,-1.949714833828116e-08,-7.195583492002666e-07,3.7564968653665932e-06,-0.001154216499094677,0.08743868283155505,2.8678742055101447e-06,-0.0016726749396175165,0.05961699524094373
1.8741087913513184,-0.03445468119133603,-4.414343832345903e-08,-9.509974127714252e-07,-0.02705584092139542,-1.930217685489835e-08,-7.123627657082639e-07,3.7564968653665932e-06,-0.001154216499094677,0.08743868283155505,2.839195463455043e-06,-0.0016559481902213413,0.05902082528853429
1.8823237419128418,-0.05758172070539775,8.343490404627101e-09,-1.3814722083786026e-06,-0.054937660716800896,4.911472480299163e-08,-1.2310416328487922e-06,5.426735971687905e-06,-0.001453377644270902,0.10547467016245933,4.8451663223911406e-06,-0.0032664644700481065,0.0803283487498826
1.8875291347503662,-0.05758172070539775,8.343490404627101e-09,-1.3814722083786026e-06,-0.05438828410963289,4.862357755496171e-08,-1.2187312165203042e-06,5.426735971687905e-06,-0.001453377644270902,0.10547467016245933,4.796714659167229e-06,-0.0032337998253476256,0.07952506526238377
1.9075767993927002,-0.07181413888893397,-8.72716448563336e-07,-1.5844897828307524e-06,-0.060943691105065964,-3.8908430559964325e-07,-1.2951758874485933e-06,6.23736374743772e-06,-0.0015715995047040849,0.11347018121600813,5.1568936830349865e-06,-0.003546446880015811,0.08270355411611041
1.9154388904571533,-0.07181413888893397,-8.72716448563336e-07,-1.5844897828307524e-06,-0.0603342541940153,-3.851934625436468e-07,-1.2822241285741073e-06,6.23736374743772e-06,-0.0015715995047040849,0.11347018121600813,5.105324746204636e-06,-0.003510982411215653,0.0818765185749493
1.9200353622436523,-0.08750574637203616,-1.1847668162465063e-06,-1.7909120168001897e-06,-0.09386928606644238,-1.0490661598509138e-06,-1.7093047470786812e-06,6.981514682354989e-06,-0.0015726714419501608,0.1207195434655262,6.693133561752431e-06,-0.00485653900033317,0.09676878458714201
1.9309444427490234,-0.08750574637203616,-1.1847668162465063e-06,-1.7909120168001897e-06,-0.09293059320577796,-1.0385754982524048e-06,-1.6922116996078944e-06,6.981514682354989e-06,-0.0015726714419501608,0.1207195434655262,6.6262022261349065e-06,-0.004807973610329838,0.09580109674127059
1.9354641437530518,-0.10317259853094693,-1.020625410578023e-06,-2.012441004728536e-06,-0.1266647575888149,-6.565907076822392e-07,-2.2021315058426062e-06,7.693861082136588e-06,-0.0013773880853990908,0.1278114645372529,8.1528007124425e-06,-0.005946144023171598,0.1104952747620014
1.9396851062774658,-0.10317259853094693,-1.020625410578023e-06,-2.012441004728536e-06,-0.12539811001292675,-6.500248006054169e-07,-2.18011019078418e-06,7.693861082136588e-06,-0.0013773880853990908,0.1278114645372529,8.071272705318074e-06,-0.005886682582939882,0.10939032201438138
1.95719575881958,-0.11872350972612473,-1.0298474244976219e-06,-2.2295735945814305e-06,-0.1330249579725197,-6.464117657681109e-07,-2.2866592014042217e-06,8.411671154360482e-06,-0.0010195057987161032,0.13480168155533578,8.404674705156414e-06,-0.006097703944748199,0.11228450526404393
1.9616572856903076,-0.11872350972612473,-1.0298474244976219e-06,-2.2295735945814305e-06,-0.1316947083927945,-6.399476481104299e-07,-2.2637926093901794e-06,8.411671154360482e-06,-0.0010195057987161032,0.13480168155533578,8.32062795810485e-06,-0.006036726905300717,0.11116166021140349
1.9802868366241455,-0.1341688188767372,-9.563632416763713e-07,-2.4496682739788936e-06,-0.13866851893649998,-5.921553166286454e-07,-2.36599320093021e-06,9.149893926705276e-06,-0.0004901465231383747,0.141676439046069,8.637134448021471e-06,-0.0061883944853548395,0.11374513196999647
1.9857990741729736,-0.1341688188767372,-9.563632416763713e-07,-2.4496682739788936e-06,-0.13728183374713498,-5.862337634623589e-07,-2.342333268920908e-06,9.149893926705276e-06,-0.0004901465231383747,0.141676439046069,8.550763103541257e-06,-0.006126510540501291,0.1126076806502965
1.9983022212982178,-0.14955563940505248,-9.268546553347731e-07,-2.6649370343845766e-06,-0.1482153734601927,-5.536059591484063e-07,-2.4987034834656538e-06,9.900385286139107e-06,0.0001633657384639155,0.1484395196860275,9.070216569827641e-06,-0.006354351192820591,0.11690820517244488
2.004114866256714,-0.14955563940505248,-9.268546553347731e-07,-2.6649370343845766e-06,-0.14673321972559078,-5.480698995569222e-07,-2.4737164486309973e-06,9.900385286139107e-06,0.0001633657384639155,0.1484395196860275,8.979514404129364e-06,-0.006290807680892386,0.11573912312072043
2.0170092582702637,-0.16475525640231972,-8.178468654108436e-07,-2.8799708571457824e-06,-0.1570536608340032,-4.5543701200258474e-07,-2.6276742375056053e-06,1.0660100370984429e-05,0.0009335844499999534,0.155015478304465,9.482588695267962e-06,-0.006475092427926105,0.11971050004255593
2.022418975830078,-0.16475525640231972,-8.178468654108436e-07,-2.8799708571457824e-06,-0.15548312422566318,-4.508826418825589e-07,-2.601397495130549e-06,1.0660100370984429e-05,0.0009335844499999534,0.155015478304465,9.387762808315283e-06,-0.006410341503646844,0.11851339504213036
2.041409492492676,-0.17879342362685757,-7.469316563683366e-07,-3.0844333469114342e-06,-0.1613204916653912,-4.076090188521266e-07,-2.689234670668245e-06,1.143475803545775e-05,0.0017686729620799702,0.161461528073263,9.703938817856317e-06,-0.006517167797911969,0.12074670801909652
2.0473451614379883,-0.17879342362685757,-7.469316563683366e-07,-3.0844333469114342e-06,-0.15970728674873727,-4.035329286636053e-07,-2.662342323961562e-06,1.143475803545775e-05,0.0017686729620799702,0.161461528073263,9.606899429677754e-06,-0.006451996119932849,0.11953924093890556
2.0553126335144043,-0.19214802692570263,-5.965189971479028e-07,-3.2868129660162226e-06,-0.17487161972045165,-2.0900879479584345e-07,-2.9129904185682016e-06,1.2206515574485758e-05,0.0026751234384908285,0.1677348388498266,1.0482961034606579e-05,-0.006774339275702772,0.12628985880781254
2.0609679222106934,-0.19214802692570263,-5.965189971479028e-07,-3.2868129660162226e-06,-0.17312290352324713,-2.06918706847885e-07,-2.8838605143825194e-06,1.2206515574485758e-05,0.0026751234384908285,0.1677348388498266,1.0378131424260514e-05,-0.006706595882945744,0.12502696021973442
2.08390736579895,-0.20518638506544407,-4.7207121131404066e-07,-3.479616947785382e-06,-0.17707549070147713,-1.4979373959113538e-07,-2.9460393420105303e-06,1.2963994250392494e-05,0.003580854689142032,0.1738833110731736,1.060542277554717e-05,-0.0067990879537858815,0.12648121929116093
2.096585750579834,-0.20518638506544407,-4.7207121131404066e-07,-3.479616947785382e-06,-0.17530473579446235,-1.48295802195224e-07,-2.916578948590425e-06,1.2963994250392494e-05,0.003580854689142032,0.1738833110731736,1.0499368547791698e-05,-0.006731097074248023,0.12521640709824933
2.1103992462158203,-0.21797963811590707,-2.8812812818885845e-07,-3.6731469696518885e-06,-0.18281310450904653,-1.3033084204986468e-08,-3.043426252572162e-06,1.3697314809145508e-05,0.004470355508652197,0.17982139829787003,1.0925863914018854e-05,-0.006964726568645954,0.12830053259504143
2.116109848022461,-0.21797963811590707,-2.8812812818885845e-07,-3.6731469696518885e-06,-0.18098497346395606,-1.2902753362936603e-08,-3.0129919900464404e-06,1.3697314809145508e-05,0.004470355508652197,0.17982139829787003,1.0816605274878666e-05,-0.0068950793029594944,0.12701752726909102
2.1245322227478027,-0.23037607180590478,0.0005207279064153644,-0.0004955806309522586,-0.1938935878582195,0.0005502084506683174,-0.0006494310960960502,1.3001855164821307e-05,0.005275775856469061,0.1855949030080811,6.207377793861563e-06,-0.007460394632532393,0.132639569055219
2.130138397216797,-0.23037607180590478,0.0005207279064153644,-0.0004955806309522586,-0.1919546519796373,0.0005447063661616342,-0.0006429367851350896,1.3001855164821307e-05,0.005275775856469061,0.1855949030080811,6.1453040159229475e-06,-0.007385790686207069,0.13131317336466683
2.1410555839538574,-0.24231015610518028,0.0008593667849723871,-0.0008367846473480044,-0.20096658970797082,0.0008137272787877092,-0.0009791615392152828,3.414987593658079e-06,0.005983824932332316,0.19117697727489366,-7.137518652468088e-06,-0.007909193402483056,0.13511938523291442
2.1577093601226807,-0.2542859258809111,0.0011528415593349886,-0.0011045014103417195,-0.20614795421322743,0.000963921326791375,-0.0011469322062260885,-6.182586274335187e-06,0.006564799030645193,0.19661796305317839,-1.6530842564462433e-05,-0.008314330496591603,0.13701799560889516
2.1627421379089355,-0.2542859258809111,0.0011528415593349886,-0.0011045014103417195,-0.20408647467109514,0.0009542821135234612,-0.0011354628841638277,-6.182586274335187e-06,0.006564799030645193,0.19661796305317839,-1.6365534138817808e-05,-0.008231187191625687,0.1356478156528062
2.181823253631592,-0.2664534028298166,0.0013089147027486128,-0.0012988398256739643,-0.20842234136768414,0.0010165775892222802,-0.0012318273909667882,-2.505928218520556e-06,0.006981874845432899,0.20187841689303854,-1.7685217064014662e-05,-0.008663929686119525,0.13700849423617006
2.191887617111206,-0.2664534028298166,0.0013089147027486128,-0.0012988398256739643,-0.2063381179540073,0.0010064118133300574,-0.0012195091170571204,-2.505928218520556e-06,0.006981874845432899,0.20187841689303854,-1.7508364893374514e-05,-0.00857729038925833,0.13563840929380835
2.22574520111084,-0.291204829097462,0.0010083604413721916,-0.001533074263235685,-0.21158528733823173,0.0009046749612599798,-0.0012595786618840718,6.414360562949443e-05,0.007111647434744634,0.21178570234241026,2.7896381253408203e-08,-0.00929489806785876,0.13709602102806243
2.230318069458008,-0.291204829097462,0.0010083604413721916,-0.001533074263235685,-0.20946943446484942,0.0008956282116473799,-0.001246982875265231,6.414360562949443e-05,0.007111647434744634,0.21178570234241026,2.761741744087412e-08,-0.009201949087180172,0.1357250608177818
2.2421927452087402,-0.3035788480377831,0.0007360618030774618,-0.0016017151037386367,-0.2177954435816939,0.0006607497713291642,-0.0012539169509960448,0.0001243708337780503,0.006753854388160363,0.2163822114004325,4.9383217394602155e-05,-0.010554527710590724,0.13797163317872901
2.247432231903076,-0.3035788480377831,0.0007360618030774618,-0.0016017151037386367,-0.21561748914587694,0.0006541422736158726,-0.0012413777814860843,0.0001243708337780503,0.006753854388160363,0.2163822114004325,4.8889385220656134e-05,-0.010448982433484817,0.13659191684694172
2.2604281902313232,-0.3161840578511876,0.0005185334819853283,-0.0016482713600363685,-0.2231607837691998,0.00048550972467860105,-0.0012362818011478947,0.0002009278500120542,0.006114784894662794,0.2206965912256337,0.00010731080041992319,-0.011844031616311725,0.13822835898435437
2.2667620182037354,-0.3161840578511876,0.0005185334819853283,-0.0016482713600363685,-0.2209291759315078,0.00048065462743181506,-0.0012239189831364156,0.0002009278500120542,0.006114784894662794,0.2206965912256337,0.00010623769241572395,-0.011725591300148608,0.13684607539451082
2.2803292274475098,-0.3291207100720612,0.0003638473245873852,-0.0016840601706273905,-0.22825521360857084,0.0003676826074944388,-0.0012181334254703217,0.0002907899504199344,0.0051136507913603,0.22473030357859927,0.00017242833047226194,-0.013267480190969115,0.13805271309767028
2.291189432144165,-0.3291207100720612,0.0003638473245873852,-0.0016840601706273905,-0.22597266147248513,0.0003640057814194944,-0.0012059520912156185,0.0002907899504199344,0.0051136507913603,0.22473030357859927,0.0001707040471675393,-0.013134805389059425,0.1366721859666936
2.3071448802948,-0.3421944167565149,0.0002815818292038178,-0.001715952037761283,-0.23190686083375817,0.0003134925734815637,-0.001204400269398079,0.00039321146487843357,0.0038070805615333125,0.22840982717132854,0.0002346397953980552,-0.014548590880371214,0.13720313514972732
2.3174664974212646,-0.3421944167565149,0.0002815818292038178,-0.001715952037761283,-0.22958779222542058,0.00031035764774674804,-0.0011923562667040981,0.00039321146487843357,0.0038070805615333125,0.22840982717132854,0.00023229339744407465,-0.014403104971567502,0.13583110379823005
2.324960947036743,-0.35526387897048334,0.00028672572331427923,-0.0017475439270759373,-0.24473076504733643,0.0003219372096454243,-0.0012222138500176756,0.0005003762917365559,0.0020949124150305793,0.23171744819215367,0.0003771032631843444,-0.017935910428196342,0.13781604379562312
2.3290953636169434,-0.35526387897048334,0.00028672572331427923,-0.0017475439270759373,-0.24228345739686305,0.00031871783754897006,-0.0012099917115174989,0.0005003762917365559,0.0020949124150305793,0.23171744819215367,0.00037333223055250096,-0.01775655132391438,0.13643788335766688
2.339606761932373,-0.3679147825968964,0.0002829046572648675,-0.001752905230915598,-0.25189603544781997,0.00032168540797498284,-0.0012017975955790833,0.0006124325973046014,0.00012381567783130995,0.23468548185139165,0.00047963255611205215,-0.02034409357763207,0.13703378895150795
2.3664543628692627,-0.38047924354595664,-0.00012083181279583623,-0.0016685190268986643,-0.2540571140515014,0.00018136530782175778,-0.0011315755315437382,0.0007249834755768761,-0.0021799976186700994,0.237407828589417,0.0005185738795458989,-0.02131388821416,0.1362862733436326
2.3715484142303467,-0.38047924354595664,-0.00012083181279583623,-0.0016685190268986643,-0.25151654291098635,0.00017955165474354022,-0.0011202597762283008,0.0007249834755768761,-0.0021799976186700994,0.237407828589417,0.00051338814075044,-0.021100749332018397,0.13492341061019628
2.3872129917144775,-0.3930990372280321,-3.932488653605265e-05,-0.0016609900365225521,-0.2570575921935629,0.00023600042104363704,-0.0011154844860032742,0.0008333176860431916,-0.004728042114823201,0.23993969641476404,0.0005806160811016324,-0.023011315303190664,0.13444413196289787
2.397679328918457,-0.3930990372280321,-3.932488653605265e-05,-0.0016609900365225521,-0.25448701627162723,0.00023364041683320068,-0.0011043296411432414,0.0008333176860431916,-0.004728042114823201,0.23993969641476404,0.0005748099202906161,-0.022781202150158757,0.13309969064326888
2.4064276218414307,-0.40568039864590744,1.8381180708469746e-05,-0.0016487970590814188,-0.26632358875652784,0.0003100060691570281,-0.0010943606231244515,0.0009326282261457241,-0.007558957049768556,0.24229487034931405,0.0006886237214056629,-0.02658895850374888,0.13296532213953974
2.415050506591797,-0.40568039864590744,1.8381180708469746e-05,-0.0016487970590814188,-0.26366035286896256,0.00030690600846545785,-0.001083417016893207,0.0009326282261457241,-0.007558957049768556,0.24229487034931405,0.0006817374841916063,-0.02632306891871139,0.13163566891814435
2.423302173614502,-0.4181571205221913,-0.0007125867895715483,-0.0014784778304101616,-0.2761447040368601,-0.0005039543382572636,-0.0006962785746762151,0.0010247157280242518,-0.010697657663236068,0.2444701170726346,0.0007940486528018843,-0.030606111980201495,0.13118366296051984
2.430607795715332,-0.4181571205221913,-0.0007125867895715483,-0.0014784778304101616,-0.27338325699649146,-0.000498914794874691,-0.0006893157889294529,0.0010247157280242518,-0.010697657663236068,0.2444701170726346,0.0007861081662738654,-0.03030005086039948,0.12987182633091462
2.446658134460449,-0.42997484374401646,-0.0004119491145743513,-0.0014947209616209644,-0.27801218710406095,-0.0003091927493985386,-0.0007341721641217502,0.0010974657108911415,-0.0140583007412378,0.24650678391208125,0.000827332983229638,-0.03242915397568924,0.128853723957749
2.4508888721466064,-0.42997484374401646,-0.0004119491145743513,-0.0014947209616209644,-0.27523206523302035,-0.00030610082190455316,-0.0007268304424805327,0.0010974657108911415,-0.0140583007412378,0.24650678391208125,0.0008190596533973416,-0.03210486243593235,0.1275651867181715
2.482862949371338,-0.4532014437560564,-0.0011994156052910784,-0.0011895609788125964,-0.27974414433426337,-0.0005162937441422404,-0.0005772833759114279,0.0012245293663994238,-0.021495341600852206,0.2503447275735094,0.0008543692544061487,-0.03440046831269106,0.12635024168047518
2.490657091140747,-0.4532014437560564,-0.0011994156052910784,-0.0011895609788125964,-0.2769467028909207,-0.000511130806700818,-0.0005715105421523136,0.0012245293663994238,-0.021495341600852206,0.2503447275735094,0.0008458255618620873,-0.034056463629564146,0.12508673926367042
2.5044870376586914,-0.46478454774869987,-0.001248542092583929,-0.0010987782720056189,-0.282552667761249,-0.0005215731460207469,-0.0005001857033589669,0.0012661166634411933,-0.0255609869637866,0.25216958281394,0.0008716347579143773,-0.03693518088005814,0.12369768135622884
2.511946201324463,-0.46478454774869987,-0.001248542092583929,-0.0010987782720056189,-0.2797271410836365,-0.0005163574145605395,-0.0004951838463253772,0.0012661166634411933,-0.0255609869637866,0.25216958281394,0.0008629184103352335,-0.03656582907125756,0.12246070454266655
2.5252890586853027,-0.47539414528849666,-0.0017374571770127293,-0.0008856713708811451,-0.28488170945422076,-0.0008244638610581845,-0.00025822062694146736,0.0013121628826992472,-0.02985981023448811,0.25395662882890047,0.0008927577144369725,-0.039677676976745846,0.12095226691155347
2.5291924476623535,-0.47539414528849666,-0.0017374571770127293,-0.0008856713708811451,-0.28203289235967854,-0.0008162192224476026,-0.0002556384206720527,0.0013121628826992472,-0.02985981023448811,0.25395662882890047,0.0008838301372926027,-0.039280900206978386,0.11974274424243794
2.562969923019409,-0.4960066529823733,-0.0019813140999761837,-0.0005925338154357916,-0.28531511207212956,-0.0008554785956831183,-0.00015840220558065483,0.0013633432276997273,-0.03901447918927294,0.25763476421193193,0.000892607122038547,-0.04178998664634095,0.11821311905335191
2.5669312477111816,-0.4960066529823733,-0.0019813140999761837,-0.0005925338154357916,-0.28246196095140824,-0.0008469238097262871,-0.0001568181835248483,0.0013633432276997273,-0.03901447918927294,0.25763476421193193,0.0008836810508181615,-0.04137208677987754,0.11703098786281839
2.5841336250305176,-0.5064523209301011,-0.001270181782545548,-0.0006354279177194813,-0.2857093635020668,-0.0004472644250476614,-0.0002857462969547554,0.0013790634058816573,-0.043866394693375776,0.25955271276128583,0.0008863432164944051,-0.043965622984292664,0.11546748447059028
2.5883519649505615,-0.5064523209301011,-0.001270181782545548,-0.0006354279177194813,-0.28285226986704615,-0.00044279178079718477,-0.00028288883398520784,0.0013790634058816573,-0.043866394693375776,0.25955271276128583,0.0008774797843294611,-0.04352596675444974,0.11431280962588437
2.5998988151550293,-0.5170057122670327,-0.00132764825740475,-0.00048383226453146516,-0.2891634682842454,-0.0004516201548881279,-0.00014820747735810766,0.001391855135906724,-0.04891413099720585,0.2615328870541171,0.0008827244678420151,-0.04773852049501316,0.11249968272171078
2.6055259704589844,-0.5170057122670327,-0.00132764825740475,-0.00048383226453146516,-0.2862718336014029,-0.0004471039533392466,-0.0001467254025845266,0.001391855135906724,-0.04891413099720585,0.2615328870541171,0.0008738972231635949,-0.04726113529006303,0.11137468589449367
2.6300909519195557,-0.5275975966100627,-0.000727624369306215,-0.0004948594312219314,-0.2877208142489144,-0.0002098234127213888,-0.00021424432384777948,0.0014077212027026353,-0.05415594979077176,0.26354369488767126,0.0008728972993895951,-0.04904432834128662,0.10989388197811181
2.6345860958099365,-0.5275975966100627,-0.000727624369306215,-0.0004948594312219314,-0.28484360610642523,-0.0002077251785941749,-0.00021210188060930167,0.0014077212027026353,-0.05415594979077176,0.26354369488767126,0.0008641683263956991,-0.04855388505787375,0.10879494315833069
2.642371416091919,-0.5371058064689258,-0.0003070848822044695,-0.0004767496749752457,-0.2942080190222843,0.00031775825208609073,-0.0003318237429783239,0.0014224639441256493,-0.05957930963905774,0.26559008141404356,0.0008781635794255489,-0.05539847667572652,0.10640116223605564
2.6481316089630127,-0.5371058064689258,-0.0003070848822044695,-0.0004767496749752457,-0.2912659388320614,0.0003145806695652298,-0.0003285055055485407,0.0014224639441256493,-0.05957930963905774,0.26559008141404356,0.0008693819436312935,-0.054844491908969256,0.10533715061369509
2.6659650802612305,-0.5462271590813589,-0.00023736568010513393,-0.0003727765632153204,-0.2934680133180205,0.0003649895426864909,-0.00028093206647083574,0.001443129891289323,-0.06519134160968436,0.26764720081828663,0.0008735679932536009,-0.057584259583660626,0.10363473007083329
2.672600746154785,-0.5462271590813589,-0.00023736568010513393,-0.0003727765632153204,-0.2905333331848403,0.00036133964725962596,-0.00027812274580612736,0.001443129891289323,-0.06519134160968436,0.26764720081828663,0.0008648323133210649,-0.057008416987824016,0.10259838277012495
2.685408115386963,-0.555286141563557,0.00011752832054629458,-0.00035760206418138004,-0.29470120665542443,0.0006254315802337062,-0.0003389217399613091,0.0014726328963425178,-0.07097301119310521,0.26972938136673297,0.0008808720572058671,-0.06113145866931271,0.10057400536980393
2.6962521076202393,-0.555286141563557,0.00011752832054629458,-0.00035760206418138004,-0.2917541945888702,0.0006191772644313691,-0.000335532522561696,0.0014726328963425178,-0.07097301119310521,0.26972938136673297,0.0008720633366338085,-0.06052014408261958,0.0995682653161059
2.7266998291015625,-0.5722865853435664,0.0005309449388741671,-0.00030236859390607055,-0.2944201176521816,0.0007477292266163316,-0.0003515438476952876,0.0015575457967411973,-0.08312118102634854,0.27396912685863883,0.0008923798171324739,-0.06402316002295008,0.09758247405086817
2.731365919113159,-0.5722865853435664,0.0005309449388741671,-0.00030236859390607055,-0.2914759164756598,0.0007402519343501683,-0.00034802840921833474,0.0015575457967411973,-0.08312118102634854,0.27396912685863883,0.0008834560189611492,-0.06338292842272059,0.09660664931035949
2.746079683303833,-0.5797712178951194,0.0006244541025801209,-0.00028107709595336734,-0.2936479707236631,0.0007979977907558414,-0.0003473791154910534,0.001617724643196608,-0.08941495692925032,0.27615747293950216,0.0009166503261764383,-0.06714235913107086,0.09454150950173666
2.7621278762817383,-0.5873047367867495,5.828546188653461e-05,-8.015105700745682e-05,-0.2954057971784166,0.0004929792689374341,-0.0001249453489449274,0.001694820273123602,-0.09590892728069883,0.2783947747939611,0.0009558524063570771,-0.07061193153519132,0.09251434292520708
2.7678072452545166,-0.5873047367867495,5.828546188653461e-05,-8.015105700745682e-05,-0.2924517392066324,0.00048804947624805976,-0.00012369589545547813,0.001694820273123602,-0.09590892728069883,0.2783947747939611,0.0009462938822935063,-0.06990581221983941,0.09158919949595501
2.7908334732055664,-0.5951390506133036,0.00017597320708701445,-8.116995750656943e-05,-0.292929563964636,0.0005313981556740204,-0.00013738293480899762,0.0017929496585943467,-0.10254461520200091,0.2806658956828524,0.0009796737746877054,-0.07214603703459697,0.089874453977338
2.80130934715271,-0.5951390506133036,0.00017597320708701445,-8.116995750656943e-05,-0.2900002683249896,0.0005260841741172802,-0.00013600910546090764,0.0017929496585943467,-0.10254461520200091,0.2806658956828524,0.0009698770369408283,-0.071424576664251,0.08897570943756461
2.808468818664551,-0.6032360760840165,-0.00012365620017116844,4.558451139836043e-05,-0.29840979518386984,0.00017851252527675902,0.00015378965240193026,0.0019025890630039069,-0.10939937121512079,0.2829552643381514,0.001112889595744792,-0.08040895565956097,0.08528758391981062
2.8288824558258057,-0.6032360760840165,-0.00012365620017116844,4.558451139836043e-05,-0.29542569723203116,0.00017672740002399142,0.00015225175587791097,0.0019025890630039069,-0.10939937121512079,0.2829552643381514,0.001101760699787344,-0.07960486610296535,0.08443470808061251
2.8396410942077637,-0.6103815143349034,-3.2432783288213354e-05,5.301111353165248e-05,-0.2991130242391138,0.00025646305604874373,0.00013205127791703937,0.0020307664839037754,-0.11646890826102603,0.2852291875726702,0.0012095232371486246,-0.08540478154424819,0.0815558986372113
2.8460519313812256,-0.6103815143349034,-3.2432783288213354e-05,5.301111353165248e-05,-0.2961218939967227,0.0002538984254882563,0.000130730765137869,0.0020307664839037754,-0.11646890826102603,0.2852291875726702,0.0011974280047771383,-0.0845507337288057,0.08074033965083918
2.8536548614501953,-0.6172224221244517,2.1354149252269373e-05,6.86335961292622e-05,-0.30215840279556816,0.00032358567272218225,0.00012769748836050584,0.002161801738133936,-0.12367535141929416,0.2875362153394842,0.001357129557065457,-0.09319108176544175,0.07692155299246262
2.859145164489746,-0.6172224221244517,2.1354149252269373e-05,6.86335961292622e-05,-0.2991368187676125,0.00032034981599496045,0.00012642051347690078,0.002161801738133936,-0.12367535141929416,0.2875362153394842,0.0013435582614948025,-0.09225917094778732,0.076152337462538
2.8723959922790527,-0.6242219730064268,-3.308193452184739e-05,0.00011617307829628562,-0.3014277990952594,0.00028919507023136387,0.00017115346385566618,0.002294200660323724,-0.13108808780226955,0.28986599701681154,0.0014293684930394496,-0.09690341634693496,0.07354785362777418
2.88017201423645,-0.6242219730064268,-3.308193452184739e-05,0.00011617307829628562,-0.2984135211043068,0.00028630311952905025,0.00016944192921710953,0.002294200660323724,-0.13108808780226955,0.28986599701681154,0.001415074808109055,-0.0959343821834656,0.07281237509149643
2.894535541534424,-0.6314748871764129,-0.00013838636682004846,0.00017846126890357834,-0.30047891929213155,0.00022761675705619758,0.00023045529815178697,0.00242258694646563,-0.13861995063982377,0.29218340730982717,0.0014893319467124558,-0.10016002342864136,0.0702909336995995
2.9053890705108643,-0.6314748871764129,-0.00013838636682004846,0.00017846126890357834,-0.29747413009921025,0.0002253405894856356,0.0002281507451702691,0.00242258694646563,-0.13861995063982377,0.29218340730982717,0.0014744386272453312,-0.09915842319435494,0.0695880243626035
2.9104464054107666,-0.6389894082282438,-0.00011848987230687208,0.00020037323992015782,-0.3093580534587635,0.00027158230426954855,0.00025362910474868483,0.002547124085882216,-0.14632744363338135,0.29449169343724324,0.001702759427183406,-0.1131222271964435,0.063466771953801
2.9150054454803467,-0.6389894082282438,-0.00011848987230687208,0.00020037323992015782,-0.30626447292417586,0.00026886648122685305,0.00025109281370119796,0.002547124085882216,-0.14632744363338135,0.29449169343724324,0.001685731832911572,-0.11199100492447907,0.062832104234263
2.9332380294799805,-0.6454045203773985,-9.957019035610471e-05,0.00022619036471226253,-0.30672031781722764,0.00027984584048412455,0.0002584626748518828,0.002663714901534539,-0.15422074880246972,0.29674315011694435,0.00173180146871301,-0.11507233090331612,0.06058611781876641
2.939425230026245,-0.6454045203773985,-9.957019035610471e-05,0.00022619036471226253,-0.30365311463905537,0.0002770473820792833,0.000255878048103364,0.002663714901534539,-0.15422074880246972,0.29674315011694435,0.00171448345402588,-0.11392160759428295,0.059980256640578745
2.9767889976501465,-0.6577485732807409,-6.573155807527214e-05,0.0002864532834622782,-0.303920335088435,0.0002873396741406831,0.00026544136610201063,0.0028750716939317245,-0.17031082361328442,0.3011975056903828,0.0017526341402334504,-0.11691911959449776,0.05769126714502119
2.9830472469329834,-0.6577485732807409,-6.573155807527214e-05,0.0002864532834622782,-0.30088113173755066,0.0002844662773992763,0.00026278695244099054,0.0028750716939317245,-0.17031082361328442,0.3011975056903828,0.001735107798831116,-0.11574992839855278,0.05711435447357097
2.99418568611145,-0.6641197174270725,-7.673483316281565e-05,0.00032681843578993245,-0.3035922827231047,0.0002831035289813017,0.00029695723935310324,0.0029701937782677617,-0.17845063729976873,0.30340523103627753,0.0018006943229626864,-0.1215687820928928,0.053599685612771376
2.9983444213867188,-0.6641197174270725,-7.673483316281565e-05,0.00032681843578993245,-0.30055635989587365,0.00028027249369148865,0.0002939876669595722,0.0029701937782677617,-0.17845063729976873,0.30340523103627753,0.0017826873797330595,-0.12035309427196388,0.05306368875664366
3.0192604064941406,-0.6708075570990545,-0.00023814492980789775,0.0004200149098604915,-0.3007482665776735,0.00021959923810834468,0.0003570694638369673,0.003060396617869104,-0.18673718001361844,0.30557484552484954,0.001806228187451766,-0.12289775622492437,0.050882830875836026
3.0263326168060303,-0.6708075570990545,-0.00023814492980789775,0.0004200149098604915,-0.2977407839118968,0.00021740324572726123,0.00035349876919859766,0.003060396617869104,-0.18673718001361844,0.30557484552484954,0.0017881659055772482,-0.12166877866267513,0.050374002567077664
3.038125991821289,-0.6765910615636556,-0.00021409041600135636,0.0004517165145758088,-0.29966741214994835,0.0002416844050524568,0.0003679430712200679,0.0031474776982198865,-0.19505144965845467,0.30770865225345745,0.001840777068059,-0.1270819334277661,0.04686674473028487
3.043876886367798,-0.6765910615636556,-0.00021409041600135636,0.0004517165145758088,-0.29667073802844884,0.00023926756100193223,0.0003642636405078672,0.0031474776982198865,-0.19505144965845467,0.30770865225345745,0.00182236929737841,-0.12581111409348844,0.04639807728298202
3.073427200317383,-0.6879976912510486,-0.0003548763854389804,0.0005773863224262595,-0.2975640989552437,0.00020572030313849223,0.00041524975190777283,0.0033166104850633894,-0.2118702663665984,0.31202469780320524,0.0018578797827192763,-0.12987733773281693,0.04344827991603107
3.0792040824890137,-0.6879976912510486,-0.0003548763854389804,0.0005773863224262595,-0.2945884579656913,0.00020366310010710731,0.0004110972543886951,0.0033166104850633894,-0.2118702663665984,0.31202469780320524,0.0018393009848920836,-0.12857856435548876,0.043013797116870756
3.0959229469299316,-0.694137819260097,-0.000748324852529185,0.0007592311516938634,-0.2953151237669338,1.928705562425224e-05,0.0005847325506810523,0.003403433580308,-0.22035775970422494,0.3142375858567654,0.0018685984384685275,-0.13204143081484246,0.040353312873483975
3.1036465167999268,-0.694137819260097,-0.000748324852529185,0.0007592311516938634,-0.2923619725292645,1.909418506800972e-05,0.0005788852251742418,0.003403433580308,-0.22035775970422494,0.3142375858567654,0.0018499124540838421,-0.13072101650669404,0.039949779744749135
3.1170759201049805,-0.7006367072346649,-0.0006933391019248422,0.0007870144703013657,-0.29427767038814456,6.13428988457969e-05,0.0005771902451256695,0.0034915406585317023,-0.22883357475453064,0.3164515013886665,0.0018915945252556859,-0.13530129476154318,0.03674145603704461
3.122239828109741,-0.7006367072346649,-0.0006933391019248422,0.0007870144703013657,-0.29133489368426313,6.072946985733893e-05,0.0005714183426744128,0.0034915406585317023,-0.22883357475453064,0.3164515013886665,0.001872678580003129,-0.13394828181392773,0.03637404147667416
3.135765552520752,-0.7062240896557875,-0.0009290372979051133,0.0009256998631146051,-0.2925524685919827,-6.759744774395405e-05,0.0007175903153999939,0.0035790614493364683,-0.23741695320153014,0.31870280762887104,0.0019121629033286187,-0.1385171339565957,0.033158267741433246
3.140839099884033,-0.7062240896557875,-0.0009290372979051133,0.0009256998631146051,-0.28962694390606286,-6.692147326651451e-05,0.000710414412245994,0.0035790614493364683,-0.23741695320153014,0.31870280762887104,0.0018930412742953326,-0.13713196261702976,0.032826685064018916
3.159640073776245,-0.7116481932361346,-0.0008731824408842386,0.0009649393147297645,-0.2896157073631199,-3.348413955430866e-05,0.0007114473149537792,0.003670238917185075,-0.24594732506453285,0.32097677018747073,0.0019178090888272682,-0.13998652613146026,0.030451132327561595
3.1743671894073486,-0.7172220120867865,-0.0009450798528551726,0.0010510780713287387,-0.29050429523465443,-6.012790627667766e-05,0.000773476838430284,0.003760470985787055,-0.25451472864159935,0.323345446717905,0.001953220416178665,-0.14402809413103773,0.02753491556420618
3.179206609725952,-0.7172220120867865,-0.0009450798528551726,0.0010510780713287387,-0.28759925228230787,-5.952662721391089e-05,0.0007657420700459812,0.003760470985787055,-0.25451472864159935,0.323345446717905,0.0019336882120168785,-0.14258781318972735,0.027259566408564116
3.1970841884613037,-0.7230122376703365,-0.0008854849853079255,0.001088131228771523,-0.28796210368583797,-2.3263296758822496e-05,0.0007645583657159394,0.0038467686258822392,-0.2630290193544208,0.325736285429115,0.001957001163400672,-0.14561785021008086,0.02483854953835679
3.2067577838897705,-0.7230122376703365,-0.0008854849853079255,0.001088131228771523,-0.28508248264897956,-2.303066379123427e-05,0.00075691278205878,0.0038467686258822392,-0.2630290193544208,0.325736285429115,0.0019374311517666655,-0.14416167170798005,0.024590164042973223
3.22097110748291,-0.7291296988476442,-0.00020563339366267197,0.0008913641997093532,-0.2865358332385619,0.00036418335402702365,0.00045597949473835317,0.00392139357935789,-0.2716460213310895,0.32817744392592846,0.001964976752143548,-0.14838556377708972,0.02158603550472408
3.2270114421844482,-0.7291296988476442,-0.00020563339366267197,0.0008913641997093532,-0.2836704749061763,0.0003605415204867534,0.00045141969979096963,0.00392139357935789,-0.2716460213310895,0.32817744392592846,0.0019453269846221126,-0.14690170813931883,0.02137017514967684
3.2328908443450928,-0.7342848890647224,-0.0003555453267563647,0.0009855101843705253,-0.2896019240068795,0.00017589899613168562,0.0006821200035772113,0.003988010791656574,-0.2802312946559256,0.3306225485889925,0.0020241367784922123,-0.1590588066375495,0.01445913524336576
3.2519114017486572,-0.7392406330941276,-0.0004678383721881547,0.0010578537130417572,-0.28931135776215355,0.00013228901532341342,0.0007305722836750389,0.004048503424096579,-0.2888539222763423,0.3331472496330081,0.0020306499210576315,-0.16171255050677227,0.012241188638622025
3.255486249923706,-0.7392406330941276,-0.0004678383721881547,0.0010578537130417572,-0.286418244184532,0.00013096612517017928,0.0007232665608382885,0.004048503424096579,-0.2888539222763423,0.3331472496330081,0.002010343421847055,-0.16009542500170454,0.012118776752235804
3.2802798748016357,-0.7442592235184009,-0.0005465443179456805,0.00111089378534703,-0.2855782002435951,0.00010714922785801414,0.0007465351060886374,0.004105078980865194,-0.29739946500905023,0.3357048721471759,0.0020090103134482087,-0.16172863264636622,0.01042151145101592
3.2841837406158447,-0.7442592235184009,-0.0005465443179456805,0.00111089378534703,-0.2827224182411591,0.000106077735579434,0.000739069755027751,0.004105078980865194,-0.29739946500905023,0.3357048721471759,0.0019889202103137264,-0.16011134631990256,0.01031729633650576
3.2944629192352295,-0.7496050559670586,-0.0006292709864761114,0.0011602106713264563,-0.2850958165073482,4.572657695035238e-05,0.0008032589571549702,0.00415619500691901,-0.30597105960696874,0.33836430986561156,0.0020084950128043794,-0.16637670984544042,0.006426171884884359
3.3029067516326904,-0.7496050559670586,-0.0006292709864761114,0.0011602106713264563,-0.28224485834227475,4.526931118084885e-05,0.0007952263675834205,0.00415619500691901,-0.30597105960696874,0.33836430986561156,0.0019884100626763354,-0.16471294274698603,0.006361910166035515
3.3205604553222656,-0.755229117100058,-0.0006989115586090278,0.0012040245971177501,-0.2826081696008999,1.583766331124907e-05,0.0008234201791351255,0.00420169815136308,-0.31449355064534273,0.3410259005270623,0.0019881140089994635,-0.167614311897872,0.004086919767099352
3.3246757984161377,-0.755229117100058,-0.0006989115586090278,0.0012040245971177501,-0.2797820879048909,1.567928667813658e-05,0.0008151859773437742,0.00420169815136308,-0.31449355064534273,0.3410259005270623,0.001968232868909469,-0.16593816877889325,0.0040460505694283585
3.3365445137023926,-0.759974311925482,-0.000659610148396992,0.0012005832620492287,-0.28098235010901784,4.1887308614739924e-05,0.0007917449311140876,0.00424022263223623,-0.3231082692234213,0.3437674250245999,0.001971753799161155,-0.17113132511342982,0.0006795899677408007
3.3399577140808105,-0.759974311925482,-0.000659610148396992,0.0012005832620492287,-0.2781725266079277,4.1468435528592523e-05,0.0007838274818029467,0.00424022263223623,-0.3231082692234213,0.3437674250245999,0.0019520362611695433,-0.16942001186229552,0.0006727940680633927
3.3542556762695312,-0.7644740861633392,-0.0005980290750489205,0.0011837804253083885,-0.2785379600329879,7.377535089766156e-05,0.0007492281633676844,0.004272178170655951,-0.331597945467888,0.3465376468129468,0.0019474233922490394,-0.17335238001982037,-0.0020453847461773173
3.358408212661743,-0.7644740861633392,-0.0005980290750489205,0.0011837804253083885,-0.27575258043265805,7.303759738868495e-05,0.0007417358817340075,0.004272178170655951,-0.331597945467888,0.3465376468129468,0.0019279491583265491,-0.17161885621962217,-0.002024930898715544
3.377103090286255,-0.7691281924201679,-0.0006638111488622414,0.00121385031129328,-0.2754845525999764,4.4723375419754364e-05,0.0007613378807683275,0.00429846723003624,-0.34007468880810005,0.349458077468058,0.0019168969339521682,-0.1742471144487836,-0.004035876958020829
3.3870115280151367,-0.7691281924201679,-0.0006638111488622414,0.00121385031129328,-0.27272970707397665,4.427614166555682e-05,0.0007537245019606442,0.00429846723003624,-0.34007468880810005,0.349458077468058,0.0018977279646126466,-0.17250464330429577,-0.003995518188440621
3.3969662189483643,-0.7740183400147504,-0.0007187317665075736,0.0012380957464035282,-0.27491479799565643,-3.7328100848760216e-07,0.0007875826837660705,0.004322591626627433,-0.3484626012939126,0.35242154181070096,0.0018919100879967333,-0.1788861061630642,-0.00771670195955662
3.4142892360687256,-0.7740183400147504,-0.0007187317665075736,0.0012380957464035282,-0.27216565001569987,-3.6954819840272615e-07,0.0007797068569284098,0.004322591626627433,-0.3484626012939126,0.35242154181070096,0.0018729909871167659,-0.17709724510143354,-0.007639534939961054
3.419443130493164,-0.7792728870177457,-0.000743809822210268,0.001249053189572437,-0.2796392707184377,-4.3392246552688334e-05,0.0008071090832279859,0.0043437766748925626,-0.3569176006985333,0.3554969481849443,0.001873610938842315,-0.19119075750281572,-0.014846862002909755
3.4272210597991943,-0.7792728870177457,-0.000743809822210268,0.001249053189572437,-0.2768428780112533,-4.295832408716145e-05,0.000799037992395706,0.0043437766748925626,-0.3569176006985333,0.3554969481849443,0.001854874829453892,-0.18927884992778757,-0.014698393382880657
3.437796115875244,-0.7835611924882455,-0.0007926451230209135,0.0012698122856321025,-0.27812954863648764,-7.968266768625305e-05,0.0008250485858179686,0.004362429000708684,-0.3652787377324766,0.35860138484106346,0.0018432971935642762,-0.19505903242268843,-0.01805225687203553
3.4429969787597656,-0.7835611924882455,-0.0007926451230209135,0.0012698122856321025,-0.2753482531501228,-7.888584100939052e-05,0.0008167980999597889,0.004362429000708684,-0.3652787377324766,0.35860138484106346,0.0018248642216286335,-0.19310844209846154,-0.017871734303315175
3.4662275314331055,-0.7876864148327402,-0.0007879521526265101,0.0012693494519597978,-0.2743705454017115,-7.760123479524571e-05,0.0008073170723124852,0.0043780779726237526,-0.3736638106087412,0.3618454729540518,0.0018084934037600811,-0.19471353128506239,-0.019265964939885562
3.472571849822998,-0.7876864148327402,-0.0007879521526265101,0.0012693494519597978,-0.2716268399476944,-7.682522244729325e-05,0.0007992439015893604,0.0043780779726237526,-0.3736638106087412,0.3618454729540518,0.0017904084697224804,-0.19276639597221176,-0.019073305290486706
3.506859064102173,-0.7963935538343209,-0.0008618935062665253,0.001303750664294958,-0.27145003638896964,-9.348516221492048e-05,0.0008077953192716134,0.004404814263481196,-0.39019003739151226,0.3685908771655475,0.0017736465234847502,-0.1956155860131,-0.020952329530702574
3.51228666305542,-0.7963935538343209,-0.0008618935062665253,0.001303750664294958,-0.26873553602507994,-9.255031059277128e-05,0.0007997173660788973,0.004404814263481196,-0.39019003739151226,0.3685908771655475,0.0017559100582499026,-0.193659430152969,-0.02074280623539555
3.5176515579223633,-0.8003858317921444,-0.00044053933097911547,0.0007009089491886529,-0.27348947819680297,0.00018354753905081266,-0.0005148844468899215,0.004415986719506724,-0.39838161059297517,0.3720785036470205,0.001747868932799021,-0.20702167686235887,-0.026965317664330735
3.5403833389282227,-0.8038061855506438,-0.00021873945692908321,0.00032528780371908207,-0.2722592232819633,0.00020593196572785624,-0.0006950321592362313,0.004433944042124587,-0.4066230438285993,0.3756983984950363,0.0017370463852550992,-0.20861402193755527,-0.028200938693557612
3.545870542526245,-0.8038061855506438,-0.00021873945692908321,0.00032528780371908207,-0.26953663104914366,0.00020387264607057767,-0.000688081837643869,0.004433944042124587,-0.4066230438285993,0.3756983984950363,0.0017196759214025482,-0.2065278817181797,-0.027918929306622035
3.571053981781006,-0.8071474427737795,-9.326653007330166e-05,7.145127317459395e-05,-0.2681680259890231,0.00020784434206755717,-0.0007905130038669,0.004462597239068369,-0.41474309320313624,0.37937907623970335,0.0017136179478606855,-0.207748148371869,-0.028958003296181128
3.575483798980713,-0.8071474427737795,-9.326653007330166e-05,7.145127317459395e-05,-0.2654863457291329,0.0002057658986468816,-0.0007826078738282311,0.004462597239068369,-0.41474309320313624,0.37937907623970335,0.0016964817683820786,-0.2056706668881503,-0.028668423263219316
3.603257894515991,-0.8146632997222958,0.0001888578155511971,-0.0002811771178713919,-0.2655375496924165,0.0002459477101874833,-0.0009272339216778464,0.004567218239806629,-0.43092751239014315,0.38710410258566286,0.0017189049175150412,-0.20963548576127453,-0.03071261764113973
3.6084253787994385,-0.8146632997222958,0.0001888578155511971,-0.0002811771178713919,-0.2628821741954923,0.00024348823308560847,-0.000917961582461068,0.004567218239806629,-0.43092751239014315,0.38710410258566286,0.0017017158683398908,-0.20753913090366177,-0.030405491464728332
3.6188931465148926,-0.8179288548242859,0.0005451603117334196,-0.0007590995290274683,-0.26337302438519744,0.0003695639201888502,-0.0014473587035815786,0.004644429063030417,-0.4390727826113651,0.39112654858556317,0.0017646282323554923,-0.21358817053552306,-0.033152242635280604
3.6222052574157715,-0.8179288548242859,0.0005451603117334196,-0.0007590995290274683,-0.26073929414134545,0.0003658682809869617,-0.0014328851165457627,0.004644429063030417,-0.4390727826113651,0.39112654858556317,0.0017469819500319373,-0.21145228883016784,-0.032820720208927796
3.6543662548065186,-0.8236700273385887,0.0013510548888875336,-0.0015115720094471387,-0.25991707260914876,0.0004960184352162487,-0.0017237875334469494,0.004843960293844759,-0.45525459879562136,0.3993869204171348,0.0017993921320504772,-0.21464111042664938,-0.034438388646562824
3.6587584018707275,-0.8236700273385887,0.0013510548888875336,-0.0015115720094471387,-0.25731790188305725,0.0004910582508640862,-0.00170654965811248,0.004843960293844759,-0.45525459879562136,0.3993869204171348,0.0017813982107299725,-0.21249469932238288,-0.0340940047600972
3.6791460514068604,-0.8268442378341136,0.0014041121996306966,-0.0017025466403231603,-0.25630171583178923,0.00047427650405529423,-0.001782341880887648,0.004957368540850941,-0.4633083838759045,0.403634898534494,0.0018261419587833599,-0.21457797087856162,-0.0352485755873837
3.683302640914917,-0.8268442378341136,0.0014041121996306966,-0.0017025466403231603,-0.2537386986734713,0.0004695337390147413,-0.0017645184620787716,0.004957368540850941,-0.4633083838759045,0.403634898534494,0.0018078805391955263,-0.212432191169776,-0.034896089831509866
3.694286584854126,-0.8303836803611873,0.00158353561700163,-0.0019474407074540462,-0.25442379069457854,0.0005263392684985516,-0.0020075827437817796,0.005073040525244442,-0.47142532411880034,0.4080053585677926,0.0019099259712273512,-0.21823008728864182,-0.037317810549758544
3.697216749191284,-0.8303836803611873,0.00158353561700163,-0.0019474407074540462,-0.25187955278763274,0.0005210758758135662,-0.0019875069163439616,0.005073040525244442,-0.47142532411880034,0.4080053585677926,0.0018908267115150777,-0.2160477864157554,-0.03694463244426096
3.717714786529541,-0.8341628859877976,0.0016942012798506106,-0.0021696378186488647,-0.2512045197936177,0.0005234641647911466,-0.0020842253171096873,0.0051758436603131066,-0.47956652838127817,0.4123745573455536,0.0019309832135191952,-0.21813430927049549,-0.03808508264534931
3.725036859512329,-0.8341628859877976,0.0016942012798506106,-0.0021696378186488647,-0.2486924745956815,0.0005182295231432352,-0.0020633830639385903,0.0051758436603131066,-0.47956652838127817,0.4123745573455536,0.0019116733813840032,-0.21595296617779053,-0.03770423181889582
3.732919931411743,-0.8371399459451899,0.0016346415272493406,-0.0023091798305448995,-0.24998232289427946,0.00038106216200524737,-0.0021682690909388858,0.005256365249922552,-0.4878636406282144,0.41679931900223555,0.0020200307082858804,-0.2250098014953234,-0.04138593590856324
3.7373385429382324,-0.8371399459451899,0.0016346415272493406,-0.0023091798305448995,-0.24748249966533667,0.00037725154038519487,-0.0021465864000294967,0.005256365249922552,-0.4878636406282144,0.41679931900223555,0.0019998304012030215,-0.22275970348037016,-0.040972076549477605
3.7603163719177246,-0.8398907313183525,0.0016005753398945558,-0.0024536406287795874,-0.24620490225791888,0.00033708591344389213,-0.0021744892983639923,0.005311516567870865,-0.49613214065384137,0.4212133382365812,0.002013081080809141,-0.22436451071252708,-0.041959256067988504
3.7659807205200195,-0.8398907313183525,0.0016005753398945558,-0.0024536406287795874,-0.2437428532353397,0.0003337150543094532,-0.0021527444053803524,0.005311516567870865,-0.49613214065384137,0.4212133382365812,0.0019929502700010496,-0.2221208656054018,-0.041539663507308616
3.7840731143951416,-0.8428022567250044,0.0016736954934019016,-0.0026393305316286205,-0.24291475116406813,0.00032779025565146766,-0.002237499236186148,0.005343307128120197,-0.5044666037077858,0.4257029194029286,0.0020033440305603834,-0.2248171799768165,-0.04291198651151274
3.7891104221343994,-0.8428022567250044,0.0016736954934019016,-0.0026393305316286205,-0.24048560365242744,0.00032451235309495296,-0.0022151242438242865,0.005343307128120197,-0.5044666037077858,0.4257029194029286,0.00198331059025478,-0.22256900817704833,-0.04248286664639761
3.805055856704712,-0.8459276904541597,0.001764823322000687,-0.0028241444818867386,-0.24004090161407018,0.00032875010194747617,-0.0023174550437263216,0.0053520202080530495,-0.5127983512898933,0.430176123753275,0.0019844482208385633,-0.22590779361798502,-0.04410946125885573
3.816387414932251,-0.8459276904541597,0.001764823322000687,-0.0028241444818867386,-0.2376404925979295,0.0003254626009280014,-0.002294280493289058,0.0053520202080530495,-0.5127983512898933,0.430176123753275,0.0019646037386301775,-0.22364871568180517,-0.04366836664626717
3.8267128467559814,-0.8484690783424698,0.0018690594245557015,-0.0026393225914431487,-0.23772504853029594,0.00048667790377974703,-0.002152073804652715,0.0053414136080401405,-0.5212176001018666,0.43470772228736826,0.001957174870332649,-0.23009579154694249,-0.04644774129940685
3.832326889038086,-0.8484690783424698,0.0018690594245557015,-0.0026393225914431487,-0.23534779804499298,0.0004818111247419496,-0.002130553066606188,0.0053414136080401405,-0.5212176001018666,0.43470772228736826,0.0019376031216293227,-0.22779483363147307,-0.04598326388641278
3.8469507694244385,-0.8505847529925611,0.0020807898671587454,-0.002520131631570586,-0.23444080230008316,0.0006397136443104887,-0.0020942522919142155,0.005313688641848802,-0.529551411187023,0.439258671363463,0.0019141229621110524,-0.23161467074627226,-0.04775454139326123
3.8512420654296875,-0.8505847529925611,0.0020807898671587454,-0.002520131631570586,-0.2320963942770823,0.0006333165078673839,-0.002073309768995073,0.005313688641848802,-0.529551411187023,0.439258671363463,0.0018949817324899418,-0.22929852403880954,-0.047276995979328613
3.870626926422119,-0.8528008948290345,0.0025778379082888997,-0.0025318715539704648,-0.23091844720424706,0.000852795801210762,-0.0021598179253201986,0.005259161072731645,-0.5379304499977489,0.4439210946579826,0.0018590055926807844,-0.23166062142854285,-0.048477349362927816
3.876283645629883,-0.8528008948290345,0.0025778379082888997,-0.0025318715539704648,-0.22860926273220458,0.0008442678431986543,-0.0021382197460669966,0.005259161072731645,-0.5379304499977489,0.4439210946579826,0.0018404155367539765,-0.22934401521425743,-0.04799257586929854
3.890131950378418,-0.8552620557855035,0.0027703154026885997,-0.0024205589317040266,-0.22810015608669704,0.0009935340223814104,-0.0021000774308635234,0.005180513677513599,-0.5462363158715634,0.4486050210905066,0.001779737912482074,-0.23353804601158992,-0.04982071806384514
3.8954949378967285,-0.8552620557855035,0.0027703154026885997,-0.0024205589317040266,-0.22581915452583007,0.0009835986821575963,-0.002079076656554888,0.005180513677513599,-0.5462363158715634,0.4486050210905066,0.0017619405333572534,-0.23120266555147403,-0.04932251088320669
3.90993595123291,-0.8580636658760447,0.0030805493186398967,-0.002379632286082593,-0.2255007913018996,0.0011776472424738123,-0.002117785555500287,0.005077861982014825,-0.554586468951038,0.45337636420828653,0.0016867518506981296,-0.2351714753405023,-0.05104373745305369
3.9146270751953125,-0.8580636658760447,0.0030805493186398967,-0.002379632286082593,-0.2232457833888806,0.001165870770049074,-0.002096607699945284,0.005077861982014825,-0.554586468951038,0.45337636420828653,0.0016698843321911482,-0.23281976058709727,-0.050533300078523156
3.928990364074707,-0.8597575369095398,0.0027165825457198247,-0.0019661486575084366,-0.2221923078732556,0.0010487282231773573,-0.0017183296785814573,0.004957177643784344,-0.5629417174014338,0.45815348023429453,0.001580307137865219,-0.2368079626874001,-0.05226517065094271
3.933823585510254,-0.8597575369095398,0.0027165825457198247,-0.0019661486575084366,-0.21997038479452305,0.0010382409409455838,-0.0017011463817956428,0.004957177643784344,-0.5629417174014338,0.45815348023429453,0.0015645040664865669,-0.2344398830605261,-0.05174251894443328
3.9444499015808105,-0.8612206588111372,0.002626971918080159,-0.001636885244360075,-0.219147138100783,0.0010805199839029082,-0.0013756423900821942,0.004837008223620276,-0.5713473731905635,0.4629979486320969,0.0014480571939624607,-0.24070771214616937,-0.05425621825624041
3.9778149127960205,-0.8627847152223702,0.0011945593766657127,-0.0006725354446019551,-0.2174242514670772,0.0008090509902793856,-0.000933139095835795,0.004713431004623781,-0.5797283650297258,0.46786155221104836,0.0013981063808626711,-0.24104154388096716,-0.05467391806667463
3.9831349849700928,-0.8627847152223702,0.0011945593766657127,-0.0006725354446019551,-0.21525000895240642,0.0008009604803765917,-0.000923807704877437,0.004713431004623781,-0.5797283650297258,0.46786155221104836,0.0013841253170540444,-0.23863112844215748,-0.05412717888600788
3.988218307495117,-0.8646709201310403,0.0018452259605916837,-0.0006404081228492527,-0.21680790641258008,0.0019471984684254575,-0.0013758917825432348,0.004595942244877973,-0.5881619427427749,0.47277272159103206,0.0011477639204467178,-0.2543614440981598,-0.05994073464818739
3.9926469326019287,-0.8646709201310403,0.0018452259605916837,-0.0006404081228492527,-0.21463982734845427,0.001927726483741203,-0.0013621328647178024,0.004595942244877973,-0.5881619427427749,0.47277272159103206,0.0011362862812422506,-0.2518178296571782,-0.059341327301705514
4.01488733291626,-0.8668842009152816,0.000431721275377871,0.00032230905830391124,-0.21348829709502026,0.0015255675295572312,-0.0007088558868342088,0.004494174470966739,-0.596648305547655,0.47765660646097924,0.0010776325507318228,-0.2534432063014915,-0.06023549627383931
4.022012233734131,-0.8668842009152816,0.000431721275377871,0.00032230905830391124,-0.21135341412407005,0.0015103118542616589,-0.0007017673279658668,0.004494174470966739,-0.596648305547655,0.47765660646097924,0.0010668562252245046,-0.2509087742384766,-0.059633141311100916
4.030258417129517,-0.8681938414230739,0.000987456975920509,0.000370875946022734,-0.21082821704351518,0.002111611501711878,-0.0009168123569373624,0.004443263192691176,-0.6052418544345304,0.4825454238232107,0.0009892025189518691,-0.25965838414201337,-0.06315887988430027
4.03478741645813,-0.8681938414230739,0.000987456975920509,0.000370875946022734,-0.20871993487308002,0.002090495386694759,-0.0009076442333679888,0.004443263192691176,-0.6052418544345304,0.4825454238232107,0.0009793104937623504,-0.2570618003005932,-0.06252729108545726
4.051380634307861,-0.8692855103206533,-0.0014191352201572138,0.0017548045969761029,-0.20729016430667202,0.0011346253079453552,0.0004258245854625786,0.00442640758630753,-0.6138291437063905,0.48741737094871534,0.000949942579898727,-0.26007388479593063,-0.06396026264380399
4.0611913204193115,-0.8692855103206533,-0.0014191352201572138,0.0017548045969761029,-0.2052172626636053,0.0011232790548659016,0.00042156633960795277,0.00442640758630753,-0.6138291437063905,0.48741737094871534,0.0009404431540997397,-0.2574731459479713,-0.06332066001736594
4.075525760650635,-0.8705669834064093,-0.0010692645568643857,0.0018674236744185791,-0.20405930206974865,0.0013576386060433338,0.0003864430801309637,0.004474343894153378,-0.622450091673655,0.4923222779394592,0.000952591769233743,-0.26139052747943786,-0.06508152860678043
4.082250356674194,-0.8705669834064093,-0.0010692645568643857,0.0018674236744185791,-0.20201870904905117,0.0013440622199829004,0.0003825786493296541,0.004474343894153378,-0.622450091673655,0.4923222779394592,0.0009430658515414056,-0.2587766222046435,-0.06443071332071262
4.089900732040405,-0.8722062892187888,-0.0029100557019338044,0.0029600518572534137,-0.2021410566213159,-0.00020152843002255324,0.0026153375601568416,0.004550834108412382,-0.631075358997222,0.49722049432624127,0.0009994974244667237,-0.26834268564437286,-0.06830228152386655
4.118310928344727,-0.874243680409606,-0.0018494977992279638,0.0027017779401855005,-0.20083701196103293,8.969857011910726e-05,0.002355988754029227,0.004672044657883307,-0.6397252186756621,0.5021270755490147,0.0010235302362898184,-0.26893743408974813,-0.06884674130554208
4.124193906784058,-0.874243680409606,-0.0018494977992279638,0.0027017779401855005,-0.1988286418414226,8.880158441791618e-05,0.0023324288664889345,0.004672044657883307,-0.6397252186756621,0.5021270755490147,0.0010132949339269203,-0.26624805974885063,-0.06815827389248666
4.135489225387573,-0.8754450456384746,-0.0027012955222455925,0.003268592216987881,-0.19790387953292443,-0.0003695941932221465,0.0030579811982854137,0.00481741815835194,-0.6484335409107889,0.5070252238008186,0.0011056688431007953,-0.27185466491385085,-0.07061867594632379
4.139761686325073,-0.8754450456384746,-0.0027012955222455925,0.003268592216987881,-0.1959248407375952,-0.00036589825128992504,0.0030274013863025597,0.00481741815835194,-0.6484335409107889,0.5070252238008186,0.0010946121546697874,-0.26913611826471234,-0.06991248918686055
4.173239469528198,-0.8779400611797835,-0.0036012803341757046,0.003949466546376056,-0.19471093254394317,-0.0005159380185566192,0.0032851997939238207,0.005207375002281574,-0.6658368930588517,0.5168798845341377,0.0011789564523423325,-0.2720303361017684,-0.07133350509118476
4.178779602050781,-0.8779400611797835,-0.0036012803341757046,0.003949466546376056,-0.19276382321850374,-0.000510778638371053,0.0032523477959845826,0.005207375002281574,-0.6658368930588517,0.5168798845341377,0.0011671668878189092,-0.2693100327407507,-0.0706201700402729
4.194557428359985,-0.8797175502200637,-0.002891962515312007,0.003731565133787979,-0.1919630730943129,-0.00017120295994031568,0.0029125626513427033,0.005421504555045916,-0.6745215658069432,0.521843346764443,0.0012697862558646272,-0.27254955157806504,-0.07215085023834227
4.199976921081543,-0.8797175502200637,-0.002891962515312007,0.003731565133787979,-0.19004344236336979,-0.00016949093034091252,0.002883437024829276,0.005421504555045916,-0.6745215658069432,0.521843346764443,0.0012570883933059808,-0.2698240560622844,-0.07142934173595884
4.223412036895752,-0.8818571923027996,-0.0030556697486542727,0.003909590986370219,-0.18905606245716636,-0.00019963395136306212,0.002949166267008405,0.005624208569457496,-0.6832590563227443,0.5268088878612501,0.0013157924443344873,-0.2711317625812457,-0.07224641415272441
4.228735685348511,-0.8818571923027996,-0.0030556697486542727,0.003909590986370219,-0.1871655018325947,-0.0001976376118494315,0.002919674604338321,0.005624208569457496,-0.6832590563227443,0.5268088878612501,0.0013026345198911423,-0.26842044495543327,-0.07152395001119717
4.2577433586120605,-0.8843321312406777,-0.0020162164639046117,0.0035225260562788186,-0.1861473118581006,6.090474781151684e-05,0.0026249534062979074,0.006019345037949819,-0.7008324439431759,0.5367188068486854,0.0014031432398013803,-0.27221872161380056,-0.07332979964590149
4.263047695159912,-0.8843321312406777,-0.0020162164639046117,0.0035225260562788186,-0.1842858387395196,6.029570033340167e-05,0.0025987038722349283,0.006019345037949819,-0.7008324439431759,0.5367188068486854,0.0013891118074033666,-0.2694965343976626,-0.07259650164944247
4.275652170181274,-0.8856514269558746,-0.0017021149752413642,0.0033821735886754175,-0.1834898517687608,0.00022950481814442206,0.002371685844912623,0.006180206008330067,-0.7095937057974092,0.5416823330115509,0.0014777202525078968,-0.27424949045166364,-0.07476130960611982
4.2822582721710205,-0.8856514269558746,-0.0017021149752413642,0.0033821735886754175,-0.18165495325107317,0.00022720976996297784,0.002347968986463497,0.006180206008330067,-0.7095937057974092,0.5416823330115509,0.0014629430499828178,-0.271506995547147,-0.07401369651005862
4.297173023223877,-0.8873093443347847,-0.0013804745345776697,0.003211472238616795,-0.1809501465203263,0.0003639823347738344,0.0021346806695878417,0.006316932654318065,-0.7183956315760642,0.5466476130656664,0.0015196161003755387,-0.275100207514515,-0.07574730946829904
4.303869962692261,-0.8873093443347847,-0.0013804745345776697,0.003211472238616795,-0.17914064505512303,0.00036034251142609607,0.0021133338628919634,0.006316932654318065,-0.7183956315760642,0.5466476130656664,0.0015044199393717834,-0.27234920543936986,-0.07498983637361605
4.324126482009888,-0.8892515221255198,-0.0012639659153845825,0.0031186954861124297,-0.17830805366489536,0.00038634495004096533,0.0020281188281847133,0.006434000898039782,-0.7271926513696783,0.5515644610712771,0.0015325857889479915,-0.27424680004279195,-0.07608351259614358
4.3292858600616455,-0.8892515221255198,-0.0012639659153845825,0.0031186954861124297,-0.1765249731282464,0.00038248150054055567,0.002007837639902866,0.006434000898039782,-0.7271926513696783,0.5515644610712771,0.0015172599310585115,-0.271504332042364,-0.07532267747018215
4.354316711425781,-0.8911461603302512,-0.0008670630993438521,0.0028418795756941072,-0.1755167382506815,0.000469865763585462,0.001825114012649009,0.00662374189450447,-0.7449255004999051,0.5613267321731572,0.0015560884533866019,-0.2762755820285493,-0.07762848158993157
4.363052606582642,-0.8911461603302512,-0.0008670630993438521,0.0028418795756941072,-0.1737615708681747,0.0004651671059496074,0.001806862872522519,0.00662374189450447,-0.7449255004999051,0.5613267321731572,0.0015405275688527358,-0.2735128262082638,-0.07685219677403225
4.373949766159058,-0.8921748007370881,-0.0009554762795576763,0.0028365404267212185,-0.1729678053316894,0.0003862932094138104,0.0018183370981364204,0.006693667488342266,-0.7537472406005462,0.5662080806922146,0.0015644598652600052,-0.2793464750833404,-0.07957374141651927
4.376950979232788,-0.8921748007370881,-0.0009554762795576763,0.0028365404267212185,-0.1712381272783725,0.0003824302773196723,0.001800153727155056,0.006693667488342266,-0.7537472406005462,0.5662080806922146,0.001548815266607405,-0.27655301033250695,-0.07877800400235407
4.394676923751831,-0.8934889879879617,-0.0010525886190257978,0.0028397812031835637,-0.17026707362573879,0.0003304875410789738,0.0018065748060753,0.0067557290525529804,-0.7625216006107273,0.5710364869536916,0.0015531707021670448,-0.27901234153155674,-0.08014057197639107
4.398653030395508,-0.8934889879879617,-0.0010525886190257978,0.0028397812031835637,-0.1685644028894814,0.00032718266566818407,0.0017885090580145471,0.0067557290525529804,-0.7625216006107273,0.5710364869536916,0.0015376389951453743,-0.27622221811624115,-0.07933916625662717
4.41301703453064,-0.8952294000323925,-0.0008846644581483468,0.0027255613226445717,-0.16809047360511942,0.0003908480055857002,0.0016523397677563223,0.0068107668460441135,-0.7713687327680374,0.575874498598726,0.001542420742676429,-0.279940014065205,-0.08124597335485813
4.417249441146851,-0.8952294000323925,-0.0008846644581483468,0.0027255613226445717,-0.16640956886906821,0.0003869395255298432,0.001635816370078759,0.0068107668460441135,-0.7713687327680374,0.575874498598726,0.0015269965352496646,-0.27714061392455297,-0.08043351362130954
4.433583736419678,-0.8960654602143509,-0.0008668792442068266,0.0027159175631797498,-0.1652573237071429,0.00038937281989919305,0.0016097439948326232,0.006862909172597407,-0.7801510751933858,0.5806506464095118,0.0015278536742294902,-0.280011243670649,-0.08200111669177121
4.437946081161499,-0.8960654602143509,-0.0008668792442068266,0.0027159175631797498,-0.16360475047007147,0.00038547909170020113,0.001593646554884297,0.006862909172597407,-0.7801510751933858,0.5806506464095118,0.0015125751374871952,-0.27721113123394253,-0.0811811055248535
4.4548749923706055,-0.8967840339918798,-0.0007571988880730043,0.0026858484820725718,-0.16239322847893597,0.00043005052413544513,0.0015350907396865566,0.00690823364254486,-0.7889501687948783,0.585472956744752,0.0015090828349019966,-0.2799087110792859,-0.0826525337799539
4.46033239364624,-0.8967840339918798,-0.0007571988880730043,0.0026858484820725718,-0.16076929619414662,0.0004257500188940907,0.001519739832289691,0.00690823364254486,-0.7889501687948783,0.585472956744752,0.0014939920065529767,-0.27710962396849304,-0.08182600844215436
4.47832179069519,-0.8976338384231728,-0.001120300582449719,0.0029004396785537383,-0.1596338583394163,0.00029499906967284583,0.0016930739785551662,0.006954117949999295,-0.7976349123249675,0.5902587417476499,0.0014894523854248583,-0.27942844450849796,-0.08312373033576337
4.483479738235474,-0.8976338384231728,-0.001120300582449719,0.0029004396785537383,-0.15803751975602212,0.0002920490789761174,0.0016761432387696145,0.006954117949999295,-0.7976349123249675,0.5902587417476499,0.0014745578615706098,-0.27663416006341296,-0.08229249303240574
4.500530004501343,-0.898861779291867,-0.0011838834038093071,0.002993102519760057,-0.1571773391932193,0.00027835334474860354,0.0017222792340503283,0.007003045565551516,-0.8063147605059705,0.59511887898131,0.001472065633090969,-0.2792676881134882,-0.08367930405867754
4.505071401596069,-0.898861779291867,-0.0011838834038093071,0.002993102519760057,-0.1556055658012871,0.0002755698113011175,0.0017050564417098251,0.007003045565551516,-0.8063147605059705,0.59511887898131,0.0014573449767600593,-0.2764750112323533,-0.08284251101809077
4.51496148109436,-0.9004131116462344,-0.001206564376147509,0.003075718080693895,-0.15561813625127607,0.0002854663016391204,0.0017701669074971446,0.007044867018039858,-0.8149177636039882,0.5999274260218873,0.0014561756094492357,-0.28292442734320983,-0.08580956571393868
4.52436900138855,-0.9004131116462344,-0.001206564376147509,0.003075718080693895,-0.15406195488876331,0.0002826116386227292,0.0017524652384221732,0.007044867018039858,-0.8149177636039882,0.5999274260218873,0.0014416138533547434,-0.2800951830697777,-0.08495147005679929
4.535020112991333,-0.9011341871201614,-0.001497402750458682,0.0033010894315909935,-0.15319820698280473,0.00013007053370410988,0.002033831160270782,0.007083614710279562,-0.8235793816993416,0.6047991352162821,0.0014346989514039874,-0.28592813880164875,-0.08763875013831608
4.538940906524658,-0.9011341871201614,-0.001497402750458682,0.0033010894315909935,-0.15166622491297668,0.00012876982836706877,0.002013492848668074,0.007083614710279562,-0.8235793816993416,0.6047991352162821,0.0014203519618899475,-0.28306885741363225,-0.08676236263693292
4.556682825088501,-0.9016442870035012,-0.0015934416283636648,0.003442673288497756,-0.15043709638167502,0.00011346842428051199,0.0020855050119364662,0.007117744512946349,-0.832106865254155,0.609626990705749,0.0014075929114472337,-0.2853540391716628,-0.08797667565765566
4.56213641166687,-0.9016442870035012,-0.0015934416283636648,0.003442673288497756,-0.14893272541785826,0.00011233374003770687,0.0020646499618171017,0.007117744512946349,-0.832106865254155,0.609626990705749,0.0013935169823327614,-0.28250049877994615,-0.0870969089010791
4.58509373664856,-0.9023435796957278,-0.001558910130550145,0.0035227472281957567,-0.14774806717781916,0.00013842148945070816,0.002067934839815914,0.007153468711144295,-0.840604563390675,0.61455322902327,0.001381094761332389,-0.28365361565203495,-0.08780092960503358
4.589289903640747,-0.9023435796957278,-0.001558910130550145,0.0035227472281957567,-0.14627058650604097,0.00013703727455620108,0.0020472554914177546,0.007153468711144295,-0.840604563390675,0.61455322902327,0.0013672838137190652,-0.2808170794955146,-0.08692292030898324
4.600552558898926,-0.9033160922199744,-0.001531164522241934,0.0036017198406063794,-0.1456714849401151,0.00018502020469288763,0.002077192884557732,0.007186706957009933,-0.8490180506834276,0.6194484159755093,0.0013540889914687825,-0.2860466786724543,-0.08923030534623541
4.64949631690979,-0.9046937119261538,-0.0017424077973157513,0.003792757575896446,-0.14449622571939866,0.00016157354449448927,0.0021085009008104095,0.007218726092177167,-0.8575001718120847,0.6244040495684912,0.0013400138832433922,-0.285053182755655,-0.08907492747302459
4.659944534301758,-0.9046937119261538,-0.0017424077973157513,0.003792757575896446,-0.14305126346220468,0.0001599578090495444,0.002087415891802305,0.007218726092177167,-0.8575001718120847,0.6244040495684912,0.0013266137444109584,-0.28220265092809843,-0.08818417819829434
4.667913198471069,-0.9051562351919871,-0.00168346951974558,0.0038454237296833586,-0.14220137970742147,0.00024937083931325817,0.0020925889559568743,0.007245629605826871,-0.8659078235237788,0.6293216605384159,0.0013033502880361277,-0.2907502589971058,-0.09178979840148276
4.6733434200286865,-0.9051562351919871,-0.00168346951974558,0.0038454237296833586,-0.14077936591034726,0.0002468771309201256,0.0020716630663973057,0.007245629605826871,-0.8659078235237788,0.6293216605384159,0.0012903167851557665,-0.28784275640713475,-0.09087190041746793
4.684331893920898,-0.9059456073814056,-0.0020877922165089963,0.004169332978772557,-0.14008977661709146,4.7773951381963774e-05,0.002462357935401147,0.007297059174161885,-0.8826902599450368,0.6392588971282556,0.0012558760424851798,-0.30150393634069794,-0.0964038481054698
4.688000917434692,-0.9059456073814056,-0.0020877922165089963,0.004169332978772557,-0.13868887885092054,4.729621186814414e-05,0.0024377343560471353,0.007297059174161885,-0.8826902599450368,0.6392588971282556,0.001243317282060328,-0.298488896977291,-0.0954398096244151
4.714109420776367,-0.9067658682523383,-0.0020791768484112504,0.004214234169595112,-0.13761619543194314,5.625451377921812e-05,0.0024267847710845013,0.007324405121059189,-0.8910493392935288,0.644285987653937,0.001226866223290993,-0.2989935192979591,-0.09582013655440243
4.718454360961914,-0.9067658682523383,-0.0020791768484112504,0.004214234169595112,-0.1362400334776237,5.569196864142594e-05,0.002402516923373656,0.007324405121059189,-0.8910493392935288,0.644285987653937,0.001214597561058083,-0.2960035841049795,-0.0948619351888584
4.723139047622681,-0.9078911872099835,-0.0021685700573103495,0.004294995639261577,-0.1372797038691762,-4.3080134542635524e-05,0.002608079734632417,0.007347354155271575,-0.8993536960467508,0.6492607708425929,0.0011697277087554408,-0.3123228434214216,-0.10135043964232662
4.726921796798706,-0.9078911872099835,-0.0021685700573103495,0.004294995639261577,-0.13590690683048445,-4.264933319720917e-05,0.0025819989372860928,0.007347354155271575,-0.8993536960467508,0.6492607708425929,0.0011580304316678863,-0.3091996149872074,-0.10033693524590336
4.749033212661743,-0.9081559349146512,-0.0024546934244268495,0.00446142457135026,-0.13466747892546907,-0.0001229567239716287,0.0026762914007611065,0.007368783030485135,-0.9077355125927128,0.6542993823973517,0.0011380655220641243,-0.31023616012667127,-0.10092018702723822
4.758502006530762,-0.9081559349146512,-0.0024546934244268495,0.00446142457135026,-0.1333208041362144,-0.00012172715673191242,0.0026495284867534955,0.007368783030485135,-0.9077355125927128,0.6542993823973517,0.001126684866843483,-0.30713379852540457,-0.09991098515696584
4.765120267868042,-0.9081839632217851,-0.0026233346748747504,0.004565579266317475,-0.13202979283611913,-0.00027513285033321463,0.0028675964676688264,0.0073845859774261296,-0.915999954193714,0.659292270198023,0.0010785091755947719,-0.31769205180115206,-0.1041157618698746
4.77383279800415,-0.9081839632217851,-0.0026233346748747504,0.004565579266317475,-0.13070949490775793,-0.0002723815218298825,0.002838920502992138,0.0073845859774261296,-0.915999954193714,0.659292270198023,0.001067724083838824,-0.3145151312831405,-0.10307460425117586
4.778326988220215,-0.9083875636555219,-0.002682490087806993,0.004611496453081803,-0.12985539171589017,-0.0003417658696982408,0.002954741731629047,0.007399513051534949,-0.9242605557156268,0.664383429573262,0.0010000260818772422,-0.33160686684560736,-0.10957009454707757
4.786457300186157,-0.9083875636555219,-0.002682490087806993,0.004611496453081803,-0.12855683779873125,-0.0003383482110012584,0.0029251943143127567,0.007399513051534949,-0.9242605557156268,0.664383429573262,0.0009900258210584698,-0.3282907981771513,-0.1084743936016068
4.799425363540649,-0.9088473040649455,-0.002749493686612678,0.004655359375660168,-0.1276257595178877,-0.000366379505647296,0.0029469921315900607,0.0074105234577249565,-0.9324379227360567,0.6694412532343307,0.0009573956423215238,-0.33196021509432627,-0.10996631247121257
4.804602146148682,-0.9088473040649455,-0.002749493686612678,0.004655359375660168,-0.12634950192270883,-0.00036271571059082305,0.00291752221027416,0.0074105234577249565,-0.9324379227360567,0.6694412532343307,0.0009478216858983085,-0.328640612943383,-0.10886664934650044
4.824333667755127,-0.9096922374575546,-0.002889298792839969,0.0047303836105864715,-0.1255141697601064,-0.0004055598250730878,0.0029511250580051018,0.007417894667673807,-0.9406952484514399,0.6745741936793934,0.0009210721462294644,-0.3299769444004274,-0.10948389395840012
4.830065727233887,-0.9096922374575546,-0.002889298792839969,0.0047303836105864715,-0.12425902806250534,-0.0004015042268223569,0.002921613807425051,0.007417894667673807,-0.9406952484514399,0.6745741936793934,0.0009118614247671697,-0.3266771749564231,-0.10838905501881611
4.841935157775879,-0.909600246829062,-0.002943117181771444,0.0047661331525487,-0.1229389166049252,-0.00042384729936622493,0.0029378226144273645,0.007419195800912359,-0.9488825942679332,0.6796632232977887,0.0008689777706189227,-0.33103000018235157,-0.11011649279022379
4.8468029499053955,-0.909600246829062,-0.002943117181771444,0.0047661331525487,-0.12170952743887595,-0.0004196088263725627,0.002908444388283091,0.007419195800912359,-0.9488825942679332,0.6796632232977887,0.0008602879929127334,-0.32771970018052804,-0.10901532786232154
4.863459825515747,-0.909362918776602,-0.0030591559488728033,0.004833355466831003,-0.12034991146164634,-0.0004583598367764911,0.0029440339280880647,0.007415654583719752,-0.9571062677865394,0.6848354911379089,0.000824321682644804,-0.3299254057056359,-0.10991369399798848
4.868998050689697,-0.909362918776602,-0.0030591559488728033,0.004833355466831003,-0.11914641234702987,-0.0004537762384087262,0.002914593588807184,0.007415654583719752,-0.9571062677865394,0.6848354911379089,0.0008160784658183559,-0.3266261516485795,-0.10881455705800859
4.885196208953857,-0.9092317933748313,-0.0031058471819075083,0.004868883413412924,-0.11787399254187975,-0.00046472930112291245,0.002916767121006351,0.007406507837707857,-0.9652285247824376,0.689982495203276,0.0007764812758079699,-0.32894755082625476,-0.1097306685062907
4.891908884048462,-0.9092317933748313,-0.0031058471819075083,0.004868883413412924,-0.11669525261646095,-0.0004600820081116833,0.0028875994497962873,0.007406507837707857,-0.9652285247824376,0.689982495203276,0.0007687164630498901,-0.32565807531799223,-0.10863336182122779
4.903101682662964,-0.9094407775104111,-0.0031628959693857294,0.0049110005373337986,-0.11571500085468732,-0.0004842600539799,0.002912856977267768,0.007393140332887808,-0.9733719047951604,0.6952188257128333,0.0007114129349362695,-0.33056188043220713,-0.11041512443529923
4.914946794509888,-0.9094407775104111,-0.0031628959693857294,0.0049110005373337986,-0.11455785084614044,-0.000479417453440101,0.0028837284074950905,0.007393140332887808,-0.9733719047951604,0.6952188257128333,0.0007042988055869068,-0.32725626162788507,-0.10931097319094624
4.940141677856445,-0.9095823177570701,-0.0022364024597738967,0.004479791368802448,-0.1134687788820902,-0.00022829244323970606,0.002550335030190111,0.007356789807767847,-0.9896589266608232,0.7056879000795663,0.0006517318236129819,-0.3312327564567859,-0.11076815505251623
4.945367813110352,-0.9095823177570701,-0.0022364024597738967,0.004479791368802448,-0.11233409109326929,-0.000226009518807309,0.00252483167988821,0.007356789807767847,-0.9896589266608232,0.7056879000795663,0.000645214505376852,-0.32792042889221806,-0.10966047350199107
4.967121839523315,-0.9089944599988511,-0.0019145206875394655,0.004321036212869606,-0.11094066353010681,-0.0001256670895475992,0.0023735814310863494,0.007338275138621077,-0.9977402943221321,0.7109236991915585,0.0006128934399564004,-0.3288228195982128,-0.11001535136985655
4.972421407699585,-0.9089944599988511,-0.0019145206875394655,0.004321036212869606,-0.10983125689480575,-0.0001244104186521232,0.002349845616775486,0.007338275138621077,-0.9977402943221321,0.7109236991915585,0.0006067645055568364,-0.3255345914022307,-0.10891519785615798
4.98003625869751,-0.9085972151467696,-0.0018274556600783307,0.004268146075131802,-0.10821136895550477,-5.2192500075582334e-05,0.00221771879044606,0.00732013353004258,-1.0058371082397555,0.7162590898339015,0.0005276824386366275,-0.3343424464562522,-0.11190347001568735
4.9876604080200195,-0.9085972151467696,-0.0018274556600783307,0.004268146075131802,-0.10712925526594973,-5.167057507482651e-05,0.0021955416025415996,0.00732013353004258,-1.0058371082397555,0.7162590898339015,0.0005224056142502612,-0.3309990219916897,-0.11078443531553048
4.99906063079834,-0.9084733236823013,-0.0017984313104534026,0.004237107812324397,-0.10594929244039208,-4.035118909637794e-05,0.002139187480156715,0.007307470274182321,-1.0138740398272612,0.7215554237081142,0.0004736810775116165,-0.3356877581898902,-0.11237879849748536
5.019369840621948,-0.90773165964923,-0.0020316154389770445,0.00432772942531322,-0.10452448488399711,-0.00011988496360310095,0.0022052781498049794,0.007300193858766035,-1.0220044398793782,0.726940522672601,0.00044669147074100687,-0.33688473218307846,-0.11277789085593384
5.026167631149292,-0.90773165964923,-0.0020316154389770445,0.00432772942531322,-0.10347924003515714,-0.00011868611396706993,0.0021832253683069297,0.007300193858766035,-1.0220044398793782,0.726940522672601,0.0004422245560335968,-0.33351588486124767,-0.11165011194737451
5.04085898399353,-0.9065458113752535,-0.002166119413774071,0.00436875645123895,-0.1016371634072151,-0.00018329746399417142,0.002224679987534773,0.007294709680357527,-1.030033047343809,0.7322997362208484,0.0004084459012112372,-0.3364218437641319,-0.11258767110213849
5.045292377471924,-0.9065458113752535,-0.002166119413774071,0.00436875645123895,-0.10062079177314294,-0.00018146448935422971,0.002202433187659425,0.007294709680357527,-1.030033047343809,0.7322997362208484,0.0004043614421991248,-0.3330576253264906,-0.1114617943911171
5.065418243408203,-0.9054840416002079,-0.0023303288470172727,0.0044200076240144305,-0.09908692332936378,-0.00023850562474039372,0.002237249373185488,0.007291556735334488,-1.0381004015307838,0.737778497207293,0.00037983610054153597,-0.3343431094034144,-0.11182022922502384
5.0699403285980225,-0.9054840416002079,-0.0023303288470172727,0.0044200076240144305,-0.09809605409607014,-0.00023612056849298978,0.002214876879453633,0.007291556735334488,-1.0381004015307838,0.737778497207293,0.0003760377395361206,-0.33099967830938026,-0.1107020269327736
5.083202123641968,-0.9047370700911608,-0.002534216704254104,0.004486993668786103,-0.0965516696558037,-0.00034464214768782365,0.0023018496248890376,0.00728959674449617,-1.0460681347232872,0.7432537557988189,0.0003422100479389006,-0.33464811228068597,-0.11176782209441126
5.088527679443359,-0.9047370700911608,-0.002534216704254104,0.004486993668786103,-0.09558615295924566,-0.0003411957262109454,0.002278831128640147,0.00728959674449617,-1.0460681347232872,0.7432537557988189,0.00033878794745951157,-0.3313016311578791,-0.11065014387346715
5.1031012535095215,-0.9044560723756446,-0.002607699734260459,0.004487793823843061,-0.0944373932260386,-0.0003808974716408233,0.002277918707532026,0.007291344244630885,-1.05408423514492,0.7488335821850187,0.000310511298957234,-0.33439819181424874,-0.11150084978830929
5.109224796295166,-0.9044560723756446,-0.002607699734260459,0.004487793823843061,-0.0934930192937782,-0.00037708849692441506,0.0022551395204567057,0.007291344244630885,-1.05408423514492,0.7488335821850187,0.00030740618596766166,-0.33105420989610623,-0.1103858412904262
5.126010894775391,-0.9031499456960923,-0.0023405399419662277,0.0038181335521762253,-0.09177954306387798,-0.0004015123450086311,0.0018190614172012734,0.007292578441743879,-1.062067446356263,0.7543978531017621,0.00028599338942431957,-0.33329123384566933,-0.11096430622639467
5.130725860595703,-0.9031499456960923,-0.0023405399419662277,0.0038181335521762253,-0.0908617476332392,-0.0003974972215585448,0.0018008708030292607,0.007292578441743879,-1.062067446356263,0.7543978531017621,0.00028313345553007636,-0.32995832150721266,-0.10985466316413071
5.1595299243927,-0.9004226929633019,-0.0021392959412951345,0.0031260392974705054,-0.08900602256227365,-0.00043209914076860556,0.0015449445809734414,0.007313927535584762,-1.0781131351989377,0.7657584141271195,0.00026970399758685323,-0.3332101922242936,-0.11067083381712545
5.165073394775391,-0.9004226929633019,-0.0021392959412951345,0.0031260392974705054,-0.08811596233665091,-0.0004277781493609195,0.001529495135163707,0.007313927535584762,-1.0781131351989377,0.7657584141271195,0.0002670069576109847,-0.3298780903020507,-0.1095641254789542
5.181908130645752,-0.8996035392821297,-0.002063738547667957,0.00293101232809998,-0.08674810400826244,-0.0004323081753359934,0.0013947662139994163,0.0073485281086828926,-1.086155440664746,0.7715515369767388,0.000270500911555534,-0.33224508930323154,-0.11006933322478085
5.187947988510132,-0.8996035392821297,-0.002063738547667957,0.00293101232809998,-0.08588062296817982,-0.0004279850935826335,0.0013808185518594221,0.0073485281086828926,-1.086155440664746,0.7715515369767388,0.00026779590243997863,-0.32892263841019925,-0.10896863989253304
5.2132179737091064,-0.8991949568290727,-0.0020180500055871184,0.0028145715162002957,-0.0848600861642791,-0.0004270632439917328,0.0013193877056090467,0.00740044668588741,-1.0941972572947523,0.7773210705131602,0.0002764791527176971,-0.3294009439120833,-0.10894956551733552
5.217001914978027,-0.8991949568290727,-0.0020180500055871184,0.0028145715162002957,-0.08401148530263632,-0.00042279261155181544,0.0013061938285529563,0.00740044668588741,-1.0941972572947523,0.7773210705131602,0.00027371436119052014,-0.32610693447296246,-0.10786006986216216
5.247771978378296,-0.8965446111854837,-0.002075062743615838,0.0027755177130743603,-0.08230999709092598,-0.00043864911065621243,0.0012903295266174033,0.007550924132948098,-1.1105343604576217,0.7889728009268455,0.0003048664346213768,-0.32911874475474073,-0.10856508412985671
5.252138137817383,-0.8965446111854837,-0.002075062743615838,0.0027755177130743603,-0.08148689712001672,-0.0004342626195496503,0.0012774262313512293,0.007550924132948098,-1.1105343604576217,0.7889728009268455,0.00030181777027516306,-0.3258275573071933,-0.10747943328855815
5.262596130371094,-0.895348732424577,-0.0020819199138159814,0.0027725811240908345,-0.0795285129636693,-0.00043498644361832973,0.001265606825894897,0.00763965657129526,-1.1187543149006725,0.7948642836920841,0.0003614867485001353,-0.3318803320023291,-0.10901669244345302
5.284098386764526,-0.8944988278815488,-0.0014654192439274999,0.0024755266800407533,-0.07833807787301428,-0.0002379042631449353,0.0010127387718127934,0.007724268703931146,-1.1269747100044816,0.8007296338680947,0.00038728876213756157,-0.333081844185614,-0.10920083175171488
5.288949966430664,-0.8944988278815488,-0.0014654192439274999,0.0024755266800407533,-0.07755469709428413,-0.00023552522051348594,0.0010026113840946654,0.007724268703931146,-1.1269747100044816,0.8007296338680947,0.00038341587451618594,-0.32975102574375786,-0.10810882343419774
5.308670997619629,-0.8940640110868769,-0.0014981004104684373,0.0024737019529216817,-0.07655864998819074,-0.0002477044938677367,0.000998782159014868,0.007799005699034646,-1.1352930838835387,0.8066162867331865,0.00040655119134589627,-0.3314222412000122,-0.10844695306884274
5.3141186237335205,-0.8940640110868769,-0.0014981004104684373,0.0024737019529216817,-0.07579306348830883,-0.00024522744892905933,0.0009887943374247193,0.007799005699034646,-1.1352930838835387,0.8066162867331865,0.0004024856794324373,-0.32810801878801205,-0.10736248353815431
5.3319761753082275,-0.8926943600718539,-0.0022576513895031652,0.002280999839591303,-0.07426765693352828,-0.0006577719097659776,0.0010628901177068347,0.007884383101293116,-1.143701604751352,0.8124678911356497,0.00043579641195640677,-0.3303326771007638,-0.10790032489970261
5.336845397949219,-0.8926943600718539,-0.0022576513895031652,0.002280999839591303,-0.073524980364193,-0.0006511941906683178,0.0010522612165297662,0.007884383101293116,-1.143701604751352,0.8124678911356497,0.0004314384478368427,-0.32702935032975616,-0.10682132165070558
5.361537456512451,-0.8898828110392335,-0.004970430750411073,0.0029681149165706323,-0.07165088189672743,-0.001485534744940405,0.0017441430529369522,0.008133151218148343,-1.1607726408444212,0.8241272894227918,0.0005103041464435383,-0.33178013908057696,-0.10815300830540084
5.366974592208862,-0.8898828110392335,-0.004970430750411073,0.0029681149165706323,-0.07093437307776015,-0.001470679397491001,0.0017267016224075827,0.008133151218148343,-1.1607726408444212,0.8241272894227918,0.0005052011049791029,-0.3284623376897712,-0.10707147822234683
5.3843207359313965,-0.8889923678085535,-0.00467326540426681,0.0026743462062722586,-0.06971135232819024,-0.0013758180605651842,0.0014911979624192878,0.008300012733837948,-1.1694069962536064,0.8299257892340999,0.0005849649472746677,-0.33091014167895033,-0.10775947494349922
5.3894572257995605,-0.8889923678085535,-0.00467326540426681,0.0026743462062722586,-0.06901423880490834,-0.0013620598799595322,0.001476285982795095,0.008300012733837948,-1.1694069962536064,0.8299257892340999,0.000579115297801921,-0.3276010402621608,-0.10668188019406423
5.406751394271851,-0.8884854197342338,-0.0056336184111424985,0.003024563643538292,-0.06803120319830598,-0.0017486512556504497,0.0018699316637401228,0.008480456990767583,-1.178134611462506,0.8356743262917958,0.0006646840903464584,-0.33008715346974804,-0.10743635169050059
5.414207220077515,-0.8884854197342338,-0.0056336184111424985,0.003024563643538292,-0.06735089116632292,-0.0017311647430939452,0.0018512323471027215,0.008480456990767583,-1.178134611462506,0.8356743262917958,0.0006580372494429938,-0.32678628193505055,-0.10636198817359557
5.426205158233643,-0.8871669020570171,-0.005059712689366873,0.002705613497057506,-0.06557793923388308,-0.0014040739707415603,0.001404004479082653,0.008680897883581151,-1.1869624525114533,0.8413808690756049,0.0008013483824671543,-0.3318531876459282,-0.10799954835203605
5.430401802062988,-0.8871669020570171,-0.005059712689366873,0.002705613497057506,-0.06492215984154424,-0.0013900332310341447,0.0013899644342918265,0.008680897883581151,-1.1869624525114533,0.8413808690756049,0.0007933348986424827,-0.3285346557694689,-0.10691955286851569
5.443850040435791,-0.8856903969998785,-0.005614136130327351,0.002943984745158795,-0.06317530889964734,-0.0016606568630035032,0.0017043662854788972,0.008880272078655655,-1.1958240119764998,0.8470484230496192,0.0009168934506822686,-0.3326821899969273,-0.10828708881239668
5.466519594192505,-0.8844069823163375,-0.005082232838630998,0.0026944787058555486,-0.06197723098977705,-0.0014833020762323194,0.0014950405324641262,0.00906737858877595,-1.2046978420328414,0.8526951847391311,0.0009810889918154952,-0.3337629554921061,-0.10865401998584218
5.471851825714111,-0.8844069823163375,-0.005082232838630998,0.0026944787058555486,-0.06135745867987928,-0.0014684690554699962,0.0014800901271394848,0.00906737858877595,-1.2046978420328414,0.8526951847391311,0.0009712781018973402,-0.33042532593718504,-0.10756747978598376
5.4847657680511475,-0.88348887639061,-0.0031876964165519816,0.0018063548349644808,-0.06003208065182377,-0.0004539670075385772,0.00025757938134388634,0.009228409962554984,-1.2136365390961477,0.8583014489097327,0.0010750550355657414,-0.3348682569059416,-0.10908810150477051
5.490001678466797,-0.88348887639061,-0.0031876964165519816,0.0018063548349644808,-0.059431759845305535,-0.0004494273374631914,0.0002550035875304475,0.009228409962554984,-1.2136365390961477,0.8583014489097327,0.001064304485210084,-0.3315195743368822,-0.10799722048972281
5.510101318359375,-0.8829406398279241,-0.0030569953632952626,0.001730567411863227,-0.05856464395114662,-0.0004032870370150832,0.0001928954241247385,0.009362611520681071,-1.2226135885874183,0.8638482467829833,0.0011134269889830075,-0.33317208065162557,-0.108616099104546
5.524675130844116,-0.8829406398279241,-0.0030569953632952626,0.001730567411863227,-0.057978997511635155,-0.0003992541666449324,0.00019096646988349113,0.009362611520681071,-1.2226135885874183,0.8638482467829833,0.0011022927190931775,-0.3298403598451093,-0.10752993811350055
5.529524087905884,-0.8814986681837986,-0.0033844390109653644,0.0019058974206400828,-0.05442580808228556,-0.0008329930672310876,0.0007882987701776848,0.009500463133668006,-1.2317078882234267,0.8693445158256617,0.0013427177420399796,-0.34721732068076716,-0.11371991773776002
5.534343242645264,-0.8814986681837986,-0.0033844390109653644,0.0019058974206400828,-0.053881550001462705,-0.0008246631365587768,0.0007804157824759079,0.009500463133668006,-1.2317078882234267,0.8693445158256617,0.0013292905646195797,-0.3437451474739595,-0.11258271856038242
5.53996205329895,-0.8799255790167343,-0.00374029072040455,0.0021248684397575787,-0.05054354036954304,-0.0012061296309248213,0.001379056140365063,0.009651784868968461,-1.2408123580456165,0.874762511730079,0.0015533053730310896,-0.3580642820541643,-0.11780155804558418
5.543076276779175,-0.8799255790167343,-0.00374029072040455,0.0021248684397575787,-0.05003810496584761,-0.001194068334615573,0.0013652655789614123,0.009651784868968461,-1.2408123580456165,0.874762511730079,0.0015377723193007787,-0.35448363923362264,-0.11662354246512834
5.569803476333618,-0.8785632526747084,-0.00530458475211597,0.002939750157616342,-0.04902844438992462,-0.0015683106142706242,0.001860754721180963,0.009810417897813742,-1.2499388700034908,0.8801541533084258,0.0015724269062111897,-0.3546712266785662,-0.11679879453472349
5.574437379837036,-0.8785632526747084,-0.00530458475211597,0.002939750157616342,-0.048538159946025373,-0.001552627508127918,0.0018421471739691535,0.009810417897813742,-1.2499388700034908,0.8801541533084258,0.0015567026371490777,-0.35112451441178055,-0.11563080658937624
5.584891319274902,-0.8775521484690152,-0.004808944525904848,0.0028318802753548077,-0.04708560159269658,-0.001162068349725437,0.0015400792093160426,0.009985921947961775,-1.2590674823331125,0.885466192051101,0.0016855680657549743,-0.35710202026179444,-0.11794480226110526
5.589430809020996,-0.8775521484690152,-0.004808944525904848,0.0028318802753548077,-0.04661474557676961,-0.0011504476662281826,0.0015246784172228821,0.009985921947961775,-1.2590674823331125,0.885466192051101,0.0016687123850974246,-0.3535310000591765,-0.11676535423849421
5.606407403945923,-0.8769665792632079,-0.0055009610082633565,0.0032953584989855638,-0.04580416035555982,-0.0013832542656602375,0.0019170535591099456,0.010164694243160986,-1.2682881840019709,0.8907189063714751,0.0017400845770141572,-0.35584780819369155,-0.11779537561213964
5.61048150062561,-0.8769665792632079,-0.0055009610082633565,0.0032953584989855638,-0.04534611875200422,-0.001369421723003635,0.001897883023518846,0.010164694243160986,-1.2682881840019709,0.8907189063714751,0.0017226837312440157,-0.3522893301117546,-0.11661742185601824
5.624663352966309,-0.8755119996465954,-0.004787391123497179,0.003145854693557863,-0.043867094982459366,-0.0009555461742574076,0.001581781217901339,0.010366217474041583,-1.2775157012220233,0.8958811698404843,0.0018273983608144378,-0.35572975703280846,-0.11811636737507826
5.6284637451171875,-0.8755119996465954,-0.004787391123497179,0.003145854693557863,-0.04342842403263477,-0.0009459907125148336,0.0015659634057223256,0.010366217474041583,-1.2775157012220233,0.8958811698404843,0.0018091243772062934,-0.3521724594624804,-0.11693520370132747
5.65908145904541,-0.8724988617821108,-0.004510828057919236,0.0034206573303447907,-0.0420103462283186,-0.0008183272191215991,0.0015937267520446635,0.010781222008655025,-1.295981632231671,0.9060592534184906,0.0019058399439797228,-0.3550745398744944,-0.11824879864901335
5.662752151489258,-0.8724988617821108,-0.004510828057919236,0.0034206573303447907,-0.04159024276603541,-0.0008101439469303831,0.0015777894845242168,0.010781222008655025,-1.295981632231671,0.9060592534184906,0.0018867815445399257,-0.35152379447574944,-0.11706631066252321
5.682923793792725,-0.8714746770456051,-0.004477302917168438,0.003600505649425218,-0.040666856735642014,-0.0007498238761674378,0.0016343158292906335,0.01099763029278877,-1.3052245169135235,0.9111045920602374,0.00195847233957861,-0.352872306034768,-0.11779277055103518
5.687107086181641,-0.8714746770456051,-0.004477302917168438,0.003600505649425218,-0.040260188168285596,-0.0007423256374057634,0.001617972670997727,0.01099763029278877,-1.3052245169135235,0.9111045920602374,0.001938887616182824,-0.3493435829744203,-0.11661484284552483
5.703946352005005,-0.8708061984989406,-0.003990981561259388,0.0035574927008158023,-0.03946086267587387,-0.0004908058403533446,0.0014619128774985691,0.011217584463958565,-1.3144122457019642,0.9160611823730732,0.0020302112356979907,-0.3516165296789383,-0.11772620599567561
5.7085185050964355,-0.8708061984989406,-0.003990981561259388,0.0035574927008158023,-0.03906625404911513,-0.00048589778194981116,0.0014472937487235835,0.011217584463958565,-1.3144122457019642,0.9160611823730732,0.002009909123341011,-0.3481003643821489,-0.11654894393571885
5.725740671157837,-0.8692810634067512,-0.004876443502526523,0.004122752343555737,-0.03779028182801641,-0.0007965831620053619,0.0019324400830051372,0.011457208545785667,-1.3236731635613914,0.9210126948681352,0.0021062505953332164,-0.35028613303188916,-0.11763627601303844
5.731252431869507,-0.8692810634067512,-0.004876443502526523,0.004122752343555737,-0.03741237900973624,-0.0007886173303853083,0.0019131156821750857,0.011457208545785667,-1.3236731635613914,0.9210126948681352,0.002085188089379884,-0.34678327170157025,-0.11645991325290805
5.741113901138306,-0.8675768922385946,-0.00486053742578284,0.0042562143667727575,-0.03531056489589344,-0.0007068203381888172,0.0020093051033811048,0.011720612518414483,-1.3328319531104569,0.9258845584353771,0.0022908455922379966,-0.3530901252673921,-0.11918618075873219
5.744965314865112,-0.8675768922385946,-0.00486053742578284,0.0042562143667727575,-0.034957459246934504,-0.000699752134806929,0.001989212052347294,0.011720612518414483,-1.3328319531104569,0.9258845584353771,0.0022679371363156166,-0.3495592240147182,-0.11799431895114487
5.765645742416382,-0.8660611249554044,-0.005915957284768085,0.004859849125147459,-0.03387515678835406,-0.0010206509954029446,0.0024350740864752364,0.0120150608530128,-1.3419749804692902,0.9307950912484056,0.002365763428240718,-0.35073684298952007,-0.11864499268282172
5.768981218338013,-0.8660611249554044,-0.005915957284768085,0.004859849125147459,-0.033536405220470515,-0.001010444485448915,0.002410723345610484,0.0120150608530128,-1.3419749804692902,0.9307950912484056,0.0023421057939583107,-0.3472294745596249,-0.1174585427559935
5.78776478767395,-0.864851229370269,-0.005507999415291228,0.004782962153218835,-0.03255710465073529,-0.0008239323795893472,0.0022636388129934327,0.012313087088349634,-1.3510348378101569,0.9356463662105046,0.002453755519143904,-0.3488520352119511,-0.11827993985487972
5.792945861816406,-0.864851229370269,-0.005507999415291228,0.004782962153218835,-0.03223153360422794,-0.0008156930557934538,0.0022410024248634983,0.012313087088349634,-1.3510348378101569,0.9356463662105046,0.0024292179639524647,-0.3453635148598316,-0.11709714045633092
5.804123640060425,-0.8640425407128659,-0.006439056714825313,0.0053014002666021765,-0.031186090354667823,-0.0013499516547679463,0.0029664357560638547,0.012627751453233997,-1.3601565575724837,0.9405045787265341,0.002642306658610165,-0.3505148800712576,-0.1193117908652498
5.81009316444397,-0.8640425407128659,-0.006439056714825313,0.0053014002666021765,-0.030874229451121143,-0.0013364521382202667,0.002936771398503216,0.012627751453233997,-1.3601565575724837,0.9405045787265341,0.0026158835920240637,-0.347009731270545,-0.11811867295659731
5.824523210525513,-0.862341003417395,-0.005891313364817683,0.005126464983464661,-0.029386503340693843,-0.001034173553725109,0.002649335213348996,0.012961244619696177,-1.3692199315384992,0.9452987664543367,0.0027878207960362338,-0.350149719662331,-0.1195468548588985
5.828834533691406,-0.862341003417395,-0.005891313364817683,0.005126464983464661,-0.029092638307286905,-0.0010238318181878577,0.002622841861215506,0.012961244619696177,-1.3692199315384992,0.9452987664543367,0.0027599425880758715,-0.3466482224657077,-0.11835138631030952
5.840699911117554,-0.860492181815256,-0.006474967100126715,0.005445442691538263,-0.02724374011786151,-0.001332868251401178,0.003035878781676442,0.013299337604425586,-1.3782949552085306,0.9501136742744494,0.002974770296008564,-0.351246086386763,-0.12032263405849841
5.843858003616333,-0.860492181815256,-0.006474967100126715,0.005445442691538263,-0.026971302716682896,-0.001319539568887166,0.0030055199938596776,0.013299337604425586,-1.3782949552085306,0.9501136742744494,0.002945022593048478,-0.3477336255228954,-0.11911940771791343
5.869943380355835,-0.8587991331867559,-0.006065553465034965,0.005301018201690421,-0.02605261174309693,-0.0011881889848830982,0.0028646933339627266,0.013633440017938326,-1.3872737672255067,0.954887351351614,0.003025005885590372,-0.34789085671276754,-0.11933934142147405
5.873316287994385,-0.8587991331867559,-0.006065553465034965,0.005301018201690421,-0.025792085625665963,-0.0011763070950342673,0.0028360464006230994,0.013633440017938326,-1.3872737672255067,0.954887351351614,0.0029947558267344686,-0.34441194814563986,-0.1181459480072593
5.888323545455933,-0.8574850581769344,-0.006209129728266857,0.005389977683639996,-0.02465860297312669,-0.0012220456876611532,0.0029004238873319003,0.013963603057574936,-1.396267580295424,0.9597008798239454,0.0031519113396916115,-0.3473152116364048,-0.11939918090273455
5.892579793930054,-0.8574850581769344,-0.006209129728266857,0.005389977683639996,-0.024412016943395422,-0.0012098252307845417,0.002871419648458581,0.013963603057574936,-1.396267580295424,0.9597008798239454,0.0031203922262946953,-0.3438420595200407,-0.1182051890937072
5.910760879516602,-0.8565071285130713,-0.005961001650224899,0.005289571110247622,-0.02363004913365735,-0.0010978038628424208,0.0027401519427274214,0.014283100140921785,-1.4051947670936282,0.9644465957198249,0.0032383809853242713,-0.34559273953319813,-0.11902434578021863
5.914495468139648,-0.8565071285130713,-0.005961001650224899,0.005289571110247622,-0.023393748642320775,-0.0010868258242139966,0.002712750423300147,0.014283100140921785,-1.4051947670936282,0.9644465957198249,0.0032059971754710287,-0.3421368121378662,-0.11783410232241644
5.943602561950684,-0.8526611629405104,-0.005830294728072313,0.005179718063006646,-0.021838451223396255,-0.0010471676346512297,0.002636976712739191,0.01490622780404381,-1.4230754304781181,0.9739519527972648,0.0033555745231711536,-0.3452170417704062,-0.11913441482688893
5.946863412857056,-0.8526611629405104,-0.005830294728072313,0.005179718063006646,-0.021620066711162293,-0.0010366959583047173,0.002610606945611799,0.01490622780404381,-1.4230754304781181,0.9739519527972648,0.003322018777939442,-0.3417648713527021,-0.11794307067862003
5.9693803787231445,-0.8508518562320835,-0.005795191238357223,0.005112904909815416,-0.020600266694014668,-0.001021862961712902,0.0025536724187009497,0.015201302016437218,-1.4319291039688398,0.9787631117190196,0.0033995202962625645,-0.3425464668831295,-0.11831196257038291
5.974963426589966,-0.8508518562320835,-0.005795191238357223,0.005112904909815416,-0.020394264027074522,-0.0010116443320957729,0.00252813569451394,0.015201302016437218,-1.4319291039688398,0.9787631117190196,0.003365525093299939,-0.3391210022142982,-0.11712884294467908
5.982600927352905,-0.8493570990123706,-0.005796029794257878,0.005051431410039156,-0.018232934163182946,-0.0010284675972642863,0.002436133965320581,0.015484011809345772,-1.4406940902425176,0.9835394253236088,0.0036435962290622776,-0.3480058559477663,-0.12044665020639539
6.007113456726074,-0.8483108764838064,-0.005913978818340158,0.005039637123604925,-0.01762370518849836,-0.001061294639489375,0.0024276258605910217,0.015756396646523136,-1.4495294261993237,0.9883641916356485,0.003700035044292045,-0.3483859681142578,-0.12064531220351093
6.011592388153076,-0.8483108764838064,-0.005913978818340158,0.005039637123604925,-0.017447468136613374,-0.0010506816930944813,0.0024033496019851114,0.015756396646523136,-1.4495294261993237,0.9883641916356485,0.0036630346938491243,-0.34490210843311525,-0.11943885908147582
6.024939775466919,-0.8464024152505388,-0.0059314531898145085,0.004992049622188862,-0.0158430243700169,-0.0010614479318003692,0.002356011780627057,0.01601781509749759,-1.4582875417107575,0.9931430412615966,0.003789429917617282,-0.34848308238611647,-0.12078719964268425
6.029078006744385,-0.8464024152505388,-0.0059314531898145085,0.004992049622188862,-0.01568459412631673,-0.0010508334524823655,0.0023324516628207862,0.01601781509749759,-1.4582875417107575,0.9931430412615966,0.0037515356184411094,-0.34499825156225533,-0.11957932764625741
6.043371677398682,-0.8444067476344751,-0.005966162935231798,0.004956312340689925,-0.014131447764715633,-0.0010673713970940873,0.0022996335206768304,0.016267752309717866,-1.467068962037396,0.997992489395833,0.003858571921251519,-0.34816531132008277,-0.12072415247959967
6.048220634460449,-0.8444067476344751,-0.005966162935231798,0.004956312340689925,-0.013990133287068477,-0.0010566976831231465,0.0022766371854700622,0.016267752309717866,-1.467068962037396,0.997992489395833,0.0038199862020390036,-0.34468365820688196,-0.11951691095480367
6.07058572769165,-0.8425794205967368,-0.006134142380834935,0.004982034217806772,-0.013033122150974652,-0.0011054908949206274,0.002295675845149289,0.01650534539636372,-1.475738641616665,1.0028260614157345,0.0038689404829647463,-0.34542997531706326,-0.11977732694694593
6.077073097229004,-0.8425794205967368,-0.006134142380834935,0.004982034217806772,-0.012902790929464905,-0.0010944359859714212,0.0022727190866977964,0.01650534539636372,-1.475738641616665,1.0028260614157345,0.003830251078135099,-0.34197567556389263,-0.11857955367747647
6.087929964065552,-0.8411548302848716,-0.006179776409856941,0.0049564829816366755,-0.011461472746069424,-0.0011259005853105305,0.0022487363063069766,0.016732395995414172,-1.4844305165671334,1.0077388441291377,0.003962190771157847,-0.34726604297605945,-0.12034648837227116
6.100024938583374,-0.8411548302848716,-0.006179776409856941,0.0049564829816366755,-0.011346858018608729,-0.0011146415794574252,0.0022262489432439067,0.016732395995414172,-1.4844305165671334,1.0077388441291377,0.003922568863446268,-0.3437933825462989,-0.11914302348854845
6.106289863586426,-0.8400697971847785,-0.006235148552157675,0.004935123517667339,-0.009501235515929586,-0.0011898466831297145,0.0022126886307947675,0.016943359467082145,-1.4930627944177874,1.012599587852704,0.004153503081638284,-0.35532988256295023,-0.12303659850342155
6.113427400588989,-0.8400697971847785,-0.006235148552157675,0.004935123517667339,-0.00940622316077029,-0.0011779482162984174,0.00219056174448682,0.016943359467082145,-1.4930627944177874,1.012599587852704,0.004111968050821901,-0.35177658373732074,-0.12180623251838733
6.127718687057495,-0.838159285333693,-0.0063279699622680935,0.004931004677070286,-0.007975231403776317,-0.0012206578376117122,0.0021948566872796917,0.017140380840924556,-1.5017954558371316,1.0175164007648818,0.004179309896145511,-0.35490358452096094,-0.1228306727385825
6.131021738052368,-0.838159285333693,-0.0063279699622680935,0.004931004677070286,-0.007895479089738554,-0.0012084512592355952,0.002172908120406895,0.017140380840924556,-1.5017954558371316,1.0175164007648818,0.004137516797184056,-0.35135454867575133,-0.12160236601119667
6.149086952209473,-0.8360518812073854,-0.006384183629163521,0.004907062567557679,-0.006649888767726875,-0.0012255010487144716,0.0021544245300374907,0.017325724954632218,-1.510414100692442,1.022393113709841,0.00417602402167442,-0.3530425684490955,-0.1221172988130922
6.153264999389648,-0.8360518812073854,-0.006384183629163521,0.004907062567557679,-0.006583389880049606,-0.001213246038227327,0.0021328802847371156,0.017325724954632218,-1.510414100692442,1.022393113709841,0.0041342637814576755,-0.3495121427646045,-0.12089612582496129
6.166139602661133,-0.8341560032591026,-0.006478477663024777,0.004892933291428214,-0.0050448530860491255,-0.0012657789669361101,0.002134150786681826,0.017503438173170224,-1.5190524782281,1.0273600440166755,0.0041994630158253745,-0.35338246083911323,-0.12206638747069691
6.172462463378906,-0.8341560032591026,-0.006478477663024777,0.004892933291428214,-0.004994404555188634,-0.001253121177266749,0.0021128092788150078,0.017503438173170224,-1.5190524782281,1.0273600440166755,0.004157468385667121,-0.3498486362307221,-0.12084572359598994
6.19736123085022,-0.8325584360033251,-0.006575165961444844,0.004872071728186076,-0.004302755614124877,-0.0012763352599032215,0.002101060360558768,0.017675103366468933,-1.5276247120886743,1.0322825339410802,0.004168808649374237,-0.3501295290654532,-0.12085377417380956
6.2053961753845215,-0.8325584360033251,-0.006575165961444844,0.004872071728186076,-0.004259728057983628,-0.0012635719073041893,0.0020800497569531803,0.017675103366468933,-1.5276247120886743,1.0322825339410802,0.0041271205628804946,-0.3466282337747987,-0.11964523643207146
6.216284275054932,-0.8313857507067414,-0.006938220320239238,0.004960698557919454,-0.0031399503336378112,-0.0015117950585565908,0.0022651897228476957,0.01784418817684939,-1.5363088268510083,1.0372490742147136,0.004203515932868194,-0.3519069627443849,-0.12126923231757548
6.2236363887786865,-0.8313857507067414,-0.006938220320239238,0.004960698557919454,-0.003108550830301433,-0.0014966771079710248,0.0022425378256192186,0.01784418817684939,-1.5363088268510083,1.0372490742147136,0.0041614807735395115,-0.348387893116941,-0.12005653999439973
6.231974840164185,-0.8293028481034875,-0.006960957414063133,0.004905799796632722,-0.0005792480703433536,-0.0015236132071515846,0.0021788139585272428,0.01800527559290135,-1.5449456717913936,1.042156434545226,0.004264766571202971,-0.3562399806860853,-0.12252109205637353
6.253559827804565,-0.8270970272200571,-0.007040861309204098,0.004875587758921109,0.0004485623201040687,-0.0015434646964210448,0.002161758935430905,0.018161783993097678,-1.5536467595987422,1.047117979147783,0.004276077275149177,-0.35709848380627457,-0.12270697894395087
6.257038593292236,-0.8270970272200571,-0.007040861309204098,0.004875587758921109,0.000444076696903028,-0.0015280300494568343,0.002140141346076596,0.018161783993097678,-1.5536467595987422,1.047117979147783,0.004233316502397686,-0.35352749896821184,-0.12147990915451136
6.279278039932251,-0.8250407655328496,-0.0071326298666830315,0.004849898985312346,0.0013643279999247747,-0.0015509887654573454,0.002127050597097275,0.01831392977847879,-1.5622714602690722,1.0520369361193869,0.004241735995150731,-0.354248456923625,-0.12161360890626835
6.284081220626831,-0.8250407655328496,-0.0071326298666830315,0.004849898985312346,0.001350684719925527,-0.001535478877802772,0.002105780091126302,0.01831392977847879,-1.5622714602690722,1.0520369361193869,0.004199318635199224,-0.3507059723543888,-0.12039747281720567
6.302978992462158,-0.8233732567665617,-0.00717020391045159,0.004802285240437139,0.0022196787819191996,-0.0015447899762201216,0.0020724397840064896,0.01846344466413348,-1.5709638009112181,1.0570101422054252,0.0042158294934877116,-0.35225578870125923,-0.12077882523345713
6.307831048965454,-0.8233732567665617,-0.00717020391045159,0.004802285240437139,0.0021974819941000074,-0.0015293420764579204,0.0020517153861664248,0.01846344466413348,-1.5709638009112181,1.0570101422054252,0.004173671198552834,-0.3487332308142466,-0.11957103698112256
6.319342613220215,-0.8220292720725065,-0.007211254290070069,0.0047572123956328245,0.003343205812677845,-0.0015572885233061987,0.0020134003402107743,0.018607927132316692,-1.579620429534002,1.0619066061084568,0.004223975262197055,-0.35348096131298296,-0.12098931741805824
6.324398517608643,-0.8220292720725065,-0.007211254290070069,0.0047572123956328245,0.0033097737545510664,-0.0015417156380731368,0.0019932663368086665,0.018607927132316692,-1.579620429534002,1.0619066061084568,0.004181735509575085,-0.3499461516998531,-0.11977942424387765
6.333130359649658,-0.8198430912015514,-0.00718366460232264,0.00468262825118732,0.005780637647172989,-0.0015233000074858921,0.0018918888277156271,0.01874565564721798,-1.5884088532114873,1.0668359781962775,0.0042535232003920636,-0.3574413569236271,-0.12208857757040574
6.3374927043914795,-0.8198430912015514,-0.00718366460232264,0.00468262825118732,0.0057228312707012586,-0.0015080670074110332,0.001872969939438471,0.01874565564721798,-1.5884088532114873,1.0668359781962775,0.0042109879683881425,-0.35386694335439084,-0.12086769179470168
6.3559441566467285,-0.8174591387693688,-0.007187505402590829,0.004618379136167765,0.006957743381936685,-0.0015042522339141474,0.0018275821440906486,0.018878802993842324,-1.5971103331571432,1.071697053249994,0.004220697096444372,-0.35547601838655557,-0.12129714168289273
6.361942768096924,-0.8174591387693688,-0.007187505402590829,0.004618379136167765,0.006888165948117318,-0.001489209711575006,0.001809306322649742,0.018878802993842324,-1.5971103331571432,1.071697053249994,0.0041784901254799285,-0.35192125820269,-0.1200841702660638
6.379037618637085,-0.8152923513856641,-0.007243689284323706,0.0045714700309291405,0.008086928569098213,-0.0015102873243679155,0.0017829659593985433,0.0190068890069108,-1.6058694080189397,1.0766205104635245,0.004189956397700447,-0.35401177497151454,-0.1206388928411753
6.382457494735718,-0.8152923513856641,-0.007243689284323706,0.0045714700309291405,0.008006059283407231,-0.0014951844511242364,0.001765136299804558,0.0190068890069108,-1.6058694080189397,1.0766205104635245,0.0041480568337234425,-0.3504716572217994,-0.11943250391276354
6.4036900997161865,-0.8134205364787949,-0.007303492010617664,0.004520876701252345,0.008807693815049903,-0.0015118267089907057,0.001739559834062383,0.01913129330914722,-1.6145739405016293,1.0814730299463529,0.004148023511106156,-0.3514441674754996,-0.11964744262598402
6.40900182723999,-0.8134205364787949,-0.007303492010617664,0.004520876701252345,0.008719616876899403,-0.0014967084419007987,0.0017221642357217592,0.01913129330914722,-1.6145739405016293,1.0814730299463529,0.004106543275995095,-0.3479297258007446,-0.11845096819972419
6.417705297470093,-0.8119720886578385,-0.007479328799637568,0.004514511484299657,0.01029688530034184,-0.001659898006143395,0.001780917366749252,0.019253383250391835,-1.623408987469473,1.0863488948561137,0.0041633576789485245,-0.3555004740135309,-0.1207789684626376
6.422861814498901,-0.8119720886578385,-0.007479328799637568,0.004514511484299657,0.010193916447338422,-0.001643299026081961,0.0017631081930817593,0.019253383250391835,-1.623408987469473,1.0863488948561137,0.004121724102159039,-0.3519454692733956,-0.11957117877801123
6.451822519302368,-0.8071533358486038,-0.00761899614045244,0.004402185953225254,0.01175606551678584,-0.0016797038670788523,0.0017342463130351053,0.019481897580308626,-1.6410911861233914,1.095969837437826,0.004134641842032722,-0.3550480345720398,-0.12048885879522095
6.454761981964111,-0.8071533358486038,-0.00761899614045244,0.004402185953225254,0.011638504861617981,-0.0016629068284080637,0.0017169038499047543,0.019481897580308626,-1.6410911861233914,1.095969837437826,0.0040932954236123946,-0.3514975542263194,-0.11928397020726873
6.478136777877808,-0.8048439955890601,-0.00767788776158545,0.004335502924828282,0.0125102157090683,-0.0016766925652253076,0.0016868295709505424,0.019589551722381093,-1.6499106363347518,1.100732477779531,0.004083367862095569,-0.35206666331350167,-0.11939835794190874
6.483264684677124,-0.8048439955890601,-0.00767788776158545,0.004335502924828282,0.012385113551977618,-0.0016599256395730545,0.001669961275241037,0.019589551722381093,-1.6499106363347518,1.100732477779531,0.004042534183474613,-0.3485459966803667,-0.11820437436248965
6.5018205642700195,-0.8029310847469596,-0.007717070163176786,0.004256644269579227,0.013292342029487893,-0.0016752944054745495,0.0016264198746382403,0.01969387725760249,-1.658811482993643,1.105528599962686,0.004039642073358262,-0.35025183230699897,-0.11867820720181874
6.513505220413208,-0.8029310847469596,-0.007717070163176786,0.004256644269579227,0.013159418609193015,-0.001658541461419804,0.001610155675891858,0.01969387725760249,-1.658811482993643,1.105528599962686,0.003999245652624679,-0.346749313983929,-0.11749142512980054
6.522167921066284,-0.8005568727919047,-0.007886198268652455,0.004234366329118243,0.015768823868573447,-0.0018184275517286691,0.001653792181583317,0.01979462641227332,-1.667677798948367,1.110250853425964,0.004035862055935481,-0.3543212178607245,-0.11986780578030652
6.529499769210815,-0.8005568727919047,-0.007886198268652455,0.004234366329118243,0.015611135629887713,-0.0018002432762113823,0.0016372542597674839,0.01979462641227332,-1.667677798948367,1.110250853425964,0.003995503435376127,-0.35077800568211726,-0.11866912772250346
6.542259931564331,-0.7976652974535494,-0.007906955147255505,0.0041534024549227805,0.017721378628407756,-0.001814049087512571,0.0015773885720162162,0.019890848604074442,-1.676648409574105,1.1150061331435412,0.004004322006784614,-0.35484725989880295,-0.1199120754200966
6.547418117523193,-0.7976652974535494,-0.007906955147255505,0.0041534024549227805,0.017544164842123677,-0.0017959085966374453,0.001561614686296054,0.019890848604074442,-1.676648409574105,1.1150061331435412,0.003964278786716768,-0.3512987872998149,-0.11871295466589564
6.556673526763916,-0.7947719188182902,-0.007939138088435688,0.004077723202560578,0.020495214606366524,-0.001830745758279362,0.0014958183300412856,0.019983324915250834,-1.6855395229634218,1.1197158198658577,0.003989084178234474,-0.3581463523234246,-0.12081843109982572
6.561841011047363,-0.7947719188182902,-0.007939138088435688,0.004077723202560578,0.020290262460302858,-0.0018124383006965683,0.0014808601467408728,0.019983324915250834,-1.6855395229634218,1.1197158198658577,0.0039491933364521285,-0.3545648888001904,-0.11961024678882747
6.585743427276611,-0.7922329784283664,-0.008049115166477295,0.0040337035178647,0.02114967759343746,-0.0018394456762913032,0.001470300518064809,0.020069523043596733,-1.694485256981074,1.124483942673954,0.003932279559828726,-0.3550676887918235,-0.11967798699141084
6.590425729751587,-0.7922329784283664,-0.008049115166477295,0.0040337035178647,0.020938180817503087,-0.0018210512195283902,0.001455597512884161,0.020069523043596733,-1.694485256981074,1.124483942673954,0.003892956764230439,-0.3515170119039053,-0.11848120712149673
6.599353790283203,-0.790073104733116,-0.008142945155535842,0.003983154219428216,0.02314830170881163,-0.0019114590587318838,0.0014376512999736818,0.02015274269697966,-1.7033870559943707,1.1291977579851402,0.003911859700477401,-0.3587698733864312,-0.12066439735461779
6.603615045547485,-0.790073104733116,-0.008142945155535842,0.003983154219428216,0.022916818691723514,-0.001892344468144565,0.001423274786973945,0.02015274269697966,-1.7033870559943707,1.1291977579851402,0.003872741103472627,-0.35518217465256685,-0.1194577533810716
6.620585680007935,-0.7883827881169667,-0.008237612381215778,0.003932669905548634,0.02368383876583024,-0.0019318215064344849,0.0014065503522811807,0.020233795722690864,-1.712425537851778,1.133930274564367,0.0038630750612361074,-0.3573628721539379,-0.12007480949099786
6.6238694190979,-0.7883827881169667,-0.008237612381215778,0.003932669905548634,0.02344700037817194,-0.00191250329137014,0.001392484848758369,0.020233795722690864,-1.712425537851778,1.133930274564367,0.0038244443106237465,-0.35378924343239854,-0.11887406139608787
6.6651365756988525,-0.783183980772592,-0.008385599072165241,0.0038241466210135306,0.0244724511279654,-0.0019318224330456466,0.0013726168353934908,0.020390616685031598,-1.7305591837136352,1.1432560675098253,0.0038092117903414163,-0.35495981828002343,-0.11918441113305914
6.669884443283081,-0.783183980772592,-0.008385599072165241,0.0038241466210135306,0.024227726616685746,-0.00191250420871519,0.001358890667039556,0.020390616685031598,-1.7305591837136352,1.1432560675098253,0.0037711196724380023,-0.35141022009722317,-0.11799256702172854
6.677575349807739,-0.780703155268606,-0.008467527380950588,0.0037745935737399203,0.02721143316799901,-0.002004051636727442,0.001338172434274823,0.02046711367028263,-1.7396302018269654,1.147855095314843,0.0037929649322561115,-0.3604836081874589,-0.12086595037906037
6.682866811752319,-0.780703155268606,-0.008467527380950588,0.0037745935737399203,0.02693931883631902,-0.0019840111203601675,0.0013247907099320749,0.02046711367028263,-1.7396302018269654,1.147855095314843,0.00375503528293355,-0.3568787721055843,-0.11965729087526976
6.702060222625732,-0.7786138433378059,-0.008517669685592791,0.0037121969865272397,0.02775863239530532,-0.0019966704392130794,0.0012957866110939425,0.020543675795140236,-1.7487862210741487,1.152462963938693,0.0037415116210992453,-0.3583920033472546,-0.12010218467876317
6.712191343307495,-0.7786138433378059,-0.008517669685592791,0.0037121969865272397,0.027481046071352266,-0.0019767037348209487,0.0012828287449830032,0.020543675795140236,-1.7487862210741487,1.152462963938693,0.0037040965048882528,-0.354808083313782,-0.11890116283197553
6.725604295730591,-0.7761890967241872,-0.008394766333813563,0.003581942452680582,0.0290143492436654,-0.0019050888761936403,0.00115495905032026,0.020619197849860514,-1.757919744839272,1.1569929297886685,0.0037013761940146057,-0.3584851866457875,-0.12007306909377258
6.737607002258301,-0.7761890967241872,-0.008394766333813563,0.003581942452680582,0.028724205751228745,-0.0018860379874317038,0.0011434094598170574,0.020619197849860514,-1.757919744839272,1.1569929297886685,0.0036643624320744595,-0.3549003347793296,-0.11887233840283486
6.744436025619507,-0.7732785212206875,-0.008197236587483347,0.0034198007091916375,0.03269983470327581,-0.001681943605019056,0.0008259855648869276,0.020693593847780873,-1.767153679114706,1.1615330960712824,0.0036949911615541393,-0.36567147184081616,-0.12237137367753365
6.749544858932495,-0.7732785212206875,-0.008197236587483347,0.0034198007091916375,0.03237283635624305,-0.0016651241689688656,0.0008177257092380583,0.020693593847780873,-1.767153679114706,1.1615330960712824,0.003658041249938598,-0.362014757122408,-0.12114765994075831
6.763305902481079,-0.7703647598447632,-0.008109823705610683,0.003298242225055466,0.034166822730195764,-0.0016179637766608607,0.0007137299373448585,0.02076860965028702,-1.7763052640844448,1.1660277039456202,0.0036563734665942082,-0.3654418319968651,-0.12222389005824916
6.773921728134155,-0.7703647598447632,-0.008109823705610683,0.003298242225055466,0.033825154502893806,-0.001601784138894252,0.0007065926379714099,0.02076860965028702,-1.7763052640844448,1.1660277039456202,0.003619809731928266,-0.36178741367689643,-0.12100165115766666
6.795070648193359,-0.7677775019477667,-0.008118439786368664,0.003210816077204851,0.03471041862359706,-0.0016014482254974496,0.0006678638013112048,0.020842698516667126,-1.7854986034567577,1.170568928231157,0.0036063717701177314,-0.36278832753164725,-0.12126616794087117
6.800070762634277,-0.7677775019477667,-0.008118439786368664,0.003210816077204851,0.03436331443736109,-0.0015854337432424752,0.0006611851632980927,0.020842698516667126,-1.7854986034567577,1.170568928231157,0.003570308052416554,-0.35916044425633076,-0.12005350626146245
6.83410120010376,-0.7631347053341134,-0.00821997637900768,0.0030336602108741537,0.0353842082067226,-0.001612147925926447,0.0006231033589767837,0.020993327491654157,-1.8038973294268388,1.1795732579352742,0.0035646429693373784,-0.36130485340144325,-0.12067810418457728
6.837435007095337,-0.7631347053341134,-0.00821997637900768,0.0030336602108741537,0.03503036612465537,-0.0015960264466671826,0.0006168723253870158,0.020993327491654157,-1.8038973294268388,1.1795732579352742,0.003528996539644005,-0.3576918048674288,-0.11947132314273151
6.842540264129639,-0.7601756993618825,-0.008262411332750689,0.0029268830168978277,0.04047691976754072,-0.0017171347210691475,0.00047197186903721796,0.02106917874549876,-1.8130899499300486,1.1840361415174592,0.0035968332141762525,-0.37318765353711825,-0.12434964570071472
6.86544132232666,-0.7572729269439958,-0.008339336123762168,0.0028291978686558316,0.0413398579563033,-0.0017428112925858446,0.00044528177397400696,0.021145273106940678,-1.822366258068724,1.1885384638382936,0.0035843701419415704,-0.3737499002398561,-0.12446023522909591
6.8704352378845215,-0.7572729269439958,-0.008339336123762168,0.0028291978686558316,0.04092645937674027,-0.0017253831796599861,0.0004408289562342669,0.021145273106940678,-1.822366258068724,1.1885384638382936,0.0035485264405221545,-0.37001240123745754,-0.12321563287680495
6.887099504470825,-0.7546203366521168,-0.008414386411322076,0.002728386223655367,0.042109233682018875,-0.0017670535973453678,0.0004035663049610745,0.021221159372903746,-1.8315878997047295,1.192993301602719,0.003545916751374589,-0.3721750166085421,-0.12382697550352366
6.892760515213013,-0.7546203366521168,-0.008414386411322076,0.002728386223655367,0.04168814134519869,-0.001749383061371914,0.00039953064191146375,0.021221159372903746,-1.8315878997047295,1.192993301602719,0.003510457583860843,-0.36845326644245663,-0.12258870574848842
6.907522201538086,-0.7523688650374817,-0.008449878073776142,0.0026110498404262345,0.0427968049432667,-0.0017787654375326968,0.0003376324260364553,0.021297856603414184,-1.8408872943377081,1.1974655842931752,0.0035136842215330788,-0.37143829310649895,-0.12345638735105972
6.912686824798584,-0.7523688650374817,-0.008449878073776142,0.0026110498404262345,0.042368836893834035,-0.0017609777831573698,0.0003342561017760907,0.021297856603414184,-1.8408872943377081,1.1974655842931752,0.003478547379317748,-0.36772391017543393,-0.12222182347754912
6.927692890167236,-0.7494035541367167,-0.008404852096405846,0.0026690171550195303,0.04392102375773802,-0.0016977556756264112,0.00036257529188974964,0.021373944453923183,-1.8501723269671075,1.2018888828898033,0.003480569340645151,-0.37058445215564234,-0.12305698626336896
6.94020938873291,-0.7494035541367167,-0.008404852096405846,0.0026690171550195303,0.04348181352016064,-0.001680778118870147,0.0003589495389708521,0.021373944453923183,-1.8501723269671075,1.2018888828898033,0.0034457636472387,-0.3668786076340859,-0.12182641640073527
6.944675922393799,-0.7461360377338236,-0.008378199129852439,0.002688754200283935,0.050362249599217666,-0.0015771496488810976,0.00040116872236060995,0.02144679736479884,-1.8594917569427953,1.2063460277526594,0.0035276310750291117,-0.38530505162424006,-0.12744502590200402
6.949509620666504,-0.7461360377338236,-0.008378199129852439,0.002688754200283935,0.049858627103225486,-0.0015613781523922867,0.00039715703513700385,0.02144679736479884,-1.8594917569427953,1.2063460277526594,0.0034923547642788204,-0.38145200110799765,-0.12617057564298398
6.966594934463501,-0.742951508677921,-0.008386773414509658,0.002693535370500178,0.0512239051646199,-0.001545057368604304,0.00040436821387413574,0.021512198718329534,-1.8687476419732894,1.2108098455538072,0.003483761893462937,-0.38339464865614664,-0.12664972607900563
6.972261905670166,-0.742951508677921,-0.008386773414509658,0.002693535370500178,0.0507116661129737,-0.001529606794918261,0.0004003245317353944,0.021512198718329534,-1.8687476419732894,1.2108098455538072,0.0034489242745283076,-0.37956070216958515,-0.12538322881821556
6.9876909255981445,-0.7400763235598835,-0.008381882264678913,0.002668063377119735,0.05206808833298527,-0.0015130047211119073,0.0003870216398793952,0.02156636973262949,-1.8780012337367005,1.215324830413062,0.0034367844682264485,-0.38216707498554714,-0.12601324322533974
6.9910502433776855,-0.7400763235598835,-0.008381882264678913,0.002668063377119735,0.051547407449655414,-0.0014978746739007882,0.00038315142348060126,0.02156636973262949,-1.8780012337367005,1.215324830413062,0.003402416623544184,-0.3783454042356917,-0.12475311079308635
7.011916399002075,-0.737564202206973,-0.00837749046938655,0.0026198333225104452,0.052235939102593436,-0.001486405275440684,0.0003619470312257845,0.02160424140486314,-1.8872696280527375,1.2198184373012377,0.0033772809613333834,-0.3792976015258889,-0.12489893897466507
7.028692722320557,-0.737564202206973,-0.00837749046938655,0.0026198333225104452,0.0517135797115675,-0.0014715412226862772,0.00035832756091352664,0.02160424140486314,-1.8872696280527375,1.2198184373012377,0.0033435081517200495,-0.37550462551063,-0.12364994958491841
7.034679412841797,-0.7341955522468606,-0.008357925209604225,0.002575169311590638,0.05682358580940613,-0.0014406442904343756,0.00029595508446063394,0.02162282794731413,-1.8966072200189288,1.2243313973320293,0.003309404765152112,-0.38837908120545134,-0.12726743711222466
7.0391480922698975,-0.7341955522468606,-0.008357925209604225,0.002575169311590638,0.05625534995131207,-0.0014262378475300317,0.0002929955336160276,0.02162282794731413,-1.8966072200189288,1.2243313973320293,0.003276310717500591,-0.3844952903933968,-0.1259947627411024
7.056990385055542,-0.7306561902840067,-0.007831522941664504,0.0023389521416333436,0.05767695399773365,-0.001184740198308359,7.299560020197779e-05,0.021615571181043076,-1.9059109583674945,1.2288435240800042,0.003230096887056043,-0.3862213922409559,-0.12633130120237343
7.062271595001221,-0.7306561902840067,-0.007831522941664504,0.0023389521416333436,0.05710018445775631,-0.0011728927963252753,7.226564419995801e-05,0.021615571181043076,-1.9059109583674945,1.2288435240800042,0.0031977959181854827,-0.3823591783185464,-0.1250679881903497
7.083618402481079,-0.7273846429505335,-0.007345036277447965,0.0021120714838236093,0.058062112639132406,-0.0009869723544439764,-9.98699748176674e-05,0.021572272379762582,-1.9152806513168612,1.2333966559028333,0.003138597079830502,-0.3832322403489305,-0.12514253311161716
7.088698625564575,-0.7273846429505335,-0.007345036277447965,0.0021120714838236093,0.05748149151274108,-0.0009771026308995365,-9.887127506949073e-05,0.021572272379762582,-1.9152806513168612,1.2333966559028333,0.003107211109032197,-0.3793999179454412,-0.12389110778050098
7.09412145614624,-0.7245037180994992,-0.007515362058051394,0.0021271951004427857,0.06221914752529102,-0.0012348272317330407,5.426485667630946e-05,0.02151569315130991,-1.9246434938075323,1.2379340518884419,0.0029445784479875535,-0.3940804347106342,-0.12782877714803417
7.1130664348602295,-0.7220976975198885,-0.007592949681546972,0.0021047777925439237,0.06286699859218595,-0.001261637648158117,6.134691105671811e-05,0.021446272199407968,-1.9341064125989857,1.2424594638624054,0.0028706226584235823,-0.39546681117895954,-0.12805911938273118
7.125011682510376,-0.7220976975198885,-0.007592949681546972,0.0021047777925439237,0.06223832860626408,-0.0012490212716765358,6.073344194615093e-05,0.021446272199407968,-1.9341064125989857,1.2424594638624054,0.0028419164318393463,-0.39151214306716997,-0.12677852818890387
7.1315388679504395,-0.7187761427705016,-0.007648360588774164,0.0020788967753085945,0.06670485835762385,-0.0013183106081514388,7.041760322945903e-05,0.021367964104399957,-1.943622813640535,1.2469294244905156,0.002670465498990599,-0.4030792222852232,-0.12995589887362127
7.136063814163208,-0.7187761427705016,-0.007648360588774164,0.0020788967753085945,0.06603780977404762,-0.0013051275020699244,6.971342719716444e-05,0.021367964104399957,-1.943622813640535,1.2469294244905156,0.0026437608440006933,-0.39904843006237095,-0.12865633988488506
7.149921894073486,-0.715362920373725,-0.0076490383172776654,0.002031183196330612,0.06784052462495824,-0.0012997303243276117,4.6063044023329045e-05,0.02128638840585214,-1.9532156792520152,1.2513848012092594,0.0025477333217941395,-0.4023919525626674,-0.12948266981541992
7.153943300247192,-0.715362920373725,-0.0076490383172776654,0.002031183196330612,0.06716211937870865,-0.0012867330210843356,4.560241358309576e-05,0.02128638840585214,-1.9532156792520152,1.2513848012092594,0.002522255988576198,-0.3983680330370407,-0.12818784311726572
7.171139240264893,-0.7121565954738773,-0.007650796800059422,0.0019793192938330853,0.06835517938405754,-0.0012816723882175451,2.4232924436275773e-05,0.021207087431446305,-1.9628156355562547,1.2558161195450206,0.002442552849947468,-0.40029418411896855,-0.12860306701850965
7.174678087234497,-0.7121565954738773,-0.007650796800059422,0.0019793192938330853,0.06767162759021696,-0.0012688556643353696,2.3990595191913014e-05,0.021207087431446305,-1.9628156355562547,1.2558161195450206,0.002418127321447993,-0.39629124227777884,-0.12731703634832456
7.198592662811279,-0.7093298561827132,-0.007690417665931137,0.0019350133670065863,0.06817698768712796,-0.0012755299382040653,1.646749206837453e-05,0.02113523636339696,-1.9724622737181554,1.2602279777062761,0.0023579998529141004,-0.396590778775383,-0.12727107443662053
7.203813791275024,-0.7093298561827132,-0.007690417665931137,0.0019350133670065863,0.06749521781025668,-0.0012627746388220247,1.6302817147690785e-05,0.02113523636339696,-1.9724622737181554,1.2602279777062761,0.0023344198543849594,-0.39262487098762916,-0.1259983636922543
7.210141658782959,-0.7068998727465302,-0.008650621735412764,0.0022249879950357824,0.07065853280573103,-0.002480878355796384,0.0009663391158889804,0.02108316690314827,-1.9821908464865587,1.264557674880877,0.002201503281664745,-0.404832797835035,-0.12952011346158177
7.230288743972778,-0.7037317951442615,-0.008798312289763037,0.0022264729287874655,0.07152440281691862,-0.0025199461925081617,0.0009883295750122759,0.021065560934448394,-1.9920303410563207,1.2687913934037396,0.0021616666508951403,-0.40586781782182946,-0.12978280635836176
7.234282732009888,-0.7037317951442615,-0.008798312289763037,0.0022264729287874655,0.07080915878874942,-0.00249474673058308,0.0009784462792621531,0.021065560934448394,-1.9920303410563207,1.2687913934037396,0.002140049984386189,-0.40180913964361115,-0.12848497829477815
7.248400449752808,-0.7004603618264414,-0.008535501184192062,0.0020793300392017064,0.07241874174076693,-0.002328986614559828,0.00081914847413446,0.021044366081959122,-2.0018841714372604,1.2729763109983738,0.0020914670002890683,-0.4050381033124105,-0.12943257920489729
7.253295421600342,-0.7004603618264414,-0.008535501184192062,0.0020793300392017064,0.07169455432335926,-0.0023056967484142293,0.0008109569893931154,0.021044366081959122,-2.0018841714372604,1.2729763109983738,0.0020705523302861776,-0.4009877222792864,-0.12813825341284832
7.276381015777588,-0.6974271731002605,-0.008341855571801655,0.001955051134960068,0.07229171042661012,-0.0022209501753759084,0.0007301716069809741,0.021024513698410966,-2.0117758656389526,1.277105682711891,0.002034136308447738,-0.4014109340463822,-0.12823763479202865
7.281774520874023,-0.6974271731002605,-0.008341855571801655,0.001955051134960068,0.07156879332234402,-0.002198740673622149,0.0007228698909111644,0.021024513698410966,-2.0117758656389526,1.277105682711891,0.0020137949453632605,-0.39739682470591836,-0.12695525844410838
7.290663480758667,-0.6948141234594084,-0.00819194533268006,0.0018454199136763941,0.07379324843550701,-0.0020571875009333237,0.0005566990228274442,0.021005191667162977,-2.0217104582798386,1.2811704185732145,0.001954069867196986,-0.4049359195859147,-0.1293283695347654
7.297187089920044,-0.6948141234594084,-0.00819194533268006,0.0018454199136763941,0.07305531595115194,-0.0020366156259239905,0.0005511320325991698,0.021005191667162977,-2.0217104582798386,1.2811704185732145,0.0019345291685250164,-0.40088656039005555,-0.12803508583941775
7.319023132324219,-0.6926204747921927,-0.008095126813426452,0.0017541366882193403,0.07332952577090696,-0.0019875182160391993,0.0004960430330788984,0.020986438800982093,-2.0316852495995263,1.2851368110093544,0.0018994028300045706,-0.4015530534503273,-0.12827371475007623
7.324522495269775,-0.6926204747921927,-0.008095126813426452,0.0017541366882193403,0.07259623051319788,-0.001967643033878807,0.0004910826027481095,0.020986438800982093,-2.0316852495995263,1.2851368110093544,0.001880408801704525,-0.39753752291582406,-0.12699097760257547
7.335517883300781,-0.6895698021427432,-0.008000766794192907,0.00164937116467469,0.07464513383183648,-0.0018956734523175424,0.0003800005238885937,0.02096777451121464,-2.041751975913757,1.289018545908498,0.0018305581797248254,-0.40287175635567096,-0.12882191223760545
7.375643730163574,-0.6895698021427432,-0.008000766794192907,0.00164937116467469,0.07389868249351811,-0.001876716717794367,0.0003762005186497078,0.02096777451121464,-2.041751975913757,1.289018545908498,0.0018122525979275771,-0.39884303879211425,-0.12753369311522939
7.38002347946167,-0.6863998090704004,-0.007949505034264297,0.0015487965168558752,0.08039839494126386,-0.0018138229348786358,0.00014824258968603674,0.020946929045787644,-2.0518062405460755,1.2928151739729064,0.0017126948798633053,-0.41810584953665714,-0.1341011669883376
7.387176752090454,-0.6863998090704004,-0.007949505034264297,0.0015487965168558752,0.07959441099185122,-0.0017956847055298495,0.00014676016378917638,0.020946929045787644,-2.0518062405460755,1.2928151739729064,0.0016955679310646722,-0.41392479104129054,-0.13276015531845423
7.392455339431763,-0.683453824418829,-0.007917029586007105,0.0014474135040661751,0.08438019196046542,-0.001775189955283506,-3.20065648100719e-05,0.02092239732018487,-2.0618807478343557,1.296573888367704,0.0016056594694966182,-0.42908104129019925,-0.1379628916756994
7.39694356918335,-0.683453824418829,-0.007917029586007105,0.0014474135040661751,0.08353639004086076,-0.001757438055730671,-3.168649916197118e-05,0.02092239732018487,-2.0618807478343557,1.296573888367704,0.001589602874801652,-0.4247902308772973,-0.1365832627589424
7.403414726257324,-0.6808223986294517,-0.007904554348704351,0.0013494704024488973,0.08676797816014302,-0.0017653888288328892,-0.00016273952938633177,0.020892215916164518,-2.07192365518444,1.300254733214978,0.0015065889442053006,-0.43618215038980385,-0.1405655630612065
7.411621570587158,-0.6808223986294517,-0.007904554348704351,0.0013494704024488973,0.08590029837854159,-0.0017477349405445603,-0.00016111213409246845,0.020892215916164518,-2.07192365518444,1.300254733214978,0.0014915230547632476,-0.4318203288859058,-0.13915990743059442
7.416761636734009,-0.6786203626782128,-0.007898564461357189,0.001250838607627216,0.0893260720435544,-0.0017757965716019982,-0.00032509217138651774,0.02085556407087107,-2.082059028699692,1.303861058683219,0.0013800353332005448,-0.4472559280086719,-0.14468372537586985
7.4358909130096436,-0.6755456919042063,-0.007896512423055113,0.0011565304587758149,0.09004030042692711,-0.0017707771864754816,-0.0003619145004741334,0.020815030102912722,-2.0921653919012027,1.307366353742867,0.00133853156187595,-0.44805207849500117,-0.14511045993763594
7.440926551818848,-0.6755456919042063,-0.007896512423055113,0.0011565304587758149,0.08913989742265784,-0.0017530694146107267,-0.00035829535546939205,0.020815030102912722,-2.0921653919012027,1.307366353742867,0.0013251462462571906,-0.44357155771005113,-0.14365935533825958
7.455147743225098,-0.672374945084919,-0.007887694227228199,0.0010617005052665639,0.0904783318362668,-0.001748306982736773,-0.0004102723378139666,0.020769568892832928,-2.1023185809264606,1.3108335417506505,0.0012716534474070745,-0.44623994773536524,-0.14476191407585415
7.460265159606934,-0.672374945084919,-0.007887694227228199,0.0010617005052665639,0.08957354851790414,-0.0017308239129094052,-0.00040616961443582693,0.020769568892832928,-2.1023185809264606,1.3108335417506505,0.0012589369129330037,-0.4417775482580116,-0.1433142949350956
7.483364105224609,-0.6693872360564559,-0.007880206922002286,0.0009699237882414858,0.08997139573956779,-0.0017215996788511212,-0.000435205908727978,0.02071790202152022,-2.1124013893659535,1.3142240923552142,0.0012192300946353893,-0.4416936917605605,-0.14343843570766732
7.489490270614624,-0.6693872360564559,-0.007880206922002286,0.0009699237882414858,0.08907168178217212,-0.00170438368206261,-0.0004308538496406982,0.02071790202152022,-2.1124013893659535,1.3142240923552142,0.0012070377936890355,-0.4372767548429549,-0.14200405135059063
7.498605251312256,-0.666838241345378,-0.007851105237858074,0.0008712308938709887,0.09097786006571455,-0.0016889443083497597,-0.0005269023424058524,0.020665030594311306,-2.122544217065588,1.3175851480197085,0.0011257264441976015,-0.44392864961312734,-0.14456858018168475
7.503727436065674,-0.666838241345378,-0.007851105237858074,0.0008712308938709887,0.0900680814650574,-0.0016720548652662621,-0.0005216333189817939,0.020665030594311306,-2.122544217065588,1.3175851480197085,0.0011144691797556254,-0.43948936311699605,-0.14312289437986792
7.514822959899902,-0.6646720523769459,-0.0078539968482021,0.0007839889461109924,0.09111999304483265,-0.001680530627781907,-0.0005813163772181643,0.020613953391698525,-2.1326330579608954,1.320839459719188,0.001048444304512563,-0.4440606707482568,-0.14499109329508764
7.5235185623168945,-0.6646720523769459,-0.0078539968482021,0.0007839889461109924,0.09020879311438432,-0.001663725321504088,-0.0005755032134459827,0.020613953391698525,-2.1326330579608954,1.320839459719188,0.0010379598614674375,-0.4396200640407742,-0.14354118236213675
7.5361223220825195,-0.661683193099644,-0.007823687024536308,0.0007056894243905905,0.09167833558372733,-0.0016417584845419087,-0.0006263351754613604,0.020567158184560907,-2.14282022502194,1.3240500667264146,0.0009829213434795988,-0.4431660049615102,-0.14506208720668215
7.542662620544434,-0.661683193099644,-0.007823687024536308,0.0007056894243905905,0.09076155222789005,-0.0016253408996964895,-0.0006200718237067468,0.020567158184560907,-2.14282022502194,1.3240500667264146,0.0009730921300448028,-0.4387343449118951,-0.14361146633461533
7.556199073791504,-0.6585336967476312,-0.0077971756735138896,0.000640935375381988,0.09218078476189331,-0.001603406150612797,-0.000655948735448319,0.020522249989543145,-2.152904751698512,1.3271771135936279,0.0009235720980654359,-0.4416527976196633,-0.144907099961753
7.560297250747681,-0.6585336967476312,-0.0077971756735138896,0.000640935375381988,0.09125897691427438,-0.001587372089106669,-0.0006493892480938357,0.020522249989543145,-2.152904751698512,1.3271771135936279,0.0009143363770847816,-0.4372362696434667,-0.14345802896213547
7.578338384628296,-0.655613918400824,-0.007801637197017807,0.0005946435657400222,0.0919648685559959,-0.0015800931358271823,-0.0006599833128015662,0.020477191485507275,-2.1630050553684326,1.3303169350768071,0.0008756088851280298,-0.43836273423543587,-0.14405681400435097
7.5813257694244385,-0.655613918400824,-0.007801637197017807,0.0005946435657400222,0.09104521987043593,-0.0015642922044689104,-0.0006533834796735506,0.020477191485507275,-2.1630050553684326,1.3303169350768071,0.0008668527962767495,-0.4339791068930815,-0.14261624586430746
7.589467287063599,-0.6530071573386153,-0.007802343771055948,0.0005527232429658669,0.09333674438523208,-0.0015621564863086872,-0.0006826138213263878,0.02043381914177413,-2.1730348337282464,1.333375570427277,0.0007949120923433442,-0.44170671403201894,-0.1456907129642249
7.592471122741699,-0.6530071573386153,-0.007802343771055948,0.0005527232429658669,0.09240337694137976,-0.0015465349214456004,-0.0006757876831131239,0.02043381914177413,-2.1730348337282464,1.333375570427277,0.0007869629714199108,-0.43728964689169875,-0.14423380583458265
7.610963582992554,-0.6508476650287119,-0.0077595757262119884,0.000499809340974863,0.09264722295661247,-0.001517284277534393,-0.0006986153296577816,0.020393003650538113,-2.183150362095223,1.3363991072237362,0.0007526988731275396,-0.43825921727054884,-0.14480464955068698
7.614489555358887,-0.6508476650287119,-0.0077595757262119884,0.000499809340974863,0.09172075072704634,-0.001502111434759049,-0.0006916291763612038,0.020393003650538113,-2.183150362095223,1.3363991072237362,0.0007451718843962641,-0.43387662509784336,-0.1433566030551801
7.626521587371826,-0.6478012457586477,-0.007760946819460694,0.00046984392554920077,0.09333553630728585,-0.0014932824030745437,-0.0006981929445805187,0.02035517111383881,-2.193197695579429,1.339338382839234,0.0006996573907600114,-0.43767081707236516,-0.14501379991327648
7.655276298522949,-0.6446531556823153,-0.007705298059348749,0.0004251285863700123,0.09349704907455145,-0.001464038389827309,-0.0007077039041832806,0.020321089614468102,-2.2032903516280604,1.3422696925982154,0.0006781852944887879,-0.43671222481818595,-0.14485792817105378
7.66118860244751,-0.6446531556823153,-0.007705298059348749,0.0004251285863700123,0.09256207858380593,-0.0014493980059290359,-0.0007006268651414478,0.020321089614468102,-2.2032903516280604,1.3422696925982154,0.0006714034415439001,-0.4323451025700041,-0.14340934888934323
7.67479944229126,-0.6416737836579127,-0.007689381061093388,0.0003958358736202056,0.09382549464937202,-0.001428481874045977,-0.0007092776303403794,0.02029081407160282,-2.213288913043714,1.3451446141281878,0.0006371151140990583,-0.4351708079699894,-0.14467987013441236
7.678996801376343,-0.6416737836579127,-0.007689381061093388,0.0003958358736202056,0.09288723970287831,-0.0014141970553055172,-0.0007021848540369756,0.02029081407160282,-2.213288913043714,1.3451446141281878,0.0006307439629580677,-0.4308190998902895,-0.14323307143306824
7.690827369689941,-0.6391132471592786,-0.007675277700183781,0.0003684761538789409,0.09412277992172909,-0.001393949292318259,-0.0007124820979487581,0.0202645504442504,-2.2233383169867595,1.348032660047111,0.0005963906135204963,-0.43478491955686777,-0.1449080336354574
7.695408821105957,-0.6391132471592786,-0.007675277700183781,0.0003684761538789409,0.0931815521225118,-0.0013800097993950764,-0.0007053572769692705,0.0202645504442504,-2.2233383169867595,1.348032660047111,0.0005904267073852913,-0.4304370703612991,-0.14345895329910283
7.71580171585083,-0.6369054424767401,-0.007656037137894923,0.00034101048260819466,0.09333241677491413,-0.0013605042915081002,-0.0007098149309934234,0.02024218352158873,-2.233309394055762,1.3508383856567303,0.0005701655820335861,-0.4308817964807473,-0.14382602612448045
7.72044563293457,-0.6369054424767401,-0.007656037137894923,0.00034101048260819466,0.09239909260716499,-0.0013468992485930191,-0.0007027167816834892,0.02024218352158873,-2.233309394055762,1.3508383856567303,0.0005644639262132503,-0.42657297851593984,-0.14238776586323565
7.732734680175781,-0.6338670757332198,-0.007604431483655242,0.0003085987146826776,0.09394762143209749,-0.0012999609027247306,-0.0007241867251684133,0.020222864339418112,-2.24337488953518,1.3536411999650628,0.0005376389917243321,-0.4302576199400606,-0.14397710685455967
7.737863540649414,-0.6338670757332198,-0.007604431483655242,0.0003085987146826776,0.09300814521777652,-0.0012869612936974833,-0.0007169448579167292,0.020222864339418112,-2.24337488953518,1.3536411999650628,0.0005322626018070888,-0.42595504374066,-0.14253733578601407
7.7506232261657715,-0.6306418836313981,-0.007564042071476068,0.00028250837990031205,0.09460577817799719,-0.0012484150792694527,-0.0007293722321859833,0.020206287705598763,-2.2533134371690897,1.3563912582068705,0.0005089789205093116,-0.42925719836059983,-0.14396407158439867
7.753981351852417,-0.6306418836313981,-0.007564042071476068,0.00028250837990031205,0.09365972039621721,-0.001235930928476758,-0.0007220785098641234,0.020206287705598763,-2.2533134371690897,1.3563912582068705,0.0005038891313042185,-0.42496462637699384,-0.14252443086855468
7.774595260620117,-0.6276293042140697,-0.007524418488424186,0.0002578377069418003,0.09418459644621317,-0.0012079107872833047,-0.0007266086387702575,0.02019232625359394,-2.2632703490872554,1.3591942773153747,0.0004893428533651137,-0.42542314910007073,-0.14283493515559326
7.780437469482422,-0.6276293042140697,-0.007524418488424186,0.0002578377069418003,0.09324275048175104,-0.0011958316794104717,-0.0007193425523825549,0.02019232625359394,-2.2632703490872554,1.3591942773153747,0.0004844494248314626,-0.42116891760907,-0.1414065858040373
7.793554782867432,-0.6249073941393487,-0.007479967055457263,0.00023251851342598895,0.09438544791730737,-0.0011561675420981119,-0.0007330023287891076,0.02018097810588959,-2.273133490661567,1.361947230800155,0.00046685698086803564,-0.4242832223775758,-0.14268925494271176
7.799092531204224,-0.6249073941393487,-0.007479967055457263,0.00023251851342598895,0.0934415934381343,-0.0011446058666771308,-0.0007256723055012165,0.02018097810588959,-2.273133490661567,1.361947230800155,0.00046218841105935527,-0.42004039015380007,-0.14126236239328463
7.812415599822998,-0.6226045845587392,-0.007416745776771242,0.000201551468299533,0.09423571500240224,-0.0010942479254969916,-0.0007483133550903239,0.02017197924934006,-2.28308237782499,1.3647062200773774,0.00044697113354946825,-0.4231138569486644,-0.1425220740159861
7.81556510925293,-0.6226045845587392,-0.007416745776771242,0.000201551468299533,0.09329335785237822,-0.0010833054462420215,-0.0007408302215394206,0.02017197924934006,-2.28308237782499,1.3647062200773774,0.00044250142221397357,-0.41888271837917773,-0.14109685327582625
7.831430435180664,-0.6193868437702662,-0.0073705175392790815,0.00017923005212121804,0.094388635227267,-0.0010476920350068664,-0.0007481436772776476,0.020164869611168548,-2.2929473399015547,1.367411886711613,0.0004304951787020944,-0.42074680177812684,-0.1419070041279765
7.835958242416382,-0.6193868437702662,-0.0073705175392790815,0.00017923005212121804,0.09344474887499432,-0.0010372151146567977,-0.0007406622405048711,0.020164869611168548,-2.2929473399015547,1.367411886711613,0.00042619022691507344,-0.4165393337603456,-0.14048793408669671
7.8453688621521,-0.6160476524733852,-0.007308859381099901,0.00015213356092445273,0.09605873867902591,-0.0009711097881775109,-0.0007672997752715851,0.020159209470863023,-2.3028587624342403,1.3701469926217624,0.0004112324825866842,-0.422649331873051,-0.1427965424493067
7.87419319152832,-0.6128516376730101,-0.007242505310749121,0.00012251711217720803,0.09620698403568032,-0.0009419740923068069,-0.0007722266973793415,0.02015458787657226,-2.312663374177118,1.3728545194870951,0.0004041610027147791,-0.42174560849560927,-0.14255675042479343
7.880513906478882,-0.6128516376730101,-0.007242505310749121,0.00012251711217720803,0.09524491419532351,-0.0009325543513837388,-0.0007645044304055482,0.02015458787657226,-2.312663374177118,1.3728545194870951,0.00040011939268763127,-0.41752815241065316,-0.1411311829205455
7.905178785324097,-0.6100448171790405,-0.0071944500566814,9.680650463701843e-05,0.09543048764240239,-0.0009071437694876284,-0.0007684506044923091,0.020150018037213693,-2.3225154091370483,1.375605274695053,0.00039290851861566384,-0.41726566980468305,-0.14109416297812633
7.909087181091309,-0.6100448171790405,-0.0071944500566814,9.680650463701843e-05,0.09447618276597837,-0.0008980723317927521,-0.000760766098447386,0.020150018037213693,-2.3225154091370483,1.375605274695053,0.0003889794334295072,-0.4130930131066362,-0.13968322134834507
7.918819189071655,-0.6075678519274568,-0.007144538178398543,6.935909970771902e-05,0.09607670622056227,-0.0008473184308859373,-0.0007859622240720263,0.020145791450644376,-2.3322932661553004,1.378298486895238,0.0003774692468519395,-0.4187909737447286,-0.141749868079526
7.92429518699646,-0.6075678519274568,-0.007144538178398543,6.935909970771902e-05,0.09511593915835666,-0.0008388452465770779,-0.0007781026018313061,0.020145791450644376,-2.3322932661553004,1.378298486895238,0.00037369455438342013,-0.4146030640072813,-0.14033236939873073
7.936699628829956,-0.6042661018696106,-0.007069715978468997,3.6622382818337376e-05,0.09682663799459784,-0.000779571333268359,-0.0008036899718232447,0.020141288385354807,-2.342179723816941,1.3810131712036897,0.00036406456993196863,-0.4182591827208386,-0.14165636825440195
7.94154167175293,-0.6042661018696106,-0.007069715978468997,3.6622382818337376e-05,0.09585837161465187,-0.0007717756199356754,-0.0007956530721050123,0.020141288385354807,-2.342179723816941,1.3810131712036897,0.0003604239242326489,-0.41407659089363025,-0.14023980457185792
7.955308198928833,-0.6007826825963528,-0.007011342469966978,8.947225594941966e-06,0.0974302194480836,-0.0007282653299306674,-0.0008103619781410287,0.020135513334412422,-2.351937336294803,1.383704798378823,0.0003509740600181523,-0.416887862817374,-0.14123128252219277
7.959496974945068,-0.6007826825963528,-0.007011342469966978,8.947225594941966e-06,0.09645591725360277,-0.0007209826766313608,-0.0008022583583596184,0.020135513334412422,-2.351937336294803,1.383704798378823,0.00034746431941797077,-0.4127189841892003,-0.13981896969697086
7.979071617126465,-0.5975293365388136,-0.0069605569389912265,-1.743619233682374e-05,0.09715342901942234,-0.000692136028642484,-0.0008088301334736259,0.0201275349793228,-2.361730368430763,1.3864736500793522,0.0003391753930013952,-0.41352365754842324,-0.1400659973488917
7.9840168952941895,-0.5975293365388136,-0.0069605569389912265,-1.743619233682374e-05,0.09618189472922811,-0.0006852146683560592,-0.0008007418321388896,0.0201275349793228,-2.361730368430763,1.3864736500793522,0.00033578363907138124,-0.409388420972939,-0.13866533737540276
8.001488208770752,-0.5945932286152616,-0.0069080692770141505,-4.502762622432908e-05,0.09690066717416909,-0.000653525014573759,-0.0008106382480147516,0.02011750164828927,-2.371435116306213,1.3892155999498927,0.0003260773591691278,-0.41077504151622396,-0.1390901754419697
8.007532119750977,-0.5945932286152616,-0.0069080692770141505,-4.502762622432908e-05,0.0959316605024274,-0.0006469897644280215,-0.000802531865534604,0.02011750164828927,-2.371435116306213,1.3892155999498927,0.0003228165855774365,-0.4066672911010617,-0.13769927368755
8.027076959609985,-0.591849465380212,-0.0061949098898669746,-0.0002792924396418385,0.09637680433098869,-0.00033040215596060114,-0.0010080622135250736,0.020104269775267934,-2.3812486098409553,1.3919877060143258,0.00031359752402060207,-0.40755890292028635,-0.13794637417058747
8.034003257751465,-0.5883413620722348,-0.005680412928660833,-0.0004566872728428482,0.10047919911807852,0.00030195533613298675,-0.0014375842123139225,0.02008927163381258,-2.3909756832987945,1.3947296444427633,0.00029378870096691094,-0.41736278428345225,-0.14106770037517022
8.041694641113281,-0.5883413620722348,-0.005680412928660833,-0.0004566872728428482,0.09947440712689774,0.00029893578277165686,-0.0014232083701907832,0.02008927163381258,-2.3909756832987945,1.3947296444427633,0.0002908508139572418,-0.4131891564406177,-0.13965702337141853
8.059206485748291,-0.5848095647861349,-0.005357794036037517,-0.0005810719650094012,0.10049678879148669,0.000450110844076594,-0.0015229932078483564,0.020074168636516627,-2.400766550808156,1.3975332720841236,0.00028223386341172515,-0.4146029582274274,-0.1400119508020635
8.066822528839111,-0.5848095647861349,-0.005357794036037517,-0.0005810719650094012,0.09949182090357182,0.00044560973563582805,-0.001507763275769873,0.020074168636516627,-2.400766550808156,1.3975332720841236,0.0002794115247776079,-0.4104569286451531,-0.13861183129404286
8.080971479415894,-0.5815050526477201,-0.005082450236402941,-0.0006977659933348535,0.10083277132522774,0.0006019784337680516,-0.0016196493331978009,0.02005844642443962,-2.4104531356869336,1.4003350540226538,0.00027008012068068416,-0.4131609627006522,-0.13933141772347366
8.086230754852295,-0.5815050526477201,-0.005082450236402941,-0.0006977659933348535,0.09982444361197546,0.0005959586494303711,-0.001603452839865823,0.02005844642443962,-2.4104531356869336,1.4003350540226538,0.0002673793194738773,-0.4090293530736457,-0.13793810354623892
8.09664797782898,-0.5786536376492614,-0.0048621488279955586,-0.0008061381934178784,0.10156382134764466,0.0007607715489307602,-0.0017385366426163388,0.020042541257196282,-2.4202103740036858,1.4031943425225581,0.0002569967116774842,-0.41428177636108116,-0.1393832471094417
8.101212739944458,-0.5786536376492614,-0.0048621488279955586,-0.0008061381934178784,0.10054818313416822,0.0007531638334414525,-0.0017211512761901753,0.020042541257196282,-2.4202103740036858,1.4031943425225581,0.00025442674456070934,-0.41013895859747035,-0.13798941463834727
8.120500564575195,-0.5761738890354945,-0.0047064504722120525,-0.0009034399436857508,0.10082853460457608,0.000807827872353463,-0.0017711999712301677,0.020025852353808684,-2.4299042074308494,1.405999350827998,0.00024773572015637595,-0.41104437687067025,-0.13812819846698604
8.129495620727539,-0.5761738890354945,-0.0047064504722120525,-0.0009034399436857508,0.09982024925853032,0.0007997495936299284,-0.001753487971517866,0.020025852353808684,-2.4299042074308494,1.405999350827998,0.0002452583629548122,-0.4069339331019635,-0.13674691648231618
8.13592267036438,-0.5728805153673802,-0.004512664290088317,-0.0010086995938568904,0.10394689044976096,0.0010310275639844875,-0.001963173762960675,0.020005697155721983,-2.4397374694897707,1.408815411380844,0.0002267472759073141,-0.41809678324805183,-0.13999067687150774
8.14106273651123,-0.5728805153673802,-0.004512664290088317,-0.0010086995938568904,0.10290742154526335,0.0010207172883446426,-0.0019435420253310683,0.020005697155721983,-2.4397374694897707,1.408815411380844,0.00022447980314824095,-0.4139158154155713,-0.13859077010279267
8.160845518112183,-0.5694120647043464,-0.004341946862134452,-0.0011081508119867537,0.10363179233050546,0.0010780441029507371,-0.001991719607842218,0.0199814045732105,-2.4494642672431937,1.411595779793524,0.0002154082042556465,-0.4146754245614781,-0.13867196492787795
8.166626453399658,-0.5694120647043464,-0.004341946862134452,-0.0011081508119867537,0.1025954744072004,0.0010672636619212298,-0.0019718024117637957,0.0199814045732105,-2.4494642672431937,1.411595779793524,0.00021325412221309003,-0.4105286703158633,-0.13728524527859917
8.206053495407104,-0.5632577780482294,-0.00417786033142653,-0.0012620410869714543,0.10313056212630006,0.0010849764001067404,-0.0019971271662138556,0.01991765709756425,-2.468997550230388,1.4172028225478188,0.00020132808239786327,-0.4113716988164735,-0.13735521853716898
8.21070384979248,-0.5632577780482294,-0.00417786033142653,-0.0012620410869714543,0.10209925650503707,0.001074126636105673,-0.001977155894551717,0.01991765709756425,-2.468997550230388,1.4172028225478188,0.00019931480157388463,-0.40725798182830875,-0.1359816663517973
8.221394300460815,-0.5607724089951689,-0.004173718837482135,-0.001321862037800213,0.1034032173593266,0.0010511761430033937,-0.0020064976593921857,0.019880998249438595,-2.478872685931854,1.4199607358274928,0.00017522468750337934,-0.412380098065698,-0.13734986671897934
8.225846767425537,-0.5607724089951689,-0.004173718837482135,-0.001321862037800213,0.10236918518573333,0.0010406643815733597,-0.001986432682798264,0.019880998249438595,-2.478872685931854,1.4199607358274928,0.00017347244062834556,-0.40825629708504096,-0.13597636805178953
8.243206262588501,-0.5573862264098746,-0.0040795491736003485,-0.0013814233476268385,0.10329623099481555,0.001071832552057314,-0.0020097293924088984,0.01983941529708262,-2.4886962971310624,1.4226360165384535,0.00015547831077127012,-0.40979137457777304,-0.13630209609016491
8.250109195709229,-0.5573862264098746,-0.0040795491736003485,-0.0013814233476268385,0.10226326868486739,0.0010611142265367407,-0.0019896320984848096,0.01983941529708262,-2.4886962971310624,1.4226360165384535,0.00015392352766355742,-0.4056934608319953,-0.13493907512926326
8.262155771255493,-0.5538916251442423,-0.004057960873474942,-0.0014024121967772536,0.10414158676719094,0.0010619073522036412,-0.0019850084940348147,0.0197950547387782,-2.498613442694855,1.4253111477107987,0.00012690473389714537,-0.40980613715550346,-0.13603116645652294
8.26788067817688,-0.5538916251442423,-0.004057960873474942,-0.0014024121967772536,0.10310017089951903,0.0010512882786816048,-0.0019651584090944665,0.0197950547387782,-2.498613442694855,1.4253111477107987,0.00012563568655817392,-0.4057080757839484,-0.1346708547919577
8.280895948410034,-0.5505692592876937,-0.003993142959623698,-0.0014200456954173305,0.10462190644065031,0.001083612682340897,-0.0019664466351233144,0.019748122073472138,-2.5084510923316534,1.4279327814800864,9.882908869629658e-05,-0.40914647545563376,-0.13556184982871547
8.286217451095581,-0.5505692592876937,-0.003993142959623698,-0.0014200456954173305,0.1035756873762438,0.001072776555517488,-0.0019467821687720811,0.019748122073472138,-2.5084510923316534,1.4279327814800864,9.784079780933361e-05,-0.4050550107010774,-0.1342062313304283
8.297842025756836,-0.5476595298987107,-0.003879712695086262,-0.001438402590261781,0.10504313879764927,0.001149712636058474,-0.001963321668527087,0.019701891175800783,-2.518382676739199,1.4305542143946444,6.910918823327518e-05,-0.409472807392198,-0.13538737776004278
8.309039115905762,-0.5476595298987107,-0.003879712695086262,-0.001438402590261781,0.10399270740967279,0.001138215509697889,-0.0019436884518418162,0.019701891175800783,-2.518382676739199,1.4305542143946444,6.841809635094242e-05,-0.405378079318276,-0.13403350398244235
8.32714056968689,-0.5440318538034359,-0.003991644225127457,-0.0015459267584857041,0.10495689373628471,0.0010514580757338657,-0.001960169995222225,0.019664897053677938,-2.528251966231501,1.4331146686041158,5.5492692399845524e-05,-0.40672153690214813,-0.13430483762118536
8.337126970291138,-0.5440318538034359,-0.003991644225127457,-0.0015459267584857041,0.10390732479892185,0.0010409434949765271,-0.0019405682952700026,0.019664897053677938,-2.528251966231501,1.4331146686041158,5.493776547584707e-05,-0.40265432153312664,-0.1329617892449735
8.34233570098877,-0.5400723607184421,-0.0036909213350019457,-0.001645113170187526,0.11047085337975537,0.0015263413963865163,-0.0022397512831551173,0.01963997503531942,-2.5382059449648957,1.4356941397201735,3.743549601293427e-05,-0.4175645288956965,-0.13721113679955654
8.347245931625366,-0.5400723607184421,-0.0036909213350019457,-0.001645113170187526,0.10936614484595782,0.0015110779824226513,-0.0022173537703235663,0.01963997503531942,-2.5382059449648957,1.4356941397201735,3.7061141052804924e-05,-0.41338888360673953,-0.13583902543156098
8.36186671257019,-0.5362179295764565,-0.003443859062296245,-0.001680784170180861,0.11090897500397481,0.0016491924977888625,-0.0022578205224503744,0.019624084335860267,-2.5480747113597637,1.438264441264939,3.7088331798466036e-05,-0.41595560156787337,-0.1364177894447555
8.372540712356567,-0.5362179295764565,-0.003443859062296245,-0.001680784170180861,0.10979988525393507,0.001632700572810974,-0.0022352423172258707,0.019624084335860267,-2.5480747113597637,1.438264441264939,3.671744848048138e-05,-0.4117960455521946,-0.13505361155030793
8.387025594711304,-0.5327771268011129,-0.0032799898296198755,-0.0016734034521028718,0.11107744336941941,0.0017242804863045024,-0.0022333059643926197,0.019611606568540052,-2.55801531959383,1.4408714977450505,3.924028969896823e-05,-0.41450385147439217,-0.13563846233798751
8.391538858413696,-0.5327771268011129,-0.0032799898296198755,-0.0016734034521028718,0.10996666893572521,0.0017070376814414573,-0.0022109729047486933,0.019611606568540052,-2.55801531959383,1.4408714977450505,3.8847886801978546e-05,-0.41035881295964827,-0.13428207771460765
8.424427509307861,-0.5271584643257674,-0.0032452082052169817,-0.0016171699489321274,0.1105753746722671,0.001703593060931909,-0.002172324558388613,0.019596915571171856,-2.5779678529979404,1.4459458214461094,4.3705897848208605e-05,-0.41227449316585674,-0.13465787211603755
8.429579257965088,-0.5271584643257674,-0.0032452082052169817,-0.0016171699489321274,0.10946962092554442,0.00168655713032259,-0.002150601312804727,0.019596915571171856,-2.5779678529979404,1.4459458214461094,4.326883886972652e-05,-0.40815174823419814,-0.13331129339487718
8.44167709350586,-0.5237124609157144,-0.0040286917219543765,-0.00140152180213169,0.11122238913001509,0.0010960168445505096,-0.0017872360683675948,0.01958477985428851,-2.5880078610295465,1.4483673606070582,4.377332482764605e-05,-0.41225793502893326,-0.13439514526078225
8.4469473361969,-0.5237124609157144,-0.0040286917219543765,-0.00140152180213169,0.11011016523871493,0.0010850566761050045,-0.0017693637076839188,0.01958477985428851,-2.5880078610295465,1.4483673606070582,4.3335591579369595e-05,-0.40813535567864395,-0.13305119380817443
8.460372686386108,-0.5201528396545567,-0.003870817706910135,-0.0014460621429164494,0.11166065539274654,0.0011771236931034106,-0.0018079155795936268,0.01958272724250944,-2.5981537887072936,1.4507544389785507,5.1607487089808425e-05,-0.4114954876276793,-0.13393388884200222
8.468734741210938,-0.5201528396545567,-0.003870817706910135,-0.0014460621429164494,0.11054404883881908,0.0011653524561723765,-0.0017898364237976905,0.01958272724250944,-2.5981537887072936,1.4507544389785507,5.109141221891034e-05,-0.4073805327514025,-0.1325945499535822
8.4808030128479,-0.516751715813142,-0.004741144905352729,-0.0012324598630953964,0.11225574565375054,0.0005084580763306904,-0.0014137172840867481,0.01956986453874877,-2.6082772108094403,1.4530526568532538,4.8982840075354034e-05,-0.4115407661345485,-0.1337572841680108
8.506100416183472,-0.516751715813142,-0.004741144905352729,-0.0012324598630953964,0.11113318819721303,0.0005033734955673835,-0.0013995801112458807,0.01956986453874877,-2.6082772108094403,1.4530526568532538,4.849301167460049e-05,-0.407425358473203,-0.1324197113263307
8.511404514312744,-0.5137204889331647,-0.004203153779192829,-0.0013883618725947175,0.1157383575523273,0.001392790283781994,-0.001909113551794966,0.01956274812671895,-2.618482560400562,1.455295808296478,5.830405718239027e-05,-0.4221863457632768,-0.136867498038837
8.515992164611816,-0.5137204889331647,-0.004203153779192829,-0.0013883618725947175,0.11458097397680402,0.0013788623809441742,-0.0018900224162770164,0.01956274812671895,-2.618482560400562,1.455295808296478,5.772101661056636e-05,-0.41796448230564404,-0.13549882305844863
8.523635625839233,-0.5096491453348756,-0.003999975975451873,-0.0017294606299435526,0.11876284930036538,0.0015055173608979617,-0.0023533132002769666,0.019541126085036917,-2.628691204113465,1.4574565588178365,4.9689388561756445e-05,-0.42682276196591706,-0.13819214438983704
8.528021097183228,-0.5096491453348756,-0.003999975975451873,-0.0017294606299435526,0.11757522080736173,0.0014904621872889822,-0.0023297800682741967,0.019541126085036917,-2.628691204113465,1.4574565588178365,4.919249467613888e-05,-0.4225545343462579,-0.13681022294593867
8.542380094528198,-0.5054485983904323,-0.003963481342093294,-0.0019053635262418342,0.11932508676285974,0.0014678404408857335,-0.0024239618155684857,0.01952565603623105,-2.638956742685233,1.4595895567766397,5.0306432450542555e-05,-0.42530351637767666,-0.13760402489174264
8.558056831359863,-0.501466562013584,-0.004045342587073891,-0.001968283155795278,0.12067192566091212,0.0013916646229979463,-0.002419927271094765,0.01950540977976955,-2.6491784741027145,1.4617079917851707,4.860849799841071e-05,-0.4274176246271899,-0.13817741466263592
8.564379215240479,-0.501466562013584,-0.004045342587073891,-0.001968283155795278,0.119465206404303,0.0013777479767679668,-0.0023957279983838173,0.01950540977976955,-2.6491784741027145,1.4617079917851707,4.8122413018426606e-05,-0.423143448380918,-0.13679564051600956
8.580326080322266,-0.4979640538060654,-0.003329365029669828,-0.0021633163158986334,0.12046769987886541,0.0017630098306215842,-0.002594570945210459,0.0194981743053505,-2.6594454877155003,1.4638379791883143,5.620591605537584e-05,-0.42520635839242693,-0.13732938341897907
8.584422588348389,-0.4979640538060654,-0.003329365029669828,-0.0021633163158986334,0.11926302288007676,0.0017453797323153683,-0.0025686252357583544,0.0194981743053505,-2.6594454877155003,1.4638379791883143,5.564385689482208e-05,-0.42095429480850266,-0.13595608958478927
8.61091685295105,-0.494908988008882,-0.0027105669334916995,-0.0022831046784156303,0.11922386521265323,0.0019400439139191027,-0.0026411947486712755,0.01949193198684258,-2.669697720776026,1.4659188801454357,6.114462063625552e-05,-0.42052307871447014,-0.13574323406908553
8.61626648902893,-0.494908988008882,-0.0027105669334916995,-0.0022831046784156303,0.1180316265605267,0.0019206434747799117,-0.0026147828011845627,0.01949193198684258,-2.669697720776026,1.4659188801454357,6.0533174429892965e-05,-0.41631784792732546,-0.13438580172839468
8.624170541763306,-0.49170172824414554,-0.002397495315477225,-0.0022849025134922055,0.1209095711274183,0.0022774075590256113,-0.0026807190781175496,0.019489258938859062,-2.680089590109546,1.4679458319192833,8.511142791336748e-05,-0.4249553237581644,-0.1369886257565932
8.629454135894775,-0.49170172824414554,-0.002397495315477225,-0.0022849025134922055,0.11970047541614412,0.0022546334834353554,-0.002653911887336374,0.019489258938859062,-2.680089590109546,1.4679458319192833,8.42603136342338e-05,-0.4207057705205828,-0.13561873949902728
8.644271612167358,-0.48806264315657294,-0.001864364625317704,-0.00229938098592504,0.1209598823520104,0.002572983559866134,-0.002720119556949505,0.019486668255059226,-2.690473278375337,1.4698828416475385,9.708577441696806e-05,-0.423301213488624,-0.13639397972687736
8.648995637893677,-0.48806264315657294,-0.001864364625317704,-0.00229938098592504,0.11975028352849029,0.0025472537242674726,-0.00269291836138001,0.019486668255059226,-2.690473278375337,1.4698828416475385,9.611491667279839e-05,-0.41906820135373773,-0.13503003992960858
8.666301250457764,-0.4845710640158167,-0.0013850816985080678,-0.0022816746365400143,0.12057071810164476,0.0027883812134597945,-0.0027202052983715886,0.01948335255050687,-2.700983735159694,1.4717672760039398,0.0001066010110245202,-0.42075898750786184,-0.13554537405369235
8.672363519668579,-0.4845710640158167,-0.0013850816985080678,-0.0022816746365400143,0.1193650109206283,0.0027604974013251964,-0.0026930032453878726,0.01948335255050687,-2.700983735159694,1.4717672760039398,0.00010553500091427499,-0.4165513976327832,-0.13418992031315544
8.678677082061768,-0.48139124793604765,-0.0011977237694942328,-0.0021961202806342153,0.12320813464546405,0.003045324446474676,-0.0026019661691737512,0.019481162941156066,-2.711475639652995,1.4735576284285063,0.000136151446130238,-0.42842825362527137,-0.13802895039170884
8.700595140457153,-0.4786454533503318,-0.0008757557667536214,-0.002157627866108393,0.12322896955780072,0.003159090578163407,-0.0025927831370814013,0.019483217197869208,-2.7220667312236246,1.4752670662612621,0.00014581830482019966,-0.42879226518950775,-0.1381819591803107
8.70634913444519,-0.4786454533503318,-0.0008757557667536214,-0.002157627866108393,0.1219966798622227,0.0031274996723817733,-0.0025668553057105873,0.019483217197869208,-2.7220667312236246,1.4752670662612621,0.00014436012177199766,-0.42450434253761266,-0.1368001395885076
8.723896980285645,-0.4748962020699605,-0.0011451580380916775,-0.0019973928449633213,0.12291309992734924,0.0029678013962365184,-0.002415976062984969,0.01948998029601333,-2.732664684550902,1.4768707970773964,0.00015820688336031923,-0.42604829915223696,-0.13738088096440473
8.728047370910645,-0.4748962020699605,-0.0011451580380916775,-0.0019973928449633213,0.12168396892807574,0.0029381233822741533,-0.0023918163023551194,0.01948998029601333,-2.732664684550902,1.4768707970773964,0.00015662481452671602,-0.4217878161607146,-0.13600707215476068
8.760698556900024,-0.4672426557944907,-0.00327541680735384,-0.0013613384141168258,0.12281032374162847,0.0023236875811290386,-0.002026523331701257,0.019550554204486443,-2.753893141607672,1.4799456087550762,0.00018052494905434116,-0.423798771651236,-0.13673477669159845
8.766078472137451,-0.4672426557944907,-0.00327541680735384,-0.0013613384141168258,0.12158222050421218,0.002300450705317748,-0.0020062580983842442,0.019550554204486443,-2.753893141607672,1.4799456087550762,0.00017871969956379774,-0.4195607839347236,-0.13536742892468245
8.786284923553467,-0.4638343662312365,-0.0028465956263333987,-0.0014052645820714807,0.12205335289442297,0.002476364302361709,-0.0020529554213291027,0.019600512171325794,-2.764468344905646,1.4814652941688846,0.00020766190172184882,-0.42038220259405934,-0.13568260772506607
8.791407585144043,-0.4638343662312365,-0.0028465956263333987,-0.0014052645820714807,0.12083281936547874,0.002451600659338092,-0.0020324258671158115,0.019600512171325794,-2.764468344905646,1.4814652941688846,0.00020558528270463034,-0.41617838056811873,-0.13432578164781542
8.801808595657349,-0.4608361005650909,-0.003336162862852896,-0.0012403907402762692,0.12250651201437861,0.002007785657312468,-0.0017476204180995733,0.019652377944142273,-2.775058615947426,1.4829222453567417,0.0002627959182242177,-0.42175920218613816,-0.13625592829099678
8.825113773345947,-0.45702137253528724,-0.003215536783315762,-0.0011999892397185482,0.12291831974764843,0.0020410025299050926,-0.001722294949916633,0.019729805278710266,-2.785667003644825,1.4843475144285618,0.00029744178523932816,-0.42189619649166393,-0.13635333701859456
8.8324716091156,-0.45702137253528724,-0.003215536783315762,-0.0011999892397185482,0.12168913655017194,0.0020205925046060417,-0.0017050720004174668,0.019729805278710266,-2.785667003644825,1.4843475144285618,0.00029446736738693486,-0.41767723452674727,-0.13498980364840862
8.840051412582397,-0.4530675864993906,-0.0032211228831673286,-0.0011164922824576829,0.1256882763066968,0.002016193344761687,-0.0015712753600787722,0.019802417404141907,-2.796251382646296,1.4857455932940666,0.00039856406199400467,-0.4268627366050041,-0.1380941825138214
8.845720767974854,-0.4530675864993906,-0.0032211228831673286,-0.0011164922824576829,0.12443139354362982,0.00199603141131407,-0.0015555626064779845,0.019802417404141907,-2.796251382646296,1.4857455932940666,0.00039457842137406463,-0.4225941092389541,-0.1367132406886832
8.861618995666504,-0.44938817957333854,-0.0033192295800511524,-0.000999938605793069,0.1255012662752272,0.0019320558387641823,-0.0014515668560930155,0.019883161333988108,-2.806851336609898,1.4871408530327446,0.00044598552010185734,-0.4247547247531358,-0.13745219340139447
8.868849754333496,-0.44938817957333854,-0.0033192295800511524,-0.000999938605793069,0.12424625361247493,0.0019127352803765404,-0.0014370511875320853,0.019883161333988108,-2.806851336609898,1.4871408530327446,0.00044152566490083877,-0.42050717750560446,-0.13607767146738053
8.885708093643188,-0.4460924442714802,-0.0032396966458237133,-0.0009127676114867302,0.12495869965812462,0.0019501627073809946,-0.0013797789907055821,0.019957051278101975,-2.8174369008142235,1.4885078395633815,0.00048472373382740905,-0.42231652557703037,-0.13669460555209526
8.898054599761963,-0.4460924442714802,-0.0032396966458237133,-0.0009127676114867302,0.12370911266154337,0.0019306610803071847,-0.0013659812007985263,0.019957051278101975,-2.8174369008142235,1.4885078395633815,0.00047987649648913497,-0.41809336032126004,-0.1353276594965743
8.909418821334839,-0.4432514559766482,-0.0028925935201447647,-0.000882815262907199,0.12497212385885959,0.0022120455074485473,-0.001389687586126553,0.020036493358793584,-2.8280445110590153,1.4898452529821233,0.0005505897646563306,-0.4228492255957978,-0.13691469101295567
8.92190933227539,-0.4432514559766482,-0.0028925935201447647,-0.000882815262907199,0.12372240262027098,0.002189925052374062,-0.0013757907102652876,0.020036493358793584,-2.8280445110590153,1.4898452529821233,0.0005450838670097673,-0.4186207333398398,-0.1355455441028261
8.927117586135864,-0.44044705717612936,-0.002715623664500933,-0.0004976008945754275,0.12786890089042618,0.002656897155149748,-0.0007123987145756386,0.02011752604288378,-2.8386858347907835,1.49111055385196,0.0006996841300607968,-0.43395180137220873,-0.14070384843161005
8.93086290359497,-0.44044705717612936,-0.002715623664500933,-0.0004976008945754275,0.12659021188152192,0.0026303281835982507,-0.0007052747274298823,0.02011752604288378,-2.8386858347907835,1.49111055385196,0.0006926872887601888,-0.42961228335848667,-0.13929680994729393
8.952408075332642,-0.43701919230208836,-0.002408353581216798,-0.00020714191664292757,0.12691520571067816,0.0027712318021878768,-0.0005964321988815165,0.020204919172541896,-2.849344840235976,1.4923217992301923,0.0007260895011843415,-0.43003639589576287,-0.13948847393222166
8.95875072479248,-0.43701919230208836,-0.002408353581216798,-0.00020714191664292757,0.12564605365357137,0.002743519484165998,-0.0005904678768927014,0.020204919172541896,-2.849344840235976,1.4923217992301923,0.0007188286061724981,-0.42573603193680526,-0.13809358919289944
8.963785409927368,-0.43350127454178594,-0.001875416612329344,-1.4326418380644253e-05,0.1313767717480854,0.00382424080686035,-0.0004329004568039126,0.020286389818377947,-2.85998670349781,1.4935040804339434,0.0008695682692351199,-0.4416469272896694,-0.14346054172860997
8.979623317718506,-0.43009325783413366,-0.001660079952217775,0.00019664166082029058,0.13221470708728472,0.0039464577832950525,-0.00032651024812997356,0.020356402916741644,-2.87057063086322,1.4946720205933959,0.0009026115805819317,-0.44361197252534107,-0.1441421051110091
8.985024690628052,-0.43009325783413366,-0.001660079952217775,0.00019664166082029058,0.13089256001641186,0.003906993205462102,-0.00032324514564867384,0.020356402916741644,-2.87057063086322,1.4946720205933959,0.0008935854647761124,-0.43917585280008764,-0.14270068405989902
9.002288818359375,-0.4269960594126841,-0.0025078108014116515,0.000582750771212418,0.13137742728320623,0.0034395811822105584,2.258874396487932e-06,0.020422092900554925,-2.881195965290918,1.4957692133017075,0.0009174433487739735,-0.4406492723280604,-0.14324414343282235
9.006726503372192,-0.4269960594126841,-0.0025078108014116515,0.000582750771212418,0.13006365301037418,0.003405185370388453,2.2362856525230527e-06,0.020422092900554925,-2.881195965290918,1.4957692133017075,0.0009082689152862337,-0.4362427796047798,-0.14181170199849413
9.02501368522644,-0.42337575209099376,-0.002543664013133199,0.0008074733666035527,0.13074255528882386,0.003378875474104603,0.00012790145888107125,0.020499151483796014,-2.8917859387788676,1.4967931416451785,0.0009350024261065394,-0.437390027389192,-0.14226235702042342
9.028100728988647,-0.42337575209099376,-0.002543664013133199,0.0008074733666035527,0.12943512973593563,0.003345086719363557,0.00012662244429226054,0.020499151483796014,-2.8917859387788676,1.4967931416451785,0.000925652401845474,-0.4330161271153001,-0.1408397334502192
9.0391263961792,-0.41950148698897344,-0.00299924603175392,0.001075324302213174,0.13165439777308885,0.0029633030933126714,0.0004515180781056266,0.02055397750979102,-2.902372927657454,1.4977966546943036,0.0009525918128536974,-0.4378262456421012,-0.1425112288770135
9.044150352478027,-0.41950148698897344,-0.00299924603175392,0.001075324302213174,0.13033785379535795,0.002933670062379545,0.00044700289732457033,0.02055397750979102,-2.902372927657454,1.4977966546943036,0.0009430658947251604,-0.4334479831856802,-0.14108611658824338
9.064870357513428,-0.4158729031712909,-0.0029320068371315755,0.0011999961787776535,0.13078561472295427,0.0029495738751946425,0.0004967106630890161,0.020608759064197044,-2.912921566362498,1.4987833336829004,0.000952319245495528,-0.4339629942135684,-0.14129644194215232
9.068928718566895,-0.4158729031712909,-0.0029320068371315755,0.0011999961787776535,0.12947775857572474,0.002920078136442696,0.000491743556458126,0.020608759064197044,-2.912921566362498,1.4987833336829004,0.0009427960530405727,-0.42962336427143266,-0.1398834775227308
9.080108642578125,-0.4126468199583562,-0.002999835683410724,0.001326274012680725,0.13106843048598965,0.0028573726782884766,0.0006129303367163707,0.020643305998346972,-2.923450273385806,1.4997518835008918,0.0009486754776181816,-0.43430160433835646,-0.14146786317976665
9.084113121032715,-0.4126468199583562,-0.002999835683410724,0.001326274012680725,0.12975774618112976,0.0028287989515055918,0.000606801033349207,0.020643305998346972,-2.923450273385806,1.4997518835008918,0.0009391887228419998,-0.4299585882949729,-0.14005318454796897
9.103976964950562,-0.40993048887703765,-0.002691942262645085,0.001351731002312898,0.12982755004359478,0.0029549454291820593,0.0005835560430674674,0.02067224000481575,-2.933954070605775,1.5006837270031868,0.0009356362521304111,-0.43069576110486313,-0.1403299034367993
9.110689878463745,-0.40993048887703765,-0.002691942262645085,0.001351731002312898,0.12852927454315882,0.0029253959748902388,0.0005777204826367927,0.02067224000481575,-2.933954070605775,1.5006837270031868,0.000926279889609107,-0.42638880349381447,-0.1389266044024313
9.117927074432373,-0.4062960009334874,-0.002542601305731891,0.0013909277373790182,0.1322657524999359,0.003111994825193843,0.0005891026186558003,0.020689092638112826,-2.9444692396512235,1.50156516265323,0.0009159160138648267,-0.4359527806907403,-0.1421607335339402
9.121143102645874,-0.4062960009334874,-0.002542601305731891,0.0013909277373790182,0.13094309497493656,0.0030808748769419044,0.0005832115924692423,0.020689092638112826,-2.9444692396512235,1.50156516265323,0.0009067568537261785,-0.4315932528838329,-0.1407391261986008
9.14126181602478,-0.4025547606912174,-0.0023597755787550857,0.001407770745293383,0.13149318510006933,0.0031417406734217303,0.0005694724367509442,0.020699775996607665,-2.95494017120417,1.5024310835697696,0.0008942982000154304,-0.43223447672820403,-0.14097473468541588
9.145195722579956,-0.4025547606912174,-0.0023597755787550857,0.001407770745293383,0.13017825324906862,0.003110323266687513,0.0005637777123834348,0.020699775996607665,-2.95494017120417,1.5024310835697696,0.0008853552180152761,-0.427912131960922,-0.1395649873385617
9.178447484970093,-0.3958345289106349,-0.0019975516524402296,0.0014055122832993647,0.13089742454154332,0.0031868429947622305,0.0005380077276793415,0.020715176584033473,-2.975780977931853,1.5041683088717182,0.0008709796864563339,-0.4296173933956577,-0.14010393246949848
9.181511163711548,-0.3958345289106349,-0.0019975516524402296,0.0014055122832993647,0.1295884502961279,0.0031549745648146083,0.0005326276504025482,0.020715176584033473,-2.975780977931853,1.5041683088717182,0.0008622698895917705,-0.4253212194617011,-0.1387028931448035
9.199828386306763,-0.39307059853394977,-0.0022366833207595623,0.00147757397728008,0.12980151858363545,0.0030051748025850585,0.000592480655686222,0.020726105906368454,-2.9862200777132206,1.5049755925405919,0.0008497693389896541,-0.4265012535274781,-0.1390916478155657
9.205146789550781,-0.39307059853394977,-0.0022366833207595623,0.00147757397728008,0.1285035033977991,0.002975123054559208,0.0005865558491293598,0.020726105906368454,-2.9862200777132206,1.5049755925405919,0.0008412716455997576,-0.4222362409922033,-0.13770073133741006
9.221853733062744,-0.3896848727074167,-0.002281304952566842,0.0013173121839025214,0.12924513430875095,0.002902501329777464,0.0004944320984953896,0.020739606330309416,-2.9966061443784677,1.5057234147447,0.0008311096908701533,-0.4239344768691313,-0.13827135321436035
9.228132963180542,-0.3896848727074167,-0.002281304952566842,0.0013173121839025214,0.12795268296566345,0.0028734763164796895,0.0004894877775104357,0.020739606330309416,-2.9966061443784677,1.5057234147447,0.0008227985939614518,-0.41969513210044,-0.13688863968221673
9.240709781646729,-0.38596298850507693,-0.0022903248927285042,0.0012416965550416728,0.1296325499716892,0.0028285385521137733,0.000430436304637351,0.020747114503656662,-3.0070277511205536,1.5064336536930207,0.0008080154860943989,-0.42338755659378857,-0.13811598947593606
9.24462103843689,-0.38596298850507693,-0.0022903248927285042,0.0012416965550416728,0.1283362244719723,0.0028002531665926355,0.0004261319415909775,0.020747114503656662,-3.0070277511205536,1.5064336536930207,0.0007999353312334549,-0.41915368102785067,-0.1367348295811767
9.260628938674927,-0.3822888529261909,-0.002204423871620497,0.0011867644340552259,0.1293480774165276,0.002819796415518371,0.0003805828025698728,0.020743480115184225,-3.0173605634829817,1.507110141538168,0.0007803179906169628,-0.4211086539714488,-0.13738331463734074
9.265028715133667,-0.3822888529261909,-0.002204423871620497,0.0011867644340552259,0.12805459664236232,0.002791598451363187,0.00037677697454417404,0.020743480115184225,-3.0173605634829817,1.507110141538168,0.0007725148107107932,-0.41689756743173434,-0.13600948149096734
9.284314155578613,-0.37897204752316155,-0.00207756997552207,0.001132489927662202,0.12849390144242523,0.002823808146737392,0.00033486651909311595,0.020726030110034082,-3.0277419624573705,1.507765446878373,0.0007483132946194791,-0.41785536788689054,-0.13632521005045617
9.298541069030762,-0.37897204752316155,-0.00207756997552207,0.001132489927662202,0.12720896242800098,0.002795570065270018,0.0003315178539021848,0.020726030110034082,-3.0277419624573705,1.507765446878373,0.0007408301616732843,-0.4136768142080216,-0.1349619579499516
9.309659719467163,-0.37601597503954415,-0.0020621483144584924,0.0010941364872932373,0.12859556344310832,0.002776529800710252,0.0002944685538259634,0.020695757002341063,-3.038039309473756,1.5083656815863775,0.0006937274975844813,-0.41835254887767204,-0.13651106073413663
9.31562066078186,-0.37601597503954415,-0.0020621483144584924,0.0010941364872932373,0.12730960780867723,0.0027487645027031494,0.00029152386828770375,0.020695757002341063,-3.038039309473756,1.5083656815863775,0.0006867902226086366,-0.41416902338889533,-0.13514595012679526
9.334885120391846,-0.3725056055417597,-0.002573359224539847,0.0005144417289900852,0.12785913678271066,0.002407393887866611,4.5747997361121054e-05,0.02065808871448283,-3.048427051423887,1.5089020876510155,0.0006557778898664918,-0.4151510464438332,-0.13549757293283243
9.340526103973389,-0.3725056055417597,-0.002573359224539847,0.0005144417289900852,0.12658054541488356,0.0023833199489879447,4.5290517387509844e-05,0.02065808871448283,-3.048427051423887,1.5089020876510155,0.0006492201109678269,-0.41099953597939487,-0.1341425972035041
9.351264476776123,-0.3687408234008415,-0.0030324567391109467,0.00016139337484373655,0.12882111047586953,0.0018826349286737633,-0.00019335111829539851,0.02060946710193452,-3.0587203013765873,1.5093813839934582,0.0005919486881200149,-0.41599160428981286,-0.13583969541732205
9.356887102127075,-0.3687408234008415,-0.0030324567391109467,0.00016139337484373655,0.12753289937111084,0.0018638085793870258,-0.00019141760711244453,0.02060946710193452,-3.0587203013765873,1.5093813839934582,0.0005860292012388147,-0.41183168824691474,-0.13448129846314882
9.368313074111938,-0.36516506871987503,-0.003153735726907619,-0.00015033061950227042,0.12938746022890715,0.0016924930035787393,-0.0004321998624614914,0.020551972031703277,-3.0690509943728532,1.5098520147143868,0.0005273116284700162,-0.41630576254554447,-0.13598031323381438
9.374658584594727,-0.36516506871987503,-0.003153735726907619,-0.00015033061950227042,0.12809358562661807,0.0016755680735429518,-0.0004278778638368765,0.020551972031703277,-3.0690509943728532,1.5098520147143868,0.000522038512185316,-0.41214270492008903,-0.13462051010147624
9.381892919540405,-0.3619495465820584,-0.0032860040624902863,-0.00039488615431118357,0.131257921552437,0.0014194655236600083,-0.000714227959079136,0.020480794076315215,-3.0792996840269757,1.5102828449405232,0.00041752589716160756,-0.42148109719864185,-0.13773346307198345
9.385473728179932,-0.3619495465820584,-0.0032860040624902863,-0.00039488615431118357,0.12994534233691263,0.0014052708684234082,-0.0007070856794883446,0.020480794076315215,-3.0792996840269757,1.5102828449405232,0.00041335063818999146,-0.4172662862266554,-0.1363561284412636
9.401766300201416,-0.3591800948263238,-0.003396853070183394,-0.0006088801921245242,0.1303458931481605,0.0013011397405799092,-0.0008135379430500003,0.020398256385830406,-3.089621973157435,1.5106717256358002,0.0003593286066784791,-0.4191088596530988,-0.13699595257970035
9.405936241149902,-0.3591800948263238,-0.003396853070183394,-0.0006088801921245242,0.1290424342166789,0.0012881283431741102,-0.0008054025636195003,0.020398256385830406,-3.089621973157435,1.5106717256358002,0.0003557353206116943,-0.4149177710565678,-0.13562599305390335
9.428001880645752,-0.3555577802881569,-0.0033262282905007715,-0.0008262748829595571,0.12939379272803395,0.0012889028511517838,-0.0008966452737239998,0.020294312554517472,-3.099879926993708,1.5110143065637311,0.00030664037628609235,-0.41518076660444175,-0.13574236767258924
9.432579755783081,-0.3555577802881569,-0.0033262282905007715,-0.0008262748829595571,0.12809985480075362,0.001276013822640266,-0.0008876788209867598,0.020294312554517472,-3.099879926993708,1.5110143065637311,0.00030357397252323145,-0.41102895893839736,-0.13438494399586334
9.44383978843689,-0.35180961060488963,-0.0033027795963114404,-0.0010138267110886216,0.13014786529405906,0.0012536280363848024,-0.00103992068050458,0.020176027101716818,-3.1101749298656927,1.5113569365370036,0.0002003500758585097,-0.4156066460657644,-0.13590577049335237
9.460452318191528,-0.3482541680753341,-0.00322201303427108,-0.001190332635143869,0.13098680031595072,0.0012695541931123347,-0.0011384435366879294,0.020041097725465595,-3.1203969193066468,1.5116950597470467,0.00012156971277381863,-0.41730397741458425,-0.13645498250271176
9.465846300125122,-0.3482541680753341,-0.00322201303427108,-0.001190332635143869,0.1296769323127912,0.0012568586511812114,-0.00112705910132105,0.020041097725465595,-3.1203969193066468,1.5116950597470467,0.00012035401564608044,-0.4131309376404384,-0.13509043267768464
9.483399391174316,-0.345095396150911,-0.002984336001737851,-0.0013704981971786807,0.13017997279392582,0.0013585648442102853,-0.0012367248975149456,0.01989010070847607,-3.1306781058582875,1.5120223760317553,3.859966259075185e-05,-0.41457473588908433,-0.13554523704405932
9.487524032592773,-0.345095396150911,-0.002984336001737851,-0.0013704981971786807,0.12887817306598656,0.0013449791957681823,-0.0012243576485397962,0.01989010070847607,-3.1306781058582875,1.5120223760317553,3.8213665964844335e-05,-0.4104289885301935,-0.13418978467361872
9.515729904174805,-0.34229398377453246,-0.002613016598398539,-0.0015481785152915832,0.1285827896908152,0.0014493203808230908,-0.0012948175555441519,0.01972812179609809,-3.1409065085124004,1.5122891883695795,-1.5429124841056957e-05,-0.40977252141561293,-0.1339758298424688
9.520425796508789,-0.34229398377453246,-0.002613016598398539,-0.0015481785152915832,0.12729696179390707,0.0014348271770148599,-0.0012818693799887104,0.01972812179609809,-3.1409065085124004,1.5122891883695795,-1.5274833592646387e-05,-0.4056747962014568,-0.1326360715440441
9.52590274810791,-0.3391943481575141,-0.002113610894408415,-0.0015026904340004854,0.1316841227336957,0.0023252612084314847,-0.001334337239308387,0.01955002395246779,-3.1512480893817454,1.5124698034362507,-0.0003184020194572887,-0.4195345087934601,-0.13728071878865952
9.53538179397583,-0.3391943481575141,-0.002113610894408415,-0.0015026904340004854,0.13036728150635873,0.00230200859634717,-0.0013209938669153031,0.01955002395246779,-3.1512480893817454,1.5124698034362507,-0.00031521799926271583,-0.4153391637055255,-0.13590791160077292
9.545972347259521,-0.33560906311144234,-0.0015480871857993345,-0.0014616969694964874,0.1324493817652509,0.002807232807568894,-0.0013556890463119254,0.019357304205809566,-3.161527104616604,1.512568416696213,-0.0004824501966667695,-0.42038108091823373,-0.13765725055350575
9.553760766983032,-0.33560906311144234,-0.0015480871857993345,-0.0014616969694964874,0.13112488794759838,0.002779160479493205,-0.001342132155848806,0.019357304205809566,-3.161527104616604,1.512568416696213,-0.00047762569470010183,-0.41617727010905137,-0.1362806780479707
9.56653618812561,-0.33208724402856793,-0.000852236574822674,-0.0014187669210176273,0.1325707596012043,0.003289759923484245,-0.001383947918902393,0.01915754529742313,-3.1718502183853943,1.5126254316750536,-0.0006190416376720826,-0.4196692437197678,-0.1375099535156125
9.571223735809326,-0.33208724402856793,-0.000852236574822674,-0.0014187669210176273,0.13124505200519224,0.0032568623242494026,-0.0013701084397133689,0.01915754529742313,-3.1718502183853943,1.5126254316750536,-0.0006128512212953618,-0.41547255128257016,-0.13613485398045636
9.584710359573364,-0.32880487406210274,-0.00012472644574686279,-0.0013617047026236958,0.13236677623694054,0.0037592766386073165,-0.0014024068485820398,0.018957779942999554,-3.182115697920861,1.5125952297913865,-0.0007448270640756008,-0.41851462787190596,-0.13725259272985751
9.607021808624268,-0.325953234667402,-0.00019386172186519043,-0.0011590234644056994,0.13232119342188287,0.0037051982697620606,-0.0012939396574970581,0.018766990474404218,-3.1924648930788746,1.5124741832515756,-0.0008177749478968594,-0.4187064826728468,-0.1374167706351269
9.614943504333496,-0.325953234667402,-0.00019386172186519043,-0.0011590234644056994,0.13099798148766403,0.00366814628706444,-0.0012810002609220876,0.018766990474404218,-3.1924648930788746,1.5124741832515756,-0.0008095971984178907,-0.41451941784611834,-0.13604260292877562
9.625362157821655,-0.3222279071122089,0.0007102863147111765,-0.0010561196951585127,0.13326411623165166,0.004498021949538769,-0.0013107853401398072,0.018576879781026682,-3.2027341573412555,1.5122829589947029,-0.0009725265941725825,-0.41966557912588937,-0.13797782257440105
9.628776788711548,-0.3222279071122089,0.0007102863147111765,-0.0010561196951585127,0.13193147506933514,0.004453041730043381,-0.0012976774867384092,0.018576879781026682,-3.2027341573412555,1.5122829589947029,-0.0009628013282308567,-0.4154689233346305,-0.13659804434865705
9.643266677856445,-0.3184187104610712,-0.00023712657991162278,-0.0006275936487021456,0.13324080851552256,0.003811624182137163,-0.0008903532639244613,0.018406210961211433,-3.213051913608118,1.5120605058953571,-0.001066881873160904,-0.4180289625701242,-0.1376070843622208
9.647823333740234,-0.3184187104610712,-0.00023712657991162278,-0.0006275936487021456,0.13190840043036733,0.0037735079403157915,-0.0008814497312852166,0.018406210961211433,-3.213051913608118,1.5120605058953571,-0.001056213054429295,-0.4138486729444229,-0.1362310135185986
9.662899017333984,-0.31481816722256534,0.0005812217425058235,-0.00045866746490612657,0.13297778209141295,0.004286501808659383,-0.0008478005703463828,0.018243458213865735,-3.2232793659330703,1.5118211295744564,-0.001149852568589423,-0.4161117114404722,-0.13712039536457585
9.6674644947052,-0.31481816722256534,0.0005812217425058235,-0.00045866746490612657,0.13164800427049883,0.004243636790572789,-0.0008393225646429189,0.018243458213865735,-3.2232793659330703,1.5118211295744564,-0.0011383540429035287,-0.4119505943260675,-0.1357491914109301
9.681116104125977,-0.3116422832037255,-0.00013193425894245775,-6.187445153064599e-05,0.13265787982499777,0.003732126768715386,-0.00046408154775382936,0.018099594197022773,-3.2335579990743466,1.5115922585348383,-0.0012320715012812391,-0.4149462636726046,-0.1368598969195236
9.686707973480225,-0.3116422832037255,-0.00013193425894245775,-6.187445153064599e-05,0.13133130102674778,0.003694805501028232,-0.00045944073227629107,0.018099594197022773,-3.2335579990743466,1.5115922585348383,-0.0012197507862684268,-0.41079680103587857,-0.13549129795032835
9.69732403755188,-0.3088502463416207,0.0008210502177055685,5.537354865834485e-05,0.132648003702804,0.0045581519738878895,-0.000484752495030047,0.01795935863329202,-3.2437584421467887,1.5113364118578636,-0.001338768980942163,-0.4157694134572488,-0.13728671930310332
9.707401990890503,-0.3088502463416207,0.0008210502177055685,5.537354865834485e-05,0.13132152366577596,0.0045125704541490105,-0.00047990497007974653,0.01795935863329202,-3.2437584421467887,1.5113364118578636,-0.0013253812911327412,-0.4116117193226763,-0.1359138521100723
9.726179122924805,-0.3053240388205257,-0.001354661488131158,0.0005664436047906865,0.1318863575792923,0.0033686464465785384,-3.045024672672299e-05,0.017852361565257897,-3.254049196433792,1.511066112623101,-0.0013734706832531488,-0.4126793068761872,-0.1363393654917718
9.731007814407349,-0.3053240388205257,-0.001354661488131158,0.0005664436047906865,0.13056749400349937,0.003334959982112753,-3.0145744259455762e-05,0.017852361565257897,-3.254049196433792,1.511066112623101,-0.0013597359764206173,-0.4085525138074253,-0.1349759718368541
9.743780374526978,-0.3015550899214945,-0.0013496812945928294,0.0007401519382448276,0.1322125383570658,0.003327083538308609,0.00010537502903478258,0.017784327242008097,-3.2642553467542177,1.5107893281609448,-0.0014071075431513732,-0.4120327080291469,-0.13620633142503458
9.748295545578003,-0.3015550899214945,-0.0013496812945928294,0.0007401519382448276,0.13089041297349516,0.0032938127029255226,0.00010432127874443475,0.017784327242008097,-3.2642553467542177,1.5107893281609448,-0.0013930364677198594,-0.4079123809488554,-0.13484426811078423
9.76319146156311,-0.2979341116388422,-0.003319550664736663,0.0011933815078237738,0.13201247309107145,0.0020048749159479688,0.0006024212912560483,0.017756847160729422,-3.274502875536093,1.510550448694928,-0.0014095159004764001,-0.4103625135460888,-0.1356684704966626
9.769993782043457,-0.2979341116388422,-0.003319550664736663,0.0011933815078237738,0.13069234836016072,0.001984826166788489,0.0005963970783434878,0.017756847160729422,-3.274502875536093,1.510550448694928,-0.0013954207414716361,-0.40625888841062796,-0.13431178579169598
9.778034687042236,-0.2946029034098355,-0.0026421102843749403,0.0012640708770661885,0.1335277194821418,0.0028112609172838733,0.0005590517232050991,0.017764333024848752,-3.2847033236349135,1.5102952557326281,-0.0013936307618023825,-0.4142433116824664,-0.13695577930694347
9.78216814994812,-0.2946029034098355,-0.0026421102843749403,0.0012640708770661885,0.13219244228732036,0.0027831483081110346,0.0005534612059730481,0.017764333024848752,-3.2847033236349135,1.5102952557326281,-0.0013796944541843586,-0.41010087856564176,-0.13558622151387403
9.8112051486969,-0.2916415450763911,-0.00498707686299418,0.0017819468744447256,0.13189048168123454,0.001986166055255643,0.0008431044913116895,0.017820225986261453,-3.2949889864522337,1.5099924480745088,-0.0013559155008590052,-0.40936258266440934,-0.13534880506856004
9.818653106689453,-0.2916415450763911,-0.00498707686299418,0.0017819468744447256,0.1305715768644222,0.0019663043947030865,0.0008346734463985726,0.017820225986261453,-3.2949889864522337,1.5099924480745088,-0.0013423563458504152,-0.40526895683776526,-0.13399531701787443
9.82791256904602,-0.28804204844022946,-0.0036574861632599855,0.00192674329952581,0.13315184488513437,0.003389437500170435,0.0007818737542581552,0.017929931971222713,-3.305250234940207,1.5096369925122544,-0.0012385879268300242,-0.41173270976183446,-0.13617193946502107
9.832191944122314,-0.28804204844022946,-0.0036574861632599855,0.00192674329952581,0.13182032643628303,0.0033555431251687307,0.0007740550167155736,0.017929931971222713,-3.305250234940207,1.5096369925122544,-0.001226202047561724,-0.4076153826642161,-0.13481022007037086
9.848894357681274,-0.28413896995989074,-0.004989649757392984,0.002383355800887655,0.13283902400285966,0.002577056549689983,0.0011540750487699302,0.01807537513094133,-3.3155600396428926,1.5092495380892863,-0.0011467868052132883,-0.4093994661530526,-0.1354155850260897
9.853255271911621,-0.28413896995989074,-0.004989649757392984,0.002383355800887655,0.13151063376283106,0.0025512859841930833,0.001142534298282231,0.01807537513094133,-3.3155600396428926,1.5092495380892863,-0.0011353189371611555,-0.4053054714915221,-0.1340614291758288
9.863449811935425,-0.2803371688761645,-0.003808003896641742,0.0024529935363599665,0.13392345376220133,0.0036843647966369984,0.0010437501911034215,0.018236166774849166,-3.3258195048795485,1.5088333890104508,-0.0009973393144933403,-0.4108105634122,-0.1358980920250846
9.866730451583862,-0.2803371688761645,-0.003808003896641742,0.0024529935363599665,0.1325842192245793,0.0036475211486706282,0.0010333126891923872,0.018236166774849166,-3.3258195048795485,1.5088333890104508,-0.0009873659213484069,-0.406702457778078,-0.13453911110483374
9.882894277572632,-0.27686874136106004,-0.0038253139067237936,0.002640575255184278,0.1334039436106058,0.003619629936720351,0.001142831996202821,0.018410576255510566,-3.336143612792098,1.508373190708858,-0.0008905760159802808,-0.4087017311052917,-0.13521389266710127
9.888368844985962,-0.27686874136106004,-0.0038253139067237936,0.002640575255184278,0.13206990417449976,0.0035834336373531477,0.0011314036762407928,0.018410576255510566,-3.336143612792098,1.508373190708858,-0.000881670255820478,-0.40461471379423875,-0.13386175374043024
9.903241634368896,-0.27372686799495305,-0.003095524561501267,0.0026845057691936326,0.1328610702793583,0.004039280537063268,0.001085512569677439,0.018588205217445395,-3.346409950049341,1.5078567928188016,-0.0007755631786234821,-0.4071207253531538,-0.13472375810248213
9.910675764083862,-0.27372686799495305,-0.003095524561501267,0.0026845057691936326,0.13153245957656473,0.003998887731692636,0.0010746574439806646,0.018588205217445395,-3.346409950049341,1.5078567928188016,-0.0007678075468372473,-0.40304951809962225,-0.13337652052145732
9.926795482635498,-0.26975127273316335,-0.002882196278885368,0.0027465998970981004,0.13268319885542595,0.0040984782674749615,0.0010874492061648854,0.018774789687320017,-3.356781970654133,1.5072712249187008,-0.000665226944675694,-0.4051241445952929,-0.13410792729463594
9.936827898025513,-0.26975127273316335,-0.002882196278885368,0.0027465998970981004,0.1313563668668717,0.004057493484800212,0.0010765747141032365,0.018774789687320017,-3.356781970654133,1.5072712249187008,-0.0006585746752289371,-0.40107290314933997,-0.1327668480216896
9.961639642715454,-0.26565975913657636,-0.0023244517202408214,0.0027271827883683236,0.13169155353671114,0.004240426194256552,0.00103009956688932,0.01895864535243398,-3.367065537804816,1.5066698956165185,-0.0005908014552384932,-0.4009979464203626,-0.13276137270893348
9.966627836227417,-0.26565975913657636,-0.0023244517202408214,0.0027271827883683236,0.13037463800134402,0.004198021932313986,0.0010197985712204268,0.01895864535243398,-3.367065537804816,1.5066698956165185,-0.0005848934406861083,-0.396987966956159,-0.13143375898184415
9.970726013183594,-0.2618110008228877,-0.0019750918492421133,0.002707650958760283,0.13846124944036275,0.005005991083283961,0.0008596450807257663,0.019123838524701817,-3.3773947876512116,1.5060856382609396,-0.000252186016444331,-0.41699556777144337,-0.1380210253631771
9.980436563491821,-0.25834757360033966,-0.00177481423505741,0.0026864045803141182,0.14064305785013687,0.005162103408415742,0.0008056544234902491,0.01926338689143436,-3.3876610820408715,1.5054970103006282,-0.00013730855826268084,-0.42289250630123765,-0.13992819175657253
9.986695528030396,-0.25834757360033966,-0.00177481423505741,0.0026864045803141182,0.1392366272716355,0.005110482374331584,0.0007975978792553466,0.01926338689143436,-3.3876610820408715,1.5054970103006282,-0.00013593547268005404,-0.4186635812382253,-0.13852890983900681
10.008409023284912,-0.2553275035965672,-0.0017288159433497393,0.0026701287210719963,0.1392351117329574,0.005081328578470482,0.0007805554262479695,0.01937413070601909,-3.3980116882594325,1.5048706091921606,-9.760636016033415e-05,-0.41901655145881234,-0.13862678333935174
10.011919260025024,-0.2553275035965672,-0.0017288159433497393,0.0026701287210719963,0.13784276061562784,0.005030515292685777,0.0007727498719854898,0.01937413070601909,-3.3980116882594325,1.5048706091921606,-9.663029655873081e-05,-0.4148263859442242,-0.13724051550595823
10.03987193107605,-0.2475261580730721,-0.001394352990056104,0.0025718122733077247,0.13925512405144894,0.005098028523839306,0.0007171183903677183,0.019527484848450048,-3.4186684281641173,1.50355583303026,-6.138306888424728e-05,-0.41772765218524205,-0.13813478081547956
10.043206930160522,-0.2475261580730721,-0.001394352990056104,0.0025718122733077247,0.13786257281093445,0.0050470482386009135,0.0007099472064640411,0.019527484848450048,-3.4186684281641173,1.50355583303026,-6.076923819540481e-05,-0.41355037566338965,-0.13675343300732476
10.064884662628174,-0.24377650915224722,-0.0013507034859064197,0.0025301818169264105,0.1382136591313832,0.005016456642120637,0.0006823762598170423,0.019576651503395593,-3.4289563764466386,1.5029073740125136,-5.045594114315151e-05,-0.4139482482278183,-0.13682172198752374
10.069296598434448,-0.24377650915224722,-0.0013507034859064197,0.0025301818169264105,0.13683152254006936,0.004966292075699431,0.0006755524972188718,0.019576651503395593,-3.4289563764466386,1.5029073740125136,-4.995138173171999e-05,-0.4098087657455401,-0.1354535047676485
10.087278366088867,-0.24043205572922968,-0.001498336117808352,0.0025147676116689635,0.13732322360654664,0.004836735999482697,0.0006713280010277351,0.019613491560343133,-3.4393126547959345,1.5022456904000412,-4.477644798561698e-05,-0.41121673969632766,-0.13582780590194965
10.093526840209961,-0.24043205572922968,-0.001498336117808352,0.0025147676116689635,0.13594999137048117,0.00478836863948787,0.0006646147210174578,0.019613491560343133,-3.4393126547959345,1.5022456904000412,-4.4328683505760806e-05,-0.40710457229936436,-0.13446952784293015
10.108905792236328,-0.23743560648148354,-0.0014758951153803527,0.00248473368580428,0.13653889707413205,0.004755155269259688,0.0006381381064734282,0.019637859002775676,-3.44960817782492,1.5015351913746642,-4.6226410189825067e-05,-0.40943160977144955,-0.13514851087272517
10.115136861801147,-0.23743560648148354,-0.0014758951153803527,0.00248473368580428,0.13517350810339074,0.004707603716567091,0.0006317567254086939,0.019637859002775676,-3.44960817782492,1.5015351913746642,-4.5764146087926814e-05,-0.40533729367373506,-0.1337970257639979
10.123803853988647,-0.23359692664797915,-0.00042476424544847546,0.00235463623488927,0.13824951745777347,0.005850047261085317,0.0003362332405104778,0.019642776926718546,-3.46001602823251,1.5007504290425095,-6.83779194429333e-05,-0.4127567602469521,-0.13611965081427554
10.128804206848145,-0.23359692664797915,-0.00042476424544847546,0.00235463623488927,0.13686702228319575,0.0057915467884744635,0.00033287090810537305,0.019642776926718546,-3.46001602823251,1.5007504290425095,-6.769414024850396e-05,-0.4086291926444826,-0.13475845430613279
10.150054454803467,-0.22960538144410006,3.535195835666163e-05,0.0022997361701790216,0.1373764582748543,0.0059474349804745546,0.0002789896899856259,0.019629195821092186,-3.470325443626321,1.4999421177603092,-8.433453213087938e-05,-0.40918041552782736,-0.13488541589840908
10.155551671981812,-0.22960538144410006,3.535195835666163e-05,0.0022997361701790216,0.13600269369210577,0.005887960630669809,0.00027619979308576967,0.019629195821092186,-3.470325443626321,1.4999421177603092,-8.349118680957058e-05,-0.4050886113725491,-0.133536561739425
10.165913105010986,-0.2258569389982767,0.0011942842219764432,0.002169440919689013,0.1382590526093538,0.006927626515494666,2.0548782611714753e-05,0.01958917817266019,-3.4806962933538164,1.4991300374397747,-0.0001403443848015985,-0.41061698297731114,-0.1352065415082812
10.170501947402954,-0.2258569389982767,0.0011942842219764432,0.002169440919689013,0.13687646208326026,0.0068583502503397195,2.0343294785597606e-05,0.01958917817266019,-3.4806962933538164,1.4991300374397747,-0.00013894094095358252,-0.406510813147538,-0.1338544760931984
10.18502140045166,-0.22246274089226262,0.0008083693188188141,0.0022015895592017226,0.13784569366150717,0.0065311235457892495,7.040603673079071e-05,0.019555363527491355,-3.490991974694672,1.4982726675274514,-0.00017507119529347573,-0.40923156749269274,-0.1346563891614309
10.190894365310669,-0.22246274089226262,0.0008083693188188141,0.0022015895592017226,0.1364672367248921,0.006465812310331357,6.97019763634828e-05,0.019555363527491355,-3.490991974694672,1.4982726675274514,-0.00017332048334054099,-0.40513925181776583,-0.1333098252698166
10.20398497581482,-0.2195314149547542,0.0005690303986816396,0.002221173544819791,0.13734203062478018,0.006223862024384561,0.00010301448816080422,0.019523068153419365,-3.5013872627555487,1.49732625512311,-0.0002126772367416671,-0.4086807800149534,-0.1344116927518649
10.209068775177002,-0.2195314149547542,0.0005690303986816396,0.002221173544819791,0.13596861031853238,0.0061616234041407154,0.00010198434327919617,0.019523068153419365,-3.5013872627555487,1.49732625512311,-0.00021055046437425045,-0.40459397221480387,-0.13306757582434625
10.224929571151733,-0.21577677123448555,0.00025862660750019747,0.002263943585871027,0.13697639502172443,0.005911375309729064,0.00014825199312030207,0.019482121142950004,-3.5117145792364184,1.4963032386454322,-0.0002483848562657988,-0.40677008894439287,-0.13376103412925883
10.229905366897583,-0.21577677123448555,0.00025862660750019747,0.002263943585871027,0.1356066310715072,0.005852261556631774,0.00014676947318909906,0.019482121142950004,-3.5117145792364184,1.4963032386454322,-0.00024590100770314084,-0.40270238805494896,-0.13242342378796623
10.259492635726929,-0.2082705190176768,-0.0005225016490887883,0.0023918494090910992,0.1367878481877805,0.0055392239780201495,0.00021605047644506615,0.01941251987684022,-3.5323767052834305,1.4941733470154643,-0.0002841222079944973,-0.405358982890279,-0.13324743191840382
10.263682126998901,-0.2082705190176768,-0.0005225016490887883,0.0023918494090910992,0.1354199697059027,0.005483831738239948,0.00021388997168061548,0.01941251987684022,-3.5323767052834305,1.4941733470154643,-0.0002812809859145523,-0.4013053930613762,-0.13191495759921978
10.287556648254395,-0.20504159804453245,-0.0006185713267172213,0.002428297648110918,0.1354182653058891,0.005392262190584951,0.00023132472823039126,0.01938063231087908,-3.542722749999471,1.4930698640184996,-0.0003027170047235481,-0.4014409197076729,-0.13193064796466722
10.292090892791748,-0.20504159804453245,-0.0006185713267172213,0.002428297648110918,0.1340640826528302,0.005338339568679101,0.00022901148094808734,0.01938063231087908,-3.542722749999471,1.4930698640184996,-0.0002996898346763126,-0.3974265105105962,-0.13061134148502054
10.309715270996094,-0.20217403003570034,-0.0006984484352482499,0.0024615406121346593,0.1343505328851486,0.005243878776819176,0.0002504504286439052,0.019341005864889536,-3.5529795254073724,1.491902574917118,-0.0003341093484913489,-0.3990203012275055,-0.13112260932794437
10.315286636352539,-0.20217403003570034,-0.0006984484352482499,0.0024615406121346593,0.1330070275562971,0.005191439989050984,0.0002479459243574661,0.019341005864889536,-3.5529795254073724,1.491902574917118,-0.0003307682550064354,-0.39503009821523044,-0.12981138323466493
10.322587728500366,-0.19848717081432599,-0.0008864455823798621,0.0024872895162343827,0.1367269820798122,0.004893633658868787,0.00030778170122624236,0.019294542994121113,-3.563334162673597,1.4906658454730597,-0.0004284614318212175,-0.4046494445256084,-0.13297037640993623
10.339706182479858,-0.19462767472895792,-0.0009454409196320534,0.002489312740201954,0.1376143328482022,0.004813435157088225,0.0003101000713170368,0.019239736429342583,-3.5735662275827944,1.48940874196897,-0.0004720389300128295,-0.4063251913073692,-0.13351711757925863
10.342796564102173,-0.19462767472895792,-0.0009454409196320534,0.002489312740201954,0.1362381895197202,0.004765300805517342,0.0003069990706038664,0.019239736429342583,-3.5735662275827944,1.48940874196897,-0.00046731854071270116,-0.4022619393942955,-0.13218194640346603
10.36844801902771,-0.19100089853184182,-0.0009378127542663633,0.0024776288099612434,0.13628967251200233,0.004721958335514152,0.00029966754332604885,0.019185244561712684,-3.583852867088392,1.48815861225843,-0.0004944612115000575,-0.40208396953931025,-0.13209988131720235
10.373238325119019,-0.19100089853184182,-0.0009378127542663633,0.0024776288099612434,0.1349267757868823,0.004674738752159011,0.00029667086789278836,0.019185244561712684,-3.583852867088392,1.48815861225843,-0.0004895165993850568,-0.3980631298439171,-0.13077888250403033
10.388829946517944,-0.18768373602613855,-0.0009252312963919411,0.0024616263657596406,0.13570503032565542,0.004637725536842596,0.0002835626792124969,0.019127926570146076,-3.5940502031441994,1.4868658817072384,-0.0005385265332623422,-0.400353104458391,-0.13150590869797507
10.395078659057617,-0.18768373602613855,-0.0009252312963919411,0.0024616263657596406,0.13434798002239887,0.00459134828147417,0.00028072705242037196,0.019127926570146076,-3.5940502031441994,1.4868658817072384,-0.0005331412679297188,-0.3963495734138071,-0.1301908496109953
10.407798767089844,-0.18480741995464178,-0.0010262586780711545,0.0024541129901631768,0.1352658314056226,0.004468760679651528,0.0002803497674414113,0.01906870739901036,-3.6043441132173197,1.4854963214764096,-0.0005957330484481348,-0.4001429175415553,-0.13143430445528656
10.422866344451904,-0.18104971695223654,-0.0009773453261289998,0.002445529542316777,0.136407034714825,0.004458957699937822,0.0002699801971969423,0.01900546180933292,-3.614558714152933,1.4840693132413108,-0.0006495480905892369,-0.4026392251944409,-0.1322721703930016
10.426344633102417,-0.18104971695223654,-0.0009773453261289998,0.002445529542316777,0.13504296436767674,0.004414368122938443,0.00026728039522497287,0.01900546180933292,-3.614558714152933,1.4840693132413108,-0.0006430526096833445,-0.3986128329424965,-0.13094944868907157
10.446187973022461,-0.17719442721407938,-0.0009762356435587317,0.0024509456358747074,0.13563539360795393,0.004373452980782414,0.00026807707071026515,0.018939115002082084,-3.624837550379377,1.4825997638072268,-0.0006836924637908576,-0.39959495473142215,-0.13128195695240238
10.45016598701477,-0.17719442721407938,-0.0009762356435587317,0.0024509456358747074,0.13427903967187438,0.00432971845097459,0.0002653963000031625,0.018939115002082084,-3.624837550379377,1.4825997638072268,-0.000676855539152949,-0.3955990051841079,-0.12996913738287835
10.461471319198608,-0.1735244669338229,-0.0009506480496320392,0.002462151665774845,0.13618243359934845,0.0043138738064565415,0.00027195143339255875,0.018870808482732156,-3.6350263829249396,1.4811009190969744,-0.000754298236611773,-0.40029100832270553,-0.13153127632674255
10.486755847930908,-0.17028118320204128,-0.0009160802687280658,0.0024755064689041973,0.13610330319954456,0.004286405951665732,0.0002738221021565106,0.0188023288432778,-3.6452857357186588,1.4795607996763875,-0.0007845777523824373,-0.4001836778546201,-0.13150382554883325
10.491314172744751,-0.17028118320204128,-0.0009160802687280658,0.0024755064689041973,0.1347422701675491,0.004243541892149075,0.0002710838811349455,0.0188023288432778,-3.6452857357186588,1.4795607996763875,-0.000776731974858613,-0.3961818410760739,-0.1301887872933449
10.512049674987793,-0.1673963316681561,-0.0008894661801956574,0.002489656034757252,0.13478608868519346,0.004216213449213575,0.0002746129962613566,0.018734242060972333,-3.6554609219852074,1.4779431719595695,-0.0008148534134446267,-0.39692848739975684,-0.13047368196919656
10.518449783325195,-0.1673963316681561,-0.0008894661801956574,0.002489656034757252,0.13343822779834152,0.00417405131472144,0.00027186686629874303,0.018734242060972333,-3.6554609219852074,1.4779431719595695,-0.0008067048793101804,-0.3929592025257593,-0.1291689451495046
10.529953956604004,-0.16370186898698494,-0.0008656829497992102,0.002501687646169245,0.1353152220868142,0.004157829583685012,0.00027903669547347105,0.018667450829191832,-3.6657413431299193,1.4762384357235747,-0.0008805579760502853,-0.3976047253117339,-0.13079556876363796
10.534003019332886,-0.16370186898698494,-0.0008656829497992102,0.002501687646169245,0.13396206986594605,0.0041162512878481616,0.0002762463285187363,0.018667450829191832,-3.6657413431299193,1.4762384357235747,-0.0008717523962897825,-0.39362867805861657,-0.12948761307600157
10.549867868423462,-0.15984565300467907,-0.0008017391395249162,0.0025076746905117213,0.1350530617271497,0.004118615035583181,0.00027483521887827837,0.018601105221033573,-3.6759038106677915,1.4744997854149138,-0.0009219142345019925,-0.395841826780008,-0.13029419058173808
10.555119037628174,-0.15984565300467907,-0.0008017391395249162,0.0025076746905117213,0.1337025311098782,0.00407742888522735,0.00027208686668949556,0.018601105221033573,-3.6759038106677915,1.4744997854149138,-0.0009126950921569725,-0.39188340851220793,-0.12899124867592068
10.56352162361145,-0.15623896919790017,-0.0007962124145932922,0.002515350565883385,0.13665783826283218,0.00404939417134083,0.0002793720473226401,0.018536785932754204,-3.6861285472684684,1.4727471172172446,-0.0010125990226850785,-0.3996601180255642,-0.13165518385403188
10.56789779663086,-0.15623896919790017,-0.0007962124145932922,0.002515350565883385,0.13529125988020385,0.004008900229627421,0.0002765783268494137,0.018536785932754204,-3.6861285472684684,1.4727471172172446,-0.0010024730324582278,-0.3956635168453086,-0.13033863201549156
10.588882207870483,-0.15296084932431608,-0.0007959711773321559,0.0025215603952127826,0.1355005130536716,0.003971149241182715,0.0002772704844202891,0.01847793237675286,-3.6962605507583914,1.4709455270245342,-0.0010334308829912215,-0.39634795914736654,-0.13061939703045314
10.594703674316406,-0.15296084932431608,-0.0007959711773321559,0.0025215603952127826,0.1341455079231349,0.003931437748770888,0.00027449777957608626,0.01847793237675286,-3.6962605507583914,1.4709455270245342,-0.0010230965741613092,-0.39238447955589284,-0.1293132030601486
10.62251091003418,-0.15013953467436408,-0.0008354794504348653,0.002529869302076845,0.13381866517098842,0.0038794955056199124,0.00027615233796958287,0.01842638130636585,-3.7064883576063017,1.469062878444465,-0.0010413399165484084,-0.3919960404911613,-0.12923962364852956
10.62726879119873,-0.15013953467436408,-0.0008354794504348653,0.002529869302076845,0.13248047851927855,0.0038407005505637134,0.00027339081458988706,0.01842638130636585,-3.7064883576063017,1.469062878444465,-0.0010309265173829244,-0.3880760800862497,-0.12794722741204426
10.632641792297363,-0.14645106737399924,-0.0008339153338965522,0.0025370361254199738,0.1380204732831476,0.0038150025450814384,0.0002861615967711374,0.018380058883780664,-3.71662568872792,1.4671273376000298,-0.0011580012957748142,-0.4023345574525174,-0.13298467678138995
10.643127202987671,-0.14645106737399924,-0.0008339153338965522,0.0025370361254199738,0.1366402685503161,0.003776852519630624,0.00028329998080342604,0.018380058883780664,-3.71662568872792,1.4671273376000298,-0.001146421282817066,-0.39831121187799223,-0.13165483001357606
10.647822380065918,-0.14267465448144093,-0.0008779165438928635,0.002549775628830981,0.1433171345892399,0.003658028631295656,0.0003172116668267896,0.018339825608120607,-3.7268301113209423,1.4651517189504195,-0.0012801522470847404,-0.41524251376885724,-0.13759352770596467
10.654025316238403,-0.14267465448144093,-0.0008779165438928635,0.002549775628830981,0.14188396324334748,0.0036214483449826997,0.0003140395501585217,0.018339825608120607,-3.7268301113209423,1.4651517189504195,-0.001267350724613893,-0.41109008863116864,-0.13621759242890502
10.671671390533447,-0.13907244652422213,-0.000834766537607808,0.0025597176371385953,0.14250645276785348,0.0036126465386984025,0.0003155453845199261,0.018302407756391498,-3.736935773550804,1.4631599662591497,-0.0012915641871650335,-0.4124942150407422,-0.1367670963931438
10.675110816955566,-0.13907244652422213,-0.000834766537607808,0.0025597176371385953,0.14108138824017494,0.0035765200733114183,0.0003123899306747268,0.018302407756391498,-3.736935773550804,1.4631599662591497,-0.0012786485452933832,-0.40836927289033476,-0.13539942542921235
10.711203813552856,-0.13302366319434697,-0.0008548343089365078,0.002590566650258935,0.14134646361797323,0.0035379790773345287,0.00031877345226474216,0.018237714185978016,-3.7571911490249428,1.459075071994455,-0.0012993700321221584,-0.40969782284880085,-0.13591150430969978
10.714857816696167,-0.13302366319434697,-0.0008548343089365078,0.002590566650258935,0.1399329989817935,0.0035025992865611835,0.0003155857177420947,0.018237714185978016,-3.7571911490249428,1.459075071994455,-0.0012863763318009369,-0.4056008446203128,-0.1345523892666028
10.731356859207153,-0.12933203958828599,-0.00047544663012004677,0.002585937877038938,0.14077085109081605,0.0036995995985615988,0.00029518865863284883,0.01820995406119373,-3.7673757250005786,1.4569391029711511,-0.001306843009216536,-0.40749907966319443,-0.1352867601100057
10.73602032661438,-0.12933203958828599,-0.00047544663012004677,0.002585937877038938,0.1393631425799079,0.0036626036025759826,0.00029223677204652033,0.01820995406119373,-3.7673757250005786,1.4569391029711511,-0.0012937745791243706,-0.4034240888665625,-0.13393389250890564
10.746019124984741,-0.1254424707907133,-0.00022566899140324958,0.0025910027014609508,0.1418592207900258,0.0038804888097033518,0.0002789437746008139,0.018187983459642197,-3.777435212824885,1.4547977651804225,-0.0013290856160605117,-0.4091034583938642,-0.13597803940689335
10.748999834060669,-0.1254424707907133,-0.00022566899140324958,0.0025910027014609508,0.14044062858212555,0.0038416839216063184,0.0002761543368548058,0.018187983459642197,-3.777435212824885,1.4547977651804225,-0.0013157947598999066,-0.4050124238099255,-0.13461825901282443
10.766114711761475,-0.12176160016281493,-0.000302844203265191,0.002618197897518762,0.1411869600355023,0.0037620791167581346,0.00029219387875989596,0.018166264918579922,-3.7875510407668034,1.452667951528415,-0.0013310500433347907,-0.406677883407637,-0.1352251768648441
10.77037239074707,-0.12176160016281493,-0.000302844203265191,0.002618197897518762,0.13977509043514727,0.003724458325590553,0.000289271939972297,0.018166264918579922,-3.7875510407668034,1.452667951528415,-0.0013177395429014428,-0.40261110457356064,-0.13387292509619564
10.794625282287598,-0.11836841356915807,-0.00037205936840638124,0.002648102169184635,0.13977645787579154,0.0036613319108193217,0.000300553126995587,0.01815266902546733,-3.797571178021888,1.4505155120300839,-0.0013213645331906522,-0.40258277043207846,-0.1339033787485269
10.802114725112915,-0.11836841356915807,-0.00037205936840638124,0.002648102169184635,0.13837869329703362,0.0036247185917111283,0.00029754759572563115,0.01815266902546733,-3.797571178021888,1.4505155120300839,-0.0013081508878587456,-0.39855694272775766,-0.13256434496104164
10.815725088119507,-0.11539242209010116,-0.00045860636525741494,0.002683078915741884,0.13918154408890027,0.003529455840607636,0.00032426429710176707,0.018146962851368947,-3.807682646367451,1.4482989967390398,-0.0013198406355980307,-0.4017636645768955,-0.13371178951996093
10.822668313980103,-0.11539242209010116,-0.00045860636525741494,0.002683078915741884,0.13778972864801126,0.0034941612822015594,0.0003210216541307494,0.018146962851368947,-3.807682646367451,1.4482989967390398,-0.0013066422292420503,-0.3977460279311265,-0.13237467162476133
10.831568479537964,-0.11150319988511609,-0.0005040549131704081,0.002711335611193067,0.14078171627745176,0.0034159899199614047,0.00035321321116781425,0.018149623438079236,-3.817704679251096,1.4460510947843268,-0.001322259354406187,-0.40467806759883423,-0.1348139000240521
10.84712839126587,-0.10749726048526438,-0.0005926733171401038,0.002736985843273169,0.14194849318416863,0.003329421408951051,0.0003698253219498896,0.018159381987659616,-3.8277895440387364,1.4437764635543155,-0.001321326433860358,-0.40691833633567215,-0.13561455683419127
10.851081132888794,-0.10749726048526438,-0.0005926733171401038,0.002736985843273169,0.14052900825232695,0.0032961271948615404,0.0003661270687303907,0.018159381987659616,-3.8277895440387364,1.4437764635543155,-0.0013081131695217546,-0.40284915297231544,-0.13425841126584936
10.880040884017944,-0.1036497134382703,-0.0007338234487840222,0.0027611248082922545,0.14045236389193905,0.003216795930236498,0.00037373208022796326,0.018174576525714768,-3.8377728529672455,1.4415023116578725,-0.0012998806138686764,-0.4021682172264105,-0.134053566011837
10.884954929351807,-0.1036497134382703,-0.0007338234487840222,0.0027611248082922545,0.13904784025301967,0.0031846279709341328,0.00036999475942568364,0.018174576525714768,-3.8377728529672455,1.4415023116578725,-0.0012868818077299896,-0.3981465350541464,-0.1327130303517186
10.890508651733398,-0.10020761478654792,-0.0007491866055027286,0.002775505894707444,0.1438552031464561,0.0031351347034105463,0.0003955576457350825,0.01819772416960927,-3.8478261977286157,1.4392100187281143,-0.0012856842360560725,-0.4117633798716993,-0.13730362121023512
10.908412218093872,-0.09710617208556635,-0.0007643682910031481,0.002785116884629796,0.1441489625298705,0.0030980097700058495,0.0003979553141800341,0.01822278552973196,-3.8577834285200914,1.4368814449944567,-0.0012753178997854003,-0.4130550513709965,-0.13776429964327097
10.913416385650635,-0.09710617208556635,-0.0007643682910031481,0.002785116884629796,0.14270747290457178,0.003067029672305791,0.00039397576103823376,0.01822278552973196,-3.8577834285200914,1.4368814449944567,-0.0012625647207875463,-0.40892450085728654,-0.13638665664683827
10.929646492004395,-0.09318619751637552,-0.0008077564190581724,0.0027987486360952617,0.14369567692667873,0.0030134650323852025,0.0004005348837070802,0.0182517046882803,-3.8678501939552627,1.4344950362122582,-0.001250682745042757,-0.4108740752812936,-0.1370639319908481
10.934749126434326,-0.09318619751637552,-0.0008077564190581724,0.0027987486360952617,0.14225872015741195,0.0029833303820613506,0.0003965295348700094,0.0182517046882803,-3.8678501939552627,1.4344950362122582,-0.0012381759175923294,-0.4067653345284807,-0.1356932926709396
10.947439908981323,-0.08909675360018554,-0.0010055782508730403,0.0028210580074601844,0.14405870959182576,0.002803203685712835,0.0004185400565899464,0.018283351585200617,-3.877789540941866,1.432130465198796,-0.0012249102077980187,-0.41033280600997024,-0.13688908136611166
10.952305793762207,-0.08909675360018554,-0.0010055782508730403,0.0028210580074601844,0.1426181224959075,0.0027751716488557065,0.0004143546560240469,0.018283351585200617,-3.877789540941866,1.432130465198796,-0.0012126611057200385,-0.4062294779498705,-0.13552019055245054
10.969549655914307,-0.08525290104673858,-0.000997649330914938,0.0028363579437204415,0.14342104016711668,0.002755581889299403,0.0004198963339521972,0.018319429950368386,-3.8878000058533595,1.4297949003763029,-0.001197490586511058,-0.40783603706430305,-0.13600882960526445
10.975835800170898,-0.08525290104673858,-0.000997649330914938,0.0028363579437204415,0.14198682976544552,0.0027280260704064087,0.0004156973706126752,0.018319429950368386,-3.8878000058533595,1.4297949003763029,-0.0011855156806459474,-0.40375767669366003,-0.1346487413092118
10.992988109588623,-0.08173657585469168,-0.0009919707641737707,0.0028526066273207623,0.14261700795017795,0.002707390231578497,0.0004218024320947175,0.018349943886785625,-3.897713732105492,1.427464793297954,-0.0011737617631682549,-0.4053697344694844,-0.13512810558709
10.998344659805298,-0.08173657585469168,-0.0009919707641737707,0.0028526066273207623,0.14119083787067618,0.002680316329262712,0.00041758440777377035,0.018349943886785625,-3.897713732105492,1.427464793297954,-0.0011620241455365724,-0.4013160371247895,-0.1337768245312191
11.011580228805542,-0.0786789870136865,-0.0009822464748810353,0.0028678806366964687,0.1420890396862311,0.0026646473879479646,0.00042569308519967717,0.018377513029327216,-3.9077338448788557,1.42508585993446,-0.001153116901623292,-0.4047088063966413,-0.13482591762902713
11.019621849060059,-0.0786789870136865,-0.0009822464748810353,0.0028678806366964687,0.1406681492893688,0.002638000914068485,0.0004214361543476804,0.018377513029327216,-3.9077338448788557,1.42508585993446,-0.001141585732607059,-0.4006617183326749,-0.13347765845273685
11.029914140701294,-0.07474943711205707,-0.0009825179280511006,0.0028837695269483127,0.14307940843970562,0.0026174843970158445,0.0004343885068419411,0.0184025855026223,-3.9176631986696893,1.4226910150119736,-0.001135991849338766,-0.40610178933412705,-0.13518369254933413
11.034657955169678,-0.07474943711205707,-0.0009825179280511006,0.0028837695269483127,0.14164861435530857,0.002591309553045686,0.0004300446217735217,0.0184025855026223,-3.9176631986696893,1.4226910150119736,-0.0011246319308453783,-0.40204077144078576,-0.13383185562384078
11.049293041229248,-0.07074171027974059,-0.0009748968971833102,0.0028989443079700875,0.14297054855114205,0.0025749658371184616,0.0004371579746641764,0.018425969231490983,-3.9276726429278734,1.4202915066342712,-0.001118882915975404,-0.40472673161347084,-0.13461242478256538
11.073386430740356,-0.06692292247116163,-0.0009802187089793578,0.0029134996843052587,0.14312583462445652,0.00254953696285307,0.00043962042100607575,0.018448073647475506,-3.937584634201818,1.4179141215372053,-0.0011115020160731531,-0.4047182645961637,-0.13452594695099113
11.0786714553833,-0.06692292247116163,-0.0009802187089793578,0.0029134996843052587,0.14169457627821194,0.0025240415932245392,0.000435224216796015,0.018448073647475506,-3.937584634201818,1.4179141215372053,-0.0011003869959124216,-0.40067108195020207,-0.1331806874814812
11.093492031097412,-0.06353491331813389,-0.0009853498067332988,0.0029272429366909475,0.14256364430196278,0.0024990050608046524,0.00044130173483347907,0.01846969741611218,-3.9475805688527994,1.415526569817444,-0.0010961702875731932,-0.40329312303027165,-0.1338848371577247
11.09653353691101,-0.06353491331813389,-0.0009853498067332988,0.0029272429366909475,0.14113800785894315,0.0024740150101966057,0.0004368887174851443,0.01846969741611218,-3.9475805688527994,1.415526569817444,-0.0010852085846974613,-0.3992601917999689,-0.13254598878614746
11.115696907043457,-0.06050948171324107,-0.0009919410379261892,0.0029399790493627176,0.14130538437184761,0.0024483747254514412,0.0004400005692083444,0.018490991299593758,-3.95748628863417,1.4131024746410894,-0.0010797291116467853,-0.40035073311531066,-0.13279576822423414
11.120751142501831,-0.06050948171324107,-0.0009919410379261892,0.0029399790493627176,0.13989233052812913,0.002423890978196927,0.0004356005635162609,0.018490991299593758,-3.95748628863417,1.4131024746410894,-0.0010689318205303175,-0.39634722578415754,-0.1314678105419918
11.129977703094482,-0.05667193797318586,-0.0010050495447368308,0.0029541183505084625,0.1426526486092355,0.0023920691844538993,0.0004489326679782079,0.018512467757401806,-3.967509241166934,1.4106011320382856,-0.001069845315153419,-0.4030759251989057,-0.13347511716738075
11.133265495300293,-0.05667193797318586,-0.0010050495447368308,0.0029541183505084625,0.14122612212314314,0.0023681484926093605,0.0004444433412984258,0.018512467757401806,-3.967509241166934,1.4106011320382856,-0.0010591468620018848,-0.3990451659469167,-0.13214036599570694
11.152399778366089,-0.05266783879994421,-0.0010106946669098708,0.0029685387488219187,0.14190648871591038,0.0023448410932059337,0.00044861003204881456,0.018533381729602835,-3.977412633958205,1.4081075898789641,-0.0010543349560320926,-0.40015467335388943,-0.13239280730358505
11.156658172607422,-0.05266783879994421,-0.0010106946669098708,0.0029685387488219187,0.1404874238287513,0.0023213926822738744,0.0004441239317283264,0.018533381729602835,-3.977412633958205,1.4081075898789641,-0.0010437916064717715,-0.3961531266203505,-0.1310688792305492
11.190540313720703,-0.04548126939976714,-0.0010256889920938822,0.0029965811526298444,0.14120359759475837,0.0022971382449809242,0.00044909225870178135,0.01857610965606213,-3.9972788368701697,1.4030999481272974,-0.0010398582889981148,-0.397981670556867,-0.13150120427846923
11.195174932479858,-0.04548126939976714,-0.0010256889920938822,0.0029965811526298444,0.1397915616188108,0.002274166862531115,0.00044460133611476355,0.01857610965606213,-3.9972788368701697,1.4030999481272974,-0.0010294597061081337,-0.3940018538512983,-0.13018619223568453
11.212852239608765,-0.04250649328837805,-0.0010178901479322524,0.0030082187428467086,0.140076455072544,0.002258518783799872,0.0004474620788415641,0.018598304956339587,-4.007267964732694,1.4004999639590268,-0.0010251279828315562,-0.3956450609247233,-0.1305939330668561
11.218879461288452,-0.04250649328837805,-0.0010178901479322524,0.0030082187428467086,0.13867569052181855,0.002235933595961873,0.00044298745805314846,0.018598304956339587,-4.007267964732694,1.4004999639590268,-0.0010148767030032405,-0.391688610315476,-0.12928799373618755
11.228886842727661,-0.03891867903501145,-0.0011754737775598527,0.002812728213251757,0.14087443462830523,0.0020574179327139267,0.00024836516388563945,0.018626258775376697,-4.017157456031852,1.3978478939035663,-0.0010077790716544201,-0.39754335958222736,-0.13102774148536225
11.233453750610352,-0.03891867903501145,-0.0011754737775598527,0.002812728213251757,0.1394656902820222,0.0020368437533867874,0.00024588151224678306,0.018626258775376697,-4.017157456031852,1.3978478939035663,-0.000997701280937876,-0.3935679259864051,-0.12971746407050863
11.248744487762451,-0.035088916963328755,-0.0012364752292840127,0.0027120176069438226,0.14057575402279818,0.001978849248903771,0.00017977942122759306,0.018653737801398222,-4.0271203843193195,1.395136130880212,-0.0009896696126354967,-0.3960817037104977,-0.13042125666592963
11.25330114364624,-0.035088916963328755,-0.0012364752292840127,0.0027120176069438226,0.1391699964825702,0.0019590607564147332,0.00017798162701531712,0.018653737801398222,-4.0271203843193195,1.395136130880212,-0.0009797729165091416,-0.39212088667339273,-0.12911704409927033
11.271971225738525,-0.03137029154212178,-0.0012760251057883736,0.0026548049592603385,0.1397700979089065,0.001920467394930134,0.00014713672994975778,0.018679605468235733,-4.036974007587598,1.39240466135334,-0.0009720404598979401,-0.3934289698625033,-0.1294537190358696
11.276714324951172,-0.03137029154212178,-0.0012760251057883736,0.0026548049592603385,0.13837239692981743,0.0019012627209808327,0.0001456653626502602,0.018679605468235733,-4.036974007587598,1.39240466135334,-0.0009623200552989607,-0.3894946801638783,-0.12815918184551092
11.288508415222168,-0.0280342375043005,-0.0013379459181021534,0.0026168577325766792,0.13981734023366207,0.0018330243928323538,0.0001146297620297432,0.01870172403669372,-4.046896964014679,1.3896242361601348,-0.0009591820708848996,-0.3939438607864465,-0.12946998064294818
11.29331922531128,-0.0280342375043005,-0.0013379459181021534,0.0026168577325766792,0.13841916683132546,0.0018146941489040303,0.00011348346440944577,0.01870172403669372,-4.046896964014679,1.3896242361601348,-0.0009495902501760506,-0.39000442217858206,-0.1281752808365187
11.314132928848267,-0.025038873858524408,-0.001368298887695327,0.002581870186556739,0.13847413407612125,0.0017836216678852753,9.669129551346083e-05,0.018716048641485225,-4.0567083590314015,1.3867890333611401,-0.0009472818913203059,-0.3907827072216539,-0.12837330044023904
11.319560050964355,-0.025038873858524408,-0.001368298887695327,0.002581870186556739,0.13708939273536003,0.0017657854512064225,9.572438255832622e-05,0.018716048641485225,-4.0567083590314015,1.3867890333611401,-0.0009378090724071028,-0.3868748801494374,-0.12708956743583663
11.332864761352539,-0.021208888483180397,-0.001356063562089601,0.0025410233329167422,0.1385971729831261,0.0017606697978837184,6.589463981692702e-05,0.0187181088523142,-4.066610625391551,1.383867511183736,-0.0009488184266941865,-0.3904005426141496,-0.12817185959290558
11.337049722671509,-0.021208888483180397,-0.001356063562089601,0.0025410233329167422,0.13721120125329483,0.0017430630999048812,6.523569341875775e-05,0.0187181088523142,-4.066610625391551,1.383867511183736,-0.0009393302424272447,-0.3864965371880081,-0.12689014099697654
11.358322381973267,-0.017203888749791608,-0.001319061609694454,0.002491616798610577,0.13772177880041694,0.0017451792220230362,4.243626887954574e-05,0.01870452058245859,-4.076376911240264,1.380951428848134,-0.0009495938311390346,-0.38719828171496556,-0.12707081086347521
11.363815784454346,-0.017203888749791608,-0.001319061609694454,0.002491616798610577,0.13634456101241277,0.0017277274298028058,4.201190619075029e-05,0.01870452058245859,-4.076376911240264,1.380951428848134,-0.0009400978928276443,-0.3833262988978159,-0.12580010275484046
11.371516704559326,-0.013439877345460222,-0.0013142383674934787,0.0024329901308509827,0.13986889439948524,0.0017221638026208893,-3.139570333674109e-05,0.018675648679277793,-4.086204310424862,1.3780340519781697,-0.0010042648883146332,-0.3922021665155861,-0.12850153981784687
11.376813411712646,-0.013439877345460222,-0.0013142383674934787,0.0024329901308509827,0.13847020545549038,0.0017049421645946804,-3.1081746303373676e-05,0.018675648679277793,-4.086204310424862,1.3780340519781697,-0.000994222239431487,-0.3882801448504302,-0.1272165244196684
11.407676219940186,-0.007011030765127548,-0.0012180283532099358,0.002295762362089496,0.13916853250257427,0.0017213053305146927,-7.408303759328191e-05,0.018587555275381234,-4.105734396498657,1.3720925649442692,-0.0010297073579320923,-0.39071163882785914,-0.12791376066387433
11.413171291351318,-0.007011030765127548,-0.0012180283532099358,0.002295762362089496,0.13777684717754854,0.0017040922772095458,-7.334220721734909e-05,0.018587555275381234,-4.105734396498657,1.3720925649442692,-0.0010194102843527715,-0.3868045224395805,-0.12663462305723558
11.42952847480774,-0.003119553119271335,-0.0011210531325207024,0.002245367760363497,0.1387780903448414,0.0017489623015331717,-0.00010218103089256993,0.018527805418001538,-4.115447072793175,1.3690507681345978,-0.0010611655152252292,-0.38886841389063753,-0.12724635065170317
11.434005737304688,-0.003119553119271335,-0.0011210531325207024,0.002245367760363497,0.137390309441393,0.00173147267851784,-0.00010115922058364423,0.018527805418001538,-4.115447072793175,1.3690507681345978,-0.0010505538600729769,-0.38497972975173117,-0.12597388714518615
11.453394651412964,0.0008795471852578931,-0.0010026874049292225,0.0022160300457361136,0.13807891475102838,0.0017774984628040583,-0.00011421878134512647,0.018458888823629775,-4.125225538497826,1.3659683091622095,-0.0010883621007378454,-0.38617456406523,-0.12629947466315622
11.457203149795532,0.0008795471852578931,-0.0010026874049292225,0.0022160300457361136,0.1366981256035181,0.0017597234781760176,-0.0001130765935316752,0.018458888823629775,-4.125225538497826,1.3659683091622095,-0.001077478479730467,-0.3823128184245777,-0.12503647991652467
11.467796087265015,0.0047055683120147025,-0.0008710467657999208,0.002208931962229958,0.13894286686621105,0.001870401428726964,-0.00011677747779678919,0.018387151993014238,-4.134908597776516,1.3628798331191723,-0.0011571527798153645,-0.3876441857414379,-0.12665859989573225
11.471180438995361,0.0047055683120147025,-0.0008710467657999208,0.002208931962229958,0.13755343819754892,0.0018516974144396942,-0.0001156097030188213,0.018387151993014238,-4.134908597776516,1.3628798331191723,-0.0011455812520172108,-0.3837677438840235,-0.12539201389677493
11.489730834960938,0.008110990025223712,-0.0006920569514038957,0.0022234149210674493,0.13801355976332605,0.0019316757392364562,-0.00010561545213652547,0.01831312893823152,-4.144665116332828,1.359744743469498,-0.0011868929959733873,-0.38520296450411284,-0.12578538669292805
11.495503902435303,0.008110990025223712,-0.0006920569514038957,0.0022234149210674493,0.1366334241656928,0.0019123589818440916,-0.00010455929761516022,0.01831312893823152,-4.144665116332828,1.359744743469498,-0.0011750240660136533,-0.38135093485907173,-0.12452753282599877
11.522142171859741,0.011156101857742495,-0.00048481671890309363,0.0022570324826600725,0.13641013227605836,0.001972250615464099,-9.017872088167944e-05,0.018240170276276637,-4.154328763592802,1.3565506240513923,-0.0011994367489175555,-0.3811782355328271,-0.12444076903139496
11.527071714401245,0.011156101857742495,-0.00048481671890309363,0.0022570324826600725,0.13504603095329779,0.001952528109309458,-8.927693367286265e-05,0.018240170276276637,-4.154328763592802,1.3565506240513923,-0.00118744238142838,-0.37736645317749884,-0.12319636134108101
11.54255747795105,0.015033569336727486,-0.0003328444324779361,0.0023333552167700213,0.13619933753853994,0.00203368519599842,-3.793294604387999e-05,0.018168415384432257,-4.16409447340357,1.3532524492804041,-0.0012373484656160152,-0.37993021733812915,-0.12399914897038238
11.548134326934814,0.015033569336727486,-0.0003328444324779361,0.0023333552167700213,0.13483734416315454,0.002013348344038436,-3.755361658344119e-05,0.018168415384432257,-4.16409447340357,1.3532524492804041,-0.001224974980959855,-0.37613091516474784,-0.12275915748067855
11.559540271759033,0.019090857744241817,-0.00014781298223513363,0.002437794648086873,0.13704593326812478,0.0021588897957284725,5.621872691068991e-05,0.01809576626506338,-4.1737429132109085,1.3499409558984021,-0.001297524220610344,-0.38088243915196573,-0.12427284999238228
11.564922332763672,0.019090857744241817,-0.00014781298223513363,0.002437794648086873,0.13567547393544352,0.0021373008977711877,5.565653964158301e-05,0.01809576626506338,-4.1737429132109085,1.3499409558984021,-0.0012845489784042406,-0.3770736147604461,-0.12303012149245846
11.57025694847107,0.02291365402976348,8.064611168350888e-05,0.0025582993429065747,0.14148419499019907,0.0025507311069042824,0.0002856553584729673,0.01802560423655218,-4.183462820432542,1.3466009758610156,-0.0014495299175739228,-0.39166159405461054,-0.12764169022574634
11.57529091835022,0.02291365402976348,8.064611168350888e-05,0.0025582993429065747,0.14006935304029708,0.0025252237958352393,0.0002827988048882376,0.01802560423655218,-4.183462820432542,1.3466009758610156,-0.0014350346183981835,-0.38774497811406444,-0.12636527332348887
11.589457511901855,0.026413769160326804,0.00029825822452170204,0.0026854775853166553,0.14113914714733344,0.0026556988294703155,0.0003714218608140244,0.0179579749506928,-4.193088902307437,1.3432266518429146,-0.001486069018212403,-0.39072283020687076,-0.12730323808280777
11.59255599975586,0.026413769160326804,0.00029825822452170204,0.0026854775853166553,0.1397277556758601,0.0026291418411756124,0.00036770764220588417,0.0179579749506928,-4.193088902307437,1.3432266518429146,-0.0014712083280302788,-0.3868156019048021,-0.1260302057019797
11.62656831741333,0.03336077446059393,0.00017277889536363342,0.0029180577007543846,0.1403730329580533,0.002567805348852461,0.0004316382587738524,0.017847307212926367,-4.212435417011907,1.3362302492464389,-0.001505389890220988,-0.3887008640362844,-0.12663606428838403
11.62980341911316,0.03336077446059393,0.00017277889536363342,0.0029180577007543846,0.1389693026284728,0.0025421272953639364,0.0004273218761861139,0.017847307212926367,-4.212435417011907,1.3362302492464389,-0.0014903359913187781,-0.38481385539592156,-0.12536970364550018
11.648975372314453,0.03734565312347971,-0.001126520394567308,0.002987810680275281,0.13965909471543936,0.0018415594149595684,0.00044797742522911555,0.01781526258665164,-4.222133116493254,1.3326506368111048,-0.0015093571077608582,-0.38609010007803,-0.12579292571930714
11.65402603149414,0.03734565312347971,-0.001126520394567308,0.002987810680275281,0.13826250376828497,0.0018231438208099727,0.00044349765097682437,0.01781526258665164,-4.222133116493254,1.3326506368111048,-0.0014942635366832495,-0.3822291990772497,-0.12453499646211406
11.673893690109253,0.041124328527137245,-0.0008707913717927176,0.0030827361111379313,0.1387815792856003,0.0019355318307696576,0.0004903412881290094,0.017796149009039412,-4.231744815285203,1.32906046410871,-0.0015054519511709273,-0.38331491576380156,-0.12489625000380558
11.676822423934937,0.041124328527137245,-0.0008707913717927176,0.0030827361111379313,0.1373937634927443,0.001916176512461961,0.0004854378752477193,0.017796149009039412,-4.231744815285203,1.32906046410871,-0.001490397431659218,-0.37948176660616356,-0.12364728750376752
11.710057258605957,0.04750412296697319,-0.0014293967276095914,0.0031940840436566888,0.13793967963558743,0.0017312449859654324,0.0005115006639903141,0.017805001176832928,-4.251019252288276,1.3217341689098805,-0.0014944670586909338,-0.38158452741071974,-0.12433732393411796
11.715630531311035,0.04750412296697319,-0.0014293967276095914,0.0031940840436566888,0.13656028283923155,0.001713932536105778,0.000506385657350411,0.017805001176832928,-4.251019252288276,1.3217341689098805,-0.0014795223881040244,-0.3777686821366125,-0.12309395069477679
11.727421045303345,0.05136038325707168,-0.002557032534987274,0.003194203182222802,0.13846686146942505,0.0007459580689370213,0.00048113527991462294,0.01783063978655895,-4.260703641272502,1.3179534156178372,-0.0014771263958553783,-0.38235851211110283,-0.12464372577728038
11.731984853744507,0.05136038325707168,-0.002557032534987274,0.003194203182222802,0.1370821928547308,0.000738498488247651,0.0004763239271154767,0.01783063978655895,-4.260703641272502,1.3179534156178372,-0.0014623551318968244,-0.3785349269899918,-0.12339728851950757
11.745126724243164,0.055389474817343104,-0.0024027094804224,0.003220703079674033,0.13877699053715384,0.0008527960247059534,0.0004987365469615411,0.01787114186594741,-4.270276322494697,1.314171572734462,-0.0014470433838783485,-0.3821818804307562,-0.12463338674808473
11.749932527542114,0.055389474817343104,-0.0024027094804224,0.003220703079674033,0.1373892206317823,0.0008442680644588939,0.0004937491814919257,0.01787114186594741,-4.270276322494697,1.314171572734462,-0.001432572950039565,-0.37836006162644864,-0.12338705288060388
11.769492864608765,0.05920910025974412,-0.002676044428426377,0.0032240984773599236,0.13796828936580405,0.0006992110165831393,0.0004890831765785032,0.017926638611441774,-4.279911991614478,1.3103706890730205,-0.0014107405743249307,-0.37960899987279845,-0.12380148054846597
11.776510000228882,0.05920910025974412,-0.002676044428426377,0.0032240984773599236,0.13658860647214602,0.0006922189064173079,0.00048419234481271813,0.017926638611441774,-4.279911991614478,1.3103706890730205,-0.0013966331685816814,-0.37581290987407046,-0.12256346574298131
11.794006586074829,0.06273396122093308,-0.0023235107975806547,0.0032483624857758842,0.13723696617734366,0.0008894436626800085,0.0005019334592455483,0.017980940730164673,-4.289454558058893,1.3065570216160718,-0.0013742218095186291,-0.37763472622294963,-0.12317132647052201
11.800474166870117,0.06273396122093308,-0.0023235107975806547,0.0032483624857758842,0.13586459651557023,0.0008805492260532084,0.0004969141246530927,0.017980940730164673,-4.289454558058893,1.3065570216160718,-0.0013604795914234427,-0.37385837896072016,-0.12193961320581678
11.810667276382446,0.06584959694198018,-0.0022998982405148657,0.0032643787436399357,0.13756249622302716,0.0008992873132232413,0.0005120297558400074,0.018043969114173587,-4.299075403285727,1.302648224745258,-0.0013243403969020104,-0.37979039124435193,-0.12392566447337681
11.819339990615845,0.06584959694198018,-0.0022998982405148657,0.0032643787436399357,0.1361868712607969,0.0008902944400910089,0.0005069094582816074,0.018043969114173587,-4.299075403285727,1.302648224745258,-0.0013110969929329903,-0.37599248733190843,-0.12268640782864304
11.828522205352783,0.06987323391616743,-0.0020142674502988934,0.003284711060902754,0.13920644119926537,0.001198535642241158,0.0005394034851537992,0.018113135403068345,-4.308606107597903,1.298710919837415,-0.0012651179532909204,-0.3828863138156869,-0.12501248982159818
11.833163261413574,0.06987323391616743,-0.0020142674502988934,0.003284711060902754,0.1378143767872727,0.0011865502858187465,0.0005340094503022612,0.018113135403068345,-4.308606107597903,1.298710919837415,-0.0012524667737580113,-0.37905745067753,-0.1237623649233822
11.85174298286438,0.07401228992782145,-0.0018425465948239193,0.0032952541483501014,0.1386637959678945,0.0012704361888969502,0.000539896961701098,0.018189306222191216,-4.3181918492486675,1.294720893001942,-0.0012197945410720747,-0.3805709017627946,-0.12428493188593412
11.857746839523315,0.07401228992782145,-0.0018425465948239193,0.0032952541483501014,0.13727715800821555,0.0012577318270079808,0.000534497992084087,0.018189306222191216,-4.3181918492486675,1.294720893001942,-0.001207596595661354,-0.3767651927451667,-0.12304208256707477
11.87313175201416,0.07798845018046399,-0.0016948512085244371,0.003300403182488966,0.13848867146286187,0.0013451365751713255,0.0005385351557257401,0.018268459935047228,-4.327678832829671,1.2907363210382545,-0.0011687139565266702,-0.3793471289420468,-0.12391334972331194
11.878286361694336,0.07798845018046399,-0.0016948512085244371,0.003300403182488966,0.13710378474823326,0.0013316852094196123,0.0005331498041684827,0.018268459935047228,-4.327678832829671,1.2907363210382545,-0.0011570268169614035,-0.3755536576526263,-0.12267421622607882
11.885082483291626,0.08155549238341758,-0.0015720737719418997,0.003300003516431433,0.1409810775091789,0.0015074002685084656,0.0005389472654341638,0.018350403027178826,-4.337224733078074,1.2867089936596454,-0.0010803874401334622,-0.38628060251251234,-0.12620956241971068
11.900970935821533,0.08155549238341758,-0.0015720737719418997,0.003300003516431433,0.13957126673408712,0.0014923262658233809,0.0005335577927798222,0.018350403027178826,-4.337224733078074,1.2867089936596454,-0.0010695835657321276,-0.3824177964873872,-0.12494746679551358
11.915360450744629,0.08477848355803434,-0.0014733816524245763,0.003291801961275279,0.14041525801191757,0.00154978857881221,0.0005271860824807308,0.018431138253530956,-4.346671566935496,1.2826522657882027,-0.001028498316822337,-0.38537398977591236,-0.12595123747305093
11.920256614685059,0.08477848355803434,-0.0014733816524245763,0.003291801961275279,0.1390111054317984,0.001534290693024088,0.0005219142216559235,0.018431138253530956,-4.346671566935496,1.2826522657882027,-0.0010182133336541135,-0.38152024987815325,-0.12469172509832041
11.936508417129517,0.08882003264731256,-0.0013925659840461249,0.003280327542599492,0.14010774238369544,0.0015729505569731198,0.0005136991303203765,0.01851289394458587,-4.356210282290332,1.278508225364246,-0.0009805085799649666,-0.38377755293991006,-0.12546407146456176
11.94119644165039,0.08882003264731256,-0.0013925659840461249,0.003280327542599492,0.13870666495985848,0.0015572210514033886,0.0005085621390171727,0.01851289394458587,-4.356210282290332,1.278508225364246,-0.0009707034941653169,-0.37993977741051094,-0.12420943074991614
11.954297542572021,0.09302991051110687,-0.00129673054319764,0.0032678840839961893,0.14053285352755696,0.0016203215385492205,0.0004996331540075199,0.018592653523296775,-4.365626238163277,1.274400786824175,-0.0009276722793899763,-0.38358785211352026,-0.125421362530453
11.9587242603302,0.09302991051110687,-0.00129673054319764,0.0032678840839961893,0.1391275249922814,0.0016041183231637283,0.0004946368224674447,0.018592653523296775,-4.365626238163277,1.274400786824175,-0.0009183955565960765,-0.37975197359238505,-0.12416714890514846
11.975965738296509,0.09699542451402572,-0.001292454378357466,0.0032494623688849376,0.14003623226349135,0.0015947582748810087,0.0004807460072906849,0.018669043375881152,-4.375109215376294,1.2703057234269644,-0.0008858447611557608,-0.38165882378384486,-0.12475682645146305
11.980832815170288,0.09699542451402572,-0.001292454378357466,0.0032494623688849376,0.13863586994085644,0.0015788106921321987,0.00047593854721777806,0.018669043375881152,-4.375109215376294,1.2703057234269644,-0.0008769863135442033,-0.37784223554600643,-0.12350925818694841
12.002253532409668,0.1006312255403338,-0.0012928401299224655,0.003229876867279834,0.13894684277951622,0.0015660052099362477,0.0004632285398275559,0.018739878034270147,-4.384498531851182,1.2662278869500712,-0.0008517631528274026,-0.3786162544408055,-0.12372789882632762
12.00843620300293,0.1006312255403338,-0.0012928401299224655,0.003229876867279834,0.13755737435172105,0.0015503451578368853,0.00045859625442928035,0.018739878034270147,-4.384498531851182,1.2662278869500712,-0.0008432455212991286,-0.37483009189639743,-0.12249061983806435
12.019771575927734,0.10380561159944561,-0.0012916295322141875,0.003208918153403644,0.13898222907576577,0.001541294302999886,0.0004375687002330638,0.018807002093956762,-4.393976705518231,1.2620786133684876,-0.0008071489343382393,-0.379777807555576,-0.12404010042701584
12.024884223937988,0.10380561159944561,-0.0012916295322141875,0.003208918153403644,0.13759240678500811,0.001525881359969887,0.00043319301323073314,0.018807002093956762,-4.393976705518231,1.2620786133684876,-0.0007990774449948569,-0.37598002948002024,-0.12279969942274568
12.044851064682007,0.10785113433730195,-0.0013084531902482442,0.003188407741349781,0.13824261904305013,0.0015059465074175333,0.00041959262708486997,0.018870741598073556,-4.403361304243506,1.2579260163997419,-0.0007768628245911763,-0.3771169558488369,-0.12313346265345003
12.063023567199707,0.11197369788792143,-0.0012555476947111036,0.0031719674751036634,0.1391287190294354,0.0015239883983119702,0.0004095512033470126,0.018931332185940487,-4.412818259461251,1.2537518855929008,-0.000755144829406365,-0.3787739253688196,-0.12360322374671028
12.068994045257568,0.11197369788792143,-0.0012555476947111036,0.0031719674751036634,0.13773743183914106,0.0015087485143288504,0.0004054556913135425,0.018931332185940487,-4.412818259461251,1.2537518855929008,-0.0007475933811123014,-0.3749861861151314,-0.12236719150924318
12.104917287826538,0.11940086703511442,-0.0015925019682480176,0.0031131624503358277,0.13842772465186196,0.0014042059966574525,0.00038124411872037455,0.019055640620624176,-4.431624280849663,1.2454439278396012,-0.0007253790304676541,-0.37670966990029164,-0.12281619847358877
12.111537218093872,0.11940086703511442,-0.0015925019682480176,0.0031131624503358277,0.13704344740534333,0.0013901639366908779,0.0003774316775331708,0.019055640620624176,-4.431624280849663,1.2454439278396012,-0.0007181252401629775,-0.3729425732012887,-0.12158803648885287
12.116827964782715,0.12252735201654041,-0.0015949708392327233,0.003096290271123725,0.14158237715509925,0.0013825062570222107,0.00034663606759738043,0.01911653857664911,-4.440966822149661,1.2412536092452309,-0.0006627581140490319,-0.38770729004429627,-0.12607476895913744
12.121583938598633,0.12252735201654041,-0.0015949708392327233,0.003096290271123725,0.14016655338354825,0.0013686811944519886,0.0003431697069214066,0.01911653857664911,-4.440966822149661,1.2412536092452309,-0.0006561305329085415,-0.3838302171438533,-0.12481402126954606
12.137442111968994,0.12646932489438645,-0.0017856940124353928,0.0030734727299717886,0.14125085073226218,0.0012396735687116248,0.0003201670051497691,0.019177631144166374,-4.45040789397987,1.236962881676099,-0.0006339665438602659,-0.3862391708434309,-0.12549908003865975
12.142516136169434,0.12646932489438645,-0.0017856940124353928,0.0030734727299717886,0.13983834222493954,0.0012272768330245085,0.00031696533509827145,0.019177631144166374,-4.45040789397987,1.236962881676099,-0.0006276268784216633,-0.38237677913499657,-0.12424408923827315
12.155467510223389,0.1305740342605789,-0.0017883362722668436,0.0030667399688422002,0.14160928310752993,0.001218040312737607,0.00031151674090162186,0.01923533203652285,-4.459729591570561,1.232699372563572,-0.0006044983465467147,-0.3861179187705503,-0.1253284755324254
12.159045219421387,0.1305740342605789,-0.0017883362722668436,0.0030667399688422002,0.14019319027645463,0.001205859909610231,0.00030840157349260565,0.01923533203652285,-4.459729591570561,1.232699372563572,-0.0005984533630812476,-0.3822567395828448,-0.12407519077710115
12.178005933761597,0.1344286359578356,-0.001770585523255021,0.0030611708956931635,0.14082418302525923,0.0012063601363344033,0.00030495185319672055,0.019292795387730714,-4.4691239167234755,1.2284188368108035,-0.0005811440294699096,-0.38364673466889604,-0.1244076449134105
12.184159517288208,0.1344286359578356,-0.001770585523255021,0.0030611708956931635,0.13941594119500664,0.0011942965349710593,0.0003019023346647533,0.019292795387730714,-4.4691239167234755,1.2284188368108035,-0.0005753325891752105,-0.3798102673222071,-0.1231635684642764
12.194901943206787,0.13795656338226978,-0.0017518182821470104,0.0030527714471590577,0.14130586077180576,0.001205182202790807,0.0002953915063014257,0.019348612872389915,-4.478416533778953,1.2241325194808461,-0.0005507066381683129,-0.3851291938730246,-0.12469456337844799
12.19794225692749,0.13795656338226978,-0.0017518182821470104,0.0030527714471590577,0.1398928021640877,0.001193130380762899,0.0002924375912384114,0.019348612872389915,-4.478416533778953,1.2241325194808461,-0.0005451995717866298,-0.38127790193429434,-0.12344761774466351
12.221529006958008,0.1410270521762717,-0.0017494043943249728,0.0030403448709515903,0.1397956595469478,0.0011845128676086943,0.0002855628189451831,0.019400856145202934,-4.487790854652878,1.2197418998322769,-0.0005327964496038495,-0.38166176230745463,-0.12349751790726063
12.225482940673828,0.1410270521762717,-0.0017494043943249728,0.0030403448709515903,0.13839770295147832,0.0011726677389326072,0.00028270719075573124,0.019400856145202934,-4.487790854652878,1.2197418998322769,-0.0005274684851078109,-0.3778451446843801,-0.12226254272818803
12.236408948898315,0.14498669100435563,-0.0017298244668401187,0.0030274474665545267,0.1406377489766114,0.0011849811306058136,0.0002728038253583785,0.019447918352685396,-4.497057991698273,1.2153274381915535,-0.0005114965515494767,-0.38304325205977796,-0.12381245595025099
12.241256713867188,0.14498669100435563,-0.0017298244668401187,0.0030274474665545267,0.1392313714868453,0.0011731313192997555,0.0002700757871047947,0.019447918352685396,-4.497057991698273,1.2153274381915535,-0.000506381586033982,-0.3792128195391802,-0.12257433139074848
12.26011323928833,0.14904192072875969,-0.0017279808915635693,0.0030108584514295126,0.13998962989188893,0.001166169295877996,0.0002606955698752416,0.01949054790118678,-4.506385150829904,1.210863166581227,-0.0004975186329507738,-0.3806638299826426,-0.12295536278387095
12.264739513397217,0.14904192072875969,-0.0017279808915635693,0.0030108584514295126,0.13858973359297003,0.001154507602919216,0.00025808861417648914,0.01949054790118678,-4.506385150829904,1.210863166581227,-0.000492543446621266,-0.3768571916828162,-0.12172580915603225
12.2885582447052,0.15291412929217874,-0.0017467602449125939,0.002989765941130634,0.13882955107808884,0.0011381385849638366,0.00024762400173477975,0.019531634570363957,-4.515610906201898,1.2064141553345262,-0.0004850634621643533,-0.3772012846776256,-0.12176465270715238
12.303255081176758,0.15291412929217874,-0.0017467602449125939,0.002989765941130634,0.13744125556730794,0.0011267571991141982,0.00024514776171743194,0.019531634570363957,-4.515610906201898,1.2064141553345262,-0.0004802128275427098,-0.37342927183084934,-0.12054700618008085
12.308491230010986,0.15636108029970996,-0.0017307234623474878,0.0029683582220839636,0.14264980439123634,0.0011586409856565664,0.00021055437553529595,0.019572179884730218,-4.5249016487984886,1.2019137605843566,-0.00046484151539161417,-0.38856055152396124,-0.12506850611728168
12.31171202659607,0.15636108029970996,-0.0017307234623474878,0.0029683582220839636,0.14122330634732397,0.0011470545758000008,0.00020844883177994298,0.019572179884730218,-4.5249016487984886,1.2019137605843566,-0.00046019310023769804,-0.3846749460087216,-0.12381782105610886
12.339560508728027,0.16335279077813605,-0.001759289449178139,0.002914307040631805,0.14232172464004827,0.0011304859415521055,0.00018860212754727147,0.019638454834572813,-4.543348541892702,1.1927389893549223,-0.0004566145850666191,-0.387899851528047,-0.12475308618247963
12.344761610031128,0.16335279077813605,-0.001759289449178139,0.002914307040631805,0.1408985073936478,0.0011191810821365843,0.00018671610627179875,0.019638454834572813,-4.543348541892702,1.1927389893549223,-0.0004520484392159529,-0.38402085301276656,-0.12350555532065483
12.355656623840332,0.16742357168744976,-0.001691523908868441,0.0028909449994442647,0.14322580953658687,0.0011769066970372805,0.0001721499725707322,0.01966469214647442,-4.5524901183481905,1.188116814347788,-0.0004545714264784233,-0.38916092918081097,-0.12505542655652915
12.36202621459961,0.16742357168744976,-0.001691523908868441,0.0028909449994442647,0.141793551441221,0.0011651376300669076,0.00017042847284502488,0.01966469214647442,-4.5524901183481905,1.188116814347788,-0.00045002571221363903,-0.38526931988900287,-0.12380487229096386
12.3770751953125,0.17125278153200785,-0.0016840801098147277,0.0028605503693874307,0.14292011706316668,0.001163643924491893,0.00015138965036048677,0.01968839088551306,-4.561693577005107,1.183469804322186,-0.0004522362551796022,-0.3879690843579,-0.12456736883327486
12.380289793014526,0.17125278153200785,-0.0016840801098147277,0.0028605503693874307,0.141490915892535,0.0011520074852469741,0.00014987575385688192,0.01968839088551306,-4.561693577005107,1.183469804322186,-0.00044771389262780617,-0.384089393514321,-0.12332169514494211
12.413538217544556,0.1747626557030835,-0.0016787908954384895,0.00282875912752575,0.14113166099075714,0.0011443420072970712,0.00013997192041047377,0.019711739911512732,-4.570794718744728,1.1788105349826155,-0.0004462036211662268,-0.38318778465548836,-0.12299253635598911
12.419986486434937,0.1747626557030835,-0.0016787908954384895,0.00282875912752575,0.13972034438084957,0.0011328985872241005,0.00013857220120636903,0.019711739911512732,-4.570794718744728,1.1788105349826155,-0.00044174158495456455,-0.3793559068089335,-0.12176261099242922
12.436014652252197,0.18176567791407175,-0.0016733637640777763,0.002761015658563209,0.14269235765568503,0.0011345672744645238,9.945983422559248e-05,0.01975607231324257,-4.589036454705751,1.1692439946849351,-0.00045061589420465853,-0.38783484763546583,-0.1243579358439378
12.440729141235352,0.18176567791407175,-0.0016733637640777763,0.002761015658563209,0.14126543407912817,0.0011232216017198786,9.846523588333656e-05,0.01975607231324257,-4.589036454705751,1.1692439946849351,-0.00044610973526261195,-0.3839564991591112,-0.12311435648549841
12.47328233718872,0.18964867949872266,-0.0016307877487060217,0.0026997834587881484,0.14227434638765138,0.0011299076294011901,8.218842606950716e-05,0.01979676614129635,-4.607189761088987,1.1595256427808354,-0.0004488548264694476,-0.38615624804627074,-0.12376381638928963
12.482621908187866,0.18964867949872266,-0.0016307877487060217,0.0026997834587881484,0.14085160292377485,0.0011186085531071782,8.136654180881208e-05,0.01979676614129635,-4.607189761088987,1.1595256427808354,-0.00044436627820475315,-0.38229468556580803,-0.12252617822539673
12.50022840499878,0.19307465233302198,-0.0016342788659453125,0.0026674065005139335,0.14138895703589138,0.0011097076934726304,6.383629664361575e-05,0.019817087490277257,-4.616277714320703,1.1546034723951524,-0.0004465100399053553,-0.3840739632371831,-0.12305421437812776
12.506653308868408,0.19307465233302198,-0.0016342788659453125,0.0026674065005139335,0.13997506746553245,0.0010986106165379041,6.31979336771796e-05,0.019817087490277257,-4.616277714320703,1.1546034723951524,-0.00044204493950630175,-0.38023322360481127,-0.12182367223434648
12.521017789840698,0.19659164241012195,-0.0016428253523835248,0.00269607190791017,0.1410236998990299,0.0010829170362971182,8.403029850175418e-05,0.01983834445797904,-4.6252660547883835,1.1496467552458496,-0.0004451247578325266,-0.3832417236780529,-0.12276741691746262
12.525853633880615,0.19659164241012195,-0.0016428253523835248,0.00269607190791017,0.13961346290003962,0.001072087865934147,8.318999551673664e-05,0.01983834445797904,-4.6252660547883835,1.1496467552458496,-0.0004406735102542013,-0.3794093064412724,-0.121539742748288
12.535803318023682,0.20076260158034792,-0.0015952442349889523,0.0027154379006280953,0.1424092921692403,0.001112375900552243,0.00011018635445369306,0.019859065578473487,-4.634326060268462,1.1445828657577595,-0.0004479953944816587,-0.3855530874323885,-0.12349577096311302
12.539169311523438,0.20076260158034792,-0.0015952442349889523,0.0027154379006280953,0.1409851992475479,0.0011012521415467206,0.00010908449090915613,0.019859065578473487,-4.634326060268462,1.1445828657577595,-0.0004435154405368421,-0.3816975565580646,-0.1222608132534819
12.57509970664978,0.20893836295134594,-0.0015741664575620975,0.0027141445694217206,0.1418507798403181,0.0010990567306103567,0.0001102420801426702,0.019890716435309652,-4.652314101361287,1.1344365725683616,-0.0004481511406055753,-0.38336379094903433,-0.1227622380416563
12.579487085342407,0.20893836295134594,-0.0015741664575620975,0.0027141445694217206,0.1404322720419149,0.001088066163304253,0.0001091396593412435,0.019890716435309652,-4.652314101361287,1.1344365725683616,-0.0004436696291995195,-0.37953015303954396,-0.12153461566123973
12.596033573150635,0.21252522980778635,-0.001583748138486338,0.0026943272101754255,0.14119571337889994,0.0010754950718103423,9.746254868228755e-05,0.01989941323104624,-4.661252547087435,1.129317368598025,-0.00045326223543796823,-0.38166790003698553,-0.12220404450963215
12.602233171463013,0.21252522980778635,-0.001583748138486338,0.0026943272101754255,0.13978375624511094,0.0010647401210922389,9.648792319546467e-05,0.01989941323104624,-4.661252547087435,1.129317368598025,-0.00044872961308358854,-0.37785122103661567,-0.12098200406453583
12.609941005706787,0.21565584980808825,-0.0016163883648110339,0.002661515429399592,0.1424476087167166,0.0010217944341380954,5.238665426915175e-05,0.019903252978157246,-4.670262528283327,1.1240639773318633,-0.00048098202391120496,-0.3869497447296147,-0.12392854763093886
12.615206956863403,0.21565584980808825,-0.0016163883648110339,0.002661515429399592,0.14102313262954944,0.0010115764897967144,5.186278772646023e-05,0.019903252978157246,-4.670262528283327,1.1240639773318633,-0.0004761722036720929,-0.38308024728231854,-0.12268926215462947
12.632043600082397,0.219633126887072,-0.0016154480521894732,0.002630856203077617,0.14197518404176748,0.00100696370220238,3.546561802930755e-05,0.019900662227169515,-4.679179632156593,1.1187637061700235,-0.0004917859101196761,-0.38510430538740537,-0.12338088476803537
12.63644003868103,0.219633126887072,-0.0016154480521894732,0.002630856203077617,0.1405554322013498,0.0009968940651803562,3.511096184901447e-05,0.019900662227169515,-4.679179632156593,1.1187637061700235,-0.0004868680510184794,-0.3812532623335313,-0.12214707592035501
12.650013208389282,0.22368151801158329,-0.0016383189760748095,0.0025959394818197944,0.14213255686390328,0.0009767547564544555,1.0088905195604375e-05,0.019892782668042796,-4.688149011003358,1.113364183954047,-0.0005112238028854439,-0.38476664600444804,-0.1233387311319742
12.653395175933838,0.22368151801158329,-0.0016383189760748095,0.0025959394818197944,0.14071123129526425,0.000966987208889911,9.988016143648331e-06,0.019892782668042796,-4.688149011003358,1.113364183954047,-0.0005061115648565894,-0.38091897954440357,-0.12210534382065447
12.674704790115356,0.2275401776744591,-0.0016740311173255773,0.0025587321721781027,0.14111491139631255,0.0009448728646030333,-7.638746822792636e-06,0.01987927245809474,-4.6970191689446645,1.1079481243659524,-0.0005221148886931301,-0.3817383147525402,-0.12242137529868342
12.709782838821411,0.2275401776744591,-0.0016740311173255773,0.0025587321721781027,0.13970376228234943,0.000935424135957003,-7.56235935456471e-06,0.01987927245809474,-4.6970191689446645,1.1079481243659524,-0.0005168937398061988,-0.37792093160501483,-0.12119716154569658
12.713356733322144,0.2309739535071631,-0.0016671815701702264,0.0025249544170871216,0.14791469229019172,0.0009674002922863823,-9.006497271242293e-05,0.019862180382590938,-4.705928360113145,1.1024485748787232,-0.0006470506021095501,-0.40193073082220887,-0.12925774548442753
12.717876434326172,0.2309739535071631,-0.0016671815701702264,0.0025249544170871216,0.1464355453672898,0.0009577262893635184,-8.91643229852987e-05,0.019862180382590938,-4.705928360113145,1.1024485748787232,-0.0006405800960884545,-0.3979114235139868,-0.12796516802958324
12.722483158111572,0.23406236731353658,-0.0016607433014547016,0.0024900899572118745,0.15167536048842623,0.0009786948354003726,-0.00015545437499963884,0.019840278264947806,-4.714737162187949,1.0969041766734462,-0.0007484963974952334,-0.41532370478613323,-0.13395777379158008
12.726942539215088,0.23406236731353658,-0.0016607433014547016,0.0024900899572118745,0.15015860688354196,0.0009689078870463688,-0.00015389983124964245,0.019840278264947806,-4.714737162187949,1.0969041766734462,-0.0007410114335202811,-0.41117046773827187,-0.1326181960536643
12.734558820724487,0.237929156626175,-0.0016107574210622966,0.0024605128019919336,0.15373396035766126,0.0010347313764206623,-0.00017850110831518908,0.019817038459441782,-4.7236004122399695,1.0912375229711606,-0.0008042983416833216,-0.42012161038354473,-0.13577973759780998
12.738839387893677,0.237929156626175,-0.0016107574210622966,0.0024605128019919336,0.15219662075408466,0.0010243840626564557,-0.0001767160972320372,0.019817038459441782,-4.7236004122399695,1.0912375229711606,-0.0007962553582664884,-0.4159203942797093,-0.13442194022183188
12.753458261489868,0.24195090101153982,-0.0015952610421729858,0.0024270689144762917,0.1534257162019948,0.0010305400626682859,-0.0001938791174187136,0.019798969597621705,-4.732342530130749,1.0855953987295597,-0.0008211016275942935,-0.4184916902319183,-0.13539195650009228
12.757797718048096,0.24195090101153982,-0.0015952610421729858,0.0024270689144762917,0.15189145903997486,0.001020234662041603,-0.00019194032624452647,0.019798969597621705,-4.732342530130749,1.0855953987295597,-0.0008128906113183505,-0.4143067733295991,-0.13403803693509136
12.77413272857666,0.24573455489221632,-0.0015916956341760153,0.002392568030210573,0.15268883809678424,0.0010173833379168475,-0.0002086057319353306,0.01978626783272905,-4.741130211631257,1.079933532277108,-0.000830708106928018,-0.41622490504777165,-0.1347508975303389
12.779095649719238,0.24573455489221632,-0.0015916956341760153,0.002392568030210573,0.1511619497158164,0.001007209504537679,-0.0002065196746159773,0.01978626783272905,-4.741130211631257,1.079933532277108,-0.0008224010258587377,-0.4120626559972939,-0.1334033885550355
12.793198347091675,0.24921609442461082,-0.001588579051844915,0.0023583694578600753,0.15211904562684564,0.0010050659775804737,-0.00022599137974055528,0.019777986685338866,-4.749814800604741,1.0742826099366172,-0.0008406806873108621,-0.414898144584333,-0.1344336594451265
12.798181295394897,0.24921609442461082,-0.001588579051844915,0.0023583694578600753,0.1505978551705772,0.000995015317804669,-0.00022373146594314972,0.019777986685338866,-4.749814800604741,1.0742826099366172,-0.0008322738804377534,-0.41074916313848964,-0.13308932285067523
12.814064741134644,0.2522772194220325,-0.001600003814042676,0.002324181267213943,0.15101914026556054,0.0009827482266298502,-0.00024197454982386726,0.019774605209601392,-4.758552861350021,1.0685409797124668,-0.0008444033633151345,-0.41287117196429435,-0.1338856492343378
12.819697380065918,0.2522772194220325,-0.001600003814042676,0.002324181267213943,0.14950894886290494,0.0009729207443635516,-0.0002395548043256286,0.019774605209601392,-4.758552861350021,1.0685409797124668,-0.0008359593296819832,-0.4087424602446514,-0.1325467927419944
12.83857774734497,0.25624935599715254,-0.0015929394267984996,0.002292566337420577,0.15011770870619162,0.0009712836748542928,-0.0002513756779007329,0.019775490127922474,-4.767190448257892,1.0628068073419368,-0.0008422486581572193,-0.4098503077624113,-0.13299972533877935
12.843533277511597,0.25624935599715254,-0.0015929394267984996,0.002292566337420577,0.14861653161912972,0.0009615708381057499,-0.00024886192112172557,0.019775490127922474,-4.767190448257892,1.0628068073419368,-0.0008338261715756471,-0.4057518046847872,-0.13166972808539157
12.853718519210815,0.26034235858912647,-0.001615800303602082,0.0022562792074939777,0.15114897506959224,0.0009386024418812735,-0.0002808903581648266,0.019780963441714816,-4.77587232600134,1.0570322274820974,-0.0008480608427804599,-0.411390410818724,-0.13363735173414754
12.860100030899048,0.26034235858912647,-0.001615800303602082,0.0022562792074939777,0.1496374853188963,0.0009292164174624607,-0.0002780814545831783,0.019780963441714816,-4.77587232600134,1.0570322274820974,-0.0008395802343526553,-0.4072765067105368,-0.13230097821680606
12.873545169830322,0.2642875682761248,-0.0016415814927008196,0.002218833403025954,0.15107545117047827,0.0009076561090224321,-0.0003026717728510337,0.019789001991017227,-4.784455595163863,1.051301503093589,-0.000845987612353385,-0.4104793999331434,-0.13342465335399628
12.878196954727173,0.2642875682761248,-0.0016415814927008196,0.002218833403025954,0.14956469665877348,0.0008985795479322078,-0.0002996450551225233,0.019789001991017227,-4.784455595163863,1.051301503093589,-0.0008375277362298511,-0.40637460593381197,-0.1320904068204563
12.893626689910889,0.26784031675551323,-0.0016295061088580632,0.0021854824501316068,0.15037158682237814,0.0009025402694178801,-0.0003148783054264917,0.01980060720054456,-4.793092521480574,1.0455358484110189,-0.000839608177437743,-0.4086977784510038,-0.1328915850424733
12.89718246459961,0.26784031675551323,-0.0016295061088580632,0.0021854824501316068,0.14886787095415435,0.0008935148667237013,-0.0003117295223722268,0.01980060720054456,-4.793092521480574,1.0455358484110189,-0.0008312120956633656,-0.40461080066649374,-0.13156266919204856
12.91225266456604,0.27106109320624966,-0.001617966379917319,0.002150503367736521,0.1495163796048635,0.0008974003592210465,-0.00032858576768885476,0.019812600499718926,-4.801624674909255,1.0397772235330895,-0.0008329485933205336,-0.40704271753533156,-0.13241280060091923
12.916037559509277,0.27106109320624966,-0.001617966379917319,0.002150503367736521,0.14802121580881486,0.000888426355628836,-0.0003252999100119662,0.019812600499718926,-4.801624674909255,1.0397772235330895,-0.0008246191073873283,-0.4029722903599782,-0.13108867259491003
12.934864282608032,0.2751219335710732,-0.001609071570522016,0.0021064533749701733,0.14869796773882157,0.0008895066634696709,-0.00034257608694700025,0.01982546586820259,-4.8102295849178525,1.0339311441202286,-0.0008238685844365116,-0.40418483254776183,-0.1315245430564338
12.939158201217651,0.2751219335710732,-0.001609071570522016,0.0021064533749701733,0.14721098806143335,0.0008806115968349741,-0.00033915032607753024,0.01982546586820259,-4.8102295849178525,1.0339311441202286,-0.0008156298985921464,-0.4001429842222842,-0.13020929762586947
12.955883502960205,0.27935909105780743,-0.0016339976046960182,0.0020511062641782414,0.14827229704288725,0.000864077656735419,-0.00036819777045708405,0.019838133036616506,-4.818719140828294,1.0281511761163107,-0.0008155825469954132,-0.40197355778949223,-0.13082943186467139
12.959663152694702,0.27935909105780743,-0.0016339976046960182,0.0020511062641782414,0.14678957407245838,0.0008554368801680647,-0.0003645157927525132,0.019838133036616506,-4.818719140828294,1.0281511761163107,-0.000807426721525459,-0.3979538222115973,-0.12952113754602468
12.975749015808105,0.2833568098784294,-0.0016167116290954407,0.0019969756398819853,0.14780692529255862,0.0008645001075797439,-0.00039033629500610724,0.019850560811245834,-4.827273145371156,1.0223748230950982,-0.0008076318183606869,-0.40008389970536634,-0.13018694840893666
12.981215476989746,0.2833568098784294,-0.0016167116290954407,0.0019969756398819853,0.14632885603963303,0.0008558551065039464,-0.00038643293205604614,0.019850560811245834,-4.827273145371156,1.0223748230950982,-0.0007995555001770801,-0.3960830607083127,-0.1288850789248473
12.995421886444092,0.2870295437671099,-0.001599150935277889,0.0019397097252539502,0.1474508455203293,0.0008675303488316445,-0.0004182782429172519,0.019860191045344217,-4.835729735929717,1.016637001784764,-0.0008023000192466143,-0.39897478578926243,-0.12978466094913113
12.99965500831604,0.2870295437671099,-0.001599150935277889,0.0019397097252539502,0.145976337065126,0.000858855045343328,-0.0004140954604880794,0.019860191045344217,-4.835729735929717,1.016637001784764,-0.0007942770190541482,-0.3949850379313698,-0.12848681433963982
13.01772689819336,0.29023638143134634,-0.0015677424713314648,0.0018826242190350998,0.1462910653916963,0.0008734823590935431,-0.00043705728316000995,0.019867623016339882,-4.844250405066372,1.0108145724263597,-0.0007957632874710481,-0.39647487802676357,-0.12893971229482115
13.021228075027466,0.29023638143134634,-0.0015677424713314648,0.0018826242190350998,0.14482815473777935,0.0008647475355026077,-0.00043268671032840986,0.019867623016339882,-4.844250405066372,1.0108145724263597,-0.0007878056545963376,-0.3925101292464959,-0.12765031517187295
13.03311538696289,0.29432136711672396,-0.0015527092899149666,0.0018231742696385698,0.1468163165754188,0.0008787249392922424,-0.0004728564362703184,0.01987351225159078,-4.852668450109275,1.005007131739676,-0.0007948700856355888,-0.3967792557597447,-0.12899485266609825
13.038418531417847,0.29432136711672396,-0.0015527092899149666,0.0018231742696385698,0.14534815340966462,0.00086993768989932,-0.0004681278719076152,0.01987351225159078,-4.852668450109275,1.005007131739676,-0.0007869213847792329,-0.39281146320214727,-0.12770490413943728
13.054121971130371,0.29848553803587896,-0.0015198120556992193,0.0017673434288945267,0.14654643033133027,0.0008892751224537471,-0.0004931433437295662,0.01988010773532653,-4.8611471802172534,0.9991674049539171,-0.0007895797313500392,-0.39513747042639474,-0.1283943910127694
13.057761430740356,0.29848553803587896,-0.0015198120556992193,0.0017673434288945267,0.14508096602801698,0.0008803823712292097,-0.00048821191029227055,0.01988010773532653,-4.8611471802172534,0.9991674049539171,-0.0007816839340365388,-0.3911860957221308,-0.1271104471026417
13.078834533691406,0.30245688040234897,-0.001490952640088965,0.0017125127376998476,0.1455147141419451,0.0008904337818151075,-0.0005053459676897278,0.01988817407343729,-4.869537391370713,0.9933864276584539,-0.0007805963686133445,-0.39189211791066125,-0.1272721629981141
13.084168910980225,0.30245688040234897,-0.001490952640088965,0.0017125127376998476,0.14405956700052566,0.0008815294439969564,-0.0005002925080128304,0.01988817407343729,-4.869537391370713,0.9933864276584539,-0.0007727904049272111,-0.3879731967315546,-0.12599944136813296
13.10042667388916,0.3059896900092165,-0.0014760158722031983,0.001658195681185576,0.14479198149371786,0.0008884578855856913,-0.0005250154958160249,0.01989625854262258,-4.8780008035741576,0.9875742053029177,-0.0007735162668247561,-0.3901343527523752,-0.12658025533156145
13.104724407196045,0.3059896900092165,-0.0014760158722031983,0.001658195681185576,0.14334406167878067,0.0008795733067298344,-0.0005197653408578647,0.01989625854262258,-4.8780008035741576,0.9875742053029177,-0.0007657811041565085,-0.38623300922485143,-0.12531445277824582
13.135879278182983,0.3131059559988955,-0.0014249424639762994,0.0015666176156107889,0.14419478205073916,0.0008930804364347383,-0.0005391454035566265,0.01990871912906792,-4.89481190619568,0.975867172564217,-0.0007674273219476668,-0.3886617339997694,-0.1259742577152312
13.142805576324463,0.3131059559988955,-0.0014249424639762994,0.0015666176156107889,0.14275283423023177,0.0008841496320703909,-0.0005337539495210602,0.01990871912906792,-4.89481190619568,0.975867172564217,-0.00075975304872819,-0.3847751166597717,-0.1247145151380789
13.155281782150269,0.3172244560410777,-0.0013906241837448915,0.0015307060351189253,0.1446263818646844,0.000909152592948884,-0.0005498558106922061,0.019913907507682106,-4.9031508312005005,0.9700231602705816,-0.000764128161112892,-0.3887388524787633,-0.12583287366758938
13.16056227684021,0.3172244560410777,-0.0013906241837448915,0.0015307060351189253,0.14318011804603756,0.0009000610670193951,-0.000544357252585284,0.019913907507682106,-4.9031508312005005,0.9700231602705816,-0.0007564868795017631,-0.3848514639539756,-0.1245745449309135
13.172281980514526,0.3210933602473335,-0.001374319542390503,0.0014948750080987885,0.1450495178921494,0.0009118095902545159,-0.0005642423759763932,0.01991912771888067,-4.911563561552278,0.9641605579254189,-0.0007613922739941989,-0.3893931084561874,-0.12580998041501237
13.177832126617432,0.3210933602473335,-0.001374319542390503,0.0014948750080987885,0.14359902271322791,0.0009026914943519708,-0.0005585999522166292,0.01991912771888067,-4.911563561552278,0.9641605579254189,-0.0007537783512542569,-0.38549917737162553,-0.12455188061086225
13.196914672851562,0.32463568016024225,-0.0013563043250992602,0.0014610632406481866,0.14401934829648072,0.0009070019412165824,-0.0005675124443115277,0.01992493043030516,-4.919881455322663,0.9583190954891901,-0.0007533047844173714,-0.3867518019596268,-0.12481728982997906
13.202729225158691,0.32463568016024225,-0.0013563043250992602,0.0014610632406481866,0.1425791548135159,0.0008979319218044166,-0.0005618373198684124,0.01992493043030516,-4.919881455322663,0.9583190954891901,-0.0007457717365731977,-0.3828842839400305,-0.12356911693167927
13.210734844207764,0.32772390988166406,-0.0013235769816423088,0.001430525477552952,0.14501092853726325,0.0009377626662858447,-0.0005842200400973704,0.01993173767765606,-4.928266783621387,0.9523659605113499,-0.0007536711639679879,-0.3913658990878814,-0.1260022810221984
13.216415405273438,0.32772390988166406,-0.0013235769816423088,0.001430525477552952,0.1435608192518906,0.0009283850396229863,-0.0005783778396963967,0.01993173767765606,-4.928266783621387,0.9523659605113499,-0.000746134452328308,-0.3874522400970026,-0.12474225821197642
13.23680567741394,0.33170198724219374,-0.001305715060983046,0.0013994122481994604,0.14407618009380427,0.0009314238114923541,-0.000584725123398161,0.01993860884853681,-4.936548726094352,0.9464145125926702,-0.0007444249019469856,-0.3883685271576653,-0.12493179080467934
13.242478609085083,0.33170198724219374,-0.001305715060983046,0.0013994122481994604,0.14263541829286622,0.0009221095733774306,-0.0005788778721641793,0.01993860884853681,-4.936548726094352,0.9464145125926702,-0.0007369806529275157,-0.3844848418860886,-0.12368247289663255
13.254130840301514,0.3357765338143364,-0.0012714359937455,0.001372147237930167,0.14470584804522407,0.0009477835698162541,-0.0005886922979600998,0.01994584493026738,-4.944886419806763,0.9404050021427018,-0.000739134318995661,-0.3890952140549838,-0.12495728246572622
13.26015591621399,0.3357765338143364,-0.0012714359937455,0.001372147237930167,0.14325878956477184,0.0009383057341180916,-0.0005828053749804987,0.01994584493026738,-4.944886419806763,0.9404050021427018,-0.0007317429758057043,-0.38520426191443397,-0.12370770964106896
13.277936935424805,0.33967049825628565,-0.0012417280238663105,0.0013444847613984622,0.14401615221368688,0.0009492359526603725,-0.0005879166137051583,0.019954185249309708,-4.953131256324256,0.9344266154902731,-0.0007297370264540555,-0.38684437951145667,-0.1240958609959692
13.283734560012817,0.33967049825628565,-0.0012417280238663105,0.0013444847613984622,0.14257599069155003,0.0009397435931337687,-0.0005820374475681067,0.019954185249309708,-4.953131256324256,0.9344266154902731,-0.0007224396561895149,-0.3829759357163421,-0.1228549023860095
13.294679641723633,0.3431439184171804,-0.0012213825500878843,0.0013153328143942135,0.14432372837071442,0.0009549472083171688,-0.0005970209351934776,0.019963455498127267,-4.96143042107936,0.9283859773222402,-0.0007227937340879283,-0.38814355670639156,-0.1242724999386592
13.314080476760864,0.34625996669711456,-0.001199570897130456,0.00128712140152043,0.1444866311806001,0.0009598241858373482,-0.000602305367997282,0.019973587544772912,-4.969623681716034,0.9223242058074964,-0.0007191656416042479,-0.3892950171720993,-0.12453556125692566
13.318654775619507,0.34625996669711456,-0.001199570897130456,0.00128712140152043,0.14304176486879408,0.0009502259439789747,-0.0005962823143173091,0.019973587544772912,-4.969623681716034,0.9223242058074964,-0.0007119739851882055,-0.3854020670003783,-0.1232902056443564
13.332815885543823,0.35019179293073,-0.0011607724439851436,0.001261894824282049,0.1443878315872752,0.0009722041323927804,-0.0006012272956641946,0.01998395765388735,-4.977877716783709,0.9161346326310467,-0.000709490834701917,-0.3885224865821076,-0.12416316417125439
13.336721420288086,0.35019179293073,-0.0011607724439851436,0.001261894824282049,0.14294395327140244,0.0009624820910688526,-0.0005952150227075526,0.01998395765388735,-4.977877716783709,0.9161346326310467,-0.0007023959263548978,-0.3846372617162865,-0.12292153252954184
13.350729703903198,0.35428951112315754,-0.0011020477512715028,0.001240018500907744,0.14443970200317344,0.0009982569609448303,-0.0005954001908817336,0.01999464951553613,-4.986017716368309,0.9099806716454402,-0.000699368303801672,-0.3877649137237985,-0.12379664187933449
13.354148149490356,0.35428951112315754,-0.0011020477512715028,0.001240018500907744,0.1429953049831417,0.000988274391335382,-0.0005894461889729163,0.01999464951553613,-4.986017716368309,0.9099806716454402,-0.0006923746207636553,-0.38388726458656053,-0.12255867546054115
13.375187158584595,0.3581434470727013,-0.0010804769912077157,0.0012111993886288661,0.1433971555228358,0.0009918357540866412,-0.0005940335296201852,0.020005478988390647,-4.994214196734932,0.9037872027100486,-0.0006879210503644598,-0.3847289573423166,-0.12272446982570479
13.379945516586304,0.3581434470727013,-0.0010804769912077157,0.0012111993886288661,0.14196318396760743,0.0009819173965457746,-0.0005880931943239833,0.020005478988390647,-4.994214196734932,0.9037872027100486,-0.0006810418398608152,-0.38088166776889343,-0.12149722512744773
13.39241647720337,0.3616704623016072,-0.001057382115530273,0.0011827833999692391,0.1433717316765415,0.0009957705180430303,-0.0005995154467477021,0.020017510262494924,-5.0023112372874365,0.8975966293717303,-0.0006770545052493979,-0.3849019831616458,-0.12262774675350498
13.396836280822754,0.3616704623016072,-0.001057382115530273,0.0011827833999692391,0.14193801435977607,0.0009858128128626001,-0.000593520292280225,0.020017510262494924,-5.0023112372874365,0.8975966293717303,-0.000670283960196904,-0.38105296333002936,-0.12140146928596993
13.415191650390625,0.36474396783999224,-0.0010231682083555109,0.0011562912535086102,0.14219307292314573,0.000997643357415202,-0.0005973755921062403,0.02003061401511263,-5.010459395641988,0.8912859912642084,-0.0006648000728861468,-0.38261590685223373,-0.1218158427362002
13.419326066970825,0.36474396783999224,-0.0010231682083555109,0.0011562912535086102,0.14077114219391426,0.00098766692384105,-0.0005914018361851778,0.02003061401511263,-5.010459395641988,0.8912859912642084,-0.0006581520721572853,-0.3787897477837114,-0.1205976843088382
13.430399894714355,0.3686943085507836,-0.0009992851108630758,0.0011285900532875075,0.1429307033104247,0.0010052087843611596,-0.0006040045283687625,0.020044140420505903,-5.018503286299564,0.8849654848040932,-0.000652795519381034,-0.3838346005071051,-0.12209787548196471
13.438791036605835,0.3686943085507836,-0.0009992851108630758,0.0011285900532875075,0.14150139627732045,0.000995156696517548,-0.0005979644830850749,0.020044140420505903,-5.018503286299564,0.8849654848040932,-0.0006462675641872237,-0.37999625450203406,-0.12087689672714506
13.456536293029785,0.37272545283129366,-0.0009570459663616035,0.001104664541072143,0.14235804680531677,0.0010120548368010198,-0.0005995451647123667,0.020057991729833087,-5.026596162139591,0.8785727907522516,-0.0006402188409139575,-0.3817556063527152,-0.12136249778929556
13.462141275405884,0.37272545283129366,-0.0009570459663616035,0.001104664541072143,0.14093446633726361,0.0010019342884330096,-0.0005935497130652431,0.020057991729833087,-5.026596162139591,0.8785727907522516,-0.0006338166525048179,-0.37793805028918803,-0.1201488728114026
13.470766305923462,0.37657592918069754,-0.0009180895950044542,0.0010800859964129558,0.14398940901711524,0.001043458807932613,-0.0006047158317669603,0.020072180944830112,-5.034594221548354,0.8722056066223546,-0.0006273259520497156,-0.3854967131355148,-0.12240225978976177
13.47496509552002,0.37657592918069754,-0.0009180895950044542,0.0010800859964129558,0.1425495149269441,0.001033024219853287,-0.0005986686734492907,0.020072180944830112,-5.034594221548354,0.8722056066223546,-0.0006210526925292184,-0.3816417460041597,-0.12117823719186414
13.493216753005981,0.37999979317949245,-0.0008923202531465806,0.001052873488806927,0.14299993609265846,0.001040147281427501,-0.0006036355170342046,0.020086437222015488,-5.0426449563589975,0.8657638419626352,-0.0006145972645400002,-0.38323076826087166,-0.12160798414257006
13.49792742729187,0.37999979317949245,-0.0008923202531465806,0.001052873488806927,0.14156993673173188,0.001029745808613226,-0.0005975991618638625,0.020086437222015488,-5.0426449563589975,0.8657638419626352,-0.0006084512918946002,-0.37939846057826293,-0.12039190430114435
13.520423412322998,0.38306660783576163,-0.0008651107979575343,0.0010259541056508094,0.141517506476904,0.0010341318226051238,-0.000600340563161643,0.020100967289503554,-5.0505859782005835,0.8593002765290436,-0.000601846723310879,-0.3799525197810983,-0.12053356775398316
13.524136543273926,0.38306660783576163,-0.0008651107979575343,0.0010259541056508094,0.14010233141213496,0.0010237905043790725,-0.0005943371575300265,0.020100967289503554,-5.0505859782005835,0.8593002765290436,-0.0005958282560777703,-0.3761529945832873,-0.11932823207644333
13.537488460540771,0.3869600700527737,-0.0008248635717840746,0.0010019576907990247,0.14161732919160772,0.0010476772833663821,-0.0005987886390973185,0.020115608326067545,-5.058582772844919,0.8526992583517442,-0.0005887363512853214,-0.37980357204304116,-0.12045308605078192
13.54213547706604,0.3869600700527737,-0.0008248635717840746,0.0010019576907990247,0.14020115589969165,0.0010372005105327184,-0.0005928007527063454,0.020115608326067545,-5.058582772844919,0.8526992583517442,-0.0005828489877724683,-0.37600553632261074,-0.1192485551902741
13.555614233016968,0.3910295758156816,-0.0007865576259614659,0.000977729169663257,0.14181833399718327,0.0010593079686381072,-0.0005975466706114104,0.02013000807918187,-5.066462786225267,0.8461239533475844,-0.0005756817520918336,-0.3795097503338548,-0.12033787835258661
13.56021785736084,0.3910295758156816,-0.0007865576259614659,0.000977729169663257,0.14040015065721143,0.001048714888951726,-0.0005915712039052962,0.02013000807918187,-5.066462786225267,0.8461239533475844,-0.0005699249345709152,-0.37571465283051625,-0.11913449956906075
13.577796697616577,0.3948628295535947,-0.0007562504636021561,0.0009521164987754837,0.14117675088927253,0.0010587834541997652,-0.0005955425796279822,0.020144136758090077,-5.074394409115955,0.8394885952440012,-0.0005631899395063894,-0.3775743660454439,-0.11969163034766903
13.583462476730347,0.3948628295535947,-0.0007562504636021561,0.0009521164987754837,0.13976498338037982,0.0010481956196577676,-0.0005895871538317024,0.020144136758090077,-5.074394409115955,0.8394885952440012,-0.0005575580401113255,-0.37379862238498945,-0.11849471404419233
13.597751379013062,0.398381003394202,-0.0007248431738700215,0.0009271942576063687,0.14082949923366425,0.0010635579914621781,-0.0005953256553936471,0.020157959918841596,-5.082219868894734,0.8328450346124043,-0.0005506017985258586,-0.37691201798962565,-0.11947060781933355
13.60076355934143,0.398381003394202,-0.0007248431738700215,0.0009271942576063687,0.13942120424132762,0.0010529224115475564,-0.0005893723988397106,0.020157959918841596,-5.082219868894734,0.8328450346124043,-0.0005450957805405999,-0.37314289780972937,-0.11827590174114022
13.616822719573975,0.40143866370328496,-0.0005909287621703009,0.0013108828023990194,0.13993087976484672,0.0010774044138037477,-0.000333662704539533,0.02017015726931293,-5.090085553764644,0.8260606413135939,-0.0005412526128969127,-0.3755707714023197,-0.11906807284153326
13.620287656784058,0.40143866370328496,-0.0005909287621703009,0.0013108828023990194,0.13853157096719826,0.0010666303696657102,-0.00033032607749413766,0.02017015726931293,-5.090085553764644,0.8260606413135939,-0.0005358400867679435,-0.3718150636882965,-0.11787739211311793
13.636177778244019,0.40534416702876996,-0.0004762169593855831,0.0015479812844822834,0.13960399421795872,0.001098168783927627,-0.00016658018998180928,0.020178318232996074,-5.097845552598375,0.8192550197134023,-0.0005355448026277599,-0.3742736288177322,-0.11870873459855769
13.639568328857422,0.40534416702876996,-0.0004762169593855831,0.0015479812844822834,0.13820795427577912,0.001087187096088351,-0.00016491438808199118,0.020178318232996074,-5.097845552598375,0.8192550197134023,-0.0005301893546014823,-0.37053089252955485,-0.11752164725257211
13.655799865722656,0.4093319708403698,-0.00039409405866909107,0.0016979753220937592,0.13928264642124652,0.001108854496570793,-6.243206830851705e-05,0.020177896952605384,-5.105637651873839,0.8123515307682339,-0.000535777965487812,-0.3729223072356432,-0.11833757933419506
13.660361289978027,0.4093319708403698,-0.00039409405866909107,0.0016979753220937592,0.13788981995703406,0.001097765951605085,-6.180774762543187e-05,0.020177896952605384,-5.105637651873839,0.8123515307682339,-0.0005304201858329339,-0.3691930841632867,-0.11715420354085311
13.674182415008545,0.41314265793671645,-0.00032458144834767393,0.001781656630667921,0.1392680192086308,0.0011256996698969927,8.675090915161068e-06,0.02016585641447,-5.11332914764346,0.8054549533128212,-0.0005464795481111911,-0.37260131904831206,-0.11831841128557889
13.67868161201477,0.41314265793671645,-0.00032458144834767393,0.001781656630667921,0.1378753390165445,0.0011144426731980227,8.588340006009456e-06,0.02016585641447,-5.11332914764346,0.8054549533128212,-0.0005410147526300792,-0.36887530585782896,-0.11713522717272311
13.690984010696411,0.4165479203602738,-0.00024912362628226115,0.0018131428391507838,0.13926449434457225,0.0011600545554215785,4.664160834388167e-05,0.020142627037810393,-5.12105770475033,0.7984621688677875,-0.0005687202469868542,-0.3732312942036982,-0.11862012267984857
13.695639371871948,0.4165479203602738,-0.00024912362628226115,0.0018131428391507838,0.1378718494011265,0.0011484540098673627,4.617519226044285e-05,0.020142627037810393,-5.12105770475033,0.7984621688677875,-0.0005630330445169857,-0.36949898126166125,-0.1174339214530501
13.721466064453125,0.41962887946238964,-0.0001900760325846669,0.0017996849072895748,0.13768604545797078,0.0011612894913285165,4.5641168349599654e-05,0.02010786074880401,-5.128667474346582,0.7914442735236524,-0.0005774092942991184,-0.3696018887378898,-0.11754067813464027
13.727681875228882,0.41962887946238964,-0.0001900760325846669,0.0017996849072895748,0.13630918500339106,0.0011496765964152313,4.5184756666103655e-05,0.02010786074880401,-5.128667474346582,0.7914442735236524,-0.0005716352013561272,-0.3659058698505109,-0.11636527135329386
13.735441446304321,0.4235424875764408,-0.00012258685923246938,0.0017810728075194537,0.13998959986240422,0.0012319767643548458,4.053229765818084e-05,0.020065304867206406,-5.136320152226591,0.7842846101413538,-0.0006420805665851,-0.375029678364933,-0.11955990719773633
13.74063754081726,0.4235424875764408,-0.00012258685923246938,0.0017810728075194537,0.13858970386378017,0.0012196569967112972,4.0126974681599037e-05,0.020065304867206406,-5.136320152226591,0.7842846101413538,-0.000635659760919249,-0.37127938158128365,-0.11836430812575897
13.753438234329224,0.4276472457689981,-0.00010056379949236587,0.0017455986941067297,0.14041045678215575,0.0012327186576365115,1.702195172640519e-05,0.02001715849647767,-5.143847870954526,0.777163228424821,-0.0006793338052742951,-0.375224895665101,-0.11980403380874761
13.75827693939209,0.4276472457689981,-0.00010056379949236587,0.0017455986941067297,0.1390063522143342,0.0012203914710601463,1.6851732209141136e-05,0.02001715849647767,-5.143847870954526,0.777163228424821,-0.0006725404672215521,-0.37147264670845,-0.11860599347066014
13.790570497512817,0.4351339105816569,-6.397461410617876e-05,0.0016563114584056818,0.1399345910434881,0.0012269690388980214,-7.334800236495183e-06,0.0199142434797193,-5.15888624629356,0.7628512446287039,-0.0007069384375393631,-0.3738488471075997,-0.11947581729517294
13.795305490493774,0.4351339105816569,-6.397461410617876e-05,0.0016563114584056818,0.1385352451330532,0.0012146993485090411,-7.261452234130231e-06,0.0199142434797193,-5.15888624629356,0.7628512446287039,-0.0006998690531639694,-0.3701103586365237,-0.11828105912222121
13.818602800369263,0.43831122332355005,-0.0003804682590889131,0.0015319746707661071,0.1385138115467111,0.0010834977553818427,-8.776799507780209e-05,0.019864110080601148,-5.166391122445305,0.755595705951788,-0.00072107978594764,-0.3706478034092906,-0.11855099812937826
13.82334589958191,0.43831122332355005,-0.0003804682590889131,0.0015319746707661071,0.137128673431244,0.0010726627778280243,-8.689031512702406e-05,0.019864110080601148,-5.166391122445305,0.755595705951788,-0.0007138689880881636,-0.3669413253751977,-0.11736548814808448
13.832874536514282,0.4423975576925987,-0.0006000518976267549,0.001435012283424054,0.1400460522934071,0.0008638884240905109,-0.00023295090234446455,0.01981536828844815,-5.173796191847398,0.7483659005345075,-0.0007744354047132973,-0.3735432816988029,-0.11972181893895281
13.837348461151123,0.4423975576925987,-0.0006000518976267549,0.001435012283424054,0.13864559177047303,0.0008552495398496058,-0.0002306213933210199,0.01981536828844815,-5.173796191847398,0.7483659005345075,-0.0007666910506661644,-0.3698078488818149,-0.11852460074956328
13.852739334106445,0.44659760058156334,-0.0007439222080551891,0.0013595352295828478,0.13998813270997357,0.0007687289865322131,-0.00029501018303586463,0.01976959512262145,-5.181237636936795,0.7410821336840744,-0.0007991493795572693,-0.37251446011674094,-0.11951948415067386
13.85829758644104,0.44659760058156334,-0.0007439222080551891,0.0013595352295828478,0.13858825138287384,0.000761041696666891,-0.000292060081205506,0.01976959512262145,-5.181237636936795,0.7410821336840744,-0.0007911578857616965,-0.36878931551557353,-0.11832428930916712
13.878561973571777,0.4506387806287564,-0.0008445531779103056,0.0012980924714779385,0.13919663991972317,0.0007132948478350958,-0.000328431669761889,0.019727184038197756,-5.188589550999716,0.7338565035882754,-0.0008119839538360657,-0.36992019573015134,-0.11877060665196092
13.883129119873047,0.4506387806287564,-0.0008445531779103056,0.0012980924714779385,0.13780467352052594,0.0007061618993567449,-0.00032514735306427006,0.019727184038197756,-5.188589550999716,0.7338565035882754,-0.000803864114297705,-0.36622099377284983,-0.11758290058544131
13.897003173828125,0.45427714382593437,-0.000930123829958638,0.0012443223606619636,0.13904910414586297,0.0006495905479824868,-0.00037166691612384615,0.01968828971429824,-5.195989532244993,0.7265839150092698,-0.0008353284331309259,-0.3696516664416427,-0.1187767858508145
13.90190076828003,0.45427714382593437,-0.000930123829958638,0.0012443223606619636,0.13765861310440433,0.000643094642502662,-0.00036795024696260767,0.01968828971429824,-5.195989532244993,0.7265839150092698,-0.0008269751487996166,-0.36595514977722626,-0.11758901799230635
13.918249130249023,0.45757622892261524,-0.0009828399636387943,0.0012023562583666778,0.13830004880123448,0.0006123428714335337,-0.00039515072083645865,0.019653213524863298,-5.203289047268033,0.7193333360454851,-0.0008497646413964118,-0.368260507365749,-0.11841938937064243
13.923332691192627,0.45757622892261524,-0.0009828399636387943,0.0012023562583666778,0.13691704831322213,0.0006062194427191984,-0.00039119921362809406,0.019653213524863298,-5.203289047268033,0.7193333360454851,-0.0008412669949824477,-0.3645779022920915,-0.117235195476936
13.942336559295654,0.4617052809737511,-0.0009937948942151066,0.001173669177674771,0.13772062969385482,0.0005991073856141937,-0.00040190774665145205,0.019621961298800984,-5.210648317951284,0.7119777172946535,-0.000857553590565793,-0.3661233858469883,-0.11780303647271302
13.948731422424316,0.4617052809737511,-0.0009937948942151066,0.001173669177674771,0.13634342339691627,0.0005931163117580518,-0.00039788866918493755,0.019621961298800984,-5.210648317951284,0.7119777172946535,-0.000848978054660135,-0.3624621519885184,-0.11662500610798589
13.955408811569214,0.46601264270378795,-0.001013287281323767,0.0011467248768202518,0.1414306893631684,0.000571401572130028,-0.00043572810801089946,0.019594245195112797,-5.217907085807324,0.7047053246474634,-0.0009049928960386252,-0.37344261626763386,-0.1203039493644007
13.962635517120361,0.46601264270378795,-0.001013287281323767,0.0011467248768202518,0.14001638246953674,0.0005656875564087276,-0.0004313708269307905,0.019594245195112797,-5.217907085807324,0.7047053246474634,-0.0008959429670782389,-0.36970819010495753,-0.1191009098707567
13.979458570480347,0.470092739730674,-0.0010391597203980852,0.00112218419849926,0.14104153469157513,0.0005497176582827829,-0.00044321753217691433,0.01957009862512726,-5.225235244745246,0.6974162650574927,-0.0009104628539772815,-0.37185720649308635,-0.11979953105456419
13.984800100326538,0.470092739730674,-0.0010391597203980852,0.00112218419849926,0.13963111934465938,0.0005442204816999551,-0.0004387853568551452,0.01957009862512726,-5.225235244745246,0.6974162650574927,-0.0009013582254375086,-0.3681386344281555,-0.11860153574401855
13.998291969299316,0.47386507489362006,-0.0010576925253920242,0.0011032705230196729,0.14103082806862002,0.0005300925173165655,-0.0004494025305028782,0.019549070336310433,-5.232476595714961,0.6901728818466081,-0.0009191584196952637,-0.37168290594098485,-0.1197434285967422
14.003479957580566,0.47386507489362006,-0.0010576925253920242,0.0011032705230196729,0.13962051978793383,0.0005247915921433998,-0.00044490850519784936,0.019549070336310433,-5.232476595714961,0.6901728818466081,-0.0009099668354983111,-0.367966076881575,-0.11854599431077477
14.031277894973755,0.47719227634714967,-0.0010511459476435466,0.0010937448006263376,0.13942123800704773,0.0005231567227163264,-0.0004424867581954431,0.019530565465264337,-5.239769868509636,0.682821531194741,-0.0009129930691675433,-0.3678315971685233,-0.11850464477175485
14.038084030151367,0.47719227634714967,-0.0010511459476435466,0.0010937448006263376,0.13802702562697725,0.0005179251554891631,-0.00043806189061348867,0.019530565465264337,-5.239769868509636,0.682821531194741,-0.0009038631384758679,-0.3641532811968381,-0.1173195983240373
14.04522180557251,0.4814136189617291,-0.0010534744350682212,0.0010706808816182555,0.14256085625479045,0.0005198516812863767,-0.00046197956466818293,0.019513172282844573,-5.24696382013299,0.6754919284448384,-0.0009400651274509954,-0.37419963990471794,-0.12058122318283385
14.050518274307251,0.4814136189617291,-0.0010534744350682212,0.0010706808816182555,0.14113524769224256,0.0005146531644735129,-0.0004573597690215011,0.019513172282844573,-5.24696382013299,0.6754919284448384,-0.0009306644761764855,-0.37045764350567073,-0.11937541095100551
14.06325387954712,0.4857225700911743,-0.0010225083085837,0.0010439367317256433,0.14310727765771206,0.0005393381296926683,-0.0004652045981816584,0.019495115887818843,-5.2542085812858454,0.6681029190704516,-0.0009470025441827545,-0.3744922560244214,-0.12065673570614893
14.068515539169312,0.4857225700911743,-0.0010225083085837,0.0010439367317256433,0.14167620488113494,0.0005339447483957416,-0.0004605525521998418,0.019495115887818843,-5.2542085812858454,0.6681029190704516,-0.0009375325187409269,-0.37074733346417715,-0.11945016834908743
14.080962896347046,0.48984006971049526,-0.000975900967244789,0.0010078145409256121,0.14356736250307175,0.0005729179281614311,-0.0004729845593628375,0.019474252755513503,-5.261369889435126,0.6607731298264818,-0.0009560838664022062,-0.37488708207453897,-0.12074499747450114
14.085426092147827,0.48984006971049526,-0.000975900967244789,0.0010078145409256121,0.14213168887804103,0.0005671887488798168,-0.0004682547137692091,0.019474252755513503,-5.261369889435126,0.6607731298264818,-0.0009465230277381841,-0.3711382112537936,-0.11953754749975613
14.102159023284912,0.4935152914980228,-0.0009519285598468075,0.0009524965120501837,0.14290677677199012,0.000584121409111594,-0.0004906522131894232,0.019448216578295777,-5.268584198622335,0.6533811284428529,-0.0009606212629472112,-0.3733165225233113,-0.12019021474067165
14.107361793518066,0.4935152914980228,-0.0009519285598468075,0.0009524965120501837,0.14147770900427023,0.0005782801950204781,-0.00048574569105752896,0.019448216578295777,-5.268584198622335,0.6533811284428529,-0.0009510150503177392,-0.36958335729807823,-0.11898831259326494
14.135555267333984,0.5017542909355331,-0.0008593454186147568,0.0007957119528346634,0.1429852426425223,0.0006185850928999061,-0.0005247224737839623,0.019380528772403066,-5.282891182058625,0.638547985742593,-0.0009736748022721559,-0.37286702647077297,-0.11997042583034424
14.138545751571655,0.5017542909355331,-0.0008593454186147568,0.0007957119528346634,0.14155539021609706,0.0006123992419709071,-0.0005194752490461226,0.019380528772403066,-5.282891182058625,0.638547985742593,-0.0009639380542494344,-0.3691383562060652,-0.1187707215720408
14.160560131072998,0.5060531697770118,-0.0007925641306529158,0.0007041373200273634,0.14209259641862906,0.0006461867771304223,-0.0005457463124833605,0.01933389086840328,-5.289998348446398,0.6311698244196162,-0.0009801564456285326,-0.36989531458086466,-0.11894954659832362
14.164623022079468,0.5060531697770118,-0.0007925641306529158,0.0007041373200273634,0.14067167045444276,0.000639724909359118,-0.000540288849358527,0.01933389086840328,-5.289998348446398,0.6311698244196162,-0.0009703548811722472,-0.366196361435056,-0.11776005113234038
14.185356140136719,0.5099571319044715,-0.0007535454691414532,0.0005994570618433855,0.1411479220473228,0.0006643779812610522,-0.0005777384195308867,0.019277549272929444,-5.297180017580144,0.6237694809732197,-0.0009922707978926367,-0.36729985020083705,-0.11800677567675441
14.190634727478027,0.5099571319044715,-0.0007535454691414532,0.0005994570618433855,0.13973644282684958,0.0006577342014484417,-0.0005719610353355777,0.019277549272929444,-5.297180017580144,0.6237694809732197,-0.0009823480899137102,-0.3636268516988287,-0.11682670791998687
14.20576000213623,0.5134404679310193,-0.0007086715459495387,0.0004916724159423474,0.14064208081672952,0.0006978578772233234,-0.0006260775538195522,0.019212259465199565,-5.304288209728908,0.6164054447787841,-0.0010209665488758886,-0.3664755303683728,-0.1175910315828918
14.216737270355225,0.5134404679310193,-0.0007086715459495387,0.0004916724159423474,0.13923566000856222,0.0006908792984510902,-0.0006198167782813567,0.019212259465199565,-5.304288209728908,0.6164054447787841,-0.0010107568833871297,-0.3628107750646891,-0.11641512126706288
14.2374906539917,0.5218618252996239,-0.001634033677947684,0.00040995596899926726,0.14190128992019738,0.0002681894554270977,-0.0007616311983768044,0.019056153784476504,-5.318584317486433,0.601547722841606,-0.0010876182645203308,-0.3687230655312444,-0.11802317486557584
14.243021249771118,0.5218618252996239,-0.001634033677947684,0.00040995596899926726,0.1404822770209954,0.0002655075608728267,-0.0007540148863930363,0.019056153784476504,-5.318584317486433,0.601547722841606,-0.0010767420818751274,-0.36503583487593194,-0.11684294311692008
14.264316320419312,0.526110985338903,-0.0018483622725951052,0.00036464719448208376,0.14107287734051718,0.00017227459287779746,-0.0007907976792334538,0.01896047585601583,-5.325783556827824,0.5941527614842913,-0.0011169267703513173,-0.36605281752617486,-0.11697973220033246
14.269498586654663,0.526110985338903,-0.0018483622725951052,0.00036464719448208376,0.139662148567112,0.00017055184694901948,-0.0007828897024411192,0.01896047585601583,-5.325783556827824,0.5941527614842913,-0.0011057575026478042,-0.3623922893509131,-0.11580993487832913
14.286424398422241,0.5300294320192265,-0.0005249942587296905,0.0007206020675465885,0.14058019829440727,0.0008610014600933279,-0.0003712590320874804,0.01884303683851284,-5.3329519231679665,0.5867959976097616,-0.0011694071832412463,-0.3646197764715241,-0.11626079206414035
14.292885303497314,0.5300294320192265,-0.0005249942587296905,0.0007206020675465885,0.1391743963114632,0.0008523914454923947,-0.00036754644176660556,0.01884303683851284,-5.3329519231679665,0.5867959976097616,-0.0011577131114088339,-0.36097357870680885,-0.11509818414349894
14.308113813400269,0.5334990318365507,-0.0008306105041306122,0.0006146607225781576,0.1400611063450619,0.0006711788744682898,-0.0004814325701082619,0.018702776808671974,-5.340168443598625,0.5793801027011476,-0.0012446261558370928,-0.36392055334606194,-0.11573022742178612
14.313719987869263,0.5334990318365507,-0.0008306105041306122,0.0006146607225781576,0.13866049528161126,0.0006644670857236069,-0.0004766182444071793,0.018702776808671974,-5.340168443598625,0.5793801027011476,-0.0012321798942787217,-0.3602813478126013,-0.11457292514756827
14.325494050979614,0.5366348386126418,-0.0003650171063820188,0.0007252668672713088,0.13993703542774602,0.0010108544575682292,-0.00027810284795579446,0.01857172616976647,-5.347317798876785,0.5719078510055474,-0.0013381901610801457,-0.365141591574272,-0.11577710739655726
14.330758571624756,0.5366348386126418,-0.0003650171063820188,0.0007252668672713088,0.13853766507346857,0.001000745912992547,-0.0002753218194762365,0.01857172616976647,-5.347317798876785,0.5719078510055474,-0.0013248082594693442,-0.36149017565852926,-0.11461933632259169
14.349034547805786,0.5405968640115189,-0.0001015222673102176,0.0007820327023935701,0.1393201178863498,0.0011206314121562568,-0.00020469909635209267,0.01843648671691596,-5.354478440487912,0.5642760826570963,-0.0013896356935464464,-0.36338365925975163,-0.1150371070775739
14.35202693939209,0.5405968640115189,-0.0001015222673102176,0.0007820327023935701,0.1379269167074863,0.0011094250980346941,-0.00020265210538857175,0.01843648671691596,-5.354478440487912,0.5642760826570963,-0.0013757393366109819,-0.3597498226671541,-0.11388673600679816
14.366332769393921,0.5447477301729808,-0.000500012179221176,0.0006603810616104888,0.13944928041414453,0.0008567079800125243,-0.0003546811720562813,0.01833528443427227,-5.3615560112036365,0.5566250932145588,-0.0014386568013884096,-0.3631549449434874,-0.11475818508779666
14.371004581451416,0.5447477301729808,-0.000500012179221176,0.0006603810616104888,0.1380547876100031,0.000848140900212399,-0.0003511343603357185,0.01833528443427227,-5.3615560112036365,0.5566250932145588,-0.0014242702333745255,-0.3595233954940525,-0.11361060323691868
14.387327432632446,0.5486690957218803,-0.0007432942347852512,0.0005906629500428218,0.1390766815710476,0.0007099164627053622,-0.0004271126975249834,0.018264289881502478,-5.368641584340484,0.5488714889164406,-0.0014592024411747555,-0.362109312097005,-0.11426339300809558
14.390918731689453,0.5486690957218803,-0.0007432942347852512,0.0005906629500428218,0.13768591475533712,0.0007028172980783086,-0.00042284157054973357,0.018264289881502478,-5.368641584340484,0.5488714889164406,-0.001444610416763008,-0.35848821897603494,-0.11312075907801462
14.405716896057129,0.5522929601815192,-0.0009330834000162583,0.000539920776887615,0.13875797331213574,0.0005836085140189491,-0.0004844888113434559,0.018216952868389834,-5.375629979455872,0.5410734671660868,-0.0014688253101395432,-0.3616883042864136,-0.11399804781848157
14.419570207595825,0.5522929601815192,-0.0009330834000162583,0.000539920776887615,0.13737039357901437,0.0005777724288787597,-0.0004796439232300213,0.018216952868389834,-5.375629979455872,0.5410734671660868,-0.0014541370570381477,-0.35807142124354946,-0.11285806734029676
14.423024892807007,0.5567654923474818,-0.0008151545431805521,0.0001041353137924089,0.14894338732502171,0.0012380077126609539,-0.0015744777938650704,0.018190847895357274,-5.382616136408552,0.533136435838168,-0.001531110977442764,-0.3837995671835894,-0.1205479011649163
14.428218603134155,0.5567654923474818,-0.0008151545431805521,0.0001041353137924089,0.1474539534517715,0.0012256276355343443,-0.0015587330159264196,0.018190847895357274,-5.382616136408552,0.533136435838168,-0.0015157998676683362,-0.37996157151175347,-0.11934242215326714
14.43989872932434,0.5614228899089501,-0.00078248620752168,-0.00020463805265569807,0.14996697104890552,0.0013115116200657167,-0.0017847944315020454,0.018182886657206684,-5.389532302042396,0.5252317790239038,-0.0015096850978879714,-0.3847773533804446,-0.12072531095985974
14.444236040115356,0.5614228899089501,-0.00078248620752168,-0.00020463805265569807,0.14846730133841646,0.0012983965038650595,-0.001766946487187025,0.018182886657206684,-5.389532302042396,0.5252317790239038,-0.0014945882469090917,-0.38092957984664017,-0.11951805785026114
14.46210503578186,0.5658030269963111,-0.00079591396514363,-0.0004429818107593394,0.1494339323777882,0.0013143281477579866,-0.001876904151303672,0.018201474160426064,-5.396484149514057,0.5172477264565958,-0.0014695788224224167,-0.38279976293321516,-0.12000902556190417
14.465614557266235,0.5658030269963111,-0.00079591396514363,-0.0004429818107593394,0.14793959305401033,0.0013011848662804067,-0.0018581351097906353,0.018201474160426064,-5.396484149514057,0.5172477264565958,-0.0014548830341981924,-0.378971765303883,-0.11880893530628513
14.492197275161743,0.5697392093557863,-0.0008031324821424362,-0.0006176303674190289,0.14794095505096647,0.0013032642681950338,-0.00190202767255387,0.01824157727930304,-5.403376569976321,0.5092824627697691,-0.0014249198762439075,-0.3789816039474748,-0.11874535991080452
14.49814486503601,0.5697392093557863,-0.0008031324821424362,-0.0006176303674190289,0.1464615455004568,0.0012902316255130836,-0.0018830073958283312,0.01824157727930304,-5.403376569976321,0.5092824627697691,-0.0014106706774814684,-0.37519178790800006,-0.11755790631169648
14.50654911994934,0.5731444285641442,-0.0007824119092009229,-0.0007369830588634632,0.14904877941949676,0.0013385122083598446,-0.0019904275826613306,0.0183035402061164,-5.4102873802002955,0.5012100762319587,-0.0013204450857257997,-0.38355742196463916,-0.11999348239092167
14.511588335037231,0.5731444285641442,-0.0007824119092009229,-0.0007369830588634632,0.1475582916253018,0.001325127086276246,-0.0019705233068347174,0.0183035402061164,-5.4102873802002955,0.5012100762319587,-0.0013072406348685417,-0.37972184774499274,-0.11879354756701245
14.524198293685913,0.5775368986302825,-0.0007577895217949347,-0.0008759245821775273,0.14956609812392996,0.0013595550435244483,-0.0020485194819125697,0.01838055501646407,-5.417123748990925,0.4931035214491984,-0.0012304747092750554,-0.38397651952863515,-0.12003181342143951
14.527318000793457,0.5775368986302825,-0.0007577895217949347,-0.0008759245821775273,0.14807043714269066,0.0013459594930892039,-0.002028034287093444,0.01838055501646407,-5.417123748990925,0.4931035214491984,-0.0012181699621823048,-0.3801367543333488,-0.11883149528722511
14.547520160675049,0.5820615776112416,-0.0007156319712378254,-0.001020400679961665,0.14882947306668642,0.001371186776317372,-0.0020688467172679022,0.018469772270126854,-5.423972024802975,0.48490313468575236,-0.001159444571316993,-0.38139853244091454,-0.1191703957836688
14.552435874938965,0.5820615776112416,-0.0007156319712378254,-0.001020400679961665,0.14734117833601956,0.0013574749085541982,-0.002048158250095223,0.018469772270126854,-5.423972024802975,0.48490313468575236,-0.001147850125603823,-0.3775845471165054,-0.11797869182583211
14.565911769866943,0.5863903476777884,-0.0006713185631966463,-0.0011685383727855882,0.14908006151746792,0.0014042313424605327,-0.0021213754765699376,0.01856728905272148,-5.4307615156728435,0.4766881638541593,-0.001059320969878102,-0.38137850749121804,-0.11908868540670593
14.570539474487305,0.5863903476777884,-0.0006713185631966463,-0.0011685383727855882,0.14758926090229324,0.0013901890290359273,-0.002100161721804238,0.01856728905272148,-5.4307615156728435,0.4766881638541593,-0.001048727760179321,-0.37756472241630584,-0.11789779855263888
14.589072227478027,0.5903155797927842,-0.0005817301814487511,-0.0013018314118596961,0.14823142148149476,0.001441042697522818,-0.0021327972273097614,0.018667986329412085,-5.437544209822108,0.46838459729229437,-0.0009795883259305332,-0.37932342433023924,-0.11840394711201356
14.594055891036987,0.5903155797927842,-0.0005817301814487511,-0.0013018314118596961,0.1467491072666798,0.0014266322705475897,-0.0021114692550366636,0.018667986329412085,-5.437544209822108,0.46838459729229437,-0.0009697924426712278,-0.37553019008693683,-0.11721990764089342
14.616021871566772,0.5938147472481566,-0.0002839389339993703,-0.0013688441987123243,0.1468747022251037,0.0015478231601796304,-0.002080007971529692,0.018765219406614207,-5.444239775439513,0.45997931006181825,-0.0009111619850301873,-0.37644220861835903,-0.11751366795672899
14.62058138847351,0.5938147472481566,-0.0002839389339993703,-0.0013688441987123243,0.14540595520285268,0.0015323449285778341,-0.002059207891814395,0.018765219406614207,-5.444239775439513,0.45997931006181825,-0.0009020503651798854,-0.3726777865321754,-0.1163385312771617
14.625311136245728,0.5981521086653083,0.00023939960077240942,-0.0013455288543200937,0.15312299860568498,0.0025388338069100517,-0.001673224947985151,0.01884916679879325,-5.450888658130261,0.4514536967431437,-0.0006876092341594592,-0.39071808811404274,-0.12215500054609353
14.6308913230896,0.5981521086653083,0.00023939960077240942,-0.0013455288543200937,0.15159176861962814,0.0025134454688409513,-0.0016564926985052995,0.01884916679879325,-5.450888658130261,0.4514536967431437,-0.0006807331418178646,-0.3868109072329023,-0.12093345054063259
14.667207956314087,0.6068765676958544,0.001752709316861612,-0.001113329705825004,0.15247849396457636,0.002860368833029732,-0.0014594595428784893,0.018960081063260033,-5.46399815668833,0.4342297184901334,-0.000632104594217487,-0.3886127313732279,-0.12156122611006465
14.671887874603271,0.6068765676958544,0.001752709316861612,-0.001113329705825004,0.1509537090249306,0.0028317651446994347,-0.0014448649474497043,0.018960081063260033,-5.46399815668833,0.4342297184901334,-0.0006257835482753122,-0.3847266040594956,-0.120345613848964
14.686195373535156,0.6107163718717972,0.002911490227352307,-0.0008495119133687573,0.15212870335710413,0.0035091784175028807,-0.0010214882687377136,0.01898804378152889,-5.470469771378243,0.42552267441734853,-0.00058210411135748,-0.38807473702553025,-0.12153380839876853
14.69142484664917,0.6107163718717972,0.002911490227352307,-0.0008495119133687573,0.15060741632353308,0.003474086633327852,-0.0010112733860503365,0.01898804378152889,-5.470469771378243,0.42552267441734853,-0.0005762830702439052,-0.38419398965527496,-0.12031847031478084
14.704180002212524,0.6141282554065762,0.002749631059279432,-0.000995615521926087,0.15177600451640483,0.003353788570905795,-0.0011502520257441176,0.018984957799161213,-5.476874142095109,0.4167705015022373,-0.0005526208499205493,-0.388409599798026,-0.12182981144140753
14.713059186935425,0.6141282554065762,0.002749631059279432,-0.000995615521926087,0.15025824447124078,0.0033202506851967373,-0.0011387495054866765,0.018984957799161213,-5.476874142095109,0.4167705015022373,-0.0005470946414213438,-0.3845255038000457,-0.12061151332699345
14.729824781417847,0.6183449280281291,0.003226368647724256,-0.0009023086980658322,0.15127102445825763,0.0035367334610970037,-0.0009941681275202072,0.018975792060909706,-5.483231275862855,0.4079101809830234,-0.0005301338285826163,-0.3868334746334197,-0.12151362344846034
14.738122463226318,0.6183449280281291,0.003226368647724256,-0.0009023086980658322,0.14975831421367505,0.0035013661264860336,-0.000984226446245005,0.018975792060909706,-5.483231275862855,0.4079101809830234,-0.0005248324902967901,-0.3829651398870855,-0.12029848721397574
14.751546621322632,0.6226123367238066,0.003757358726840878,-0.0007695754225249203,0.15144008564383632,0.0038071397301908923,-0.0007685478572241228,0.01894457071373,-5.489518543250874,0.39903758879457846,-0.0005199760291697291,-0.38679457406041323,-0.12173349697419285
14.755677938461304,0.6226123367238066,0.003757358726840878,-0.0007695754225249203,0.14992568478739796,0.0037690683328889833,-0.0007608623786518816,0.01894457071373,-5.489518543250874,0.39903758879457846,-0.0005147762688780318,-0.3829266283198091,-0.12051616200445092
14.773499488830566,0.6266424595741493,0.004297994299178371,-0.0006210676291567277,0.15068818122379854,0.0039903718684369035,-0.0005881031114734876,0.018911363823531625,-5.495793928356204,0.39013570569592193,-0.000509772130044322,-0.38487880118159423,-0.12129204253491095
14.777596950531006,0.6266424595741493,0.004297994299178371,-0.0006210676291567277,0.14918129941156055,0.0039504681497525345,-0.0005822220803587527,0.018911363823531625,-5.495793928356204,0.39013570569592193,-0.0005046744087438788,-0.3810300131697783,-0.12007912210956184
14.788102149963379,0.6302354104998502,0.0041002477731244946,-0.0007060591912157044,0.1511093403028268,0.003759847423606598,-0.0007164897398431062,0.018861131209932425,-5.502020820356098,0.3812405144622143,-0.0005166514218184523,-0.3869986341309502,-0.12222592490852678
14.809800386428833,0.6334329071158364,0.004169554682851733,-0.0006984044134096793,0.1510718944475912,0.003751157624757972,-0.0006993210404079526,0.018812765647471443,-5.508211380912737,0.3722682843101005,-0.0005185606527209036,-0.3878757881245786,-0.12264778133248472
14.815138101577759,0.6334329071158364,0.004169554682851733,-0.0006984044134096793,0.1495611755031153,0.0037136460485103925,-0.0006923278300038731,0.018812765647471443,-5.508211380912737,0.3722682843101005,-0.0005133750461936946,-0.3839970302433328,-0.12142130351915988
14.829485416412354,0.6367971221307589,0.0037852467778798286,-0.0006634009724102156,0.15041024348000798,0.0034190023344201487,-0.0007495287873097861,0.018768190680638168,-5.514331793827724,0.3632375312186349,-0.0005181039080553672,-0.3873296848773202,-0.12273126623989179
14.835681200027466,0.6367971221307589,0.0037852467778798286,-0.0006634009724102156,0.14890614104520788,0.003384812311075947,-0.0007420334994366882,0.018768190680638168,-5.514331793827724,0.3632375312186349,-0.0005129228689748135,-0.38345638802854703,-0.12150395357749287
14.871247291564941,0.6443559066293126,0.003674975133299064,-0.00037199150530008027,0.14954247645193924,0.003296976855857683,-0.0006717089761050621,0.018682749052573566,-5.526401123975954,0.34510261976058937,-0.0005164621805581341,-0.38539774882595584,-0.12232707773362991
14.876981735229492,0.6443559066293126,0.003674975133299064,-0.00037199150530008027,0.14804705168741986,0.003264007087299106,-0.0006649918863440115,0.018682749052573566,-5.526401123975954,0.34510261976058937,-0.0005112975587525528,-0.3815437713376963,-0.12110380695629361
14.883169889450073,0.6478285910476136,0.0036848156035223035,-0.0002394873154669506,0.152178776668357,0.00318073558087669,-0.00046399758454886413,0.018622181565710185,-5.532345389119412,0.3359847751723844,-0.0005613092676169623,-0.3942796704159961,-0.12584540015747736
14.887468814849854,0.6478285910476136,0.0036848156035223035,-0.0002394873154669506,0.15065698890167342,0.003148928225067923,-0.0004593576087033755,0.018622181565710185,-5.532345389119412,0.3359847751723844,-0.0005556961749407927,-0.3903368737118361,-0.12458694615590259
14.904497385025024,0.6510019946489647,0.003664782578572912,-0.0001550993865769222,0.15101407213345613,0.0030914987455626227,-0.0004156501138381663,0.018538719037278148,-5.538195753137613,0.3268753649501189,-0.0005841020972284548,-0.39240821624651634,-0.12551467727066035
14.91049075126648,0.6510019946489647,0.003664782578572912,-0.0001550993865769222,0.14950393141212157,0.0030605837581069964,-0.00041149361269978465,0.018538719037278148,-5.538195753137613,0.3268753649501189,-0.0005782610762561702,-0.3884841340840512,-0.12425953049795374
14.931154489517212,0.6550741245490068,0.003657679171515448,-0.00010159455652642495,0.14997959628845564,0.0030192677889215804,-0.00038787837096896933,0.018426630453145545,-5.543996131988144,0.31768117962443626,-0.0006144231918822805,-0.38953601172465047,-0.12483540899656427
14.943758010864258,0.6550741245490068,0.003657679171515448,-0.00010159455652642495,0.1484798003255711,0.0029890751110323646,-0.0003839995872592796,0.018426630453145545,-5.543996131988144,0.31768117962443626,-0.0006082789599634576,-0.38564065160740396,-0.12358705490659863
14.974003314971924,0.6633251581990207,0.002809164719569916,-0.0003619877512884951,0.1497227746174105,0.0027265285326048276,-0.0005536400617846139,0.018160522177222613,-5.555421821474568,0.29948612108356737,-0.0006759189860800624,-0.3884651494077308,-0.12476548447067438
14.97899842262268,0.6633251581990207,0.002809164719569916,-0.0003619877512884951,0.14822554687123637,0.0026992632472787794,-0.0005481036611667677,0.018160522177222613,-5.555421821474568,0.29948612108356737,-0.0006691597962192618,-0.3845804979136535,-0.12351782962596763
14.98876690864563,0.6669801633595046,0.0030188863877138082,-0.00029791558350925973,0.15048510697771192,0.002851044255131564,-0.00041834263940874095,0.018009680499397863,-5.561061929747339,0.29047143078682874,-0.0007941668186940876,-0.39098009284217217,-0.1259619248718785
14.995928287506104,0.6669801633595046,0.0030188863877138082,-0.00029791558350925973,0.1489802559079348,0.002822533812580248,-0.00041415921301465354,0.018009680499397863,-5.561061929747339,0.29047143078682874,-0.0007862251505071467,-0.3870702919137504,-0.1247023056231597
15.013103723526001,0.6701470167017556,0.0029533830453915316,-0.000341383546464337,0.14933422388269765,0.002767414646849397,-0.0004484791861950553,0.017846733437457126,-5.5666868152782305,0.2813973318090675,-0.0008602765199975792,-0.3890477793674925,-0.12556202246237833
15.020666599273682,0.6701470167017556,0.0029533830453915316,-0.000341383546464337,0.1478408816438707,0.002739740500380903,-0.00044399439433310476,0.017846733437457126,-5.5666868152782305,0.2813973318090675,-0.0008516737547976034,-0.3851573015738176,-0.12430640223775453
15.040589094161987,0.6741630652647671,0.0032738534781713005,-0.00024597278839475764,0.14837845362686383,0.0028462641561849693,-0.00034621986593858325,0.017679990517165955,-5.57223136799975,0.2723847574111836,-0.0009151004728010593,-0.38630400517119373,-0.12486039737852087
15.046189069747925,0.6741630652647671,0.0032738534781713005,-0.00024597278839475764,0.1468946690905952,0.0028178015146231197,-0.0003427576672791974,0.017679990517165955,-5.57223136799975,0.2723847574111836,-0.0009059494680730487,-0.3824409651194818,-0.12361179340473566
15.057157039642334,0.6782575951268607,0.00348012082754693,-0.0001849618925453844,0.14915906419646008,0.0029465785322297638,-0.00023280380675269873,0.01751217596885238,-5.577790334675347,0.2633649668798689,-0.0010278103997928278,-0.3877232023703359,-0.12559960585256238
15.06990361213684,0.6821517130580071,0.003782062201583923,-7.98574293055153e-05,0.1507227515720671,0.0031101997295960586,-8.210793270290687e-05,0.01734995508573383,-5.583299671577137,0.2544463257063632,-0.0011252004927164625,-0.39161239850272683,-0.12705012444494984
15.089814901351929,0.6855935534999618,0.003996472919142015,3.245583248727271e-06,0.15094423372187962,0.0031655743289091755,-1.0560351410619456e-05,0.01719404042375558,-5.588845347777669,0.24550010734482475,-0.0011793519453816863,-0.39269691865435685,-0.1274942948375004
15.094958543777466,0.6855935534999618,0.003996472919142015,3.245583248727271e-06,0.14943479138466081,0.0031339185856200835,-1.0454747896513261e-05,0.01719404042375558,-5.588845347777669,0.24550010734482475,-0.0011675584259278693,-0.3887699494678133,-0.1262193518891254
15.122202157974243,0.6886420944645071,0.004314896715148059,0.0001362591635158176,0.14905958148678958,0.0031949105877754156,7.109489016476152e-05,0.017043803226017736,-5.5943053771624704,0.23662237620562085,-0.0012013134785154307,-0.388500575573277,-0.12619977362113854
15.12995457649231,0.6886420944645071,0.004314896715148059,0.0001362591635158176,0.14756898567192167,0.0031629614818976613,7.03839412631139e-05,0.017043803226017736,-5.5943053771624704,0.23662237620562085,-0.0011893003437302764,-0.38461556981754425,-0.12493777588492716
15.139441967010498,0.6925045382332875,0.0045018673316985815,0.0002401577762396172,0.15016473094651836,0.0032791612128046438,0.0002275415165014164,0.01689887189856526,-5.599790766248204,0.22765573397674158,-0.0013016336829600145,-0.39125375239376714,-0.1272715500599223
15.144521474838257,0.6925045382332875,0.0045018673316985815,0.0002401577762396172,0.14866308363705316,0.0032463696006765973,0.00022526610133640222,0.01689887189856526,-5.599790766248204,0.22765573397674158,-0.0012886173461304142,-0.3873412148698295,-0.12599883455932306
15.16057014465332,0.6965377405027584,0.004798818452551117,0.0003963834992814978,0.1496898406447334,0.0033536546842040478,0.00036890940794550653,0.01675258005687089,-5.605208642423173,0.21880976987997722,-0.001349902820489625,-0.3895937410110253,-0.1268013995072355
15.16556692123413,0.6965377405027584,0.004798818452551117,0.0003963834992814978,0.14819294223828605,0.003320118137362007,0.00036522031386605145,0.01675258005687089,-5.605208642423173,0.21880976987997722,-0.0013364037922847288,-0.38569780360091505,-0.12553338551216314
15.170830011367798,0.7003487155022353,0.005053314882969792,0.0005427039181465181,0.15395276350752887,0.003644579417522126,0.0007628975527164569,0.016605066639883342,-5.610689654214897,0.20997297898350367,-0.001551188262958193,-0.4006248781426641,-0.13040557460106947
15.174628973007202,0.7003487155022353,0.005053314882969792,0.0005427039181465181,0.1524132358724536,0.003608133623346905,0.0007552685771892924,0.016605066639883342,-5.610689654214897,0.20997297898350367,-0.001535676380328611,-0.3966186293612375,-0.12910151885505877
15.197561979293823,0.7038393503785209,0.005282826528943827,0.0006823154744835049,0.1524113825254974,0.0036449476365665546,0.000833759002566594,0.016455702296905367,-5.61610959992956,0.2012066985929219,-0.0015734608112564243,-0.3969280370470478,-0.12919551557002212
15.206519842147827,0.7038393503785209,0.005282826528943827,0.0006823154744835049,0.15088726870024244,0.003608498160200889,0.000825421412540928,0.016455702296905367,-5.61610959992956,0.2012066985929219,-0.00155772620314386,-0.3929587566765773,-0.1279035604143219
15.21960163116455,0.7068782564809046,0.0041556219370193,0.0003150661508750947,0.1517004808252087,0.0028772314078801433,0.00026251963999597333,0.016319656310676372,-5.621545811579534,0.19234195802013812,-0.001628051910352133,-0.39659015510758655,-0.12907873446526733
15.224143028259277,0.7068782564809046,0.0041556219370193,0.0003150661508750947,0.1501834760169566,0.002848459093801342,0.0002598944435960136,0.016319656310676372,-5.621545811579534,0.19234195802013812,-0.0016117713912486118,-0.3926242535565107,-0.12778794712061464
15.242859840393066,0.7107655877125203,0.004696425287867105,0.000538394443798429,0.15075890136128267,0.0030462567152947347,0.0004607533271907487,0.01619004347120962,-5.626907609720896,0.1835253271988338,-0.0016514589491507228,-0.39394235216339824,-0.12821131629126054
15.248854637145996,0.7107655877125203,0.004696425287867105,0.000538394443798429,0.14925131234766983,0.0030157941481417875,0.00045614579391884124,0.01619004347120962,-5.626907609720896,0.1835253271988338,-0.0016349443596592155,-0.3900029286417642,-0.12692920312834793
15.260370254516602,0.7147615981637604,0.0036511144160354357,0.0001419233458095581,0.15122787558740605,0.002272667648389108,-0.00018112164360970992,0.016072515677264324,-5.6322950782771946,0.17466321514425762,-0.0017017197984796027,-0.39468043726112445,-0.12840601840742694
15.266252279281616,0.7147615981637604,0.0036511144160354357,0.0001419233458095581,0.149715596831532,0.0022499409719052166,-0.00017931042717361282,0.016072515677264324,-5.6322950782771946,0.17466321514425762,-0.0016847026004948066,-0.3907336328885132,-0.12712195822335268
15.277191162109375,0.718552964435348,0.004114427565811481,0.00030254401221094045,0.15168480939581908,0.0025671871671251317,9.609428893732032e-05,0.01595993760085739,-5.637633172022264,0.1658641730129928,-0.0017495484176263923,-0.39579502935216715,-0.12869371095473248
15.282976150512695,0.718552964435348,0.004114427565811481,0.00030254401221094045,0.15016796130186089,0.0025415152954538804,9.513334604794712e-05,0.01595993760085739,-5.637633172022264,0.1658641730129928,-0.0017320529334501284,-0.39183707905864545,-0.12740677384518515
15.317873001098633,0.7219327922714065,0.00331620170631681,-4.1548182457611725e-05,0.1496345369569887,0.0023411127387606475,-7.669545724372651e-05,0.015857695525892362,-5.642994913450891,0.1570067361744961,-0.0017379916659567474,-0.39074921454299316,-0.12702241592556315
15.322032451629639,0.7219327922714065,0.00331620170631681,-4.1548182457611725e-05,0.1481381915874188,0.002317701611373041,-7.592850267128925e-05,0.015857695525892362,-5.642994913450891,0.1570067361744961,-0.0017206117492971798,-0.3868417223975632,-0.12575219176630753
15.32588505744934,0.7249419038066504,0.0038432452584139854,0.00010758401442093934,0.15446859928157505,0.0034156884432084604,0.0007393103363997221,0.01575634691410351,-5.648271678838039,0.14817749592052118,-0.001906367918948271,-0.40842249807508046,-0.13256803947609355
15.330552101135254,0.7249419038066504,0.0038432452584139854,0.00010758401442093934,0.1529239132887593,0.003381531558776376,0.0007319172330357248,0.01575634691410351,-5.648271678838039,0.14817749592052118,-0.0018873042397587881,-0.4043382730943297,-0.1312423590813326
15.349336385726929,0.7327527753227983,0.0032831115832119982,-0.0002216143149618215,0.15555242913845785,0.0031379596210188198,0.0004533993232722875,0.015603121319348883,-5.658759309571509,0.13034705107736302,-0.0019261071107718186,-0.4107946915477771,-0.13325133352598878
15.354304075241089,0.7327527753227983,0.0032831115832119982,-0.0002216143149618215,0.15399690484707326,0.0031065800248086316,0.00044886533003956464,0.015603121319348883,-5.658759309571509,0.13034705107736302,-0.0019068460396641004,-0.4066867446322993,-0.1319188201907289
15.373446941375732,0.7364916315267112,0.003056801826492613,-0.00035882326207039493,0.15440989834111735,0.0029932744533814454,0.00033444328514543116,0.015543754262573267,-5.66399967526773,0.1214137006092934,-0.0019072396505791797,-0.4077825086863521,-0.1322181447433877
15.378247261047363,0.7364916315267112,0.003056801826492613,-0.00035882326207039493,0.15286579935770617,0.0029633417088476307,0.00033109885229397687,0.015543754262573267,-5.66399967526773,0.1214137006092934,-0.001888167254073388,-0.4037046835994885,-0.13089596329595382
15.394081830978394,0.7399016194090956,0.00345385053973686,-0.0002400650309209751,0.1534908935334597,0.0031363788982065053,0.0004811559288888181,0.015481705512665011,-5.669161848157222,0.11252511173001671,-0.0018935939514502223,-0.4058600004646839,-0.1315348078746517
15.400643348693848,0.7399016194090956,0.00345385053973686,-0.0002400650309209751,0.15195598459812512,0.0031050151092244403,0.00047634436959992994,0.015481705512665011,-5.669161848157222,0.11252511173001671,-0.00187465801193572,-0.40180140046003704,-0.13021945979590516
15.412254571914673,0.7428692473230404,0.00355420632425947,-0.0002194535672917571,0.1529923218571596,0.0031472038084246357,0.0005140011333508882,0.015428631725391039,-5.674323357713104,0.1035121053984851,-0.0018806108403311291,-0.4063079890432149,-0.13162775731186543
15.416278600692749,0.7428692473230404,0.00355420632425947,-0.0002194535672917571,0.15146239863858801,0.003115731770340389,0.0005088611220173794,0.015428631725391039,-5.674323357713104,0.1035121053984851,-0.0018618047319278177,-0.40224490915278277,-0.13031147973874677
15.432051420211792,0.7466947554873697,0.0038713529352186,-9.616917591015555e-05,0.1523733915661867,0.003240684111627314,0.0006420415518375973,0.015383950633256554,-5.679396544517529,0.09452753357791417,-0.0018554154076629737,-0.4044521162000961,-0.13100447419932587
15.435629844665527,0.7466947554873697,0.0038713529352186,-9.616917591015555e-05,0.15084965765052483,0.003208277270511041,0.0006356211363192214,0.015383950633256554,-5.679396544517529,0.09452753357791417,-0.001836861253586344,-0.4004075950380951,-0.12969442945733262
15.454154253005981,0.7506036131301523,0.004099241797689179,3.3572885111691503e-06,0.15145143170203793,0.0032698255513077847,0.0007180267971375871,0.015350202624854037,-5.684482983278639,0.08546655547667775,-0.0018225341221213965,-0.40174778973066266,-0.13010161223484762
15.460806846618652,0.7506036131301523,0.004099241797689179,3.3572885111691503e-06,0.14993691738501755,0.0032371272957947067,0.0007108465291662113,0.015350202624854037,-5.684482983278639,0.08546655547667775,-0.0018043087809001825,-0.39773031183335605,-0.12880059611249914
15.468246936798096,0.754326167675743,0.004291093215423916,9.630224438437865e-05,0.15344128324122944,0.003396817063991097,0.0008997478582483715,0.01532502164128328,-5.689498601568173,0.07646316515584418,-0.001784380791567332,-0.4069525393635245,-0.1317147171333192
15.472220659255981,0.754326167675743,0.004291093215423916,9.630224438437865e-05,0.15190687040881715,0.003362848893351186,0.0008907503796658878,0.01532502164128328,-5.689498601568173,0.07646316515584418,-0.0017665369836516586,-0.40288301396988924,-0.130397569961986
15.49783730506897,0.7576238820276736,0.0044543004405802585,0.0001817482208905642,0.15167523030121394,0.003375790068153507,0.0009324065467004266,0.015308525462855214,-5.69453254395275,0.06738010563183174,-0.0017447023099759376,-0.40271841882320586,-0.13031907373188267
15.502310991287231,0.7576238820276736,0.0044543004405802585,0.0001817482208905642,0.15015847799820178,0.003342032167471972,0.0009230824812334223,0.015308525462855214,-5.69453254395275,0.06738010563183174,-0.0017272552868761782,-0.3986912346349738,-0.12901588299456385
15.51117467880249,0.7605693203007399,0.004593211944424948,0.00025613019757189507,0.15198017549431497,0.00342255239843026,0.0010395466444885078,0.015295605481973435,-5.699462497517403,0.058317918351820104,-0.0016934923992874497,-0.4057813716106458,-0.13129832672075034
15.519724130630493,0.7605693203007399,0.004593211944424948,0.00025613019757189507,0.15046037373937182,0.003388326874445957,0.0010291511780436227,0.015295605481973435,-5.699462497517403,0.058317918351820104,-0.0016765574752945751,-0.40172355789453934,-0.12998534345354285
15.535753726959229,0.7643339923591256,0.004726785815671693,0.0003173345582280259,0.15130446006457188,0.003417738152895482,0.0010785771335843951,0.01528621336186238,-5.7043938057913435,0.049115877152270206,-0.0016479210307239827,-0.40389984170403126,-0.1307002972115461
15.541237831115723,0.7643339923591256,0.004726785815671693,0.0003173345582280259,0.14979141546392616,0.003383560771366527,0.0010677913622485513,0.01528621336186238,-5.7043938057913435,0.049115877152270206,-0.001631441820416743,-0.39986084328699095,-0.12939329423943063
15.565791606903076,0.7682725616691775,0.004924555271443329,0.00039686552557156336,0.1498976640949491,0.003412033595454862,0.0011121921682926872,0.01528013132560825,-5.709232099336465,0.039985212432115,-0.0016058355619082412,-0.3998632948460525,-0.12940417769978838
15.578437805175781,0.7682725616691775,0.004924555271443329,0.00039686552557156336,0.1483986874539996,0.0033779132595003133,0.0011010702466097604,0.01528013132560825,-5.709232099336465,0.039985212432115,-0.0015897772062891588,-0.39586466189759195,-0.1281101359227905
15.583752393722534,0.7719764864905709,0.004966548137446952,0.0004074070999845914,0.15388410791783227,0.003413926797791802,0.0011208930424596911,0.015274021580595987,-5.714099576589494,0.030791494603581337,-0.00153040445636483,-0.41053550303919356,-0.13283557358371453
15.588515758514404,0.7719764864905709,0.004966548137446952,0.0004074070999845914,0.15234526683865396,0.003379787529813884,0.0011096841120350942,0.015274021580595987,-5.714099576589494,0.030791494603581337,-0.0015151004118011816,-0.4064301480088016,-0.1315072178478774
15.613308429718018,0.7783069451571472,0.005063429960442539,0.0004249205412879402,0.15337519661975457,0.003380776279485745,0.0011134114058119736,0.015262889152894482,-5.723635467529132,0.012340338860624175,-0.001480295568000855,-0.41032973725019345,-0.132791340241112
15.61857295036316,0.7783069451571472,0.005063429960442539,0.0004249205412879402,0.15184144465355703,0.0033469685166908876,0.0011022772917538537,0.015262889152894482,-5.723635467529132,0.012340338860624175,-0.0014654926123208465,-0.4062264398776915,-0.13146342683870088
15.632855415344238,0.7821363025469158,0.0050877468270058655,0.0004225955069594637,0.15300418242806513,0.0033317087907405478,0.0010897758943658987,0.015258571562475266,-5.7282981483427395,0.0030723519722545816,-0.0014325436743631947,-0.40905359136026176,-0.1324512583687507
15.642546892166138,0.7821363025469158,0.0050877468270058655,0.0004225955069594637,0.15147414060378447,0.0032983917028331423,0.0010788781354222397,0.015258571562475266,-5.7282981483427395,0.0030723519722545816,-0.0014182182376195629,-0.4049630554466591,-0.1311267457850632
15.650831460952759,0.7860648265614361,0.005200716020985965,0.0004576547201819264,0.15470152256960554,0.0033765435416493014,0.0011456595314646078,0.015253672348639094,-5.732958230977099,-0.0062870944340264485,-0.001372226290916277,-0.41288207013528133,-0.13381843042852323
15.671645879745483,0.7898194587697682,0.005146784652097623,0.00042287361183732634,0.15495830704374483,0.0033272813505640956,0.0011051496559782092,0.015249867661132286,-5.737534807311306,-0.015593621736490688,-0.0013454249794111648,-0.4134766652954582,-0.1340662005434411
15.676796674728394,0.7898194587697682,0.005146784652097623,0.00042287361183732634,0.15340872397330738,0.0032940085370584547,0.0010940981594184272,0.015249867661132286,-5.737534807311306,-0.015593621736490688,-0.0013319707296170532,-0.4093418986425036,-0.13272553853800667
15.692662239074707,0.7931573364991629,0.004975211959911214,0.000344369280050234,0.15397830706990795,0.003184194135693463,0.0009931265107952004,0.01524814237894223,-5.742115521829862,-0.024993938447946045,-0.0013003205610870234,-0.41149610558765265,-0.13349785237044118
15.69685173034668,0.7931573364991629,0.004975211959911214,0.000344369280050234,0.15243852399920887,0.0031523521943365284,0.0009831952456872484,0.01524814237894223,-5.742115521829862,-0.024993938447946045,-0.0012873173554761531,-0.4073811445317761,-0.13216287384673678
15.71097707748413,0.7961523802524134,0.00501675101695645,0.0003596951328066121,0.15303450315925032,0.0031448618891880505,0.0009892612021887527,0.015243390771671044,-5.746584172524305,-0.034360720193899554,-0.0012558587466561626,-0.41025923124991526,-0.13321855143282788
15.714760303497314,0.7961523802524134,0.00501675101695645,0.0003596951328066121,0.15150415812765783,0.00311341327029617,0.0009793685901668652,0.015243390771671044,-5.746584172524305,-0.034360720193899554,-0.0012433001591896009,-0.4061566389374161,-0.1318863659184996
15.72854232788086,0.799988032397292,0.004870192296309089,0.00029839675821906895,0.15277203153306726,0.00300590520059996,0.0008830390921081007,0.015236587655337329,-5.7510457504971395,-0.0438632438241565,-0.001213316165823622,-0.409296521943811,-0.1330489928714117
15.734076261520386,0.799988032397292,0.004870192296309089,0.00029839675821906895,0.1512443112177366,0.0029758461485939604,0.0008742087011870197,0.015236587655337329,-5.7510457504971395,-0.0438632438241565,-0.001201183004165386,-0.40520355672437286,-0.13171850294269757
15.748175382614136,0.8040126072042647,0.004900324695448522,0.00031462153293979116,0.15258638087339194,0.00296308798799069,0.0008774067452939344,0.015224554385829923,-5.755412097897929,-0.05327681416568895,-0.0011758525148941373,-0.4081084192729482,-0.13280353177853904
15.751886367797852,0.8040126072042647,0.004900324695448522,0.00031462153293979116,0.151060517064658,0.002933457108110783,0.0008686326778409951,0.015224554385829923,-5.755412097897929,-0.05327681416568895,-0.001164093989745196,-0.4040273350802187,-0.13147549646075365
15.766598224639893,0.8078161298638648,0.004976289368921623,0.00034988446635153965,0.1521353288635972,0.002943266689875411,0.0008951744613091918,0.015209026202698098,-5.759807896204505,-0.06274364501565693,-0.001141839576707741,-0.40670292381564643,-0.13244808956107568
15.771828174591064,0.8078161298638648,0.004976289368921623,0.00034988446635153965,0.15061397557496123,0.0029138340229766567,0.0008862227166960999,0.015209026202698098,-5.759807896204505,-0.06274364501565693,-0.0011304211809406637,-0.40263589457748994,-0.1311236086654649
15.791186809539795,0.8113266238480288,0.005056600501315942,0.00038316147518712074,0.15092128957851428,0.0029167122211066214,0.0009044100088739786,0.015188096245780726,-5.764114896968032,-0.07214399872850913,-0.001113775932770332,-0.4036629350923149,-0.1315423793805697
15.795034408569336,0.8113266238480288,0.005056600501315942,0.00038316147518712074,0.14941207668272913,0.002887545098895555,0.0008953659087852389,0.015188096245780726,-5.764114896968032,-0.07214399872850913,-0.0011026381734426285,-0.39962630574139174,-0.130226955586764
15.817776441574097,0.8144133161082825,0.00511815988404991,0.00040245341320583553,0.14927524720695806,0.002880749400040251,0.0009012037379534384,0.015158952826502,-5.768417563978108,-0.08165906213352095,-0.0010903609922743244,-0.3999715420379283,-0.13042004862516848
15.82087755203247,0.8144133161082825,0.00511815988404991,0.00040245341320583553,0.14778249473488847,0.0028519419060398484,0.000892191700573904,0.015158952826502,-5.768417563978108,-0.08165906213352095,-0.0010794573823515812,-0.395971826617549,-0.1291158481389168
15.847100257873535,0.8225052916372741,0.005268995002783037,0.0004501465697213309,0.1493905957305833,0.002870432371888369,0.0009143456257977638,0.015068840436901487,-5.776852987430893,-0.10064429400305704,-0.0010781802497195358,-0.39950669757232643,-0.13039331559699974
15.852812767028809,0.8225052916372741,0.005268995002783037,0.0004501465697213309,0.14789668977327747,0.0028417280481694853,0.0009052021695397861,0.015068840436901487,-5.776852987430893,-0.10064429400305704,-0.0010673984472223405,-0.39551163059660316,-0.12908938244102974
15.867717504501343,0.8264405118993324,0.005342605231110651,0.00047558284084231537,0.14905802658733602,0.002853082038247877,0.0009241247890615877,0.015014042767758947,-5.781008242194286,-0.11008475691015643,-0.0010715404240729247,-0.39810405617342054,-0.1300392363175821
15.871391296386719,0.8264405118993324,0.005342605231110651,0.00047558284084231537,0.14756744632146265,0.0028245512178653983,0.0009148835411709718,0.015014042767758947,-5.781008242194286,-0.11008475691015643,-0.0010608250198321954,-0.39412301561168633,-0.12873884395440627
15.896713018417358,0.8299664194313607,0.005419412645388995,0.0005053996684374336,0.1474842545578329,0.002820005776671456,0.0009246221765109518,0.014954178942528321,-5.7851859869208635,-0.11958820688107605,-0.0010607609788462163,-0.39406474399740543,-0.12876704019274302
15.900652647018433,0.8299664194313607,0.005419412645388995,0.0005053996684374336,0.14600941201225456,0.0027918057189047414,0.0009153759547458423,0.014954178942528321,-5.7851859869208635,-0.11958820688107605,-0.001050153369057754,-0.39012409655743135,-0.1274793697908156
15.915969371795654,0.8331467598709751,0.0054917276518409225,0.0005387217607877337,0.14662577236718632,0.002799336647598375,0.000938880376350123,0.014888512052636596,-5.789272140848559,-0.12903293668980834,-0.0010607846828266472,-0.39258049329735045,-0.1283775745153822
15.921235799789429,0.8331467598709751,0.0054917276518409225,0.0005387217607877337,0.14515951464351445,0.0027713432811223913,0.0009294915725866217,0.014888512052636596,-5.789272140848559,-0.12903293668980834,-0.0010501768359983807,-0.38865468836437694,-0.1270937987702284
15.931232690811157,0.8371498820688997,0.005580609869847631,0.0005816145038624947,0.14771242461649423,0.0028096976187032734,0.000983150629305879,0.014815291694153044,-5.793372746839412,-0.13859558442502115,-0.0010789031084362886,-0.3946195393979366,-0.1291814814070986
15.934393167495728,0.8371498820688997,0.005580609869847631,0.0005816145038624947,0.14623530037032928,0.0027816006425162407,0.0009733191230128202,0.014815291694153044,-5.793372746839412,-0.13859558442502115,-0.0010681140773519256,-0.3906733440039572,-0.1278896665930276
15.95191764831543,0.8413241827691158,0.0058096830726801435,0.0006908994147707973,0.1471551513778903,0.0028475663602556874,0.0010643968223171426,0.01473800008737314,-5.797410858504046,-0.14803924881083783,-0.0010819883788611945,-0.39231993622247885,-0.12848458446958308
15.958180665969849,0.8413241827691158,0.0058096830726801435,0.0006908994147707973,0.1456835998641114,0.0028190906966531304,0.0010537528540939711,0.01473800008737314,-5.797410858504046,-0.14803924881083783,-0.0010711684950725825,-0.38839673686025405,-0.12719973862488726
15.972200393676758,0.8452537598343829,0.0058522878215275555,0.000720196146058602,0.14702971279094781,0.00281266031602752,0.0010663630603474261,0.01465675954682217,-5.8015114745568015,-0.15751505641516514,-0.0010940086341905608,-0.39151024562628806,-0.12822456595294765
15.975890636444092,0.8452537598343829,0.0058522878215275555,0.000720196146058602,0.14555941566303834,0.002784533712867245,0.0010556994297439518,0.01465675954682217,-5.8015114745568015,-0.15751505641516514,-0.001083068547848655,-0.3875951431700252,-0.12694232029341818
15.999398708343506,0.8488547617828637,0.005892922941415397,0.0007527054816932513,0.14563567543232875,0.0027682211133129406,0.0010601878621353624,0.014581091232556574,-5.805555825648799,-0.16690951746515859,-0.0010900014215894603,-0.38785545505299873,-0.1270227237148131
16.00480031967163,0.8488547617828637,0.005892922941415397,0.0007527054816932513,0.14417931867800546,0.002740538902179811,0.0010495859835140087,0.014581091232556574,-5.805555825648799,-0.16690951746515859,-0.0010791014073735657,-0.38397690050246874,-0.12575249647766498
16.01722288131714,0.8519934612716353,0.0059424239132978614,0.0007919010621503161,0.14526423210021672,0.002738684030475477,0.001076151469723372,0.014508420885722177,-5.8096201767685125,-0.17641305459328388,-0.0010991614435845176,-0.388049124881013,-0.12707045087624008
16.033037662506104,0.8560051708140035,0.00597878978133774,0.0008231035565019997,0.1463483261649192,0.002726710633028384,0.001085213370474338,0.014438965167862892,-5.813612696820777,-0.1858495809167089,-0.0011104978670670692,-0.3903298198146702,-0.12780436501772233
16.037394046783447,0.8560051708140035,0.00597878978133774,0.0008231035565019997,0.14488484290327,0.0026994435266981,0.0010743612367695946,0.014438965167862892,-5.813612696820777,-0.1858495809167089,-0.0010993928883963986,-0.38642652161652347,-0.1265263213675451
16.0488440990448,0.8600936795212806,0.006055404512930202,0.0008733727269011867,0.14700686508338892,0.0027181250116526516,0.0011196342361406541,0.014372141318087957,-5.817646277000073,-0.1953488833927847,-0.0011167523753170562,-0.39114826103873596,-0.1280035942662769
16.051762342453003,0.8600936795212806,0.006055404512930202,0.0008733727269011867,0.14553679643255504,0.002690943761536125,0.0011084378937792475,0.014372141318087957,-5.817646277000073,-0.1953488833927847,-0.0011055848515638858,-0.3872367784283486,-0.12672355832361412
16.0734920501709,0.8639909099656794,0.006072711289064451,0.0008974042438038926,0.1458749572757971,0.0026688212204351255,0.0011054289244602305,0.014310708478368291,-5.82163930255163,-0.20475244587207359,-0.0011072253742673561,-0.38784860935569615,-0.12686937338565818
16.076793909072876,0.8639909099656794,0.006072711289064451,0.0008974042438038926,0.14441620770303915,0.002642133008230774,0.001094374635215628,0.014310708478368291,-5.82163930255163,-0.20475244587207359,-0.0010961531205246826,-0.3839701232621392,-0.1256006796518016
16.094575881958008,0.8674533304976537,0.006108119611438309,0.0009318028305154175,0.14491925192206645,0.00262784928914169,0.0011032214890897083,0.014253626808100515,-5.825674532920965,-0.21422360599063475,-0.0010982122010326212,-0.3856604326618892,-0.1260589195845427
16.099709033966064,0.8674533304976537,0.006108119611438309,0.0009318028305154175,0.1434700594028458,0.0026015707962502733,0.0010921892741988111,0.014253626808100515,-5.825674532920965,-0.21422360599063475,-0.001087230079022295,-0.3818038283352703,-0.12479833038869728
16.116100788116455,0.8705451038787387,0.006143177826399596,0.0009682113687791647,0.14392159874302526,0.0025877444902581985,0.0011043369602150223,0.014200377684146014,-5.829628255343558,-0.22363849523313722,-0.001088224451014945,-0.3839322351275405,-0.12540731580947717
16.121899843215942,0.8705451038787387,0.006143177826399596,0.0009682113687791647,0.14248238275559502,0.0025618670453556166,0.0010932935906128721,0.014200377684146014,-5.829628255343558,-0.22363849523313722,-0.0010773422065047957,-0.38009291277626506,-0.1241532426513824
16.150657892227173,0.8785028059801328,0.006363583355880287,0.0011059173080711828,0.14382484012081967,0.0025876234913337903,0.001148088695760085,0.014100017213571113,-5.837493817128443,-0.24262887007580944,-0.0010774681390856768,-0.38312111075719163,-0.12502144813080096
16.153831720352173,0.8785028059801328,0.006363583355880287,0.0011059173080711828,0.14238659171961146,0.002561747256420452,0.0011366078088024842,0.014100017213571113,-5.837493817128443,-0.24262887007580944,-0.00106669345769482,-0.37928989964961973,-0.12377123364949295
16.166109800338745,0.8823159201073537,0.006386268405620014,0.0011346841007629572,0.14406841292537786,0.0025470699963003715,0.001144595824365027,0.014051318520831569,-5.841446541860489,-0.25212415979543307,-0.001067784094357392,-0.38351442859708423,-0.12496125317078571
16.17148733139038,0.8823159201073537,0.006386268405620014,0.0011346841007629572,0.1426277287961241,0.0025215992963373676,0.0011331498661213766,0.014051318520831569,-5.841446541860489,-0.25212415979543307,-0.001057106253413818,-0.37967928431111336,-0.12371164063907786
16.189406156539917,0.8858021353552517,0.006408739986990267,0.001166296160788364,0.1431470588398892,0.002502861602649603,0.0011369305402546995,0.014003054933331812,-5.845329520729724,-0.261553348874739,-0.0010544995509425838,-0.38132865034577923,-0.1241256619984723
16.19368004798889,0.8858021353552517,0.006408739986990267,0.001166296160788364,0.1417155882514903,0.0024778329866231067,0.0011255612348521524,0.014003054933331812,-5.845329520729724,-0.261553348874739,-0.001043954555433158,-0.3775153638423214,-0.12288440537848758
16.22115659713745,0.8888335214098536,0.006385823368027081,0.0011794237643989978,0.14140170000455224,0.00244539125780913,0.0011118973936581505,0.013954778355099139,-5.849208884651599,-0.2711112022194304,-0.0010385937061486315,-0.37733069314403145,-0.1227521155840588
16.231615781784058,0.8888335214098536,0.006385823368027081,0.0011794237643989978,0.1399876830045067,0.0024209373452310384,0.0011007784197215689,0.013954778355099139,-5.849208884651599,-0.2711112022194304,-0.0010282077690871453,-0.3735573862125911,-0.12152459442821821
16.243964672088623,0.8927557896037451,0.006423521801780946,0.0012156632890105363,0.14176409936850864,0.002415828559894509,0.0011191346376846702,0.013906910395368762,-5.8530023853172874,-0.28061285484995463,-0.0010289735679583254,-0.37774116360176835,-0.12274345515686846
16.25017476081848,0.8927557896037451,0.006423521801780946,0.0012156632890105363,0.14034645837482357,0.002391670274295564,0.0011079432913078235,0.013906910395368762,-5.8530023853172874,-0.28061285484995463,-0.001018683832278742,-0.37396375196575066,-0.12151602060529978
16.254502773284912,0.8967776213881339,0.006411733364223556,0.0012264817748894486,0.14823556070306276,0.0023474002461502043,0.0010810064414252336,0.013859916854000565,-5.85681288191223,-0.29019066729749093,-0.001037897432560394,-0.39300972482995583,-0.12723416859486492
16.26043963432312,0.8967776213881339,0.006411733364223556,0.0012264817748894486,0.14675320509603212,0.002323926243688702,0.0010701963770109813,0.013859916854000565,-5.85681288191223,-0.29019066729749093,-0.00102751845823479,-0.38907962758165626,-0.12596182690891627
16.277165412902832,0.9006220956109978,0.006397145519424443,0.001237355383571267,0.14758420728248625,0.0022938034977279496,0.0010550218705727525,0.01381290622266924,-5.860564282524921,-0.29968927197239403,-0.0010251430948030609,-0.3910326976697544,-0.12647188873517334
16.284813404083252,0.9006220956109978,0.006397145519424443,0.001237355383571267,0.1461083652096614,0.00227086546275067,0.001044471651867025,0.01381290622266924,-5.860564282524921,-0.29968927197239403,-0.0010148916638550302,-0.3871223706930569,-0.1252071698478216
16.300304651260376,0.9040476616140466,0.006441261325549162,0.0012779542298638406,0.14685865070181034,0.0022652295627527937,0.0010625926941242425,0.013767221325386134,-5.86433186053346,-0.3092711689627089,-0.0010122509881709946,-0.3896159408349201,-0.12586922283263077
16.30425453186035,0.9040476616140466,0.006441261325549162,0.0012779542298638406,0.14539006419479222,0.002242577267125266,0.001051966767183,0.013767221325386134,-5.86433186053346,-0.3092711689627089,-0.0010021284782892846,-0.38571978142657093,-0.12461053060430446
16.325432777404785,0.9071206430845803,0.0064828795977573015,0.0013186193500164475,0.14538723000141726,0.002231346517352409,0.0010623321359960315,0.013721453114982032,-5.868000808837184,-0.31880752154973035,-0.0009976192832007774,-0.3864768894649982,-0.12477367529091761
16.33126211166382,0.9071206430845803,0.0064828795977573015,0.0013186193500164475,0.1439333577014031,0.002209033052178885,0.0010517088146360712,0.013721453114982032,-5.868000808837184,-0.31880752154973035,-0.0009876430903687696,-0.3826121205703482,-0.12352593853800843
16.344836711883545,0.9110154158412839,0.0065087986102814145,0.0013531445975823529,0.1453632541212772,0.002197224703000557,0.001063224173195566,0.01367788477548329,-5.871657115330715,-0.32848330331323733,-0.000984331533071204,-0.38606890538565486,-0.12453155298058635
16.35021209716797,0.9110154158412839,0.0065087986102814145,0.0013531445975823529,0.14390962158006443,0.002175252455970551,0.0010525919314636103,0.01367788477548329,-5.871657115330715,-0.32848330331323733,-0.0009744882177404919,-0.3822082163317983,-0.12328623745078049
16.35964798927307,0.9150793919939932,0.006518036341636113,0.0013826623791231432,0.146777532852143,0.002155510301066115,0.0010611280467491507,0.013635818157631388,-5.875236769652299,-0.3380659406727708,-0.0009730670888939545,-0.388748659631789,-0.1252387119173113
16.364966869354248,0.9150793919939932,0.006518036341636113,0.0013826623791231432,0.14530975752362157,0.002133955198055454,0.0010505167662816593,0.013635818157631388,-5.875236769652299,-0.3380659406727708,-0.0009633364180050149,-0.3848611730354711,-0.1239863247981382
16.381089448928833,0.9189014191116802,0.00655337280386876,0.0014292736717856555,0.14622734885711036,0.002123059170609334,0.0010676710475781182,0.013595819747367692,-5.878843241438922,-0.34771545795256975,-0.0009572821861865265,-0.3871274727922465,-0.12459945343354334
16.391595125198364,0.9189014191116802,0.00655337280386876,0.0014292736717856555,0.14476507536853925,0.0021018285789032405,0.001056994337102337,0.013595819747367692,-5.878843241438922,-0.34771545795256975,-0.0009477093643246613,-0.38325619806432404,-0.1233534588992079
16.418338775634766,0.9254584072623895,0.006588456856673231,0.0015184717748746067,0.1457693123203033,0.00208188311441177,0.0010739109573661742,0.013521401055450974,-5.885863117071836,-0.3670302514891936,-0.0009405933625948967,-0.3867722356237052,-0.12436691513891115
16.424543380737305,0.9254584072623895,0.006588456856673231,0.0015184717748746067,0.14431161919710025,0.0020610642832676524,0.0010631718477925123,0.013521401055450974,-5.885863117071836,-0.3670302514891936,-0.0009311874289689477,-0.38290451326746816,-0.12312324598752204
16.438536167144775,0.9293880358470472,0.006620120331442626,0.001573209394578613,0.14567694193219957,0.0020478642563004747,0.0010880642936579672,0.013488490711260901,-5.889266920628778,-0.37670896430529416,-0.0009208793029192043,-0.38607315933131703,-0.12408154625591396
16.44426727294922,0.9293880358470472,0.006620120331442626,0.001573209394578613,0.14422017251287758,0.0020273856137374697,0.0010771836507213876,0.013488490711260901,-5.889266920628778,-0.37670896430529416,-0.0009116705098900122,-0.38221242773800385,-0.12284073079335482
16.452837228775024,0.9334071309325207,0.006599115111048873,0.0016028798487550656,0.1474677948334085,0.0019790735728410537,0.001072324137548581,0.01345935569894601,-5.892666847073126,-0.38647539546030135,-0.0008965557868402477,-0.389909774627304,-0.12520590160934145
16.45751452445984,0.9334071309325207,0.006599115111048873,0.0016028798487550656,0.1459931168850744,0.0019592828371126432,0.0010616008961730952,0.01345935569894601,-5.892666847073126,-0.38647539546030135,-0.0008875902289718452,-0.3860106768810309,-0.12395384259324803
16.470999002456665,0.9372416988915714,0.00658342844864636,0.001637316285971228,0.14737693683218347,0.0019235201852383762,0.0010598826664126105,0.013432818161907847,-5.895997767706309,-0.3961729849927779,-0.0008733644830086283,-0.3894089414443619,-0.12498109317276924
16.481014013290405,0.9372416988915714,0.00658342844864636,0.001637316285971228,0.14590316746386164,0.0019042849833859924,0.0010492838397484843,0.013432818161907847,-5.895997767706309,-0.3961729849927779,-0.000864630838178542,-0.38551485202991825,-0.12373128224104155
16.498483896255493,0.9406507254824611,0.006613494119645508,0.001697216364460191,0.14639561212416138,0.00188852259722514,0.00107026943569597,0.013409629285547557,-5.899327886607201,-0.40596206385432254,-0.0008498644315572994,-0.3873101928599119,-0.1242557440963706
16.502963304519653,0.9406507254824611,0.006613494119645508,0.001697216364460191,0.14493165600291977,0.0018696373712528884,0.0010595667413390102,0.013409629285547557,-5.899327886607201,-0.40596206385432254,-0.0008413657872417264,-0.3834370909313128,-0.12301318665540689
16.53498601913452,0.9475689588567838,0.006650885128564475,0.00180204304253655,0.14564284916016143,0.0018505299317187502,0.0010760908543294824,0.013364915575332571,-5.9057475623921984,-0.42560269404599604,-0.0008257695072852524,-0.38575307616120885,-0.12373499937950509
16.541800498962402,0.9475689588567838,0.006650885128564475,0.00180204304253655,0.14418642066855983,0.0018320246324015626,0.0010653299457861875,0.013364915575332571,-5.9057475623921984,-0.42560269404599604,-0.0008175118122123999,-0.38189554539959675,-0.12249764938571003
16.554007053375244,0.9516028123375057,0.0066357494381667,0.001832988959372035,0.1460492763723251,0.0017980322497002,0.0010616606572741627,0.013344398148277679,-5.90885822060318,-0.4354083323569525,-0.000798475301369256,-0.3860973347297747,-0.12385965713901512
16.55739188194275,0.9516028123375057,0.0066357494381667,0.001832988959372035,0.14458878360860183,0.0017800519272031978,0.001051044050701421,0.013344398148277679,-5.90885822060318,-0.4354083323569525,-0.0007904905483555635,-0.38223636138247696,-0.12262106056762496
16.57098388671875,0.9553928729619604,0.0066598610310570966,0.0018846093238007817,0.14593145348958098,0.0017658632029916314,0.0010730485842222498,0.01332514948478379,-5.911981605625646,-0.44528858151465733,-0.0007719055942287723,-0.3856761582389525,-0.12371485953021992
16.578317642211914,0.9553928729619604,0.0066598610310570966,0.0018846093238007817,0.14447213895468516,0.0017482045709617151,0.0010623180983800272,0.01332514948478379,-5.911981605625646,-0.44528858151465733,-0.0007641865382864846,-0.381819396656563,-0.12247771093491772
16.59452509880066,0.9588619701533323,0.006681145264700779,0.0019355475556588342,0.14516794191660626,0.0017320811466699229,0.0010783720575242156,0.013305326894387322,-5.915013247363376,-0.4551144898405679,-0.0007480426038799789,-0.38403819604718176,-0.12320449244483575
16.601794719696045,0.9588619701533323,0.006681145264700779,0.0019355475556588342,0.14371626249744018,0.0017147603352032235,0.0010675883369489735,0.013305326894387322,-5.915013247363376,-0.4551144898405679,-0.0007405621778411791,-0.38019781408670994,-0.1219724475203874
16.61459517478943,0.9618811823463455,0.00670560942303424,0.0019896179023052903,0.1446379029703651,0.0016997028257663466,0.0010948482460331186,0.013284356391734125,-5.918007573493955,-0.46507603603085146,-0.0007228765608084345,-0.38411732178730373,-0.12328514890450924
16.619362831115723,0.9618811823463455,0.00670560942303424,0.0019896179023052903,0.14319152394066145,0.001682705797508683,0.0010838997635727874,0.013284356391734125,-5.918007573493955,-0.46507603603085146,-0.0007156477952003501,-0.3802761485694307,-0.12205229741546415
16.637240409851074,0.9657810788002834,0.006721097023111298,0.0020360233610171065,0.1439411266574536,0.0016659675391778226,0.0010929436595915874,0.01326361744892231,-5.9209036189636235,-0.47499100949837303,-0.0007010588506045525,-0.38195635256078414,-0.12265383016513741
16.648905992507935,0.9657810788002834,0.006721097023111298,0.0020360233610171065,0.14250171539087905,0.0016493078637860442,0.0010820142229956715,0.01326361744892231,-5.9209036189636235,-0.47499100949837303,-0.0006940482620985069,-0.3781367890351763,-0.12142729186348604
16.6552472114563,0.9697749024123828,0.006740570261068554,0.0020846014172545843,0.1473751091963124,0.0016372069411883948,0.0011325300856967328,0.013242456687435046,-5.923781183484165,-0.48499754758671515,-0.0006665055451782684,-0.3899363601878341,-0.12539379351447252
16.66577672958374,0.9697749024123828,0.006740570261068554,0.0020846014172545843,0.14590135810434926,0.0016208348717765108,0.0011212047848397654,0.013242456687435046,-5.923781183484165,-0.48499754758671515,-0.0006598404897264857,-0.38603699658595575,-0.1241398555793278
16.67444348335266,0.9735932528658268,0.00675460156488258,0.002131279979771849,0.14884824073287142,0.0016030960944050047,0.0011507374003486002,0.01322101801340169,-5.926585134639918,-0.4949337904848486,-0.0006388703746491632,-0.3934763179801125,-0.12667015548876728
16.693830966949463,0.9769970794324027,0.006764118191866246,0.0021779921481875322,0.14911551026526104,0.0015839702920858532,0.0011569999740595016,0.013198679335250449,-5.9293808616275,-0.5049564501319702,-0.0006264775807995243,-0.39463311691861586,-0.12710076450436078
16.698729276657104,0.9769970794324027,0.006764118191866246,0.0021779921481875322,0.14762435516260844,0.0015681305891649946,0.0011454299743189065,0.013198679335250449,-5.9293808616275,-0.5049564501319702,-0.000620212804991529,-0.3906867857494297,-0.12582975685931716
16.715205430984497,0.9800567816936354,0.0067719554249022675,0.002225623747351484,0.14800524580254187,0.0015472716819291514,0.0011554717573812074,0.013175724485308703,-5.9320739941795955,-0.5149280174319837,-0.0006073865781565316,-0.3927168036162464,-0.12658479003976242
16.720957040786743,0.9800567816936354,0.0067719554249022675,0.002225623747351484,0.14652519334451644,0.0015317989651098599,0.0011439170398073954,0.013175724485308703,-5.9320739941795955,-0.5149280174319837,-0.0006013127123749662,-0.38878963558008395,-0.1253189421393648
16.74197554588318,0.9839499480976531,0.006778445679077172,0.002269730057610837,0.14691225595951046,0.0015134712031348782,0.0011465095744198313,0.01315134912966153,-5.934739248112182,-0.5250293076931405,-0.0005906092564634168,-0.3896057503204726,-0.12567107266760522
16.754586935043335,0.9839499480976531,0.006778445679077172,0.002269730057610837,0.14544313339991535,0.0014983364911035294,0.001135044478675633,0.01315134912966153,-5.934739248112182,-0.5250293076931405,-0.0005847031638987826,-0.3857096928172679,-0.12441436194092917
16.764957427978516,0.9880331587694302,0.006784651485426604,0.0023128380409625873,0.14792615005756146,0.001477864786095018,0.0011506737759223646,0.01312655362620318,-5.937330792700514,-0.5350240249531558,-0.0005702539374357366,-0.3912747866236368,-0.12638765541298524
16.781157970428467,0.9880331587694302,0.006784651485426604,0.0023128380409625873,0.14644688855698584,0.0014630861382340678,0.001139167038163141,0.01312655362620318,-5.937330792700514,-0.5350240249531558,-0.0005645513980613793,-0.38736203875740044,-0.1251237788588554
16.787080764770508,0.9918969762342841,0.00679216084821523,0.0023570289162039154,0.15150626622663893,0.0014391215275516812,0.0011785633129691513,0.013100799897449757,-5.939947130127986,-0.5450722762204724,-0.0005458881655699531,-0.4001063719339116,-0.12945673629836724
16.79628896713257,0.9918969762342841,0.00679216084821523,0.0023570289162039154,0.14999120356437254,0.0014247303122761643,0.0011667776798394598,0.013100799897449757,-5.939947130127986,-0.5450722762204724,-0.0005404292839142535,-0.39610530821457246,-0.12816216893538357
16.800692319869995,0.995464912480265,0.006798891594433671,0.002401023254524752,0.15659434626295693,0.001395237593099835,0.0012240602894161567,0.013074160744133445,-5.942492573433877,-0.5550414572679131,-0.0005203788747657548,-0.41428487460676827,-0.13434924534972476
16.809691190719604,0.995464912480265,0.006798891594433671,0.002401023254524752,0.15502840280032737,0.0013812852171688366,0.0012118196865219951,0.013074160744133445,-5.942492573433877,-0.5550414572679131,-0.0005151750860180973,-0.4101420258607006,-0.1330057528962275
16.818251848220825,0.9985921896412242,0.006570484093533513,0.0022832851414879866,0.1571307019350204,0.0012135838830812473,0.0009516206256296193,0.013048113145637313,-5.945028327722643,-0.5651145370706686,-0.0005023273041558146,-0.4175369583132787,-0.13555697355138244
16.822463274002075,0.9985921896412242,0.006570484093533513,0.0022832851414879866,0.1555593949156702,0.0012014480442504348,0.0009421044193733231,0.013048113145637313,-5.945028327722643,-0.5651145370706686,-0.0004973040311142564,-0.4133615887301459,-0.13420140381586862
16.841786861419678,1.002570889936768,0.006401632349425463,0.0022137553219332513,0.15606265225796634,0.0011367150613121172,0.0008568196879174723,0.013023592196866189,-5.947512030864632,-0.5751038112699541,-0.0004886539648390573,-0.41427679040899706,-0.13455794236370425
16.84635829925537,1.002570889936768,0.006401632349425463,0.0022137553219332513,0.15450202573538668,0.001125347910698996,0.0008482514910382975,0.013023592196866189,-5.947512030864632,-0.5751038112699541,-0.0004837674251906667,-0.4101340225049071,-0.1332123629400672
16.856582164764404,1.0066416783473273,0.006291037270814182,0.0021828497764278454,0.15693853120224627,0.001045212051911125,0.0007542437721012209,0.013000161857839101,-5.950006283073968,-0.5851587740902816,-0.0004713960065169518,-0.4156479845769697,-0.13507734196731355
16.87695026397705,1.0105516236891008,0.006217099287281023,0.0021768625066849955,0.1572887648850137,0.0010095077615718962,0.0007225868208481834,0.012978827407892864,-5.952456593186198,-0.5951232354171768,-0.0004622618456337225,-0.4162750840977746,-0.13530714577750072
16.88150978088379,1.0105516236891008,0.006217099287281023,0.0021768625066849955,0.15571587723616356,0.0009994126839561774,0.0007153609526397016,0.012978827407892864,-5.952456593186198,-0.5951232354171768,-0.0004576392271773853,-0.41211233325679686,-0.13395407431972572
16.90011715888977,1.014075140314918,0.0061518794511257035,0.0021784259160324165,0.15605232116486922,0.0009634337081714027,0.0006879231018094643,0.012957499233375927,-5.9549145553246845,-0.6051631503372871,-0.00044838967884067475,-0.41327009849564916,-0.1343441482756226
16.916265726089478,1.014075140314918,0.0061518794511257035,0.0021784259160324165,0.15449179795322052,0.0009537993710896887,0.0006810438707913697,0.012957499233375927,-5.9549145553246845,-0.6051631503372871,-0.00044390578205226797,-0.40913739751069267,-0.13300070679286638
16.9247407913208,1.0172919658523034,0.006116382149835472,0.0021975636257736664,0.15674256178805457,0.0009062513758502045,0.0006642842509672947,0.01293647399713319,-5.957287505781353,-0.6151459140271672,-0.0004292287352288056,-0.41653811581828437,-0.13548072382569099
16.928258419036865,1.0172919658523034,0.006116382149835472,0.0021975636257736664,0.15517513617017403,0.0008971888620917024,0.0006576414084576217,0.01293647399713319,-5.957287505781353,-0.6151459140271672,-0.00042493644787651756,-0.41237273466010155,-0.13412591658743409
16.937538385391235,1.0213321413479726,0.006108774075963922,0.002226892739683224,0.15797710889000371,0.0008753108031127948,0.0006630054063242754,0.012913570395401792,-5.959640717554585,-0.6252632423120825,-0.000413075925219643,-0.4188708566443763,-0.13631566318226299
16.941896677017212,1.0213321413479726,0.006108774075963922,0.002226892739683224,0.15639733780110368,0.0008665576950816668,0.0006563753522610326,0.012913570395401792,-5.959640717554585,-0.6252632423120825,-0.00040894516596744657,-0.4146821480779325,-0.13495250655044036
16.9638512134552,1.025549282884464,0.006152074500214977,0.0022836703316108115,0.15675428470104935,0.0008661189737067517,0.00067594034583105,0.0128897291128056,-5.961945652409368,-0.6352713325530346,-0.0004022511369155567,-0.41497738624906655,-0.13506955484262378
16.968961238861084,1.025549282884464,0.006152074500214977,0.0022836703316108115,0.15518674185403886,0.0008574577839696841,0.0006691809423727394,0.0128897291128056,-5.961945652409368,-0.6352713325530346,-0.0003982286255464011,-0.4108276123865759,-0.13371885929419755
16.983004093170166,1.0295321244233624,0.006137603111683969,0.0023095765479978275,0.15647111955698859,0.0008374364816183641,0.0006660973763636023,0.012864204325233518,-5.964292737514249,-0.645338254769346,-0.0003916347181140688,-0.4137244812834052,-0.1346426952398857
17.01616144180298,1.033201570263715,0.0061452714023103525,0.002351807529932603,0.15601311776384974,0.0008272670695512456,0.0006684353850728219,0.012839997766823628,-5.966586687142944,-0.6553300185866432,-0.0003863309948413094,-0.412529884436518,-0.1342451235558286
17.02195978164673,1.033201570263715,0.0061452714023103525,0.002351807529932603,0.15445298658621123,0.0008189943988557331,0.0006617510312220937,0.012839997766823628,-5.966586687142944,-0.6553300185866432,-0.00038246768489289635,-0.4084045855921528,-0.1329026723202703
17.027060747146606,1.0366614742150557,0.006168495664646878,0.0020873197742683368,0.15968960493911552,0.0011075338970147242,0.00022926888072941163,0.012821489547934894,-5.968877906735744,-0.6654433778543415,-0.00035388754979771435,-0.4236720329738163,-0.1378010670113278
17.032910585403442,1.0366614742150557,0.006168495664646878,0.0020873197742683368,0.15809270888972438,0.001096458558044577,0.0002269761919221175,0.012821489547934894,-5.968877906735744,-0.6654433778543415,-0.0003503486742997372,-0.41943531264407813,-0.13642305634121452
17.04962182044983,1.0408772684418242,0.006202175473569194,0.0019659859513205076,0.15903426801340964,0.001141547025711313,0.00016774467129117683,0.01280794941650961,-5.971118256916079,-0.6754730449067872,-0.0003358317993091733,-0.42109719991385375,-0.1369357069130182
17.055885314941406,1.0408772684418242,0.006202175473569194,0.0019659859513205076,0.15744392533327553,0.0011301315554542,0.00016606722457826505,0.01280794941650961,-5.971118256916079,-0.6754730449067872,-0.00033247348131608157,-0.4168862279147152,-0.13556634984388802
17.083084106445312,1.0491377661559393,0.006612006513887014,0.0021080654730627276,0.15890673644779169,0.0012246761104641544,0.0002716084419678733,0.012799721748559563,-5.975652014040384,-0.6955916123732548,-0.0003073874984631706,-0.4199610401679343,-0.13645140243689036
17.087665557861328,1.0491377661559393,0.006612006513887014,0.0021080654730627276,0.15731766908331377,0.0012124293493595128,0.0002688923575481945,0.012799721748559563,-5.975652014040384,-0.6955916123732548,-0.0003043136234785389,-0.41576142976625496,-0.13508688841252145
17.10779857635498,1.0527192602179631,0.006696728412720697,0.0021608396753708737,0.15752348852241235,0.0012261968434864009,0.00030323651050697954,0.01280141149923775,-5.977934722476259,-0.705690588992562,-0.0002835695486877104,-0.4165231600234478,-0.1352349503218031
17.113532781600952,1.0527192602179631,0.006696728412720697,0.0021608396753708737,0.15594825363718823,0.001213934875051537,0.00030020414540190974,0.01280141149923775,-5.977934722476259,-0.705690588992562,-0.0002807338532008333,-0.41235792842321334,-0.13388260081858508
17.1265549659729,1.057297849782949,0.0067460200586040835,0.0016767362152709836,0.1579034889275333,0.0014185805041696997,-7.787513846862397e-07,0.012806957879413834,-5.98017628680348,-0.7157295527193367,-0.0002450094754032912,-0.4157947831157892,-0.13483121668843112
17.135820388793945,1.057297849782949,0.0067460200586040835,0.0016767362152709836,0.15632445403825798,0.0014043946991280027,-7.709638708393773e-07,0.012806957879413834,-5.98017628680348,-0.7157295527193367,-0.00024255938064925828,-0.4116368352846313,-0.13348290452154682
17.142195224761963,1.0620320899625564,0.007131392272134367,0.0015685712139000539,0.16218727276882272,0.0019838017475455787,0.00012957408356264522,0.012815204004609955,-5.98245436448354,-0.7258631236333009,-0.00016293658181096862,-0.4231439655162429,-0.13676977657490869
17.16404151916504,1.0665552702714538,0.007426143563860207,0.001489939999517571,0.162635781041906,0.002096194670983739,0.00015765757251916737,0.012831560293932592,-5.984741350063813,-0.7359127668363247,-0.00013414655495251276,-0.4234459005674067,-0.13670791097257576
17.170146465301514,1.0665552702714538,0.007426143563860207,0.001489939999517571,0.16100942323148695,0.0020752327242739015,0.00015608099679397569,0.012831560293932592,-5.984741350063813,-0.7359127668363247,-0.00013280508940298764,-0.4192114415617326,-0.13534083186285
17.190997838974,1.0705960115535351,0.007644196591260273,0.001420275490100893,0.16133712967552902,0.0021602116577838534,0.00017171214622993316,0.012852591935370899,-5.9870734516264825,-0.7460437509880893,-9.976187008579204e-05,-0.4198190991778527,-0.13533605969403023
17.197425603866577,1.0705960115535351,0.007644196591260273,0.001420275490100893,0.15972375837877373,0.002138609541206015,0.00016999502476763384,0.012852591935370899,-5.9870734516264825,-0.7460437509880893,-9.876425138493411e-05,-0.41562090818607417,-0.13398269909708993
17.216345071792603,1.0741918578228997,0.007894287162096635,0.0014015043821411785,0.1600271598832761,0.0022340293552688927,0.00021825977796012685,0.012884004794689199,-5.989354258516415,-0.7561443120584737,-5.6346982688303905e-05,-0.4167328225019387,-0.13412631590365237
17.228438138961792,1.078639670621089,0.008040100230798711,0.0013388879539196577,0.16210472475459045,0.002342817552940711,0.00022016302226772756,0.012917905985236506,-5.991618178557549,-0.7664124194283093,1.3059801413615407e-05,-0.4209331483796795,-0.1351469483518546
17.234771251678467,1.078639670621089,0.008040100230798711,0.0013388879539196577,0.16048367750704454,0.002319389377411304,0.00021796139204505028,0.012917905985236506,-5.991618178557549,-0.7664124194283093,1.2929203399479252e-05,-0.41672381689588267,-0.13379547886833604
17.244216442108154,1.0832714693626,0.008246559386206663,0.0013306734532900748,0.16378279456777425,0.002488644673654627,0.00029877391283725095,0.01295164780333219,-5.99384575397585,-0.7766058111146227,0.0001019570295085221,-0.4231960036817554,-0.1354288261120176
17.252249717712402,1.0832714693626,0.008246559386206663,0.0013306734532900748,0.16214496662209651,0.0024637582269180806,0.0002957861737088784,0.01295164780333219,-5.99384575397585,-0.7766058111146227,0.00010093745921343689,-0.41896404364493783,-0.1340745378508974
17.26960849761963,1.087682942097977,0.008444631690978047,0.0013371656856653342,0.16306494645076405,0.0025354156603542583,0.0003429329752293417,0.01298297071323545,-5.996096653790212,-0.7868992282450376,0.00014803491501927168,-0.42062783103028795,-0.1343398394042606
17.274965286254883,1.087682942097977,0.008444631690978047,0.0013371656856653342,0.16143429698625641,0.0025100615037507157,0.0003395036454770483,0.01298297071323545,-5.996096653790212,-0.7868992282450376,0.00014655456586907896,-0.41642155271998504,-0.13299644101021801
17.29257321357727,1.0917207621890623,0.008627343799004056,0.0013592983180862172,0.16211324992487036,0.002567928484833215,0.00038916652488560463,0.01301047164311865,-5.998289979058322,-0.7971775682142933,0.0001910426315487537,-0.41801162003702763,-0.1332515619616815
17.304229736328125,1.0917207621890623,0.008627343799004056,0.0013592983180862172,0.16049211742562167,0.0025422491999848827,0.00038527485963674857,0.01301047164311865,-5.998289979058322,-0.7971775682142933,0.00018913220523326615,-0.41383150383665734,-0.1319190463420647
17.31184458732605,1.0953219888391925,0.008936180542183049,0.0014844328939918538,0.16361739559144678,0.002775191496308925,0.0006977951989253295,0.013031037617001005,-6.0004427682359545,-0.8075470288896027,0.0002871004508037123,-0.4230940565680814,-0.13431926712029388
17.316123247146606,1.0953219888391925,0.008936180542183049,0.0014844328939918538,0.1619812216355323,0.002747439581345836,0.0006908172469360762,0.013031037617001005,-6.0004427682359545,-0.8075470288896027,0.0002842294462956752,-0.4188631160024006,-0.13297607444909093
17.323702096939087,1.0998387282068358,0.009172257645108773,0.0016424540428330529,0.16632216858812846,0.002882693797210041,0.0009846815289295144,0.013039728147551681,-6.002500681300957,-0.8179739710855461,0.00036789082840901055,-0.4281665900549358,-0.13546860824122653
17.32882308959961,1.0998387282068358,0.009172257645108773,0.0016424540428330529,0.16465894690224717,0.0028538668592379404,0.0009748347136402192,0.013039728147551681,-6.002500681300957,-0.8179739710855461,0.00036421192012492046,-0.42388492415438644,-0.13411392215881426
17.354443311691284,1.104454216364875,0.009418214067503303,0.0018632863282132305,0.1648143002160948,0.0028644787906993764,0.0010756065524047842,0.013035994038628715,-6.004502515978911,-0.8284673883327897,0.00038166135615509857,-0.4236557712481691,-0.13391629283398926
17.359572410583496,1.104454216364875,0.009418214067503303,0.0018632863282132305,0.16316615721393385,0.0028358340027923824,0.0010648504868807365,0.013035994038628715,-6.004502515978911,-0.8284673883327897,0.0003778447425935476,-0.4194192135356874,-0.13257712990564938
17.368595838546753,1.1088602143428816,0.009604134031621548,0.0020931688638453367,0.16641860252707155,0.0028592219360413377,0.0013436205951852412,0.01301835647825993,-6.006456315183453,-0.8389870256948748,0.00041865741970576235,-0.42662628780052525,-0.13450866236909068
17.374428749084473,1.1088602143428816,0.009604134031621548,0.0020931688638453367,0.16475441650180084,0.002830629716680924,0.0013301843892333887,0.01301835647825993,-6.006456315183453,-0.8389870256948748,0.0004144708455087047,-0.42236002492252,-0.13316357574539978
17.388540983200073,1.1128192687625897,0.009930955008643863,0.0024483974802212228,0.16591359817367463,0.0028707673133869845,0.0016246225653526974,0.012990000726736567,-6.008353086672173,-0.8495593525827553,0.0004316606096114821,-0.42545028292481885,-0.13393860986449438
17.393615007400513,1.1128192687625897,0.009930955008643863,0.0024483974802212228,0.16425446219193787,0.0028420596402531145,0.0016083763396991704,0.012990000726736567,-6.008353086672173,-0.8495593525827553,0.00042734400351536727,-0.4211957800955706,-0.13259922376584943
17.409853219985962,1.1163713075457107,0.009831434508661738,0.002565154487875673,0.164799653611696,0.0027344280500557427,0.0016106650635519559,0.012954306412479669,-6.010150428054343,-0.8601981572754934,0.0004367313672461808,-0.4233565019353281,-0.1331545293399791
17.41516613960266,1.1163713075457107,0.009831434508661738,0.002565154487875673,0.16315165707557902,0.002707083769555185,0.0015945584129164363,0.012954306412479669,-6.010150428054343,-0.8601981572754934,0.00043236405357371894,-0.4191229369159748,-0.1318229840465793
17.428576469421387,1.1206314655718355,0.009883680037031693,0.0028252673900684196,0.16469783398583449,0.0026230526626230986,0.001741603892546901,0.012926415491334753,-6.011829367071371,-0.8709391618515461,0.00045036012514045845,-0.42268803613477324,-0.13286247393482611
17.433913946151733,1.1206314655718355,0.009883680037031693,0.0028252673900684196,0.16305085564597613,0.0025968221359968678,0.0017241878536214319,0.012926415491334753,-6.011829367071371,-0.8709391618515461,0.00044585652388905384,-0.4184611557734255,-0.13153384919547786
17.45158839225769,1.1249746294611203,0.00932619120271124,0.0027313487344894326,0.16387722758362017,0.002351695680165102,0.0014956389930363652,0.012901577967105365,-6.013443079999519,-0.8816952769701906,0.00045815531456669476,-0.4201611014161307,-0.1320188158534023
17.45768690109253,1.1249746294611203,0.00932619120271124,0.0027313487344894326,0.16223845530778397,0.0023281787233634514,0.0014806826031060016,0.012901577967105365,-6.013443079999519,-0.8816952769701906,0.0004535737614210278,-0.4159594904019694,-0.13069862769486829
17.464292287826538,1.1290079893800482,0.009103363472444757,0.0028725985553185902,0.1667230175154809,0.0019438983347738533,0.0014441686476815714,0.012903257749254672,-6.014978320910047,-0.8925268833169535,0.0005311476522915467,-0.42761730624732797,-0.13430120727178066
17.47654128074646,1.1290079893800482,0.009103363472444757,0.0028725985553185902,0.1650557873403261,0.0019244593514261147,0.0014297269612047556,0.012903257749254672,-6.014978320910047,-0.8925268833169535,0.0005258361757686312,-0.42334113318485467,-0.13295819519906285
17.493318557739258,1.132621722367144,0.007995234910877261,0.002448837700432441,0.16555784984508812,0.001510810266007879,0.0008707793010034735,0.012913149518333831,-6.016421935065461,-0.9033849462015079,0.000554605110122078,-0.42533324536875794,-0.13359519246754778
17.498997688293457,1.132621722367144,0.007995234910877261,0.002448837700432441,0.16390227134663723,0.0014957021633478001,0.0008620715079934387,0.012913149518333831,-6.016421935065461,-0.9033849462015079,0.0005490590590208573,-0.42107991291507035,-0.1322592405428723
17.537824630737305,1.1357885883204728,0.008550396861293058,0.0030879165525827326,0.16307959886155984,0.0015134391046141354,0.0010550884831748663,0.012951143036554433,-6.017743154133497,-0.9143137620703115,0.0005658208292862789,-0.4195650953814377,-0.13181408639681522
17.543758869171143,1.1387433451128879,0.007279923132320767,0.0025361111883499777,0.16642383983003609,0.00027738278351051716,-0.0008043457008983772,0.013009863262385684,-6.018886741773235,-0.925315971644279,0.0007316859065751263,-0.43301271743794395,-0.1365083347882883
17.552110195159912,1.1387433451128879,0.007279923132320767,0.0025361111883499777,0.16475960143173574,0.000274608955675412,-0.0007963022438893934,0.013009863262385684,-6.018886741773235,-0.925315971644279,0.000724369047509375,-0.42868259026356453,-0.13514325144040543
17.557429313659668,1.1423370268641486,0.007051971648514566,0.002647902984373649,0.16986882718316737,-0.00016057604846062674,-0.0008584586885602165,0.013119922033643617,-6.019846027350991,-0.9363986443124801,0.0010024869841600082,-0.4440968722649628,-0.14080609790034773
17.565945863723755,1.1423370268641486,0.007051971648514566,0.002647902984373649,0.1681701389113357,-0.00015897028797602048,-0.0008498741016746144,0.013119922033643617,-6.019846027350991,-0.9363986443124801,0.000992462114318408,-0.43965590354231315,-0.13939803692134425
17.57621169090271,1.1459838597922816,0.005471684066909192,0.0018754354081155654,0.17003823706623938,-0.0009891142383888106,-0.002237270113756062,0.013268124249473351,-6.0206501872015625,-0.9474767542713103,0.0011600963371869864,-0.44541407629822066,-0.14173707307513106
17.58014702796936,1.1459838597922816,0.005471684066909192,0.0018754354081155654,0.168337854695577,-0.0009792230960049225,-0.0022148974126185014,0.013268124249473351,-6.0206501872015625,-0.9474767542713103,0.0011484953738151165,-0.44095993553523843,-0.14031970234437974
17.59628462791443,1.1494308694179367,0.006212527629077799,0.0026080447333048247,0.1687918631984342,-0.0008334711384230866,-0.0016010372684448408,0.01344220570259506,-6.021314782229436,-0.958543692173652,0.0012673406686747994,-0.44297666430059107,-0.14134483531918282
17.59987998008728,1.1494308694179367,0.006212527629077799,0.0026080447333048247,0.16710394456644986,-0.0008251364270388557,-0.0015850268957603923,0.01344220570259506,-6.021314782229436,-0.958543692173652,0.0012546672619880514,-0.43854689765758514,-0.139931386965991
17.6303927898407,1.15645811322038,0.006159520048498784,0.0030125891042117486,0.16773637174747483,-0.0008935310515682221,-0.0014782351479233412,0.013861218515963348,-6.022178572196531,-0.9806566209816947,0.001401919981125311,-0.4409091583107563,-0.14118951929339668
17.633800506591797,1.15645811322038,0.006159520048498784,0.0030125891042117486,0.16605900803000007,-0.0008845957410525398,-0.0014634527964441078,0.013861218515963348,-6.022178572196531,-0.9806566209816947,0.0013879007813140578,-0.4365000667276487,-0.1397776241004627
17.647021770477295,1.1605153938742756,0.0057167493003847,0.0028954772218892522,0.16746695154275884,-0.0010874440796936843,-0.001698608033969892,0.014095761829868087,-6.022458162826447,-0.9916462704563436,0.001575387768097577,-0.4398415694730853,-0.1415001823752932
17.67416477203369,1.1643389245537283,0.006264358273799791,0.003420590437052482,0.16720149593477907,-0.0010141070020618225,-0.0014272023762828632,0.014341099163616356,-6.022686302396159,-1.0025377372251414,0.0016622204947996616,-0.43916204191763675,-0.1415937345470488
17.680381774902344,1.1643389245537283,0.006264358273799791,0.003420590437052482,0.16552948097543127,-0.0010039659320412043,-0.0014129303525200346,0.014341099163616356,-6.022686302396159,-1.0025377372251414,0.0016455982898516649,-0.4347704214984604,-0.1401777972015783
17.68844223022461,1.1676934504411502,0.006292112679477015,0.0035897202137298383,0.16803656664911445,-0.00106461764060481,-0.0012244929061446053,0.014593621257028039,-6.022874811645543,-1.0134058238898311,0.0019826330486672817,-0.4429168467029425,-0.14384768090230207
17.693941593170166,1.1676934504411502,0.006292112679477015,0.0035897202137298383,0.1663562009826233,-0.0010539714641987618,-0.0012122479770831592,0.014593621257028039,-6.022874811645543,-1.0134058238898311,0.001962806718180609,-0.43848767823591306,-0.14240920409327906
17.71139359474182,1.1706093108327469,0.006638853124853387,0.003964002975386789,0.16636407753940194,-0.0009939645065473134,-0.0009314506522223397,0.014842063538137393,-6.023007959127399,-1.024172470193231,0.002104501314015103,-0.43981432851484314,-0.1433172059813101
17.71444797515869,1.1706093108327469,0.006638853124853387,0.003964002975386789,0.16470043676400792,-0.0009840248614818403,-0.0009221361457001163,0.014842063538137393,-6.023007959127399,-1.024172470193231,0.0020834563008749517,-0.4354161852296947,-0.14188403392149698
17.752511024475098,1.1785112953318782,0.007033049628203761,0.004435160483105268,0.16512984404456738,-0.0009510828199203235,-0.0007662750326588035,0.015338335398096873,-6.0231710352813606,-1.04560198691385,0.0022106505848756034,-0.4362807251127301,-0.1425768359801871
17.75577473640442,1.1785112953318782,0.007033049628203761,0.004435160483105268,0.1634785456041217,-0.0009415719917211203,-0.0007586122823322154,0.015338335398096873,-6.0231710352813606,-1.04560198691385,0.0021885440790268473,-0.4319179178616028,-0.14115106762038523
17.768426656723022,1.1824107547419866,0.00717362306493046,0.004612863440502292,0.1649263163831088,-0.0009086069491239216,-0.0005898586289945358,0.015574342612120921,-6.023276304877594,-1.0562162259082422,0.0023793493155361916,-0.4353948350826064,-0.14283792519222874
17.773097038269043,1.1824107547419866,0.00717362306493046,0.004612863440502292,0.1632770532192777,-0.0008995208796326823,-0.0005839600427045904,0.015574342612120921,-6.023276304877594,-1.0562162259082422,0.0023555558223808297,-0.4310408867317803,-0.14140954594030644
17.789059162139893,1.1860342154390018,0.007275125979653163,0.0047571499229736485,0.1639146134264865,-0.0008806013452744069,-0.0004792984487016736,0.015796342352750133,-6.023354705966525,-1.0667358377554588,0.0024916609550132444,-0.4328574357614401,-0.1424222747023324
17.794252157211304,1.1860342154390018,0.007275125979653163,0.0047571499229736485,0.16227546729222164,-0.0008717953318216628,-0.00047450546421465685,0.015796342352750133,-6.023354705966525,-1.0667358377554588,0.002466744345463112,-0.4285288614038257,-0.14099805195530907
17.812689781188965,1.1892301908746228,0.007276102228170199,0.004829991920858129,0.16238625304759088,-0.0008774778534540863,-0.0004426941998049991,0.016005143818172203,-6.023403351595019,-1.0772975417442114,0.002573044845721994,-0.4295697793557992,-0.14169563143421757
17.81724214553833,1.1892301908746228,0.007276102228170199,0.004829991920858129,0.16076239051711497,-0.0008687030749195454,-0.00043826725780694907,0.016005143818172203,-6.023403351595019,-1.0772975417442114,0.002547314397264774,-0.4252740815622412,-0.14027867511987538
17.83109188079834,1.1933874972481326,0.0073066622980055675,0.004911594756753124,0.16215667913377904,-0.0008634149712334739,-0.0003832896893157336,0.016202295317963057,-6.023428223248381,-1.0877672957481406,0.002687427733989719,-0.4280554858533584,-0.14164365266350543
17.835761785507202,1.1933874972481326,0.0073066622980055675,0.004911594756753124,0.16053511234244125,-0.0008547808215211392,-0.00037945679242257625,0.016202295317963057,-6.023428223248381,-1.0877672957481406,0.0026605534566498217,-0.4237749309948248,-0.14022721613687036
17.85190510749817,1.1977102930124395,0.007359170274033437,0.004998570655887466,0.16160768708595916,-0.0008399451898665705,-0.0003227399738207245,0.0163856717029161,-6.023461043555526,-1.09825080701073,0.0027673107061553844,-0.42559188680737875,-0.14117194595765242
17.864253997802734,1.1977102930124395,0.007359170274033437,0.004998570655887466,0.15999161021509956,-0.0008315457379679048,-0.0003195125740825173,0.0163856717029161,-6.023461043555526,-1.09825080701073,0.0027396375990938306,-0.42133596793930495,-0.1397602264980759
17.86947512626648,1.2019063034437412,0.007324046771317733,0.005016018761568801,0.1664283895458594,-0.0008644419378219593,-0.0003447414426781625,0.016556629540077444,-6.023512058056481,-1.108623523081123,0.003098804778876509,-0.4356882222332811,-0.14543195213653431
17.87446093559265,1.2019063034437412,0.007324046771317733,0.005016018761568801,0.1647641056504008,-0.0008557975184437397,-0.00034129402825138085,0.016556629540077444,-6.023512058056481,-1.108623523081123,0.003067816731087744,-0.43133134001094825,-0.14397763261516897
17.89128303527832,1.2057024288676974,0.006902038522273669,0.004763033284701816,0.165372667763782,-0.0009537775045861655,-0.0005931531486279386,0.01671771605688326,-6.023596095373239,-1.1190371680181526,0.003149903874931657,-0.4328183216229103,-0.14470055344677
17.897782564163208,1.2057024288676974,0.006902038522273669,0.004763033284701816,0.16371894108614418,-0.0009442397295403039,-0.0005872216171416592,0.01671771605688326,-6.023596095373239,-1.1190371680181526,0.0031184048361823404,-0.42849013840668115,-0.1432535479123023
17.90978455543518,1.2091215295428126,0.006876694453326096,0.00478265166374132,0.1649305802409192,-0.0009501873116920156,-0.0005861022675937812,0.016863685404113184,-6.023683687000782,-1.1293486756814797,0.0032320422617339003,-0.4322667584401121,-0.14479167639379292
17.920836925506592,1.2091215295428126,0.006876694453326096,0.00478265166374132,0.16328127443851,-0.0009406854385750954,-0.0005802412449178434,0.016863685404113184,-6.023683687000782,-1.1293486756814797,0.0031997218391165614,-0.42794409085571095,-0.143343759629855
17.92987895011902,1.2133174589740898,0.006569617578004541,0.004600978722076241,0.16628839103968598,-0.0010707518717881623,-0.0009211367197529607,0.017000143974894574,-6.023777339138318,-1.139746515778053,0.003347883724490879,-0.4344734080382288,-0.14583579988262266
17.93747115135193,1.2133174589740898,0.006569617578004541,0.004600978722076241,0.1646255071292891,-0.0010600443530702807,-0.0009119253525554311,0.017000143974894574,-6.023777339138318,-1.139746515778053,0.0033144048872459702,-0.43012867395784654,-0.14437744188379642
17.94530963897705,1.2175682692045,0.006518669009248015,0.004600114774146332,0.1684022441245019,-0.00108129950454432,-0.0009494985604462693,0.017129297671026538,-6.023911237283175,-1.1500348579041166,0.0034783184766796955,-0.43820157945803956,-0.14731241651683227
17.950310230255127,1.2175682692045,0.006518669009248015,0.004600114774146332,0.16671822168325687,-0.0010704865094988767,-0.0009400035748418066,0.017129297671026538,-6.023911237283175,-1.1500348579041166,0.0034435352919128985,-0.43381956366345914,-0.14583929235166396
17.97143268585205,1.2215639822949103,0.006408083056033127,0.004556996986660466,0.16694267682051636,-0.0010829839353859692,-0.0009782369712290288,0.017247898740868562,-6.0241186414161065,-1.160373577658399,0.003476679507322563,-0.4341141746757891,-0.145962988981934
17.981830835342407,1.2215639822949103,0.006408083056033127,0.004556996986660466,0.1652732500523112,-0.0010721540960321096,-0.0009684546015167385,0.017247898740868562,-6.0241186414161065,-1.160373577658399,0.0034419127122493377,-0.42977303292903124,-0.14450335909211465
18.024552822113037,1.2251170418231436,0.006332156344621275,0.004536558048840704,0.16445217633624723,-0.001069844429735552,-0.0009736472882342136,0.017358132468583774,-6.024367953598197,-1.170638218941081,0.0034386941095788043,-0.42775561421102526,-0.1438173066056174
18.029362440109253,1.2251170418231436,0.006332156344621275,0.004536558048840704,0.16280765457288476,-0.0010591459854381964,-0.0009639108153518715,0.017358132468583774,-6.024367953598197,-1.170638218941081,0.0034043071684830162,-0.423478058068915,-0.14237913353956122
18.033638954162598,1.228249606120332,0.006024808301778452,0.004349839386298454,0.16850356249091827,-0.0013413212707719872,-0.001691319502038293,0.01746217339144725,-6.024620830840382,-1.1809882483381138,0.003664539599219779,-0.4422378955235318,-0.14852552919611484
18.038868188858032,1.228249606120332,0.006024808301778452,0.004349839386298454,0.1668185268660091,-0.0013279080580642674,-0.00167440630701791,0.01746217339144725,-6.024620830840382,-1.1809882483381138,0.003627894203227581,-0.4378155165682965,-0.1470402739041537
18.053350687026978,1.236150931787835,0.005841778147564788,0.004299319044463316,0.1706060494594938,-0.0013759246955568688,-0.0017626092479293073,0.017658814900907326,-6.025118970723525,-1.2016860315449995,0.0037555803093096804,-0.447049152366051,-0.1499377500375867
18.05899477005005,1.236150931787835,0.005841778147564788,0.004299319044463316,0.16889998896489888,-0.0013621654486013,-0.0017449831554500143,0.017658814900907326,-6.025118970723525,-1.2016860315449995,0.0037180245062165837,-0.44257866084239045,-0.14843837253721082
18.076441049575806,1.2399081608773581,0.005818915810617645,0.004331009866921245,0.1693646423758583,-0.0013619454432267327,-0.0017245334710809825,0.017747325108828645,-6.025394762925167,-1.2120160255660248,0.0037428700783940466,-0.44380408713807756,-0.14872771434483606
18.081151485443115,1.2399081608773581,0.005818915810617645,0.004331009866921245,0.16767099595209972,-0.0013483259887944654,-0.0017072881363701727,0.017747325108828645,-6.025394762925167,-1.2120160255660248,0.0037054413776101062,-0.4393660462666968,-0.14724043720138769
18.100489854812622,1.243267066117074,0.005684917140247667,0.00429349789448587,0.1677311743044778,-0.0013718804761697347,-0.0017457166607964818,0.01782887357923161,-6.025662747072225,-1.2224098568294082,0.0037203520990251536,-0.44010598209382046,-0.1473655562444489
18.107266426086426,1.243267066117074,0.005684917140247667,0.00429349789448587,0.166053862561433,-0.0013581616714080373,-0.001728259494188517,0.01782887357923161,-6.025662747072225,-1.2224098568294082,0.003683148578034902,-0.43570492227288227,-0.1458919006820044
18.11146831512451,1.246289218983372,0.005659898474876833,0.004340407476924755,0.17158605295856286,-0.0014294019997709414,-0.0016704657744523344,0.01790291142068148,-6.025881209860621,-1.2327646734501847,0.003866803188672378,-0.4548707822852767,-0.15179605416436795
18.115918397903442,1.246289218983372,0.005659898474876833,0.004340407476924755,0.16987019242897722,-0.001415107979773232,-0.001653761116707811,0.01790291142068148,-6.025881209860621,-1.2327646734501847,0.003828135156785654,-0.45032207446242395,-0.15027809362272426
18.15630316734314,1.2541330312528798,0.00554480700113837,0.004356583291788989,0.17011378209094308,-0.0014189874036988652,-0.0016529354372016357,0.018031921665243984,-6.026162030075677,-1.2536283421649064,0.003830704487217315,-0.45074988005938993,-0.1503177188230035
18.16443395614624,1.2541330312528798,0.00554480700113837,0.004356583291788989,0.16841264427003363,-0.0014047975296618766,-0.0016364060828296192,0.018031921665243984,-6.026162030075677,-1.2536283421649064,0.0037923974423451417,-0.446242381258796,-0.14881454163477345
18.176477909088135,1.2578954129818842,0.005530383799601315,0.004389308225023865,0.16985246894067613,-0.0014054262252240482,-0.0016109827709893214,0.018088285640017278,-6.026298903538475,-1.2640661155242843,0.003815867782779102,-0.4500605681454833,-0.14988556404222292
18.182352542877197,1.2578954129818842,0.005530383799601315,0.004389308225023865,0.16815394425126937,-0.0013913719629718077,-0.001594872943279428,0.018088285640017278,-6.026298903538475,-1.2640661155242843,0.003777709104951311,-0.44555996246402846,-0.14838670840180068
18.19594168663025,1.261323796349121,0.005512170893118266,0.004416355338657882,0.1689953459675432,-0.001390992205894057,-0.0015752017176073796,0.018141188800879792,-6.026388563892929,-1.2744425284850154,0.003791631996205106,-0.448397548186862,-0.14916519603854259
18.199458599090576,1.261323796349121,0.005512170893118266,0.004416355338657882,0.16730539250786777,-0.0013770822838351164,-0.0015594497004313057,0.018141188800879792,-6.026388563892929,-1.2744425284850154,0.003753715676243055,-0.4439135727049934,-0.14767354407815717
18.21834897994995,1.264290429097163,0.005433409469026634,0.004394866165600684,0.16720277187624993,-0.0013838037573389336,-0.001577859040895744,0.018190079337952674,-6.026410696342909,-1.2849261463663497,0.0037512530568211814,-0.4447690500751408,-0.14785992484888186
18.226319313049316,1.264290429097163,0.005433409469026634,0.004394866165600684,0.16553074415748742,-0.0013699657197655442,-0.0015620804504867865,0.018190079337952674,-6.026410696342909,-1.2849261463663497,0.0037137405262529697,-0.4403213595743894,-0.14638132560039305
18.24542546272278,1.2681326013274639,0.0054287916568528626,0.004413442513416968,0.1658864161059134,-0.0013574683726525335,-0.0015435152073534654,0.018233292331667934,-6.026371414967964,-1.2953419205625007,0.003708309051244609,-0.4411157697721407,-0.14656183946956805
18.25113010406494,1.2681326013274639,0.0054287916568528626,0.004413442513416968,0.16422755194485425,-0.0013438936889260081,-0.0015280800552799308,0.018233292331667934,-6.026371414967964,-1.2953419205625007,0.003671225960732163,-0.43670461207441924,-0.14509622107487236
18.27862024307251,1.2758211794928511,0.005394754447137035,0.0044080126557564025,0.1653821093307956,-0.0013303228273415962,-0.001525341222067877,0.018306545835297405,-6.026230018877799,-1.3162147232173445,0.0036735966836328464,-0.43958752718319494,-0.1459015830529141
18.28583526611328,1.2758211794928511,0.005394754447137035,0.0044080126557564025,0.16372828823748767,-0.0013170195990681803,-0.0015100878098471982,0.018306545835297405,-6.026230018877799,-1.3162147232173445,0.003636860716796518,-0.435191651911363,-0.14444256722238494
18.301959991455078,1.2791521458643287,0.005379758704471571,0.0043996738476596905,0.16415673216566207,-0.001301794417811864,-0.0015070999316200877,0.018337273988390735,-6.026124547232975,-1.326687950194714,0.0036302060098757504,-0.4370418059754996,-0.14492813101147078
18.3080472946167,1.2791521458643287,0.005379758704471571,0.0043996738476596905,0.16251516484400544,-0.0012887764736337454,-0.001492028932303887,0.018337273988390735,-6.026124547232975,-1.326687950194714,0.003593903949776993,-0.43267138791574455,-0.14347884970135608
18.32160210609436,1.2835724741524739,0.005365690227493738,0.004380676860789144,0.16415103000669237,-0.0012661586663177907,-0.0014981887440689875,0.018365247698027044,-6.02599736473048,-1.337079269681422,0.0035911720696353163,-0.4356702085485922,-0.14430558739259253
18.326921463012695,1.2835724741524739,0.005365690227493738,0.004380676860789144,0.16250951970662544,-0.0012534970796546129,-0.0014832068566282977,0.018365247698027044,-6.02599736473048,-1.337079269681422,0.003555260348938963,-0.43131350646310623,-0.1428625315186666
18.346463918685913,1.2881778636490961,0.005370582178118799,0.004369483697018444,0.16324099411265328,-0.0012289131661022054,-0.001474716277655308,0.018389408505886794,-6.025896881854524,-1.3475310475510278,0.003540723485382502,-0.43212211309625176,-0.14297462276325032
18.35080885887146,1.2881778636490961,0.005370582178118799,0.004369483697018444,0.16160858417152674,-0.0012166240344411833,-0.001459969114878755,0.018389408505886794,-6.025896881854524,-1.3475310475510278,0.003505316250528677,-0.42780089196528925,-0.14154487653561781
18.371673583984375,1.2926026872710723,0.005349581143625388,0.004335089074447199,0.16211315843389568,-0.001196455797200158,-0.0014663981093358132,0.01841096274175728,-6.025836177081861,-1.3579026533139655,0.0034884630239738973,-0.4282946683791598,-0.14152238893296692
18.37859606742859,1.2926026872710723,0.005349581143625388,0.004335089074447199,0.1604920268495567,-0.0011844912392281564,-0.0014517341282424552,0.01841096274175728,-6.025836177081861,-1.3579026533139655,0.0034535783937341582,-0.4240117216953682,-0.14010716504363727
18.38526153564453,1.2965756498629155,0.005317259604234359,0.004291005935765455,0.1648474087923856,-0.0011540656194984529,-0.0015223042758804913,0.018428730668353474,-6.0258088695495235,-1.3683456557052327,0.0034699926251433033,-0.43484247232227613,-0.1429878749748521
18.39021944999695,1.2965756498629155,0.005317259604234359,0.004291005935765455,0.16319893470446176,-0.0011425249633034683,-0.0015070812331216864,0.018428730668353474,-6.0258088695495235,-1.3683456557052327,0.00343529269889187,-0.43049404759905335,-0.1415579962251036
18.406596899032593,1.3001353085454175,0.005284516562777233,0.004247183690399093,0.16374037394359067,-0.0011245524844135874,-0.0015262645085485048,0.018443008803087534,-6.025753823098163,-1.3787456884464593,0.003419536847181806,-0.43229916252519596,-0.14187253683088102
18.410940408706665,1.3001353085454175,0.005284516562777233,0.004247183690399093,0.16210297020415476,-0.0011133069595694516,-0.0015110018634630197,0.018443008803087534,-6.025753823098163,-1.3787456884464593,0.003385341478709988,-0.427976170899944,-0.14045381146257221
18.421101093292236,1.3035752557284896,0.004938020226263652,0.0036893911585965684,0.16386605447386926,-0.0010357988003754945,-0.002099579969331698,0.018462103387989773,-6.025625154919383,-1.3892929768640174,0.003387283803779323,-0.43367505040970056,-0.14191220868888133
18.425191164016724,1.3035752557284896,0.004938020226263652,0.0036893911585965684,0.16222739392913058,-0.0010254408123717396,-0.002078584169638381,0.018462103387989773,-6.025625154919383,-1.3892929768640174,0.00335341096574153,-0.42933829990560357,-0.1404930866019925
18.437464237213135,1.3077117393888438,0.004627034980607837,0.003289520793930888,0.1639747140449827,-0.0010100182010883052,-0.0024464590428811164,0.018488339483464504,-6.025418422842806,-1.3998111779032365,0.0033554319971368526,-0.4332763800660491,-0.14147938064341437
18.440951108932495,1.3077117393888438,0.004627034980607837,0.003289520793930888,0.1623349669045329,-0.0009999180190774222,-0.002421994452452305,0.018488339483464504,-6.025418422842806,-1.3998111779032365,0.003321877677165484,-0.4289436162653886,-0.14006458683698023
18.46509575843811,1.3118695703454302,0.004818779080541793,0.00333650113076828,0.16243367313213064,-0.0009382663342001969,-0.0023408109932278277,0.018516601227841236,-6.025125817835655,-1.410453546904641,0.0033083038719237735,-0.42888397420707197,-0.1399095653833287
18.471471309661865,1.3118695703454302,0.004818779080541793,0.00333650113076828,0.16080933640080933,-0.000928883670858195,-0.002317402883295549,0.018516601227841236,-6.025125817835655,-1.410453546904641,0.003275220833204536,-0.42459513446500124,-0.1385104697294954
18.483343601226807,1.3157963674793913,0.004771885560901632,0.0032281118308164517,0.1625085255067897,-0.0008889670038446258,-0.002388531226839528,0.018546872310831505,-6.02474007953069,-1.421062533448264,0.0032845839775362184,-0.4289141874856886,-0.13969360057562513
18.491449117660522,1.3157963674793913,0.004771885560901632,0.0032281118308164517,0.1608834402517218,-0.0008800773338061796,-0.0023646459145711327,0.018546872310831505,-6.02474007953069,-1.421062533448264,0.0032517381377608562,-0.4246250456108317,-0.1382966645698689
18.514073848724365,1.319301442545925,0.0047302823156205615,0.003131965288842467,0.16082371426545902,-0.0008570066647232429,-0.0023848702716482337,0.018567387700289702,-6.024230321591264,-1.4317641914063608,0.0032374043468295756,-0.42490399528815315,-0.1383089217951004
18.521696090698242,1.319301442545925,0.0047302823156205615,0.003131965288842467,0.15921547712280443,-0.0008484365980760105,-0.0023610215689317516,0.018567387700289702,-6.024230321591264,-1.4317641914063608,0.00320503030336128,-0.4206549553352716,-0.1369258325771494
18.534982442855835,1.3237629068016719,0.004712290840090256,0.0030369492940114976,0.16098105116246034,-0.0008014507137842498,-0.0024023202173327923,0.01857636904797353,-6.023618044109061,-1.4424498643606458,0.0031958253746978073,-0.4241341572860332,-0.1379699585746199
18.540343761444092,1.3237629068016719,0.004712290840090256,0.0030369492940114976,0.15937124065083574,-0.0007934362066464072,-0.0023782970151594645,0.01857636904797353,-6.023618044109061,-1.4424498643606458,0.003163867120950829,-0.4198928157131729,-0.1365902589888737
18.55466890335083,1.3283118237720832,0.0048165557853959585,0.003017974204467274,0.16095293049279968,-0.0007174763580373083,-0.002327191034081995,0.018571762770350123,-6.022929024667255,-1.4532000025101917,0.00314485813405817,-0.4228632401725437,-0.1374931396153991
18.572704315185547,1.3326102213037643,0.004879265643812952,0.0029454534433936016,0.16172658063419632,-0.0006564863151068722,-0.002316891141813778,0.01855131014799715,-6.0222114424105,-1.4639063791158524,0.0031151335749039885,-0.42430945405124393,-0.1379054703827345
18.578712940216064,1.3326102213037643,0.004879265643812952,0.0029454534433936016,0.16010931482785434,-0.0006499214519558034,-0.0022937222303956403,0.01855131014799715,-6.0222114424105,-1.4639063791158524,0.0030839822391549488,-0.4200663595107315,-0.13652641567890716
18.594698905944824,1.336407796412479,0.004953292757291085,0.0028624782281477545,0.1608836261007201,-0.0005745544042105368,-0.0022856408667222324,0.018514696330559594,-6.021447669350458,-1.4746775852353837,0.00304580427930405,-0.42230842728850804,-0.13719079149809973
18.600158214569092,1.336407796412479,0.004953292757291085,0.0028624782281477545,0.1592747898397129,-0.0005688088601684315,-0.00226278445805501,0.018514696330559594,-6.021447669350458,-1.4746775852353837,0.0030153462365110095,-0.41808534301562295,-0.13581888358311875
18.61518931388855,1.3397677220678776,0.0050658117071984985,0.002789992530368282,0.15991720060484088,-0.0004759594626070118,-0.002235705935948139,0.018464007872226348,-6.020616938835698,-1.4854125214098441,0.002969021865081761,-0.4207300372104416,-0.1366341195827285
18.620443105697632,1.3397677220678776,0.0050658117071984985,0.002789992530368282,0.15831802859879246,-0.0004711998679809417,-0.0022133488765886575,0.018464007872226348,-6.020616938835698,-1.4854125214098441,0.0029393316464309434,-0.4165227368383372,-0.1352677783869012
18.64520287513733,1.3438335893830418,0.005103330264016629,0.002673057361241342,0.15837683497901925,-0.00042465021617912744,-0.002219432439439837,0.018400776742556853,-6.01970417549662,-1.4962605066019141,0.0028956579254136444,-0.41654351489620306,-0.13526025974385508
18.65716862678528,1.3438335893830418,0.005103330264016629,0.002673057361241342,0.15679306662922907,-0.00042040371401733616,-0.0021972381150454387,0.018400776742556853,-6.01970417549662,-1.4962605066019141,0.002866701346159508,-0.412378079747241,-0.13390765714641653
18.663811445236206,1.347982746069122,0.005236812054453501,0.002657399797667896,0.16147110046442625,-0.00024329790390466768,-0.0020867735202366507,0.018327182651407543,-6.018753982761326,-1.5070401835844138,0.0027708901329441867,-0.42376474451533236,-0.13754992366500257
18.66914653778076,1.347982746069122,0.005236812054453501,0.002657399797667896,0.15985638945978198,-0.000240864924865621,-0.0020659057850342844,0.018327182651407543,-6.018753982761326,-1.5070401835844138,0.0027431812316147447,-0.41952709707017904,-0.13617442442835254
18.676660537719727,1.3518185098552928,0.005309307236279182,0.0026242958361691678,0.16336249314962994,-0.00013193039821189626,-0.0020300450077518537,0.0182454840975088,-6.017745643172835,-1.517922748902831,0.0026472067093961994,-0.42917762978101226,-0.13926918874501337
18.688171863555908,1.3552382367495792,0.005391442259248032,0.002634595282590307,0.16469962553930945,-7.77048138673422e-05,-0.001967135997668884,0.01815926517069015,-6.016664914501795,-1.5287621514730527,0.002572758491711671,-0.43388350310355833,-0.1408079840674408
18.700324535369873,1.3552382367495792,0.005391442259248032,0.002634595282590307,0.16305262928391634,-7.692776572866878e-05,-0.0019474646376921954,0.01815926517069015,-6.016664914501795,-1.5287621514730527,0.0025470309067945544,-0.42954466807252273,-0.1393999042267664
18.720143795013428,1.3582025782733171,0.005616184362141514,0.0027952699205833972,0.1629180150046674,-3.811034981954166e-05,-0.001806460197987876,0.018073153366413942,-6.015480034839819,-1.5396818333558997,0.002494588645159378,-0.43050872303980925,-0.13975297660905803
18.724198579788208,1.3582025782733171,0.005616184362141514,0.0027952699205833972,0.16128883485462073,-3.7729246321346245e-05,-0.0017883955960079972,0.018073153366413942,-6.015480034839819,-1.5396818333558997,0.0024696427587077843,-0.4262036358094112,-0.13835544684296744
18.733131647109985,1.3621448579722482,0.005734404761485642,0.002927923122436229,0.16408949188167432,-1.7980871060785066e-05,-0.0015948931212138538,0.017984657639449758,-6.014171705042464,-1.550589855396202,0.0023833311616675134,-0.4335843358399663,-0.14093449923227208
18.736623525619507,1.3621448579722482,0.005734404761485642,0.002927923122436229,0.16244859696285757,-1.7801062350177214e-05,-0.0015789441900017152,0.017984657639449758,-6.014171705042464,-1.550589855396202,0.002359497850050838,-0.42924849248156666,-0.13952515423994935
18.764801025390625,1.3662496505436752,0.005968705146245489,0.0031957845069644952,0.16228115377960417,-9.684690534631633e-06,-0.0014492210288099346,0.017896532045288193,-6.012783427104834,-1.5615209608957412,0.0023168352087916053,-0.4286544678601882,-0.13940045017013244
18.769652605056763,1.3662496505436752,0.005968705146245489,0.0031957845069644952,0.16065834224180814,-9.587843629285316e-06,-0.0014347288185218353,0.017896532045288193,-6.012783427104834,-1.5615209608957412,0.002293666856703689,-0.4243679231815863,-0.13800644566843112
18.809330224990845,1.3738888687229829,0.006239335464496418,0.003633509233397814,0.16097741891882017,-1.99276690169078e-05,-0.0013052653218649068,0.017714953515152308,-6.009868353796241,-1.5832696658930006,0.00224230814919735,-0.42535599326757356,-0.13841944771339834
18.814046621322632,1.3738888687229829,0.006239335464496418,0.003633509233397814,0.15936764472963197,-1.972839232673872e-05,-0.0012922126686462578,0.017714953515152308,-6.009868353796241,-1.5832696658930006,0.0022198850677053765,-0.42110243333489783,-0.13703525323626436
18.825424432754517,1.3771845929073727,0.005525758244814842,0.0031581228262053183,0.16066936712583318,-0.00021425204378391089,-0.0019499539344526007,0.01763092372921874,-6.008287944914862,-1.5941467750107121,0.002151396454208949,-0.4260055376073935,-0.1388676568285149
18.831342458724976,1.3771845929073727,0.005525758244814842,0.0031581228262053183,0.15906267345457484,-0.00021210952334607179,-0.0019304543951080748,0.01763092372921874,-6.008287944914862,-1.5941467750107121,0.0021298824896668596,-0.4217454822313196,-0.13747898026022976
18.843205451965332,1.381282085208499,0.005672110704614358,0.0033835978183209578,0.16092659230924186,-0.0002248951014422156,-0.0017093182598933339,0.01755896695754909,-6.006648058475726,-1.6049859918063678,0.0020745435763877,-0.42624108457099447,-0.13918328560125937
18.86162257194519,1.385484524870384,0.004333414584124915,0.00236231699125424,0.16159773928832508,-0.0004075380655808935,-0.0025170698603848244,0.01750717979775309,-6.004954932892971,-1.615814926297451,0.002039462981738311,-0.4275884600375045,-0.13977848938513432
18.869831085205078,1.385484524870384,0.004333414584124915,0.00236231699125424,0.15998176189544183,-0.0004034626849250846,-0.0024918991617809763,0.01750717979775309,-6.004954932892971,-1.615814926297451,0.002019068351920928,-0.42331257543712947,-0.13838070449128298
18.879199743270874,1.3894107951777943,0.004640113894904772,0.0027105430630465174,0.16257364614533124,-0.0003780221310265954,-0.00201639932665481,0.01747663176853894,-6.003237786201366,-1.6266014525745325,0.0019942156160728747,-0.43007337733994194,-0.14087668397322486
18.884325742721558,1.3894107951777943,0.004640113894904772,0.0027105430630465174,0.16094790968387793,-0.00037424190971632943,-0.0019962353333882617,0.01747663176853894,-6.003237786201366,-1.6266014525745325,0.001974273459912146,-0.42577264356654254,-0.1394679171334926
18.90312170982361,1.3929216502120763,0.003663902862641731,0.001959891979632868,0.1612054619152201,-0.0004985620940339756,-0.0025677347669736442,0.01746651524573273,-6.00147914240532,-1.6373754376600833,0.0019606712037197006,-0.4269910001367162,-0.14000833595982762
18.911277532577515,1.3929216502120763,0.003663902862641731,0.001959891979632868,0.15959340729606789,-0.0004935764730936359,-0.002542057419303908,0.01746651524573273,-6.00147914240532,-1.6373754376600833,0.0019410644916825037,-0.42272109013534903,-0.13860825260022935
18.924211263656616,1.3959717330745933,0.0040293607631352885,0.002327599110109378,0.16035626980140097,-0.0004532055593663392,-0.0021516152085970697,0.017474041999612052,-5.999677471683601,-1.6481118853922672,0.0019452435615671245,-0.4264261708101788,-0.14003771700923123
18.92896056175232,1.3959717330745933,0.0040293607631352885,0.002327599110109378,0.15875270710338696,-0.00044867350377267583,-0.002130099056511099,0.017474041999612052,-5.999677471683601,-1.6481118853922672,0.0019257911259514533,-0.422161909102077,-0.13863733983913892
18.946913242340088,1.3998720098166586,0.0031138460399431018,0.001585003876610431,0.1593369472904051,-0.0005551102627219098,-0.0027047212427401685,0.017503225274293942,-5.997814012197414,-1.6588698655226515,0.0019333673609016333,-0.4236688100597571,-0.13929301842548691
18.95147395133972,1.3998720098166586,0.0031138460399431018,0.001585003876610431,0.15774357781750104,-0.0005495591600946907,-0.0026776740303127667,0.017503225274293942,-5.997814012197414,-1.6588698655226515,0.001914033687292617,-0.4194321219591595,-0.13790008824123204
18.979053497314453,1.4076560808501302,0.0030237995698889414,0.0015550895802639107,0.1589885269768316,-0.0005568456218523235,-0.0026806337175738874,0.01762875450003966,-5.99408352954215,-1.6802377622083464,0.001953569509275964,-0.4226629365012377,-0.13911395404461724
18.986085891723633,1.4076560808501302,0.0030237995698889414,0.0015550895802639107,0.1573986417070633,-0.0005512771656338003,-0.0026538273803981484,0.01762875450003966,-5.99408352954215,-1.6802377622083464,0.0019340338141832043,-0.4184363071362253,-0.13772281450417106
18.997557878494263,1.411130040912021,0.003296823858382697,0.0018022263474243452,0.1588532164852199,-0.0005032014672486186,-0.0023376633903132776,0.01770172074094858,-5.992223070693358,-1.690843835450445,0.001994922793259467,-0.423121657376526,-0.1394163244102145
19.002995491027832,1.411130040912021,0.003296823858382697,0.0018022263474243452,0.15726468432036772,-0.0004981694525761324,-0.0023142867564101446,0.01770172074094858,-5.992223070693358,-1.690843835450445,0.001974973565326872,-0.4188904408027608,-0.13802216116611235
19.019257307052612,1.4143469970787272,0.003334671943860707,0.0017406276286164066,0.15767019186130565,-0.00045144939610780853,-0.002305763515566148,0.017784783269479857,-5.990290784905245,-1.7014971894197444,0.002018562350849794,-0.4209874899672051,-0.13883620664774457
19.031252145767212,1.4143469970787272,0.003334671943860707,0.0017406276286164066,0.1560934899426926,-0.00044693490214673043,-0.0022827058804104866,0.017784783269479857,-5.990290784905245,-1.7014971894197444,0.0019983767273412958,-0.416777615067533,-0.13744784458126713
19.039977073669434,1.4183719151940455,0.0036046786040188684,0.001877719541911252,0.15914595289275987,-0.00031350696549794685,-0.0019703477632648236,0.017874989482972878,-5.988321977307283,-1.7120729247872593,0.002106435704240355,-0.42424787896605654,-0.1401437282429597
19.054376363754272,1.4224535946921195,0.0037641570910002084,0.001915769132935857,0.1603891759708141,-0.00024459456408684684,-0.0018692097017241874,0.017972001654898925,-5.986330440696679,-1.7226728612379079,0.002168522078644361,-0.4270814993219693,-0.14119789792525608
19.059495449066162,1.4224535946921195,0.0037641570910002084,0.001915769132935857,0.15878528421110594,-0.00024214861844597837,-0.0018505176047069454,0.017972001654898925,-5.986330440696679,-1.7226728612379079,0.002146836857857917,-0.42281068432874963,-0.13978591894600353
19.07700276374817,1.426308133854684,0.003942529290786513,0.001974301304706181,0.15939916768551474,-0.00018538901632964447,-0.0017503514989525085,0.018073001444653517,-5.984338008923074,-1.7331737714487907,0.002196609321518037,-0.42435416533046616,-0.1403776226430435
19.082018613815308,1.426308133854684,0.003942529290786513,0.001974301304706181,0.1578051760086596,-0.00018353512616634804,-0.0017328479839629834,0.018073001444653517,-5.984338008923074,-1.7331737714487907,0.0021746432283028566,-0.4201106236771615,-0.13897384641661306
19.097943544387817,1.429683609688123,0.004019141663846022,0.0019525445167941204,0.15834670804757423,-0.0001365839665769591,-0.001698749177688519,0.01817640378445762,-5.982310803576919,-1.7437216248966008,0.0022332851904102308,-0.4222880553672109,-0.13977568852062464
19.10173273086548,1.429683609688123,0.004019141663846022,0.0019525445167941204,0.15676324096709848,-0.00013521812691118953,-0.0016817616859116336,0.01817640378445762,-5.982310803576919,-1.7437216248966008,0.0022109523385061285,-0.41806517481353883,-0.1383779316354184
19.121270656585693,1.4326412068761998,0.004131923065120676,0.0019707074061986836,0.15670939915704168,-9.694013995803052e-05,-0.001625745188267052,0.018279059145831684,-5.980234861984556,-1.7541622413272053,0.002254400774690577,-0.41903098716119463,-0.1387822197287551
19.127217769622803,1.4326412068761998,0.004131923065120676,0.0019707074061986836,0.15514230516547126,-9.597073855845021e-05,-0.0016094877363843814,0.018279059145831684,-5.980234861984556,-1.7541622413272053,0.0022318567669436713,-0.4148406772895827,-0.13739439753146754
19.155736684799194,1.440245451066426,0.004359913143307828,0.0019577453663300313,0.1562572568880387,-3.247622106999242e-05,-0.001551950547040285,0.018489079828477067,-5.975916962691427,-1.7750584565195957,0.0023025358891920786,-0.4177598610672842,-0.13847510094109597
19.15980887413025,1.440245451066426,0.004359913143307828,0.0019577453663300313,0.1546946843191583,-3.21514588592925e-05,-0.0015364310415698823,0.018489079828477067,-5.975916962691427,-1.7750584565195957,0.0022795105303001577,-0.41358226245661134,-0.137090349931685
19.180551528930664,1.4438391048275114,0.004404650742485664,0.001889540448026894,0.15488015510943345,5.917966413813664e-06,-0.001533104340292982,0.01859405949213033,-5.973773499276696,-1.785466089567925,0.0023208686424144994,-0.4142926459530257,-0.1373795369832184
19.18503427505493,1.4438391048275114,0.004404650742485664,0.001889540448026894,0.15333135355833913,5.858786749675527e-06,-0.001517773296890052,0.01859405949213033,-5.973773499276696,-1.785466089567925,0.0022976599559903542,-0.41014971949349543,-0.13600574161338622
19.201098918914795,1.4470851582875612,0.004440803898198595,0.0018235713322852232,0.1538185641640357,4.961525025763718e-05,-0.001520087671893976,0.01869946516554409,-5.971612251015498,-1.7957617721996169,0.0023580352007978147,-0.4122420386497618,-0.13677125517509345
19.20781421661377,1.4470851582875612,0.004440803898198595,0.0018235713322852232,0.15228037852239534,4.911909775506081e-05,-0.0015048867951750363,0.01869946516554409,-5.971612251015498,-1.7957617721996169,0.0023344548487898363,-0.40811961826326415,-0.1354035426233425
19.22277522087097,1.449856325862779,0.004478401667053068,0.0017782192048907545,0.15260976569168613,8.74132015950841e-05,-0.0014981085696591306,0.018803071759356003,-5.96938811578704,-1.8061215401416615,0.0023999730377915105,-0.4107328901640297,-0.13636033615038415
19.229822397232056,1.449856325862779,0.004478401667053068,0.0017782192048907545,0.15108366803476928,8.653906957913326e-05,-0.0014831274839625392,0.018803071759356003,-5.96938811578704,-1.8061215401416615,0.0023759733074135954,-0.4066255612623894,-0.1349967327888803
19.236292362213135,1.453500543170612,0.0055546369730853345,0.0026618298519369807,0.15520911783236477,0.0004058237028433531,0.00046641947326850645,0.018896274699778254,-5.967134685443435,-1.8163663135824324,0.0025488444493147852,-0.41787702291360124,-0.13895780517049056
19.25353169441223,1.4572577320477196,0.005770494217325718,0.0027688751251171697,0.15583663837939377,0.00045463983759418206,0.0005763977764157845,0.018961908220282944,-5.964891198267983,-1.8266327847667088,0.002581849914183745,-0.41946766074736774,-0.13953562817282444
19.258119344711304,1.4572577320477196,0.005770494217325718,0.0027688751251171697,0.15427827199559982,0.0004500934392182402,0.0005706337986516267,0.018961908220282944,-5.964891198267983,-1.8266327847667088,0.0025560314150419074,-0.41527298413989405,-0.1381402718910962
19.271994590759277,1.4608467393507114,0.0064364499662880464,0.0032779772526860466,0.15532330910027187,0.000555777997291209,0.0011022227977127428,0.019020611207897994,-5.962665226867116,-1.8367954560054127,0.0026000927316882595,-0.4182242299784108,-0.1391567439579204
19.276212453842163,1.4608467393507114,0.0064364499662880464,0.0032779772526860466,0.15377007600926915,0.0005502202173182968,0.0010912005697356153,0.019020611207897994,-5.962665226867116,-1.8367954560054127,0.002574091804371377,-0.4140419876786267,-0.1377651765183412
19.293668031692505,1.4640382239507468,0.006065782347234762,0.0028490151618554226,0.1540598837403298,0.0005550704729198029,0.0007801990081794689,0.01906133826427032,-5.96045279819227,-1.8469873186738113,0.002592728068498249,-0.41557196356592135,-0.1382696945624067
19.297269105911255,1.4640382239507468,0.006065782347234762,0.0028490151618554226,0.15251928490292652,0.0005495197681906048,0.0007723970180976742,0.01906133826427032,-5.96045279819227,-1.8469873186738113,0.0025668007878132666,-0.41141624393026216,-0.13688699761678264
19.31522560119629,1.4668664894057744,0.005920167727525815,0.002630687281428705,0.1525687565337568,0.0005671075662205663,0.0006296598698481763,0.01909850440447793,-5.958207538376867,-1.8570969339028576,0.002582133824964894,-0.41277199589458125,-0.13734564923858836
19.321276426315308,1.4668664894057744,0.005920167727525815,0.002630687281428705,0.1510430689684192,0.0005614364905583607,0.0006233632711496945,0.01909850440447793,-5.958207538376867,-1.8570969339028576,0.002556312486715245,-0.4086442759356354,-0.13597219274620248
19.34764003753662,1.4743655059694047,0.005263390164791749,0.0018910873387413803,0.15237621580313096,0.0005651283298517802,0.00026966221826013153,0.01916535952589048,-5.953609174208013,-1.877354209060414,0.002582358285627608,-0.41203793531769317,-0.13708817657355887
19.352152824401855,1.4743655059694047,0.005263390164791749,0.0018910873387413803,0.15085245364509964,0.0005594770465532624,0.0002669655960775302,0.01916535952589048,-5.953609174208013,-1.877354209060414,0.0025565347027713316,-0.40791755596451623,-0.1357172948078233
19.37663984298706,1.4779702368352339,0.005260967893424799,0.0018256240778285083,0.15081595117452534,0.0005724596520554992,0.00024304433822397073,0.01919421404560245,-5.951325228184997,-1.8874686386062856,0.0025569226936587894,-0.40786463518803084,-0.13567159183388797
19.38127613067627,1.4779702368352339,0.005260967893424799,0.0018256240778285083,0.14930779166278008,0.0005667350555349442,0.00024061389484173102,0.01919421404560245,-5.951325228184997,-1.8874686386062856,0.0025313534667222013,-0.4037859888361505,-0.13431487591554908
19.396409273147583,1.4812658122368176,0.005269008244915382,0.001767890486702643,0.14999232781946847,0.0005922379620502532,0.0002118992075291557,0.01921852752486703,-5.949017077984626,-1.8974934911457328,0.0025451293600606173,-0.40620961085843194,-0.13508299430732446
19.40006184577942,1.4812658122368176,0.005269008244915382,0.001767890486702643,0.1484924045412738,0.0005863155824297506,0.00020978021545386416,0.01921852752486703,-5.949017077984626,-1.8974934911457328,0.002519678066460011,-0.4021475147498476,-0.1337321643642512
19.4193856716156,1.484118394199099,0.005254545799070066,0.0016859669679588757,0.14848356101084956,0.0006042782804107582,0.0001719384455835085,0.01923707241374639,-5.946634618664255,-1.9075975737948576,0.0025224780269918544,-0.4032284642530001,-0.1340756800719058
19.432273387908936,1.487851126198774,0.005291128333203111,0.0016442439247877209,0.1498949917451746,0.0006425948891671382,0.00016073410309601775,0.01924755742648953,-5.9442114707551585,-1.917613332634517,0.0025332572180542575,-0.4067852016898834,-0.1352524065955137
19.437934637069702,1.487851126198774,0.005291128333203111,0.0016442439247877209,0.14839604182772284,0.0006361689402754668,0.00015912676206505756,0.01924755742648953,-5.9442114707551585,-1.917613332634517,0.002507924645873715,-0.40271734967298456,-0.13389988252955856
19.449190378189087,1.4916747918448474,0.00529672769809462,0.001570619590513027,0.15030898199449075,0.0006797443714831959,0.00011060806262709738,0.01925168217270399,-5.941752144132588,-1.9276867259540045,0.002518949164771446,-0.40743900704577823,-0.1354462462146437
19.45415997505188,1.4916747918448474,0.00529672769809462,0.001570619590513027,0.14880589217454585,0.000672946927768364,0.0001095019820008264,0.01925168217270399,-5.941752144132588,-1.9276867259540045,0.0024937596731237316,-0.40336461697532044,-0.13409178375249728
19.47014546394348,1.4953161088720512,0.005364968549608003,0.0015583977185226123,0.1495957153341249,0.0007036166707517614,0.0001254487478212379,0.019253144485871062,-5.9392872114190665,-1.937665913914148,0.002492772886639809,-0.4054395504889823,-0.1347591288067368
19.476144790649414,1.4953161088720512,0.005364968549608003,0.0015583977185226123,0.14809975818078366,0.0006965805040442438,0.00012419426034302554,0.019253144485871062,-5.9392872114190665,-1.937665913914148,0.0024678451577734113,-0.40138515498409244,-0.13341153751866944
19.495638847351074,1.4985283998032648,0.00542135748978873,0.0015452825864865234,0.14826658269065576,0.0007160870498466211,0.00013326464950937997,0.019251277563226372,-5.936787338211198,-1.9477154181448628,0.0024615016669624454,-0.4024204021437037,-0.13372862318705106
19.501349687576294,1.4985283998032648,0.00542135748978873,0.0015452825864865234,0.1467839168637492,0.0007089261793481548,0.00013193200301428616,0.019251277563226372,-5.936787338211198,-1.9477154181448628,0.002436886650292821,-0.3983961981222667,-0.13239133695518054
19.52253532409668,1.5013786017393493,0.005449621948623849,0.0015168956134749357,0.14666139078268287,0.000721493665530902,0.00012740684361355992,0.019248319861539916,-5.934239027376132,-1.9576691661066898,0.0024289922291955307,-0.39901582344445263,-0.1325932108209217
19.527104377746582,1.5013786017393493,0.005449621948623849,0.0015168956134749357,0.14519477687485605,0.000714278728875593,0.0001261327751774243,0.019248319861539916,-5.934239027376132,-1.9576691661066898,0.0024047023069035754,-0.3950256652100081,-0.1312672787127125
19.5499267578125,1.508850487050779,0.005476840653056893,0.0014527231194321672,0.14701667712292707,0.0007385084359765258,0.00010734511219025453,0.019236436413347473,-5.928981409424875,-1.9776585230828645,0.0024093268463225423,-0.3996746411255449,-0.13279603066832626
19.5539653301239,1.508850487050779,0.005476840653056893,0.0014527231194321672,0.1455465103516978,0.0007311233516167605,0.00010627166106835198,0.019236436413347473,-5.928981409424875,-1.9776585230828645,0.002385233577859317,-0.39567789471428944,-0.131468070361643
19.571083068847656,1.5124259722921143,0.005501080355015724,0.001438330345296224,0.14617978279229962,0.0007422184689877009,0.00010441943387486794,0.01922804831923913,-5.926345263407632,-1.9876587201707747,0.0023791986273854738,-0.3974633257347976,-0.13203153163972794
19.575642108917236,1.5124259722921143,0.005501080355015724,0.001438330345296224,0.14471798496437663,0.0007347962842978239,0.00010337523953611926,0.01922804831923913,-5.926345263407632,-1.9876587201707747,0.002355406641111619,-0.3934886924774496,-0.13071121632333066
19.60262441635132,1.5156801762037404,0.005521282604691473,0.0014223168713984235,0.1444768398219792,0.0007382880265879769,0.00010074566051370769,0.01921879005549869,-5.923681201239249,-1.9975643935454201,0.0023428426161100375,-0.3931650086312156,-0.13059214976644554
19.61473798751831,1.5156801762037404,0.005521282604691473,0.0014223168713984235,0.1430320714237594,0.0007309051463220971,9.973820390857061e-05,0.01921879005549869,-5.923681201239249,-1.9975643935454201,0.002319414189948937,-0.3892333585449035,-0.12928622826878108
19.636085271835327,1.5221782639067654,0.0055545960195540174,0.0013580019802745913,0.144645656524417,0.0007582033165803082,8.270046778343933e-05,0.019190009570672184,-5.9181475842317095,-2.0174742315115286,0.0023201246835571707,-0.39453066201874465,-0.1310356978715975
19.640917778015137,1.5221782639067654,0.0055545960195540174,0.0013580019802745913,0.14319919995917282,0.0007506212834145051,8.187346310560494e-05,0.019190009570672184,-5.9181475842317095,-2.0174742315115286,0.002296923436721599,-0.3905853553985572,-0.1297253408928815
19.65126085281372,1.5259666569409043,0.00559059000917768,0.0013197024235389152,0.14542985280595358,0.0007957123779107387,7.128424878508255e-05,0.0191719383929789,-5.915315120162707,-2.027455193645202,0.002295778382647873,-0.3961969858029358,-0.13159626033262428
19.655851125717163,1.5259666569409043,0.00559059000917768,0.0013197024235389152,0.14397555427789405,0.0007877552541316313,7.057140629723172e-05,0.0191719383929789,-5.915315120162707,-2.027455193645202,0.0022728205988213944,-0.3922350159449064,-0.13028029772929803
19.669347047805786,1.5295893133712597,0.005653983208179265,0.0012993314045554754,0.1452200408362253,0.0008249092036865837,8.402676172813039e-05,0.0191552190406281,-5.912470300023777,-2.037341031774279,0.0022680510608521277,-0.3955446688933839,-0.13138533438626826
19.679232597351074,1.5295893133712597,0.005653983208179265,0.0012993314045554754,0.14376784042786306,0.0008166601116497179,8.318649411084908e-05,0.0191552190406281,-5.912470300023777,-2.037341031774279,0.0022453705502436063,-0.3915892222044501,-0.13007148104240557
19.690074682235718,1.5328078991249936,0.00568834892338263,0.0012462762315168581,0.14529864770252002,0.0008652385309789076,6.426361582017361e-05,0.01913829509918744,-5.909583459066011,-2.047300955937811,0.0022458576505203797,-0.3967519342141275,-0.1317803103641922
19.69402289390564,1.5328078991249936,0.00568834892338263,0.0012462762315168581,0.1438456612254948,0.0008565861456691185,6.362097966197188e-05,0.01913829509918744,-5.909583459066011,-2.047300955937811,0.002223399074015176,-0.39278441487198623,-0.13046250726055025
19.73132824897766,1.5356958564987315,0.0057217912259737895,0.0011933518943596498,0.14318131096228864,0.0008641582582907837,5.778061099005271e-05,0.019122836082840083,-5.906643451321669,-2.0571672519125386,0.0022083312897186293,-0.3914720239559094,-0.1300382850732694
19.738436698913574,1.5356958564987315,0.0057217912259737895,0.0011933518943596498,0.14174949785266575,0.0008555166757078759,5.7202804880152184e-05,0.019122836082840083,-5.906643451321669,-2.0571672519125386,0.002186247976821443,-0.38755730371635033,-0.1287379022225367
19.742241382598877,1.5394319539682566,0.005866198284969859,0.0012388781134589182,0.15015231251355085,0.0010362741216041838,0.00035251188075444514,0.019105713713552085,-5.903616143596534,-2.0671356960884313,0.002234518744344174,-0.409619780000386,-0.13622486425288474
19.74615740776062,1.5394319539682566,0.005866198284969859,0.0012388781134589182,0.14865078938841533,0.001025911380388142,0.00034898676194690067,0.019105713713552085,-5.903616143596534,-2.0671356960884313,0.002212173556900732,-0.40552358220038215,-0.1348626156103559
19.772571802139282,1.5470889646583916,0.005986476644361519,0.00115279730263585,0.15006301972231453,0.001071018928897857,0.0003468584853556063,0.01906703992034897,-5.8975414963265695,-2.0868872652078543,0.002209298402276048,-0.4088893106833032,-0.13599030696544165
19.77768349647522,1.5470889646583916,0.005986476644361519,0.00115279730263585,0.14856238952509138,0.0010603087396088785,0.00034338990050205025,0.01906703992034897,-5.8975414963265695,-2.0868872652078543,0.0021872054182532877,-0.4048004175764702,-0.13463040389578723
19.793972492218018,1.5505196178972962,0.006010930782249876,0.0010751381115354445,0.14918275617490628,0.0010933499569799156,0.00031404724090508583,0.01904396886801366,-5.894481384328734,-2.096691911506166,0.002178848266835251,-0.40673227966334735,-0.13528436809832367
19.798534870147705,1.5505196178972962,0.006010930782249876,0.0010751381115354445,0.14769092861315722,0.0010824164574101164,0.000310906768496035,0.01904396886801366,-5.894481384328734,-2.096691911506166,0.0021570597841668987,-0.4026649568667139,-0.13393152441734044
19.827242612838745,1.5535291378491949,0.006058948321868426,0.001023367563387089,0.14726231124237077,0.0010956672075391677,0.0003044301829195738,0.01901762861046416,-5.891342461314503,-2.1065857229418805,0.002142433107543187,-0.402065314236718,-0.13374494935643455
19.83278512954712,1.5535291378491949,0.006058948321868426,0.001023367563387089,0.14578968812994705,0.001084710535463776,0.00030138588109037805,0.01901762861046416,-5.891342461314503,-2.1065857229418805,0.0021210087764677553,-0.3980446610943508,-0.1324074998628702
19.842592000961304,1.5574421593524672,0.006085107438756455,0.0009439664078342214,0.1483216584908668,0.001149424790873527,0.00025425449189020845,0.018989651143337873,-5.888175573400219,-2.116382302398581,0.0021187289103129785,-0.4040097366518038,-0.13444576680624945
19.848539352416992,1.5574421593524672,0.006085107438756455,0.0009439664078342214,0.14683844190595813,0.0011379305429647917,0.0002517119469713064,0.018989651143337873,-5.888175573400219,-2.116382302398581,0.002097541621209849,-0.3999696392852857,-0.13310130913818696
19.85355544090271,1.5614660231534248,0.006141967863503198,0.0008945048658556703,0.15339177891450254,0.0012760309441007685,0.00023959254765896988,0.01895865409538817,-5.884971427219454,-2.1262409155666484,0.002109472745033322,-0.41556355166117037,-0.1383411096495763
19.878318309783936,1.5653267230110646,0.006167459499513701,0.0008155132057374641,0.15341684534823527,0.001292861024755257,0.00021973985391359087,0.018926427869374884,-5.8817758053209745,-2.1359955030823876,0.002094572600528127,-0.4153400155087455,-0.13826971201269564
19.883849143981934,1.5653267230110646,0.006167459499513701,0.0008155132057374641,0.1518826768947529,0.0012799324145077045,0.00021754245537445495,0.018926427869374884,-5.8817758053209745,-2.1359955030823876,0.002073626874522846,-0.411186615353658,-0.1368870148925687
19.897040843963623,1.5687806160465083,0.006202940404618488,0.0007489633765695645,0.15298196125505018,0.001320939570950735,0.00019417679979825565,0.01889226347777483,-5.8785523820072605,-2.145818919342666,0.0020636970851968567,-0.4145165103004542,-0.13797667377339587
19.901121139526367,1.5687806160465083,0.006202940404618488,0.0007489633765695645,0.15145214164249968,0.0013077301752412276,0.0001922350318002731,0.01889226347777483,-5.8785523820072605,-2.145818919342666,0.002043060114344888,-0.41037134519744967,-0.1365969070356619
19.92073941230774,1.5718933770119403,0.006240755149131944,0.0006879945796858624,0.15152421377025752,0.0013294539911367928,0.00017905361519789586,0.018857416122024656,-5.875301882432533,-2.1555396525295527,0.0020296785426769603,-0.4112244112522514,-0.136882375627596
19.928804397583008,1.5718933770119403,0.006240755149131944,0.0006879945796858624,0.15000897163255494,0.001316159451225425,0.0001772630790459169,0.018857416122024656,-5.875301882432533,-2.1555396525295527,0.0020093817572501907,-0.40711216713972886,-0.13551355187132005
19.9410297870636,1.5758325823820798,0.006327399387295999,0.0006752323389837878,0.15173106959693486,0.0013602619950900752,0.0002063359816725961,0.018822040554432644,-5.871981489742514,-2.1653635817218744,0.002001280527971944,-0.41109034288489654,-0.1368338933369831
19.946680068969727,1.5758325823820798,0.006327399387295999,0.0006752323389837878,0.1502137589009655,0.0013466593751391745,0.00020427262185587015,0.018822040554432644,-5.871981489742514,-2.1653635817218744,0.0019812677226922247,-0.4069794394560476,-0.13546555440361327
19.95845913887024,1.579945844187348,0.006400696012340343,0.0006497045340429222,0.1522036254016497,0.0013925546082011275,0.00021975910763756903,0.018787007400588845,-5.868693977124935,-2.1750607019084645,0.0019742051819690073,-0.4111673812780627,-0.1368264360201919
19.963439226150513,1.579945844187348,0.006400696012340343,0.0006497045340429222,0.1506815891476332,0.0013786290621191162,0.00021756151656119333,0.018787007400588845,-5.868693977124935,-2.1750607019084645,0.001954463130149317,-0.4070557074652821,-0.13545817165998997
19.975372791290283,1.5838171427950376,0.006437049968204955,0.0005894618462116168,0.15241869503273098,0.00142202021621641,0.0001950007450863848,0.01875071230477263,-5.865426999507703,-2.1848301866530133,0.0019469775373536329,-0.41120670888566313,-0.13673440353312544
19.98224687576294,1.5838171427950376,0.006437049968204955,0.0005894618462116168,0.15089450808240368,0.001407800014054246,0.00019305073763552097,0.01875071230477263,-5.865426999507703,-2.1848301866530133,0.0019275077619800966,-0.4070946417968065,-0.13536705949779418
19.994937419891357,1.587362341111066,0.006474625001085978,0.0005352098449951263,0.15217904128795623,0.0014445894568267219,0.00017619805100127235,0.018715866021617997,-5.862170695645487,-2.1945033048693916,0.0019207522984207256,-0.4106874989855278,-0.13645269598759396
19.999632358551025,1.587362341111066,0.006474625001085978,0.0005352098449951263,0.15065725087507667,0.0014301435622584547,0.00017443607049125962,0.018715866021617997,-5.862170695645487,-2.1945033048693916,0.0019015447754365184,-0.4065806239956725,-0.13508816902771803
20.012516260147095,1.59044846190501,0.006515420908505576,0.0004923362480637357,0.15154594463698887,0.0014612160053066308,0.00016605438476358444,0.018681534331177675,-5.858850596249169,-2.2042759944635932,0.0018961174339731958,-0.4101492236928027,-0.13616466114302814
20.019877672195435,1.59044846190501,0.006515420908505576,0.0004923362480637357,0.15003048519061898,0.0014466038452535645,0.0001643938409159486,0.018681534331177675,-5.858850596249169,-2.2042759944635932,0.0018771562596334639,-0.4060477314558747,-0.13480301453159785
20.03307271003723,1.594410732698928,0.006552081723472553,0.0004463600707429783,0.1515329521927079,0.0014770883921876197,0.00015112426933599815,0.01864997620540883,-5.855518067272175,-2.2139547208415236,0.00187383137884472,-0.40937999827058347,-0.13580665559715424
20.03788709640503,1.594410732698928,0.006552081723472553,0.0004463600707429783,0.15001762267078084,0.0014623175082657436,0.00014961302664263817,0.01864997620540883,-5.855518067272175,-2.2139547208415236,0.0018550930650562728,-0.40528619828787765,-0.1344485890411827
20.056804895401,1.5984520686773813,0.006584078534483148,0.00039957787825100754,0.15065364938038828,0.0014778218212355696,0.00013806302842972402,0.018620521286309713,-5.852167687302545,-2.223711564808335,0.0018488222585730963,-0.406437845837019,-0.13473181039473642
20.061769247055054,1.5984520686773813,0.006584078534483148,0.00039957787825100754,0.1491471128865844,0.0014630436030232139,0.0001366823981454268,0.018620521286309713,-5.852167687302545,-2.223711564808335,0.0018303340359873653,-0.40237346737864876,-0.13338449229078905
20.076059579849243,1.6023021477356427,0.006597936669007342,0.0003386908421580385,0.1503497058487734,0.0014864459209280104,0.0001080380670249724,0.01859364774435296,-5.848843989480339,-2.233370824457628,0.0018299414634381835,-0.4051789526843009,-0.1341623746630728
20.082448482513428,1.6023021477356427,0.006597936669007342,0.0003386908421580385,0.14884620879028568,0.0014715814617187303,0.00010695768635472268,0.01859364774435296,-5.848843989480339,-2.233370824457628,0.0018116420488038017,-0.4011271631574579,-0.13282075091644208
20.095760345458984,1.6057176509973137,0.006635869020428521,0.00030820848745933486,0.14992346725727815,0.0014936932548928242,0.00010335229275886828,0.018568931492116116,-5.845496604976448,-2.2431110465147137,0.0018149621292446094,-0.4045161800803327,-0.13375008763781465
20.116835594177246,1.6087649294182904,0.006673774786065186,0.0002812966853217613,0.14987011814534312,0.0015006091891978494,0.00010221716271913251,0.018545200143422164,-5.84211997184978,-2.2527533324042235,0.0018108664501763302,-0.40510371111561877,-0.133839910045217
20.122862100601196,1.6087649294182904,0.006673774786065186,0.0002812966853217613,0.1483714169638897,0.0014856030973058709,0.00010119499109194118,0.018545200143422164,-5.84211997184978,-2.2527533324042235,0.001792757785674567,-0.4010526740044626,-0.13250151094476484
20.134488105773926,1.6126244579338682,0.006723913623606491,0.0002599300801985279,0.15020743133852132,0.0015149678079422948,0.00010792300342168178,0.018521086677391285,-5.838652280751961,-2.2625014454901002,0.0018010481628273588,-0.4055442890793481,-0.13380591575754308
20.138336181640625,1.6126244579338682,0.006723913623606491,0.0002599300801985279,0.1487053570251361,0.0014998181298628717,0.00010684377338746496,0.018521086677391285,-5.838652280751961,-2.2625014454901002,0.001783037681199085,-0.4014888461885546,-0.13246785659996765
20.154860258102417,1.6166503504676293,0.006759150848490485,0.00021928476983995452,0.14965463110933788,0.0015180283008431278,9.790347807274528e-05,0.01849885264067852,-5.835203835415507,-2.2721282686750195,0.0017846657576350946,-0.4033894285539502,-0.13296081213462374
20.160259008407593,1.6166503504676293,0.006759150848490485,0.00021928476983995452,0.1481580847982445,0.0015028480178346966,9.692444329201782e-05,0.01849885264067852,-5.835203835415507,-2.2721282686750195,0.0017668191000587436,-0.3993555342684107,-0.1316312040132775
20.178362131118774,1.620428019544814,0.006803998898242337,0.00018785659069985483,0.14876322968339656,0.0015178636614199418,9.571871633323857e-05,0.01847684264793628,-5.831748981382039,-2.281828966991222,0.0017674449053494252,-0.4008086332696198,-0.13195508261481034
20.184086799621582,1.620428019544814,0.006803998898242337,0.00018785659069985483,0.1472755973865626,0.0015026850248057422,9.476152916990619e-05,0.01847684264793628,-5.831748981382039,-2.281828966991222,0.0017497704562959308,-0.39680054693692357,-0.13063553178866225
20.20343017578125,1.6238783797096983,0.006850466336587811,0.00015807100310975944,0.1475865663006461,0.0015154360964483595,9.511065062359766e-05,0.01845495612270275,-5.828283352760298,-2.291430714421469,0.0017494933889660128,-0.39788444708863824,-0.13085488066664708
20.20848774909973,1.6238783797096983,0.006850466336587811,0.00015807100310975944,0.14611070063763962,0.0015002817354838759,9.415954411736169e-05,0.01845495612270275,-5.828283352760298,-2.291430714421469,0.0017319984550763527,-0.39390560261775187,-0.1295463318599806
20.22640824317932,1.626891938892007,0.006959442774327793,0.00012381952000047782,0.14633125210153894,0.001537887021796796,0.00011635227885496276,0.018431622908564548,-5.824725343878568,-2.3011250370688434,0.0017334481888990772,-0.3954789796796324,-0.12992984528598184
20.241185188293457,1.626891938892007,0.006959442774327793,0.00012381952000047782,0.14486793958052355,0.0015225081515788282,0.00011518875606641314,0.018431622908564548,-5.824725343878568,-2.3011250370688434,0.0017161137070100863,-0.3915241898828361,-0.12863054683312203
20.268897533416748,1.6347743905802992,0.007080093819992873,-7.532309179875305e-06,0.14626356092949033,0.0015695541038198378,0.00010540500122380214,0.0183899085348055,-5.817521321911557,-2.32036675454713,0.001725910076332978,-0.3947043039757957,-0.12949450559301823
20.27755904197693,1.6347743905802992,0.007080093819992873,-7.532309179875305e-06,0.14480092532019542,0.0015538585627816394,0.00010435095121156412,0.0183899085348055,-5.817521321911557,-2.32036675454713,0.0017086509755696482,-0.39075726093603774,-0.12819956053708803
20.282281160354614,1.638567498190173,0.007169343894310195,-2.3039240351842505e-05,0.15138572579317816,0.0016885357153862428,0.00018356830240928655,0.018370806200376153,-5.8139085261107475,-2.3299253933569033,0.0017754140135904117,-0.4075635321812592,-0.13317978269276914
20.29918384552002,1.6419388611437702,0.007225539617603549,-6.188516036578827e-05,0.1518664181056655,0.0017102498757965308,0.00018370465097026093,0.018351522172344068,-5.8102509729644884,-2.3395525597361466,0.0017815997630647072,-0.40932292845388785,-0.13360147555659296
20.311208248138428,1.6419388611437702,0.007225539617603549,-6.188516036578827e-05,0.15034775392460886,0.0016931473770385656,0.00018186760446055832,0.018351522172344068,-5.8102509729644884,-2.3395525597361466,0.00176378376543406,-0.405229699169349,-0.13226546080102702
20.324177503585815,1.6456282727697542,0.006930428626813796,-0.0009840924423593395,0.15168665008208007,0.002006507992021487,-0.0004082507063029974,0.018339542665682506,-5.806570249553497,-2.349090158381228,0.0017836728380879535,-0.4087229461771231,-0.13322300549899574
20.32728147506714,1.6456282727697542,0.006930428626813796,-0.0009840924423593395,0.15016978358125926,0.001986442912101272,-0.0004041681992399674,0.018339542665682506,-5.806570249553497,-2.349090158381228,0.001765836109707074,-0.40463571671535187,-0.1318907754440058
20.346646070480347,1.649839085699959,0.006799771956582405,-0.001511101399600899,0.15084175680893053,0.0021061142735604647,-0.0006154694874453991,0.018334954886906403,-5.8028334186353385,-2.358709395307403,0.001777945968365413,-0.40569359232327895,-0.1321032623180735
20.350746631622314,1.649839085699959,0.006799771956582405,-0.001511101399600899,0.14933333924084122,0.00208505313082486,-0.0006093147925709452,0.018334954886906403,-5.8028334186353385,-2.358709395307403,0.001760166508681759,-0.40163665640004614,-0.13078222969489278
20.366863012313843,1.6540463128637246,0.006730762127548042,-0.001860822621627111,0.15044992406083638,0.00218287034471166,-0.0007702218185028411,0.018339308785442536,-5.799132442234026,-2.368236628651088,0.0017839890694901395,-0.4037021818617544,-0.13127119690869027
20.373481273651123,1.6540463128637246,0.006730762127548042,-0.001860822621627111,0.14894542482022802,0.0021610416412645435,-0.0007625196003178127,0.018339308785442536,-5.799132442234026,-2.368236628651088,0.001766149178795238,-0.39966516004313685,-0.12995848493960335
20.383466482162476,1.657901256863341,0.0066229746601854005,-0.0021662052595184,0.15131567853475275,0.0022780031350427637,-0.001021710133452005,0.01835085359004509,-5.795428007713523,-2.377832676040312,0.0018232241534358103,-0.4055648532595248,-0.13151854558581705
20.394442796707153,1.657901256863341,0.0066229746601854005,-0.0021662052595184,0.14980252174940523,0.002255223103692336,-0.001011493032117485,0.01835085359004509,-5.795428007713523,-2.377832676040312,0.0018049919119014523,-0.4015092047269295,-0.13020336012995887
20.40762209892273,1.6613763851847805,0.006564689488749538,-0.002353819074135885,0.1509408821826153,0.002301346958154365,-0.001124133003640831,0.018372871975676705,-5.791713345794886,-2.3873566267009902,0.001851417397986977,-0.4049456692366858,-0.13105451119553926
20.412890672683716,1.6613763851847805,0.006564689488749538,-0.002353819074135885,0.14943147336078916,0.0022783334885728215,-0.0011128916736044226,0.018372871975676705,-5.791713345794886,-2.3873566267009902,0.0018329032240071072,-0.40089621254431895,-0.12974396608358388
20.44459342956543,1.6688558554206085,0.007008969712493271,-0.0012410105583134231,0.1502975077623277,0.0021108737614980964,-0.000807153172083329,0.018431934586565422,-5.784070582677241,-2.4065147991281655,0.0018727274955036442,-0.40313710623207916,-0.13025390380328342
20.450300931930542,1.6688558554206085,0.007008969712493271,-0.0012410105583134231,0.1487945326847044,0.0020897650238831155,-0.0007990816403624958,0.018431934586565422,-5.784070582677241,-2.4065147991281655,0.0018540002205486078,-0.39910573516975834,-0.12895136476525057
20.460797786712646,1.6730045143680372,0.0074357507477576775,-0.0006497791631160783,0.15126118069315572,0.00194563121247708,-0.00020019966645380412,0.01845246249879602,-5.780173699056131,-2.4161346521362597,0.0019162068355189615,-0.40460989485471466,-0.1304195844756198
20.478334665298462,1.6730045143680372,0.0074357507477576775,-0.0006497791631160783,0.14974856888622418,0.001926174900352309,-0.00019819766978926607,0.01845246249879602,-5.780173699056131,-2.4161346521362597,0.0018970447671637718,-0.40056379590616753,-0.1291153886308636
20.48244833946228,1.6769377347939103,0.007596866965647808,-0.00046009686318279017,0.15781443771690093,0.0018509030033961255,0.0003061566381883838,0.01846066240379593,-5.7762677348935005,-2.425678585705278,0.002054538171015178,-0.42063356101873256,-0.13480737812888904
20.489202737808228,1.6769377347939103,0.007596866965647808,-0.00046009686318279017,0.1562362933397319,0.0018323939733621642,0.00030309507180649995,0.01846066240379593,-5.7762677348935005,-2.425678585705278,0.0020339927893050264,-0.4164272254085452,-0.13345930434760014
20.5053608417511,1.6804430925134142,0.007800430146513467,-0.0003124722729123112,0.15684384591780584,0.0018321236973453398,0.0004305322860504348,0.01844742855304818,-5.77228611041883,-2.4352869652034035,0.0020463608633544215,-0.4184433152042582,-0.1339232730613144
20.510217666625977,1.6804430925134142,0.007800430146513467,-0.0003124722729123112,0.15527540745862778,0.0018138024603718864,0.00042622696318993046,0.01844742855304818,-5.77228611041883,-2.4352869652034035,0.0020258972547208772,-0.4142588820522156,-0.13258404033070126
20.530555963516235,1.6845376635929477,0.007260585527172752,-0.0011695915904460959,0.15573413512097245,0.0019203870376209664,-8.61270100315192e-06,0.018416631818381272,-5.768261396218588,-2.4448316423283165,0.0020223530728413638,-0.4150035283390231,-0.1326916297330201
20.53542399406433,1.6845376635929477,0.007260585527172752,-0.0011695915904460959,0.15417679376976273,0.0019011831672447568,-8.526573993120401e-06,0.018416631818381272,-5.768261396218588,-2.4448316423283165,0.00200212954211295,-0.41085349305563285,-0.1313647134356899
20.540514945983887,1.6890048055403504,0.007239397616363525,-0.0013370788504002394,0.1614086976694379,0.0020864666657267636,-0.0002573256843956698,0.018365577169794887,-5.76415320394931,-2.4544432102598908,0.0020112132884809847,-0.42644482445014975,-0.13583779034976168
20.564757108688354,1.6933830996935522,0.007287468293440622,-0.001391463797429363,0.16160065169700746,0.0020943390762400444,-0.00026052732909670397,0.018288006460259097,-5.760053247649166,-2.4639912809652866,0.001986347125726444,-0.42629635887703266,-0.13567639022557046
20.56990122795105,1.6933830996935522,0.007287468293440622,-0.001391463797429363,0.15998464518003738,0.002073395685477644,-0.00025792205580573693,0.018288006460259097,-5.760053247649166,-2.4639912809652866,0.0019664836544691796,-0.42203339528826234,-0.13431962632331476
20.58263325691223,1.6973576119630183,0.007289959363070679,-0.0014773245300350813,0.16150627435529927,0.002102340646463189,-0.00030350867599078133,0.018179192307250555,-5.755908898406686,-2.4736008161627865,0.0019138444225336995,-0.4257114416784368,-0.13525291735571546
20.585848569869995,1.6973576119630183,0.007289959363070679,-0.0014773245300350813,0.15989121161174627,0.002081317239998557,-0.0003004735892308735,0.018179192307250555,-5.755908898406686,-2.4736008161627865,0.0018947059783083625,-0.4214543272616524,-0.1339003881821583
20.603901863098145,1.7009302428904707,0.007372288612695722,-0.0014688782177260378,0.16027133926690873,0.002086432128658223,-0.0002708463932985876,0.01804524183093021,-5.75172350284276,-2.483154646696111,0.001838836312184965,-0.4227882295624427,-0.13417355477868873
20.61054015159607,1.7009302428904707,0.007372288612695722,-0.0014688782177260378,0.15866862587423963,0.002065567807371641,-0.0002681379293656017,0.01804524183093021,-5.75172350284276,-2.483154646696111,0.0018204479490631154,-0.4185603472668183,-0.13283181923090184
20.62040090560913,1.7046126017135674,0.007798823400016416,-0.0010958704368517539,0.16081828850057017,0.002050431654523839,0.00022998920999788426,0.017883593929385957,-5.747408746146442,-2.492787262249369,0.0017096297287873114,-0.4246406137426899,-0.13453717335483514
20.625012159347534,1.7046126017135674,0.007798823400016416,-0.0010958704368517539,0.15921010561556448,0.0020299273379786003,0.00022768931789790542,0.017883593929385957,-5.747408746146442,-2.492787262249369,0.0016925334314994381,-0.420394207605263,-0.1331918016212868
20.642739295959473,1.7087237916240936,0.008145177374222807,-0.0007974425848518993,0.15993807252431266,0.0020147416777722103,0.0004453816346665795,0.01769850703113562,-5.743041334367441,-2.50235551743057,0.0016117713080903006,-0.4218757671640406,-0.13355837109094176
20.649309635162354,1.7087237916240936,0.008145177374222807,-0.0007974425848518993,0.15833869179906954,0.0019945942609944883,0.0004409278183199137,0.01769850703113562,-5.743041334367441,-2.50235551743057,0.0015956535950093975,-0.4176570094924002,-0.13222278738003235
20.666998386383057,1.7126849906487738,0.008444850033548685,-0.0005389228806820177,0.15899550931497006,0.0019793578485535934,0.0006263550637252124,0.01749640090496873,-5.738563447546524,-2.511985881448551,0.0015074320630782238,-0.41922862582529036,-0.132637077941053
20.67172336578369,1.7126849906487738,0.008444850033548685,-0.0005389228806820177,0.15740555422182034,0.0019595642700680573,0.0006200915130879603,0.01749640090496873,-5.738563447546524,-2.511985881448551,0.0014923577424474416,-0.41503633956703745,-0.13131070716164248
20.685129642486572,1.7163222741883142,0.008699618810509908,-0.0003196519171958869,0.15854555114837277,0.0019458903743041457,0.0008256842262054983,0.017292220640927707,-5.734030024773212,-2.5215464185999434,0.0013814246814844834,-0.4184331203284244,-0.13230980621566862
20.6895968914032,1.7163222741883142,0.008699618810509908,-0.0003196519171958869,0.15696009563688904,0.0019264314705611041,0.0008174273839434432,0.017292220640927707,-5.734030024773212,-2.5215464185999434,0.0013676104346696386,-0.4142487891251401,-0.13098670815351193
20.701295852661133,1.719506642629027,0.008984037787848528,-5.718393642300752e-05,0.15811369697147912,0.0019031614250884896,0.00109121964713103,0.017091347251835916,-5.729378880920098,-2.531138519862125,0.0012486346496387777,-0.41880482448477074,-0.13239447212685923
20.723764896392822,1.7223189761859456,0.009172520835773216,0.00021573891178231302,0.15778480935738542,0.0018540366107199172,0.0012017432197968954,0.016898131766969034,-5.724622982718655,-2.5406584431617945,0.0011850899960989352,-0.41912505817482654,-0.1325237105967593
20.727962493896484,1.7223189761859456,0.009172520835773216,0.00021573891178231302,0.15620696126381156,0.001835496244612718,0.0011897257875989264,0.016898131766969034,-5.724622982718655,-2.5406584431617945,0.0011732390961379459,-0.41493380759307824,-0.1311984734907917
20.738234519958496,1.7258546138969606,0.009361364330309187,0.0004942850270074959,0.1580882500377613,0.0017495954315244599,0.001444110417966929,0.01670836657634789,-5.719730095661558,-2.5502011326316385,0.00105466172654056,-0.4206995334257163,-0.1331586525121348
20.75998830795288,1.7295449938276106,0.009458097867941993,0.0006656496383615159,0.15820416905196835,0.0017091404050316725,0.001498523493530308,0.01652682966251581,-5.714800072810502,-2.5596456267324768,0.0009973887345725583,-0.4211381519206612,-0.1333788580993658
20.767853498458862,1.7295449938276106,0.009458097867941993,0.0006656496383615159,0.15662212736144868,0.0016920490009813558,0.001483538258595005,0.01652682966251581,-5.714800072810502,-2.5596456267324768,0.0009874148472268326,-0.41692677040145454,-0.13204506951837214
20.781954288482666,1.7330786240985478,0.009657189499237445,0.0009564129003301807,0.15756294819155922,0.00162422809332784,0.001672094501574285,0.01635075994723846,-5.709832616475783,-2.569084608857057,0.000909918922198988,-0.4199332743048191,-0.13312011521588227
20.814960956573486,1.7330786240985478,0.009657189499237445,0.0009564129003301807,0.15598731870964364,0.0016079858123945615,0.0016553735565585422,0.01635075994723846,-5.709832616475783,-2.569084608857057,0.0009008197329769981,-0.4157339415617709,-0.13178891406372345
20.820008039474487,1.7363379267221517,0.009284903411269571,0.0005637894254797013,0.16088064190577125,0.0017111075264208584,0.0006793732869230944,0.016183576440087024,-5.704795288494692,-2.578449083283306,0.0007167777296785183,-0.43152343259850706,-0.13725898223461636
20.825095415115356,1.7363379267221517,0.009284903411269571,0.0005637894254797013,0.15927183548671353,0.0016939964511566497,0.0006725795540538634,0.016183576440087024,-5.704795288494692,-2.578449083283306,0.0007096099523817331,-0.427208198272522,-0.13588639241227018
20.830779552459717,1.7392693327867816,0.009501897802717636,0.0008517257440401119,0.16283893627544493,0.001567197077719881,0.0011916807304889437,0.016026153539198885,-5.699664859005538,-2.587792645523829,0.0005666376068358897,-0.44065606635088556,-0.14067036989616447
20.837936401367188,1.7392693327867816,0.009501897802717636,0.0008517257440401119,0.1612105469126905,0.0015515251069426824,0.0011797639231840543,0.016026153539198885,-5.699664859005538,-2.587792645523829,0.0005609712307675308,-0.4362495056873767,-0.13926366619720282
20.843544006347656,1.742998954527537,0.008431927241544556,-0.00042482124433856374,0.16623726801437616,0.002000480537315466,-0.001424836624096645,0.01588219308100038,-5.694466227750791,-2.5970609859591036,0.0004324426356917977,-0.44976045117316843,-0.14417313843747698
20.84947109222412,1.742998954527537,0.008431927241544556,-0.00042482124433856374,0.1645748953342324,0.0019804757319423112,-0.0014105882578556786,0.01588219308100038,-5.694466227750791,-2.5970609859591036,0.00042811820933487974,-0.44526284666143673,-0.1427314070531022
20.867355346679688,1.7468133180840695,0.008842895447420908,5.6245802047344075e-05,0.1650633237357486,0.0019139605618036387,-0.0010973491444041714,0.015750263497483926,-5.689232971816511,-2.6062779246014025,0.0003930613124236396,-0.4463969805563662,-0.1432828140010468
20.880515336990356,1.7468133180840695,0.008842895447420908,5.6245802047344075e-05,0.16341269049839113,0.0018948209561856022,-0.0010863756529601296,0.015750263497483926,-5.689232971816511,-2.6062779246014025,0.00038913069929940317,-0.4419330107508025,-0.14184998586103634
20.88956069946289,1.7504163241821922,0.008031785616378741,-0.0009667264643774838,0.16575619377211775,0.0021400055627069743,-0.0023289709750738555,0.015638789027045876,-5.683991307817062,-2.615420483743633,0.00034240491866537395,-0.4484943345728913,-0.14432759621816313
20.893914937973022,1.7504163241821922,0.008031785616378741,-0.0009667264643774838,0.16409863183439657,0.0021186055070799045,-0.0023056812653231167,0.015638789027045876,-5.683991307817062,-2.615420483743633,0.0003389808694787202,-0.4440093912271624,-0.1428843202559815
20.915966033935547,1.7536270917765286,0.008505979276137162,-0.000462669559140537,0.16391487930510995,0.0020667791980548155,-0.0020143219924017453,0.015535921774286502,-5.678739183509356,-2.6245212425468565,0.00032294978930107757,-0.4440608694464684,-0.14304730000113727
20.92308211326599,1.7536270917765286,0.008505979276137162,-0.000462669559140537,0.16227573051205885,0.0020461114060742673,-0.0019941787724777277,0.015535921774286502,-5.678739183509356,-2.6245212425468565,0.0003197202914080668,-0.4396202607520037,-0.1416168270011259
20.948447465896606,1.7622518847842437,0.007906994538038701,-0.001443761815024509,0.16405146768306425,0.0021603799252797066,-0.0023612564814281005,0.015372071711021168,-5.668320881635342,-2.642594933755301,0.00030889507410762184,-0.44300102496234134,-0.14287710020782265
20.953529596328735,1.7622518847842437,0.007906994538038701,-0.001443761815024509,0.1624109530062336,0.0021387761260269096,-0.0023376439166138195,0.015372071711021168,-5.668320881635342,-2.642594933755301,0.0003058061233665456,-0.4385710147127179,-0.14144832920574443
20.968337535858154,1.7664612591759024,0.00804475112953929,-0.001429194460773913,0.16362972811656787,0.0021666214010199396,-0.0022556388298521197,0.015303571549160759,-5.663246162113634,-2.6515917092976653,0.0003054242560449451,-0.44081144847532616,-0.1422142808271919
20.973618984222412,1.7664612591759024,0.00804475112953929,-0.001429194460773913,0.16199343083540219,0.00214495518700974,-0.0022330824415535983,0.015303571549160759,-5.663246162113634,-2.6515917092976653,0.0003023700134844957,-0.4364033339905729,-0.14079213801892
20.990016222000122,1.770288447954937,0.008493508064666975,-0.0010327701930071557,0.16270890692024798,0.00211547036970612,-0.0018996656188735557,0.015221299680961042,-5.658241295493921,-2.660590258081681,0.00029461732571009545,-0.4380233690372541,-0.1412884642976741
20.99406933784485,1.770288447954937,0.008493508064666975,-0.0010327701930071557,0.1610818178510455,0.0020943156660090585,-0.0018806689626848202,0.015221299680961042,-5.658241295493921,-2.660590258081681,0.0002916711524529945,-0.43364313534688154,-0.13987557965469738
21.013126850128174,1.773683975708478,0.008822713715639325,-0.0007660074121502642,0.16125357513619976,0.0020773912384632527,-0.001673795273358516,0.015135882933228414,-5.653258296925631,-2.669585015286149,0.0002839005299684873,-0.43445672793199674,-0.14008693398341387
21.029256105422974,1.7780567112446253,0.009114231403815728,-0.0004797660548814499,0.1623530987858128,0.0020414762605307554,-0.0014464278494878016,0.015048295257531149,-5.64827739609932,-2.678609591006256,0.0002749175923443854,-0.4362232605562326,-0.14055679685922973
21.034645318984985,1.7780567112446253,0.009114231403815728,-0.0004797660548814499,0.16072956779795466,0.0020210614979254476,-0.0014319635709929236,0.015048295257531149,-5.64827739609932,-2.678609591006256,0.00027216841642094155,-0.4318610279506703,-0.13915122889063744
21.05751633644104,1.782654305564747,0.009320654934984653,-0.0002481830282481668,0.16113304453741822,0.001986142875013952,-0.0013080213438077769,0.014959773444344434,-5.6433467050802015,-2.6876222539748436,0.00026489866050630586,-0.4318484431708421,-0.13903881720861222
21.062892198562622,1.782654305564747,0.009320654934984653,-0.0002481830282481668,0.15952171409204405,0.0019662814462638126,-0.0012949411303696992,0.014959773444344434,-5.6433467050802015,-2.6876222539748436,0.0002622496739012428,-0.4275299587391337,-0.1376484290365261
21.07373809814453,1.787083831415898,0.00947356948688617,-4.8456981015047996e-05,0.16201149696984182,0.0019082169169417334,-0.001100165022153657,0.01486814324483398,-5.63843613180212,-2.696676020506756,0.0002476733379338081,-0.4323797912586788,-0.13890273907094558
21.079062938690186,1.787083831415898,0.00947356948688617,-4.8456981015047996e-05,0.1603913820001434,0.001889134747772316,-0.0010891633719321203,0.01486814324483398,-5.63843613180212,-2.696676020506756,0.00024519660455447006,-0.428055993346092,-0.13751371168023613
21.09104323387146,1.7911284189106356,0.009547139662463117,5.625344372705922e-05,0.16216392232320462,0.0018524787453954644,-0.0010010218890296886,0.01477648059976111,-5.633529926617419,-2.7057363933378378,0.00023200706163061758,-0.43205066965642414,-0.13848207134382132
21.09520697593689,1.7911284189106356,0.009547139662463117,5.625344372705922e-05,0.16054228309997257,0.0018339539579415097,-0.0009910116701393917,0.01477648059976111,-5.633529926617419,-2.7057363933378378,0.0002296869910143114,-0.4277301629598599,-0.1370972506303831
21.108059644699097,1.794731746143035,0.009671384484919335,0.00021529644620945523,0.1617410738983011,0.0017909800445374954,-0.0008581170425848426,0.014683561718923077,-5.628592132427854,-2.7148053660830156,0.00021688572910207507,-0.4311862250459429,-0.13790538874543712
21.13126254081726,1.799235517244636,0.009138885076706823,-0.00048433779910851715,0.16206305086231104,0.0018585877436260276,-0.0011763958604169874,0.014600403625801584,-5.623578102433507,-2.7238973311926262,0.00021245293049836867,-0.4311805266751669,-0.13774382257844808
21.13583207130432,1.799235517244636,0.009138885076706823,-0.00048433779910851715,0.16044242035368794,0.0018400018661897672,-0.0011646319018128175,0.014600403625801584,-5.623578102433507,-2.7238973311926262,0.000210328401193385,-0.4268687214084152,-0.1363663843526636
21.168381929397583,1.8081344823419105,0.008619131494799235,-0.0012304919771238452,0.16157078066615532,0.0018971966703636002,-0.0013953868272762674,0.014489088975127221,-5.61344498233274,-2.742097821643613,0.00022090398733232633,-0.428766889117982,-0.13671387033762222
21.17359733581543,1.8081344823419105,0.008619131494799235,-0.0012304919771238452,0.15995507285949376,0.0018782247036599642,-0.0013814329590035048,0.014489088975127221,-5.61344498233274,-2.742097821643613,0.00021869494745900306,-0.4244792202268022,-0.135346731634246
21.19864058494568,1.8119792838309141,0.00886673843384465,-0.0009579180871296929,0.15989136080057212,0.0018409300267094536,-0.001247130994672049,0.014452856053073636,-5.6083292524613775,-2.7512183848888063,0.00023306561445154544,-0.4242588617418593,-0.13510697245265826
21.210203647613525,1.8119792838309141,0.00886673843384465,-0.0009579180871296929,0.15829244719256638,0.001822520726442359,-0.0012346596847253287,0.014452856053073636,-5.6083292524613775,-2.7512183848888063,0.00023073495830703,-0.4200162731244407,-0.13375590272813168
21.232421398162842,1.819471379896885,0.00893790823236732,-0.0009613187529716563,0.16008168628352476,0.0018289381505999323,-0.0012133546259100014,0.014389687349458434,-5.597821911251444,-2.76948104703192,0.0002710724286166174,-0.42494705820648065,-0.13497893024885446
21.235995769500732,1.819471379896885,0.00893790823236732,-0.0009613187529716563,0.1584808694206895,0.0018106487690939328,-0.0012012210796509013,0.014389687349458434,-5.597821911251444,-2.76948104703192,0.0002683617043304512,-0.42069758762441584,-0.1336291409463659
21.250291109085083,1.823612421185325,0.00920024741383164,-0.0006600266448694651,0.15979396279601024,0.0017515930441563945,-0.0009618664697347735,0.014355908381980233,-5.592499116774675,-2.778610572565927,0.0002983127409873129,-0.4236053096206209,-0.13430040648633806
21.25963258743286,1.823612421185325,0.00920024741383164,-0.0006600266448694651,0.15819602316805015,0.0017340771137148306,-0.0009522478050374258,0.014355908381980233,-5.592499116774675,-2.778610572565927,0.00029532961357743977,-0.41936925652441465,-0.1329574024214747
21.275479793548584,1.8274506612718997,0.009286761274737784,-0.0005802832454452275,0.15903637245476168,0.0017163643168819874,-0.0008874076564033483,0.014317771160981662,-5.587129117676781,-2.787764086339939,0.00031955295006806547,-0.421622665847147,-0.13343912307356293
21.28273034095764,1.8274506612718997,0.009286761274737784,-0.0005802832454452275,0.15744600873021405,0.0016992006737131676,-0.0008785335798393148,0.014317771160981662,-5.587129117676781,-2.787764086339939,0.0003163574205673848,-0.41740643918867554,-0.13210473184282728
21.2921040058136,1.8308879710296904,0.009493088737874337,-0.0003293325611026596,0.15953997114441396,0.0016230430950582686,-0.0005905178124793439,0.014272663225030053,-5.581705983852453,-2.796907505750882,0.0003528594165957717,-0.4241465863160021,-0.13386596801275302
21.30430293083191,1.8308879710296904,0.009493088737874337,-0.0003293325611026596,0.1579445714329698,0.001606812664107686,-0.0005846126343545505,0.014272663225030053,-5.581705983852453,-2.796907505750882,0.00034933082242981394,-0.41990512045284206,-0.1325273083326255
21.319751262664795,1.8338924759075654,0.009609402860044138,-0.00018664549841225855,0.1583104914443255,0.001571599754579618,-0.0004854527969369799,0.014221173981590788,-5.576191840292553,-2.806041483007316,0.0003663982073187216,-0.42234357802503397,-0.1331108747442988
21.325647592544556,1.8338924759075654,0.009609402860044138,-0.00018664549841225855,0.15672738652988225,0.001555883757033822,-0.00048059826896761006,0.014221173981590788,-5.576191840292553,-2.806041483007316,0.0003627342252455344,-0.4181201422447836,-0.1317797659968558
21.337966442108154,1.8377795487573394,0.009791879835603036,4.1353746854094054e-05,0.15831650117934726,0.0014987938060445263,-0.0002881968598794742,0.014163792664056348,-5.570545871888577,-2.8151724032908403,0.0003813718293105219,-0.4222977535009745,-0.1329272502626802
21.34713625907898,1.8377795487573394,0.009791879835603036,4.1353746854094054e-05,0.15673333616755378,0.001483805867984081,-0.00028531489128067947,0.014163792664056348,-5.570545871888577,-2.8151724032908403,0.00037755811101741673,-0.4180747759659647,-0.13159797776005341
21.351176738739014,1.8417539651794845,0.009868796010434982,0.00012832649532420025,0.16500363980108482,0.0014459586884113544,-7.46470075786711e-05,0.014100439929241404,-5.564823328949554,-2.8242656627800367,0.0004283484189382246,-0.43936955019366264,-0.13790457097913472
21.36729884147644,1.845506659636696,0.010024762504296859,0.0003159426278594149,0.16568192191460446,0.001408093874105169,4.498316774098256e-05,0.014032869925810399,-5.559026176237615,-2.833343204292319,0.000435789949789592,-0.44137077477968917,-0.13845910174276013
21.37232780456543,1.845506659636696,0.010024762504296859,0.0003159426278594149,0.16402510269545842,0.0013940129353641171,4.453333606357274e-05,0.014032869925810399,-5.559026176237615,-2.833343204292319,0.0004314320502916961,-0.4369570670318923,-0.13707451072533253
21.39798879623413,1.848920419910507,0.01007920733385667,0.0003574930570935183,0.16371527817410397,0.0013836010642272007,6.226885719434912e-05,0.013963996436773402,-5.553175902232659,-2.842363745656899,0.0004341032578219416,-0.43659370224276944,-0.13693086326036272
21.402992963790894,1.848920419910507,0.01007920733385667,0.0003574930570935183,0.16207812539236294,0.0013697650535849288,6.164616862240563e-05,0.013963996436773402,-5.553175902232659,-2.842363745656899,0.0004297622252437222,-0.43222776522034173,-0.1355615546277591
21.414055347442627,1.8519095061195745,0.00995721451903746,0.00015397830506495435,0.16315835785424088,0.0014329324912326206,-0.00012047884130428211,0.013891259352658558,-5.547165915134026,-2.851369554662785,0.0004386513403216113,-0.43723427987473923,-0.1371670182201518
21.418843984603882,1.8519095061195745,0.00995721451903746,0.00015397830506495435,0.16152677427569848,0.0014186031663202944,-0.00011927405289123929,0.013891259352658558,-5.547165915134026,-2.851369554662785,0.0004342648269183952,-0.43286193707599185,-0.13579534803795026
21.443514585494995,1.855752682372102,0.010069598611786378,0.0002456909952704845,0.16146953629643745,0.001406531278024796,-7.311708014926305e-05,0.013812253503396325,-5.541079784310978,-2.8602880876825254,0.00043357268041137835,-0.4326961966681468,-0.13578864466380522
21.449554443359375,1.855752682372102,0.010069598611786378,0.0002456909952704845,0.15985484093347307,0.001392465965244548,-7.238590934777042e-05,0.013812253503396325,-5.541079784310978,-2.8602880876825254,0.00042923695360726455,-0.4283692347014653,-0.13443075821716716
21.46063208580017,1.85967859452671,0.010068453901115998,0.0001710278746136171,0.16179997965447956,0.0014341218679019808,-0.00012024664697172454,0.013726391804349154,-5.534894039319044,-2.8691871655533348,0.0004275160379509289,-0.43337710141946606,-0.1361505790363667
21.466333866119385,1.85967859452671,0.010068453901115998,0.0001710278746136171,0.16018197985793478,0.001419780649222961,-0.0001190441805020073,0.013726391804349154,-5.534894039319044,-2.8691871655533348,0.0004232408775714196,-0.4290433304052714,-0.13478907324600303
21.47468638420105,1.8633981248505367,0.010182926128499237,0.00024585134370045807,0.16303397335912875,0.0014263001591947315,6.47449119755433e-06,0.013634071871916375,-5.528689249892909,-2.877987690214725,0.0004150646472616718,-0.43698464108344404,-0.13751507120009468
21.494110107421875,1.8666600622634482,0.010265855484909594,0.00027853488023039333,0.16308314123629306,0.0014269528017472816,3.832200869455981e-05,0.013535520259137566,-5.522392383808982,-2.8867849648261945,0.00040662049165728585,-0.43789257354191957,-0.13792044115715332
21.500330209732056,1.8666600622634482,0.010265855484909594,0.00027853488023039333,0.16145230982393013,0.0014126832737298089,3.7938788607614217e-05,0.013535520259137566,-5.522392383808982,-2.8867849648261945,0.000402554286740713,-0.43351364780650037,-0.1365412367455818
21.518048524856567,1.8695272322389815,0.010368728210662766,0.0003422881691889548,0.16145624853595755,0.0014079188503415161,9.010488452671517e-05,0.013430888507775783,-5.516056723711104,-2.8954620703757157,0.00039056910448852575,-0.43491150613119495,-0.13715203183286476
21.52378487586975,1.8695272322389815,0.010368728210662766,0.0003422881691889548,0.15984168605059798,0.001393839661838101,8.920383568144801e-05,0.013430888507775783,-5.516056723711104,-2.8954620703757157,0.00038666341344364047,-0.430562391069883,-0.1357805115145361
21.5360209941864,1.8731978080110137,0.01044342852489475,0.0003818846659591266,0.16124329717454153,0.0013972185881154257,0.0001358407609888585,0.013320590719246898,-5.509594896054401,-2.904150088085778,0.0003678069665236967,-0.4346080387324403,-0.13734963113440307
21.53946280479431,1.8731978080110137,0.01044342852489475,0.0003818846659591266,0.15963086420279612,0.0013832464022342714,0.00013448235337896992,0.013320590719246898,-5.509594896054401,-2.904150088085778,0.00036412889685845975,-0.4302619583451159,-0.13597613482305904
21.560553789138794,1.8770228518823204,0.010552389313280085,0.00048389530485852745,0.15984844647640184,0.001367454539078331,0.00018672105611596657,0.013205577087158592,-5.503155757513885,-2.9127076431609353,0.0003494333177967464,-0.43074865627747067,-0.1363043162907834
21.571336030960083,1.880617969117979,0.01061318641859765,0.0005350129212617784,0.16158454198130917,0.0013593783019998427,0.00023542795162266364,0.01308277461333663,-5.496699514548948,-2.921277334749182,0.000317534238667372,-0.4358369000832749,-0.13822105117149658
21.597079515457153,1.8838974660635168,0.01066534106962505,0.0005863897209952239,0.16124272342023588,0.0013460007141118068,0.00025241744411558107,0.012956237716236413,-5.490241017940666,-2.929738830485106,0.0003008930390518291,-0.435378560070155,-0.13821339844368327
21.602837562561035,1.8838974660635168,0.01066534106962505,0.0005863897209952239,0.15963029618603353,0.0013325407069706887,0.00024989326967442526,0.012956237716236413,-5.490241017940666,-2.929738830485106,0.0002978841086613108,-0.4310247744694535,-0.13683126445924643
21.618551015853882,1.886732506435971,0.010707126958398875,0.0006281255611966518,0.15983835412655614,0.0013196541466637477,0.0002724451390083289,0.012824133541227313,-5.483674448630334,-2.9382128521797948,0.0002699794770375212,-0.43313930650255295,-0.1377596947989814
21.624542474746704,1.886732506435971,0.010707126958398875,0.0006281255611966518,0.15823997058529057,0.0013064576051971103,0.0002697206876182456,0.012824133541227313,-5.483674448630334,-2.9382128521797948,0.000267279682267146,-0.4288079134375274,-0.1363820978509916
21.636863470077515,1.89047186156564,0.010758558506458625,0.0006768073455812049,0.15969273835272482,0.0012962318972043578,0.0003044403636247549,0.012687460743229791,-5.477095831267769,-2.946577142886947,0.0002289154757950136,-0.4326430589100305,-0.13795404229948738
21.65533208847046,1.8943264154514263,0.010848031354025267,0.0007783335779183545,0.16018321361246665,0.001275826285453307,0.00035476076785771277,0.012547939433721058,-5.47045065839069,-2.9549471148690842,0.00020179295234794175,-0.43375777896672396,-0.13854534132001306
21.660101652145386,1.8943264154514263,0.010848031354025267,0.0007783335779183545,0.158581381476342,0.0012630680225987738,0.00035121316017913565,0.012547939433721058,-5.47045065839069,-2.9549471148690842,0.00019977502282446234,-0.4294202011770567,-0.13715988790681294
21.673054933547974,1.8980171306057367,0.010894035403480103,0.0008208191035127793,0.15984500090666204,0.0012543665866950695,0.00037804018064718743,0.012409553609347687,-5.463819377346758,-2.9632075626847687,0.00016288665935282126,-0.432810719898781,-0.13858665593593725
21.677892923355103,1.8980171306057367,0.010894035403480103,0.0008208191035127793,0.15824655089759543,0.001241822920828119,0.00037425977884071555,0.012409553609347687,-5.463819377346758,-2.9632075626847687,0.00016125779275929304,-0.4284826126997932,-0.13720078937657787
21.694580793380737,1.9012895079424628,0.010942656829390753,0.0008716409371377887,0.1586251880877525,0.0012289752934825622,0.00039856919838972765,0.012271913618959586,-5.457111143543928,-2.971487722538895,0.0001335539137729082,-0.4301959475996964,-0.1380211512448863
21.699747800827026,1.9012895079424628,0.010942656829390753,0.0008716409371377887,0.15703893620687498,0.0012166855405477367,0.00039458350640583036,0.012271913618959586,-5.457111143543928,-2.971487722538895,0.00013221837463517913,-0.42589398812369944,-0.13664093973243743
21.712734699249268,1.9042090380374213,0.010984363832815865,0.0009164443607912632,0.1577167963044207,0.001203689067012011,0.00042166213174093614,0.012138481334495516,-5.450388561213668,-2.9796393971046875,0.00010034637765693019,-0.42926084888923877,-0.13811196536016532
21.717106103897095,1.9042090380374213,0.010984363832815865,0.0009164443607912632,0.15613962834137649,0.0011916521763418908,0.00041744551042352675,0.012138481334495516,-5.450388561213668,-2.9796393971046875,9.934291388036088e-05,-0.42496824040034636,-0.13673084570656366
21.74072575569153,1.907975997845335,0.010999973956107356,0.000920296607377182,0.15617307045467346,0.0011870491858730148,0.0004126620779178712,0.012006926607989339,-5.44355221025184,-2.9878180696577132,8.279484382584436e-05,-0.4249440478655915,-0.13694951827900562
21.745132207870483,1.907975997845335,0.010999973956107356,0.000920296607377182,0.15461133975012673,0.0011751786940142847,0.0004085354571386925,0.012006926607989339,-5.44355221025184,-2.9878180696577132,8.196689538758591e-05,-0.42069460738693554,-0.13558002309621556
21.774078845977783,1.9156268063933364,0.01103222317868508,0.0009384310839739045,0.15570831032151,0.0011731651404770426,0.0004053357254075297,0.011754306843565213,-5.429945337059367,-3.00393793339324,5.8801920409560276e-05,-0.42331810207381815,-0.13676593553485414
21.779624462127686,1.9156268063933364,0.01103222317868508,0.0009384310839739045,0.1541512272182949,0.0011614334890722722,0.00040128236815345443,0.011754306843565213,-5.429945337059367,-3.00393793339324,5.821390120546467e-05,-0.41908492105308,-0.1353982761795056
21.794761896133423,1.9190305208167606,0.011070300610012006,0.0009871992391927964,0.1548584208372436,0.0011470406603144936,0.0004221685170779865,0.011631533580804963,-5.423164486251193,-3.0118934472800456,3.82251012257573e-05,-0.42136313220389077,-0.13646175626499252
21.800182580947876,1.9190305208167606,0.011070300610012006,0.0009871992391927964,0.15330983662887115,0.0011355702537113486,0.00041794683190720663,0.011631533580804963,-5.423164486251193,-3.0118934472800456,3.784285021349973e-05,-0.4171495008818519,-0.13509713870234258
21.81338405609131,1.921993433057679,0.011079618780737448,0.0009972253142633192,0.15402113036448978,0.0011297799917417883,0.0004139611376538704,0.011509642406807206,-5.416302339322349,-3.0198790000818767,1.646495306843439e-05,-0.42044646004893155,-0.13654614253061464
21.819145917892456,1.921993433057679,0.011079618780737448,0.0009972253142633192,0.15248091906084488,0.0011184821918243705,0.0004098215262773317,0.011509642406807206,-5.416302339322349,-3.0198790000818767,1.6300303537750046e-05,-0.4162419954484422,-0.1351806811053085
21.83652400970459,1.925832827922649,0.011122228201191521,0.001047498539174706,0.15316559039169456,0.0011063709900203654,0.00042866741072528406,0.011389184944370275,-5.409474005573624,-3.0277509408732546,6.178272255417329e-07,-0.4176931328748041,-0.13593859231427555
21.844043493270874,1.925832827922649,0.011122228201191521,0.001047498539174706,0.15163393448777762,0.0010953072801201617,0.0004243807366180312,0.011389184944370275,-5.409474005573624,-3.0277509408732546,6.116489532863155e-07,-0.41351620154605606,-0.1345792063911328
21.87405753135681,1.9335223127398122,0.011163070269936525,0.0010874631578177546,0.1526796063437809,0.0010902411002684555,0.00042649651491460586,0.011153964131427127,-5.395844307561157,-3.043461518743974,-1.558842100743472e-05,-0.4158865422311414,-0.1356219328693382
21.878811597824097,1.9335223127398122,0.011163070269936525,0.0010874631578177546,0.15115281028034308,0.001079338689265771,0.0004222315497654598,0.011153964131427127,-5.395844307561157,-3.043461518743974,-1.543253679736037e-05,-0.41172767680883,-0.13426571354064484
21.897320985794067,1.936869158580534,0.011200278283934677,0.0011368098821153054,0.15144960679638458,0.001065696627385175,0.00043818505848069013,0.011042252511330114,-5.389063669443419,-3.0513199783457825,-2.531543913978464e-05,-0.4128863354777756,-0.13482406345986828
21.904149293899536,1.936869158580534,0.011200278283934677,0.0011368098821153054,0.14993511072842072,0.0010550396611113233,0.0004338032078958832,0.011042252511330114,-5.389063669443419,-3.0513199783457825,-2.5062284748386794e-05,-0.40875747212299784,-0.1334758228252696
21.91996669769287,1.9398627609723949,0.011234657189598546,0.0011859031956689757,0.15032851844522405,0.001039662222621531,0.00045255678808154214,0.010934023404177415,-5.382323458417342,-3.0590792791813386,-3.480580396427757e-05,-0.4107826795068006,-0.1343458822529386
21.92538547515869,1.9398627609723949,0.011234657189598546,0.0011859031956689757,0.1488252332607718,0.0010292656003953156,0.00044803122020072673,0.010934023404177415,-5.382323458417342,-3.0590792791813386,-3.445774592463479e-05,-0.4066748527117326,-0.1330024234304092
21.93826389312744,1.9436723186235072,0.0112627650422026,0.001213708216167045,0.15029517413830687,0.001024492876246058,0.0004581540878244463,0.010827279794353432,-5.3755196074495055,-3.066909405244067,-4.4527605588627994e-05,-0.41019535439795424,-0.13437773407876122
21.9439857006073,1.9436723186235072,0.0112627650422026,0.001213708216167045,0.1487922223969238,0.0010142479474835975,0.00045357254694620183,0.010827279794353432,-5.3755196074495055,-3.066909405244067,-4.4082329532741713e-05,-0.4060934008539747,-0.1330339567379736
21.952083349227905,1.9476594797449271,0.011297754985152406,0.0012477406023710044,0.15222835976166613,0.0010123428679489105,0.0004810575226372665,0.010723936123415583,-5.36882328865217,-3.074642750010348,-5.75726685748158e-05,-0.41395618530013634,-0.1358784997294912
21.97106099128723,1.9514188183209988,0.011335729238836812,0.0012874798452197239,0.1526871152506297,0.0010039673248678899,0.0004928804597512045,0.010620822973328179,-5.362161975671644,-3.082455531704559,-6.273663444152119e-05,-0.41494307328557123,-0.1362492967851126
21.97592520713806,1.9514188183209988,0.011335729238836812,0.0012874798452197239,0.1511602440981234,0.000993927651619211,0.0004879516551536924,0.010620822973328179,-5.362161975671644,-3.082455531704559,-6.210926809710597e-05,-0.4107936425527155,-0.13488680381726148
21.991797924041748,1.9548598615202861,0.011371530122022742,0.001328615334256437,0.15181667396814208,0.0009841199435198142,0.0005031417589750317,0.010519145951808074,-5.355562674659449,-3.090198059441857,-6.792666300618218e-05,-0.4127663604032259,-0.13556510487483767
21.99538230895996,1.9548598615202861,0.011371530122022742,0.001328615334256437,0.15029850722846066,0.000974278744084616,0.0004981103413852814,0.010519145951808074,-5.355562674659449,-3.090198059441857,-6.724739637612036e-05,-0.4086386967991936,-0.1342094538260893
22.01480770111084,1.957851224143559,0.011395055953768473,0.0013606774475472326,0.1503355230207566,0.0009641234708405962,0.0005037196171779513,0.01041748089589414,-5.348893283154604,-3.09801485065195,-7.133897748897797e-05,-0.40957483673992895,-0.13452789336791093
22.019622564315796,1.957851224143559,0.011395055953768473,0.0013606774475472326,0.14883216779054903,0.0009544822361321903,0.0004986824210061718,0.01041748089589414,-5.348893283154604,-3.09801485065195,-7.06255877140882e-05,-0.40547908837252966,-0.13318261443423182
22.039456129074097,1.9617277990480648,0.01142430811588825,0.0014060816464098406,0.14929850372956274,0.0009427674421721523,0.0005076034841319112,0.010319659771572997,-5.342263613979526,-3.1057540093692384,-7.299301855991528e-05,-0.4063058951867842,-0.13345445575685008
22.042889833450317,1.9617277990480648,0.01142430811588825,0.0014060816464098406,0.1478055186922671,0.0009333397677504308,0.0005025274492905922,0.010319659771572997,-5.342263613979526,-3.1057540093692384,-7.226308837431612e-05,-0.40224283623491636,-0.13211991119928157
22.0691876411438,1.969474676049555,0.011440335953541582,0.0014636502586932425,0.14927334981665633,0.0009220502226780678,0.0005011467657702883,0.010128330642028418,-5.329021528569646,-3.1213103150914128,-7.467561789119706e-05,-0.40562700778598504,-0.13314297279729115
22.075958728790283,1.969474676049555,0.011440335953541582,0.0014636502586932425,0.14778061631848977,0.0009128297204512872,0.0004961352981125854,0.010128330642028418,-5.329021528569646,-3.1213103150914128,-7.392886171228508e-05,-0.4015707377081252,-0.13181154306931825
22.091508865356445,1.9728288658434903,0.01145644557095953,0.0015189821430456694,0.14845997360471258,0.0008912798621805427,0.000507138694841773,0.010034367021676914,-5.32239485482105,-3.129129569749537,-7.467870595274326e-05,-0.4038502580124826,-0.13244765602786526
22.096781015396118,1.9728288658434903,0.01145644557095953,0.0015189821430456694,0.14697537386866547,0.0008823670635587373,0.0005020673078933553,0.010034367021676914,-5.32239485482105,-3.129129569749537,-7.393191889321582e-05,-0.39981175543235775,-0.13112317946758661
22.111572742462158,1.9758230303644626,0.011470496129400638,0.0015752987623434877,0.14752999473002018,0.0008585094818496854,0.0005140385500652085,0.009941735392726126,-5.31578498835482,-3.1368562352507383,-7.43096786835918e-05,-0.40237574588689373,-0.13186076967996857
22.11667013168335,1.9758230303644626,0.011470496129400638,0.0015752987623434877,0.14605469478271998,0.0008499243870311885,0.0005088981645645565,0.009941735392726126,-5.31578498835482,-3.1368562352507383,-7.356658189675588e-05,-0.3983519884280248,-0.13054216198316887
22.136001348495483,1.9796249598811841,0.011497064797732912,0.0016443787067301225,0.14656103906668355,0.0008298343055771439,0.0005228995936767101,0.009848747904027186,-5.3090598160212,-3.1446587988159713,-7.321986499781175e-05,-0.3994552783834646,-0.1308244653525652
22.142316579818726,1.9796249598811841,0.011497064797732912,0.0016443787067301225,0.1450954286760167,0.0008215359625213725,0.000517670597739943,0.009848747904027186,-5.3090598160212,-3.1446587988159713,-7.248766634783363e-05,-0.39546072559962997,-0.12951622069903954
22.146719694137573,1.9835913113443107,0.01151847103894389,0.0017045308150655328,0.1526531118934402,0.0007728276875052563,0.0005771762536831853,0.009758143283772896,-5.302402426183994,-3.1523650290093252,-7.058852803841645e-05,-0.4136042722979316,-0.13504983402255888
22.15406823158264,1.9835913113443107,0.01151847103894389,0.0017045308150655328,0.15112658077450578,0.0007650994106302038,0.0005714044911463535,0.009758143283772896,-5.302402426183994,-3.1523650290093252,-6.988264275803228e-05,-0.4094682295749523,-0.13369933568233328
22.171876192092896,1.9873097114334328,0.011527438887424335,0.0017484103136814375,0.15170345645238428,0.0007501747537552155,0.0005730232170373363,0.009668037316630653,-5.295714689082287,-3.1601479628312075,-6.837983975536459e-05,-0.4108899566999725,-0.13402862102434943
22.17718768119812,1.9873097114334328,0.011527438887424335,0.0017484103136814375,0.15018642188786044,0.0007426730062176633,0.000567292984866963,0.009668037316630653,-5.295714689082287,-3.1601479628312075,-6.769604135781094e-05,-0.4067810571329728,-0.13268833481410594
22.183424711227417,1.9907017532330422,0.011534951274371154,0.0017938283180090676,0.15412337313198557,0.0007097683830092961,0.0005839180841868147,0.009580075542308141,-5.2890600658342946,-3.1678422975856346,-6.26155422273491e-05,-0.4183283599730753,-0.13607497303864155
22.19011425971985,1.9907017532330422,0.011534951274371154,0.0017938283180090676,0.1525821394006657,0.0007026706991792031,0.0005780789033449466,0.009580075542308141,-5.2890600658342946,-3.1678422975856346,-6.19893868050756e-05,-0.4141450763733446,-0.13471422330825514
22.21204686164856,1.9936411679871675,0.011532619211207176,0.0018304300333625261,0.1523965703635677,0.0006884211427752109,0.0005743628630903819,0.009492293410717974,-5.282288917466896,-3.175600133660019,-5.9541009623162034e-05,-0.4144962583956042,-0.13473098482437976
22.21751356124878,1.9936411679871675,0.011532619211207176,0.0018304300333625261,0.15087260465993205,0.0006815369313474587,0.000568619234459478,0.009492293410717974,-5.282288917466896,-3.175600133660019,-5.894559952693041e-05,-0.4103512958116482,-0.13338367497613596
22.229960680007935,1.9974603144301735,0.01154064115917898,0.0018767197544893018,0.1524323059505376,0.0006630046849088251,0.0005734697778432769,0.00940624578315057,-5.275531767924002,-3.1832633499854954,-5.429296784854195e-05,-0.4140993380920216,-0.13444408635409744
22.234844207763672,1.9974603144301735,0.01154064115917898,0.0018767197544893018,0.15090798289103224,0.0006563746380597368,0.0005677350800648442,0.00940624578315057,-5.275531767924002,-3.1832633499854954,-5.375003817005653e-05,-0.4099583447111014,-0.13309964549055647
22.272826671600342,2.005110531780522,0.011525900521501375,0.001927003960586371,0.1514130614292208,0.0006463651069875673,0.0005581453032911499,0.009236827879567505,-5.261941805421202,-3.198618620011298,-4.9913935350068294e-05,-0.41103189821385694,-0.13331333164851655
22.278052806854248,2.005110531780522,0.011525900521501375,0.001927003960586371,0.1498989308149286,0.0006399014559176916,0.0005525638502582384,0.009236827879567505,-5.261941805421202,-3.198618620011298,-4.941479599656761e-05,-0.40692157923171834,-0.1319801983320314
22.293253660202026,2.008429697954353,0.011529789109866495,0.001979086906795975,0.15058360430827222,0.0006187579846039393,0.0005566027251663369,0.00915323600356293,-5.25509842275078,-3.206312193252829,-4.387945991275679e-05,-0.4093447923498523,-0.1325931794463288
22.298470497131348,2.008429697954353,0.011529789109866495,0.001979086906795975,0.1490777682651895,0.0006125704047578999,0.0005510366979146735,0.00915323600356293,-5.25509842275078,-3.206312193252829,-4.344066531362922e-05,-0.4052513444263538,-0.1312672476518655
22.317674160003662,2.0114061230485087,0.011531062273627601,0.0020328899743003977,0.1491370183675661,0.0005928621222742876,0.0005531586746110119,0.009070109251152548,-5.248250359269495,-3.213900186888274,-3.907785174217689e-05,-0.40629382035038175,-0.13149483975611034
22.32365083694458,2.0114061230485087,0.011531062273627601,0.0020328899743003977,0.14764564818389045,0.0005869335010515448,0.0005476270878649017,0.009070109251152548,-5.248250359269495,-3.213900186888274,-3.868707322475512e-05,-0.4022308821468779,-0.13017989135854924
22.336029291152954,2.015211873619935,0.011549434709685514,0.0021074905444101416,0.14924394532437055,0.0005569301535930188,0.0005689705525232213,0.008985441626966116,-5.241267938013856,-3.2215442812602038,-3.2425773409847676e-05,-0.4062094551172918,-0.13131604390949037
22.34114670753479,2.015211873619935,0.011549434709685514,0.0021074905444101416,0.14775150587112684,0.0005513608520570886,0.0005632808469979891,0.008985441626966116,-5.241267938013856,-3.2215442812602038,-3.2101515675749196e-05,-0.4021473605661189,-0.13000288347039546
22.377071619033813,2.0229295104477383,0.011557035964946233,0.002211697659594387,0.14842235946477272,0.0005346359975433215,0.0005646421153837842,0.008817513071019474,-5.227337196602405,-3.2366678739659513,-2.7857497705568125e-05,-0.40360696852557565,-0.13035179593826174
22.381990671157837,2.0229295104477383,0.011557035964946233,0.002211697659594387,0.146938135870125,0.0005292896375678883,0.0005589956942299464,0.008817513071019474,-5.227337196602405,-3.2366678739659513,-2.7578922728512443e-05,-0.3995708988403199,-0.12904827797887913
22.403407096862793,2.026352369937585,0.011553338520618817,0.0022563721079036326,0.14706705804692016,0.0005147357477188251,0.0005559391169174154,0.008733709940786394,-5.220354057519448,-3.244154056644818,-2.4109475511059824e-05,-0.40014895203456663,-0.12914804248490028
22.409224271774292,2.026352369937585,0.011553338520618817,0.0022563721079036326,0.14559638746645095,0.0005095883902416368,0.0005503797257482413,0.008733709940786394,-5.220354057519448,-3.244154056644818,-2.3868380755949226e-05,-0.39614746251422095,-0.12785656206005128
22.4348566532135,2.033187076675553,0.011540417960166032,0.002334995353634274,0.14680693951982293,0.0004910727014789789,0.000545739658171894,0.008562974159738793,-5.206106863496957,-3.2590937799096666,-1.8973103324951537e-05,-0.39988214575573877,-0.1289526439969368
22.439518213272095,2.033187076675553,0.011540417960166032,0.002334995353634274,0.1453388701246247,0.0004861619744641891,0.0005402822615901751,0.008562974159738793,-5.206106863496957,-3.2590937799096666,-1.878337229170202e-05,-0.3958833242981814,-0.1276631175569674
22.462554931640625,2.0371376494882467,0.011531101023671757,0.0023629827001493556,0.14560039916670325,0.0004777386903664974,0.0005315339489936986,0.008475973422223424,-5.198892239085821,-3.2665422721757977,-1.650709365640112e-05,-0.3962208232421597,-0.12773013641469547
22.468119144439697,2.0371376494882467,0.011531101023671757,0.0023629827001493556,0.14414439517503622,0.0004729613034628324,0.0005262186095037615,0.008475973422223424,-5.198892239085821,-3.2665422721757977,-1.6342022719837107e-05,-0.3922586150097381,-0.12645283505054852
22.478726625442505,2.04090199226121,0.011521091039808026,0.0023914145295535175,0.1462517501997322,0.00045924988813009964,0.0005140184585518768,0.008389138474432291,-5.191703580675731,-3.273895097309419,-1.2288913463616412e-05,-0.397585982388436,-0.12809025919096667
22.48370671272278,2.04090199226121,0.011521091039808026,0.0023914145295535175,0.14478923269773486,0.00045465738924879863,0.000508878273966358,0.008389138474432291,-5.191703580675731,-3.273895097309419,-1.2166024328980247e-05,-0.39361012256455163,-0.126809356599057
22.493684768676758,2.0442372399169106,0.011519082488612704,0.0024382009210738445,0.146684075275886,0.00042928933700456235,0.0005116081972884644,0.008301207722015338,-5.18442680222643,-3.2812854376071976,-8.310924315019948e-06,-0.39959143913277073,-0.1286549212154222
22.500280380249023,2.0442372399169106,0.011519082488612704,0.0024382009210738445,0.14521723452312715,0.00042499644363451673,0.0005064921153155798,0.008301207722015338,-5.18442680222643,-3.2812854376071976,-8.227815071869748e-06,-0.395595524741443,-0.12736837200326798
22.51832365989685,2.0472108775059485,0.011514437231329689,0.002485595888991467,0.1454132067757384,0.0004075734228037245,0.0005055239346751639,0.008212934657622769,-5.177139083208755,-3.2885581869774465,-6.566144955165819e-06,-0.39707393328987806,-0.12783552595958417
22.52429509162903,2.0472108775059485,0.011514437231329689,0.002485595888991467,0.14395907470798103,0.00040349768857568725,0.0005004686953284123,0.008212934657622769,-5.177139083208755,-3.2885581869774465,-6.50048350561416e-06,-0.3931031939569793,-0.12655717069998831
22.532753229141235,2.0509987741532445,0.011501194602574176,0.0025147673330841213,0.14699793092803884,0.000386249529792484,0.0004844219784783816,0.008122681981049013,-5.1697094929667085,-3.2958675197105882,-4.085964390192089e-06,-0.4008948339410409,-0.1290900859096833
22.53906512260437,2.0509987741532445,0.011501194602574176,0.0025147673330841213,0.14552795161875845,0.00038238703449455916,0.0004795777586935978,0.008122681981049013,-5.1697094929667085,-3.2958675197105882,-4.045104746290169e-06,-0.3968858856016305,-0.12779918505058646
22.554848670959473,2.0549529042421364,0.011497778052157253,0.0025625316157089823,0.14657798491259363,0.0003662387409739175,0.00047805437963226123,0.008032487044454438,-5.162319371338168,-3.3030589116235793,-3.3524013539283596e-06,-0.3991292347616203,-0.1285445359833021
22.559162616729736,2.0549529042421364,0.011497778052157253,0.0025625316157089823,0.1451122050634677,0.0003625763535641783,0.0004732738358359386,0.008032487044454438,-5.162319371338168,-3.3030589116235793,-3.3188773403890758e-06,-0.39513794241400413,-0.12725909062346907
22.598119020462036,2.0620498484763687,0.011476567423453071,0.0026517935501837097,0.1454829100804978,0.00034771655532059764,0.0004685540427876232,0.00784999789793338,-5.147427765823669,-3.317418979592316,-3.3698060100689996e-06,-0.3962402855944374,-0.12761824758461446
22.60488200187683,2.0620498484763687,0.011476567423453071,0.0026517935501837097,0.14402808097969283,0.0003442393897673917,0.000463868502359747,0.00784999789793338,-5.147427765823669,-3.317418979592316,-3.3361079499683095e-06,-0.392277882738493,-0.1263420651087683
22.617541313171387,2.064988169200568,0.011454588673546807,0.00268498526262092,0.14490891575829082,0.0003242007999605048,0.0004505445369501313,0.007757616005558965,-5.139851170041772,-3.3245710180898875,-3.7204759992913675e-06,-0.3961678804110406,-0.12766791809298858
22.630515098571777,2.064988169200568,0.011454588673546807,0.00268498526262092,0.1434598266007079,0.0003209587919608998,0.00044603909158063,0.007757616005558965,-5.139851170041772,-3.3245710180898875,-3.6832712392984537e-06,-0.3922062016069302,-0.1263912389120587
22.634479522705078,2.0688103278757377,0.011444120800841508,0.002729179049487284,0.15166665909234894,0.0002666085260281807,0.00043927022721268445,0.007665053361730744,-5.132274164553791,-3.331611349242644,-7.058479255837031e-06,-0.41301649036978616,-0.1334355765505261
22.64363694190979,2.0688103278757377,0.011444120800841508,0.002729179049487284,0.15014999250142544,0.0002639424407678989,0.0004348775249405576,0.007665053361730744,-5.132274164553791,-3.331611349242644,-6.987894463278661e-06,-0.4088863254660883,-0.13210122078502085
22.65779399871826,2.0727283731300883,0.011431118951735512,0.002769023659637901,0.15141610954131957,0.00024873667804546694,0.0004270912650692554,0.0075713531098514425,-5.124608866879056,-3.3386745184415934,-8.284457619368669e-06,-0.41177651737136994,-0.13312654458982645
22.663257837295532,2.0727283731300883,0.011431118951735512,0.002769023659637901,0.14990194844590637,0.0002462493112650123,0.00042282035241856283,0.0075713531098514425,-5.124608866879056,-3.3386745184415934,-8.201613043174982e-06,-0.40765875219765624,-0.1317952791439282
22.68165683746338,2.0764730514321963,0.011419945344597173,0.002814831683956162,0.1504382568782044,0.000231863943218892,0.0004183328088203344,0.007478335478610599,-5.116974899825878,-3.3456381254747383,-9.287102666218349e-06,-0.40890331034428384,-0.13227390213479293
22.686649560928345,2.0764730514321963,0.011419945344597173,0.002814831683956162,0.14893387430942234,0.00022954530378670307,0.000414149480732131,0.007478335478610599,-5.116974899825878,-3.3456381254747383,-9.194231639556164e-06,-0.404814277240841,-0.13095116311344498
22.706144094467163,2.07980506641716,0.01140380108577909,0.002857432656316254,0.1491537934460423,0.00021524852862300943,0.00040791831595958874,0.007384608921759315,-5.10926313002177,-3.352631252257617,-1.032759028384163e-05,-0.40582654256814127,-0.13134799523700516
22.721649885177612,2.0827920009496275,0.01138498792464705,0.0029003013839367805,0.14958865859805234,0.0001962668254535187,0.0004007554612356932,0.007292027083898334,-5.1015510732629155,-3.359507990360419,-1.1453955797907272e-05,-0.40807146502806235,-0.13219772359142345
22.726871728897095,2.0827920009496275,0.01138498792464705,0.0029003013839367805,0.14809277201207183,0.0001943041571989835,0.0003967479066233362,0.007292027083898334,-5.1015510732629155,-3.359507990360419,-1.1339416239928199e-05,-0.4039907503777817,-0.13087574635550922
22.735983848571777,2.0866160492039,0.011361368784460977,0.0029266879734033482,0.15080850854479683,0.0001783423708598751,0.0003733646675555185,0.007198927202296803,-5.093712472125505,-3.3664157015362637,-1.2928422195131241e-05,-0.41078883425047263,-0.1333110447592407
22.740760564804077,2.0866160492039,0.011361368784460977,0.0029266879734033482,0.14930042345934885,0.00017655894715127635,0.0003696310208799633,0.007198927202296803,-5.093712472125505,-3.3664157015362637,-1.2799137973179928e-05,-0.4066809459079679,-0.13197793431164828
22.760661363601685,2.0906323045460242,0.011338401021265274,0.0029533233368017487,0.14982555790626814,0.00016884999801744166,0.00035705085630507045,0.007107295894754602,-5.085937178220625,-3.3732087831102584,-1.3358875400174465e-05,-0.4075176519699802,-0.13235353025982263
22.766377210617065,2.0906323045460242,0.011338401021265274,0.0029533233368017487,0.14832730232720545,0.00016716149803726725,0.00035348034774201973,0.007107295894754602,-5.085937178220625,-3.3732087831102584,-1.322528664617272e-05,-0.4034424754502804,-0.1310299949572244
22.775874137878418,2.094430652786844,0.011320015155093795,0.0029914383675294035,0.1508436581432752,0.0001454814532099368,0.00034053211432741803,0.007015857946064406,-5.078129286599811,-3.3800460451069787,-1.427498051679621e-05,-0.40975422804969314,-0.13323975921544076
22.78023672103882,2.094430652786844,0.011320015155093795,0.0029914383675294035,0.14933522156184242,0.00014402663867783743,0.00033712679318414384,0.007015857946064406,-5.078129286599811,-3.3800460451069787,-1.4132230711628248e-05,-0.4056566857691962,-0.13190736162328634
22.820401906967163,2.1010076748589164,0.011268042568695038,0.0030556126628193962,0.1494793802552279,0.00013268227770020302,0.00032613996126702825,0.006834554598318427,-5.0624869316153465,-3.3935531203849365,-1.4598043650736588e-05,-0.4064709777066724,-0.13224747995957872
22.8257839679718,2.1010076748589164,0.011268042568695038,0.0030556126628193962,0.14798458645267562,0.000131355454923201,0.00032287856165435797,0.006834554598318427,-5.0624869316153465,-3.3935531203849365,-1.4452063214229222e-05,-0.40240626792960565,-0.13092500515998293
22.840084314346313,2.104983869732885,0.01124865920191973,0.003092112205218295,0.1492852698858275,0.0001178922095164972,0.00031212097193425935,0.006744554609946818,-5.054645551346639,-3.400223760855953,-1.497451604646549e-05,-0.40518907035018614,-0.13196028605489366
22.84514617919922,2.104983869732885,0.01124865920191973,0.003092112205218295,0.14779241718696923,0.00011671328742133222,0.00030899976221491674,0.006744554609946818,-5.054645551346639,-3.400223760855953,-1.4824770886000836e-05,-0.40113717964668427,-0.13064068319434471
22.862550020217896,2.1090684483681548,0.011224325179824314,0.0031188410274988845,0.14866143415002137,0.0001087189120686246,0.0002952223841583261,0.006654543174924435,-5.046748344442947,-3.4069267289024485,-1.5120805292003192e-05,-0.40275907007555184,-0.13125588220762094
22.868037939071655,2.1090684483681548,0.011224325179824314,0.0031188410274988845,0.14717481980852115,0.00010763172294793836,0.00029227016031674286,0.006654543174924435,-5.046748344442947,-3.4069267289024485,-1.496959723908316e-05,-0.3987314793747963,-0.12994332338554473
22.907158613204956,2.116507817126814,0.01117233120540012,0.003175722018452693,0.14760472419251286,9.875942357850694e-05,0.00028016010015868224,0.00647770287171167,-5.031041520748228,-3.420211250068918,-1.509767357116001e-05,-0.3997307946030542,-0.13031327688207597
22.915560007095337,2.116507817126814,0.01117233120540012,0.003175722018452693,0.14612867695058773,9.777182934272187e-05,0.0002773584991570954,0.00647770287171167,-5.031041520748228,-3.420211250068918,-1.494669683544841e-05,-0.3957334866570237,-0.1290101441132552
22.92251944541931,2.1196799862208504,0.011146565016109567,0.003210764076578778,0.1492255499108028,6.499084045764232e-05,0.00025517224513630423,0.006390746499351349,-5.02319600621327,-3.426778035085911,-1.4382943475104112e-05,-0.40570803366047553,-0.13241446567836773
22.93079686164856,2.1196799862208504,0.011146565016109567,0.003210764076578778,0.14773329441169478,6.43409320530659e-05,0.0002526205226849412,0.006390746499351349,-5.02319600621327,-3.426778035085911,-1.4239114040353072e-05,-0.4016509533238708,-0.13109032102158405
22.945841789245605,2.1236752419117213,0.011115018063785776,0.0032256661227160624,0.14891146734988955,5.939336848704725e-05,0.00023142310050892312,0.006303801254655913,-5.015243821434922,-3.433396212964252,-1.3458756279430147e-05,-0.4041539381954471,-0.13196758251041052
22.951011896133423,2.1236752419117213,0.011115018063785776,0.0032256661227160624,0.14742235267639064,5.879943480217678e-05,0.0002291088695038339,0.006303801254655913,-5.015243821434922,-3.433396212964252,-1.3324168716635846e-05,-0.40011239881349264,-0.1306479066853064
22.955403566360474,2.127843358676371,0.01108596932199561,0.003243100868271719,0.15543897105017918,4.3367620170985956e-05,0.00016824717340541327,0.006218425062147071,-5.007389496232081,-3.4399277447406496,-1.0894960200473517e-05,-0.4181914318190135,-0.13665961662558826
22.96065616607666,2.127843358676371,0.01108596932199561,0.003243100868271719,0.1538845813396774,4.2933943969276095e-05,0.00016656470167135913,0.006218425062147071,-5.007389496232081,-3.4399277447406496,-1.0786010598468781e-05,-0.4140095175008234,-0.13529302045933236
22.9774112701416,2.131771082034678,0.011061812417527779,0.003272186601807232,0.1546899407793084,3.420560138724956e-05,0.00015484965871842237,0.006133592772777829,-4.999523233748337,-3.446532452271461,-9.833434274107974e-06,-0.41570509537061423,-0.135818305937417
22.98426389694214,2.131771082034678,0.011061812417527779,0.003272186601807232,0.1531430413715153,3.3863545373377065e-05,0.00015330116213123815,0.006133592772777829,-4.999523233748337,-3.446532452271461,-9.735099931366895e-06,-0.41154804441690807,-0.13446012287804282
22.99754571914673,2.135372763088209,0.011035334389727359,0.0033010173473661665,0.15432336105843006,2.149851065032726e-05,0.0001384720390451625,0.006050076066609289,-4.991717217606753,-3.453065371704539,-8.415001643362804e-06,-0.4147328510551673,-0.13544897014600496
23.00110673904419,2.135372763088209,0.011035334389727359,0.0033010173473661665,0.15278012744784575,2.1283525543823987e-05,0.00013708731865471086,0.006050076066609289,-4.991717217606753,-3.453065371704539,-8.330851626929175e-06,-0.4105855225446156,-0.13409448044454492
23.027491331100464,2.1388508757554026,0.010999341836499395,0.0033146113161317435,0.15257053589637493,1.755904755429149e-05,0.00012429173256407934,0.005966256730227339,-4.983807743086517,-3.4596542670203316,-7.515255286662015e-06,-0.41019762358627704,-0.1339370280522507
23.033526182174683,2.1388508757554026,0.010999341836499395,0.0033146113161317435,0.15104483053741116,1.7383457078748575e-05,0.00012304881523843853,0.005966256730227339,-4.983807743086517,-3.4596542670203316,-7.440102733795395e-06,-0.40609564735041426,-0.1325976577717282
23.03739070892334,2.1430552440682566,0.01097382343982774,0.003341749377441694,0.1604137733242233,-1.3217625950655111e-05,7.205006271828033e-05,0.005884066744868176,-4.975944406536367,-3.4661656383638295,-7.189364223335567e-07,-0.4272190170322443,-0.13925329271146816
23.060593843460083,2.1472605266172686,0.010935638747399662,0.0033474926913420124,0.1606219598149024,-1.3640790698454579e-05,5.552015177649176e-05,0.005802246309367363,-4.968034272743915,-3.4727450237962625,5.845731694529725e-07,-0.4271824445202856,-0.13917339237071044
23.074084758758545,2.1472605266172686,0.010935638747399662,0.0033474926913420124,0.15901574021675338,-1.3504382791470034e-05,5.496495025872685e-05,0.005802246309367363,-4.968034272743915,-3.4727450237962625,5.787274377584428e-07,-0.42291062007508273,-0.13778165844700332
23.083778858184814,2.1512163704047147,0.010897201713625898,0.0033574754931376327,0.1615061532891194,-1.899488136988793e-05,1.8862250936204985e-05,0.005721772847771866,-4.960207735763408,-3.4792678884282786,3.665314726408184e-06,-0.42873589582106786,-0.139465398937207
23.089090824127197,2.1512163704047147,0.010897201713625898,0.0033574754931376327,0.1598910917562282,-1.880493255618905e-05,1.8673628426842935e-05,0.005721772847771866,-4.960207735763408,-3.4792678884282786,3.628661579144102e-06,-0.42444853686285716,-0.13807074494783492
23.125803232192993,2.159070875131064,0.010799934718517938,0.003428257804142092,0.16043164979731336,-3.372508086827885e-05,1.1839516131859345e-06,0.0055622344708675395,-4.944493161498288,-3.4923909265527326,5.133394484581985e-06,-0.42555321933613943,-0.1382673721779731
23.13045859336853,2.159070875131064,0.010799934718517938,0.003428257804142092,0.15882733329934023,-3.338783005959606e-05,1.1721120970540751e-06,0.0055622344708675395,-4.944493161498288,-3.4923909265527326,5.082060539736165e-06,-0.42129768714277804,-0.1368846984561934
23.14179754257202,2.163680229581122,0.01073306619017358,0.0034463732373797213,0.16130401432882518,-5.0100738616129804e-05,-4.578296361399758e-05,0.005482230009030414,-4.936585165176828,-3.499005553163294,7.129993261511416e-06,-0.4258197877653361,-0.13804031891120452
23.145560264587402,2.163680229581122,0.01073306619017358,0.0034463732373797213,0.15969097418553693,-4.959973122996851e-05,-4.53251339778576e-05,0.005482230009030414,-4.936585165176828,-3.499005553163294,7.058693328896302e-06,-0.4215615898876827,-0.1366599157220925
23.158881664276123,2.168121272242223,0.010671801528588131,0.00346477510267009,0.16142775001554172,-6.263282543848889e-05,-8.131143229158969e-05,0.005402120486067472,-4.928776492730079,-3.505593508745315,7.457654581051794e-06,-0.4247321050954307,-0.13735867763072052
23.16377592086792,2.168121272242223,0.010671801528588131,0.00346477510267009,0.1598134725153863,-6.2006497184104e-05,-8.049831796867378e-05,0.005402120486067472,-4.928776492730079,-3.505593508745315,7.383078035241275e-06,-0.42048478404447637,-0.13598509085441332
23.187731742858887,2.1720936358168457,0.01062231956061978,0.0034951579948829113,0.1598735327894047,-7.143030757860993e-05,-9.39709595611259e-05,0.005319958340294012,-4.920938511839584,-3.5122790221750546,6.629106254357139e-06,-0.420432266678539,-0.1357444813650368
23.19424057006836,2.1720936358168457,0.01062231956061978,0.0034951579948829113,0.15827479746151066,-7.071600450282383e-05,-9.303124996551463e-05,0.005319958340294012,-4.920938511839584,-3.5122790221750546,6.562815191813568e-06,-0.4162279440117536,-0.13438703655138642
23.203135013580322,2.1756115615726603,0.010577146780643334,0.003521781016043041,0.16064722006916685,-9.424833439534722e-05,-0.0001273124465155973,0.005235122121192835,-4.9131350629032715,-3.5189222343185285,6.126236237826581e-07,-0.4231986873290376,-0.13601344097113355
23.20895004272461,2.1756115615726603,0.010577146780643334,0.003521781016043041,0.15904074786847516,-9.330585105139375e-05,-0.00012603932205044132,0.005235122121192835,-4.9131350629032715,-3.5189222343185285,6.064973875448316e-07,-0.4189667004557472,-0.13465330656142221
23.227211952209473,2.1786229997618096,0.010529333891739904,0.003531720775816616,0.15909931666460136,-9.927730740983034e-05,-0.00014570401766815687,0.0051452489347794525,-4.905178128173687,-3.5256157903812047,-4.523112962321205e-06,-0.42027433548138865,-0.134790372637948
23.23290252685547,2.1786229997618096,0.010529333891739904,0.003531720775816616,0.15750832349795535,-9.828453433573204e-05,-0.0001442469774914753,0.0051452489347794525,-4.905178128173687,-3.5256157903812047,-4.477881832697993e-06,-0.41607159212657474,-0.13344246891156852
23.241718530654907,2.182497726055542,0.01049264998619991,0.0035527413940567867,0.1603283050049732,-0.00011177150630534603,-0.0001746752415322436,0.0050508825849834476,-4.897200964768486,-3.5322236590319167,-2.06356912076452e-05,-0.4232437208747267,-0.1352117368874543
23.24511432647705,2.182497726055542,0.01049264998619991,0.0035527413940567867,0.15872502195492347,-0.00011065379124229258,-0.00017292848911692115,0.0050508825849834476,-4.897200964768486,-3.5322236590319167,-2.0429334295568746e-05,-0.41901128366597945,-0.13385961951857975
23.259451627731323,2.186464193444237,0.010447750081390228,0.003555811909793381,0.1599042167642644,-0.00011126777123528278,-0.00019973854409620345,0.0049511171631830535,-4.889106345306954,-3.5388496429405047,-3.358199591446463e-05,-0.4218548971596582,-0.13446143498657093
23.26493549346924,2.186464193444237,0.010447750081390228,0.003555811909793381,0.15830517459662174,-0.00011015509352292995,-0.00019774115865524143,0.0049511171631830535,-4.889106345306954,-3.5388496429405047,-3.324617595531998e-05,-0.4176363481880616,-0.1331168206367052
23.286394596099854,2.190258092661211,0.010405710760635798,0.0035657911274071044,0.15849004722146667,-0.0001123465166261959,-0.000212440277816748,0.004846781054184663,-4.881017462180021,-3.5453947227460607,-4.4281761361243235e-05,-0.4181320222623216,-0.13308397476563413
23.291643381118774,2.190258092661211,0.010405710760635798,0.0035657911274071044,0.15690514674925202,-0.00011122305145993393,-0.00021031587503858053,0.004846781054184663,-4.881017462180021,-3.5453947227460607,-4.38389437476308e-05,-0.41395070203969836,-0.13175313501797778
23.299701690673828,2.193646793777349,0.010363051117761595,0.0035786032059493557,0.1595412298522993,-0.00012374841318099717,-0.0002505885697149659,0.004737166917895226,-4.872824369635831,-3.551924795022276,-7.973912481908519e-05,-0.4223247224609171,-0.13396676767134943
23.305346965789795,2.193646793777349,0.010363051117761595,0.0035786032059493557,0.1579458175537763,-0.0001225109290491872,-0.00024808268401781624,0.004737166917895226,-4.872824369635831,-3.551924795022276,-7.894173357089434e-05,-0.418101475236308,-0.13262709999463593
23.32503867149353,2.1967092858460653,0.010321552316883326,0.003596801003806718,0.15792155751412737,-0.00012929169250424703,-0.0002610856271519369,0.004622675078172579,-4.864590292621728,-3.5583571712684208,-9.562997020201115e-05,-0.4190176918001242,-0.13277612505896513
23.3309109210968,2.1967092858460653,0.010321552316883326,0.003596801003806718,0.1563423419389861,-0.00012799877557920455,-0.00025847477088041757,0.004622675078172579,-4.864590292621728,-3.5583571712684208,-9.467367049999104e-05,-0.414827514882123,-0.1314483638083755
23.3605740070343,2.204529235019997,0.010242984797839114,0.003620578694011976,0.15741512214616818,-0.00013131763006530987,-0.00027823027568778973,0.004379837140694058,-4.847832772685212,-3.571067606372197,-0.00012148324633128477,-0.4174777661893731,-0.13214908126744482
23.369752883911133,2.204529235019997,0.010242984797839114,0.003620578694011976,0.1558409709247065,-0.00013000445376465676,-0.00027544797293091184,0.004379837140694058,-4.847832772685212,-3.571067606372197,-0.00012026841386797192,-0.4133029885274794,-0.13082759045477038
23.381299257278442,2.2082477683859567,0.010204034320945505,0.0036342400142352505,0.15750302510580716,-0.00013624959940011642,-0.0003001587071412772,0.004255460508864157,-4.839403529416425,-3.577381442184616,-0.0001573660008971897,-0.4179095974409352,-0.13213187189993228
23.389610528945923,2.2082477683859567,0.010204034320945505,0.0036342400142352505,0.1559279948547491,-0.00013488710340611525,-0.0002971571200698644,0.004255460508864157,-4.839403529416425,-3.577381442184616,-0.0001557923408882178,-0.41373050146652585,-0.13081055318093296
23.393127918243408,2.2116407980566297,0.010162851311226668,0.0036461256896234483,0.1640149548579722,-0.0001606860208085491,-0.00038849064413511863,0.004136394869187374,-4.830992885940724,-3.583591768403936,-0.00026703724898335143,-0.4380437420241315,-0.1381146504863006
23.39825129508972,2.2116407980566297,0.010162851311226668,0.0036461256896234483,0.1623748053093925,-0.0001590791606004636,-0.00038460573769376745,0.004136394869187374,-4.830992885940724,-3.583591768403936,-0.00026436687649351794,-0.4336633046038902,-0.13673350398143758
23.419296503067017,2.21458687503826,0.010307287852166258,0.004030582909934821,0.16215184484767786,-0.0002587627805419021,-0.00026820656990024847,0.0040173269721362455,-4.822450978546033,-3.589791237780201,-0.0002797740906598232,-0.4341192810290241,-0.13684454259498
23.422690629959106,2.21458687503826,0.010307287852166258,0.004030582909934821,0.1605303263992011,-0.0002561751527364831,-0.00026552450420124597,0.0040173269721362455,-4.822450978546033,-3.589791237780201,-0.00027697634975322493,-0.42977808821873387,-0.1354760971690302
23.438390731811523,2.218395426341892,0.010406541453530637,0.004304306149980193,0.16135169833512286,-0.00034627530756695655,-0.00015963713010200498,0.003899436833400795,-4.813919092261978,-3.595877228563229,-0.00029756903486207907,-0.4318505629495603,-0.13611705831939333
23.45501470565796,2.2222869109606664,0.010437454113820093,0.004433842634664979,0.16207942180060844,-0.00038208613029944085,-0.00012164113311324061,0.003781826864953752,-4.805302156506424,-3.6019574929952043,-0.00031607007984788655,-0.43358385761295093,-0.13666004309688642
23.483044862747192,2.226000680448105,0.01044105601836822,0.004509510292396551,0.16178365312960977,-0.000391396926510541,-0.0001126410931263617,0.0036656360352267043,-4.796720987447444,-3.6079366245772477,-0.0003253545690664368,-0.4328049703917366,-0.13642127741478388
23.488077878952026,2.226000680448105,0.01044105601836822,0.004509510292396551,0.16016581659831367,-0.00038748295724543556,-0.00011151468219509809,0.0036656360352267043,-4.796720987447444,-3.6079366245772477,-0.00032210102337577244,-0.42847692068781923,-0.13505706464063605
23.493343353271484,2.2293028730633706,0.010448628448217527,0.004601129859798246,0.16483629984381853,-0.0004760748107517032,-5.1141927628898585e-05,0.0035515492999593653,-4.788057584950634,-3.6139067756433194,-0.00038007204680283446,-0.4432289528306229,-0.1397817658641317
23.49748945236206,2.2293028730633706,0.010448628448217527,0.004601129859798246,0.16318793684538035,-0.00047131406264418614,-5.06305083526096e-05,0.0035515492999593653,-4.788057584950634,-3.6139067756433194,-0.0003762713263348061,-0.4387966633023167,-0.13838394820549038
23.519386291503906,2.2337152979374433,0.01042692227683985,0.004629607970367334,0.1635711663750165,-0.0004704085672051903,-5.6813760824829895e-05,0.0034390767402741615,-4.779412609233287,-3.6197844465309235,-0.00038676227562031517,-0.43895435404216515,-0.13846015631956018
23.524085998535156,2.2337152979374433,0.01042692227683985,0.004629607970367334,0.16193545471126633,-0.0004657044815331384,-5.624562321658159e-05,0.0034390767402741615,-4.779412609233287,-3.6197844465309235,-0.000382894652864112,-0.4345648105017435,-0.13707555475636457
23.53564739227295,2.238323874719478,0.010395369349913263,0.0046480269062173715,0.16430224421672948,-0.0004641624245886393,-7.78805005574469e-05,0.003328474418448865,-4.770733735993626,-3.6256676255167446,-0.00040458863846766117,-0.43886299647931026,-0.13845043463770346
23.553818702697754,2.2427559261388375,0.01034512729377551,0.004643776316983528,0.1650981661492816,-0.00045650599656928565,-0.00010279963505306957,0.00321980255935855,-4.762118619880436,-3.631506503364088,-0.0004163754032023385,-0.43994071670688534,-0.13877614758789472
23.560216426849365,2.2427559261388375,0.01034512729377551,0.004643776316983528,0.16344718448778878,-0.00045194093660359276,-0.00010177163870253887,0.00321980255935855,-4.762118619880436,-3.631506503364088,-0.0004122116491703151,-0.43554130953981646,-0.1373883861120158
23.57318425178528,2.2467728451345663,0.01030831134148463,0.004686718766577089,0.1649103780851082,-0.0004673140296366355,-0.00011588113026112282,0.0031129403225863645,-4.753497584868264,-3.637363916405513,-0.00042924077632857754,-0.43886924096308766,-0.1383747862139135
23.57727289199829,2.2467728451345663,0.01030831134148463,0.004686718766577089,0.1632612743042571,-0.0004626408893402692,-0.0001147223189585116,0.0031129403225863645,-4.753497584868264,-3.637363916405513,-0.00042494836856529176,-0.4344805485534568,-0.13699103835177437
23.59696054458618,2.2503202803726214,0.010239502401579005,0.004681046365877971,0.16343042463167431,-0.0004599413011132774,-0.00014336729499930668,0.0030081259977520836,-4.744864210762765,-3.643167069244177,-0.00043389928105178445,-0.43518456961502244,-0.13718002180251845
23.601139783859253,2.2503202803726214,0.010239502401579005,0.004681046365877971,0.16179612038535757,-0.0004553418881021446,-0.0001419336220493136,0.0030081259977520836,-4.744864210762765,-3.643167069244177,-0.00042956028824126663,-0.43083272391887223,-0.13580822158449327
23.618316650390625,2.253703594299296,0.009465469585816838,0.003915713916357379,0.16214518518620782,-0.0002754244751744638,-0.0006240828144234616,0.0029107868586836965,-4.736138613912124,-3.64894379912148,-0.0004388601460020889,-0.43233915017423746,-0.13626863783533458
23.653385162353516,2.253703594299296,0.009465469585816838,0.003915713916357379,0.16052373333434575,-0.0002726702304227192,-0.000617841986279227,0.0029107868586836965,-4.736138613912124,-3.64894379912148,-0.00043447154454206803,-0.4280157586724951,-0.13490595145698123
23.658987998962402,2.2576938101902693,0.009058640286210378,0.0037438774773945827,0.16603786284212144,-0.0002693251753421296,-0.0012557221219812124,0.002815891554746292,-4.727355429729956,-3.6546427692406183,-0.00047261512990632145,-0.4415420797139691,-0.13922823660667255
23.66589665412903,2.2576938101902693,0.009058640286210378,0.0037438774773945827,0.16437748421370021,-0.0002666319235887083,-0.0012431649007614003,0.002815891554746292,-4.727355429729956,-3.6546427692406183,-0.00046788897860725823,-0.4371266589168294,-0.13783595424060582
23.67140817642212,2.2616404348240207,0.008665573490137113,0.003448332120776853,0.16989120070263705,-9.272047696409758e-05,-0.0019429768623209693,0.002710486054452639,-4.718491648204911,-3.660313089636906,-0.0005299711818234482,-0.450932696967078,-0.1422973455084645
23.679306983947754,2.2616404348240207,0.008665573490137113,0.003448332120776853,0.16819228869561068,-9.17932721944566e-05,-0.0019235470936977597,0.002710486054452639,-4.718491648204911,-3.660313089636906,-0.0005246714700052137,-0.4464233699974072,-0.14087437205337985
23.684274673461914,2.265342491828448,0.00837186837237245,0.0032098583722894843,0.17395994376654478,8.208618774886885e-05,-0.0025085919704136653,0.0025918900417178235,-4.7095995964311745,-3.6659156974522262,-0.0006243618069760606,-0.46208204131161323,-0.14600107143416594
23.689355611801147,2.265342491828448,0.00837186837237245,0.0032098583722894843,0.17222034432887934,8.126532587138016e-05,-0.0024835060507095285,0.0025918900417178235,-4.7095995964311745,-3.6659156974522262,-0.0006181181889063,-0.4574612208984971,-0.14454106071982428
23.69828152656555,2.268616450358847,0.008157650167783664,0.002988578607725005,0.1741648092125391,0.0001911812939373683,-0.0027226983153754575,0.0024565152921631928,-4.7006306942289235,-3.671480041489215,-0.0006904206080553922,-0.4641203554035124,-0.14678984326074762
23.70360040664673,2.268616450358847,0.008157650167783664,0.002988578607725005,0.1724231611204137,0.0001892694809979946,-0.002695471332221703,0.0024565152921631928,-4.7006306942289235,-3.671480041489215,-0.0006835164019748383,-0.45947915184947724,-0.14532194482814015
23.7240149974823,2.271502299684749,0.007824463163340014,0.0027916483017901847,0.1721119796600046,0.00020680017550713745,-0.0028216213423605434,0.002303900814564282,-4.691611297281103,-3.6769555058383467,-0.0007206154112476314,-0.4597834568178122,-0.14551677605209615
23.729278326034546,2.271502299684749,0.007824463163340014,0.0027916483017901847,0.17039085986340455,0.00020473217375206607,-0.002793405128936938,0.002303900814564282,-4.691611297281103,-3.6769555058383467,-0.0007134092571351551,-0.45518562224963405,-0.1440616082915752
23.74085283279419,2.27511976225105,0.007617957995903795,0.0026469887116462158,0.17181164048011133,0.00024304408820813474,-0.0029418254042663248,0.0021309092889437355,-4.682462804729742,-3.68237911084184,-0.0008021467775160583,-0.4593231770857463,-0.14561054666395692
23.747740745544434,2.27511976225105,0.007617957995903795,0.0026469887116462158,0.17009352407531023,0.0002406136473260534,-0.0029124071502236613,0.0021309092889437355,-4.682462804729742,-3.68237911084184,-0.0007941253097408977,-0.45472994531488886,-0.14415444119731735
23.75781273841858,2.2788884195644097,0.0074765216898977985,0.002494200604016825,0.1721336046164288,0.00031245708206260333,-0.0030418303906195924,0.0019372025504213696,-4.673357074987075,-3.687719344541469,-0.0009183998703048664,-0.4600907946225924,-0.14613242874816404
23.768997192382812,2.2788884195644097,0.0074765216898977985,0.002494200604016825,0.1704122685702645,0.0003093325112419773,-0.003011412086713396,0.0019372025504213696,-4.673357074987075,-3.687719344541469,-0.0009092158716018177,-0.4554898866763665,-0.1446711044606824
23.77422595024109,2.282425658484378,0.007359116497046412,0.0022888847185288832,0.1754715463080187,0.000535770208376033,-0.003285698334438218,0.0017212088190647061,-4.664213605638384,-3.6930617257147373,-0.0011987110957102334,-0.47009435898652896,-0.14979588371385974
23.778177738189697,2.282425658484378,0.007359116497046412,0.0022888847185288832,0.17371683084493852,0.0005304125062922726,-0.003252841351093836,0.0017212088190647061,-4.664213605638384,-3.6930617257147373,-0.001186723984753131,-0.4653934153966637,-0.14829792487672114
23.795165300369263,2.2856827510352073,0.007293408394197068,0.0021293010051954635,0.17389665281847264,0.0005857981559580258,-0.0032826449968279886,0.0014915901072927813,-4.655106956173995,-3.698324169402242,-0.0012752458086925645,-0.4665935699722235,-0.14883292542085946
23.798991203308105,2.2856827510352073,0.007293408394197068,0.0021293010051954635,0.1721576862902879,0.0005799401743984455,-0.003249818546859709,0.0014915901072927813,-4.655106956173995,-3.698324169402242,-0.0012624933506056389,-0.4619276342725013,-0.14734459616665085
23.824137449264526,2.2885464954108015,0.0073039104901104785,0.002082487738289066,0.17157488838019966,0.0005921975441322922,-0.003222363959358488,0.0012500098055757182,-4.645899313049634,-3.7035649487060933,-0.001322188354293284,-0.4612869264989242,-0.14725900282112944
23.82923197746277,2.2885464954108015,0.0073039104901104785,0.002082487738289066,0.16985913949639767,0.0005862755686909692,-0.003190140319764903,0.0012500098055757182,-4.645899313049634,-3.7035649487060933,-0.001308966470750351,-0.45667405723393495,-0.14578641279291815
23.83387780189514,2.292245005215791,0.0072959331043511,0.001981266660319097,0.1761207642526928,0.0007547519451929479,-0.003255852886154806,0.0010024516045739136,-4.636724163512339,-3.708714804136102,-0.0017009544223062735,-0.47347649753403503,-0.1518375872162414
23.841695308685303,2.292245005215791,0.0072959331043511,0.001981266660319097,0.17435955661016586,0.0007472044257410184,-0.0032232943572932577,0.0010024516045739136,-4.636724163512339,-3.708714804136102,-0.0016839448780832107,-0.46874173255869467,-0.150319211344079
23.856958627700806,2.2960022032079035,0.007323478348802871,0.0019747497260635214,0.17507754458728914,0.0007555400882538236,-0.003183636185888255,0.0007513846142758718,-4.627491785475279,-3.7138553447303306,-0.0017923880740793048,-0.47058748792843225,-0.1511092703427352
23.86412286758423,2.2960022032079035,0.007323478348802871,0.0019747497260635214,0.17332676914141623,0.0007479846873712854,-0.0031517998240293723,0.0007513846142758718,-4.627491785475279,-3.7138553447303306,-0.0017744641933385118,-0.46588161304914794,-0.14959817763930783
23.882829904556274,2.2995655416514396,0.0073451387413453785,0.00198609647032568,0.1734983344453639,0.0007451681217078839,-0.0031132180774278355,0.0005054107850593565,-4.618325234995215,-3.718915539202032,-0.0018564196644299754,-0.46650444634761995,-0.1499566280288421
23.88885807991028,2.2995655416514396,0.0073451387413453785,0.00198609647032568,0.17176335110091026,0.0007377164404908051,-0.003082085896653557,0.0005054107850593565,-4.618325234995215,-3.718915539202032,-0.0018378554677856756,-0.46183940188414374,-0.1484570617485537
23.89844799041748,2.3027225446406128,0.0073520708788000965,0.0020024508359617874,0.17333775837690638,0.0007295008955771895,-0.0030461943539827657,0.00026428969340328847,-4.6091233830756515,-3.7239710258294303,-0.002008715408115612,-0.46755621272186804,-0.1505880355514395
23.903672695159912,2.3027225446406128,0.0073520708788000965,0.0020024508359617874,0.1716043807931373,0.0007222058866214175,-0.003015732410442938,0.00026428969340328847,-4.6091233830756515,-3.7239710258294303,-0.001988628254034456,-0.46288065059464933,-0.1490821551959251
23.93363666534424,2.305549917725085,0.007351378516818871,0.0020376269465623396,0.1708319546849121,0.000709043359434087,-0.00298357802080579,3.106315662305045e-05,-4.599941577267612,-3.7289211361849692,-0.002026776348518341,-0.46153227220647763,-0.14875772961949324
23.943493127822876,2.305549917725085,0.007351378516818871,0.0020376269465623396,0.16912363513806297,0.0007019529258397462,-0.002953742240597732,3.106315662305045e-05,-4.599941577267612,-3.7289211361849692,-0.0020065085850331575,-0.45691694948441286,-0.1472701523232983
23.94801425933838,2.309293892527297,0.007371635040432814,0.0021253495367704813,0.17571402913919532,0.0005920895902356715,-0.0028435258179388386,-0.00019699458075111149,-4.59071651641455,-3.73384822815026,-0.0023590511219860923,-0.47414442316659144,-0.15355133960467068
23.954602479934692,2.3132624872411602,0.007379466016621102,0.0021921135200875866,0.1799809332935194,0.0005337002682175203,-0.002784213098279096,-0.0004200299033242859,-4.58157015262134,-3.738706362575325,-0.0025844480300380003,-0.48422388648263603,-0.15726023201090908
23.975078344345093,2.317153437833043,0.00740974323693557,0.002314516822207107,0.18008157128795732,0.0004952278031410204,-0.002729802418147872,-0.000639106922520715,-4.572487129482283,-3.743552226821071,-0.002636937838674305,-0.4841314705473453,-0.15733783785185684
23.980581998825073,2.317153437833043,0.00740974323693557,0.002314516822207107,0.17828075557507775,0.0004902755251096102,-0.0027025043939663935,-0.000639106922520715,-4.572487129482283,-3.743552226821071,-0.002610568460287562,-0.47929015584187185,-0.15576445947333828
23.997556686401367,2.32070046241465,0.007420615090012849,0.0023927467123011515,0.17858767638924336,0.00046011049174853047,-0.0026596630216990445,-0.0008533670909849928,-4.5634185526530775,-3.7483498008727447,-0.0026762145676519308,-0.48020716067814745,-0.1561902152107887
24.003600120544434,2.32070046241465,0.007420615090012849,0.0023927467123011515,0.17680179962535092,0.00045550938683104516,-0.002633066391482054,-0.0008533670909849928,-4.5634185526530775,-3.7483498008727447,-0.0026494524219754113,-0.47540508907136597,-0.15462831305868083
24.024949312210083,2.3244816436887525,0.0077359825676682455,0.0021114237846186945,0.17680470719052654,0.0005980997680221963,-0.0025441512558609185,-0.0010574589743780778,-4.554413012984922,-3.753116036758761,-0.0026901120247480666,-0.4751659921857064,-0.15463033244354424
24.03060507774353,2.3244816436887525,0.0077359825676682455,0.0021114237846186945,0.1750366601186213,0.0005921187703419743,-0.0025187097433023095,-0.0010574589743780778,-4.554413012984922,-3.753116036758761,-0.002663210904500586,-0.4704143322638493,-0.1530840291191088
24.042733669281006,2.328835465580632,0.008068578310551328,0.0022171106765081325,0.17687670595957003,0.0006196214829403629,-0.0022741047229881623,-0.0012587793202676737,-4.545438756701012,-3.7578738700511085,-0.002750620644079207,-0.4736466167873876,-0.15422997984257408
24.048065662384033,2.328835465580632,0.008068578310551328,0.0022171106765081325,0.17510793889997434,0.0006134252681109593,-0.0022513636757582806,-0.0012587793202676737,-4.545438756701012,-3.7578738700511085,-0.002723114437638415,-0.46891015061951374,-0.15268768004414834
24.062801837921143,2.333145240440568,0.00827664467047602,0.002190239929938165,0.17628164150634476,0.0006734706318383359,-0.00213773316171368,-0.001464507158617485,-4.536566907311658,-3.7626386803268095,-0.0027921299636372385,-0.47071801271353536,-0.15328224656067246
24.06677770614624,2.333145240440568,0.00827664467047602,0.002190239929938165,0.1745188250912813,0.0006667359255199526,-0.002116355830096543,-0.001464507158617485,-4.536566907311658,-3.7626386803268095,-0.002764208664000866,-0.4660108325864,-0.15174942409506573
24.085237503051758,2.3371448581350447,0.008400538503677168,0.0020426027623804397,0.17494014497822125,0.0007455354441211009,-0.002075531438003861,-0.001672700281317277,-4.527732995865725,-3.767430429603074,-0.002814323506776055,-0.46654016231506307,-0.1518797592942867
24.0985689163208,2.3406401898810416,0.008581393341335527,0.002032529413735851,0.17581282556913824,0.000793518919205605,-0.001964115211246624,-0.001877101278728668,-4.518955341387973,-3.7722391125657415,-0.0028902708387506517,-0.469048172717198,-0.1525784051074928
24.116260290145874,2.3406401898810416,0.008581393341335527,0.002032529413735851,0.17405469731344686,0.0007855837300135489,-0.001944474059134158,-0.001877101278728668,-4.518955341387973,-3.7722391125657415,-0.002861368130363145,-0.46435769099002605,-0.15105262105641787
24.12506604194641,2.343964381375986,0.008947461723233376,0.0019530873097334679,0.1760896600021703,0.0009824571303732905,-0.0016594227006110482,-0.002088452467485747,-4.5101738203305395,-3.7770397113598904,-0.002994984405444578,-0.4705819467376036,-0.152872642166484
24.128856897354126,2.343964381375986,0.008947461723233376,0.0019530873097334679,0.1743287634021486,0.0009726325590695575,-0.0016428284736049376,-0.002088452467485747,-4.5101738203305395,-3.7770397113598904,-0.0029650345613901324,-0.4658761272702276,-0.15134391574481915
24.154544591903687,2.352001419407319,0.009485100423361235,0.0015021847244012859,0.17571406259628658,0.0011638576466103969,-0.0015353382459663831,-0.002541801607300488,-4.492537228074388,-3.7866354106123015,-0.003054935809174714,-0.4687052499227644,-0.15207579349539463
24.158738136291504,2.352001419407319,0.009485100423361235,0.0015021847244012859,0.17395692197032372,0.0011522190701442928,-0.0015199848635067193,-0.002541801607300488,-4.492537228074388,-3.7866354106123015,-0.003024386451082967,-0.4640181974235368,-0.15055503556044067
24.177892684936523,2.355769509039457,0.009792439801200056,0.0014473599450686404,0.17418482163059518,0.0012162689437517388,-0.001402125012845516,-0.0027798521028423494,-4.483729874008945,-3.791485214776829,-0.003079007244250297,-0.4644197703241362,-0.1505129353576719
24.18387460708618,2.355769509039457,0.009792439801200056,0.0014473599450686404,0.1724429734142892,0.0012041062543142215,-0.0013881037627170609,-0.0027798521028423494,-4.483729874008945,-3.791485214776829,-0.003048217171807794,-0.45977557262089486,-0.1490078060040952
24.195778846740723,2.3591937740610742,0.010085591726878684,0.001435951517746233,0.17359560064579166,0.001282546042447578,-0.0012062322781718746,-0.003021176485565727,-4.474950434487288,-3.7962962408986525,-0.003155421362787607,-0.4632587360664774,-0.14985129124893792
24.200381755828857,2.3591937740610742,0.010085591726878684,0.001435951517746233,0.17185964463933373,0.0012697205820231022,-0.0011941699553901558,-0.003021176485565727,-4.474950434487288,-3.7962962408986525,-0.003123867149159731,-0.4586261487058126,-0.14835277833644855
24.215526580810547,2.362168255898689,0.010306263267610291,0.0013439098671640028,0.17210521146257773,0.0013512925728027868,-0.0011001220295317115,-0.003261149246158395,-4.4660471212444905,-3.8011088140056764,-0.0031981797920343055,-0.46045604655479583,-0.14874134437443337
24.219602584838867,2.362168255898689,0.010306263267610291,0.0013439098671640028,0.17038415934795195,0.0013377796470747589,-0.0010891208092363943,-0.003261149246158395,-4.4660471212444905,-3.8011088140056764,-0.0031661979941139625,-0.45585148608924786,-0.14725393093068903
24.242446184158325,2.3660112517339367,0.010501167655691916,0.0013780572189040553,0.17036288412791084,0.0013447986600236951,-0.0010166657337826537,-0.003491937151581123,-4.457157060559344,-3.8058505422813513,-0.003199992034871421,-0.4555256131362067,-0.14702426427031776
24.246310710906982,2.3660112517339367,0.010501167655691916,0.0013780572189040553,0.16865925528663173,0.001331350673423458,-0.0010064990764448271,-0.003491937151581123,-4.457157060559344,-3.8058505422813513,-0.0031679921145227065,-0.4509703570048446,-0.14555402162761458
24.253760814666748,2.3699664644279768,0.010667713123245874,0.0015133790943005056,0.1722827947655473,0.001271497065408765,-0.0007958063979122748,-0.0037181204812484717,-4.448216987780747,-3.810606928028149,-0.0033287876986638544,-0.45951560627865456,-0.14789073999022878
24.257107496261597,2.3699664644279768,0.010667713123245874,0.0015133790943005056,0.17055996681789184,0.0012587820947546772,-0.000787848333933152,-0.0037181204812484717,-4.448216987780747,-3.810606928028149,-0.0032954998216772158,-0.454920450215868,-0.1464118325903265
24.278746843338013,2.3737564082963862,0.011110900237313506,0.0024823608595856573,0.17060804846974562,0.000988681306725669,-0.0005050151604912311,-0.003943984360170599,-4.439307461791334,-3.8153128911695084,-0.003327630976562582,-0.45484444651096134,-0.1462433068603705
24.283740520477295,2.3737564082963862,0.011110900237313506,0.0024823608595856573,0.16890196798504817,0.0009787944936584124,-0.0004999650088863188,-0.003943984360170599,-4.439307461791334,-3.8153128911695084,-0.003294354666796956,-0.45029600204585174,-0.14478087379176677
24.31833791732788,2.3801782513476435,0.011249778155277874,0.0028797972656494663,0.1690696653918436,0.0009051991738966354,-0.0004372762477698483,-0.004409684079666983,-4.4213633210517225,-3.8246465129959097,-0.0033462531102292936,-0.45140954707192443,-0.144959165048359
24.324146509170532,2.3801782513476435,0.011249778155277874,0.0028797972656494663,0.16737896873792515,0.000896147182157669,-0.00043290348529214983,-0.004409684079666983,-4.4213633210517225,-3.8246465129959097,-0.0033127905791270006,-0.4468954516012052,-0.14350957339787543
24.337367296218872,2.3839699498982503,0.011379694139015665,0.0034208935379350354,0.1685751423908446,0.0006316184368741205,-0.0002462741650974976,-0.004638405651004097,-4.41224860589668,-3.829247441177594,-0.003386249168823554,-0.44982751366487356,-0.14428464307863942
24.342697143554688,2.3839699498982503,0.011379694139015665,0.0034208935379350354,0.16688939096693614,0.0006253022525053792,-0.00024381142344652264,-0.004638405651004097,-4.41224860589668,-3.829247441177594,-0.0033523866771353185,-0.4453292385282248,-0.14284179664785301
24.36116933822632,2.38788727058709,0.011248182607500141,0.0033840764901616077,0.16734086223987046,0.000622374905349921,-0.0003037854007917148,-0.004864071566399077,-4.4031910844919855,-3.833761989447147,-0.0033944402921873584,-0.4461245078725581,-0.14298735994800468
24.364582300186157,2.38788727058709,0.011248182607500141,0.0033840764901616077,0.16566745361747176,0.0006161511562964218,-0.00030074754678379763,-0.004864071566399077,-4.4031910844919855,-3.833761989447147,-0.003360495889265485,-0.4416632627938325,-0.14155748634852464
24.37743902206421,2.391518333884567,0.011222523184077893,0.0036704083777863196,0.16683593019210935,0.0004555243535648354,-0.00025517735499787516,-0.00508119681603916,-4.39405844913892,-3.838288057887865,-0.0034287068013711575,-0.44484457586149684,-0.1424092280217347
24.381438732147217,2.391518333884567,0.011222523184077893,0.0036704083777863196,0.16516757089018824,0.00045096911002918705,-0.0002526255814478964,-0.00508119681603916,-4.39405844913892,-3.838288057887865,-0.003394419733357446,-0.44039613010288187,-0.14098513574151736
24.395754098892212,2.394804774013399,0.010897061819519197,0.0032098643854787928,0.16580967684711953,0.0006247244833588538,-0.0005115057927195353,-0.00528304728767075,-4.38495217410406,-3.842714444647286,-0.00344312318032934,-0.44276168861003673,-0.1416276403366642
24.399053812026978,2.394804774013399,0.010897061819519197,0.0032098643854787928,0.16415158007864833,0.0006184772385252653,-0.0005063907347923399,-0.00528304728767075,-4.38495217410406,-3.842714444647286,-0.003408691948526047,-0.43833407172393635,-0.14021136393329756
24.418165922164917,2.398672903438912,0.010626716847775058,0.0037139192940036014,0.16453477035041308,0.0003899837818310618,-0.0005336282084346055,-0.005453173025215899,-4.375757539415322,-3.8471470504778176,-0.003420852984356072,-0.43906326429622233,-0.14035569372067044
24.422637462615967,2.398672903438912,0.010626716847775058,0.0037139192940036014,0.16288942264690895,0.00038608394401275117,-0.0005282919263502594,-0.005453173025215899,-4.375757539415322,-3.8471470504778176,-0.0033866444545125112,-0.4346726316532601,-0.13895213678346374
24.445035696029663,2.402957900310217,0.009904012086178936,0.0027613639446757605,0.16317119120621737,0.0006071265102160999,-0.0008801897729551982,-0.005603554642056007,-4.3666255584244915,-3.8515173318468072,-0.003386018554594015,-0.4346544901885981,-0.13886513755929208
24.449979305267334,2.402957900310217,0.009904012086178936,0.0027613639446757605,0.16153947929415519,0.0006010552451139389,-0.0008713878752256462,-0.005603554642056007,-4.3666255584244915,-3.8515173318468072,-0.0033521583690480747,-0.4303079452867121,-0.13747648618369918
24.458730936050415,2.407138891033023,0.00981111548992375,0.003253694657469243,0.16470336442855305,0.0001766545353361432,-0.0007922532391295539,-0.005725607132811013,-4.357481752824029,-3.855931781053922,-0.00337254048444864,-0.43714057110769305,-0.13936042378134192
24.46356773376465,2.407138891033023,0.00981111548992375,0.003253694657469243,0.1630563307842675,0.00017488798998278177,-0.0007843307067382583,-0.005725607132811013,-4.357481752824029,-3.855931781053922,-0.0033388150796041533,-0.43276916539661614,-0.1379668195435285
24.479771614074707,2.4110009353143984,0.008999320032566366,0.0016573717948421623,0.16380459420730487,0.0007555076478949829,-0.0014175048679670268,-0.00583817446409625,-4.348372136971688,-3.860321881981603,-0.003332204484917275,-0.43443678111169276,-0.13832096425947552
24.48804020881653,2.4110009353143984,0.008999320032566366,0.0016573717948421623,0.1621665482652318,0.0007479525714160331,-0.0014033298192873565,-0.00583817446409625,-4.348372136971688,-3.860321881981603,-0.003298882440068102,-0.43009241330057585,-0.13693775461688076
24.507516622543335,2.4144555777893277,0.00914221935196155,0.0023914261286168198,0.1623200301302032,0.0004939013014823486,-0.0012359143798586348,-0.005938762052115175,-4.339247350731745,-3.864731726036927,-0.003281680341074297,-0.43079690232876605,-0.13699122162540375
24.51866841316223,2.4144555777893277,0.00914221935196155,0.0023914261286168198,0.16069682982890118,0.000488962288467525,-0.0012235552360600485,-0.005938762052115175,-4.339247350731745,-3.864731726036927,-0.003248863537663554,-0.4264889333054784,-0.1356213094091497
24.524699687957764,2.418958913808137,0.009283091316153728,0.0019553957460616976,0.16655444715324488,0.0010967417279795855,-0.0012563894980816071,-0.006048672868979527,-4.330082100585464,-3.8691181763279956,-0.0032802523398766433,-0.43843301626757325,-0.13886045010652523
24.529367923736572,2.418958913808137,0.009283091316153728,0.0019553957460616976,0.16488890268171244,0.0010857743106997895,-0.001243825603100791,-0.006048672868979527,-4.330082100585464,-3.8691181763279956,-0.003247449816477877,-0.4340486861048975,-0.13747184560545997
24.561313152313232,2.4281526768342157,0.009358853915160574,0.00127353605729618,0.16611731623785161,0.0012452021891973348,-0.0012787828220831745,-0.006245907985441043,-4.311707638914684,-3.8779318695249083,-0.003231391324785852,-0.435863141440484,-0.13777529874805391
24.571407079696655,2.4281526768342157,0.009358853915160574,0.00127353605729618,0.1644561430754731,0.0012327501673053615,-0.0012659949938623428,-0.006245907985441043,-4.311707638914684,-3.8779318695249083,-0.0031990774115379936,-0.43150451002607915,-0.13639754576057336
24.576080322265625,2.432236448045259,0.009659041790052156,0.001869115053039048,0.17155585228887554,0.0005004579640248186,-0.0004670188150779173,-0.0063311082865296926,-4.302496987740267,-3.882368053574712,-0.0031901477187590184,-0.4483283379059282,-0.14066834439333
24.58235192298889,2.432236448045259,0.009659041790052156,0.001869115053039048,0.16984029376598678,0.0004954533843845704,-0.00046234862692713815,-0.0063311082865296926,-4.302496987740267,-3.882368053574712,-0.003158246241571428,-0.4438450545268689,-0.1392616609493967
24.608953952789307,2.4358792350140592,0.009890760896212927,0.00236590756311283,0.16951210112187642,0.00038362154321106587,-0.00034798001424666294,-0.006416628616614778,-4.293206762764969,-3.8867782631365246,-0.0031301075741769213,-0.443140137365633,-0.13887221987060294
24.618125915527344,2.4358792350140592,0.009890760896212927,0.00236590756311283,0.16781698011065765,0.00037978532777895523,-0.0003445002141041963,-0.006416628616614778,-4.293206762764969,-3.8867782631365246,-0.003098806498435152,-0.4387087359919767,-0.1374834976718969
24.62491774559021,2.4390417199443872,0.010000285390425369,0.002500742569271544,0.17079615548168284,0.0002926079566979632,-0.00018206901981724795,-0.006498906714684754,-4.2837781878625805,-3.8911158183445624,-0.003074029308989569,-0.44904369831616897,-0.14020484446743547
24.628937005996704,2.4390417199443872,0.010000285390425369,0.002500742569271544,0.169088193926866,0.0002896818771309836,-0.00018024832961907546,-0.006498906714684754,-4.2837781878625805,-3.8911158183445624,-0.0030432890158996733,-0.44455326133300727,-0.1388027960227611
24.635191202163696,2.442942167618321,0.010184798365056143,0.0028642260314497236,0.17363662738085123,-3.146634514821384e-05,0.00017470094279967074,-0.006579134626017465,-4.27426606604831,-3.8953836172093226,-0.003013531480395815,-0.4561430964929288,-0.1419719897141686
24.662982940673828,2.446870132181053,0.010318305564997087,0.0031137634595400825,0.1733140572945964,-7.781443036875253e-05,0.00022822801023652525,-0.006653688224294071,-4.264617140748072,-3.899577729918629,-0.0029808269185511932,-0.45521506092924596,-0.14161550506266737
24.667056798934937,2.446870132181053,0.010318305564997087,0.0031137634595400825,0.17158091672165043,-7.7036286065065e-05,0.00022594573013416,-0.006653688224294071,-4.264617140748072,-3.899577729918629,-0.002951018649365681,-0.4506629103199535,-0.1401993500120407
24.674734830856323,2.450610719505617,0.010381681039219954,0.0032156312646841267,0.17473755480106665,-0.0001308328538700744,0.00030770996636787155,-0.006726152488810696,-4.254917738424762,-3.9036819770063045,-0.002908551946200301,-0.45929823526067315,-0.1427287447358938
24.677802801132202,2.450610719505617,0.010381681039219954,0.0032156312646841267,0.172990179253056,-0.00012952452533137365,0.00030463286670419284,-0.006726152488810696,-4.254917738424762,-3.9036819770063045,-0.0028794664267382977,-0.4547052529080664,-0.14130145728853488
24.6963210105896,2.4539871629004146,0.010474732897564645,0.0034639433117434303,0.17308421642671468,-0.00020453470340185004,0.00036890148729184244,-0.006797142578776284,-4.245101269585953,-3.907684477404214,-0.0028436980084419,-0.45562657234537585,-0.14158264637961754
24.70079803466797,2.4539871629004146,0.010474732897564645,0.0034639433117434303,0.17135337426244754,-0.00020248935636783154,0.00036521247241892403,-0.006797142578776284,-4.245101269585953,-3.907684477404214,-0.0028152610283574808,-0.4510703066219221,-0.14016681991582136
24.716806888580322,2.4572866400187863,0.010783929298364326,0.004466413778527655,0.17170394386874896,-0.0005939420148614336,0.0006586162700459241,-0.006874550948225079,-4.235219826296681,-3.91157817635485,-0.0027813901935904986,-0.45288007649723333,-0.14078237498637847
24.724382877349854,2.4572866400187863,0.010783929298364326,0.004466413778527655,0.16998690443006148,-0.0005880025947128193,0.0006520301073454648,-0.006874550948225079,-4.235219826296681,-3.91157817635485,-0.0027535762916545935,-0.44835127573226097,-0.13937455123651468
24.742554664611816,2.4611095526594298,0.01089743808276928,0.005062604288298847,0.17039239618595364,-0.0007932071854351287,0.0007710885512674911,-0.006962404280766568,-4.225218896831276,-3.915369505230691,-0.0027257678946984174,-0.44945838330800614,-0.13982181805914815
24.756014347076416,2.4611095526594298,0.01089743808276928,0.005062604288298847,0.1686884722240941,-0.0007852751135807774,0.0007633776657548163,-0.006962404280766568,-4.225218896831276,-3.915369505230691,-0.002698510215751433,-0.4449637994749261,-0.13842359987855665
24.761374711990356,2.4649410262881997,0.010976742558155367,0.005619188149375558,0.1741545073432099,-0.0014546059838729903,0.001115801342616133,-0.007064654561753128,-4.215227372847758,-3.9190769561888485,-0.002696717192697693,-0.45937880327960806,-0.14331899724533098
24.766091346740723,2.4649410262881997,0.010976742558155367,0.005619188149375558,0.1724129622697778,-0.0014400599240342604,0.0011046433291899717,-0.007064654561753128,-4.215227372847758,-3.9190769561888485,-0.0026697500207707157,-0.454785015246812,-0.14188580727287767
24.779157161712646,2.4684591360689883,0.011058583634182969,0.006164765421785953,0.17338357957732276,-0.0016976100852344796,0.0012407005937427028,-0.007183200952994126,-4.20515927307425,-3.9227308655958644,-0.0026649045876010378,-0.45800591909760846,-0.14308465327070796
24.78459072113037,2.4684591360689883,0.011058583634182969,0.006164765421785953,0.1716497437815495,-0.0016806339843821348,0.0012282935878052757,-0.007183200952994126,-4.20515927307425,-3.9227308655958644,-0.002638255541725027,-0.45342585990663237,-0.14165380673800088
24.794572114944458,2.4716628203003275,0.010992566731954844,0.006191044946890546,0.17314287228549458,-0.0016829787239603991,0.0011705678785202257,-0.007321476754994567,-4.195097226765798,-3.926274947496397,-0.0026608061848995834,-0.45899900632640833,-0.14371392434504887
24.80017900466919,2.4716628203003275,0.010992566731954844,0.006191044946890546,0.17141144356263963,-0.0016661489367207952,0.0011588621997350235,-0.007321476754994567,-4.195097226765798,-3.926274947496397,-0.0026341981230505874,-0.4544090162631442,-0.14227678510159839
24.815754652023315,2.4744859619522184,0.010916197942723862,0.006020070947290749,0.1715092005181203,-0.0015733148621115789,0.001081938440982308,-0.007474263281359695,-4.184915140674193,-3.92973512844604,-0.0026481983640092395,-0.45637562790950464,-0.14315374091540975
24.81933879852295,2.4744859619522184,0.010916197942723862,0.006020070947290749,0.16979410851293908,-0.001557581713490463,0.001071119056572485,-0.007474263281359695,-4.184915140674193,-3.92973512844604,-0.002621716380369147,-0.4518118716304096,-0.14172220350625564
24.838619709014893,2.4781178624924496,0.010494299386404612,0.004757719823655243,0.16997633279272445,-0.001115092494096946,0.0007365259246076032,-0.00764942399124926,-4.174739111826199,-3.933064499413084,-0.002641567589922873,-0.45251580545181835,-0.14219520195747593
24.84338879585266,2.4781178624924496,0.010494299386404612,0.004757719823655243,0.16827656946479722,-0.0011039415691559765,0.0007291606653615271,-0.00764942399124926,-4.174739111826199,-3.933064499413084,-0.0026151519140236446,-0.44799064739730016,-0.14077324993790116
24.857566833496094,2.4818361412466174,0.0105597289309336,0.00484508689746271,0.16921668450885105,-0.0011138835627273593,0.0007662141489008048,-0.007822870268814753,-4.164552795072598,-3.936329557116021,-0.002650054145400537,-0.4505997156250517,-0.14194991803002294
24.863940477371216,2.4818361412466174,0.0105597289309336,0.00484508689746271,0.16752451766376253,-0.0011027447271000856,0.0007585520074117967,-0.007822870268814753,-4.164552795072598,-3.936329557116021,-0.0026235536039465315,-0.4460937184688012,-0.1405304188497227
24.877497911453247,2.485346870658,0.010008540142343128,0.0030276461936704856,0.16843234836172122,-0.00021396930570342888,0.00012303708190209025,-0.00800616027588974,-4.154394291423477,-3.9394985706055983,-0.0026722198720243997,-0.44899627748705023,-0.1418453199031191
24.882627964019775,2.485346870658,0.010008540142343128,0.0030276461936704856,0.166748024878104,-0.00021182961264639457,0.00012180671108306935,-0.00800616027588974,-4.154394291423477,-3.9394985706055983,-0.0026454976733041556,-0.4445063147121797,-0.1404268667040879
24.89685869216919,2.48852526657519,0.010289256751090091,0.003630804547950511,0.16731608051401725,-0.00045799099066201696,0.00036228021604458384,-0.008185582096239307,-4.144267141234111,-3.942601396350901,-0.002686247645582499,-0.44703878897037375,-0.1416153694088832
24.900618076324463,2.48852526657519,0.010289256751090091,0.003630804547950511,0.16564291970887707,-0.0004534110807553968,0.000358657413884138,-0.008185582096239307,-4.144267141234111,-3.942601396350901,-0.002659385169126674,-0.44256840108067,-0.14019921571479435
24.922431230545044,2.4913521430742334,0.009771043990741737,0.0018219805370502547,0.165278792422172,9.604218298672686e-05,-2.0869201746322034e-05,-0.008364824966116628,-4.134145146131358,-3.9456090593224733,-0.002678759468752321,-0.4426712844704857,-0.14050907359489295
24.927984476089478,2.4913521430742334,0.009771043990741737,0.0018219805370502547,0.16362600449795028,9.50817611568596e-05,-2.0660509728858815e-05,-0.008364824966116628,-4.134145146131358,-3.9456090593224733,-0.002651971874064798,-0.43824457162578084,-0.13910398285894401
24.93745994567871,2.4951018997649714,0.009627038372058477,0.001338792827448886,0.1659449752374828,0.00043834167871308847,-0.00026269817147819954,-0.008527721858987381,-4.124093540571933,-3.9485565177112347,-0.0027161054852291883,-0.44420421044845476,-0.14162048160846372
24.941266298294067,2.4951018997649714,0.009627038372058477,0.001338792827448886,0.16428552548510797,0.00043395826192595756,-0.00026007118976341756,-0.008527721858987381,-4.124093540571933,-3.9485565177112347,-0.0026889444303768964,-0.4397621683439702,-0.14020427679237907
24.961517333984375,2.4990601455251236,0.009667011981165615,0.001560942898608279,0.16459764027810253,0.0003618727029132653,-0.0002214332085946069,-0.008674496718877378,-4.114153152290966,-3.951476644421395,-0.0026967844358602154,-0.44015870370609644,-0.14058928452110636
24.967445850372314,2.4990601455251236,0.009667011981165615,0.001560942898608279,0.1629516638753215,0.00035825397588413267,-0.00021921887650866085,-0.008674496718877378,-4.114153152290966,-3.951476644421395,-0.002669816591501613,-0.4357571166690355,-0.1391833916758953
24.98047971725464,2.502926001399949,0.009725335341436244,0.0019709786664132813,0.16428927754068146,0.00014899227575566665,-0.00011630302837512044,-0.008818592606868438,-4.104317096600687,-3.95437789211923,-0.0026952670601822735,-0.43878610031308,-0.14050325363441762
24.985878467559814,2.502926001399949,0.009725335341436244,0.0019709786664132813,0.16264638476527463,0.00014750235299810998,-0.00011513999809136923,-0.008818592606868438,-4.104317096600687,-3.95437789211923,-0.002668314389580451,-0.4343982393099492,-0.13909822109807346
24.998260974884033,2.506427815239,0.009748633520482802,0.0023810969828060575,0.16384911038640376,-7.789342394958092e-05,-2.7841442185944727e-05,-0.008960879740701193,-4.094522494226881,-3.9572604753963248,-0.0026951685159751194,-0.43780340827294106,-0.14052662398327187
25.0024836063385,2.506427815239,0.009748633520482802,0.0023810969828060575,0.16221061928253971,-7.711448971008511e-05,-2.7563027764085278e-05,-0.008960879740701193,-4.094522494226881,-3.9572604753963248,-0.002668216830815368,-0.43342537419021165,-0.13912135774343914
25.01290988922119,2.5098080252381356,0.009739922381200472,0.002676645191624474,0.16383147449920923,-0.0002704453009976109,2.7023759903565456e-05,-0.009098259152923956,-4.084824796859685,-3.9601087327800264,-0.0027012156635853827,-0.43821098461031843,-0.1410190671243894
25.01998472213745,2.5098080252381356,0.009739922381200472,0.002676645191624474,0.16219315975421714,-0.0002677408479876348,2.6753522304529802e-05,-0.009098259152923956,-4.084824796859685,-3.9601087327800264,-0.002674203506949529,-0.4338288747642152,-0.13960887645314551
25.037315845489502,2.513962543187068,0.009325633502633596,0.0018473966539364424,0.16296616660702026,3.1839518628459546e-05,-0.0002626602638857991,-0.009222871059561896,-4.075137996527494,-3.9629300833967354,-0.0026780515727698436,-0.43497094929635316,-0.14017739262039391
25.0429744720459,2.513962543187068,0.009325633502633596,0.0018473966539364424,0.16133650494095006,3.152112344217495e-05,-0.0002600336612469411,-0.009222871059561896,-4.075137996527494,-3.9629300833967354,-0.002651271057042145,-0.4306212398033896,-0.13877561869418997
25.05536937713623,2.518161202987287,0.009140335070068825,0.0018144867973379946,0.16311008372306457,2.6834054516625783e-05,-0.00037824811589335804,-0.009315894346815493,-4.065541172573372,-3.9657384775806666,-0.002643785760726956,-0.43392418655510684,-0.14006868751800852
25.059417963027954,2.518161202987287,0.009140335070068825,0.0018144867973379946,0.16147898288583393,2.6565713971459523e-05,-0.00037446563473442446,-0.009315894346815493,-4.065541172573372,-3.9657384775806666,-0.002617347903119686,-0.42958494468955577,-0.13866800064282844
25.079070329666138,2.5221147316378376,0.008815977723879638,0.0013817615513091205,0.16187485581106,0.00015300518710869855,-0.0005445016270049251,-0.009399456098342383,-4.05598092772518,-3.96855686980226,-0.0025998122024098406,-0.430082668477065,-0.1389381844816796
25.082332134246826,2.5221147316378376,0.008815977723879638,0.0013817615513091205,0.16025610725294942,0.00015147513523761156,-0.0005390566107348758,-0.009399456098342383,-4.05598092772518,-3.96855686980226,-0.002573814080385742,-0.42578184179229434,-0.1375488026368628
25.10248327255249,2.5256127682013996,0.008723158480793799,0.0016680883072451894,0.16038974770176015,4.259996378559665e-05,-0.0005377175048014891,-0.009458961588003837,-4.046474520880983,-3.9713814320273833,-0.0025450963171456276,-0.4261844616111495,-0.13775483873572106
25.107869863510132,2.5256127682013996,0.008723158480793799,0.0016680883072451894,0.15878585022474254,4.217396414774068e-05,-0.0005323403297534742,-0.009458961588003837,-4.046474520880983,-3.9713814320273833,-0.002519645353974171,-0.42192261699503797,-0.13637729034836385
25.12031054496765,2.5287125954909033,0.008327416917080213,0.0009625290121757477,0.1596873426313974,0.00038439226234647354,-0.000890155078469362,-0.009504286398990197,-4.0369824108979975,-3.974181513399214,-0.002480825111170173,-0.4252393852435234,-0.13756127981399202
25.125551223754883,2.5287125954909033,0.008327416917080213,0.0009625290121757477,0.1580904692050834,0.0003805483397230088,-0.0008812535276846683,-0.009504286398990197,-4.0369824108979975,-3.974181513399214,-0.0024560168600584716,-0.42098699139108814,-0.1361856670158521
25.157652378082275,2.5366793636715292,0.007526833421756426,-0.001134780990348612,0.15898925271551215,0.0007959384587027784,-0.001204872115446089,-0.009531430180249737,-4.01800588301953,-3.9797236379041916,-0.0024051269754472066,-0.4226214027635529,-0.13676545466095005
25.163121938705444,2.5366793636715292,0.007526833421756426,-0.001134780990348612,0.157399360188357,0.0007879790741157506,-0.001192823394291628,-0.009531430180249737,-4.01800588301953,-3.9797236379041916,-0.0023810757056927346,-0.4183951887359174,-0.13539780011434055
25.181777715682983,2.5405195616785403,0.007661872026816788,-0.0006300758203487886,0.15788449646175998,0.0006061954239526872,-0.0010734414732996255,-0.00952653014653956,-4.0085609315111785,-3.9825157256180885,-0.002324257794765608,-0.4192329364047748,-0.13567256158297886
25.193460941314697,2.5405195616785403,0.007661872026816788,-0.0006300758203487886,0.15630565149714237,0.0006001334697131604,-0.0010627070585666292,-0.00952653014653956,-4.0085609315111785,-3.9825157256180885,-0.002301015216817952,-0.4150406070407271,-0.13431583596714908
25.198134422302246,2.5440078776827515,0.007396679609837042,-0.0015336978406252984,0.16220165352906152,0.0018716796660757915,-0.001906935118538245,-0.009508007866089314,-3.999149949815997,-3.985271576099915,-0.0021221141369526407,-0.430854699167071,-0.13942762165559092
25.203429698944092,2.5440078776827515,0.007396679609837042,-0.0015336978406252984,0.1605796369937709,0.0018529628694150336,-0.0018878657673528625,-0.009508007866089314,-3.999149949815997,-3.985271576099915,-0.0021008929955831143,-0.42654615217540026,-0.138033345439035
25.21454882621765,2.5470368773079333,0.007478335152377995,-0.0013730156703085862,0.16169839230137814,0.0017519668384930183,-0.0017913205462127707,-0.009458651404725845,-3.989673342844491,-3.9879975406350683,-0.001985868145860385,-0.43071382673753333,-0.13939595988691167
25.223734378814697,2.5470368773079333,0.007478335152377995,-0.0013730156703085862,0.16008140837836435,0.001734447170108088,-0.0017734073407506428,-0.009458651404725845,-3.989673342844491,-3.9879975406350683,-0.0019660094644017813,-0.426406688470158,-0.13800200028804255
25.236214876174927,2.5509066624354277,0.007403192496087432,-0.001892778165577482,0.1615804093209689,0.002008457607747977,-0.0018981873502976303,-0.009402593332331044,-3.9802372495163425,-3.9906799514736333,-0.0018579980601111813,-0.42961884527412614,-0.1390475623967123
25.239948511123657,2.5509066624354277,0.007403192496087432,-0.001892778165577482,0.1599646052277592,0.0019883730316704973,-0.001879205476794654,-0.009402593332331044,-3.9802372495163425,-3.9906799514736333,-0.0018394180795100693,-0.42532265682138487,-0.13765708677274516
25.26937985420227,2.5549219947110418,0.007508149940343781,-0.001891948372034083,0.15972935517716003,0.0019784357421376844,-0.0018384155914006408,-0.009325882413355822,-3.9708239777817367,-3.9933760118920154,-0.001776311155964272,-0.4242399287794202,-0.13728819849088203
25.273236513137817,2.5549219947110418,0.007508149940343781,-0.001891948372034083,0.15813206162538843,0.0019586513847163075,-0.0018200314354866343,-0.009325882413355822,-3.9708239777817367,-3.9933760118920154,-0.0017585480444046292,-0.419997529491626,-0.13591531650597322
25.276400089263916,2.5587375065860583,0.007600852649979839,-0.001971877221131991,0.16861186069528672,0.002204945259899539,-0.0016789100002555883,-0.009256565304637438,-3.961437363871872,-3.9960638454874227,-0.001346812008873401,-0.4452442957837165,-0.14379355216956413
25.279295682907104,2.5587375065860583,0.007600852649979839,-0.001971877221131991,0.16692574208833386,0.002182895807300544,-0.0016621209002530325,-0.009256565304637438,-3.961437363871872,-3.9960638454874227,-0.0013333438887846668,-0.44079185282587935,-0.1423556166478685
25.298157215118408,2.562139368401728,0.0077560567198551155,-0.0018429884050700175,0.16706041369378133,0.0021330004682812128,-0.0015767834722174036,-0.009191114978590886,-3.952065219692443,-3.9987728233135744,-0.0012553614365173613,-0.44132789696603103,-0.1424510145492494
25.303380250930786,2.562139368401728,0.0077560567198551155,-0.0018429884050700175,0.16538980955684351,0.0021116704635984005,-0.0015610156374952296,-0.009191114978590886,-3.952065219692443,-3.9987728233135744,-0.0012428078221521878,-0.4369146179963707,-0.1410265044037569
25.316627025604248,2.56515027210497,0.008221625614588713,-0.000655655589912745,0.16601147000480704,0.0015277630558900696,-0.0011084369707894228,-0.00914682941926917,-3.9426806171622966,-4.001441822954988,-0.0011517261042035376,-0.43958297571364774,-0.14178818490677644
25.339009284973145,2.568924948060979,0.008094398173674884,-0.001471569682202193,0.16603693016291515,0.0017653857852627537,-0.0012196478977929076,-0.009126914732732378,-3.9332295944237936,-4.004096450247051,-0.0011048599981076295,-0.43937858965088294,-0.14166152631504206
25.349735498428345,2.568924948060979,0.008094398173674884,-0.001471569682202193,0.164376560861286,0.001747731927410126,-0.0012074514188149786,-0.009126914732732378,-3.9332295944237936,-4.004096450247051,-0.001093811398126553,-0.4349848037543741,-0.14024491105189163
25.361494541168213,2.572866195454513,0.008896595274288367,0.0009410269816306234,0.16609095997664494,0.00041249223131974047,-0.00028382480311476004,-0.009132774090784316,-3.9238366536427947,-4.006741545465514,-0.00103271634840571,-0.438576747220311,-0.141248908013068
25.377196311950684,2.572866195454513,0.008896595274288367,0.0009410269816306234,0.1644300503768785,0.00040836730900654304,-0.0002809865550836124,-0.009132774090784316,-3.9238366536427947,-4.006741545465514,-0.001022389184921653,-0.4341909797481079,-0.13983641893293733
25.38244080543518,2.5765817753208244,0.00885790248960131,0.0004400102440629949,0.16986766030052153,0.0010936233116355942,-0.0005462288649201518,-0.009150649239620012,-3.9144210675570084,-4.009427977095508,-0.0009229436096546285,-0.44775464593058284,-0.14372413550781413
25.387742280960083,2.5765817753208244,0.00885790248960131,0.0004400102440629949,0.16816898369751632,0.0010826870785192383,-0.0005407665762709503,-0.009150649239620012,-3.9144210675570084,-4.009427977095508,-0.0009137141735580822,-0.443277099471277,-0.142286894152736
25.396013021469116,2.579959818385709,0.009333932814973129,0.0017539592456086604,0.17057756490543674,6.660186109338378e-05,0.00019670555955043662,-0.009187449694927826,-3.9050235338813035,-4.012091206906284,-0.000866895077919335,-0.45017627189630666,-0.14418971429885075
25.41978144645691,2.5829092214631606,0.009239842529145944,0.0010468328645528923,0.17011167569779775,0.0002746965675874798,0.00010252075596971978,-0.009253451540613326,-3.8955425616781163,-4.014749923201894,-0.000857484891907605,-0.44964994062039243,-0.1439136800071641
25.425591230392456,2.5829092214631606,0.009239842529145944,0.0010468328645528923,0.16841055894081977,0.000271949601911605,0.00010149554841002258,-0.009253451540613326,-3.8955425616781163,-4.014749923201894,-0.0008489100429885289,-0.4451534412141885,-0.14247454320709244
25.44416618347168,2.5867399372527853,0.009575519531600766,0.0019072222156337588,0.16879059866886217,-1.8339475908907526e-05,0.0003200102140108207,-0.009329110173228863,-3.8860687430749796,-4.017364300062381,-0.0008434177892629051,-0.4457787120103757,-0.14254041397059714
25.448604583740234,2.5867399372527853,0.009575519531600766,0.0019072222156337588,0.16710269268217354,-1.815608114981845e-05,0.0003168101118707125,-0.009329110173228863,-3.8860687430749796,-4.017364300062381,-0.000834983611370276,-0.44132092489027197,-0.14111500983089117
25.469266653060913,2.590661068754768,0.0095267329000574,0.0014057557042933284,0.16732856568466628,0.00015722131300632835,0.00024348767529627552,-0.009421267449148606,-3.8765331381736634,-4.019994450144977,-0.0008373221448814679,-0.44150644987137183,-0.14103516675245628
25.473788738250732,2.590661068754768,0.0095267329000574,0.0014057557042933284,0.16565528002781962,0.00015564909987626508,0.00024105279854331276,-0.009421267449148606,-3.8765331381736634,-4.019994450144977,-0.0008289489234326532,-0.4370913853726581,-0.1396248150849317
25.484851837158203,2.594420990897997,0.009420677518758799,0.0007289140239996017,0.167395255516911,0.0005829948923826594,3.921365894754187e-05,-0.009505747709226122,-3.867027831085612,-4.022600528042737,-0.0008346996661284875,-0.441283866070085,-0.1406869779748988
25.49426245689392,2.594420990897997,0.009420677518758799,0.0007289140239996017,0.1657213029617419,0.0005771649434588328,3.882152235806645e-05,-0.009505747709226122,-3.867027831085612,-4.022600528042737,-0.0008263526694672026,-0.43687102740938416,-0.1392801081951498
25.50066089630127,2.5977895428504914,0.009409611869382694,0.0004137927957591582,0.16932727016152832,0.0009359197330459526,-8.506011500325996e-05,-0.009583786686561355,-3.857452933028689,-4.025218190678884,-0.0008317738138266008,-0.44742530078762693,-0.14212881510559602
25.510200023651123,2.5977895428504914,0.009409611869382694,0.0004137927957591582,0.16763399745991303,0.0009265605357154931,-8.420951385322735e-05,-0.009583786686561355,-3.857452933028689,-4.025218190678884,-0.0008234560756883348,-0.44295104777975064,-0.14070752695454006
25.51990270614624,2.6008832713897068,0.009351623134572986,0.0002567272942480557,0.16914555190889066,0.0010305637692045746,-0.00016608111542310564,-0.009660729600088172,-3.847867855836026,-4.02776150079746,-0.0008236758578979052,-0.44834065660420824,-0.14213815240287261
25.524969577789307,2.6008832713897068,0.009351623134572986,0.0002567272942480557,0.16745409638980174,0.0010202581315125287,-0.00016442030426887458,-0.009660729600088172,-3.847867855836026,-4.02776150079746,-0.0008154390993189262,-0.4438572500381662,-0.14071677087884388
25.538238525390625,2.604769221018635,0.009279585152181333,-3.7710759630140694e-05,0.16870740065506287,0.001166285682993416,-0.0002526623877103603,-0.009736613992102093,-3.838132181040872,-4.030264277291458,-0.0008124391892555024,-0.44668864722176965,-0.14144099028144155
25.558204889297485,2.608826618506348,0.009252181828296955,-0.00019185124859077203,0.1690521895802338,0.0012127808301507623,-0.00028025048751661097,-0.009811338932566109,-3.828445941588805,-4.032702973370671,-0.0008075280133209378,-0.44702120426479297,-0.1414384797908214
25.563716173171997,2.608826618506348,0.009252181828296955,-0.00019185124859077203,0.16736166768443145,0.0012006530218492547,-0.00027744798264144483,-0.009811338932566109,-3.828445941588805,-4.032702973370671,-0.0007994527331877285,-0.44255099222214506,-0.14002409499291318
25.579224586486816,2.6126413353020523,0.009245835769937082,-0.00028559553366975783,0.168147638307805,0.0012378367588894267,-0.00029571161538840255,-0.009884541778949195,-3.8186646105800888,-4.035144523443173,-0.0007942853623323293,-0.4443652907772027,-0.14044737368129506
25.584832191467285,2.6126413353020523,0.009245835769937082,-0.00028559553366975783,0.16646616192472694,0.0012254583913005326,-0.0002927544992345185,-0.009884541778949195,-3.8186646105800888,-4.035144523443173,-0.000786342508709006,-0.43992163786943067,-0.1390428999444821
25.600467443466187,2.616138174097432,0.009246275400567263,-0.0003676222058530264,0.167037860901031,0.0012568549175064976,-0.0003055877471979453,-0.009954486042659073,-3.808904205133279,-4.037502731019362,-0.0007794341993638869,-0.44167956923281837,-0.1394789401743716
25.607133626937866,2.616138174097432,0.009246275400567263,-0.0003676222058530264,0.1653674822920207,0.0012442863683314327,-0.0003025318697259658,-0.009954486042659073,-3.808904205133279,-4.037502731019362,-0.000771639857370248,-0.4372627735404902,-0.13808415077262787
25.623170852661133,2.6191262718913704,0.009049325016120227,-0.0005496680336781843,0.16557638598223448,0.0012943170813619499,-0.00041364419723136884,-0.010022506983294276,-3.7989858211312955,-4.039802574089707,-0.0007640646506944545,-0.4389654542834982,-0.13854674553196686
25.626983642578125,2.6191262718913704,0.009049325016120227,-0.0005496680336781843,0.16392062212241212,0.0012813739105483302,-0.00040950775525905515,-0.010022506983294276,-3.7989858211312955,-4.039802574089707,-0.0007564240041875099,-0.43457579974066324,-0.1371612780766472
25.661076307296753,2.626922537507754,0.008903233131870778,-0.0006797398578387239,0.16456796905263327,0.0012936061924038104,-0.0004491560487470941,-0.010163469574084018,-3.779056672600035,-4.044157579379539,-0.000751143817822905,-0.4359473204793755,-0.13755517380829804
25.666456937789917,2.626922537507754,0.008903233131870778,-0.0006797398578387239,0.16292228936210693,0.0012806701304797724,-0.00044466448825962316,-0.010163469574084018,-3.779056672600035,-4.044157579379539,-0.000743632379644676,-0.43158784727458177,-0.13617962207021506
25.67746329307556,2.6307046589329803,0.008841583536948047,-0.0009195189794637242,0.1647287058244447,0.0014211836283019106,-0.0005298534823787363,-0.010238727726602864,-3.7690698349359897,-4.046227281280783,-0.0007447040407913074,-0.43610679272304304,-0.13761401454380676
25.682966947555542,2.6307046589329803,0.008841583536948047,-0.0009195189794637242,0.16308141876620025,0.0014069717920188916,-0.0005245549475549489,-0.010238727726602864,-3.7690698349359897,-4.046227281280783,-0.0007372570003833943,-0.4317457247958126,-0.13623787439836868
25.698437929153442,2.6340992451068828,0.008876216613309293,-0.0009023872151779296,0.16364483781810912,0.0013946444332632497,-0.0005072028585254423,-0.01031513372297614,-3.758957650150458,-4.04825300784063,-0.0007360989472992367,-0.4337772482660745,-0.13690762805916135
25.710755109786987,2.6340992451068828,0.008876216613309293,-0.0009023872151779296,0.16200838943992804,0.0013806979889306173,-0.0005021308299401878,-0.01031513372297614,-3.758957650150458,-4.04825300784063,-0.0007287379578262443,-0.42943947578341374,-0.13553855177856974
25.716028928756714,2.637887225979877,0.009161586366116359,-0.0023207639717372614,0.1675673928894141,0.003396159100289682,-0.0006274479647052991,-0.010392068194803778,-3.7488815684796495,-4.0501877824092745,-0.0007387662489207622,-0.4436493963793168,-0.14019181709783174
25.73938798904419,2.6421922470822086,0.009440023047224369,-0.002909132379901613,0.16773467638077752,0.00356698203374063,-0.0005884127513639576,-0.010461764297924607,-3.7386938421962435,-4.052097161364121,-0.0007311644751510407,-0.4434331907009751,-0.14016090739890302
25.743122816085815,2.6421922470822086,0.009440023047224369,-0.002909132379901613,0.16605732961696976,0.0035313122134032235,-0.000582528623850318,-0.010461764297924607,-3.7386938421962435,-4.052097161364121,-0.0007238528303995303,-0.43899885879396533,-0.138759298324914
25.766329765319824,2.6465215299434286,0.009649035508128881,-0.003333855055431593,0.1662622953693174,0.0036462375128897715,-0.0005523110913970507,-0.01052289252415021,-3.7285783744502847,-4.05396655268748,-0.0007123842539906781,-0.43882714660618943,-0.13873366085936523
25.773651123046875,2.6465215299434286,0.009649035508128881,-0.003333855055431593,0.1645996724156242,0.003609775137760874,-0.0005467879804830802,-0.01052289252415021,-3.7285783744502847,-4.05396655268748,-0.0007052604114507713,-0.4344388751401275,-0.13734632425077156
25.777618408203125,2.650543358312723,0.00979486655782569,-0.003685532304157987,0.17309113939852272,0.00428990716526934,-0.00047615024094012197,-0.010577130894916449,-3.7183801077779934,-4.05584598749845,-0.0006523596978374731,-0.454997323456939,-0.14391649439631743
25.782651662826538,2.650543358312723,0.00979486655782569,-0.003685532304157987,0.17136022800453748,0.004247008093616647,-0.00047138873853072073,-0.010577130894916449,-3.7183801077779934,-4.05584598749845,-0.0006458361008590983,-0.4504473502223696,-0.14247732945235425
25.796642303466797,2.654250483192051,0.009916639780138757,-0.003915408997404725,0.1722964238875628,0.004341992600234738,-0.0004441154923398978,-0.01062174207330546,-3.708224753791923,-4.057660935003441,-0.000619322116504978,-0.45296406713870263,-0.1433052809408462
25.811219453811646,2.654250483192051,0.009916639780138757,-0.003915408997404725,0.17057345964868717,0.004298572674232391,-0.00043967433741649885,-0.01062174207330546,-3.708224753791923,-4.057660935003441,-0.0006131288953399283,-0.4484344264673156,-0.14187222813143774
25.823280096054077,2.657559407702573,0.010062771606820474,-0.003905040767388432,0.1716117752566757,0.004276424215465929,-0.00035845342994436045,-0.010661041682018502,-3.6979170878450778,-4.059419159655077,-0.0005778143804994356,-0.4521932956914047,-0.1431401547819712
25.827959299087524,2.657559407702573,0.010062771606820474,-0.003905040767388432,0.16989565750410895,0.00423365997331127,-0.00035486889564491684,-0.010661041682018502,-3.6979170878450778,-4.059419159655077,-0.0005720362366944412,-0.44767136273449065,-0.1417087532341515
25.8370099067688,2.661763013658724,0.010176245200165638,-0.00406434257203626,0.17284146333378733,0.004347648937028893,-0.0003113600999640831,-0.010694180054023578,-3.687637336370501,-4.0610778971476575,-0.0005204775751275961,-0.4541161739701441,-0.14390890337139403
25.841766595840454,2.661763013658724,0.010176245200165638,-0.00406434257203626,0.17111304870044947,0.004304172447658604,-0.0003082464989644422,-0.010694180054023578,-3.687637336370501,-4.0610778971476575,-0.0005152727993763201,-0.44957501223044266,-0.14246981433768008
25.857879877090454,2.6660745729966835,0.01036602000869399,-0.003925079451173205,0.1720782900247183,0.004225892535586196,-0.00021740948093824935,-0.010727319650455399,-3.6772431060073627,-4.062691832269092,-0.00048308593792903133,-0.4512728665846461,-0.1431076421051497
25.877501964569092,2.670226242165096,0.010574578652504215,-0.003724653711216146,0.17247390698947215,0.004134179282059065,-0.00013088903724249302,-0.010758341428103403,-3.6669110459844116,-4.064220679383414,-0.0004545127040765303,-0.45180526489187267,-0.143373388132966
25.882135152816772,2.670226242165096,0.010574578652504215,-0.003724653711216146,0.17074916791957742,0.004092837489238475,-0.0001295801468700681,-0.010758341428103403,-3.6669110459844116,-4.064220679383414,-0.000449967577035765,-0.4472872122429539,-0.14193965425163632
25.906764030456543,2.6739776541157863,0.010721637082986341,-0.003794723704352619,0.1705650399295377,0.0040856861107130375,-9.690607867089523e-05,-0.010798576028873713,-3.656484700066117,-4.065703848663701,-0.0004296798995275483,-0.4468647315733105,-0.14189085163809947
25.911568880081177,2.6739776541157863,0.010721637082986341,-0.003794723704352619,0.16885938953024232,0.004044829249605907,-9.593701788418628e-05,-0.010798576028873713,-3.656484700066117,-4.065703848663701,-0.0004253831005322728,-0.4423960842575774,-0.14047194312171848
25.92487359046936,2.6774035313604045,0.010867124031425916,-0.0038513806760187438,0.16974609868983345,0.00405891471101776,-3.516046508728682e-05,-0.010838483562204907,-3.646097688635613,-4.067074932947912,-0.00039144938940607226,-0.44541445956174264,-0.14164077478417278
25.92998218536377,2.6774035313604045,0.010867124031425916,-0.0038513806760187438,0.16804863770293513,0.004018325563907582,-3.4808860436413955e-05,-0.010838483562204907,-3.646097688635613,-4.067074932947912,-0.00038753489551201153,-0.4409603149661252,-0.14022436703633104
25.94150948524475,2.681582385760065,0.011036823554056328,-0.0037619468812633327,0.16999405726363082,0.003956474103694692,6.779315255761482e-05,-0.010883271641268979,-3.6355791864688074,-4.0683694821457435,-0.00035194877999683604,-0.4452256971176961,-0.1418666982678796
25.951186180114746,2.681582385760065,0.011036823554056328,-0.0037619468812633327,0.1682941166909945,0.0039169093626577455,6.711522103203867e-05,-0.010883271641268979,-3.6355791864688074,-4.0683694821457435,-0.0003484292921968677,-0.44077344014651915,-0.1404480312852008
25.96184778213501,2.6858845183731037,0.011203130820994925,-0.003622692788937272,0.1706472005416909,0.0038211513055629682,0.00018175791059187876,-0.010933677743234583,-3.625165610056507,-4.069598176552905,-0.0003156304649803121,-0.4456436451132254,-0.14230710475914474
25.97689986228943,2.6858845183731037,0.011203130820994925,-0.003622692788937272,0.168940728536274,0.0037829397925073383,0.00017994033148595998,-0.010933677743234583,-3.625165610056507,-4.069598176552905,-0.00031247416033050894,-0.44118720866209316,-0.14088403371155328
25.985857486724854,2.6899307640173777,0.011334877192107564,-0.0035547493313142905,0.1717691395143841,0.0037270994694159933,0.0002759811677667756,-0.010993866060733258,-3.6146958698992444,-4.070833799055679,-0.00028371773568872685,-0.44789368973343463,-0.1433352434365879
25.991084575653076,2.6899307640173777,0.011334877192107564,-0.0035547493313142905,0.17005144811924025,0.0036898284747218335,0.00027322135608910783,-0.010993866060733258,-3.6146958698992444,-4.070833799055679,-0.0002808805583318396,-0.44341475283610027,-0.14190189100222203
26.025629997253418,2.697899301359572,0.012107580056044641,-0.002212490638108639,0.1706594087917624,0.003421304979019743,0.00048163867857206513,-0.011134597962257275,-3.5938261855957703,-4.073150969158965,-0.0002669984495207811,-0.44472499895502404,-0.1424702975723137
26.031168222427368,2.697899301359572,0.012107580056044641,-0.002212490638108639,0.16895281470384477,0.0033870919292295454,0.0004768222917863445,-0.011134597962257275,-3.5938261855957703,-4.073150969158965,-0.0002643284650255733,-0.4402777489654738,-0.14104559459659055
26.04428243637085,2.7025414304882296,0.012573889476380419,-0.001397154011019512,0.17080618169229034,0.002983000426021169,0.0008077479983101062,-0.011217179050535089,-3.58345824163234,-4.074272490382613,-0.000253780617176283,-0.4433948656320349,-0.1422215333867535
26.062381505966187,2.7025414304882296,0.012573889476380419,-0.001397154011019512,0.16909811987536744,0.002953170421760957,0.0007996705183270051,-0.011217179050535089,-3.58345824163234,-4.074272490382613,-0.00025124281100452015,-0.43896091697571454,-0.14079931805288595
26.06684136390686,2.7070132474800714,0.012950531920854472,-0.0007195683270873249,0.17744190854216013,0.00202221894466749,0.0015877750313522483,-0.011301745119495122,-3.5730219033621577,-4.075426038789186,-0.00022094565397754148,-0.4568867043361735,-0.14689710390959382
26.072017908096313,2.7070132474800714,0.012950531920854472,-0.0007195683270873249,0.17566748945673852,0.0020019967552208154,0.0015718972810387258,-0.011301745119495122,-3.5730219033621577,-4.075426038789186,-0.00021873619743776606,-0.4523178372928118,-0.14542813287049788
26.09700846672058,2.711117828165217,0.013254817346289706,-0.00019872680790422175,0.1755544269604332,0.0018605578269436087,0.001668343704000294,-0.01138004538948618,-3.5626868487050314,-4.076563463185519,-0.00020842070024982494,-0.4517430201066331,-0.14528593610870608
26.10277247428894,2.711117828165217,0.013254817346289706,-0.00019872680790422175,0.17379888269082885,0.0018419522486741726,0.001651660266960291,-0.01138004538948618,-3.5626868487050314,-4.076563463185519,-0.0002063364932473267,-0.44722558990556677,-0.14383307674761903
26.108630895614624,2.714702923361402,0.013515109980672558,0.00024466300594565917,0.1781848134540883,0.0013845123075379756,0.0020426139671769544,-0.011452451410399632,-3.5522803990966336,-4.077707429204086,-0.00015458020343332306,-0.4597314593068539,-0.14797161393873495
26.11374020576477,2.714702923361402,0.013515109980672558,0.00024466300594565917,0.1764029653195474,0.001370667184462596,0.002022187827505185,-0.011452451410399632,-3.5522803990966336,-4.077707429204086,-0.00015303440139898984,-0.4551341447137853,-0.1464918977993476
26.12482452392578,2.718582350628944,0.0137029907550575,0.0005340086102119992,0.17814044002726098,0.0012142809095972318,0.0021489056714175136,-0.011517395956732457,-3.5419156846872113,-4.078761908502185,-0.00011761848945374449,-0.45950012191256034,-0.14799784196898041
26.12923574447632,2.718582350628944,0.0137029907550575,0.0005340086102119992,0.17635903562698838,0.0012021381005012596,0.0021274166147033386,-0.011517395956732457,-3.5419156846872113,-4.078761908502185,-0.00011644230455920704,-0.45490512069343475,-0.1465178635492906
26.143324851989746,2.722987452815599,0.013863710172317297,0.0007485216854737431,0.17772302318352598,0.001114188077001811,0.0021986853488359837,-0.01157503199584664,-3.5314423601617833,-4.07976688572887,-8.182724940537595e-05,-0.4574379126162263,-0.14742244023530862
26.148247003555298,2.722987452815599,0.013863710172317297,0.0007485216854737431,0.17594579295169072,0.0011030461962317929,0.002176698495347624,-0.01157503199584664,-3.5314423601617833,-4.07976688572887,-8.100897691132219e-05,-0.45286353349006403,-0.14594821583295553
26.175069093704224,2.7273875102870773,0.013988715633145798,0.0008317878134952692,0.17582707118121865,0.0010845971845307952,0.002186795913520083,-0.011625223858966643,-3.521049454076435,-4.080724532868479,-5.98411066965807e-05,-0.4520257151838419,-0.1457212175276018
26.182259798049927,2.7273875102870773,0.013988715633145798,0.0008317878134952692,0.17406880046940645,0.0010737512126854872,0.002164927954384882,-0.011625223858966643,-3.521049454076435,-4.080724532868479,-5.924269562961489e-05,-0.4475054580320035,-0.14426400535232578
26.210328102111816,2.7351832110123206,0.014235170025367134,0.001085564101977677,0.17510617315107863,0.0010253192753218107,0.0022088690614537913,-0.011706268717673754,-3.500249010810369,-4.082571513041091,-1.1513702447510528e-05,-0.45009754210848385,-0.1451462157952548
26.215276956558228,2.7351832110123206,0.014235170025367134,0.001085564101977677,0.17335511141956783,0.0010150660825685926,0.0021867803708392535,-0.011706268717673754,-3.500249010810369,-4.082571513041091,-1.1398565423035424e-05,-0.445596566687399,-0.14369475363730225
26.225623846054077,2.739395011075975,0.01493903656490606,-0.0003321488533113708,0.17568981376859877,0.002082397541141983,0.0024302854949583047,-0.01172868309387384,-3.48981376292889,-4.083418156191983,7.412062721735339e-05,-0.4507412892030873,-0.14545228931658974
26.238529443740845,2.739395011075975,0.01493903656490606,-0.0003321488533113708,0.1739329156309128,0.0020615735657305632,0.0024059826400087215,-0.01172868309387384,-3.48981376292889,-4.083418156191983,7.337942094517985e-05,-0.44623387631105643,-0.14399776642342385
26.24792218208313,2.7439409359721583,0.015412785029827179,-0.0009718195302756552,0.17703326515533568,0.0026119554415218907,0.002618871241090874,-0.0117382804666261,-3.47944457277251,-4.084238888093544,0.00018258774646757794,-0.4522876977398558,-0.14602683334851585
26.25266981124878,2.7439409359721583,0.015412785029827179,-0.0009718195302756552,0.17526293250378233,0.002585835887106672,0.002592682528679965,-0.0117382804666261,-3.47944457277251,-4.084238888093544,0.00018076186900290215,-0.4477648207624572,-0.14456656501503068
26.27043056488037,2.7483073573638257,0.015721173860651996,-0.0014093497543962482,0.1759687140899623,0.002768059165530336,0.002643101756221705,-0.01173102678144248,-3.4690862023958737,-4.085100507334198,0.0002476090864554163,-0.44885965866264704,-0.1449075820811099
26.29831838607788,2.7483073573638257,0.015721173860651996,-0.0014093497543962482,0.17420902694906268,0.002740378573875033,0.002616670738659488,-0.01173102678144248,-3.4690862023958737,-4.085100507334198,0.00024513299559086215,-0.44437106207602056,-0.1434585062602988
26.304213762283325,2.752310367044039,0.01578113921349176,-0.0024039787231284644,0.17925162336412914,0.003937764050878046,0.0023964910499281056,-0.011703620882834631,-3.458773477072159,-4.085973039415635,0.00048216854559002866,-0.45667175774823254,-0.14729287335820937
26.318103075027466,2.7557987075219987,0.015937626519069683,-0.0024277425689397053,0.1799711350350072,0.003936749241417913,0.0024369478008256654,-0.011649007401680862,-3.4484414585762453,-4.086868301621021,0.0005995734835940153,-0.45923882346035433,-0.14802161418005252
26.32249355316162,2.7557987075219987,0.015937626519069683,-0.0024277425689397053,0.17817142368465713,0.003897381749003734,0.0024125783228174085,-0.011649007401680862,-3.4484414585762453,-4.086868301621021,0.000593577748758075,-0.45464643522575077,-0.146541398038252
26.32819104194641,2.7602333038060656,0.016064330489732225,-0.0024363035552308417,0.18417410304714907,0.003933318688219195,0.0025043274677693235,-0.011589867275159437,-3.438123047702205,-4.08776515526468,0.0008948003631987253,-0.467493067394147,-0.1503545277670627
26.34198522567749,2.7602333038060656,0.016064330489732225,-0.0024363035552308417,0.18233236201667757,0.003893985501337003,0.0024792841930916304,-0.011589867275159437,-3.438123047702205,-4.08776515526468,0.000885852359566738,-0.4628181367202055,-0.14885098248939208
26.34636878967285,2.7647653593453207,0.016141651513621468,-0.0026400049336466717,0.19084695468147478,0.004248716793776634,0.002465103930288827,-0.011527803593181457,-3.427764802876549,-4.088684407912742,0.0012848647523160065,-0.4809304954586667,-0.15410661186041136
26.35792326927185,2.7647653593453207,0.016141651513621468,-0.0026400049336466717,0.18893848513466002,0.004206229625838868,0.0024404528909859387,-0.011527803593181457,-3.427764802876549,-4.088684407912742,0.0012720161047928464,-0.47612119050408,-0.15256554574180725
26.366288661956787,2.769080842939884,0.016252623676628428,-0.002666660032013526,0.19220833576518914,0.004226699121873086,0.0024790297024265707,-0.011467623436233306,-3.417437965837841,-4.089639317670988,0.0014714027767907913,-0.4832719849401998,-0.15446906634449356
26.37264084815979,2.769080842939884,0.016252623676628428,-0.002666660032013526,0.19028625240753724,0.004184432130654355,0.002454239405402305,-0.011467623436233306,-3.417437965837841,-4.089639317670988,0.0014566887490228835,-0.4784392650907978,-0.15292437568104864
26.38374972343445,2.772934915001432,0.016406179598664288,-0.002515882455913235,0.19185389106305464,0.004081530218800353,0.002526736207945719,-0.011415987402363758,-3.407039698606608,-4.090600654954116,0.001595940458596159,-0.4826970775362498,-0.15396058940946297
26.388017416000366,2.772934915001432,0.016406179598664288,-0.002515882455913235,0.1899353521524241,0.004040714916612349,0.0025014688458662618,-0.011415987402363758,-3.407039698606608,-4.090600654954116,0.0015799810540101974,-0.4778701067608873,-0.15242098351536834
26.40263080596924,2.776390569799182,0.016522388275316324,-0.0026439898778605427,0.19040081335294964,0.004082360627662797,0.002508839912518044,-0.011376747482303773,-3.396638387970001,-4.091503527273697,0.0016729810228297594,-0.4799596016813948,-0.1528613455208327
26.41921901702881,2.776390569799182,0.016522388275316324,-0.0026439898778605427,0.18849680521942014,0.004041537021386169,0.0024837515133928636,-0.011376747482303773,-3.396638387970001,-4.091503527273697,0.0016562512126014617,-0.47516000566458083,-0.15133273206562436
26.42597532272339,2.7807073797603357,0.016574971984058537,-0.002935298313008442,0.1929999872691376,0.004340025363618031,0.002425916846650257,-0.011341633454060265,-3.38611253625176,-4.092346396277745,0.0018707658291435495,-0.4854231723358255,-0.15415265070649603
26.430263996124268,2.7807073797603357,0.016574971984058537,-0.002935298313008442,0.19106998739644623,0.00429662510998185,0.0024016576781837546,-0.011341633454060265,-3.38611253625176,-4.092346396277745,0.001852058170852114,-0.48056894061246724,-0.15261112419943107
26.45037865638733,2.785216303497928,0.01648039871392885,-0.0038075886330078247,0.19139920974154598,0.004559205872437334,0.002278606369593358,-0.011316506995877931,-3.3756129955023058,-4.093136384890382,0.0019052201532355434,-0.48079170172167973,-0.1525378484764675
26.462709426879883,2.785216303497928,0.01648039871392885,-0.0038075886330078247,0.1894852176441305,0.004513613813712961,0.0022558203058974245,-0.011316506995877931,-3.3756129955023058,-4.093136384890382,0.001886167951703188,-0.47598378470446295,-0.15101246999170284
26.472813606262207,2.789509486057778,0.016467017918450916,-0.003945940323325225,0.1918386687207391,0.004579903089885977,0.0021843859806656334,-0.011285009916195236,-3.3650363761715774,-4.093902064149044,0.002016781702856314,-0.4813097747664543,-0.15240043766147388
26.48847532272339,2.7934280936574183,0.01625667667802963,-0.004924496919901363,0.19241971835471502,0.0049617699048991794,0.001978800955254822,-0.011267795865083741,-3.3544390337669157,-4.0945850289216175,0.002082283175874352,-0.48300538316757796,-0.15277481205746962
26.4937584400177,2.7934280936574183,0.01625667667802963,-0.004924496919901363,0.1904955211711679,0.004912152205850188,0.001959012945702274,-0.011267795865083741,-3.3544390337669157,-4.0945850289216175,0.002061460344115608,-0.4781753293359022,-0.15124706393689494
26.51209783554077,2.7969464717721055,0.016359088661384687,-0.003822543317008424,0.19051094010594086,0.004460409566177317,0.0020407571651474433,-0.011244725588042842,-3.343791290782769,-4.095191754941602,0.0021181934614105773,-0.47896941610867105,-0.15138461516074025
26.518502950668335,2.7969464717721055,0.016359088661384687,-0.003822543317008424,0.18860583070488143,0.004415805470515544,0.002020349593495969,-0.011244725588042842,-3.343791290782769,-4.095191754941602,0.0020970115267964716,-0.47417972194758434,-0.14987076900913285
26.53086233139038,2.801282819017651,0.01626646095544803,-0.003608160790259385,0.19022825474894037,0.004257081752746156,0.0019506776191513132,-0.01123959714813239,-3.333062772992552,-4.095675048296335,0.0021761133850233347,-0.47775059577026224,-0.15090047811257842
26.534290075302124,2.801282819017651,0.01626646095544803,-0.003608160790259385,0.18832597220145098,0.004214510935218694,0.0019311708429598001,-0.01123959714813239,-3.333062772992552,-4.095675048296335,0.0021543522511731014,-0.47297308981255964,-0.14939147333145264
26.57059121131897,2.809759878753192,0.015945758086002987,-0.003534032906514655,0.18877737912492698,0.0041576009650545745,0.0018411309938530878,-0.011237528282384493,-3.3115161675746405,-4.096401515990701,0.0021973368923302533,-0.4739199716670802,-0.14964178612504403
26.57408332824707,2.809759878753192,0.015945758086002987,-0.003534032906514655,0.1868896053336777,0.004116024955404029,0.001822719683914557,-0.011237528282384493,-3.3115161675746405,-4.096401515990701,0.0021753635234069506,-0.4691807719504094,-0.1481453682637936
26.584651708602905,2.813388702953472,0.01594916808089062,-0.002382687163024477,0.1884575510483158,0.003335932837525522,0.0019155972076163748,-0.011234459365943653,-3.300715471387588,-4.096665806051567,0.0022673707092119577,-0.474243356395925,-0.1497210688321365
26.59000062942505,2.813388702953472,0.01594916808089062,-0.002382687163024477,0.18657297553783264,0.0033025735091502667,0.001896441235540211,-0.011234459365943653,-3.300715471387588,-4.096665806051567,0.002244697002119838,-0.46950092283196576,-0.14822385814381514
26.60950994491577,2.8165625194634467,0.015780911560933964,-0.0022717105199888594,0.18633372016815225,0.003227564172183956,0.0018167720924632195,-0.011231738533499949,-3.2898513576455377,-4.09682640588616,0.002283253438878614,-0.47010903102415036,-0.14844167867782615
26.61525273323059,2.8165625194634467,0.015780911560933964,-0.0022717105199888594,0.18447038296647073,0.003195288530462116,0.0017986043715385873,-0.011231738533499949,-3.2898513576455377,-4.09682640588616,0.0022604209044898276,-0.46540794071390884,-0.14695726189104788
26.629926919937134,2.820443523803716,0.015687418157228007,-0.001783212967726993,0.18527111282391356,0.0029378377168127233,0.0017621795843427096,-0.011203755065786476,-3.2789593386385705,-4.096884969869624,0.002335980071117562,-0.4678089817760892,-0.1477925001401698
26.637150764465332,2.820443523803716,0.015687418157228007,-0.001783212967726993,0.18341840169567442,0.0029084593396445963,0.0017445577884992825,-0.011203755065786476,-3.2789593386385705,-4.096884969869624,0.0023126202704063866,-0.4631308919583283,-0.1463145751387681
26.66827130317688,2.8280843157595412,0.015309937502299831,-0.0021766734749216338,0.18403832465820744,0.0029640644058698835,0.0016185629119614803,-0.011084406621320568,-3.2571548713686815,-4.096827538175191,0.0024001297569222232,-0.46515811233428034,-0.14702949705137017
26.67253613471985,2.8280843157595412,0.015309937502299831,-0.0021766734749216338,0.18219794141162535,0.0029344237618111847,0.0016023772828418655,-0.011084406621320568,-3.2571548713686815,-4.096827538175191,0.002376128459353001,-0.46050653121093754,-0.14555920208085646
26.684731483459473,2.83136241192152,0.014993739779232818,-0.0033289494762869685,0.18305979817707005,0.003539676569491957,0.0012928280620044586,-0.010993192949286546,-3.246229060166875,-4.0966999743818935,0.0025161518614650715,-0.46439968860458014,-0.14693796647636012
26.688870668411255,2.83136241192152,0.014993739779232818,-0.0033289494762869685,0.18122920019529934,0.0035042798037970375,0.0012798997813844141,-0.010993192949286546,-3.246229060166875,-4.0966999743818935,0.0024909903428504206,-0.4597556917185343,-0.14546858681159652
26.71383571624756,2.8342659963020944,0.015018414902191942,-0.002319036618560862,0.18058110845307,0.0031961529143746115,0.0013120226504543498,-0.010874522438176297,-3.2353164136625523,-4.0964865843816956,0.002557495326923614,-0.45929795406148305,-0.14541755029359799
26.719469785690308,2.8342659963020944,0.015018414902191942,-0.002319036618560862,0.17877529736853928,0.0031641913852308652,0.0012989024239498062,-0.010874522438176297,-3.2353164136625523,-4.0964865843816956,0.002531920373654378,-0.4547049745208682,-0.143963374790662
26.725049257278442,2.8374918142079264,0.014902737747141407,-0.004677470660433123,0.18275712102961783,0.0060448147894129195,0.0006671531911985117,-0.010732160924185073,-3.224343383432398,-4.096145864033339,0.0029509439453865,-0.46873596737930157,-0.1489951847328253
26.731932401657104,2.8374918142079264,0.014902737747141407,-0.004677470660433123,0.18092954981932166,0.00598436664151879,0.0006604816592865266,-0.010732160924185073,-3.224343383432398,-4.096145864033339,0.0029214345059326353,-0.46404860770550854,-0.14750523288549705
26.739200830459595,2.841160870318664,0.014924207796373188,-0.005189364669220471,0.1841667747539459,0.006430148039997635,0.0005742791725244062,-0.010551957797815627,-3.2134241734343325,-4.0957128774728595,0.003283245747822977,-0.47357847941146003,-0.15104502842855125
26.76590919494629,2.8447842343792793,0.014941935753438685,-0.005348634674226226,0.1836816327885886,0.006412214692816101,0.0005597760703761476,-0.010353373535447514,-3.2025087851343206,-4.095218208795967,0.0033635411554176465,-0.4726957461723872,-0.15090702711063164
26.76919913291931,2.8447842343792793,0.014941935753438685,-0.005348634674226226,0.18184481646070272,0.0063480925458879395,0.0005541783096723862,-0.010353373535447514,-3.2025087851343206,-4.095218208795967,0.00332990574386347,-0.46796878871066333,-0.14939795683952534
26.78716230392456,2.848222157680829,0.014967815080424,-0.005125807928273392,0.18194051759385726,0.006207418268682931,0.0005611384807361414,-0.010157285439478834,-3.1916718461524285,-4.094640740552752,0.0034630524207310805,-0.46896983776875883,-0.1499563534125183
26.792224884033203,2.848222157680829,0.014967815080424,-0.005125807928273392,0.1801211124179187,0.006145344085996101,0.00055552709592878,-0.010157285439478834,-3.1916718461524285,-4.094640740552752,0.00342842189652377,-0.46428013939107127,-0.14845678987839311
26.80743670463562,2.8512904251464946,0.014878457109669998,-0.005514431884788676,0.18033603153401562,0.006260372122641615,0.0004731879884639786,-0.00996373408324336,-3.1807920060265764,-4.093942378231239,0.0035880637980119736,-0.46635725551871293,-0.1494594722163728
26.814547538757324,2.8512904251464946,0.014878457109669998,-0.005514431884788676,0.17853267121867547,0.006197768401415199,0.00046845610857933884,-0.00996373408324336,-3.1807920060265764,-4.093942378231239,0.0035521831600318536,-0.4616936829635258,-0.14796487749420906
26.823503732681274,2.855276490217503,0.014950056836731826,-0.005098921431721022,0.1811992111816923,0.005840540751769862,0.0005414529209314301,-0.009774577496098837,-3.1700051893202414,-4.093155636440086,0.0038409579924733655,-0.4683796172256127,-0.15072945991189068
26.82764434814453,2.855276490217503,0.014950056836731826,-0.005098921431721022,0.17938721906987537,0.005782135344252163,0.0005360383917221158,-0.009774577496098837,-3.1700051893202414,-4.093155636440086,0.0038025484125486318,-0.4636958210533566,-0.14922216531277177
26.843457460403442,2.859386036651453,0.01504130069004479,-0.00477470206389363,0.18019285739724547,0.005598566733984214,0.0005769713515720608,-0.009595665334141575,-3.1592127488559973,-4.092305171614175,0.003942317897021984,-0.4654626397527678,-0.15014709790993444
26.84932780265808,2.859386036651453,0.01504130069004479,-0.00477470206389363,0.178390928823273,0.005542581066644372,0.0005712016380563401,-0.009595665334141575,-3.1592127488559973,-4.092305171614175,0.0039028947180517644,-0.46080801335524013,-0.1486456269308351
26.86941695213318,2.8633114977638816,0.015149330425815727,-0.0044733988647662135,0.17856162549709018,0.00539671420414361,0.0006069211016877417,-0.00941843010776079,-3.1485414740939484,-4.091413168881857,0.004002926489572488,-0.46118440821065976,-0.14904531056179518
26.875166416168213,2.8633114977638816,0.015149330425815727,-0.0044733988647662135,0.17677600924211928,0.005342747062102174,0.0006008518906708643,-0.00941843010776079,-3.1485414740939484,-4.091413168881857,0.003962897224676763,-0.4565725641285532,-0.14755485745617722
26.886167526245117,2.866790554154805,0.015243769284138866,-0.004352781217806635,0.17817136919895987,0.005234258620537752,0.0006481817011917313,-0.009244816943107394,-3.1378538590162712,-4.090491346539121,0.004174741336564715,-0.46112789074432886,-0.1495219939904191
26.900835514068604,2.869871363291003,0.015371721302750573,-0.004016361664552322,0.17849100307713683,0.005041227838287413,0.0007125233846056463,-0.009073323886651514,-3.1272913536409956,-4.08952266781314,0.004320159618717664,-0.46327466782449506,-0.15059556926284157
26.905496835708618,2.869871363291003,0.015371721302750573,-0.004016361664552322,0.17670609304636548,0.0049908155599045385,0.0007053981507595899,-0.009073323886651514,-3.1272913536409956,-4.08952266781314,0.004276958022530488,-0.4586419211462501,-0.14908961357021314
26.923858404159546,2.8737817011989306,0.015462452312179005,-0.0038908113452107095,0.1770690573013723,0.004907103112563865,0.0007280001727580351,-0.008904408133051876,-3.116678187180238,-4.088524003666454,0.004382975650122594,-0.45948439634530974,-0.14965268379377308
26.9294912815094,2.8737817011989306,0.015462452312179005,-0.0038908113452107095,0.17529836672835858,0.004858032081438226,0.0007207201710304548,-0.008904408133051876,-3.116678187180238,-4.088524003666454,0.004339145893621368,-0.45488955238185663,-0.14815615695583534
26.945386171340942,2.877865635600466,0.015595498915414351,-0.0033106488779104525,0.1761160629371222,0.004578126221268747,0.0007916292489311135,-0.00874696506429032,-3.106219268917519,-4.0875374963809765,0.004460629918755875,-0.4565300611912969,-0.14898893534502214
26.95058274269104,2.877865635600466,0.015595498915414351,-0.0033106488779104525,0.17435490230775097,0.00453234495905606,0.0007837129564418024,-0.00874696506429032,-3.106219268917519,-4.0875374963809765,0.004416023619568317,-0.45196476057938395,-0.1474990459915719
26.967272758483887,2.881719909650891,0.01567032167821022,-0.0030344175439876056,0.17492132056304113,0.00438774031096447,0.0008104782740497277,-0.008609463065892393,-3.095756357252295,-4.086619010199698,0.004517672892179123,-0.4533610087450705,-0.14816659448095165
26.972270488739014,2.881719909650891,0.01567032167821022,-0.0030344175439876056,0.17317210735741073,0.004343862907854825,0.0008023734913092304,-0.008609463065892393,-3.095756357252295,-4.086619010199698,0.0044724961632573315,-0.4488273986576198,-0.14668492853614212
26.990099906921387,2.8852455621761814,0.015732137558998025,-0.002711095905124521,0.1734184710998422,0.004188270131372221,0.0008249082865596305,-0.008492127908114603,-3.0854003177455844,-4.0857067424505615,0.0045528459385879416,-0.449827022384623,-0.14718555949651682
26.995600700378418,2.8852455621761814,0.015732137558998025,-0.002711095905124521,0.17168428638884378,0.004146387430058499,0.0008166592036940341,-0.008492127908114603,-3.0854003177455844,-4.0857067424505615,0.004507317479202062,-0.4453287521607768,-0.14571370390155164
27.00487732887268,2.888307275108119,0.015759033671918714,-0.0025421021839082385,0.17326849843257672,0.0039976674489600105,0.0008291476435273175,-0.008398036196221327,-3.0749778974947937,-4.084778838387784,0.004678731936681504,-0.4514998981081276,-0.1480399097316549
27.010133981704712,2.888307275108119,0.015759033671918714,-0.0025421021839082385,0.17153581344825095,0.00395769077447041,0.0008208561670920443,-0.008398036196221327,-3.0749778974947937,-4.084778838387784,0.004631944617314689,-0.4469848991270463,-0.14655951063433836
27.023314476013184,2.892009611898085,0.015839965071297122,-0.0018744356240267554,0.17263119958854364,0.0035909507177211064,0.0008856465957658865,-0.008323642428275602,-3.0646510381695715,-4.083824927356143,0.004723402198898338,-0.44992752604278025,-0.14773014847686822
27.028289556503296,2.892009611898085,0.015839965071297122,-0.0018744356240267554,0.1709048875926582,0.0035550412105438954,0.0008767901298082277,-0.008323642428275602,-3.0646510381695715,-4.083824927356143,0.004676168176909354,-0.44542825078235243,-0.14625284699209953
27.04096746444702,2.8959722118007654,0.01590882355278691,-0.0013983597194306835,0.17232284720780264,0.0032830290440101335,0.0009234938593840498,-0.008266184591374208,-3.0542677527701705,-4.0828567254526575,0.004760647743989968,-0.44873166564389166,-0.14752222354060168
27.046476364135742,2.8959722118007654,0.01590882355278691,-0.0013983597194306835,0.1705996187357246,0.003250198753570032,0.0009142589207902093,-0.008266184591374208,-3.0542677527701705,-4.0828567254526575,0.004713041266550069,-0.44424434898745274,-0.14604700130519566
27.060932397842407,2.899842078019339,0.015965438806934393,-0.0010891519494521601,0.17157146273298907,0.0030882363599674463,0.0009384873403998018,-0.008220373685333291,-3.0440163244982656,-4.081891567212082,0.00477253565118381,-0.4465266426042523,-0.14693216737170123
27.066136360168457,2.899842078019339,0.015965438806934393,-0.0010891519494521601,0.16985574810565918,0.0030573539963677718,0.0009291024669958038,-0.008220373685333291,-3.0440163244982656,-4.081891567212082,0.004724810294671971,-0.4420613761782098,-0.1454628456979842
27.09835696220398,2.9033092134856564,0.015934088046211155,-0.0016357526294867406,0.16923260960436512,0.0031463236032114807,0.0008948228512422888,-0.008179278299155109,-3.0337089816261216,-4.080935419535805,0.004723793268654908,-0.4406790407708435,-0.14505152772481797
27.10205602645874,2.9033092134856564,0.015934088046211155,-0.0016357526294867406,0.16754028350832148,0.003114860367179366,0.0008858746227298659,-0.008179278299155109,-3.0337089816261216,-4.080935419535805,0.004676555335968359,-0.4362722503631351,-0.1436010124475698
27.107218503952026,2.9063984205171702,0.016038608942746058,-0.001095686048209581,0.1718532203056615,0.002418214183969103,0.0010739679255269727,-0.008150838664979508,-3.0235275867424787,-4.07995795873552,0.004893965419846472,-0.45064577225598695,-0.14860125254483378
27.12424325942993,2.9102982187482676,0.016036051355466863,-0.0015843858901622289,0.17242432673272332,0.002599546058660031,0.0010298609951705261,-0.00812406262532248,-3.0132625505562634,-4.078958360963412,0.004924187684909946,-0.4518731919011576,-0.14906868692181705
27.129503965377808,2.9102982187482676,0.016036051355466863,-0.0015843858901622289,0.17070008346539609,0.002573550598073431,0.001019562385218821,-0.00812406262532248,-3.0132625505562634,-4.078958360963412,0.004874945808060846,-0.447354459982146,-0.14757800005259888
27.149837255477905,2.914309889481508,0.0161207404336227,-0.0012901911660885535,0.17096668522660668,0.0024623887087370875,0.0010406042298019065,-0.00809758307888767,-3.003140248479408,-4.0779916853502325,0.004892078793597227,-0.44762358453988177,-0.14768693862225377
27.160141468048096,2.914309889481508,0.0161207404336227,-0.0012901911660885535,0.16925701837434062,0.0024377648216497164,0.0010301981875038874,-0.00809758307888767,-3.003140248479408,-4.0779916853502325,0.004843158005661255,-0.44314734869448297,-0.14621006923603122
27.166328191757202,2.9180500641032427,0.01619249339584407,-0.0010927932751660333,0.1736114630700612,0.0022354791299199926,0.0010979182070361391,-0.008071810744710141,-2.9929715998334143,-4.077083350410654,0.0050122634584534404,-0.45441645599342867,-0.14982259468949524
27.172103881835938,2.9180500641032427,0.01619249339584407,-0.0010927932751660333,0.1718753484393606,0.0022131243386207928,0.0010869390249657778,-0.008071810744710141,-2.9929715998334143,-4.077083350410654,0.004962140823868906,-0.4498722914334944,-0.1483243687426003
27.183492183685303,2.9213838316274994,0.016275331215150488,-0.0007238843827530414,0.17308538710285737,0.001991738566887733,0.001137839277681277,-0.00804992673444373,-2.982903841800064,-4.0762074463335844,0.005027253895809368,-0.45383189567435234,-0.14952232108213645
27.19045090675354,2.9213838316274994,0.016275331215150488,-0.0007238843827530414,0.17135453323182878,0.001971821181218856,0.001126460884904464,-0.00804992673444373,-2.982903841800064,-4.0762074463335844,0.004976981356851274,-0.44929357671760883,-0.14802709787131507
27.205406188964844,2.9242466376761005,0.016327370235751513,-0.0005540361636954975,0.17155576684191795,0.0018875025067149297,0.0011395478661226288,-0.008032890072900858,-2.9727559676762416,-4.075318307847375,0.0050122665036802525,-0.4512978266576415,-0.14859026887473642
27.21171498298645,2.9242466376761005,0.016327370235751513,-0.0005540361636954975,0.16984020917349876,0.0018686274816477803,0.0011281523874614025,-0.008032890072900858,-2.9727559676762416,-4.075318307847375,0.00496214383864345,-0.4467848483910651,-0.14710436618598904
27.21853494644165,2.927812526967129,0.015742637856729604,-0.0006293117994239581,0.173365405887579,0.0018876682063603196,0.0005092242736239415,-0.00801564468525251,-2.9626786652056234,-4.074402917273277,0.0050921211718838125,-0.4564711375290941,-0.15007920843721279
27.223586082458496,2.927812526967129,0.015742637856729604,-0.0006293117994239581,0.17163175182870322,0.0018687915242967164,0.000504132030887702,-0.00801564468525251,-2.9626786652056234,-4.074402917273277,0.005041199960164974,-0.4519064261538031,-0.14857841635284066
27.249608039855957,2.9315797744247933,0.015333050680466958,-0.0007644159173788145,0.17136214061542257,0.0018807432252051263,0.0003836144332616606,-0.008000851823843828,-2.9525457051125303,-4.073488192445776,0.005035981477713085,-0.4511223037808589,-0.14824806764998996
27.25500512123108,2.9315797744247933,0.015333050680466958,-0.0007644159173788145,0.16964851920926835,0.001861935792953075,0.000379778288929044,-0.008000851823843828,-2.9525457051125303,-4.073488192445776,0.004985621662935954,-0.4466110807430503,-0.14676558697349007
27.274097442626953,2.9352213757932266,0.015016990449923016,-0.000850555671561696,0.16985837817512073,0.0018708964572423153,0.0002540130594715032,-0.00799124999990762,-2.9424982137281197,-4.072581563391862,0.004992987591446234,-0.44719831895513956,-0.14684087804472562
27.28042244911194,2.9352213757932266,0.015016990449923016,-0.000850555671561696,0.16815979439336953,0.0018521874926698922,0.0002514729288767882,-0.00799124999990762,-2.9424982137281197,-4.072581563391862,0.004943057715531772,-0.4427263357655882,-0.14537246926427835
27.285205602645874,2.9384733996645993,0.014776720688961999,-0.0007701037792916262,0.1732750116511381,0.0017163743129971416,-0.00010288946355561967,-0.007988136540910564,-2.932380080581958,-4.071673378763441,0.005106667192879117,-0.45863397891600144,-0.15004490286807623
27.28982901573181,2.9384733996645993,0.014776720688961999,-0.0007701037792916262,0.1715422615346267,0.0016992105698671702,-0.00010186056892006348,-0.007988136540910564,-2.932380080581958,-4.071673378763441,0.005055600520950326,-0.45404763912684143,-0.14854445383939546
27.30878782272339,2.941382798766649,0.014583145836299624,-0.0006841243293368943,0.17136104287442686,0.0016516076770664125,-0.0001720203863229813,-0.007991426648453127,-2.922340603796337,-4.070720197736874,0.0050543201332047425,-0.45459663251168403,-0.1486046721648003
27.31475257873535,2.941382798766649,0.014583145836299624,-0.0006841243293368943,0.1696474324456826,0.0016350916002957484,-0.00017030018245975148,-0.007991426648453127,-2.922340603796337,-4.070720197736874,0.005003776931872695,-0.4500506661865672,-0.1471186254431523
27.33763098716736,2.945149232332729,0.014430967193781183,-0.000718203948674226,0.16959684109815104,0.001631617173511153,-0.00022017473257528414,-0.007999955561386133,-2.9121874303659765,-4.069714381111621,0.004992238847797942,-0.4498167542300866,-0.14694466691489422
27.343443155288696,2.945149232332729,0.014430967193781183,-0.000718203948674226,0.16790087268716952,0.0016153010017760415,-0.0002179729852495313,-0.007999955561386133,-2.9121874303659765,-4.069714381111621,0.004942316459319962,-0.44531858668778573,-0.14547522024574527
27.365763902664185,2.95285982696024,0.01424950310233298,-0.0006143029389061477,0.16967599947106823,0.0015777771572148959,-0.00027941466397102906,-0.008005925522086217,-2.8920374079859266,-4.067713759445242,0.004975037459554264,-0.4495641246747422,-0.14659424384376848
27.37519645690918,2.95285982696024,0.01424950310233298,-0.0006143029389061477,0.16797923947635754,0.0015619993856427468,-0.0002766205173313188,-0.008005925522086217,-2.8920374079859266,-4.067713759445242,0.004925287084958722,-0.44506848342799477,-0.1451283014053308
27.385624170303345,2.956289190043155,0.014195691175268072,-0.0006148563319992788,0.16958783488561685,0.001557863146526122,-0.00031977814226926,-0.007999303266232253,-2.8820103026537893,-4.066699499085724,0.004972310071004612,-0.4498893925742214,-0.14640436980784677
27.388796091079712,2.956289190043155,0.014195691175268072,-0.0006148563319992788,0.16789195653676067,0.0015422845150608608,-0.0003165803608465674,-0.007999303266232253,-2.8820103026537893,-4.066699499085724,0.004922586970294566,-0.4453904986484792,-0.14494032610976829
27.41232419013977,2.9592697585350947,0.014065452705844776,-0.0016276143786351476,0.16747833408090923,0.0018174002984760167,-0.00038163127918775305,-0.007977915106962507,-2.871871734384591,-4.065629074221364,0.0049217556792174695,-0.4450915776128024,-0.14471952033989138
27.420257091522217,2.9592697585350947,0.014065452705844776,-0.0016276143786351476,0.16580355074010014,0.0017992262954912566,-0.0003778149663958755,-0.007977915106962507,-2.871871734384591,-4.065629074221364,0.004872538122425295,-0.44064066183667433,-0.14327232513649246
27.429330110549927,2.963144075921362,0.014088739419710259,-0.0014658081758743397,0.1684161799047655,0.001680894368626539,-0.00036173450808776246,-0.007944763076089873,-2.8618050070944747,-4.064528563304607,0.004961830516191491,-0.44693726773246845,-0.14500239829335645
27.450430393218994,2.9671254641676352,0.013946105954333562,-0.0036428840272838773,0.16861609783744028,0.002357912195801168,-0.00047192779355048533,-0.00789018266078371,-2.851653263633823,-4.063410511476064,0.004980212545782418,-0.44711366487643606,-0.14490927120846475
27.454583168029785,2.9671254641676352,0.013946105954333562,-0.0036428840272838773,0.16692993685906587,0.0023343330738431565,-0.0004672085156149805,-0.00789018266078371,-2.851653263633823,-4.063410511476064,0.004930410420324593,-0.4426425282276717,-0.1434601784963801
27.46932363510132,2.970933401867044,0.014036620217984658,-0.0032938487294359234,0.16784470843581745,0.0021656751385563566,-0.00041877209992529166,-0.007832452392260537,-2.8415690432827105,-4.062281944680839,0.0049808550895916225,-0.44482727319010995,-0.14394181029796682
27.475286960601807,2.970933401867044,0.014036620217984658,-0.0032938487294359234,0.16616626135145926,0.002144018387170793,-0.0004145843789260387,-0.007832452392260537,-2.8415690432827105,-4.062281944680839,0.004931046538695706,-0.4403790004582088,-0.14250239219498714
27.487638235092163,2.9743425883133816,0.014125419993057074,-0.0032736849105063906,0.16726513612850555,0.002126038497968548,-0.0003731000990262634,-0.007780868113056258,-2.8313882669069876,-4.061115678517055,0.0049969208845710295,-0.4439450192809181,-0.14338045650763626
27.493263959884644,2.9743425883133816,0.014125419993057074,-0.0032736849105063906,0.1655924847672205,0.0021047781129888625,-0.00036936909803600074,-0.007780868113056258,-2.8313882669069876,-4.061115678517055,0.004946951675725319,-0.43950556908810895,-0.1419466519425599
27.513928174972534,2.9773714928451978,0.014238670178037396,-0.003178316055210655,0.1654026855952442,0.0020615021755179984,-0.00033270101348972325,-0.00773352045560664,-2.8212626812215182,-4.059887308422577,0.00496436457756114,-0.43984707668098566,-0.14191461222836702
27.518786668777466,2.9773714928451978,0.014238670178037396,-0.003178316055210655,0.16374865873929176,0.0020408871537628184,-0.00032937400335482603,-0.00773352045560664,-2.8212626812215182,-4.059887308422577,0.004914720931785529,-0.4354486059141758,-0.14049546610608335
27.550578355789185,2.9852803472013254,0.014622096781709911,-0.002984350762621957,0.1645995986607163,0.0019959515260643897,-0.00025288773905857045,-0.007667134328417214,-2.800833429741788,-4.0571998844359,0.004945694826642737,-0.43730971610059266,-0.1409257434855542
27.553881883621216,2.9852803472013254,0.014622096781709911,-0.002984350762621957,0.16295360267410913,0.0019759920108037457,-0.00025035886166798474,-0.007667134328417214,-2.800833429741788,-4.0571998844359,0.00489623787837631,-0.43293661893958674,-0.13951648605069866
27.566142559051514,2.989071887214187,0.014843686693661826,-0.002930480499970644,0.16441749969815667,0.0019487264327447131,-0.0001383662599492136,-0.007648465221291957,-2.7905670745335596,-4.055788912519855,0.004940823013240969,-0.4367081485512358,-0.14053071494269573
27.571114540100098,2.989071887214187,0.014843686693661826,-0.002930480499970644,0.1627733247011751,0.001929239168417266,-0.00013698259734972148,-0.007648465221291957,-2.7905670745335596,-4.055788912519855,0.004891414783108559,-0.43234106706572345,-0.13912540779326876
27.599828481674194,2.992520988121793,0.015059046338481263,-0.0030358907408734774,0.16234707422601657,0.0019430306637164907,-9.271793985076454e-05,-0.007637508254669686,-2.780364625908604,-4.054320405035396,0.004879928324292909,-0.4314552561369652,-0.13876751774219656
27.6086585521698,2.992520988121793,0.015059046338481263,-0.0030358907408734774,0.16072360348375642,0.0019236003570793259,-9.17907604522569e-05,-0.007637508254669686,-2.780364625908604,-4.054320405035396,0.004831129041049979,-0.4271407035755956,-0.1373798425647746
27.612459897994995,2.995529724675276,0.01530949693210439,-0.0025902561037194783,0.16703758275713318,0.00119112540306193,0.00037064620779959554,-0.0076410844454140505,-2.770048768333158,-4.052735329651607,0.005035625748797347,-0.44910988410638886,-0.14408021827485068
27.61748194694519,2.995529724675276,0.01530949693210439,-0.0025902561037194783,0.16536720692956183,0.0011792141490313108,0.0003669397457215996,-0.0076410844454140505,-2.770048768333158,-4.052735329651607,0.004985269491309374,-0.44461878526532495,-0.14263941609210218
27.63433265686035,2.9993879942412813,0.015522589971202563,-0.002777343191840829,0.16600356320353718,0.0012570287481130692,0.00043212113003692756,-0.007657294835510656,-2.7597948390437668,-4.051065273834112,0.004985111206900086,-0.44605573589593533,-0.14305632176325286
27.643250703811646,2.9993879942412813,0.015522589971202563,-0.002777343191840829,0.1643435275715018,0.0012444584606319386,0.00042779991873655827,-0.007657294835510656,-2.7597948390437668,-4.051065273834112,0.004935260094831085,-0.441595178536976,-0.14162575854562034
27.656250953674316,3.0033454348723043,0.015878722866750964,-0.000842551337374847,0.16574992078072104,0.0002718962799221513,0.0006621409765533925,-0.007697395803576047,-2.749461891796732,-4.0493127809614435,0.00493666327821617,-0.4448658830134402,-0.14263970359800673
27.661885261535645,3.0033454348723043,0.015878722866750964,-0.000842551337374847,0.16409242157291382,0.0002691773171229298,0.0006555195667878585,-0.007697395803576047,-2.749461891796732,-4.0493127809614435,0.004887296645434008,-0.4404172241833058,-0.14121330656202666
27.683547735214233,3.007080604979295,0.016090601439729416,-0.0010918083795613065,0.16417585646119312,0.0003555193159367112,0.0007019445388269424,-0.00775746806792525,-2.7392002805786686,-4.047504418055954,0.004859726067915071,-0.44059545040400605,-0.14126350383009859
27.688615798950195,3.007080604979295,0.016090601439729416,-0.0010918083795613065,0.1625340978965812,0.0003519641227773441,0.000694925093438673,-0.00775746806792525,-2.7392002805786686,-4.047504418055954,0.00481112880723592,-0.436189495899966,-0.1398508687917976
27.700071573257446,3.0104029438285287,0.016405799729275534,0.0006780789869112279,0.16381567230808425,-0.0006470378710014561,0.000927499954288103,-0.007838950595800132,-2.728875842253117,-4.045626170408375,0.004789531741755095,-0.4405484725416876,-0.14125643747963795
27.70868492126465,3.0104029438285287,0.016405799729275534,0.0006780789869112279,0.1621775155850034,-0.0006405674922914415,0.0009182249547452219,-0.007838950595800132,-2.728875842253117,-4.045626170408375,0.004741636424337545,-0.43614298781627076,-0.13984387310484156
27.727259874343872,3.013347163960006,0.016568620229973765,0.00023980999844797678,0.16214030536786322,-0.0004659176936147178,0.0009513677398199628,-0.007930947046451002,-2.718623331173541,-4.043668530707846,0.00470462471268497,-0.4371212667967162,-0.14019639379121607
27.741800785064697,3.013347163960006,0.016568620229973765,0.00023980999844797678,0.16051890231418459,-0.0004612585166785706,0.0009418540624217632,-0.007930947046451002,-2.718623331173541,-4.043668530707846,0.004657578465558121,-0.43275005412874906,-0.1387944298533039
27.766422986984253,3.0211057154837393,0.016954803932471094,0.0021415649859260768,0.1620685783689936,-0.0009425728422531321,0.0010573718402064906,-0.00818048874447198,-2.6980454560765206,-4.039510419486013,0.004605082683737169,-0.436517148630585,-0.14008727225260711
27.771560192108154,3.0211057154837393,0.016954803932471094,0.0021415649859260768,0.16044789258530368,-0.0009331471138306007,0.0010467981218044257,-0.00818048874447198,-2.6980454560765206,-4.039510419486013,0.0045590318568997975,-0.43215197714427916,-0.13868639953008105
27.779215335845947,3.0248544592198674,0.017077269389427715,0.002539663659163138,0.16374338794674462,-0.001231403463294976,0.0011476164984228654,-0.00832925688704831,-2.6877608450409975,-4.037392570353474,0.004474417945452692,-0.44085319428705894,-0.1416117373640392
27.78476309776306,3.0248544592198674,0.017077269389427715,0.002539663659163138,0.16210595406727718,-0.0012190894286620263,0.0011361403334386368,-0.00832925688704831,-2.6877608450409975,-4.037392570353474,0.004429673765998165,-0.4364446623441883,-0.1401956199903988
27.802298307418823,3.028302835235924,0.017140303810173247,0.0020520385391059695,0.16245031619549363,-0.0010107103237635775,0.0011320283655216726,-0.008474157129969802,-2.677572643016838,-4.035241349422368,0.004369624432960879,-0.4377150632939482,-0.14066925389142948
27.8075213432312,3.028302835235924,0.017140303810173247,0.0020520385391059695,0.16082581303353868,-0.0010006032205259418,0.0011207080818664559,-0.008474157129969802,-2.677572643016838,-4.035241349422368,0.00432592818863127,-0.43333791266100874,-0.1392625613525152
27.823062658309937,3.031677549919868,0.017508692526219796,0.001345437061457222,0.1613881951455196,-0.0006699583690721457,0.0012417711562943685,-0.008618212142986218,-2.667304882565716,-4.03303668462126,0.00426674062416989,-0.4354165333450834,-0.14000444696746414
27.82729983329773,3.031677549919868,0.017508692526219796,0.001345437061457222,0.1597743131940644,-0.0006632587853814242,0.0012293534447314247,-0.008618212142986218,-2.667304882565716,-4.03303668462126,0.004224073217928191,-0.43106236801163256,-0.1386044024977895
27.84902596473694,3.0357654080856284,0.017720080815245773,0.0005288596706781483,0.1600570272151694,-0.000395199768361663,0.001261063163191358,-0.008754262054562584,-2.6571469636441334,-4.030839611827647,0.004173458141758824,-0.4312946945737566,-0.13871763216447566
27.855419874191284,3.0357654080856284,0.017720080815245773,0.0005288596706781483,0.15845645694301772,-0.00039124777067804634,0.0012484525315594444,-0.008754262054562584,-2.6571469636441334,-4.030839611827647,0.0041317235603412356,-0.426981747628019,-0.1373304558428309
27.869516849517822,3.0398934177489485,0.017926708217621327,0.0010837990061943765,0.15980251187924427,-0.0006236955630386511,0.0013350912344543622,-0.008889954571079814,-2.6469257042791736,-4.028629803110173,0.00407988865498783,-0.42976673920467545,-0.13825245414349158
27.87407946586609,3.0398934177489485,0.017926708217621327,0.0010837990061943765,0.15820448676045182,-0.0006174586074082646,0.0013217403221098187,-0.008889954571079814,-2.6469257042791736,-4.028629803110173,0.004039089768437951,-0.4254690718126287,-0.13686992960205666
27.898464918136597,3.0473321281892902,0.018166537584442668,0.0005545119302558589,0.15967245531879795,-0.0004477979083158552,0.001354958923544059,-0.009140438371061321,-2.6265921574675697,-4.024171286697881,0.003994962949762828,-0.4293444402458898,-0.13810590476456916
27.902795553207397,3.0473321281892902,0.018166537584442668,0.0005545119302558589,0.15807573076560996,-0.00044331992923269666,0.0013414093343086183,-0.009140438371061321,-2.6265921574675697,-4.024171286697881,0.003955013320265199,-0.4250509958434309,-0.13672484571692348
27.92657709121704,3.050546683180353,0.01825606932934196,-4.039725702440125e-05,0.15784584609295985,-0.0002661042763888888,0.0013398765738152252,-0.009268472789210043,-2.6164695378688925,-4.021861378266928,0.003911909423282232,-0.42495146298328923,-0.1367116746675153
27.93230700492859,3.050546683180353,0.01825606932934196,-4.039725702440125e-05,0.15626738763203024,-0.0002634432336249999,0.0013264778080770729,-0.009268472789210043,-2.6164695378688925,-4.021861378266928,0.0038727903290494098,-0.4207019483534563,-0.13534455792084013
27.94812297821045,3.0545713674658805,0.018354686338965066,-0.0005546303746034747,0.15724844369010993,-3.174267987613008e-05,0.0013343002607476022,-0.009411605925316627,-2.606232945547967,-4.019454154715724,0.003819755259523879,-0.4228112102782338,-0.13606956161784076
27.95513391494751,3.0545713674658805,0.018354686338965066,-0.0005546303746034747,0.15567595925320882,-3.142525307736878e-05,0.0013209572581401262,-0.009411605925316627,-2.606232945547967,-4.019454154715724,0.0037815577069286403,-0.4185830981754515,-0.13470886600166235
27.973165273666382,3.0587545845158153,0.01845641856116277,-0.001103504839237571,0.1564383089056067,0.00018243257854845866,0.0013264183885325735,-0.009564511695446634,-2.5961094387668133,-4.017033435942872,0.0037247797104788243,-0.41988204534606766,-0.1351639224400264
27.989129066467285,3.0587545845158153,0.01845641856116277,-0.001103504839237571,0.15487392581655063,0.00018060825276297406,0.0013131542046472477,-0.009564511695446634,-2.5961094387668133,-4.017033435942872,0.003687531913374036,-0.41568322489260695,-0.13381228321562613
27.99820590019226,3.06269474542085,0.018577930002420362,-0.001209655122787337,0.1576663322217489,0.0002831262442229231,0.001365538967668001,-0.009727926379957426,-2.585919527955654,-4.014602664747242,0.0036028722787030754,-0.42250826329272595,-0.13602799511784902
28.00495719909668,3.06269474542085,0.018577930002420362,-0.001209655122787337,0.1560896688995314,0.00028029498178069385,0.001351883577991321,-0.009727926379957426,-2.585919527955654,-4.014602664747242,0.0035668435559160446,-0.4182831806597987,-0.13466771516667053
28.023059129714966,3.069738214987257,0.018871496416923997,-0.0011201973012685237,0.158420819141712,0.00027150457332199247,0.001428286124376008,-0.010088725679280791,-2.5656322461099075,-4.009592323645187,0.003465955953240057,-0.425081796198359,-0.1368856802485737
28.02878189086914,3.069738214987257,0.018871496416923997,-0.0011201973012685237,0.15683661095029489,0.00026878952758877255,0.0014140032631322478,-0.010088725679280791,-2.5656322461099075,-4.009592323645187,0.0034312963937076562,-0.42083097823637544,-0.13551682344608795
28.04741334915161,3.0738503600591787,0.01900347317295612,-0.0009209234771094328,0.1574760965543069,0.00021098164795181374,0.0014387867767261325,-0.010282288324208244,-2.555537231589839,-4.0070087157481895,0.003358497080194415,-0.4219356197947738,-0.13591161201881286
28.059651851654053,3.0738503600591787,0.01900347317295612,-0.0009209234771094328,0.15590133558876382,0.0002088718314722956,0.0014243989089588712,-0.010282288324208244,-2.555537231589839,-4.0070087157481895,0.003324912109392471,-0.41771626359682607,-0.13455249589862472
28.08314800262451,3.081752792893293,0.019142226351049507,-0.0005882740639940822,0.1577063870719616,0.00013598036155023025,0.0014370809844366419,-0.01067946160934203,-2.5353219616908436,-4.0018358161844665,0.0032276667011017154,-0.4219972945036753,-0.13591866426702096
28.098673582077026,3.081752792893293,0.019142226351049507,-0.0005882740639940822,0.15612932320124198,0.00013462055793472794,0.0014227101745922755,-0.01067946160934203,-2.5353219616908436,-4.0018358161844665,0.0031953900340906984,-0.41777732155863856,-0.13455947762435075
28.109318256378174,3.0850938485720207,0.01915581495062642,-0.00028566464850655795,0.15770780574156307,-3.188005974315297e-05,0.0014090416994288568,-0.010874834407734605,-2.525190705639715,-3.9992516420436868,0.0030966553864202715,-0.42296667676068234,-0.1361746028168526
28.119924068450928,3.0850938485720207,0.01915581495062642,-0.00028566464850655795,0.15613072768414743,-3.156125914572144e-05,0.0013949512824345683,-0.010874834407734605,-2.525190705639715,-3.9992516420436868,0.003065688832556069,-0.4187370099930755,-0.13481285678868407
28.123988151550293,3.0887574412154337,0.019022715358576515,-0.00019504748467945882,0.16358251280099007,-0.00012709356066538957,0.0011361456718286295,-0.011063110148259917,-2.5151584357728294,-3.996665327093808,0.002872680806894203,-0.4388686056810949,-0.14112198462041284
28.14009189605713,3.0887574412154337,0.019022715358576515,-0.00019504748467945882,0.16194668767298015,-0.0001258226250587357,0.0011247842151103431,-0.011063110148259917,-2.5151584357728294,-3.996665327093808,0.002843953998825261,-0.43447991962428395,-0.1397107647742087
28.145994186401367,3.092835412948155,0.01891561687429326,0.00045205587753910706,0.16723940466002135,-0.0007946082139026464,0.00098705343878215,-0.011244724139601816,-2.5050319126318743,-3.994055528447955,0.0027176635945807878,-0.44705894300289867,-0.14356542275438208
28.15512490272522,3.092835412948155,0.01891561687429326,0.00045205587753910706,0.16556701061342113,-0.0007866621317636199,0.0009771829043943286,-0.011244724139601816,-2.5050319126318743,-3.994055528447955,0.0026904869586349797,-0.4425883535728697,-0.14212976852683826
28.184117794036865,3.100477203091684,0.018731636408210756,0.0014683223025500959,0.16654810547346202,-0.000989665165684027,0.0009219896987159109,-0.011611116313642703,-2.484917724147815,-3.988943122712574,0.002622374649486867,-0.44502288022482966,-0.14275518947926122
28.190775871276855,3.100477203091684,0.018731636408210756,0.0014683223025500959,0.1648826244187274,-0.0009797685140271867,0.0009127698017287518,-0.011611116313642703,-2.484917724147815,-3.988943122712574,0.002596150902991998,-0.44057265142258134,-0.14132763758446862
28.2052743434906,3.103725349307123,0.01864369552653066,0.0015991678108901123,0.16547410726034295,-0.0010148657103363511,0.0008580954645526812,-0.01179659269869101,-2.47489974447183,-3.9863651844779318,0.0025268113574784218,-0.443005476729282,-0.14195247743554656
28.212210655212402,3.103725349307123,0.01864369552653066,0.0015991678108901123,0.1638193661877395,-0.0010047170532329877,0.0008495145099071544,-0.01179659269869101,-2.47489974447183,-3.9863651844779318,0.0025015432439036375,-0.4385754219619892,-0.1405329526611911
28.22150945663452,3.1066984240998314,0.01823901424540148,0.0013821654450029447,0.16537490425558263,-0.000829770867355598,0.0005473815614852495,-0.01197207377056233,-2.4647836064575848,-3.9836732340753893,0.002417673656815069,-0.44496264407945096,-0.14239990244653522
28.239835500717163,3.110487602109997,0.01793749104476696,-7.022872839434483e-05,0.16578467586852982,-0.0003012983784533252,0.0004203788015526203,-0.012141013357226659,-2.454750268294231,-3.9809031325970894,0.0023641026374328442,-0.44593905333685935,-0.1426567378112785
28.25234889984131,3.110487602109997,0.01793749104476696,-7.022872839434483e-05,0.16412682910984452,-0.0002982853946687919,0.0004161750135370941,-0.012141013357226659,-2.454750268294231,-3.9809031325970894,0.0023404616110585157,-0.44147966280349077,-0.1412301704331657
28.264944791793823,3.1143876563959805,0.017729080912481494,5.2034717596842195e-05,0.1655811683676177,-0.000341644085814192,0.000295219587954947,-0.012286551337130257,-2.4446964204067627,-3.978088661432571,0.0022921092234088024,-0.4449839011991,-0.14226821414153767
28.268961906433105,3.1143876563959805,0.017729080912481494,5.2034717596842195e-05,0.1639253566839415,-0.0003382276449560501,0.0002922673920753975,-0.012286551337130257,-2.4446964204067627,-3.978088661432571,0.0022691881311747144,-0.44053406218710894,-0.1408455320001223
28.279270887374878,3.1180909933310725,0.017573699678202964,-0.0010155357886866903,0.16587386222561618,0.00034825551641318766,0.00017061373946240376,-0.01243532447624455,-2.4347069685356364,-3.9752181165990708,0.00220914443597168,-0.4457518318756679,-0.14244800614430253
28.284970998764038,3.1180909933310725,0.017573699678202964,-0.0010155357886866903,0.16421512360336002,0.0003447729612490558,0.00016890760206777973,-0.01243532447624455,-2.4347069685356364,-3.9752181165990708,0.002187052991611963,-0.44129431355691123,-0.1410235260828595
28.307973384857178,3.121441216749868,0.017484270835218543,-0.00029805905207766254,0.16403023039654008,0.00014905194395561363,0.00013892573272704793,-0.012576333163142253,-2.4247292320363716,-3.9723129918726916,0.0021520802931027515,-0.4411932196423827,-0.14096319324339507
28.32311773300171,3.121441216749868,0.017484270835218543,-0.00029805905207766254,0.1623899280925747,0.0001475614245160575,0.00013753647539977744,-0.012576333163142253,-2.4247292320363716,-3.9723129918726916,0.002130559490171724,-0.43678128744595884,-0.1395535613109611
28.328815937042236,3.1248728581104124,0.01795738448795803,0.0013893576699679972,0.16680401999734012,-0.001710493015000029,0.0006643929252867709,-0.01273760217808574,-2.4147876639713215,-3.969314471403007,0.002031058906037179,-0.4497722624177298,-0.14371048631141856
28.334176063537598,3.1248728581104124,0.01795738448795803,0.0013893576699679972,0.16513597979736672,-0.0016933880848500288,0.0006577489960339031,-0.01273760217808574,-2.4147876639713215,-3.969314471403007,0.0020107483169768074,-0.44527453979355247,-0.14227338144830437
28.340315103530884,3.1288890601650756,0.018265304040426436,0.0017992201124837732,0.17003200832654014,-0.002061228036787914,0.0009541753759365708,-0.012899228368722572,-2.4048586252129662,-3.9662657965078085,0.0019216617937936208,-0.4569332216287201,-0.14602108893301138
28.36077356338501,3.1329428343681336,0.018506711228735054,0.0034069480257892517,0.17031731145578693,-0.002529521089573696,0.001016881282576956,-0.013079975149575063,-2.394985562913625,-3.9632151212740574,0.0018743271776039598,-0.45717749153494996,-0.14609357918753052
28.366179704666138,3.1329428343681336,0.018506711228735054,0.0034069480257892517,0.16861413834122907,-0.002504225878677959,0.0010067124697511864,-0.013079975149575063,-2.394985562913625,-3.9632151212740574,0.0018555839058279201,-0.4526057166196005,-0.1446326433956552
28.381030082702637,3.1367094496780057,0.018703975999420638,0.003543132624895137,0.1694654228004701,-0.0025205837224711223,0.001074788279832145,-0.013228760401313433,-2.385132492820396,-3.9601800958869258,0.0018205635999731674,-0.4547053105478788,-0.1452621794663797
28.416211128234863,3.1400832400831584,0.018875701431326417,0.003653733384171422,0.16873012477097116,-0.00250892430006017,0.0010926169326536568,-0.013363432523022039,-2.3753020236401166,-3.9571074196148723,0.001799703025975612,-0.4529514851839394,-0.14468704755102943
28.421449661254883,3.1400832400831584,0.018875701431326417,0.003653733384171422,0.16704282352326144,-0.0024838350570595682,0.0010816907633271202,-0.013363432523022039,-2.3753020236401166,-3.9571074196148723,0.0017817059957158559,-0.4484219703321,-0.14324017707551914
28.431310415267944,-3.1394417918892756,-0.01958100354846305,-0.003925395175543878,0.16896070959886642,-0.002613080383940403,0.0015333110866019683,-0.013473801429792067,-2.3654366121012615,-3.953968003908964,0.0017847428127495631,-0.45394966598844055,-0.1449707460639528
28.439205408096313,-3.1394417918892756,-0.01958100354846305,-0.003925395175543878,0.16727110250287774,-0.002586949580100999,0.0015179779757359486,-0.013473801429792067,-2.3654366121012615,-3.953968003908964,0.0017668953846220676,-0.44941016932855615,-0.14352103860331328
28.4441659450531,-3.135372926685747,-0.020016778478162377,-0.004681041423246303,0.1737982559858423,-0.0034887823294676855,0.002104998923205045,-0.013568017137227216,-2.3556275109619595,-3.9508320022255834,0.0018307265991951457,-0.4647295540387544,-0.14828610810947968
28.449859142303467,-3.135372926685747,-0.020016778478162377,-0.004681041423246303,0.17206027342598387,-0.0034538945061730088,0.0020839489339729944,-0.013568017137227216,-2.3556275109619595,-3.9508320022255834,0.0018124193332031942,-0.4600822584983668,-0.14680324702838488
28.459070682525635,-3.1313944337629325,-0.020350885577911017,-0.0053415474030254805,0.17465761585354408,-0.0038546321937230504,0.0023173837002542262,-0.013649189008275582,-2.345765892299026,-3.9476703857672604,0.0018570757075246234,-0.46622153378638587,-0.14865889209041705
28.463311910629272,-3.1313944337629325,-0.020350885577911017,-0.0053415474030254805,0.17291103969500865,-0.00381608587178582,0.002294209863251684,-0.013649189008275582,-2.345765892299026,-3.9476703857672604,0.001838504950449377,-0.461559318448522,-0.14717230316951288
28.48167133331299,-3.1277034034012674,-0.020654643991084385,-0.005427951505757766,0.17319112046593707,-0.00379772967814499,0.0023886741214452687,-0.013731634856257384,-2.3359572731989604,-3.944505986115248,0.001851783846489985,-0.4623096694690429,-0.147350207507767
28.486174821853638,-3.1277034034012674,-0.020654643991084385,-0.005427951505757766,0.1714592092612777,-0.00375975238136354,0.002364787380230816,-0.013731634856257384,-2.3359572731989604,-3.944505986115248,0.001833266008025085,-0.4576865727743525,-0.14587670543268932
28.504005670547485,-3.1244429371432916,-0.02095139159872754,-0.0059612635871345,0.1715725193830525,-0.0039043457613302415,0.002457220801410089,-0.013823453118703479,-2.3260924787350876,-3.941286170585659,0.0018445485238363544,-0.45867230928297476,-0.14612901403834389
28.509458303451538,-3.1244429371432916,-0.02095139159872754,-0.0059612635871345,0.16985679418922198,-0.003865302303716939,0.002432648593395988,-0.013823453118703479,-2.3260924787350876,-3.941286170585659,0.0018261030385979908,-0.454085586190145,-0.14466772389796045
28.525476694107056,-3.1207486078954485,-0.021045980855556142,-0.0057831727972000695,0.1704636825696156,-0.003743171720030222,0.002461054355755942,-0.013940328915655982,-2.316272325949682,-3.9379949686459317,0.001825225838191057,-0.45571700121581604,-0.14514803074372354
28.530919551849365,-3.1207486078954485,-0.021045980855556142,-0.0057831727972000695,0.16875904574391945,-0.00370574000282992,0.0024364438121983823,-0.013940328915655982,-2.316272325949682,-3.9379949686459317,0.0018069735798091464,-0.4511598312036579,-0.1436965504362863
28.539223670959473,-3.1165552623047104,-0.021090848443015085,-0.006314630777288742,0.17212203572479673,-0.00405186273962348,0.002473624345132789,-0.014087364805840682,-2.306390856353598,-3.934611443191273,0.0017894749490309546,-0.45864689493473226,-0.14603618981573785
28.54243040084839,-3.1165552623047104,-0.021090848443015085,-0.006314630777288742,0.17040081536754875,-0.004011344112227246,0.002448888101681461,-0.014087364805840682,-2.306390856353598,-3.934611443191273,0.001771580199540645,-0.45406042598538493,-0.14457582791758047
28.564914226531982,-3.1123616215603715,-0.021149421285202613,-0.007185826038878227,0.1705625377458564,-0.004210287416173319,0.002449884652157737,-0.014278465585688026,-2.2965711958050057,-3.9311911217472693,0.001735248723746302,-0.45393044688089695,-0.14452358885631605
28.569820165634155,-3.1123616215603715,-0.021149421285202613,-0.007185826038878227,0.16885691236839784,-0.004168184542011586,0.0024253858056361597,-0.014278465585688026,-2.2965711958050057,-3.9311911217472693,0.001717896236508839,-0.449391142412088,-0.1430783529677529
28.58725619316101,-3.1084671793811465,-0.021265683963888234,-0.00782930749934783,0.16940197017864103,-0.004352799405034265,0.002455428638652853,-0.01451943152748525,-2.286721172267428,-3.927722360720059,0.0016497997987928292,-0.45061041045393685,-0.14344972189460978
28.594562292099,-3.1084671793811465,-0.021265683963888234,-0.00782930749934783,0.1677079504768546,-0.004309271410983922,0.0024308743522663246,-0.01451943152748525,-2.286721172267428,-3.927722360720059,0.0016333018008049009,-0.44610430634939746,-0.1420152246756637
28.599539041519165,-3.1049638375631714,-0.021469525925836775,-0.00843972498539925,0.17306868961798788,-0.005024118594137842,0.0027057846484001224,-0.014826625589033395,-2.2769094546011948,-3.9241637336280113,0.001311021474988735,-0.461612891246806,-0.1470228838383903
28.606945991516113,-3.1049638375631714,-0.021469525925836775,-0.00843972498539925,0.171338002721808,-0.004973877408196464,0.002678726801916121,-0.014826625589033395,-2.2769094546011948,-3.9241637336280113,0.0012979112602388477,-0.45699676233433795,-0.1455526550000064
28.62523651123047,-3.101946538476956,-0.021805381425932573,-0.009017025865274437,0.17127312616445617,-0.00512135253686063,0.0027783411596469906,-0.015201093635549934,-2.267082995756131,-3.9204892758673577,0.001167335589523212,-0.45787675617641205,-0.1458929251522965
28.62981629371643,-3.101946538476956,-0.021805381425932573,-0.009017025865274437,0.1695603949028116,-0.005070139011492023,0.0027505577480505207,-0.015201093635549934,-2.267082995756131,-3.9204892758673577,0.0011556622336279798,-0.45329798861464793,-0.14443399590077352
28.642801761627197,-3.0982101998233733,-0.022066293971338496,-0.009686886696369799,0.17074097096638996,-0.005340291189098125,0.0028674084854780784,-0.01564472487826181,-2.257286436574138,-3.916713867358023,0.0009279641519503596,-0.4564320200125525,-0.145569510904937
28.647949934005737,-3.0982101998233733,-0.022066293971338496,-0.009686886696369799,0.16903356125672606,-0.0052868882772071435,0.0028387344006232974,-0.01564472487826181,-2.257286436574138,-3.916713867358023,0.000918684510430856,-0.45186769981242697,-0.14411381579588764
28.6664297580719,-3.094461139383583,-0.022288286213346806,-0.010236804513105798,0.16937116931096785,-0.005417782100733088,0.0028993630842524755,-0.016142507558364938,-2.247497879744963,-3.9128593084771093,0.0007300963957639858,-0.45274139055627677,-0.14450854714287267
28.671090602874756,-3.094461139383583,-0.022288286213346806,-0.010236804513105798,0.16767745761785818,-0.005363604279725757,0.002870369453409951,-0.016142507558364938,-2.247497879744963,-3.9128593084771093,0.0007227954318063459,-0.448213976650714,-0.14306346167144396
28.684213399887085,-3.0909360237045593,-0.022493648693793722,-0.010007021821935006,0.16868506811342346,-0.005185820406349585,0.0029667815263262876,-0.016669923099506122,-2.23775297901287,-3.9089456784151606,0.000440895008177889,-0.4513039780198119,-0.14423809794699727
28.69007110595703,-3.0909360237045593,-0.022493648693793722,-0.010007021821935006,0.1669982174322892,-0.005133962202286089,0.0029371137110630247,-0.016669923099506122,-2.23775297901287,-3.9089456784151606,0.0004364860580961101,-0.4467909382396138,-0.1427957169675273
28.70552968978882,-3.0877926954952626,-0.022624205823338527,-0.011045202268770577,0.167361622851182,-0.0055084038919172434,0.0029674573529207913,-0.017204106060115396,-2.228024415134574,-3.904975678666271,0.000196919038089591,-0.4487494150903798,-0.14359638928953813
28.712247610092163,-3.0877926954952626,-0.022624205823338527,-0.011045202268770577,0.1656880066226702,-0.005453319852998071,0.0029377827793915833,-0.017204106060115396,-2.228024415134574,-3.904975678666271,0.00019494984770869508,-0.444261920939476,-0.14216042539664275
28.726069450378418,-3.084463738585822,-0.022510313098946876,-0.01017530496487395,0.16643936796945108,-0.004977828579795986,0.002885877848544236,-0.017737496506407806,-2.218329662558899,-3.900933284447636,-7.139003912963302e-05,-0.4469934904454148,-0.1432609077694846
28.745027780532837,-3.0806891445128235,-0.022187064885767556,-0.010087739825121823,0.1667673531155807,-0.004884927792607533,0.0027631591100211127,-0.01824881260468797,-2.2086372646905845,-3.8968242782236096,-0.000252668911211175,-0.44776159118663417,-0.14368236694411368
28.749693632125854,-3.0806891445128235,-0.022187064885767556,-0.010087739825121823,0.16509967958442487,-0.004836078514681458,0.0027355275189209017,-0.01824881260468797,-2.2086372646905845,-3.8968242782236096,-0.0002501422220990632,-0.4432839752747678,-0.14224554327467254
28.767443895339966,-3.07694575605233,-0.02184270283742807,-0.008055034226533267,0.1655572005513984,-0.004029870417609339,0.0026214634163924367,-0.018756808679903363,-2.1990034318015845,-3.892719833101051,-0.000444590902983911,-0.4444199082719199,-0.1427815972986196
28.774636030197144,-3.07694575605233,-0.02184270283742807,-0.008055034226533267,0.16390162854588441,-0.0039895717134332456,0.002595248782228512,-0.018756808679903363,-2.1990034318015845,-3.892719833101051,-0.0004401449939540719,-0.4399757091892007,-0.14135378132563342
28.787627935409546,-3.073466367745675,-0.02133717516999886,-0.009614388301773998,0.1649460808123166,-0.004707596810483226,0.0023104100846739863,-0.019264330326551837,-2.1893652528122143,-3.8886021717147807,-0.0007037392927998431,-0.44319750497506,-0.14259985197972969
28.795504808425903,-3.073466367745675,-0.02133717516999886,-0.009614388301773998,0.16329662000419343,-0.004660520842378394,0.0022873059838272466,-0.019264330326551837,-2.1893652528122143,-3.8886021717147807,-0.0006967018998718447,-0.43876552992530937,-0.14117385345993239
28.808305025100708,-3.0703269647517297,-0.020972942930956688,-0.008146393415336966,0.16411669170678816,-0.00384981331383862,0.0021232993005636694,-0.019769482124962677,-2.179776212825057,-3.884450358762797,-0.0009647753379304726,-0.4420855423654304,-0.142466241319929
28.82526969909668,-3.0703269647517297,-0.020972942930956688,-0.008146393415336966,0.16247552478972027,-0.003811315180700234,0.0021020663075580325,-0.019769482124962677,-2.179776212825057,-3.884450358762797,-0.000955127584551168,-0.43766468694177607,-0.1410415789067297
28.842127799987793,-3.06622180594597,-0.020556623885948748,-0.008868024285652842,0.16328857193110233,-0.004034254226812277,0.0019274079019333504,-0.02025523522574146,-2.1701477990509233,-3.880251050259767,-0.0011428177429666571,-0.43917397897871624,-0.14168674414289192
28.850974321365356,-3.06622180594597,-0.020556623885948748,-0.008868024285652842,0.1616556862117913,-0.003993911684544155,0.0019081338229140169,-0.02025523522574146,-2.1701477990509233,-3.880251050259767,-0.0011313895655369905,-0.43478223918892905,-0.14026987670146301
28.856380224227905,-3.0619127783443667,-0.02034579962017396,-0.005668065907804477,0.1680007833598924,-4.672824947120086e-05,0.0018374942903192394,-0.020744188505403983,-2.1605898967474237,-3.876067792490574,-0.0017597974713395867,-0.4486846594893181,-0.14517739180765787
28.868494272232056,-3.0577581572504076,-0.02001666635735539,-0.006324707440559566,0.16975359735054094,-0.0003750737381737615,0.0016486842835322733,-0.021213540108975956,-2.151003170003675,-3.8718827800050923,-0.0020113958492508424,-0.452377181262609,-0.14650724454307965
28.87357807159424,-3.0577581572504076,-0.02001666635735539,-0.006324707440559566,0.16805606137703552,-0.0003713230007920239,0.0016321974406969504,-0.021213540108975956,-2.151003170003675,-3.8718827800050923,-0.001991281890758334,-0.4478534094499829,-0.14504217209764886
28.885647296905518,-3.053993841841988,-0.019952644524110965,-0.0028945710350972713,0.16948671586349823,0.0015072207294074657,0.0016786819242577509,-0.021687240017160454,-2.1414504800457004,-3.867692680014998,-0.0022527070732412647,-0.451567415521554,-0.14635868457816512
28.895609140396118,-3.053993841841988,-0.019952644524110965,-0.0028945710350972713,0.16779184870486324,0.0014921485221133911,0.0016618951050151732,-0.021687240017160454,-2.1414504800457004,-3.867692680014998,-0.002230180002508852,-0.44705174136633846,-0.14489509773238346
28.90987777709961,-3.0506090920107867,-0.019684841964260732,-0.005288144401088126,0.16849227672133682,0.0003986318858372566,0.0014867336118074288,-0.022135829831621132,-2.131884502032267,-3.863478287834638,-0.002425006657998369,-0.44952936272242244,-0.14577962745208914
28.91654348373413,-3.0506090920107867,-0.019684841964260732,-0.005288144401088126,0.16680735395412344,0.00039464556697888404,0.0014718662756893544,-0.022135829831621132,-2.131884502032267,-3.863478287834638,-0.002400756591418385,-0.4450340690951982,-0.14432183117756825
28.946370124816895,-3.041797534629352,-0.019852190218248533,-0.0007988610457818439,0.16808808307498374,0.0013915042154478054,0.0015563420861652948,-0.022914150842292678,-2.112738499144719,-3.854976276744979,-0.0025509209772632685,-0.44725757752806483,-0.14507576591142718
28.950469732284546,-3.041797534629352,-0.019852190218248533,-0.0007988610457818439,0.16640720224423391,0.0013775891732933274,0.0015407786653036418,-0.022914150842292678,-2.112738499144719,-3.854976276744979,-0.0025254117674906357,-0.4427850017527842,-0.14362500825231292
28.97009563446045,-3.0374940902319234,-0.020132630657769917,0.004021744337809695,0.1669230557778949,0.0029855995158336013,0.0017096651830818418,-0.023227465076171676,-2.103159615726019,-3.850780531469015,-0.0025987679708868307,-0.44343519324002395,-0.14380779612469233
28.975404500961304,-3.0374940902319234,-0.020132630657769917,0.004021744337809695,0.16525382522011595,0.0029557435206752653,0.0016925685312510234,-0.023227465076171676,-2.103159615726019,-3.850780531469015,-0.002572780291177962,-0.4390008413076237,-0.1423697181634454
28.98439121246338,-3.0335284666803264,-0.019964920675145072,0.0010932321009308325,0.16803173802899063,0.0008223480712871659,0.0014550001740339933,-0.023508969361605393,-2.093571303047161,-3.846613914864641,-0.0027198740050938183,-0.44572104628938647,-0.14440501309886966
28.988821983337402,-3.0335284666803264,-0.019964920675145072,0.0010932321009308325,0.16635142064870073,0.0008141245905742943,0.0014404501722936533,-0.023508969361605393,-2.093571303047161,-3.846613914864641,-0.0026926752650428803,-0.4412638358264926,-0.14296096296788097
29.02625799179077,-3.0256315899119364,-0.0197080372982946,-0.0014191776983325743,0.16680054471143266,0.0003801030437820233,0.0013653425218879117,-0.023994805132559468,-2.074321964698999,-3.8381471220863195,-0.00272521765279755,-0.4422214053629762,-0.1431832568365122
29.056190490722656,-3.0256315899119364,-0.0197080372982946,-0.0014191776983325743,0.16513253926431834,0.0003763020133442031,0.0013516890966690325,-0.023994805132559468,-2.074321964698999,-3.8381471220863195,-0.002697965476269574,-0.43779919130934647,-0.14175142426814707
29.0606427192688,-3.021136763174976,-0.019536532856007437,-0.002508161520128672,0.1735879842985327,-0.0011660946915229683,0.001038389694420102,-0.024206594142281414,-2.064679627519847,-3.8339006833180242,-0.002846537388004148,-0.45607150796541995,-0.14720181488595638
29.06410264968872,-3.021136763174976,-0.019536532856007437,-0.002508161520128672,0.17185210445554738,-0.0011544337446077386,0.0010280057974759009,-0.024206594142281414,-2.064679627519847,-3.8339006833180242,-0.0028180720141241064,-0.45151079288576573,-0.14572979673709682
29.067601442337036,-3.016920173087593,-0.01934026735982123,-0.0037082375819515348,0.1821996821700745,-0.003317547761436325,0.0005718151621168882,-0.02440020424229301,-2.054999265751603,-3.829630975810791,-0.0029544857302335635,-0.475970253140806,-0.1529430593292943
29.07059144973755,-3.016920173087593,-0.01934026735982123,-0.0037082375819515348,0.18037768534837376,-0.003284372283821962,0.0005660970104957193,-0.02440020424229301,-2.054999265751603,-3.829630975810791,-0.0029249408729312277,-0.4712105506093979,-0.15141362873600137
29.083547115325928,-3.013098903096317,-0.01919688146234285,-0.004242721137787901,0.18152528018449196,-0.0035039626447480447,0.00048623182321792644,-0.02459857055870266,-2.045318621372505,-3.8253480127601156,-0.00294335302683691,-0.47433374107669574,-0.15222129843146104
29.087909698486328,-3.013098903096317,-0.01919688146234285,-0.004242721137787901,0.17971002738264705,-0.0034689230183005642,0.00048136950498574717,-0.02459857055870266,-2.045318621372505,-3.8253480127601156,-0.0029139194965685407,-0.4695904036659288,-0.1506990854471464
29.111411571502686,-3.0097454809116844,-0.019043182107242883,-0.005566186979722587,0.17934169748134846,-0.0037966883071818653,0.00041726096007807403,-0.024786152192178258,-2.0356193108878946,-3.820987307589596,-0.0029052200902161254,-0.4692302103884081,-0.1504893128124462
29.116472005844116,-3.0097454809116844,-0.019043182107242883,-0.005566186979722587,0.17754828050653496,-0.0037587214241100466,0.0004130883504772933,-0.024786152192178258,-2.0356193108878946,-3.820987307589596,-0.0028761678893139643,-0.464537908284524,-0.14898441968432174
29.121124029159546,-3.005523190575004,-0.01904278226438259,-0.005650105202021279,0.18484910577069016,-0.003796800721397679,0.00045459483400043187,-0.02497538040672875,-2.0259071745316115,-3.8165460554569286,-0.0029522085850924046,-0.48187470419131556,-0.15412337682222196
29.14739227294922,-3.0012562829866782,-0.019115514413538568,-0.005455105638586981,0.18462452322773706,-0.0037030513796543598,0.00048150522757798203,-0.025148424677178847,-2.016186926310643,-3.8120243739683572,-0.0029348344887106274,-0.48096116430826147,-0.1537693258931742
29.152776956558228,-3.0012562829866782,-0.019115514413538568,-0.005455105638586981,0.1827782779954597,-0.0036660208658578163,0.0004766901753022022,-0.025148424677178847,-2.016186926310643,-3.8120243739683572,-0.002905486143823521,-0.47615155266517883,-0.15223163263424247
29.184842586517334,-2.9936984463094727,-0.019367988162789493,-0.004680023142598175,0.18330617584060244,-0.0034609331758993656,0.0005495958158434609,-0.025482091959393206,-1.996757937031532,-3.8027967699016316,-0.0028922155794776847,-0.4778077359761444,-0.15266331246429
29.191288948059082,-2.9936984463094727,-0.019367988162789493,-0.004680023142598175,0.1814731140821964,-0.003426323844140372,0.0005440998576850262,-0.025482091959393206,-1.996757937031532,-3.8027967699016316,-0.0028632934236829076,-0.47302965861638296,-0.15113667933964708
29.208632230758667,-2.9905606354203202,-0.019581103575167687,-0.003433587570415714,0.18146449007015142,-0.0029109261150974505,0.0006662413038489762,-0.02564811412989093,-1.9870653838922079,-3.798004105494567,-0.0028495483135953493,-0.47424078222793864,-0.15151685212088237
29.21373414993286,-2.9905606354203202,-0.019581103575167687,-0.003433587570415714,0.1796498451694499,-0.002881816853946476,0.0006595788908104864,-0.02564811412989093,-1.9870653838922079,-3.798004105494567,-0.002821052830459396,-0.4694983744056592,-0.15000168359967353
29.222960472106934,-2.9867033290620664,-0.019589204608757755,-0.004369661912976436,0.18203703622317738,-0.0035060476279154306,0.0006305286255429615,-0.02579454701387539,-1.9773971361646578,-3.7930599380940935,-0.0027962678647546315,-0.47598446660975513,-0.15218054613010584
29.227977991104126,-2.9867033290620664,-0.019589204608757755,-0.004369661912976436,0.1802166658609456,-0.003470987151636276,0.0006242233392875319,-0.02579454701387539,-1.9773971361646578,-3.7930599380940935,-0.002768305186107085,-0.47122462194365755,-0.15065874066880477
29.24920654296875,-2.98274622366693,-0.019703887217277376,-0.0037231807235182292,0.18027713866982759,-0.003226358064263662,0.0006804553074360133,-0.02593841793849901,-1.9677753709350736,-3.7880481433978552,-0.002741457361301844,-0.47136157359384845,-0.15076672224358925
29.25874090194702,-2.98274622366693,-0.019703887217277376,-0.0037231807235182292,0.17847436728312932,-0.0031940944836210254,0.0006736507543616531,-0.02593841793849901,-1.9677753709350736,-3.7880481433978552,-0.0027140427876888255,-0.46664795785790997,-0.14925905502115336
29.271666288375854,-2.9790093580370915,-0.019686514589738406,-0.004354179687452326,0.17958222507410837,-0.003471392208658496,0.0006481982459657387,-0.02607692481479222,-1.9582079221756243,-3.7829967580693737,-0.0026830919829909606,-0.469919040429532,-0.15042548806769815
29.277857303619385,-2.9790093580370915,-0.019686514589738406,-0.004354179687452326,0.17778640282336727,-0.003436678286571911,0.0006417162635060813,-0.02607692481479222,-1.9582079221756243,-3.7829967580693737,-0.002656261063161051,-0.46521985002523664,-0.14892123318702116
29.289829969406128,-2.9757252309244646,-0.019748603551629457,-0.0038301041168464405,0.17874970336205565,-0.0030984574843919265,0.0007096071417233069,-0.026207554283918154,-1.9486665769805294,-3.7778641665984596,-0.002619785879559277,-0.4691358335297063,-0.1503449421024531
29.296715021133423,-2.9757252309244646,-0.019748603551629457,-0.0038301041168464405,0.1769622063284351,-0.003067472909548007,0.0007025110703060739,-0.026207554283918154,-1.9486665769805294,-3.7778641665984596,-0.002593588020763684,-0.46444447519440923,-0.14884149268142857
29.30205273628235,-2.9728244041087803,-0.019702107598651396,-0.004475336122752921,0.18063132014436745,-0.0038101129619845754,0.0006008938786554753,-0.02634071461205836,-1.9392210136199033,-3.772669976546173,-0.0025487751964313895,-0.4788801421270894,-0.1539750380339708
29.30689525604248,-2.9728244041087803,-0.019702107598651396,-0.004475336122752921,0.17882500694292378,-0.0037720118323647297,0.0005948849398689206,-0.02634071461205836,-1.9392210136199033,-3.772669976546173,-0.0025232874444670755,-0.4740913407058185,-0.1524352876536311
29.327917098999023,-2.969710626685358,-0.01971221287807628,-0.004641240917248511,0.17851810324957537,-0.00377955736627038,0.0005963551534613783,-0.02647221662289427,-1.929784635354392,-3.7673345523842587,-0.0024918982248614903,-0.4742074915564507,-0.1526441873595359
29.333247184753418,-2.969710626685358,-0.01971221287807628,-0.004641240917248511,0.17673292221707962,-0.0037417617926076762,0.0005903916019267645,-0.02647221662289427,-1.929784635354392,-3.7673345523842587,-0.0024669792426128753,-0.4694654166408862,-0.15111774548594054
29.349880933761597,-2.9661251626403007,-0.019649060859240064,-0.005123902710469678,0.17712215010952256,-0.0038851056287472797,0.0005551076261600836,-0.02660912071827996,-1.9204888312747148,-3.7619629737278495,-0.0024380167138965676,-0.47083758981952284,-0.1518112132546812
29.35469102859497,-2.9661251626403007,-0.019649060859240064,-0.005123902710469678,0.17535092860842733,-0.003846254572459807,0.0005495565498984827,-0.02660912071827996,-1.9204888312747148,-3.7619629737278495,-0.002413636546757602,-0.4661292139213276,-0.15029310112213437
29.380874156951904,-2.96261395569459,-0.019582454139913753,-0.005436338294636702,0.17493889626114506,-0.00387940686219078,0.0005281256553401,-0.026750115968670718,-1.911227426133108,-3.7565560008726777,-0.002388168036611144,-0.4653164770965152,-0.15019285693488732
29.38604497909546,-2.96261395569459,-0.019582454139913753,-0.005436338294636702,0.1731895072985336,-0.0038406127935688723,0.0005228443987866989,-0.026750115968670718,-1.911227426133108,-3.7565560008726777,-0.0023642863562450328,-0.46066331232555,-0.14869092836553843
29.391223669052124,-2.95932998851328,-0.01951726708824995,-0.005717954978022572,0.17780102288909494,-0.004127557092583022,0.00043957751433989036,-0.026884656830460645,-1.9020956715900543,-3.7511322786720065,-0.002323285738839769,-0.47529740773158374,-0.15430914644630855
29.397064924240112,-2.95932998851328,-0.01951726708824995,-0.005717954978022572,0.17602301266020398,-0.004086281521657192,0.00043518173919649143,-0.026884656830460645,-1.9020956715900543,-3.7511322786720065,-0.002300052881451371,-0.4705444336542679,-0.15276605498184548
29.410940885543823,-2.9564617895818897,-0.019546296756930214,-0.004998199184741524,0.176328148969507,-0.0036886470977952274,0.0004895414513634167,-0.02701570817866708,-1.892974778909622,-3.745630310484572,-0.002269248605050993,-0.47303011496384195,-0.15392634814219633
29.421082496643066,-2.9564617895818897,-0.019546296756930214,-0.004998199184741524,0.17456486747981192,-0.003651760626817275,0.00048464603684978254,-0.02701570817866708,-1.892974778909622,-3.745630310484572,-0.002246556119000483,-0.46829981381420355,-0.15238708466077436
29.42619490623474,-2.9526219811497594,-0.01946002449742531,-0.005458486071919852,0.18033338972512866,-0.004171206382140078,0.0003556441216747223,-0.027156807922380816,-1.8839826165658753,-3.7401418526367505,-0.0022237651539766304,-0.48291062568500354,-0.15810520628953548
29.42971897125244,-2.9526219811497594,-0.01946002449742531,-0.005458486071919852,0.17853005582787737,-0.004129494318318677,0.0003520876804579751,-0.027156807922380816,-1.8839826165658753,-3.7401418526367505,-0.0022015275024368642,-0.4780815194281535,-0.15652415422664012
29.444092750549316,-2.948633993030999,-0.019456616013556693,-0.005153510695031533,0.17951855691566793,-0.003931772152025607,0.000377575119285813,-0.027299987645537732,-1.874994336639332,-3.7346450647040896,-0.0021813744545634726,-0.48017175259953293,-0.1575135259461339
29.455984115600586,-2.948633993030999,-0.019456616013556693,-0.005153510695031533,0.17772337134651126,-0.0038924544305053515,0.00037379936809295484,-0.027299987645537732,-1.874994336639332,-3.7346450647040896,-0.002159560710017838,-0.4753700350735376,-0.15593839068667256
29.464218139648438,-2.9447950179783784,-0.01940681082878088,-0.00537089349544828,0.18060944111951732,-0.0040039134651333195,0.0003405023124191189,-0.027453421992505472,-1.8661151650398464,-3.7292031607122023,-0.0021549925791266543,-0.48248505080681653,-0.1587529838386229
29.470575094223022,-2.9447950179783784,-0.01940681082878088,-0.00537089349544828,0.17880334670832215,-0.0039638743304819864,0.0003370972892949277,-0.027453421992505472,-1.8661151650398464,-3.7292031607122023,-0.0021334426533353877,-0.47766020029874834,-0.15716545400023668
29.48616647720337,-2.941379406997156,-0.019380891313373633,-0.00543531200549219,0.17920615707267998,-0.003940159983061631,0.00033323876212066575,-0.027611613086176188,-1.8572092879302413,-3.7237567576079753,-0.0021237821632352893,-0.4791768825660343,-0.15788176717432414
29.492902040481567,-2.941379406997156,-0.019380891313373633,-0.00543531200549219,0.17741409550195317,-0.0039007583832310145,0.0003299063744994591,-0.027611613086176188,-1.8572092879302413,-3.7237567576079753,-0.0021025443416029365,-0.47438511374037395,-0.1563029495025809
29.51198983192444,-2.938339383006344,-0.019334290720452067,-0.005787654091273653,0.17723320971126863,-0.0039766631297692995,0.0003074853226286018,-0.027785417577408423,-1.848416481192083,-3.718318704873409,-0.0020995112683110644,-0.47472864132561887,-0.15660085724638625
29.523141622543335,-2.938339383006344,-0.019334290720452067,-0.005787654091273653,0.17546087761415594,-0.0039368964984716065,0.0003044104694023158,-0.027785417577408423,-1.848416481192083,-3.718318704873409,-0.002078516155627954,-0.4699813549123627,-0.1550348486739224
29.528074979782104,-2.934429990615693,-0.019110396189395685,-0.005938416277859991,0.18163448487493808,-0.0040343730328721815,2.3997745779147633e-05,-0.027975901633623266,-1.8395754854418176,-3.712810336914111,-0.002160695328402535,-0.4851185866301625,-0.1607271968457963
29.532344579696655,-2.934429990615693,-0.019110396189395685,-0.005938416277859991,0.1798181400261887,-0.0039940293025434595,2.3757768321356156e-05,-0.027975901633623266,-1.8395754854418176,-3.712810336914111,-0.0021390883751185095,-0.4802674007638609,-0.15911992487733834
29.55325675010681,-2.9303318489080223,-0.01893738949402929,-0.0063616951436993455,0.17998067327633907,-0.0040757303764866176,-3.4223051754697507e-05,-0.028177467849351726,-1.830851684628224,-3.707337157138505,-0.0021478741927903897,-0.4800931620865115,-0.15921347590631976
29.557384490966797,-2.9303318489080223,-0.01893738949402929,-0.0063616951436993455,0.17818086654357568,-0.004034973072721751,-3.388082123715053e-05,-0.028177467849351726,-1.830851684628224,-3.707337157138505,-0.002126395450862486,-0.47529223046564634,-0.15762134114725657
29.572035312652588,-2.9264686491583927,-0.018839909476390523,-0.006541173312034609,0.17903657302243586,-0.004060675929313834,-7.044181533459579e-05,-0.028385495259989627,-1.8220875381669759,-3.7018486820826286,-0.0021521314316821833,-0.47718423055803033,-0.1584287006786855
29.58879590034485,-2.9264686491583927,-0.018839909476390523,-0.006541173312034609,0.1772462072922115,-0.004020069170020696,-6.973739718124983e-05,-0.028385495259989627,-1.8220875381669759,-3.7018486820826286,-0.0021306101173653616,-0.47241238825245,-0.15684441367189864
29.594927072525024,-2.922932234020232,-0.018783596659694524,-0.006702556380552814,0.18124270326178388,-0.004125449710469217,-0.00011330044063253728,-0.02859796297306574,-1.8134257683770012,-3.6963493609610603,-0.0022302854128009794,-0.4834277011128139,-0.16096901499956923
29.59989881515503,-2.922932234020232,-0.018783596659694524,-0.006702556380552814,0.17943027622916605,-0.0040841952133645245,-0.0001121674362262119,-0.02859796297306574,-1.8134257683770012,-3.6963493609610603,-0.0022079825586729697,-0.47859342410168576,-0.15935932484957352
29.63328266143799,-2.9159317016579407,-0.018767486218395534,-0.006679741223040253,0.17973288598302004,-0.004029148572302228,-0.00010022693936430322,-0.02906079904519322,-1.7961034908927787,-3.6851208145011936,-0.0022411901284895915,-0.4796184816982527,-0.15988358505701755
29.636809825897217,-2.9159317016579407,-0.018767486218395534,-0.006679741223040253,0.17793555712318984,-0.003988857086579206,-9.922466997066019e-05,-0.02906079904519322,-1.7961034908927787,-3.6851208145011936,-0.0022187782272046954,-0.4748222968812702,-0.15828474920644736
29.6504545211792,-2.911892937127398,-0.018739563083146997,-0.006823180777677479,0.17911641323857094,-0.0040056767534394095,-0.00010100486266325317,-0.029310574212808114,-1.787455084115788,-3.6794352144178335,-0.002277130287496674,-0.4771962094878956,-0.159317081372706
29.65484356880188,-2.911892937127398,-0.018739563083146997,-0.006823180777677479,0.17732524910618525,-0.003965619985905016,-9.999481403662063e-05,-0.029310574212808114,-1.787455084115788,-3.6794352144178335,-0.0022543589846217072,-0.47242424739301664,-0.15772391055897894
29.66340708732605,-2.908027840774099,-0.01870464753419292,-0.007043382670108253,0.18006611018712443,-0.004077658963529281,-0.00011732629545509147,-0.02956457589651546,-1.7789026740874605,-3.6737762663751163,-0.002365858681980734,-0.47894790226041506,-0.160265398216834
29.668413639068604,-2.908027840774099,-0.01870464753419292,-0.007043382670108253,0.17826544908525319,-0.004036882373893988,-0.00011615303250054056,-0.02956457589651546,-1.7789026740874605,-3.6737762663751163,-0.0023422000951609265,-0.4741584232378109,-0.15866274423466567
29.704344749450684,-2.9045860103841115,-0.018675579817446376,-0.00721605322525459,0.17744081250420982,-0.004024407408314859,-0.00011799335286967168,-0.029824699439727473,-1.7702900872170815,-3.668077997124912,-0.0023520098082075148,-0.472119799311329,-0.1580552266351781
29.71323800086975,-2.9045860103841115,-0.018675579817446376,-0.00721605322525459,0.17566640437916772,-0.003984163334231711,-0.00011681341934097496,-0.029824699439727473,-1.7702900872170815,-3.668077997124912,-0.0023284897101254398,-0.46739860131821576,-0.1564746743688263
29.7205970287323,-2.90149716676301,-0.018649191179817927,-0.00735801108367482,0.17810757980356504,-0.004054784977352398,-0.00012769238682756474,-0.030085185868043214,-1.761775731397271,-3.6623936820267606,-0.002469108265560863,-0.4758026125561343,-0.15966308381803201
29.727085828781128,-2.90149716676301,-0.018649191179817927,-0.00735801108367482,0.17632650400552938,-0.004014237127578874,-0.0001264154629592891,-0.030085185868043214,-1.761775731397271,-3.6623936820267606,-0.0024444171829052543,-0.47104458643057295,-0.1580664529798517
29.747401475906372,-2.8936566017984133,-0.01849177159034593,-0.00833346337500389,0.17842393885859975,-0.004278566529390513,-0.00019146742645290106,-0.030617566811334405,-1.7446885043052538,-3.6509375998118085,-0.0025412714852169997,-0.47587398296303896,-0.15988974464563435
29.751243352890015,-2.8936566017984133,-0.01849177159034593,-0.00833346337500389,0.17663969947001376,-0.004235780864096608,-0.00018955275218837203,-0.030617566811334405,-1.7446885043052538,-3.6509375998118085,-0.00251585877036483,-0.4711152431334086,-0.15829084719917802
29.767884016036987,-2.889902828765302,-0.018439303615015723,-0.00863151094065745,0.1771295292552233,-0.00430400909998003,-0.00020857453044881283,-0.03088335119133997,-1.736117353636196,-3.6452474965832558,-0.0025640079222761228,-0.47224552000481207,-0.15873774170444485
29.773691415786743,-2.889902828765302,-0.018439303615015723,-0.00863151094065745,0.17535823396267106,-0.00426096900898023,-0.0002064887851443247,-0.03088335119133997,-1.736117353636196,-3.6452474965832558,-0.0025383678430533616,-0.46752306480476397,-0.1571503642874004
29.783119916915894,-2.8865021835140707,-0.01841048766038297,-0.00876147771680535,0.17721172049013315,-0.004296023000977866,-0.0002116150387765747,-0.031143805078423698,-1.7276160028200276,-3.639601083716968,-0.002637548020306707,-0.473086285527293,-0.15910008347727417
29.788739681243896,-2.8865021835140707,-0.01841048766038297,-0.00876147771680535,0.1754396032852318,-0.004253062770968087,-0.00020949888838880896,-0.031143805078423698,-1.7276160028200276,-3.639601083716968,-0.00261117254010364,-0.46835542267202007,-0.15750908264250144
29.810252904891968,-2.8835013388850452,-0.018419626336970567,-0.0086447526014902,0.17507990726461684,-0.004168657745584985,-0.0001898268760066116,-0.03139957763992289,-1.7190411630603906,-3.6338863918657207,-0.0026369188485921946,-0.4682047335142039,-0.15748570378835003
29.816367626190186,-2.8835013388850452,-0.018419626336970567,-0.0086447526014902,0.17332910819197067,-0.004126971168129136,-0.0001879286072465455,-0.03139957763992289,-1.7190411630603906,-3.6338863918657207,-0.002610549660106273,-0.46352268617906184,-0.15591084675046651
29.825968503952026,-2.880933122883799,-0.018410969627699652,-0.00874424179841078,0.17427091386700452,-0.004145537392361253,-0.00018240819213622715,-0.03165110214749522,-1.7105474980825575,-3.628151023224463,-0.0026966735405524306,-0.46897719857377596,-0.15784524391233637
29.829739332199097,-2.880933122883799,-0.018410969627699652,-0.00874424179841078,0.17252820472833447,-0.0041040820184376405,-0.0001805841102148649,-0.03165110214749522,-1.7105474980825575,-3.628151023224463,-0.002669706805146906,-0.4642874265880382,-0.156266791473213
29.843637466430664,-2.877614680732936,-0.018408634629186345,-0.008730152049521546,0.17319049979714143,-0.0040470236345741244,-0.0001619968815658639,-0.03190205928415516,-1.7019978389930852,-3.622324037477249,-0.0027190948549716196,-0.4666786262273659,-0.15714743214475763
29.850316286087036,-2.877614680732936,-0.018408634629186345,-0.008730152049521546,0.17145859479917003,-0.004006553398228383,-0.00016037691275020525,-0.03190205928415516,-1.7019978389930852,-3.622324037477249,-0.0026919039064219035,-0.4620118399650922,-0.15557595782331005
29.86328101158142,-2.8741463002706116,-0.018376959800156557,-0.008862537170185219,0.17241948613006955,-0.004024065674062533,-0.00016566171004272554,-0.03214877160744085,-1.6935677137518148,-3.6165040429107114,-0.002744114505418555,-0.46485087295387645,-0.1566324105176774
29.868208646774292,-2.8741463002706116,-0.018376959800156557,-0.008862537170185219,0.17069529126876884,-0.003983825017321908,-0.00016400509294229828,-0.03214877160744085,-1.6935677137518148,-3.6165040429107114,-0.002716673360364369,-0.4602023642243377,-0.15506608641250064
29.88489866256714,-2.8708703435192535,-0.018341866663846164,-0.008995355086517241,0.17095136253763926,-0.00398923787180297,-0.00016999033094815586,-0.032391094880191075,-1.685103785520044,-3.6106186230069244,-0.002747595477469368,-0.46143114614646746,-0.15555794551627164
29.890589475631714,-2.8708703435192535,-0.018341866663846164,-0.008995355086517241,0.16924184891226288,-0.00394934549308494,-0.0001682904276386743,-0.032391094880191075,-1.685103785520044,-3.6106186230069244,-0.0027201195226946744,-0.4568168346850028,-0.15400236606110893
29.914398193359375,-2.8678340459512075,-0.01830879780558274,-0.009066243703427634,0.16882481545647832,-0.003924285860927854,-0.00016968962596421785,-0.03262350796408593,-1.6767717533815854,-3.6047276374856265,-0.002730043731552708,-0.4562876580812816,-0.15389895282639743
29.921632289886475,-2.8678340459512075,-0.01830879780558274,-0.009066243703427634,0.16713656730191354,-0.0038850430023185754,-0.00016799272970457565,-0.03262350796408593,-1.6767717533815854,-3.6047276374856265,-0.0027027432942371807,-0.45172478150046874,-0.15235996329813345
29.9261417388916,-2.8645113737645898,-0.018789526224688956,-0.008644635972188019,0.17282307561523885,-0.003279684238858495,0.0007054453020397486,-0.03283836739110513,-1.668401932212444,-3.5987374422187295,-0.0028261379051868455,-0.4686977302585695,-0.15853884539525284
29.929875373840332,-2.8645113737645898,-0.018789526224688956,-0.008644635972188019,0.17109484485908646,-0.0032468873964699102,0.0006983908490193511,-0.03283836739110513,-1.668401932212444,-3.5987374422187295,-0.002797876526134977,-0.46401075295598376,-0.1569534569413003
29.94175958633423,-2.860678146253784,-0.018889128726427097,-0.009087484206479562,0.17260918173496365,-0.003465452572150924,0.0007365573608680755,-0.03304685655144976,-1.6601652982882154,-3.59279481323546,-0.0028213883213197943,-0.46741737559022384,-0.15826797499192524
29.963162899017334,-2.856909665119093,-0.018959623880932055,-0.009054930270097199,0.17264341034747788,-0.003416897441694964,0.0007662922862070095,-0.03326450352320149,-1.6519093826381013,-3.5868871654163264,-0.002825833139901838,-0.4672212784216386,-0.15825162363226492
29.96977925300598,-2.856909665119093,-0.018959623880932055,-0.009054930270097199,0.1709169762440031,-0.0033827284672780142,0.0007586293633449393,-0.03326450352320149,-1.6519093826381013,-3.5868871654163264,-0.00279757480850282,-0.4625490656374222,-0.15666910739594225
29.986608743667603,-2.853388025145354,-0.018978387652023077,-0.009066708142770991,0.1713001661741382,-0.0033468373580552773,0.0007735240603450749,-0.03349013467595015,-1.6437506840010345,-3.5810453604083556,-0.002816711592764063,-0.4635592286160289,-0.15705329448441835
29.991034030914307,-2.853388025145354,-0.018978387652023077,-0.009066708142770991,0.16958716451239683,-0.0033133689844747245,0.0007657888197416242,-0.03349013467595015,-1.6437506840010345,-3.5810453604083556,-0.0027885444768364223,-0.4589236363298686,-0.15548276153957416
30.012139558792114,-2.850305065313088,-0.019010038575882907,-0.008960116945606902,0.1693517473819732,-0.003241474189375794,0.000784321285405316,-0.03373273335935636,-1.6355512194703452,-3.575188668771268,-0.0028059788619239716,-0.45885366822508483,-0.15547093699866665
30.018236875534058,-2.850305065313088,-0.019010038575882907,-0.008960116945606902,0.16765822990815346,-0.003209059447482036,0.0007764780725512628,-0.03373273335935636,-1.6355512194703452,-3.575188668771268,-0.002777919073304732,-0.454265131542834,-0.15391622762867999
30.02301788330078,-2.846840762203843,-0.018571475289280114,-0.009970151634477755,0.1732380601373556,-0.0045091734879248845,-2.1258088129365586e-05,-0.03400324981403909,-1.6274503283323494,-3.569387407014175,-0.0030106923616312147,-0.4694658355632682,-0.15906893918178133
30.027601718902588,-2.846840762203843,-0.018571475289280114,-0.009970151634477755,0.17150567953598203,-0.004464081753045635,-2.104550724807193e-05,-0.03400324981403909,-1.6274503283323494,-3.569387407014175,-0.0029805854380149026,-0.4647711772076355,-0.15747824978996353
30.045414209365845,-2.84290097782636,-0.018359815882845666,-0.010374319016919036,0.17200359268746718,-0.004555813329978854,-0.00010888952897084683,-0.03430602366088188,-1.6193002980328473,-3.5635897529916236,-0.00303845278715271,-0.46545577205597155,-0.15766880429213564
30.050312995910645,-2.84290097782636,-0.018359815882845666,-0.010374319016919036,0.1702835567605925,-0.004510255196679065,-0.00010780063368113836,-0.03430602366088188,-1.6193002980328473,-3.5635897529916236,-0.003008068259281183,-0.4608012143354118,-0.1560921162492143
30.06027102470398,-2.838931492972867,-0.0182414038246728,-0.010807623712431507,0.17256820602406497,-0.004739437349585912,-0.0002029245328164344,-0.034637324802089094,-1.6112468702957856,-3.5578841684043607,-0.0031646579117639013,-0.46562409755900064,-0.15759196620710192
30.081782579421997,-2.8352909980175562,-0.018225877594564045,-0.011188626298299848,0.17253501332631999,-0.004808054660088157,-0.00021122115815952827,-0.03500731459665686,-1.6031248548770414,-3.5521816441479146,-0.003236498682308013,-0.4653689071792248,-0.1574061952446361
30.086732387542725,-2.8352909980175562,-0.018225877594564045,-0.011188626298299848,0.1708096631930568,-0.004759974113487275,-0.00020910894657793298,-0.03500731459665686,-1.6031248548770414,-3.5521816441479146,-0.0032041336954849327,-0.46071521810743254,-0.15583213329218973
30.10495948791504,-2.8319945495134102,-0.018259587967871093,-0.011747888762577678,0.17091011012960902,-0.004920465750993948,-0.0002125273279032033,-0.03541176890696852,-1.5951046700832179,-3.546528627553375,-0.0033129251924483133,-0.4612463338209775,-0.15588866940146268
30.110177278518677,-2.8319945495134102,-0.018259587967871093,-0.011747888762577678,0.16920100902831292,-0.004871261093484009,-0.00021040205462417126,-0.03541176890696852,-1.5951046700832179,-3.546528627553375,-0.00327979594052383,-0.4566338704827677,-0.15432978270744804
30.126842260360718,-2.827777291939773,-0.01827788861247778,-0.012153924869286417,0.17003954721535952,-0.004984587775923062,-0.00020632959084298372,-0.035859907252343455,-1.5870006664529006,-3.5408254650509314,-0.003425475423441312,-0.4577523318896951,-0.15454233003827292
30.13255000114441,-2.827777291939773,-0.01827788861247778,-0.012153924869286417,0.16833915174320593,-0.004934741898163832,-0.00020426629493455387,-0.035859907252343455,-1.5870006664529006,-3.5408254650509314,-0.0033912206692068986,-0.45317480857079817,-0.15299690673789018
30.157625675201416,-2.8233382614269082,-0.018266554417736103,-0.01250432953176853,0.1684260387884562,-0.004976501156142478,-0.00020593544558234842,-0.036334856869773925,-1.5789899640043366,-3.5352262564713133,-0.0034870202921125507,-0.45237809771147414,-0.15258945169067992
30.162859439849854,-2.8233382614269082,-0.018266554417736103,-0.01250432953176853,0.16674177840057164,-0.004926736144581053,-0.00020387609112652494,-0.036334856869773925,-1.5789899640043366,-3.5352262564713133,-0.0034521500891914253,-0.4478543167343594,-0.15106355717377312
30.195333242416382,-2.815216774061509,-0.018032127071936282,-0.013696261649312815,0.1675759192342525,-0.005116773419332897,-0.0002715179401061385,-0.037343181139952,-1.5628548739630856,-3.5241586442995994,-0.0036345915672895204,-0.4491783981974037,-0.1511905876197268
30.20017910003662,-2.815216774061509,-0.018032127071936282,-0.013696261649312815,0.16590016004190997,-0.005065605685139568,-0.0002688027607050771,-0.037343181139952,-1.5628548739630856,-3.5241586442995994,-0.003598245651616625,-0.44468661421542965,-0.14967868174352955
30.2137553691864,-2.811816434573819,-0.018154656013431077,-0.012447527306345728,0.16674452627401595,-0.004382680228359742,-7.690010284904365e-05,-0.03785516132106922,-1.554735361300098,-3.518567594083167,-0.0038286727238100266,-0.4472361184322482,-0.15014414026369477
30.230008125305176,-2.8075662531061485,-0.01772107056497885,-0.01362618452296469,0.16769458336852194,-0.004803682083876432,-0.00032263717622770156,-0.03834145879055797,-1.5466600503794676,-3.512958941721559,-0.00399676713791062,-0.4485924737199389,-0.1502762353793106
30.234042167663574,-2.8075662531061485,-0.01772107056497885,-0.01362618452296469,0.16601763753483673,-0.004755645263037667,-0.00031941080446542457,-0.03834145879055797,-1.5466600503794676,-3.512958941721559,-0.0039567994665315135,-0.4441065489827395,-0.1487734730255175
30.254944324493408,-2.8031968833627086,-0.017254525815950883,-0.014446442742396546,0.1664496992284648,-0.00494952262171823,-0.0004987606360940721,-0.03883277489790222,-1.5385282573371317,-3.5073197151669104,-0.004079849036848914,-0.4442335183697191,-0.1485410845166036
30.26067614555359,-2.8031968833627086,-0.017254525815950883,-0.014446442742396546,0.16478520223618015,-0.004900027395501048,-0.0004937730297331313,-0.03883277489790222,-1.5385282573371317,-3.5073197151669104,-0.004039050546480425,-0.4397911831860219,-0.14705567367143757
30.27070641517639,-2.7990371672407997,-0.016717968304121263,-0.015304447962034286,0.16728869902917293,-0.005373610984402943,-0.0009249178672401474,-0.039317186892251554,-1.530416690040834,-3.5017065271160757,-0.004331962573354902,-0.44489552414199895,-0.14814408755741612
30.275879383087158,-2.7990371672407997,-0.016717968304121263,-0.015304447962034286,0.1656158120388812,-0.005319874874558914,-0.0009156686885677459,-0.039317186892251554,-1.530416690040834,-3.5017065271160757,-0.0042886429476213525,-0.440446568900579,-0.14666264668184195
30.292689561843872,-2.795279618709851,-0.016193259285172963,-0.01592180716675981,0.16619732701870055,-0.005480970415246413,-0.0011473545686798625,-0.03978747012819348,-1.5222366868402764,-3.496041403201145,-0.004436309284022915,-0.44176618696967757,-0.14671688774187397
30.30066680908203,-2.795279618709851,-0.016193259285172963,-0.01592180716675981,0.16453535374851355,-0.005426160711093949,-0.0011358810229930639,-0.03978747012819348,-1.5222366868402764,-3.496041403201145,-0.004391946191182686,-0.4373485250999808,-0.14524971886445523
30.314666271209717,-2.791910043199265,-0.01564588117422037,-0.0167326019466068,0.16529965480614675,-0.005724104418467895,-0.0014448537136887,-0.040238283941355334,-1.5140891535653975,-3.4903564453400313,-0.004563706713065737,-0.4398372853062156,-0.1456215881660019
30.320453882217407,-2.791910043199265,-0.01564588117422037,-0.0167326019466068,0.16364665825808528,-0.005666863374283216,-0.001430405176551813,-0.040238283941355334,-1.5140891535653975,-3.4903564453400313,-0.00451806964593508,-0.4354389124531534,-0.14416537228434187
30.32900881767273,-2.787758888520869,-0.015648183555691326,-0.014425091381845294,0.16686494108035158,-0.003731064733811404,-0.0010384682963865844,-0.040651093718611926,-1.5058704497384656,-3.484543924653109,-0.004786744242758142,-0.44245540414035806,-0.14577240862986846
30.33448624610901,-2.787758888520869,-0.015648183555691326,-0.014425091381845294,0.16519629166954805,-0.00369375408647329,-0.0010280836134227186,-0.040651093718611926,-1.5058704497384656,-3.484543924653109,-0.00473887680033056,-0.4380308500989545,-0.14431468454356977
30.37097930908203,-2.779505872718941,-0.015601942932266211,-0.010422053228224192,0.16580585423923744,-0.002888001058328297,-0.0008709100047604181,-0.04132846653509955,-1.4894470346358482,-3.4728164332794975,-0.004804474843473954,-0.4389992460354535,-0.1442837011582725
30.374531745910645,-2.779505872718941,-0.015601942932266211,-0.010422053228224192,0.16414779569684507,-0.0028591210477450137,-0.0008622009047128139,-0.04132846653509955,-1.4894470346358482,-3.4728164332794975,-0.004756430095039215,-0.43460925357509894,-0.14284086414668976
30.39297580718994,-2.7758694160288035,-0.015002641614793666,-0.01158006499748123,0.16448055017215282,-0.003222124260754522,-0.0011459332452719963,-0.04160113610961681,-1.4812356291733497,-3.466874043070004,-0.004784580951398209,-0.4355742517231207,-0.14283004293185622
30.39701199531555,-2.7758694160288035,-0.015002641614793666,-0.01158006499748123,0.1628357446704313,-0.0031899030181469766,-0.0011344739128192763,-0.04160113610961681,-1.4812356291733497,-3.466874043070004,-0.004736735141884227,-0.4312185092058895,-0.14140174250253765
30.411603450775146,-2.772678304567263,-0.015309518754488907,-0.008008222867248279,0.16339096578581375,-0.0014743651170010036,-0.0006446932407597446,-0.041837041958734306,-1.472986009188358,-3.4607868620552513,-0.004764992467435585,-0.43368531729125914,-0.14184078121477647
30.419983625411987,-2.772678304567263,-0.015309518754488907,-0.008008222867248279,0.1617570561279556,-0.0014596214658309935,-0.0006382463083521472,-0.041837041958734306,-1.472986009188358,-3.4607868620552513,-0.004717342542761229,-0.42934846411834654,-0.1404223734026287
30.434335470199585,-2.768687555820144,-0.0146286955805681,-0.009863591692628192,0.16292458252585962,-0.002277605098650357,-0.001113468420078046,-0.04202277105822698,-1.4647787990935905,-3.4546082138003142,-0.004710734817407395,-0.43194987023952564,-0.1409447483682689
30.437744617462158,-2.768687555820144,-0.0146286955805681,-0.009863591692628192,0.16129533670060103,-0.002254829047663853,-0.0011023337358772654,-0.04202277105822698,-1.4647787990935905,-3.4546082138003142,-0.004663627469233321,-0.42763037153713035,-0.1395353008845862
30.476414918899536,-2.760822909997035,-0.014507429708302672,-0.007665214639604038,0.16171576959680345,-0.0018265050000424864,-0.0010244718255769244,-0.042314745196466254,-1.4483591448353343,-3.4420021080649637,-0.004630026995080229,-0.42850794727888597,-0.13958874539713115
30.48062777519226,-2.760822909997035,-0.014507429708302672,-0.007665214639604038,0.1600986119008354,-0.0018082399500420614,-0.0010142271073211551,-0.042314745196466254,-1.4483591448353343,-3.4420021080649637,-0.004583726725129427,-0.4242228678060971,-0.13819285794315983
30.492844581604004,-2.757419138075028,-0.014604915037229603,-0.0060947905933775165,0.16128121317842237,-0.0008949752540245272,-0.0007581958503393558,-0.042437172606130974,-1.4401517445965266,-3.4355574909126005,-0.0045421491760986995,-0.42818666146956924,-0.13918415317179303
30.49760890007019,-2.757419138075028,-0.014604915037229603,-0.0060947905933775165,0.15966840104663815,-0.000886025501484282,-0.0007506138918359623,-0.042437172606130974,-1.4401517445965266,-3.4355574909126005,-0.004496727684337712,-0.42390479485487353,-0.1377923116400751
30.514235258102417,-2.7543506393105943,-0.014145584870251662,-0.007463848391954728,0.15992019964545562,-0.0014099313074443318,-0.001037975494589132,-0.04256139230505225,-1.4320164285985189,-3.4290257600897402,-0.004454957278340203,-0.4256803738372794,-0.13820462250786195
30.518556356430054,-2.7543506393105943,-0.014145584870251662,-0.007463848391954728,0.15832099764900107,-0.0013958319943698885,-0.0010275957396432406,-0.04256139230505225,-1.4320164285985189,-3.4290257600897402,-0.004410407705556801,-0.42142357009890663,-0.13682257628278333
30.537067413330078,-2.750447341891389,-0.014265637362402129,-0.006125581137407567,0.1588448866145297,-0.0008793928249968873,-0.0008602012297105445,-0.04267690571954032,-1.423862350864785,-3.4223147323638123,-0.004365767955042802,-0.4226640691665294,-0.13712684055002097
30.54188323020935,-2.750447341891389,-0.014265637362402129,-0.006125581137407567,0.1572564377483844,-0.0008705988967469185,-0.0008515992174134391,-0.04267690571954032,-1.423862350864785,-3.4223147323638123,-0.004322110275492374,-0.4184374284748641,-0.13575557214452078
30.5492684841156,-2.7463770629005997,-0.01397882282298932,-0.006869899038566591,0.16119901519376043,-0.0014979156710864337,-0.0012243445274481915,-0.04278629681938212,-1.4158061468795597,-3.415565938455426,-0.004268881574138887,-0.4278395114283912,-0.1386326490075521
30.55258846282959,-2.7463770629005997,-0.01397882282298932,-0.006869899038566591,0.15958702504182282,-0.0014829365143755693,-0.0012121010821737096,-0.04278629681938212,-1.4158061468795597,-3.415565938455426,-0.004226192758397498,-0.4235611163141073,-0.13724632251747657
30.577030420303345,-2.7425322234945395,-0.013798728366781884,-0.007134261987711248,0.15956475855802485,-0.001529447390545301,-0.001257802766222995,-0.04289657871257399,-1.4077352110347503,-3.4087301217924653,-0.004181017714563287,-0.42345499470322934,-0.13716805026020704
30.582473278045654,-2.7425322234945395,-0.013798728366781884,-0.007134261987711248,0.1579691109724446,-0.001514152916639848,-0.001245224738560765,-0.04289657871257399,-1.4077352110347503,-3.4087301217924653,-0.004139207537417654,-0.419220444756197,-0.13579636975760495
30.59385323524475,-2.739002440710527,-0.01353025011329408,-0.007808246532362607,0.15949323206848273,-0.0018731393609693406,-0.001464319804090252,-0.043020123688664084,-1.3997609503899278,-3.401844731887298,-0.00410291139188649,-0.42384636688541444,-0.137260184787409
30.598820209503174,-2.739002440710527,-0.01353025011329408,-0.007808246532362607,0.1578982997477979,-0.0018544079673596472,-0.0014496766060493494,-0.043020123688664084,-1.3997609503899278,-3.401844731887298,-0.004061882277967626,-0.4196079032165603,-0.13588758293953493
30.6264910697937,-2.7319578111644964,-0.013034525752799868,-0.008731528200356041,0.15886650863212143,-0.002038845372914134,-0.0015937575835059915,-0.04328050872637812,-1.383915499127652,-3.387679533900273,-0.004029170959032778,-0.4227037362701699,-0.13694417025884917
30.63079261779785,-2.7319578111644964,-0.013034525752799868,-0.008731528200356041,0.1572778435458002,-0.002018456919184993,-0.0015778200076709316,-0.04328050872637812,-1.383915499127652,-3.387679533900273,-0.00398887924944245,-0.4184766989074682,-0.13557472855626068
30.649363040924072,-2.7279102846979617,-0.012746987540278748,-0.0092212583870473,0.15788567436945383,-0.0021569568111574865,-0.0016960447656346118,-0.04341298056017596,-1.3760494569365287,-3.3804585274045578,-0.0039556780118305095,-0.41973384199988106,-0.13607709392355408
30.656781911849976,-2.7279102846979617,-0.012746987540278748,-0.0092212583870473,0.1563068176257593,-0.0021353872430459114,-0.0016790843179782656,-0.04341298056017596,-1.3760494569365287,-3.3804585274045578,-0.003916121231712204,-0.41553650357988225,-0.13471632298431854
30.671785831451416,-2.7240483987936206,-0.012523853637784469,-0.009348507506778478,0.15731856801373315,-0.0021475763867561917,-0.0017634675679954427,-0.04354863574997563,-1.3682907290217934,-3.3732304221365763,-0.003888432956883892,-0.4180620077128868,-0.13567626865826035
30.67830467224121,-2.7240483987936206,-0.012523853637784469,-0.009348507506778478,0.1557453823335958,-0.0021261006228886297,-0.0017458328923154883,-0.04354863574997563,-1.3682907290217934,-3.3732304221365763,-0.0038495486273150527,-0.41388138763575794,-0.13431950597167774
30.691086530685425,-2.72062199459124,-0.012303878517330486,-0.009425438161826824,0.15686963251983652,-0.0021175079579237414,-0.0018418766840079348,-0.043689749072754885,-1.3605277351311467,-3.3658984043191444,-0.003828900567052403,-0.41763041324647837,-0.13573047096568436
30.697179317474365,-2.72062199459124,-0.012303878517330486,-0.009425438161826824,0.15530093619463814,-0.002096332878344504,-0.0018234579171678555,-0.043689749072754885,-1.3605277351311467,-3.3658984043191444,-0.003790611561381879,-0.4134541091140136,-0.13437316625602752
30.713117361068726,-2.717573554960135,-0.01210003461180227,-0.009434369618896422,0.15566135625107136,-0.002057398984924225,-0.0018843338293594966,-0.04383504716085208,-1.3528840410774106,-3.3585418979325383,-0.0037708154411417194,-0.4155902178485592,-0.13526371027794185
30.717861652374268,-2.717573554960135,-0.01210003461180227,-0.009434369618896422,0.15410474268856064,-0.0020368249950749825,-0.0018654904910659017,-0.04383504716085208,-1.3528840410774106,-3.3585418979325383,-0.003733107286730302,-0.4114343156700736,-0.13391107317516243
30.727317094802856,-2.7136827512733124,-0.011850167623815633,-0.009649861069502112,0.15668013646144258,-0.0021313818408071313,-0.002042402257220883,-0.043986538072696243,-1.345229930541451,-3.351050449442251,-0.0037322548176505392,-0.41797360948440854,-0.13642221694192458
30.75119686126709,-2.7096155335151053,-0.011585623615628052,-0.00996331122602043,0.15681718075627593,-0.0021835544435563356,-0.0021097467924642084,-0.044137252598062046,-1.3377001722282533,-3.34359912298753,-0.0037096926213748076,-0.41796412708738784,-0.13657192597628307
30.75425910949707,-2.7096155335151053,-0.011585623615628052,-0.00996331122602043,0.15524900894871316,-0.002161718899120772,-0.0020886493245395664,-0.044137252598062046,-1.3377001722282533,-3.34359912298753,-0.0036725956951610596,-0.41378448581651395,-0.13520620671652023
30.791205167770386,-2.7022019571022504,-0.011333909454303216,-0.009492380933629925,0.1557034837960975,-0.0020375749680577493,-0.002083809900643814,-0.044439546266786714,-1.3227159088427252,-3.3286654640893087,-0.0036570801956137557,-0.4150369551964415,-0.13578739851128366
30.794771909713745,-2.7022019571022504,-0.011333909454303216,-0.009492380933629925,0.15414644895813653,-0.0020171992183771717,-0.002062971801637376,-0.044439546266786714,-1.3227159088427252,-3.3286654640893087,-0.0036205093936576183,-0.4108865856444771,-0.13442952452617082
30.8284752368927,-2.6950189794788972,-0.011158696551788772,-0.008677830565509975,0.1547364496266989,-0.0018158883871290908,-0.002028323764255344,-0.04471854982391989,-1.307926736906569,-3.3135620628153193,-0.00360317282001165,-0.41267120755980274,-0.13523234363748102
30.833350896835327,-2.6950189794788972,-0.011158696551788772,-0.008677830565509975,0.15318908513043192,-0.0017977295032577999,-0.0020080405266127907,-0.04471854982391989,-1.307926736906569,-3.3135620628153193,-0.0035671410918115334,-0.40854449548420474,-0.1338800202011062
30.853411197662354,-2.690860621234037,-0.011039794759639865,-0.008361271176307188,0.15373037349130253,-0.0016562686382191473,-0.0019928514125793564,-0.04485323457327814,-1.3005793889805706,-3.3059667555314687,-0.003545890726423213,-0.40940558616041034,-0.13435410410205562
30.85824465751648,-2.690860621234037,-0.011039794759639865,-0.008361271176307188,0.1521930697563895,-0.0016397059518369558,-0.001972922898453563,-0.04485323457327814,-1.3005793889805706,-3.3059667555314687,-0.003510431819158981,-0.40531153029880623,-0.13301056306103506
30.873445749282837,-2.6868742380814283,-0.01087999563608472,-0.008191135486786261,0.15329406745126462,-0.001523903008729678,-0.001994929003555581,-0.04498646086706483,-1.2933303347279659,-3.298424835211157,-0.0034951565626171266,-0.40772213184026185,-0.13404364609476452
30.876577854156494,-2.6868742380814283,-0.01087999563608472,-0.008191135486786261,0.15176112677675196,-0.0015086639786423813,-0.001974979713520025,-0.04498646086706483,-1.2933303347279659,-3.298424835211157,-0.003460204996990955,-0.40364491052185925,-0.13270320963381688
30.888701915740967,-2.6833155990616473,-0.010709546450074587,-0.008031744645065448,0.15317937163188883,-0.001373991430497264,-0.002017250053153309,-0.04512091081728844,-1.286057995786913,-3.2908334796934673,-0.0034524221940708403,-0.40775840007104863,-0.13433833898715022
30.908875226974487,-2.6801199507967133,-0.010517177575261242,-0.007964025953253115,0.15323214811529612,-0.0013188434669587686,-0.0020505677931678522,-0.045260423506561,-1.2789037720131617,-3.283268874024331,-0.0034376960340201995,-0.40852624556862505,-0.13477374260816624
30.91245412826538,-2.6801199507967133,-0.010517177575261242,-0.007964025953253115,0.15169982663414316,-0.0013056550322891808,-0.002030062115236174,-0.045260423506561,-1.2789037720131617,-3.283268874024331,-0.0034033190736799976,-0.4044409831129388,-0.13342600518208458
30.934527158737183,-2.676107255833324,-0.010360834944245324,-0.0077363215031984196,0.1520010542261148,-0.0012056660604750809,-0.002033193276898556,-0.04540593976017776,-1.2717138357691373,-3.275610170519605,-0.0033905313781763084,-0.40486508073316124,-0.133730492488072
30.938527584075928,-2.676107255833324,-0.010360834944245324,-0.0077363215031984196,0.15048104368385365,-0.00119360939987033,-0.0020128613441295707,-0.04540593976017776,-1.2717138357691373,-3.275610170519605,-0.0033566260643945454,-0.4008164299258296,-0.1323931875631913
30.952773094177246,-2.671938300810585,-0.010186292929241723,-0.007586671198087173,0.15190328635734127,-0.001083253165078093,-0.0020468168158336666,-0.04555824694427626,-1.264630092250078,-3.2680457179879614,-0.0033628165474609115,-0.4036462475079451,-0.13355431078616392
30.95914101600647,-2.671938300810585,-0.010186292929241723,-0.007586671198087173,0.15038425349376786,-0.001072420633427312,-0.00202634864767533,-0.04555824694427626,-1.264630092250078,-3.2680457179879614,-0.0033291883819863023,-0.39960978503286565,-0.1322187676783023
30.970978260040283,-2.6680253569216292,-0.009984651380796745,-0.0075649596236944195,0.15218684080115452,-0.0010160019157290532,-0.002106970542532229,-0.045711482190265516,-1.2574859690539253,-3.260490954729256,-0.0033453685352213707,-0.4038961449853591,-0.1338244476461286
30.97477626800537,-2.6680253569216292,-0.009984651380796745,-0.0075649596236944195,0.15066497239314297,-0.0010058418965717627,-0.0020859008371069067,-0.045711482190265516,-1.2574859690539253,-3.260490954729256,-0.003311914849869157,-0.3998571835355055,-0.13248620316966733
30.989059448242188,-2.6644539679991293,-0.00979086402002582,-0.007540206779736996,0.15165937755758857,-0.0009575536089852823,-0.0021457585873867332,-0.045870483726571286,-1.2504265047066332,-3.253005164426412,-0.003325390188629118,-0.4026565575119853,-0.13354763097301284
30.99581742286682,-2.6644539679991293,-0.00979086402002582,-0.007540206779736996,0.15014278378201268,-0.0009479780728954295,-0.0021243010015128657,-0.045870483726571286,-1.2504265047066332,-3.253005164426412,-0.0032921362867428267,-0.39862999193686544,-0.1322121546632827
31.01240825653076,-2.66136034895172,-0.009679763276997166,-0.007218222676949519,0.15050625491130823,-0.0007873713773601336,-0.0021078508467624966,-0.04603509103346176,-1.2433156325679589,-3.2454467880668694,-0.003303413732834191,-0.40055014071694545,-0.13295077550422663
31.01721167564392,-2.66136034895172,-0.009679763276997166,-0.007218222676949519,0.14900119236219514,-0.0007794976635865323,-0.0020867723382948715,-0.04603509103346176,-1.2433156325679589,-3.2454467880668694,-0.0032703795955058494,-0.396544639309776,-0.13162126774918437
31.0559561252594,-2.653393468359707,-0.009355904925824738,-0.0070400219045804,0.14956780111728862,-0.0007222721992106688,-0.0021073663134354636,-0.04638493087233554,-1.229215611802786,-3.2304226677715953,-0.003282543044128851,-0.397612590186658,-0.13202319956902686
31.06122899055481,-2.653393468359707,-0.009355904925824738,-0.0070400219045804,0.14807212310611573,-0.0007150494772185621,-0.002086292650301109,-0.04638493087233554,-1.229215611802786,-3.2304226677715953,-0.003249717613687562,-0.39363646428479143,-0.1307029675733366
31.074132204055786,-2.649570318136935,-0.00920266403301732,-0.006930526073410739,0.14955483635451935,-0.0006235865483794451,-0.002120890576332427,-0.04656544688308451,-1.2222025422168465,-3.222994897102814,-0.0032905424407378885,-0.39721072834240556,-0.13190251865235594
31.081050157546997,-2.649570318136935,-0.00920266403301732,-0.006930526073410739,0.14805928799097415,-0.0006173506828956506,-0.002099681670569103,-0.04656544688308451,-1.2222025422168465,-3.222994897102814,-0.0032576370163305097,-0.3932386210589815,-0.1305834934658324
31.09092354774475,-2.6461823299665013,-0.009024296398299618,-0.006929512598743895,0.15001092190671247,-0.0005747973683781409,-0.0021910419404735427,-0.04674611096598795,-1.2151203006619224,-3.215545609544945,-0.003321610891731505,-0.39920465785514014,-0.13250602610142448
31.094367265701294,-2.6461823299665013,-0.009024296398299618,-0.006929512598743895,0.14851081268764535,-0.0005690493946943594,-0.0021691315210688074,-0.04674611096598795,-1.2151203006619224,-3.215545609544945,-0.00328839478281419,-0.39521261127658874,-0.13118096584041022
31.108829021453857,-2.643167441201066,-0.00885320646856083,-0.006905004752774196,0.1491109488010329,-0.0005280911800321446,-0.002218963993853814,-0.04692603099598547,-1.2081267963766829,-3.2081349215318182,-0.0033221830969938286,-0.3979583281357359,-0.1320587438061043
31.112977743148804,-2.643167441201066,-0.00885320646856083,-0.006905004752774196,0.14761983931302258,-0.0005228102682318232,-0.002196774353915276,-0.04692603099598547,-1.2081267963766829,-3.2081349215318182,-0.0032889612660238904,-0.39397874485437856,-0.13073815636804326
31.137309551239014,-2.639346720682847,-0.008682946980300489,-0.006868322536989558,0.14771419194169813,-0.0004928013808018636,-0.0022147496548054696,-0.04710704369609186,-1.2010695942140137,-3.2006240693680366,-0.003296229050911938,-0.39406756329619136,-0.13074043116181738
31.14659595489502,-2.639346720682847,-0.008682946980300489,-0.006868322536989558,0.14623705002228116,-0.000487873366993845,-0.002192602158257415,-0.04710704369609186,-1.2010695942140137,-3.2006240693680366,-0.0032632667604028187,-0.39012688766322945,-0.1294330268501992
31.15848422050476,-2.635356421807053,-0.008481765460247015,-0.006951363853309316,0.14813191106176363,-0.0004990003493364623,-0.0022888641955256406,-0.04728754303930061,-1.1940976128087168,-3.193207025510011,-0.0033139924779109612,-0.3943806627547911,-0.13075201550921778
31.17405867576599,-2.6316026479050474,-0.008334551569651327,-0.006836000097491312,0.14906118235058513,-0.0004220619813841773,-0.002308921989269874,-0.047468432003929896,-1.1870527374818802,-3.1857806191764793,-0.003345332408524564,-0.3967129705679483,-0.1313983022005625
31.179238319396973,-2.6316026479050474,-0.008334551569651327,-0.006836000097491312,0.14757057052707928,-0.00041784136157033553,-0.0022858327693771755,-0.047468432003929896,-1.1870527374818802,-3.1857806191764793,-0.003311879084439318,-0.3927458408622688,-0.13008431917855687
31.20719313621521,-2.6281708787966296,-0.008193099865401674,-0.006707208303335472,0.1473226767654343,-0.00037055943543641367,-0.0022850940185108796,-0.047642325929296486,-1.1800846614306075,-3.1783970814761164,-0.0033128930993448283,-0.39228722311689734,-0.1298601170304072
31.212438106536865,-2.6281708787966296,-0.008193099865401674,-0.006707208303335472,0.14584944999777996,-0.00036685384108204954,-0.002262243078325771,-0.047642325929296486,-1.1800846614306075,-3.1783970814761164,-0.00327976416835138,-0.38836435088572835,-0.12856151586010311
31.215914011001587,-2.62518916122755,-0.008090079875998121,-0.0064489181395221366,0.1529702412463108,0.00022780565789008896,-0.0022749557463521315,-0.04781113721153267,-1.173067301909177,-3.170904934159536,-0.0035089931842275162,-0.41268184817326775,-0.13605311273653195
31.22138476371765,-2.62518916122755,-0.008090079875998121,-0.0064489181395221366,0.1514405388338477,0.00022552760131118807,-0.00225220618888861,-0.04781113721153267,-1.173067301909177,-3.170904934159536,-0.003473903252385241,-0.40855502969153507,-0.13469258160916664
31.235636234283447,-2.621314148004854,-0.007948617190167989,-0.006331816938997654,0.15264552848425098,0.0003025744647507303,-0.00227357884249822,-0.047975808990087916,-1.1661395543617277,-3.163440565740742,-0.003501491597375185,-0.41129164920885697,-0.13547406100092677
31.24075198173523,-2.621314148004854,-0.007948617190167989,-0.006331816938997654,0.15111907319940845,0.000299548720103223,-0.002250843054073238,-0.047975808990087916,-1.1661395543617277,-3.163440565740742,-0.003466476681401433,-0.4071787327167684,-0.1341193203909175
31.258384943008423,-2.617338487490868,-0.0078437741304671,-0.00607660916928283,0.15186274316479678,0.00041271911304033,-0.0022339767546507784,-0.04813556490106078,-1.1591616508437927,-3.155919263386525,-0.0034800086391584737,-0.40866837859695354,-0.1344901237389738
31.262329578399658,-2.617338487490868,-0.0078437741304671,-0.00607660916928283,0.15034411573314882,0.0004085919219099267,-0.0022116369871042706,-0.04813556490106078,-1.1591616508437927,-3.155919263386525,-0.003445208552766889,-0.404581694810984,-0.13314522250158406
31.272655963897705,-2.6135380225401863,-0.007722656582988907,-0.005875680342573209,0.1525213960611611,0.0005686104812820151,-0.0022211786856981062,-0.0482899904219656,-1.1522576038911718,-3.1484551749865077,-0.0034900024588059774,-0.40995368464496645,-0.1346891481971147
31.27752995491028,-2.6135380225401863,-0.007722656582988907,-0.005875680342573209,0.1509961821005495,0.0005629243764691949,-0.0021989668988411253,-0.0482899904219656,-1.1522576038911718,-3.1484551749865077,-0.0034551024342179175,-0.4058541477985168,-0.13334225671514355
31.29670262336731,-2.6101549769041736,-0.007584736509144495,-0.0057389973990325475,0.15125097871309906,0.0006234333561305945,-0.0022076409389651056,-0.04843864376562463,-1.1453004401144333,-3.140923230507,-0.0034606234601544977,-0.4069150343955143,-0.133556799242541
31.300053119659424,-2.6101549769041736,-0.007584736509144495,-0.0057389973990325475,0.14973846892596807,0.0006171990225692885,-0.0021855645295754548,-0.04843864376562463,-1.1453004401144333,-3.140923230507,-0.0034260172255529526,-0.40284588405155913,-0.1322212312501156
31.31949782371521,-2.6071201846784433,-0.007444777718700996,-0.005613540405750125,0.14980205645095812,0.0006722792461158375,-0.0021965567532834045,-0.04858274598011697,-1.1384439491332778,-3.133402825634844,-0.0034298784473808094,-0.4038222452248228,-0.13243125655700522
31.325002670288086,-2.6071201846784433,-0.007444777718700996,-0.005613540405750125,0.14830403588644853,0.0006655564536546791,-0.0021745911857505703,-0.04858274598011697,-1.1384439491332778,-3.133402825634844,-0.003395579662907001,-0.3997840227725746,-0.13110694399143516
31.335660696029663,-2.6032679789811763,-0.007214725737350332,-0.005823874870482012,0.15043620378292774,0.0005628887842149801,-0.0023319887878265637,-0.04872584493528082,-1.1315395747125851,-3.1257515555712603,-0.003429898439141274,-0.40502927672656175,-0.13263852740711374
31.343838691711426,-2.6032679789811763,-0.007214725737350332,-0.005823874870482012,0.14893184174509846,0.0005572598963728303,-0.002308668899948298,-0.04872584493528082,-1.1315395747125851,-3.1257515555712603,-0.003395599454749861,-0.40097898395929615,-0.1313121421330426
31.348997116088867,-2.599249170550276,-0.007030193535966161,-0.005884537238213882,0.15523459047687693,0.000543047977979602,-0.002534987497189692,-0.04886343968257655,-1.1247332645603396,-3.1181624890480646,-0.0034951682283992165,-0.4158650233427205,-0.13579036735432654
31.352351903915405,-2.599249170550276,-0.007030193535966161,-0.005884537238213882,0.15368224457210816,0.000537617498199806,-0.002509637622217795,-0.04886343968257655,-1.1247332645603396,-3.1181624890480646,-0.003460216546115224,-0.4117063731092933,-0.13443246368078327
31.37263059616089,-2.5954724388630903,-0.0069223671292426335,-0.00568185353750413,0.15400800312951907,0.0006152858492181461,-0.002495708978736103,-0.04900182585121098,-1.1178695003694643,-3.1105211239434403,-0.0034604440139623205,-0.4124390997893178,-0.13455047539880274
31.377527475357056,-2.5954724388630903,-0.0069223671292426335,-0.00568185353750413,0.15246792309822388,0.0006091329907259647,-0.002470751888948742,-0.04900182585121098,-1.1178695003694643,-3.1105211239434403,-0.0034258395738226972,-0.4083147087914246,-0.1332049706448147
31.389649868011475,-2.592013458758731,-0.006814047284817626,-0.005480026203539921,0.15379689573335126,0.0007416205738414959,-0.0024661628250847237,-0.049134720249338244,-1.1111003051672321,-3.1029064315873955,-0.003446944892611755,-0.4122747975427805,-0.1343130434540585
31.416756629943848,-2.5889990580743545,-0.006754236346184113,-0.005102946975941962,0.1533710090879842,0.0008388130632161459,-0.0024252635052249448,-0.049263009679791074,-1.1042979259991748,-3.0951587384313637,-0.0034359366292290934,-0.4117884930577401,-0.13408563280318805
31.422549962997437,-2.5889990580743545,-0.006754236346184113,-0.005102946975941962,0.15183729899710435,0.0008304249325839844,-0.0024010108701726955,-0.049263009679791074,-1.1042979259991748,-3.0951587384313637,-0.0034015772629368024,-0.4076706081271627,-0.13274477647515617
31.434340476989746,-2.585108530941153,-0.006631973354533196,-0.004949707809048611,0.15361892642403036,0.0009383880068793518,-0.0024134949050085793,-0.04938536232594487,-1.0975928116529192,-3.0874185561284793,-0.0034179676231167106,-0.41189067065275764,-0.1339880028257734
31.44237971305847,-2.585108530941153,-0.006631973354533196,-0.004949707809048611,0.15208273715979004,0.0009290041268105582,-0.0023893599559584935,-0.04938536232594487,-1.0975928116529192,-3.0874185561284793,-0.0033837879468855436,-0.40777176394623005,-0.13264812279751564
31.45376753807068,-2.5811264607019404,-0.00656139244920561,-0.004626353334599647,0.1540587682403178,0.001138036328467598,-0.0023400200975013494,-0.04950345245798809,-1.0908553319524112,-3.0795937134701106,-0.0033994729268133008,-0.41235829628415466,-0.13399682424758277
31.456943035125732,-2.5811264607019404,-0.00656139244920561,-0.004626353334599647,0.15251818055791463,0.001126655965182922,-0.002316619896526336,-0.04950345245798809,-1.0908553319524112,-3.0795937134701106,-0.0033654781975451676,-0.4082347133213131,-0.13265685600510693
31.46946120262146,-2.5773262597524007,-0.00650188801983352,-0.004268824580584066,0.15402875193537482,0.001331982005839229,-0.0022587783464681835,-0.04961731004394286,-1.0842033721097006,-3.071804794486655,-0.0033753421204812603,-0.41197036528267866,-0.1337462020970803
31.47338628768921,-2.5773262597524007,-0.00650188801983352,-0.004268824580584066,0.15248846441602107,0.0013186621857808369,-0.0022361905630035018,-0.04961731004394286,-1.0842033721097006,-3.071804794486655,-0.003341588699276448,-0.4078506616298519,-0.1324087400761095
31.4941349029541,-2.573947338003152,-0.006379384525237981,-0.0041355097318368636,0.152592226816001,0.0013650923619809255,-0.0022377044204912803,-0.04972388449639328,-1.0775164999066162,-3.0639245967286923,-0.003331290325262696,-0.40853166864498486,-0.13255432665856737
31.505812406539917,-2.573947338003152,-0.006379384525237981,-0.0041355097318368636,0.15106630454784098,0.0013514414383611162,-0.0022153273762863675,-0.04972388449639328,-1.0775164999066162,-3.0639245967286923,-0.003297977422010069,-0.404446351958535,-0.13122878339198168
31.527814149856567,-2.5709179460352236,-0.006265205878072242,-0.003994664456151502,0.1509326462957592,0.0013957631353076429,-0.002212786059611152,-0.04982847367474252,-1.0709428487991315,-3.0560397306299727,-0.0032866610902909754,-0.4048523322957366,-0.13131843841407828
31.533663749694824,-2.5709179460352236,-0.006265205878072242,-0.003994664456151502,0.1494233198328016,0.0013818055039545665,-0.0021906581990150404,-0.04982847367474252,-1.0709428487991315,-3.0560397306299727,-0.0032537944793880657,-0.40080380897277923,-0.13000525402993748
31.543640613555908,-2.5670683920220356,-0.00619454541591104,-0.0037084662515450137,0.15178759552404034,0.0015916792197589015,-0.00214772294740386,-0.04992960208603243,-1.064341587240973,-3.0480047808746957,-0.00326648139572821,-0.4067270167074522,-0.13187028821917193
31.554532766342163,-2.5630499997190985,-0.006133594644172657,-0.0033939146915548126,0.15395893055304793,0.001797946922217983,-0.00209460269126099,-0.05002739429756724,-1.057852454208251,-3.0400131807954156,-0.0032742669022196255,-0.41166005671992495,-0.13343707370684427
31.575697898864746,-2.559276256122934,-0.006022543165969075,-0.003254129050638467,0.15420243288684618,0.001840219285704745,-0.0020922807564943404,-0.05012061374621613,-1.0513249423852506,-3.0319472086604944,-0.0032605805415477224,-0.4122152878769084,-0.13358953364692178
31.583706855773926,-2.559276256122934,-0.006022543165969075,-0.003254129050638467,0.15266040855797772,0.0018218170928476975,-0.002071357948929397,-0.05012061374621613,-1.0513249423852506,-3.0319472086604944,-0.003227974736132245,-0.4080931349981393,-0.13225363831045256
31.59332537651062,-2.555822793507475,-0.0059173606459688105,-0.003107258077537509,0.15472440594147005,0.0019400584922383123,-0.0020866374380685334,-0.05021347326076915,-1.0449057399123998,-3.023896114668683,-0.003239025050212761,-0.41420121388025855,-0.1342166403771784
31.599205493927002,-2.555822793507475,-0.0059173606459688105,-0.003107258077537509,0.15317716188205535,0.001920657907315929,-0.002065771063687848,-0.05021347326076915,-1.0449057399123998,-3.023896114668683,-0.0032066347997106335,-0.41005920174145594,-0.13287447397340663
31.627413749694824,-2.552819707055468,-0.00583761264614267,-0.002885267715342468,0.15271001441465284,0.0019650630913708887,-0.002045588504383574,-0.05030529658318699,-1.0384724047824363,-3.0156994277250693,-0.0031892937206517155,-0.4094690586524717,-0.13269573802458645
31.63117527961731,-2.552819707055468,-0.00583761264614267,-0.002885267715342468,0.1511829142705063,0.0019454124604571799,-0.002025132619339738,-0.05030529658318699,-1.0384724047824363,-3.0156994277250693,-0.0031574007834451983,-0.40537436806594696,-0.1313687806443406
31.636608839035034,-2.5489348052822502,-0.005734540282030309,-0.0027392327320435207,0.15682115857420592,0.002167265543025355,-0.002064528156178365,-0.050394678826516125,-1.0321513318645454,-3.0075067490605547,-0.0032008356998875958,-0.41939261274263395,-0.13606377252250795
31.656121969223022,-2.5449562628274762,-0.005669390229303294,-0.002476232139139747,0.15729181653144847,0.002251752580946108,-0.0020332997036509193,-0.050480985014497756,-1.02581624278282,-2.999217551864118,-0.0031887468732814833,-0.4202712921471284,-0.1363931310704477
31.663979053497314,-2.5449562628274762,-0.005669390229303294,-0.002476232139139747,0.15571889836613398,0.002229235055136647,-0.00201296670661441,-0.050480985014497756,-1.02581624278282,-2.999217551864118,-0.0031568594045486686,-0.4160685792256571,-0.13502919975974323
31.67962956428528,-2.541155126177357,-0.005590885478229947,-0.0022627408007855855,0.15659046259542658,0.002318573804206239,-0.0019930117823455345,-0.050566177190050056,-1.0195782092167713,-2.9909644580749033,-0.003150599759480434,-0.4181762003240368,-0.1357779447939417
31.68929171562195,-2.541155126177357,-0.005590885478229947,-0.0022627408007855855,0.15502455796947232,0.0022953880661641763,-0.001973081664522079,-0.050566177190050056,-1.0195782092167713,-2.9909644580749033,-0.0031190937618856295,-0.4139944383207964,-0.1344201653460023
31.701629638671875,-2.537770624770604,-0.0054968561325579885,-0.002109156715260964,0.15621753458169338,0.0023818056688159708,-0.0019741942828618354,-0.05064907641021573,-1.013318519558404,-2.982624199386091,-0.0031188951253650486,-0.4178692847525659,-0.1357598241345537
31.712507247924805,-2.537770624770604,-0.0054968561325579885,-0.002109156715260964,0.15465535923587645,0.002357987612127811,-0.001954452340033217,-0.05064907641021573,-1.013318519558404,-2.982624199386091,-0.003087706174111398,-0.41369059190504026,-0.13440222589320816
31.725525617599487,-2.5347320315148076,-0.00540905066086541,-0.001950166292173128,0.15544291576764874,0.002439840039151663,-0.001950913634519728,-0.05073121394244208,-1.0071757479167927,-2.974294076046422,-0.003086897800531556,-0.4170790344542361,-0.13562350735235548
31.730638027191162,-2.5347320315148076,-0.00540905066086541,-0.001950166292173128,0.15388848660997226,0.0024154416387601463,-0.0019314044981745308,-0.05073121394244208,-1.0071757479167927,-2.974294076046422,-0.0030560288225262404,-0.41290824410969373,-0.13426727227883192
31.75800085067749,-2.5267978078546594,-0.00523615554136975,-0.001650942819797677,0.1552492569368836,0.002487446629420792,-0.001926748393346101,-0.0508921404066817,-0.9949616816295007,-2.957441680877957,-0.003054483553968676,-0.41597810670522234,-0.13538111147142337
31.763431072235107,-2.5267978078546594,-0.00523615554136975,-0.001650942819797677,0.15369676436751475,0.002462572163126584,-0.0019074809094126398,-0.0508921404066817,-0.9949616816295007,-2.957441680877957,-0.003023938718428989,-0.4118183256381701,-0.13402730035670912
31.785746812820435,-2.5229563648627695,-0.00516734427518255,-0.0014657629381687606,0.1538811748972302,0.0025066565297551247,-0.0018882039715063424,-0.05097049446284298,-0.9888687400874439,-2.9490105110776264,-0.0030111121252312384,-0.4121155924306301,-0.1341815821672112
31.790743350982666,-2.5229563648627695,-0.00516734427518255,-0.0014657629381687606,0.1523423631482579,0.0024815899644575735,-0.0018693219317912789,-0.05097049446284298,-0.9888687400874439,-2.9490105110776264,-0.002981001003978926,-0.40799443650632383,-0.1328397663455391
31.799344539642334,-2.519410326088706,-0.005104026542999938,-0.001278404993019713,0.15494157269926861,0.002635293472591565,-0.0018455876325986806,-0.05104628064210158,-0.9828724097394584,-2.940627521102842,-0.002995291389939401,-0.41526009891041626,-0.13536827110145058
31.80426597595215,-2.519410326088706,-0.005104026542999938,-0.001278404993019713,0.15339215697227593,0.0026089405378656497,-0.0018271317562726938,-0.05104628064210158,-0.9828724097394584,-2.940627521102842,-0.002965338476040007,-0.41110749792131207,-0.13401458839043606
31.821828603744507,-2.5162930840421303,-0.005063660497783094,-0.0010329156001954933,0.15363304816285137,0.002690926074972069,-0.0017897691471235515,-0.051120022443030856,-0.9768451047152403,-2.9321497372788,-0.00295671770275337,-0.41260461234608625,-0.13457943986636253
31.840781927108765,-2.5162930840421303,-0.005063660497783094,-0.0010329156001954933,0.15209671768122285,0.0026640168142223484,-0.001771871455652316,-0.051120022443030856,-0.9768451047152403,-2.9321497372788,-0.0029271505257258365,-0.4084785662226254,-0.13323364546769892
31.85631513595581,-2.5081836520451164,-0.004969005262602966,-0.0005958905133607311,0.1557962131842738,0.0028609438870933917,-0.001723298208032847,-0.051260793887258675,-0.9649155968702812,-2.9152700115443846,-0.002944700868618239,-0.41701626439184863,-0.1361143928127202
31.866045713424683,-2.5081836520451164,-0.004969005262602966,-0.0005958905133607311,0.15423825105243108,0.0028323344482224576,-0.0017060652259525185,-0.051260793887258675,-0.9649155968702812,-2.9152700115443846,-0.0029152538599320566,-0.4128461017479301,-0.134753248884593
31.883543491363525,-2.5042113999367035,-0.004925025187340863,-0.0003822430254899416,0.15496589433918892,0.002900994124831648,-0.0016746258104021717,-0.05132799602120855,-0.9590063680147576,-2.906873382283968,-0.0029058971184962533,-0.4142874567535248,-0.1352524992008519
31.892029285430908,-2.5042113999367035,-0.004925025187340863,-0.0003822430254899416,0.15341623539579702,0.0028719841835833314,-0.00165787955229815,-0.05132799602120855,-0.9590063680147576,-2.906873382283968,-0.002876838147311291,-0.41014458218598954,-0.13389997420884336
31.899005889892578,-2.5006086166642727,-0.004879846789012846,-0.00018264481004226903,0.15704587341450987,0.003072072953148675,-0.001612015372973778,-0.051393622432175025,-0.9530617082471126,-2.898409244061989,-0.0028967982140185996,-0.4201277519364513,-0.13718964740938017
31.92295527458191,-2.497300758124131,-0.0048379064131716856,1.465720028757977e-05,0.15685651098591682,0.003106917533862924,-0.001586785346541346,-0.05145766960060648,-0.9472188267226522,-2.8899663320146742,-0.002881994420279506,-0.4199945444486312,-0.1371709692357873
31.933674812316895,-2.497300758124131,-0.0048379064131716856,1.465720028757977e-05,0.15528794587605765,0.003075848358524295,-0.0015709174930759325,-0.05145766960060648,-0.9472188267226522,-2.8899663320146742,-0.002853174476076711,-0.4157945990041449,-0.13579925954342945
31.968438625335693,-2.493178179013033,-0.0047953963983341135,0.0002004184810882238,0.15492088682258615,0.0030883248568430275,-0.0015495124294603445,-0.05152204787456148,-0.9413473864291371,-2.881389633330956,-0.002834732241472115,-0.4144728245677479,-0.13538767093847184
31.973737955093384,-2.493178179013033,-0.0047953963983341135,0.0002004184810882238,0.15337167795436027,0.003057441608274597,-0.0015340173051657411,-0.05152204787456148,-0.9413473864291371,-2.881389633330956,-0.002806384919057394,-0.41032809632207046,-0.13403379422908712
31.991636037826538,-2.4888872253561765,-0.004755305992872509,0.00037959614255674256,0.15423527553701172,0.003108160262921331,-0.0015073835052920189,-0.051585409993896374,-0.9355623972681298,-2.872895313414782,-0.0027981333615000386,-0.4116750773378315,-0.1345007881725785
31.998364210128784,-2.4888872253561765,-0.004755305992872509,0.00037959614255674256,0.1526929227816416,0.0030770786602921174,-0.0014923096702390986,-0.051585409993896374,-0.9355623972681298,-2.872895313414782,-0.002770152027885038,-0.4075583265644532,-0.1331557802908527
32.006845235824585,-2.484840584614861,-0.004726808529768478,0.0005762706601225975,0.15593707648129318,0.003229282202578586,-0.0014389655673703267,-0.05164893115984417,-0.9297187480760285,-2.864360951002269,-0.0027853796848938575,-0.41508374366377,-0.13558693650345008
32.013405561447144,-2.484840584614861,-0.004726808529768478,0.0005762706601225975,0.15437770571648024,0.0031969893805528,-0.0014245759116966233,-0.05164893115984417,-0.9297187480760285,-2.864360951002269,-0.002757525888044919,-0.4109329062271323,-0.13423106713841557
32.02214765548706,-2.4811191542183177,-0.004703402443469286,0.0007705993486854473,0.15709050963591842,0.003338869033237052,-0.0013698892646454065,-0.051711954527178784,-0.9239535781429975,-2.8558752489064068,-0.0027725184577327097,-0.41798659524792603,-0.136508304591578
32.02919840812683,-2.4811191542183177,-0.004703402443469286,0.0007705993486854473,0.15551960453955924,0.0033054803429046816,-0.0013561903719989524,-0.051711954527178784,-0.9239535781429975,-2.8558752489064068,-0.0027447932731553826,-0.41380672929544676,-0.13514322154566222
32.03374791145325,-2.4777343794594895,-0.004426780839590924,0.00015399061418812056,0.16140701718883463,0.002456764422889576,-0.0021085006278387295,-0.05177594401917955,-0.9181522397703935,-2.847273092092557,-0.0027980678945759,-0.4313627036789702,-0.14082695619921243
32.03864574432373,-2.4777343794594895,-0.004426780839590924,0.00015399061418812056,0.15979294701694627,0.0024321967786606804,-0.0020874156215603423,-0.05177594401917955,-0.9181522397703935,-2.847273092092557,-0.002770087215630141,-0.4270490766421805,-0.1394186866372203
32.04297399520874,-2.47359953524681,-0.0042235189212134865,-0.00026511472353921937,0.16774997612456885,0.0018387472948522485,-0.002634826299649645,-0.05184088240697848,-0.9124336501080671,-2.8387251632093458,-0.0028283619512744136,-0.44538427602339653,-0.1453450369021082
32.04925060272217,-2.47359953524681,-0.0042235189212134865,-0.00026511472353921937,0.16607247636332317,0.001820359821903726,-0.002608478036653149,-0.05184088240697848,-0.9124336501080671,-2.8387251632093458,-0.0028000783317616695,-0.44093043326316256,-0.14389158653308712
32.077327728271484,-2.4655456226797363,-0.004079012269502436,-0.00045349355970876866,0.16728038582694482,0.0017700072974318618,-0.0026326643790787725,-0.051971349486006596,-0.9009431522856567,-2.821607741846107,-0.0027986565603103928,-0.44352829338767286,-0.14464758568625052
32.081791162490845,-2.4655456226797363,-0.004079012269502436,-0.00045349355970876866,0.16560758196867537,0.001752307224457543,-0.002606337735287985,-0.051971349486006596,-0.9009431522856567,-2.821607741846107,-0.0027706699947072887,-0.4390930104537961,-0.14320110982938802
32.10503005981445,-2.4620920380977234,-0.004049622707594486,-0.0005169928835293757,0.16543767137388046,0.0017198897232288354,-0.002594371738428582,-0.05203803413941697,-0.8951696460254802,-2.8130354343851924,-0.0027595314434265077,-0.4389527829693063,-0.14307732579311352
32.11043858528137,-2.4620920380977234,-0.004049622707594486,-0.0005169928835293757,0.16378329466014166,0.001702690825996547,-0.0025684280210442963,-0.05203803413941697,-0.8951696460254802,-2.8130354343851924,-0.0027319361289922426,-0.43456325513961325,-0.14164655253518238
32.12154960632324,-2.45836533783283,-0.004409404646874734,-0.001236000043530623,0.16549964585313162,0.0011388647166688348,-0.0024695148948264316,-0.05210926399720641,-0.8894755906595813,-2.804505460557147,-0.0027384839102613345,-0.43903869390079686,-0.14294873523511276
32.12498068809509,-2.45836533783283,-0.004409404646874734,-0.001236000043530623,0.1638446493946003,0.0011274760695021465,-0.0024448197458781674,-0.05210926399720641,-0.8894755906595813,-2.804505460557147,-0.002711099071158721,-0.4346483069617889,-0.14151924788276163
32.13846683502197,-2.454174560674136,-0.004720797518004114,-0.0014996387353677428,0.1653134325233472,0.0009185361482334673,-0.0022985055378122008,-0.05218569273079113,-0.8837283597243424,-2.795863120670313,-0.002713014693519596,-0.4376620513295795,-0.14235281535223035
32.156590700149536,-2.450016922527003,-0.004952190679669942,-0.0016943487227154236,0.16595415853561882,0.0008008828212687986,-0.0022067765095944098,-0.0522613748820312,-0.8780409736136833,-2.7873187723515502,-0.0027059492473947015,-0.43870924587613447,-0.14255924491246946
32.163597106933594,-2.450016922527003,-0.004952190679669942,-0.0016943487227154236,0.16429461695026262,0.0007928739930561106,-0.0021847087444984655,-0.0522613748820312,-0.8780409736136833,-2.7873187723515502,-0.0026788897549207547,-0.4343221534173731,-0.14113365246334478
32.179160833358765,-2.4462279584790267,-0.005115953343552323,-0.0018811233039484263,0.16508604422407416,0.0006731687356105228,-0.0021132312759494843,-0.05233181563601894,-0.8722838306313602,-2.7787321140148693,-0.0026706141850973194,-0.43635389668665175,-0.14158861156264685
32.18515872955322,-2.4462279584790267,-0.005115953343552323,-0.0018811233039484263,0.16343518378183342,0.0006664370482544176,-0.0020920989631899893,-0.05233181563601894,-0.8722838306313602,-2.7787321140148693,-0.002643908043246346,-0.4319903577197852,-0.1401727254470204
32.201704025268555,-2.44282985282061,-0.005264974872671816,-0.0019851664134979815,0.1638545113406614,0.0005927131873534987,-0.002018247666933843,-0.052397842114681396,-0.866600843769929,-2.7701821473677026,-0.0026315205668609926,-0.4336245566542153,-0.14051804080248956
32.20933270454407,-2.44282985282061,-0.005264974872671816,-0.0019851664134979815,0.1622159662272548,0.0005867860554799638,-0.0019980651902645045,-0.052397842114681396,-0.866600843769929,-2.7701821473677026,-0.0026052053611923826,-0.4292883110876731,-0.13911286039446466
32.22136044502258,-2.4390464794838325,-0.005455147459238131,-0.0018796100847672246,0.16373889935370042,0.0006058767584371705,-0.0018337897037865253,-0.05246093008890072,-0.8608848432207684,-2.7614922626769216,-0.002594971934545152,-0.43329099941178983,-0.14016499475845076
32.24067950248718,-2.4390464794838325,-0.005455147459238131,-0.0018796100847672246,0.16210151036016343,0.0005998179908527988,-0.00181545180674866,-0.05246093008890072,-0.8608848432207684,-2.7614922626769216,-0.0025690222151997003,-0.42895808941767194,-0.13876334481086625
32.24610710144043,-2.4347739640892856,-0.005579758844940982,-0.0018755550049735332,0.16835177792962333,0.0005468909654248343,-0.0016119879762415232,-0.05252463026651266,-0.8552468820365461,-2.752857744217491,-0.002578734108368644,-0.4428991630425669,-0.14272727664347354
32.25380325317383,-2.4347739640892856,-0.005579758844940982,-0.0018755550049735332,0.1666682601503271,0.000541422055770586,-0.001595868096479108,-0.05252463026651266,-0.8552468820365461,-2.752857744217491,-0.0025529467672849573,-0.43847017141214123,-0.1413000038770388
32.26223134994507,-2.430577659292841,-0.005697021476363823,-0.0018341919925153392,0.16998013520080174,0.0005399687443582884,-0.0014550442926733133,-0.05258652439074068,-0.8495656950055418,-2.744170548185503,-0.0025469647079061006,-0.44591980416228,-0.1432979429802305
32.26655316352844,-2.430577659292841,-0.005697021476363823,-0.0018341919925153392,0.16828033384879373,0.0005345690569147055,-0.0014404938497465801,-0.05258652439074068,-0.8495656950055418,-2.744170548185503,-0.0025214950608270395,-0.4414606061206572,-0.14186496355042819
32.27718424797058,-2.426680946594244,-0.0058068369707749345,-0.0017526396761831172,0.17026258540210384,0.0005612678040616968,-0.0013224677529441598,-0.052645573955168994,-0.8439405946511173,-2.7355052220285185,-0.00250898801432557,-0.44638513726199136,-0.14313290350245075
32.2828049659729,-2.426680946594244,-0.0058068369707749345,-0.0017526396761831172,0.1685599595480828,0.0005556551260210799,-0.0013092430754147182,-0.052645573955168994,-0.8439405946511173,-2.7355052220285185,-0.002483898134182314,-0.44192128588937146,-0.14170157446742623
32.29812455177307,-2.4232066025643495,-0.005858455227225968,-0.0017698680970401573,0.1691421962314812,0.0005356229502103441,-0.0012696785903662485,-0.052702566028854224,-0.8383071345311,-2.7267814402794044,-0.002466093275417361,-0.4440186567305983,-0.14215153691703988
32.304495096206665,-2.4232066025643495,-0.005858455227225968,-0.0017698680970401573,0.16745077426916638,0.0005302667207082406,-0.001256981804462586,-0.052702566028854224,-0.8383071345311,-2.7267814402794044,-0.0024414323426631876,-0.4395784701632923,-0.14073002154786948
32.32446217536926,-2.420083692201527,-0.005908259429913215,-0.0017435978285595,0.1673402154823077,0.0005296348863040662,-0.0012192113205262759,-0.052760587987392644,-0.8327683889875567,-2.717991453544353,-0.0024228881139632783,-0.44017322083246263,-0.1407957511757274
32.33036732673645,-2.420083692201527,-0.005908259429913215,-0.0017435978285595,0.16566681332748462,0.0005243385374410256,-0.0012070192073210132,-0.052760587987392644,-0.8327683889875567,-2.717991453544353,-0.0023986592328236454,-0.435771488624138,-0.13938779366397014
32.34300208091736,-2.4161726425854657,-0.005882676533589878,-0.0017121702478033868,0.16710561553180775,0.0005465150438585662,-0.0011957225325579784,-0.0528203148450697,-0.8272725679286359,-2.709060505974868,-0.00238530011705562,-0.4393581139890566,-0.1403969404253268
32.35094666481018,-2.4161726425854657,-0.005882676533589878,-0.0017121702478033868,0.16543455937648968,0.0005410498934199805,-0.0011837653072323986,-0.0528203148450697,-0.8272725679286359,-2.709060505974868,-0.0023614471158850637,-0.43496453284916603,-0.13899297102107352
32.377320289611816,-2.408260909517945,-0.005704181117991071,-0.0016333000880737751,0.16678018048536125,0.0005796862604130916,-0.0012059227136731949,-0.05294775102864423,-0.8164910772118618,-2.691135006679325,-0.0023523211429363196,-0.43820157612168503,-0.13991641972199534
32.384929895401,-2.408260909517945,-0.005704181117991071,-0.0016333000880737751,0.16511237868050763,0.0005738893978089607,-0.001193863486536463,-0.05294775102864423,-0.8164910772118618,-2.691135006679325,-0.0023287979315069563,-0.4338195603604682,-0.1385172555247754
32.40159344673157,-2.4047442317568315,-0.005776754538899041,-0.0010720073113441489,0.1655711092438377,0.00080258132532182,-0.0010520331763203348,-0.05300830686468212,-0.8112024446797937,-2.682122163229209,-0.0023166026646526416,-0.43546635209335005,-0.1390050960547033
32.408344745635986,-2.4047442317568315,-0.005776754538899041,-0.0010720073113441489,0.16391539815139933,0.0007945555120686018,-0.0010415128445571316,-0.05300830686468212,-0.8112024446797937,-2.682122163229209,-0.002293436638006115,-0.43111168857241655,-0.13761504509415626
32.41950535774231,-2.4016667190457786,-0.005706617972325172,-0.0008331631032777958,0.16503352624843548,0.0009630706688994978,-0.0010110918120989165,-0.05305295241336023,-0.8059726858416452,-2.672988550800893,-0.002274197257203763,-0.4357790657142337,-0.13912340504091816
32.42362928390503,-2.4016667190457786,-0.005706617972325172,-0.0008331631032777958,0.16338319098595114,0.0009534399622105027,-0.0010009808939779273,-0.05305295241336023,-0.8059726858416452,-2.672988550800893,-0.002251455284631725,-0.4314212750570914,-0.13773217099050897
32.43846130371094,-2.397795851220357,-0.006084823611755601,0.0006640089807005195,0.1643569263172872,0.0016073861105410216,-0.000517464190415306,-0.053084824344865056,-0.8008451712869026,-2.663836143576141,-0.0022269158591951338,-0.433829256110917,-0.13855518095423844
32.44322466850281,-2.397795851220357,-0.006084823611755601,0.0006640089807005195,0.16271335705411433,0.0015913122494356114,-0.0005122895485111529,-0.053084824344865056,-0.8008451712869026,-2.663836143576141,-0.0022046467006031824,-0.4294909635498078,-0.13716962914469605
32.46003746986389,-2.3938786058120045,-0.005937971906816842,0.0008842150542277207,0.16341599952265967,0.0016996967963347801,-0.0005296180183818371,-0.053084933152126056,-0.795752335601854,-2.6546271488189457,-0.002163149439077783,-0.43114152457637006,-0.13775453462857204
32.46534514427185,-2.3938786058120045,-0.005937971906816842,0.0008842150542277207,0.16178183952743308,0.0016826998283714324,-0.0005243218381980187,-0.053084933152126056,-0.795752335601854,-2.6546271488189457,-0.002141517944687005,-0.42683010933060633,-0.1363769892822863
32.485883712768555,-2.390178291143876,-0.006402828482068503,0.0026256875044465776,0.16196332788979065,0.002219621550180038,-0.00011127410683376836,-0.05307333759531018,-0.7907367854486747,-2.645442929170751,-0.0021016282658874617,-0.42739889397637243,-0.13661377556963358
32.491562366485596,-2.390178291143876,-0.006402828482068503,0.0026256875044465776,0.16034369461089273,0.0021974253346782376,-0.00011016136576543067,-0.05307333759531018,-0.7907367854486747,-2.645442929170751,-0.002080611983228587,-0.4231249050366087,-0.13524763781393725
32.49544167518616,-2.3868901891501006,-0.006053427223337073,0.0022894972475920286,0.1672194877132255,0.001827876874045553,-0.0009996090551504012,-0.05304339613622047,-0.785747601819928,-2.6362090155171733,-0.0019159045026571962,-0.4445688808736254,-0.14242486975484198
32.502814531326294,-2.3868901891501006,-0.006053427223337073,0.0022894972475920286,0.16554729283609326,0.0018095981053050975,-0.0009896129645988972,-0.05304339613622047,-0.785747601819928,-2.6362090155171733,-0.0018967454576306242,-0.44012319206488915,-0.14100062105729355
32.521931886672974,-2.3839668597581722,-0.00660741822768994,0.004151891727486322,0.16541788602417973,0.0024180163866466048,-0.0004881845394588484,-0.052996788431088064,-0.7808657399291021,-2.6269641424586614,-0.0018434531758113775,-0.4409001639178471,-0.14134905695514988
32.52686142921448,-2.3839668597581722,-0.00660741822768994,0.004151891727486322,0.16376370716393793,0.002393836222780139,-0.0004833026940642599,-0.052996788431088064,-0.7808657399291021,-2.6269641424586614,-0.0018250186440532637,-0.43649116227866863,-0.13993556638559837
32.537697076797485,-2.3802194045336225,-0.006522952342058795,0.0043835718887544105,0.16558384664217957,0.0025585420668318296,-0.00047062342148309396,-0.052912633178720116,-0.7760264112381194,-2.6176238113580768,-0.001713400418594065,-0.4413059807696228,-0.14169540845432815
32.542187213897705,-2.3802194045336225,-0.006522952342058795,0.0043835718887544105,0.16392800817575776,0.0025329566461635114,-0.000465917187268263,-0.052912633178720116,-0.7760264112381194,-2.6176238113580768,-0.0016962664144081242,-0.43689292096192656,-0.14027845436978487
32.55701684951782,-2.376311737840433,-0.007199078817258527,0.0064592578848544765,0.16491837368589074,0.0033985959928784846,0.000277074433958703,-0.05279871999670563,-0.771288329790714,-2.608337189720569,-0.0015959711881238226,-0.4391659715192719,-0.1411792216898992
32.561391830444336,-2.376311737840433,-0.007199078817258527,0.0064592578848544765,0.16326918994903183,0.0033646100329497,0.000274303689619116,-0.05279871999670563,-0.771288329790714,-2.608337189720569,-0.0015800114762425843,-0.43477431180407916,-0.1397674294730002
32.583213329315186,-2.3726252861663584,-0.006723923815897669,0.005684340920283874,0.16332729203305477,0.0031440267680682295,1.0569017658189242e-05,-0.052680180553535814,-0.7665770957603314,-2.5990108692876848,-0.0015049533784564145,-0.43494993177287594,-0.13994016629259295
32.58947038650513,-2.3726252861663584,-0.006723923815897669,0.005684340920283874,0.1616940191127242,0.003112586500387547,1.046332748160735e-05,-0.052680180553535814,-0.7665770957603314,-2.5990108692876848,-0.0014899038446718504,-0.4306004324551472,-0.13854076462966702
32.60124611854553,-2.3692789623207915,-0.007118387121922556,0.007011917962265785,0.16291420291391667,0.003811051429379881,0.0005848725745004639,-0.052542048601338126,-0.7619788441913087,-2.589699553195068,-0.0013530937372119081,-0.43460865963669254,-0.14009547155959443
32.60698199272156,-2.3692789623207915,-0.007118387121922556,0.007011917962265785,0.1612850608847775,0.003772940915086082,0.0005790238487554593,-0.052542048601338126,-0.7619788441913087,-2.589699553195068,-0.001339562799839789,-0.4302625730403256,-0.13869451684399847
32.62104797363281,-2.3663628878948457,-0.006625583118521583,0.006181252428638654,0.16174773723794164,0.0034192435953291976,0.0001454291658940848,-0.05238267124576437,-0.7574431153601004,-2.580304364602462,-0.0012083114243843789,-0.4329375417312222,-0.1398223691802002
32.631638050079346,-2.3663628878948457,-0.006625583118521583,0.006181252428638654,0.16013025986556223,0.0033850511593759057,0.00014397487423514394,-0.05238267124576437,-0.7574431153601004,-2.580304364602462,-0.0011962283101405351,-0.42860816631390997,-0.13842414548839818
32.658668994903564,-2.3585637353456295,-0.006483578943280637,0.006532637519651621,0.16141368813740492,0.0034722488478909357,0.00014348399162560758,-0.05204642374795844,-0.7486642646147693,-2.561522696134638,-0.0010576861543756238,-0.4315250875175099,-0.13967455889607885
32.66565537452698,-2.3585637353456295,-0.006483578943280637,0.006532637519651621,0.15979955125603088,0.0034375263594120264,0.0001420491517093515,-0.05204642374795844,-0.7486642646147693,-2.561522696134638,-0.0010471092928318675,-0.4272098366423348,-0.13827781330711805
32.67862868309021,-2.3547793947150697,-0.006317309803980201,0.006458280702483483,0.16111875674239337,0.0034114330797343742,3.069533245937068e-05,-0.051880358498514724,-0.744385698768109,-2.552162720535788,-0.0009071902013940035,-0.43037492870435057,-0.13965505915213033
32.68298649787903,-2.3547793947150697,-0.006317309803980201,0.006458280702483483,0.15950756917496944,0.0033773187489370303,3.038837913477697e-05,-0.051880358498514724,-0.744385698768109,-2.552162720535788,-0.0008981182993800634,-0.42607117941730704,-0.13825850856060903
32.701067209243774,-2.3513675460869368,-0.006124486574471583,0.006309206238109982,0.1597997862525583,0.003323149565015344,-7.199966775989821e-05,-0.05172276301781178,-0.7401461937931716,-2.5428094229473137,-0.0008011765638745033,-0.4271357356298433,-0.13885078393248823
32.711952209472656,-2.3513675460869368,-0.006124486574471583,0.006309206238109982,0.1582017883900327,0.0032899180693651904,-7.127967108229923e-05,-0.05172276301781178,-0.7401461937931716,-2.5428094229473137,-0.0007931647982357583,-0.4228643782735449,-0.13746227609316336
32.72123908996582,-2.3483479691333145,-0.006001688329689211,0.0063096572441372935,0.15987116162252915,0.0033095854304622404,-0.00016623460632458038,-0.05156917540135016,-0.735990676485193,-2.5334718271361534,-0.0006194851578500167,-0.42893964123003336,-0.13995374938423932
32.72687363624573,-2.3483479691333145,-0.006001688329689211,0.0063096572441372935,0.15827245000630386,0.0032764895761576178,-0.00016457226026133457,-0.05156917540135016,-0.735990676485193,-2.5334718271361534,-0.0006132903062715166,-0.424650244817733,-0.13855421189039693
32.752074241638184,-2.344493810853722,-0.005826619905836739,0.006139353602627729,0.15821933883486844,0.0032215191012471525,-0.00023385558899513396,-0.0514196482604149,-0.7318663368712954,-2.524119040587911,-0.0005477608259261358,-0.4242020569801447,-0.1385917895954709
32.757872104644775,-2.344493810853722,-0.005826619905836739,0.006139353602627729,0.15663714544651974,0.003189303910234681,-0.00023151703310518262,-0.0514196482604149,-0.7318663368712954,-2.524119040587911,-0.0005422832176668744,-0.41996003641034324,-0.13720587169951617
32.76722049713135,-2.34045471308552,-0.00566675399477262,0.005958365386659182,0.15939203174811195,0.003084893762549962,-0.00041241417371780766,-0.051273776731906105,-0.7277935287354005,-2.51483857185978,-0.00038056942786403384,-0.42592112672268007,-0.1396144451895118
32.77199196815491,-2.34045471308552,-0.00566675399477262,0.005958365386659182,0.15779811143063083,0.003054044824924462,-0.0004082900319806296,-0.051273776731906105,-0.7277935287354005,-2.51483857185978,-0.0003767637335853935,-0.4216619154554533,-0.13821830073761668
32.78123617172241,-2.3366152156925177,-0.005648323196153618,0.006064903598445481,0.16037309428364546,0.0031278403190196243,-0.0003833076003916202,-0.0511363691091318,-0.7236970360881279,-2.505597534361397,-0.00022444309415641008,-0.42772214688489696,-0.14057180291335955
32.788573265075684,-2.3366152156925177,-0.005648323196153618,0.006064903598445481,0.15876936334080902,0.003096561915829428,-0.000379474524387704,-0.0511363691091318,-0.7236970360881279,-2.505597534361397,-0.00022219866321484597,-0.423444925416048,-0.13916608488422597
32.802175998687744,-2.3330870739958796,-0.005655484023004336,0.006193219494786563,0.15977501206861322,0.003141591034665908,-0.00034284783875785464,-0.05100258839183671,-0.7196255735843028,-2.496404136876327,-0.00012209924350129278,-0.42616534606162243,-0.14027759640056822
32.80767464637756,-2.3330870739958796,-0.005655484023004336,0.006193219494786563,0.15817726194792708,0.003110175124319249,-0.0003394193603702761,-0.05100258839183671,-0.7196255735843028,-2.496404136876327,-0.00012087825106627984,-0.4219036926010062,-0.13887482043656255
32.81903028488159,-2.3289502629330068,-0.005318927272622412,0.006341753439845096,0.1602378528395568,0.003278999043160109,-0.000510655961788864,-0.05087569606501863,-0.7155099401370563,-2.487176924813144,-1.065869254245324e-05,-0.42607652747914704,-0.14044227622601546
32.82307529449463,-2.3289502629330068,-0.005318927272622412,0.006341753439845096,0.15863547431116123,0.003246209052728508,-0.0005055494021709753,-0.05087569606501863,-0.7155099401370563,-2.487176924813144,-1.0552105617028708e-05,-0.42181576220435557,-0.1390378534637553
32.843594789505005,-2.324402568592985,-0.005117509001194675,0.006561311108762808,0.15926495633164434,0.0033298469119261848,-0.0005387788110016976,-0.05076055897538809,-0.7113845367996324,-2.478074435267322,4.328841421243871e-05,-0.4222080761561761,-0.13921722592918778
32.85074543952942,-2.324402568592985,-0.005117509001194675,0.006561311108762808,0.15767230676832789,0.003296548442806923,-0.0005333910228916807,-0.05076055897538809,-0.7113845367996324,-2.478074435267322,4.2855530070314325e-05,-0.41798599539461434,-0.1378250536698959
32.86542010307312,-2.319981135176184,-0.004952563542137529,0.006693577848587043,0.15910814475359036,0.003374969715813541,-0.0005823001189802023,-0.05066558022391091,-0.7071703107423513,-2.4689514064536078,0.00010308642027548982,-0.4203140756083636,-0.1385783757469765
32.875699520111084,-2.319981135176184,-0.004952563542137529,0.006693577848587043,0.15751706330605447,0.0033412200186554056,-0.0005764771177904003,-0.05066558022391091,-0.7071703107423513,-2.4689514064536078,0.00010205555607273492,-0.41611093485227996,-0.13719259198950676
32.886786460876465,-2.315869643189883,-0.004948558819095058,0.007028669351024504,0.15964918702894346,0.0035413141683687636,-0.0004794322317967521,-0.05059447925876604,-0.7029407565930711,-2.4599149395333906,0.0001586450955109793,-0.42052727770818776,-0.13854335243234925
32.90289354324341,-2.315869643189883,-0.004948558819095058,0.007028669351024504,0.15805269515865403,0.003505901026685076,-0.0004746379094787846,-0.05059447925876604,-0.7029407565930711,-2.4599149395333906,0.0001570586445558695,-0.4163220049311059,-0.13715791890802576
32.9256637096405,-2.3074634519377297,-0.004997089808321629,0.007523404358256548,0.16016310144947482,0.0036352893871028644,-0.00038725245304774806,-0.05053998459437036,-0.6943542897534666,-2.4417427487129086,0.0001714791205679761,-0.4206035260289653,-0.1383550294275585
32.9386830329895,-2.3074634519377297,-0.004997089808321629,0.007523404358256548,0.15856147043498006,0.0035989364932318356,-0.0003833799285172706,-0.05053998459437036,-0.6943542897534666,-2.4417427487129086,0.00016976432936229634,-0.4163974907686756,-0.13697147913328292
32.943274974823,-2.3025648795108173,-0.005076036847753386,0.007852026332611351,0.16764090845869864,0.004067645304580909,-3.173511704588635e-05,-0.05056005686556542,-0.6899984057738475,-2.432593974779237,0.00010264494974597776,-0.4333948594696789,-0.1418568029243758
32.94850540161133,-2.3025648795108173,-0.005076036847753386,0.007852026332611351,0.16596449937411165,0.0040269688515351,-3.1417765875427484e-05,-0.05056005686556542,-0.6899984057738475,-2.432593974779237,0.00010161850024851799,-0.4290609108749821,-0.14043823489513205
32.969433307647705,-2.2978422094277415,-0.0051188426028897106,0.008079660966936665,0.1665610577187393,0.004067911110153185,1.7311783487304864e-05,-0.050608439484728214,-0.6856213956579397,-2.4234933700818906,7.2518793914319e-05,-0.4294094205061721,-0.14036142934742638
32.975404024124146,-2.2978422094277415,-0.0051188426028897106,0.008079660966936665,0.1648954471415519,0.004027231999051653,1.7138665652431817e-05,-0.050608439484728214,-0.6856213956579397,-2.4234933700818906,7.179360597517581e-05,-0.4251153263011104,-0.1389578150539521
32.98177123069763,-2.2935702567881666,-0.005169863774549168,0.00829808903457338,0.16995442121889962,0.004236812551539884,0.00018163736337527164,-0.050681189140442076,-0.6811688506397287,-2.414299059002576,-6.040562504133831e-05,-0.4363195353488211,-0.1418746502987075
32.98701190948486,-2.2935702567881666,-0.005169863774549168,0.00829808903457338,0.16825487700671063,0.004194444426024485,0.00017982098974151894,-0.050681189140442076,-0.6811688506397287,-2.414299059002576,-5.980156879092493e-05,-0.4319563399953329,-0.14045590379572043
33.0105402469635,-2.289709967382922,-0.005229414090489967,0.008506259149791827,0.1682126707922123,0.004215152196856886,0.0002240143888371725,-0.05076939645960106,-0.6767419676245869,-2.405091998671723,-0.00010169118188078105,-0.4318206535295882,-0.1402123058705045
33.015511989593506,-2.289709967382922,-0.005229414090489967,0.008506259149791827,0.1665305440842902,0.004173000674888317,0.00022177424494880077,-0.05076939645960106,-0.6767419676245869,-2.405091998671723,-0.00010067427006197324,-0.4275024469942923,-0.13881018281179947
33.0329475402832,-2.2855195797851726,-0.00551054297764534,0.00882163973697342,0.16726798669078075,0.004219526964258617,0.00039394190442432707,-0.05086684726303356,-0.6723059768266167,-2.3957252704527376,-0.00016252923798490543,-0.42895245268005916,-0.13902108371379682
33.04878211021423,-2.2810652709004664,-0.0056235743060345025,0.008927223929476171,0.16840808881175165,0.004214471817037334,0.0004614595858789949,-0.05097156662249328,-0.6678771525988889,-2.3863722155301903,-0.0002344936505297759,-0.4309650875754109,-0.1393612072720621
33.05362606048584,-2.2810652709004664,-0.0056235743060345025,0.008927223929476171,0.16672400792363412,0.004172327098866961,0.00045684499002020495,-0.05097156662249328,-0.6678771525988889,-2.3863722155301903,-0.00023214871402447813,-0.4266554366996568,-0.1379675951993415
33.08796834945679,-2.272970571725271,-0.005939621379623567,0.009576316806068453,0.16741305265043183,0.004247647350004387,0.0005800310054650494,-0.05115959911210101,-0.6589797452400559,-2.3674632110571596,-0.000292297815945761,-0.4282657916894137,-0.13816582054972665
33.0926034450531,-2.272970571725271,-0.005939621379623567,0.009576316806068453,0.16573892212392752,0.004205170876504343,0.0005742306954103989,-0.05115959911210101,-0.6589797452400559,-2.3674632110571596,-0.0002893748377863034,-0.42398313377251956,-0.13678416234422938
33.111138105392456,-2.2695628231557934,-0.005948335574624464,0.009670585455411792,0.16591985119179756,0.0042071955737335584,0.0005873291936606382,-0.05123192796651838,-0.6545372657549491,-2.357915194066982,-0.00033309405375296793,-0.4252292781978934,-0.1368947086804243
33.11727285385132,-2.2695628231557934,-0.005948335574624464,0.009670585455411792,0.16426065267987958,0.0041651236179962225,0.0005814559017240319,-0.05123192796651838,-0.6545372657549491,-2.357915194066982,-0.0003297631132154382,-0.4209769854159145,-0.13552576159362006
33.13437819480896,-2.266029519027332,-0.005458326034003833,0.00962781010496938,0.16468333763739548,0.004212024475659682,0.0003577245758603987,-0.05130198850021628,-0.6501593538449525,-2.348306161373619,-0.00037772378655258245,-0.4227204190198584,-0.13580325377657299
33.146294832229614,-2.266029519027332,-0.005458326034003833,0.00962781010496938,0.16303650426102154,0.004169904230903085,0.0003541473301017947,-0.05130198850021628,-0.6501593538449525,-2.348306161373619,-0.0003739465486870566,-0.41849321482965984,-0.13444522123880726
33.15127396583557,-2.2620866761909015,-0.005494585240192759,0.010334831882664411,0.169318236014814,0.0051693411866671375,0.00087654595589585,-0.05136966993157092,-0.6458342285476383,-2.338548392810778,-0.000550948566149351,-0.4349444084038952,-0.1389013272762104
33.156665086746216,-2.2620866761909015,-0.005494585240192759,0.010334831882664411,0.16762505365466585,0.005117647774800466,0.0008677804963368915,-0.05136966993157092,-0.6458342285476383,-2.338548392810778,-0.0005454390804878575,-0.4305949643198562,-0.1375123140034483
33.17180395126343,-2.2582018262638726,-0.005523762414789028,0.010850787260267008,0.16851328063028304,0.0053194140722959676,0.0009860224329500953,-0.05144133368426131,-0.6415649577068443,-2.3287936714172623,-0.0006039975106375805,-0.4330585671803152,-0.13804579175162238
33.177342653274536,-2.2582018262638726,-0.005523762414789028,0.010850787260267008,0.1668281478239802,0.005266219931573008,0.0009761622086205944,-0.05144133368426131,-0.6415649577068443,-2.3287936714172623,-0.0005979575355312046,-0.42872798150851205,-0.13666533383410615
33.20671248435974,-2.251504544936808,-0.005585824267233629,0.011583824750598283,0.16743892908366012,0.005398826223546181,0.0010641010253686434,-0.051586229205193346,-0.6331877759664255,-2.309069095247986,-0.0006617268316449216,-0.4314548706549971,-0.13730825674505948
33.21191072463989,-2.251504544936808,-0.005585824267233629,0.011583824750598283,0.16576453979282352,0.005344837961310719,0.001053460015114957,-0.051586229205193346,-0.6331877759664255,-2.309069095247986,-0.0006551095633284724,-0.42714032194844714,-0.1359351741776089
33.22764563560486,-2.2474463112906102,-0.005774362516380185,0.012182744003449618,0.16668421348723636,0.00553947069320827,0.0012571459116270758,-0.05165017597794301,-0.6291169302060524,-2.2990549534451303,-0.0007108053774296116,-0.4294509639249601,-0.13654352563702155
33.25019097328186,-2.2431868211032917,-0.005724795979686063,0.01225590827724012,0.16690640142769383,0.005525795947163569,0.0012367508252747216,-0.0517237882016081,-0.6251402661274263,-2.289075700557731,-0.0007519108900514996,-0.4297178943550522,-0.13655480800550285
33.25517964363098,-2.2431868211032917,-0.005724795979686063,0.01225590827724012,0.1652373374134169,0.005470537987691934,0.0012243833170219743,-0.0517237882016081,-0.6251402661274263,-2.289075700557731,-0.0007443917811509846,-0.42542071541150167,-0.1351892599254478
33.290194272994995,-2.235489015694055,-0.005696587679986087,0.012449837654013763,0.16578304593267149,0.005471131797550652,0.0012218984723505332,-0.05187262275153708,-0.6173422548550374,-2.269035364369687,-0.0008005698419418485,-0.42704508154648646,-0.13561430305378785
33.294750928878784,-2.235489015694055,-0.005696587679986087,0.012449837654013763,0.16412521547334477,0.005416420479575145,0.001209679487627028,-0.05187262275153708,-0.6173422548550374,-2.269035364369687,-0.00079256414352243,-0.4227746307310216,-0.13425816002324997
33.30033230781555,-2.2322311455731687,-0.005750028723532369,0.012631630466076437,0.16831929698069445,0.005597403591780051,0.0013713485938313136,-0.05194153905311233,-0.6135702919221079,-2.258977077827094,-0.0009778136519646731,-0.4369185493704556,-0.1386508971814455
33.32112216949463,-2.228312897231964,-0.006565582944230766,0.012454232639026752,0.1685221242723017,0.005351750942287369,0.0016079760278346058,-0.051993220563057795,-0.609933367310392,-2.2488192173403854,-0.0010094525684368042,-0.43748576865649663,-0.13886557726467524
33.32569241523743,-2.228312897231964,-0.006565582944230766,0.012454232639026752,0.16683690302957868,0.005298233432864495,0.0015918962675562597,-0.051993220563057795,-0.609933367310392,-2.2488192173403854,-0.0009993580427524362,-0.43311091096993165,-0.1374769214920285
33.3503623008728,-2.2240729725850503,-0.007016745591237616,0.012241648744247177,0.16688802567543398,0.005128095398357129,0.001675158455454643,-0.05203669863454538,-0.6064125197990579,-2.238657584519661,-0.001019642542934963,-0.43291812805382346,-0.13747219732683225
33.35554528236389,-2.2240729725850503,-0.007016745591237616,0.012241648744247177,0.16521914541867963,0.005076814444373557,0.0016584068709000965,-0.05203669863454538,-0.6064125197990579,-2.238657584519661,-0.0010094461175056133,-0.42858894677328524,-0.13609747535356392
33.38603711128235,-2.216232413759474,-0.007801718530265111,0.012421146167648696,0.166138379517633,0.004992066979299149,0.0018460542953285361,-0.05211318113134141,-0.5996760411556111,-2.2183327212189585,-0.0010431735648775563,-0.43095680063409164,-0.1369811666308653
33.39021182060242,-2.216232413759474,-0.007801718530265111,0.012421146167648696,0.16447699572245666,0.004942146309506157,0.0018275937523752508,-0.05211318113134141,-0.5996760411556111,-2.2183327212189585,-0.0010327418292287807,-0.4266472326277507,-0.13561135496455665
33.40202069282532,-2.2129705911894315,-0.008073028116905134,0.012475830320272305,0.1655944478205946,0.0048607555653792985,0.0019892912339776604,-0.052145111672033506,-0.5964783994420931,-2.208107413132832,-0.0010741912300586559,-0.4309366295929999,-0.13727283270531968
33.40874409675598,-2.2129705911894315,-0.008073028116905134,0.012475830320272305,0.16393850334238866,0.004812148009725506,0.0019693983216378837,-0.052145111672033506,-0.5964783994420931,-2.208107413132832,-0.0010634493177580694,-0.4266272632970699,-0.13590010437826647
33.4255485534668,-2.208848109800274,-0.008446164406178383,0.012720795366717183,0.1647517156403323,0.004804730546790562,0.002160716410770616,-0.052177355445418384,-0.593386197808014,-2.19793014667061,-0.0010893133909880897,-0.42832174849758964,-0.1366701992465743
33.43315625190735,-2.208848109800274,-0.008446164406178383,0.012720795366717183,0.16310419848392899,0.004756683241322656,0.00213910924666291,-0.052177355445418384,-0.593386197808014,-2.19793014667061,-0.0010784202570782088,-0.42403853101261374,-0.13530349725410856
33.452099561691284,-2.2046359154095767,-0.008721275645645104,0.012757146067231495,0.1636967892223064,0.004684799702101981,0.0022277038540296063,-0.05221492559390383,-0.59033953445394,-2.187737076101874,-0.001102264208818606,-0.42508628671528903,-0.13584115635439778
33.46192026138306,-2.2046359154095767,-0.008721275645645104,0.012757146067231495,0.16205982133008334,0.004637951705080961,0.00220542681548931,-0.05221492559390383,-0.59033953445394,-2.187737076101874,-0.00109124156673042,-0.42083542384813616,-0.13448274479085381
33.471582889556885,-2.200608483006832,-0.009102103715780708,0.012993571809202468,0.1646061724563812,0.004652154200754303,0.0025543686280461173,-0.052262312346246335,-0.5873386926597792,-2.1776381270374854,-0.0011572616194464127,-0.4269025379094518,-0.1367836128229314
33.47557711601257,-2.200608483006832,-0.009102103715780708,0.012993571809202468,0.1629601107318174,0.00460563265874676,0.002528824941765656,-0.052262312346246335,-0.5873386926597792,-2.1776381270374854,-0.0011456890032519485,-0.4226335125303573,-0.13541577669470206
33.489771366119385,-2.1970176772535663,-0.009168260421438605,0.012617715995323351,0.16386203106176236,0.004368530702290502,0.0024380176041434143,-0.052321620359722015,-0.5843349205501762,-2.167510997656909,-0.0011930254339413404,-0.4254283133912073,-0.1365281378276142
33.49416208267212,-2.1970176772535663,-0.009168260421438605,0.012617715995323351,0.16222341075114474,0.004324845395267596,0.0024136374281019802,-0.052321620359722015,-0.5843349205501762,-2.167510997656909,-0.001181095179601927,-0.4211740302572952,-0.13516285644933804
33.51903700828552,-2.193837394224741,-0.00952714826742382,0.012827941660875421,0.16187929218805375,0.004298075340403192,0.00252413317850901,-0.05237759054970568,-0.5813789708372399,-2.15746403093654,-0.0012011223936974644,-0.42093579136111947,-0.13520276139179
33.525357246398926,-2.193837394224741,-0.00952714826742382,0.012827941660875421,0.1602604992661732,0.00425509458699916,0.00249889184672392,-0.05237759054970568,-0.5813789708372399,-2.15746403093654,-0.0011891111697604898,-0.41672643344750826,-0.1338507337778721
33.53063082695007,-2.189816182356379,-0.009068146679446913,0.011559948985645363,0.16629746340877755,0.0028512113045164058,0.000950246907214832,-0.052453876493173596,-0.5784340463508677,-2.1473383765038356,-0.001356731986258257,-0.43143752575412075,-0.13910376562892002
33.53559327125549,-2.189816182356379,-0.009068146679446913,0.011559948985645363,0.16463448877468978,0.0028226991914712418,0.0009407444381426837,-0.052453876493173596,-0.5784340463508677,-2.1473383765038356,-0.0013431646663956745,-0.42712315049657956,-0.13771272797263082
33.547125816345215,-2.185674128192444,-0.009096957075584214,0.011307568451231239,0.16658106744933268,0.002650156233398113,0.0008667595822826098,-0.05254641849196883,-0.575524879432983,-2.1373005140043952,-0.0014241711490001554,-0.43141696495063575,-0.13929524826820425
33.55115723609924,-2.185674128192444,-0.009096957075584214,0.011307568451231239,0.16491525677483934,0.0026236546710641322,0.0008580919864597836,-0.05254641849196883,-0.575524879432983,-2.1373005140043952,-0.0014099294375101538,-0.4271027953011294,-0.1379022957855222
33.571072578430176,-2.1817590172639845,-0.008445990250950459,0.009832370274415105,0.1652360008417277,0.002197332368166202,0.000336005962800747,-0.05266342133295436,-0.5725934758908008,-2.127225434409662,-0.0014600134109132904,-0.42782002680416886,-0.13821920840455576
33.5765118598938,-2.1817590172639845,-0.008445990250950459,0.009832370274415105,0.16358364083331042,0.00217535904448454,0.0003326459031727395,-0.05266342133295436,-0.5725934758908008,-2.127225434409662,-0.0014454132768041575,-0.42354182653612715,-0.1368370163205102
33.60912752151489,-2.175164447651689,-0.00815939263773385,0.009042953229994492,0.16397091799720626,0.002023304204908477,0.0001748381391312073,-0.0528991841497909,-0.5668711141866191,-2.1070717886715253,-0.001508131598476169,-0.4253880878413796,-0.13753560462849274
33.613863468170166,-2.175164447651689,-0.00815939263773385,0.009042953229994492,0.1623312088172342,0.002003071162859392,0.00017308975773989524,-0.0528991841497909,-0.5668711141866191,-2.1070717886715253,-0.0014930502824914073,-0.42113420696296583,-0.1361602485822078
33.64229369163513,-2.1712567842436705,-0.008370941713458365,0.009590285430781218,0.16208135783848218,0.0021011007823713286,0.00029810183999158497,-0.053030908186220554,-0.5641183961780135,-2.0969330292416686,-0.0015283871960639931,-0.42041240409794833,-0.13601434876916166
33.64818072319031,-2.1712567842436705,-0.008370941713458365,0.009590285430781218,0.16046054426009737,0.002080089774547615,0.0002951208215916691,-0.053030908186220554,-0.5641183961780135,-2.0969330292416686,-0.0015131033241033531,-0.41620828005696886,-0.13465420528147004
33.6563766002655,-2.1672221673872105,-0.007854781451706871,0.008911956120413306,0.16378251900063853,0.0017292183635750247,-0.00047666678920867253,-0.05316506553749203,-0.5614123796699326,-2.0867453132379685,-0.0016742863246494155,-0.42418519744538113,-0.13755662522562181
33.66116976737976,-2.1672221673872105,-0.007854781451706871,0.008911956120413306,0.16214469381063215,0.0017119261799392745,-0.0004719001213165858,-0.05316506553749203,-0.5614123796699326,-2.0867453132379685,-0.0016575434614029213,-0.4199433454709273,-0.1361810589733656
33.684635162353516,-2.1600134609988184,-0.007942716248618998,0.00981455823676329,0.1635932388436753,0.0019740382163373473,-0.0002928580258078167,-0.05342785791109975,-0.556153933940874,-2.066350194118836,-0.0017665370986505707,-0.4242153519383396,-0.1377851741397171
33.6926691532135,-2.1600134609988184,-0.007942716248618998,0.00981455823676329,0.16195730645523854,0.001954297834173974,-0.00028992944554973856,-0.05342785791109975,-0.556153933940874,-2.066350194118836,-0.001748871727664065,-0.4199731984189562,-0.13640732239831993
33.70822238922119,-2.1569735993859225,-0.007888914462757215,0.010081538897728072,0.16229120362105393,0.0020825978077468293,-0.0002461323380473151,-0.05356068204467024,-0.5536317568016283,-2.0561535571951453,-0.0018288702674061318,-0.42213215325879716,-0.13731815651579093
33.711650371551514,-2.1569735993859225,-0.007888914462757215,0.010081538897728072,0.1606682915848434,0.002061771829669361,-0.00024367101466684195,-0.05356068204467024,-0.5536317568016283,-2.0561535571951453,-0.0018105815647320705,-0.4179108317262092,-0.135944974950633
33.72528100013733,-2.1531247990028515,-0.008448900946464943,0.011494482781131134,0.1618796981313385,0.0026451768542701736,0.00045481026454135415,-0.05368132195840173,-0.5511620467612084,-2.045849779161454,-0.0018996540775951692,-0.421041681908819,-0.13722873025234553
33.73058891296387,-2.1531247990028515,-0.008448900946464943,0.011494482781131134,0.16026090115002511,0.0026187250857274717,0.0004502621618959406,-0.05368132195840173,-0.5511620467612084,-2.045849779161454,-0.0018806575368192175,-0.41683126508973084,-0.13585644294982208
33.74709153175354,-2.1491340367130727,-0.008664380083419361,0.012251193953804909,0.16107382523846545,0.0028872912955538585,0.0007167680129641922,-0.05378564693030764,-0.548745144426596,-2.035642573901444,-0.0019425928928459833,-0.41864288247749554,-0.13665184713989842
33.751405477523804,-2.1491340367130727,-0.008664380083419361,0.012251193953804909,0.15946308698608078,0.00285841838259832,0.0007096003328345503,-0.05378564693030764,-0.548745144426596,-2.035642573901444,-0.0019231669639175235,-0.4144564536527206,-0.13528532866849943
33.78361177444458,-2.141927222838153,-0.00910239236476615,0.013676838862084921,0.1601033878357027,0.003110460302015592,0.0009719538960701387,-0.05390262074099523,-0.5438842400786356,-2.015269266506216,-0.001961876070341279,-0.41644966488002605,-0.13608198343089206
33.78673505783081,-2.141927222838153,-0.00910239236476615,0.013676838862084921,0.15850235395734566,0.003079355698995436,0.0009622343571094373,-0.05390262074099523,-0.5438842400786356,-2.015269266506216,-0.0019422573096378659,-0.4122851682312258,-0.13472116359658315
33.80581474304199,-2.138910175830812,-0.010459981751377762,0.01640933097655835,0.15848936287622747,0.003810904606026835,0.002026223989831824,-0.05391162883017081,-0.5414852778261947,-2.005038965938033,-0.0019511341171162932,-0.4133583608746683,-0.1351990588098499
33.8101327419281,-2.138910175830812,-0.010459981751377762,0.01640933097655835,0.1569044692474652,0.0037727955599665664,0.0020059617499335056,-0.05391162883017081,-0.5414852778261947,-2.005038965938033,-0.0019316227759451302,-0.40922477726592166,-0.13384706822175138
33.8229238986969,-2.1350868431148147,-0.009870341417806835,0.015594807156834523,0.15832823391440534,0.0034839999532298447,0.0013996782831548673,-0.05388585007738311,-0.539129890336576,-1.994862469731829,-0.001925837642576805,-0.41283968695014456,-0.13520801658217407
33.826008319854736,-2.1350868431148147,-0.009870341417806835,0.015594807156834523,0.15674495157526128,0.003449159953697546,0.0013856815003233185,-0.05388585007738311,-0.539129890336576,-1.994862469731829,-0.001906579266151037,-0.4087112900806431,-0.13385593641635232
33.84544396400452,-2.1311319678185328,-0.010814267788624252,0.01750522417594484,0.1572055167282034,0.003945789347863215,0.002108304287336332,-0.053831318643361714,-0.5367621115734099,-1.984651183434262,-0.0018850253939191955,-0.409721985673655,-0.13427826619585664
33.84905505180359,-2.1311319678185328,-0.010814267788624252,0.01750522417594484,0.15563346156092137,0.003906331454384583,0.0020872212444629687,-0.053831318643361714,-0.5367621115734099,-1.984651183434262,-0.0018661751399800036,-0.4056247658169184,-0.13293548353389809
33.86125302314758,-2.1273742813435734,-0.01026532462699874,0.016725596831944627,0.157161650532322,0.003614270371576144,0.0014844918689923747,-0.05376968578483501,-0.534411599070455,-1.9745215681629553,-0.001835678160069896,-0.4096372856684603,-0.13435799170460283
33.86552691459656,-2.1273742813435734,-0.01026532462699874,0.016725596831944627,0.15559003402699878,0.003578127667860383,0.001469646950302451,-0.05376968578483501,-0.534411599070455,-1.9745215681629553,-0.001817321378469197,-0.4055409128117757,-0.1330144117875568
33.88201928138733,-2.123997771659845,-0.010286418440874643,0.016927816727656465,0.15608037199799638,0.00364287868971683,0.0015105471481793925,-0.05368843695561565,-0.5320500407768259,-1.9643341445782279,-0.0017792459429926879,-0.4074934421541996,-0.13371233693539492
33.88788080215454,-2.123997771659845,-0.010286418440874643,0.016927816727656465,0.1545195682780164,0.0036064499028196618,0.0014954416766975985,-0.05368843695561565,-0.5320500407768259,-1.9643341445782279,-0.001761453483562761,-0.4034185077326576,-0.13237521356604096
33.897658824920654,-2.12095407514993,-0.009943174902866116,0.016457140793134473,0.1560899415028029,0.003392054848214215,0.0010312631972749537,-0.0536003080381393,-0.5297472166043536,-1.9542074998521293,-0.0017023171418369077,-0.40944375604265204,-0.13446006058005722
33.90155053138733,-2.12095407514993,-0.009943174902866116,0.016457140793134473,0.15452904208777488,0.0033581342997320725,0.0010209505653022042,-0.0536003080381393,-0.5297472166043536,-1.9542074998521293,-0.0016852939704185387,-0.4053493184822255,-0.13311545997425664
33.92509651184082,-2.1170403014800474,-0.009930881387043483,0.01654528666118575,0.15464553830267197,0.003367474560589328,0.0010199358939190443,-0.05349479859148237,-0.5274589013935282,-1.9439672887959007,-0.0016444336040543355,-0.40551675703268647,-0.13321388452305108
33.92989802360535,-2.1170403014800474,-0.009930881387043483,0.01654528666118575,0.15309908291964525,0.0033337998149834346,0.0010097365349798538,-0.05349479859148237,-0.5274589013935282,-1.9439672887959007,-0.0016279892680137922,-0.4014615894623596,-0.13188174567782057
33.95114469528198,-2.112943922338594,-0.00965127348953812,0.016144532520803993,0.15349713630171272,0.0032343535382980686,0.000826435287064709,-0.053383720153264966,-0.5252016636199859,-1.933836213647328,-0.0015817015162450812,-0.40207960032160406,-0.13211408359254748
33.95744228363037,-2.112943922338594,-0.00965127348953812,0.016144532520803993,0.15196216493869558,0.003202010002915088,0.0008181709341940619,-0.053383720153264966,-0.5252016636199859,-1.933836213647328,-0.0015658845010826305,-0.398058804318388,-0.130792942756622
33.9646372795105,-2.1090675346244394,-0.009517347147000503,0.01598061716734047,0.1558311654404187,0.003126119383469469,0.0005771196223470312,-0.05326889791470744,-0.5228997757875545,-1.9236713319221248,-0.0014551960318198874,-0.4078480794143887,-0.1339833419582453
33.96864867210388,-2.1090675346244394,-0.009517347147000503,0.01598061716734047,0.15427285378601452,0.0030948581896347743,0.0005713484261235609,-0.05326889791470744,-0.5228997757875545,-1.9236713319221248,-0.0014406440715016885,-0.4037695986202448,-0.13264350853866283
33.97557997703552,-2.1055144883756522,-0.009425375067546114,0.01587967117113219,0.15785673121608224,0.0030550267561639663,0.0004046579650687769,-0.053152861783314166,-0.5206380892781235,-1.9135777931853941,-0.0013253327491309513,-0.41392400484332115,-0.1359331709249343
33.97946548461914,-2.1055144883756522,-0.009425375067546114,0.01587967117113219,0.1562781639039214,0.0030244764886023265,0.00040061138541808914,-0.053152861783314166,-0.5206380892781235,-1.9135777931853941,-0.0013120794216396419,-0.40978476479488796,-0.13457383921568494
33.99971604347229,-2.1024248468896762,-0.00924791386709601,0.015624522867297735,0.15624173815169737,0.0029519699762725836,0.0002803182691203582,-0.05303672186737739,-0.518396056711864,-1.9033733851199008,-0.0012645099980412994,-0.41059168209768365,-0.13482917244556175
34.00447607040405,-2.1024248468896762,-0.00924791386709601,0.015624522867297735,0.1546793207701804,0.0029224502765098576,0.0002775150864291546,-0.05303672186737739,-0.518396056711864,-1.9033733851199008,-0.0012518648980608864,-0.4064857652767068,-0.13348088072110614
34.02321457862854,-2.0987016206354734,-0.009360390113417905,0.01586984769489713,0.15511854925119473,0.002978244690281741,0.0003690683452379675,-0.05292125815060099,-0.5162285527317226,-1.8932237921205781,-0.001203142090493049,-0.40768254565372963,-0.13387621943612027
34.02850532531738,-2.0987016206354734,-0.009360390113417905,0.01586984769489713,0.15356736375868277,0.0029484622433789236,0.0003653776617855878,-0.05292125815060099,-0.5162285527317226,-1.8932237921205781,-0.0011911106695881185,-0.4036057201971923,-0.13253745724175905
34.0412540435791,-2.0947678305013753,-0.009268781866749641,0.01574732162647804,0.1551177181020893,0.0029044892714261126,0.00026675725730463193,-0.05281040762510486,-0.5140787617492141,-1.8829848900633923,-0.0011299033153122106,-0.40736704769680765,-0.1337716811098998
34.0462441444397,-2.0947678305013753,-0.009268781866749641,0.01574732162647804,0.1535665409210684,0.0028754443787118514,0.0002640896847315856,-0.05281040762510486,-0.5140787617492141,-1.8829848900633923,-0.0011186042821590885,-0.40329337721983954,-0.13243396429880078
34.06401777267456,-2.0909711676187785,-0.009359533731037522,0.015915432671909317,0.1541663234679181,0.00291041087454397,0.0003345264239862046,-0.052702844996215435,-0.5119780314682536,-1.8728552535074412,-0.0010739860056678395,-0.40479323688873237,-0.1329177108861691
34.06846308708191,-2.0909711676187785,-0.009359533731037522,0.015915432671909317,0.1526246602332389,0.00288130676579853,0.00033118115974634256,-0.052702844996215435,-0.5119780314682536,-1.8728552535074412,-0.001063246145611161,-0.400745304519845,-0.13158853377730742
34.08023166656494,-2.087599356497844,-0.009507234681094377,0.016150811700564476,0.1539621921814586,0.0029667793142256526,0.0004972698379753401,-0.05259925862113946,-0.5098692160317247,-1.8626607027160502,-0.0010061941965272612,-0.40515431721192585,-0.132996395340587
34.0854709148407,-2.087599356497844,-0.009507234681094377,0.016150811700564476,0.152422570259644,0.002937111521083396,0.0004922971395955867,-0.05259925862113946,-0.5098692160317247,-1.8626607027160502,-0.0009961322545619885,-0.4011027740398066,-0.13166643138718112
34.10266852378845,-2.084614835235766,-0.00963958711816665,0.016334712265879233,0.15263307642443788,0.002966469123338918,0.0005848719327714636,-0.05249989727920189,-0.5078333840889976,-1.8525706655057224,-0.0009571029521335227,-0.40278300842891074,-0.1322035297182895
34.106675148010254,-2.084614835235766,-0.00963958711816665,0.016334712265879233,0.1511067456601935,0.0029368044321055288,0.000579023213443749,-0.05249989727920189,-0.5078333840889976,-1.8525706655057224,-0.0009475319226121874,-0.39875517834462165,-0.1308814944211066
34.12161660194397,-2.080794871366031,-0.009653679198218516,0.01632321848539471,0.15215226424873407,0.0029192091236414173,0.000573576432860703,-0.052403800782234486,-0.5058224813859563,-1.842373529781503,-0.0009072841643374689,-0.40138077814498524,-0.13173083872929903
34.1249942779541,-2.080794871366031,-0.009653679198218516,0.01632321848539471,0.15063074160624673,0.002890017032405003,0.000567840668532096,-0.052403800782234486,-0.5058224813859563,-1.842373529781503,-0.0008982113226940942,-0.3973669703635354,-0.13041353034200603
34.16165781021118,-2.0730573333849445,-0.009863208804002882,0.01657232803175281,0.15123437704998052,0.0029033103806212113,0.0006290445808703073,-0.05221518191537974,-0.5018626382302898,-1.8222187477293281,-0.0008647875204907422,-0.3987314569038759,-0.13081003234255115
34.16685199737549,-2.0730573333849445,-0.009863208804002882,0.01657232803175281,0.14972203327948072,0.002874277276814999,0.0006227541350616043,-0.05221518191537974,-0.5018626382302898,-1.8222187477293281,-0.0008561396452858348,-0.3947441423348371,-0.12950193201912563
34.18420600891113,-2.069674839010592,-0.010053565467646054,0.01681511448471839,0.15017302492949403,0.0029156527397416828,0.0007517903523678606,-0.052117161391825095,-0.4998968484251536,-1.8122371721980404,-0.0008194409350528919,-0.39638927879724106,-0.1299650710040236
34.18927884101868,-2.069674839010592,-0.010053565467646054,0.01681511448471839,0.14867129468019907,0.002886496212344266,0.000744272448844182,-0.052117161391825095,-0.4998968484251536,-1.8122371721980404,-0.000811246525702363,-0.39242538600926863,-0.12866542029398337
34.20835280418396,-2.066790443450146,-0.01033570356550243,0.017194404146426305,0.14869552701468453,0.002949964775719431,0.0009251422089919496,-0.052015246807871555,-0.4979331623168494,-1.8021774271873658,-0.0007761415938778878,-0.3936295158347036,-0.12898423591946137
34.212843894958496,-2.066790443450146,-0.01033570356550243,0.017194404146426305,0.1472085717445377,0.002920465127962237,0.0009158907869020301,-0.052015246807871555,-0.4979331623168494,-1.8021774271873658,-0.0007683801779391089,-0.3896932206763566,-0.12769439356026677
34.2242693901062,-2.0636241212697075,-0.011224123008822456,0.018298022718331298,0.14850168278215192,0.0032747596066780263,0.0018702687127891335,-0.05190535781379157,-0.4960397210810111,-1.7922001407245503,-0.0007105311483927506,-0.39427345752959764,-0.12909080238025844
34.22917938232422,-2.0636241212697075,-0.011224123008822456,0.018298022718331298,0.1470166659543304,0.003242012010611246,0.0018515660256612422,-0.05190535781379157,-0.4960397210810111,-1.7922001407245503,-0.0007034258369088231,-0.39033072295430166,-0.12779989435645586
34.260764360427856,-2.0564202052381892,-0.012032199458639153,0.019315188298087316,0.1478250175679126,0.0033519651368309374,0.0021508836168453774,-0.05167445496803117,-0.49235537986927536,-1.7722167548324859,-0.0006580254955014605,-0.3925671080568006,-0.12844489975175616
34.26530313491821,-2.0564202052381892,-0.012032199458639153,0.019315188298087316,0.14634676739223348,0.003318445485462628,0.0021293747806769236,-0.05167445496803117,-0.49235537986927536,-1.7722167548324859,-0.0006514452405464459,-0.3886414369762326,-0.1271604507542386
34.28606033325195,-2.053161422752184,-0.012328572275749815,0.019726910200791536,0.14645171505486515,0.0033811293733778153,0.0022934904071084303,-0.05157037773450881,-0.4905516503125274,-1.762223877459002,-0.0006218688374780054,-0.3894228734095922,-0.127353267026111
34.29151940345764,-2.053161422752184,-0.012328572275749815,0.019726910200791536,0.1449871979043165,0.003347318079644037,0.002270555503037346,-0.05157037773450881,-0.4905516503125274,-1.762223877459002,-0.0006156501491032253,-0.38552864467549625,-0.12607973435584988
34.310382604599,-2.050241860842456,-0.012560686447884703,0.02005644184144333,0.14508367569292951,0.0034012265192841294,0.0024092272204958116,-0.051474955879307886,-0.4888311944524179,-1.7523333429638033,-0.0005892893074560501,-0.3867460687188197,-0.12642945939762182
34.31536078453064,-2.050241860842456,-0.012560686447884703,0.02005644184144333,0.1436328389360002,0.0033672142540912883,0.0023851349482908535,-0.051474955879307886,-0.4888311944524179,-1.7523333429638033,-0.0005833964143814895,-0.38287860803163154,-0.1251651648036456
34.32304286956787,-2.046762226579512,-0.012165778548806152,0.019941946404544594,0.146725363154995,0.00349717538027125,0.0019247859769964829,-0.0513903387494283,-0.48714619819684835,-1.7423503684969246,-0.0005454030639128133,-0.391605268196854,-0.12792056840779084
34.330097675323486,-2.046762226579512,-0.012165778548806152,0.019941946404544594,0.14525810952344503,0.0034622036264685377,0.001905538117226518,-0.0513903387494283,-0.48714619819684835,-1.7423503684969246,-0.0005399490332736851,-0.38768921551488544,-0.12664136272371293
34.34214782714844,-2.042871498072491,-0.011816773722876317,0.019714059446389667,0.1470348587255463,0.0034518982330351195,0.0015937035899362636,-0.05131470612742586,-0.48552150262498595,-1.7325011300231998,-0.0005215006644054818,-0.3917048272827463,-0.12789223791723753
34.346943616867065,-2.042871498072491,-0.011816773722876317,0.019714059446389667,0.14556451013829083,0.0034173792507047685,0.001577766554036901,-0.05131470612742586,-0.48552150262498595,-1.7325011300231998,-0.000516285657761427,-0.38778777900991884,-0.12661331553806515
34.36157512664795,-2.039104921655953,-0.011610959836196661,0.019576633307856594,0.1466833576884116,0.003403739492695157,0.0014173825140434049,-0.05124808379457376,-0.4838751297940883,-1.7226252971917217,-0.0005064154896685253,-0.39044064573993936,-0.1273907164119963
34.36512303352356,-2.039104921655953,-0.011610959836196661,0.019576633307856594,0.14521652411152747,0.0033697020977682055,0.0014032086889029709,-0.05124808379457376,-0.4838751297940883,-1.7226252971917217,-0.0005013513347718401,-0.38653623928253994,-0.12611680924787635
34.382550954818726,-2.035618935999631,-0.011490407402127102,0.019447235406347265,0.14576489777799478,0.003333494523208527,0.0013047161745109706,-0.05119081038816871,-0.48226763319143,-1.7128673105817407,-0.0004972813777901837,-0.3880892292362223,-0.1265416726647822
34.38609981536865,-2.035618935999631,-0.011490407402127102,0.019447235406347265,0.14430724880021484,0.003300159577976442,0.001291669012765861,-0.05119081038816871,-0.48226763319143,-1.7128673105817407,-0.0004923085640122819,-0.3842083369438601,-0.12527625593813438
34.402695655822754,-2.032587960169862,-0.011499810657411904,0.01940884409421337,0.1446906343129835,0.0032664020104330688,0.001270178458384503,-0.05115459876448789,-0.48065784215519286,-1.7030388292023777,-0.0005010958154093971,-0.3861002489189037,-0.12579425419437754
34.408106565475464,-2.032587960169862,-0.011499810657411904,0.01940884409421337,0.14324372796985368,0.003233737990328738,0.0012574766738006578,-0.05115459876448789,-0.48065784215519286,-1.7030388292023777,-0.0004960848572553031,-0.3822392464297147,-0.12453631165243376
34.43018412590027,-2.0298885001484033,-0.01150540767008205,0.019260004925341072,0.14303456274434947,0.003164494769385946,0.0012153894467076857,-0.051142220337715066,-0.47911686135789444,-1.693312109842308,-0.0005118134102912951,-0.38267557686962944,-0.12461770867353954
34.43517804145813,-2.0298885001484033,-0.01150540767008205,0.019260004925341072,0.141604217116906,0.0031328498216920864,0.001203235552240609,-0.051142220337715066,-0.47911686135789444,-1.693312109842308,-0.0005066952761883822,-0.37884882110093315,-0.12337153158680414
34.45547533035278,-2.026356076733878,-0.011557572099320797,0.01917750074962995,0.14192886957460277,0.003078502266668464,0.001189325434870986,-0.05115476378939228,-0.47760434728392354,-1.6834948358631832,-0.0005364958712958692,-0.3797315457760302,-0.12359656738894496
34.46127700805664,-2.026356076733878,-0.011557572099320797,0.01917750074962995,0.14050958087885673,0.0030477172440017794,0.0011774321805222761,-0.05115476378939228,-0.47760434728392354,-1.6834948358631832,-0.0005311309125829105,-0.3759342303182699,-0.12236060171505551
34.47350549697876,-2.022583314996446,-0.011570254925098463,0.019031386526003197,0.14219064789774122,0.002958236059385175,0.0011163079059569483,-0.05119323728321984,-0.4761535489427937,-1.6738034782375264,-0.0006038251677672354,-0.3798227446950384,-0.12352906899606181
34.47886633872986,-2.022583314996446,-0.011570254925098463,0.019031386526003197,0.1407687414187638,0.0029286536987913232,0.0011051448268973789,-0.05119323728321984,-0.4761535489427937,-1.6738034782375264,-0.000597786916089563,-0.376024517248088,-0.12229377830610119
34.483623027801514,-2.0189851278644575,-0.010742448879629874,0.017547839195398696,0.14694707891575212,0.0015320233547538402,-0.00153972793277546,-0.05127203836580002,-0.47469575631603805,-1.6640397787831789,-0.0008673554557854147,-0.39209086216485856,-0.12720087698922322
34.50731682777405,-2.0156291033870297,-0.01083768560271908,0.017507704018892907,0.14689421590998478,0.001499634139146777,-0.0015048024079563716,-0.05136250698012311,-0.4732952063310769,-1.6543825959431555,-0.0009185329886404199,-0.39210340969466556,-0.1271485270577836
34.51837134361267,-2.0156291033870297,-0.01083768560271908,0.017507704018892907,0.14542527375088493,0.001484637797755309,-0.0014897543838768078,-0.05136250698012311,-0.4732952063310769,-1.6543825959431555,-0.0009093476587540157,-0.3881823755977189,-0.12587704178720577
34.52937889099121,-2.0113241323678546,-0.010994133548735836,0.017622132134868743,0.14788127537683118,0.0015156407842300775,-0.0013311444674088857,-0.05146683718130304,-0.47189377766136686,-1.6446289429971799,-0.0010419340163064996,-0.39285817606892404,-0.1272435420397525
34.53788995742798,-2.0113241323678546,-0.010994133548735836,0.017622132134868743,0.14640246262306286,0.0015004843763877767,-0.001317833022734797,-0.05146683718130304,-0.47189377766136686,-1.6446289429971799,-0.0010315146761434345,-0.3889295943082348,-0.12597110661935496
34.566739559173584,-2.002628029752814,-0.011159015525613224,0.017703198898618364,0.1479524862208642,0.0015075095253159272,-0.001254213611319913,-0.05170360321581831,-0.4690802656124315,-1.6252708875682735,-0.0011379041782410325,-0.3915423586133121,-0.12663269266553737
34.5851686000824,-2.002628029752814,-0.011159015525613224,0.017703198898618364,0.14647296135865556,0.001492434430062768,-0.0012416714752067138,-0.05170360321581831,-0.4690802656124315,-1.6252708875682735,-0.0011265251364586221,-0.387626935027179,-0.125366365738882
34.591347217559814,-1.998822431202156,-0.011119075958737349,0.017568222959047124,0.15116887566080736,0.0014093464508967975,-0.0013796233294073293,-0.051825390700762405,-0.46764536732593814,-1.615615179283032,-0.0013907702116743243,-0.3989321371511178,-0.12848325398807825
34.60369563102722,-1.998822431202156,-0.011119075958737349,0.017568222959047124,0.1496571869041993,0.0013952529863878295,-0.001365827096113256,-0.051825390700762405,-0.46764536732593814,-1.615615179283032,-0.001376862509557581,-0.3949428157796066,-0.12719842144819746
34.6139554977417,-1.9955053227984343,-0.011157691551167394,0.017556482848422053,0.15139373536729167,0.00138597784063048,-0.0013334534609414689,-0.05194151998393755,-0.46621359674022606,-1.6058959715620744,-0.0015234857561481135,-0.4001996803413362,-0.1285564735157173
34.619935750961304,-1.9955053227984343,-0.011157691551167394,0.017556482848422053,0.14987979801361875,0.0013721180622241751,-0.0013201189263320541,-0.05194151998393755,-0.46621359674022606,-1.6058959715620744,-0.0015082508985866324,-0.39619768353792284,-0.12727090878056013
34.62617373466492,-1.9913371951877277,-0.011172784523694532,0.01756097626779228,0.1550624701210195,0.0014143590084203616,-0.0012919604351472834,-0.05205288332977985,-0.46480444426707335,-1.5961486620260592,-0.001749657389463487,-0.4074219008975234,-0.13031239519444732
34.632380962371826,-1.9913371951877277,-0.011172784523694532,0.01756097626779228,0.1535118454198093,0.001400215418336158,-0.0012790408307958106,-0.05205288332977985,-0.46480444426707335,-1.5961486620260592,-0.0017321608155688522,-0.40334768188854814,-0.12900927124250283
34.63835883140564,-1.9870778599568013,-0.011224866385948554,0.01764308473429463,0.1591005525254572,0.001509552217157862,-0.001147292921001484,-0.05215764326194797,-0.4633985881187435,-1.586369687956531,-0.001971769146631924,-0.415226449406346,-0.1321802017907033
34.64310598373413,-1.9870778599568013,-0.011224866385948554,0.01764308473429463,0.15750954700020264,0.0014944566949862833,-0.001135819991791469,-0.05215764326194797,-0.4633985881187435,-1.586369687956531,-0.0019520514551656046,-0.41107418491228254,-0.13085839977279626
34.663137435913086,-1.9830839045611568,-0.011301818761543975,0.017766453642797032,0.1579277553846925,0.0015239685966656777,-0.001070508766970989,-0.05225668533033771,-0.4620033259175323,-1.5765475044845778,-0.0020066186921287787,-0.41173496517317104,-0.13087564987771733
34.66632866859436,-1.9830839045611568,-0.011301818761543975,0.017766453642797032,0.15634847783084557,0.001508728910699021,-0.001059803679301279,-0.05225668533033771,-0.4620033259175323,-1.5765475044845778,-0.001986552505207491,-0.4076176155214393,-0.12956689337894015
34.68279552459717,-1.9795172350358776,-0.011408558212452721,0.017927698468704685,0.15695017176978027,0.0015532307848735891,-0.0009598330796793597,-0.0523496162042859,-0.4606226812723113,-1.5666817666211963,-0.002053534081099966,-0.40937231654429274,-0.12988206520384515
34.68731951713562,-1.9795172350358776,-0.011408558212452721,0.017927698468704685,0.15538067005208248,0.0015376984770248533,-0.0009502347488825661,-0.0523496162042859,-0.4606226812723113,-1.5666817666211963,-0.0020329987402889662,-0.4052785933788498,-0.1285832445518067
34.70386743545532,-1.9763629414418946,-0.011413053613098197,0.01790152661425397,0.15573305303576604,0.0015279746014425764,-0.0009476457907695631,-0.05243652030670397,-0.4592857381235779,-1.5567812582073965,-0.002095773502710638,-0.40704203897587793,-0.12891467097641707
34.708248138427734,-1.9763629414418946,-0.011413053613098197,0.01790152661425397,0.15417572250540837,0.0015126948554281506,-0.0009381693328618675,-0.05243652030670397,-0.4592857381235779,-1.5567812582073965,-0.0020748157676835316,-0.40297161858611913,-0.12762552426665288
34.72321605682373,-1.9723154627650625,-0.011809672803337019,0.018461114404197215,0.15533539420764936,0.0016638991222946173,-0.0005698118838690488,-0.05251567387199238,-0.45799885948577335,-1.5467813607439542,-0.0021425264392828164,-0.40542731727601733,-0.1281680056994159
34.727049589157104,-1.9723154627650625,-0.011809672803337019,0.018461114404197215,0.15378204026557285,0.001647260131071671,-0.0005641137650303584,-0.05251567387199238,-0.45799885948577335,-1.5467813607439542,-0.002121101174889988,-0.40137304410325714,-0.12688632564242172
34.73936367034912,-1.968091793586908,-0.011989737813701228,0.01866243046112696,0.15567292680765576,0.0017114591442049566,-0.00038154566452972444,-0.05257482156019466,-0.45673969228474787,-1.5367957319001053,-0.002191429353399245,-0.4052322972584384,-0.1278114041489286
34.742735624313354,-1.968091793586908,-0.011989737813701228,0.01866243046112696,0.1541161975395792,0.001694344552762907,-0.0003777302078844272,-0.05257482156019466,-0.45673969228474787,-1.5367957319001053,-0.002169515059865253,-0.401179974285854,-0.12653329010743933
34.75919842720032,-1.9640120209988106,-0.013166568936669025,0.020327135273233012,0.1550457182677802,0.0020798874259913202,0.0006024332055592568,-0.05262198592701497,-0.45546007729981275,-1.5267725667142642,-0.0022112836906763664,-0.4030895723248082,-0.12688234927652636
34.76469802856445,-1.9640120209988106,-0.013166568936669025,0.020327135273233012,0.15349526108510242,0.002059088551731407,0.0005964088735036642,-0.05262198592701497,-0.45546007729981275,-1.5267725667142642,-0.0021891708537696026,-0.3990586766015601,-0.1256135257837611
34.78154277801514,-1.960246928957563,-0.013059604129944837,0.020067793795543864,0.15419662968479797,0.001984126398168713,0.00047155356620058597,-0.052647042114397274,-0.45418036093641667,-1.5167684536529418,-0.002215254949580655,-0.4008506925298948,-0.1259093005893524
34.78488779067993,-1.960246928957563,-0.013059604129944837,0.020067793795543864,0.15265466338795,0.0019642851341870257,0.0004668380305385801,-0.052647042114397274,-0.45418036093641667,-1.5167684536529418,-0.0021931024000848482,-0.39684218560459583,-0.12465020758345888
34.835814476013184,-1.956841622222547,-0.013834694144624307,0.021096416949059817,0.15179520897223586,0.00202217944327933,0.0006642566469206215,-0.05266566457340535,-0.4529289755500595,-1.5066733259558454,-0.002186416746794353,-0.39480263916019054,-0.12392241527078271
34.84404945373535,-1.956841622222547,-0.013834694144624307,0.021096416949059817,0.1502772568825135,0.002001957648846537,0.0006576140804514152,-0.05266566457340535,-0.4529289755500595,-1.5066733259558454,-0.0021645525793264095,-0.3908546127685886,-0.12268319111807488
34.84889507293701,-1.9529766029122704,-0.013951872298891853,0.02178496488309248,0.1567357517860986,0.002957721954132719,0.0014888562310421353,-0.052649153088399736,-0.45170889834642025,-1.4965771749688024,-0.0022390777977526607,-0.4072170097511508,-0.1268917892483114
34.857173681259155,-1.9529766029122704,-0.013951872298891853,0.02178496488309248,0.1551683942682376,0.0029281447345913918,0.001473967668731714,-0.052649153088399736,-0.45170889834642025,-1.4965771749688024,-0.002216687019775134,-0.40314483965363934,-0.12562287135582828
34.860588788986206,-1.9488507701374183,-0.014397649463551748,0.02277035725003642,0.1656701791277742,0.00444804430768535,0.0037393453314922736,-0.052630313265686415,-0.4504990516498878,-1.4864115874218347,-0.0023368665477708542,-0.4280847842186983,-0.13206321145032904
34.86474895477295,-1.9488507701374183,-0.014397649463551748,0.02277035725003642,0.16401347733649646,0.004403563864608497,0.003701951878177351,-0.052630313265686415,-0.4504990516498878,-1.4864115874218347,-0.0023134978822931455,-0.4238039363765113,-0.13074257933582575
34.8678412437439,-1.9449259569798338,-0.014419838765309332,0.022998364947807586,0.17505627893360332,0.004996839371531354,0.004055630777628452,-0.05260438406349966,-0.44931882078538254,-1.4762344089888888,-0.002430169407176853,-0.45159474876308475,-0.1379129070875104
34.87221932411194,-1.9449259569798338,-0.014419838765309332,0.022998364947807586,0.1733057161442673,0.00494687097781604,0.004015074469852168,-0.05260438406349966,-0.44931882078538254,-1.4762344089888888,-0.0024058677131050844,-0.4470788012754539,-0.13653377801663527
34.87907671928406,-1.9413216695535511,-0.014295188601118117,0.0228785098214939,0.17682936113925313,0.004925639088160486,0.0037585136995413808,-0.052601316333810565,-0.44817795045025716,-1.4660010534588828,-0.002479500314939149,-0.4571204026250292,-0.1390217117607788
34.885502338409424,-1.9413216695535511,-0.014295188601118117,0.0228785098214939,0.1750610675278606,0.004876382697278881,0.003720928562545967,-0.052601316333810565,-0.44817795045025716,-1.4660010534588828,-0.0024547053117897574,-0.4525491985987789,-0.137631494643171
34.90062379837036,-1.9381084842884657,-0.014290749443043555,0.02281503908426767,0.1754356218375324,0.004825274755883432,0.00365946663209813,-0.052620723652119804,-0.44711134660597207,-1.4557370508393512,-0.0024900601910926887,-0.45461173733658716,-0.13803419949005763
34.90771961212158,-1.9381084842884657,-0.014290749443043555,0.02281503908426767,0.17368126561915706,0.004777022008324598,0.0036228719657771485,-0.052620723652119804,-0.44711134660597207,-1.4557370508393512,-0.0024651595891817617,-0.4500656199632213,-0.13665385749515704
34.925496339797974,-1.9343130625009275,-0.014172935224529006,0.023248466434264883,0.17407622981373544,0.004958043431625786,0.0036556468409817905,-0.05265962713698244,-0.44612516646515626,-1.4453734073381461,-0.0025057052328126684,-0.45121092818013764,-0.13684126029403149
34.93058657646179,-1.9343130625009275,-0.014172935224529006,0.023248466434264883,0.17233546751559808,0.004908462997309528,0.0036190903725719726,-0.05265962713698244,-0.44612516646515626,-1.4453734073381461,-0.0024806481804845416,-0.44669881889833624,-0.13547284769109116
34.93834662437439,-1.9302573565280507,-0.014147272287567623,0.023613491294499727,0.1758324512152627,0.005269028571690413,0.003781565446197728,-0.05272155699686849,-0.4452049785205374,-1.4350045693485716,-0.002639590090745509,-0.45515621561405684,-0.13770661430243444
34.94262647628784,-1.9302573565280507,-0.014147272287567623,0.023613491294499727,0.17407412670311007,0.005216338285973509,0.0037437497917357505,-0.05272155699686849,-0.4452049785205374,-1.4350045693485716,-0.002613194189838054,-0.4506046534579163,-0.1363295481594101
34.965635538101196,-1.9263285909706365,-0.013892368731915957,0.023505536721360052,0.17404069435950092,0.005206133298602515,0.003603927361484457,-0.052812245551969624,-0.44432305579207343,-1.4245898172716729,-0.0026622117270952554,-0.4504751049008848,-0.13618161615998337
34.97003746032715,-1.9263285909706365,-0.013892368731915957,0.023505536721360052,0.17230028741590592,0.00515407196561649,0.0035678880878696126,-0.052812245551969624,-0.44432305579207343,-1.4245898172716729,-0.002635589609824303,-0.445970353851876,-0.13481979999838353
34.98711061477661,-1.922665183113526,-0.013917312616051369,0.023659780913514363,0.17272182146649784,0.00518494528077601,0.003583836499942215,-0.05293290587277469,-0.4434837398851977,-1.4142007550613094,-0.0027287653088343667,-0.44739194443209795,-0.13510571394565077
34.992889642715454,-1.922665183113526,-0.013917312616051369,0.023659780913514363,0.17099460325183286,0.005133095827968249,0.003547998134942793,-0.05293290587277469,-0.4434837398851977,-1.4142007550613094,-0.002701477655746023,-0.442918024987777,-0.13375465680619425
35.00444841384888,-1.919382715785206,-0.013882564360641505,0.023598475322792203,0.17212462249396795,0.005094305711360474,0.0034620819736883085,-0.05309009542813181,-0.4427449936297837,-1.4037153403929474,-0.0028847939434968888,-0.44723238673718446,-0.1349117768641793
35.01298213005066,-1.919382715785206,-0.013882564360641505,0.023598475322792203,0.17040337626902827,0.005043362654246869,0.0034274611539514255,-0.05309009542813181,-0.4427449936297837,-1.4037153403929474,-0.00285594600406192,-0.4427600628698126,-0.1335626590955375
35.02380585670471,-1.9151921648466836,-0.013938766041647425,0.023644815917634475,0.1725703427438314,0.005045004017791116,0.003445795440969042,-0.05327503090855023,-0.44208956640914926,-1.3932571757906718,-0.0030786434102647304,-0.4476311316871215,-0.13491529184640985
35.031160831451416,-1.9151921648466836,-0.013938766041647425,0.023644815917634475,0.1708446393163931,0.004994553977613205,0.0034113374865593514,-0.05327503090855023,-0.44208956640914926,-1.3932571757906718,-0.0030478569761620833,-0.4431548203702503,-0.13356613892794575
35.04025864601135,-1.910889220760178,-0.0138868244196329,0.023516657665596158,0.1738666630385014,0.004932541729190236,0.0032624231907276095,-0.05348791439570493,-0.4414866198714181,-1.3827408430803594,-0.0033477156925132675,-0.4498406044079472,-0.13545608563159664
35.04508423805237,-1.910889220760178,-0.0138868244196329,0.023516657665596158,0.17212799640811638,0.004883216311898334,0.0032297989588203333,-0.05348791439570493,-0.4414866198714181,-1.3827408430803594,-0.0033142385355881348,-0.44534219836386774,-0.13410152477528067
35.063127279281616,-1.906774509377336,-0.013939977898654433,0.023517390354413383,0.17268711777851795,0.004848115094347581,0.003215638802230168,-0.053711440771575344,-0.44092891784883603,-1.3722932181583734,-0.0034533413769001022,-0.44645687770688613,-0.13437484697328586
35.07038903236389,-1.906774509377336,-0.013939977898654433,0.023517390354413383,0.17096024660073275,0.004799633943404105,0.0031834824142078664,-0.053711440771575344,-0.44092891784883603,-1.3722932181583734,-0.003418807963131101,-0.4419923089298173,-0.133031098503553
35.08483028411865,-1.9031082271608308,-0.01410228446272532,0.02365658958600105,0.1717885920606887,0.004794424963577519,0.003274977743027979,-0.05394164755395847,-0.4404263017280716,-1.3617845913629816,-0.0036054676361930047,-0.44456405881639927,-0.13374193093909334
35.090654134750366,-1.9031082271608308,-0.01410228446272532,0.02365658958600105,0.1700707061400818,0.004746480713941744,0.0032422279655976993,-0.05394164755395847,-0.4404263017280716,-1.3617845913629816,-0.0035694129598310745,-0.4401184182282353,-0.1324045116297024
35.10185980796814,-1.899846584009936,-0.01408233377256397,0.023533312976983044,0.1712815669413592,0.004667241292540131,0.0031395568876496772,-0.05417625620891221,-0.4400085758030306,-1.3513369947514335,-0.0038224113027878945,-0.4446602355375236,-0.13373557848898784
35.107523679733276,-1.899846584009936,-0.01408233377256397,0.023533312976983044,0.16956875127194562,0.004620568879614729,0.0031081613187731805,-0.05417625620891221,-0.4400085758030306,-1.3513369947514335,-0.0037841871897600155,-0.44021363318214835,-0.13239822270409796
35.12371230125427,-1.8957300518452576,-0.013641807729720687,0.022833656882673782,0.1704191851647347,0.004440225944207396,0.0026693405529289267,-0.054416676770410816,-0.4396953453421302,-1.3407809352239985,-0.003949920339045995,-0.4420522038483209,-0.13296915815061627
35.129897117614746,-1.8957300518452576,-0.013641807729720687,0.022833656882673782,0.16871499331308734,0.004395823684765322,0.0026426471473996373,-0.054416676770410816,-0.4396953453421302,-1.3407809352239985,-0.003910421135655535,-0.4376316818098377,-0.1316394665691101
35.145512104034424,-1.8914548423978765,-0.012783373239565151,0.02153402390865722,0.16977181942128486,0.004080115351044145,0.0018142546645834926,-0.05466257108133215,-0.43945105496936837,-1.3303235698838185,-0.0040829957121672426,-0.43965980627372864,-0.13228202131899564
35.157957315444946,-1.8914548423978765,-0.012783373239565151,0.02153402390865722,0.168074101227072,0.004039314197533703,0.0017961121179376576,-0.05466257108133215,-0.43945105496936837,-1.3303235698838185,-0.00404216575504557,-0.43526320821099135,-0.13095920110580567
35.16949939727783,-1.887437099655407,-0.012443636532786623,0.020918826635442346,0.16987814638230697,0.0038151550333083138,0.0013023721874850177,-0.05491678606931714,-0.43922811262791395,-1.3198337772458695,-0.004293395534168106,-0.4396065245661971,-0.13229128935020945
35.17347431182861,-1.887437099655407,-0.012443636532786623,0.020918826635442346,0.1681793649184839,0.0037770034829752307,0.0012893484656101674,-0.05491678606931714,-0.43922811262791395,-1.3198337772458695,-0.004250461578826425,-0.4352104593205351,-0.13096837645670736
35.18728518486023,-1.883785147152167,-0.01233617969092298,0.020588759530962935,0.16914366811495474,0.003641318261023937,0.0010995412203228686,-0.05515242946396068,-0.4390636816052683,-1.3094378945155523,-0.00443698739501027,-0.4380561024235205,-0.1318595493125507
35.207420110702515,-1.8806341248550735,-0.012839640523738923,0.02105804874995246,0.16901579282205031,0.0036574035246285824,0.0013786742064686882,-0.055365390437345556,-0.438977685917814,-1.2989630437334492,-0.004539712258147087,-0.4386428284286233,-0.1320842166241116
35.21282768249512,-1.8806341248550735,-0.012839640523738923,0.02105804874995246,0.16732563489382982,0.0036208294893822967,0.0013648874644040013,-0.055365390437345556,-0.438977685917814,-1.2989630437334492,-0.004494315135565616,-0.43425640014433703,-0.13076337445787048
35.22107148170471,-1.8775390301278012,-0.01306680621798454,0.02082646353083397,0.1694105928404283,0.003291842238691762,0.001397259843660356,-0.0555547734956676,-0.4390057510382393,-1.288577540407311,-0.00477807290397555,-0.44191274242031264,-0.13328727754872816
35.22641921043396,-1.8775390301278012,-0.01306680621798454,0.02082646353083397,0.16771648691202404,0.003258923816304844,0.0013832872452237525,-0.0555547734956676,-0.4390057510382393,-1.288577540407311,-0.004730292174935795,-0.4374936149961095,-0.13195440477324089
35.2466881275177,-1.873883687393686,-0.013072182959021477,0.020437017708910914,0.1678445723374216,0.0031117371700387767,0.001272545886257387,-0.05573144657313493,-0.43912905983547346,-1.278138194400513,-0.0048099653715096575,-0.4380159163185407,-0.13222830961830523
35.25554704666138,-1.873883687393686,-0.013072182959021477,0.020437017708910914,0.16616612661404737,0.003080619798338389,0.0012598204273948132,-0.05573144657313493,-0.43912905983547346,-1.278138194400513,-0.0047618657177945604,-0.4336357571553553,-0.1309060265221222
35.27005887031555,-1.8701723265634127,-0.01318610511829226,0.020232766073794053,0.1670634832489313,0.0029403167296269987,0.0012286156064957158,-0.055908077729057794,-0.43934054446424486,-1.2678291389828125,-0.004890435176271664,-0.43604399361509505,-0.13182875182990023
35.27815270423889,-1.866759000905945,-0.013334871332683974,0.02005211452046239,0.1696127037044823,0.002708484779245733,0.0012278676711519655,-0.05608512219468289,-0.43961053881051604,-1.2574776153247214,-0.005156791693467321,-0.4438190100477452,-0.13455509640176674
35.30780386924744,-1.8636541076384372,-0.013404973731738328,0.01972056229757637,0.1689648596142773,0.0026033107992580367,0.0011743296180978758,-0.0562756352163339,-0.4399690734188963,-1.247263474913301,-0.0051950597774550605,-0.4426438635889292,-0.13431844405561402
35.31387114524841,-1.8636541076384372,-0.013404973731738328,0.01972056229757637,0.16727521101813453,0.002577277691265456,0.001162586321916897,-0.0562756352163339,-0.4399690734188963,-1.247263474913301,-0.00514310917968051,-0.4382174249530399,-0.13297525961505788
35.32360482215881,-1.8596182857199821,-0.013720770792962642,0.019712915674195055,0.16974967994846818,0.002424145493385243,0.0013707323463702876,-0.05648067197365449,-0.4403800154752386,-1.236985800759312,-0.005379703836749968,-0.44383610961091985,-0.13505321223012143
35.32738375663757,-1.8596182857199821,-0.013720770792962642,0.019712915674195055,0.16805218314898349,0.002399904038451391,0.0013570250229065848,-0.05648067197365449,-0.4403800154752386,-1.236985800759312,-0.005325906798382469,-0.43939774851481067,-0.13370268010782022
35.34468674659729,-1.8553663042074597,-0.013954250806256879,0.019578592193091455,0.16883012634868527,0.00227942642250393,0.0013966287861666862,-0.05670941167729882,-0.4408155735692538,-1.2268734599845583,-0.005446589008100648,-0.4405421148548195,-0.13424524561619666
35.348161697387695,-1.8553663042074597,-0.013954250806256879,0.019578592193091455,0.16714182508519843,0.0022566321582788906,0.0013826624983050194,-0.05670941167729882,-0.4408155735692538,-1.2268734599845583,-0.005392123118019641,-0.4361366937062713,-0.1329027931600347
35.36080598831177,-1.8513393780219831,-0.014039017257435211,0.019228842357967544,0.16865800625128488,0.002043086669871257,0.001272297881999484,-0.0569546462385468,-0.44122727488493235,-1.2167363349887352,-0.005586420313421769,-0.43938864944934636,-0.1341024259824595
35.3649799823761,-1.8513393780219831,-0.014039017257435211,0.019228842357967544,0.16697142618877203,0.0020226558031725445,0.0012595749031794892,-0.0569546462385468,-0.44122727488493235,-1.2167363349887352,-0.0055305561102875515,-0.4349947629548529,-0.1327614017226349
35.38396406173706,-1.8476339230546457,-0.014132176478535017,0.018884013663762484,0.16725545451752222,0.0018727081835596825,0.001186983300955267,-0.05722598289267912,-0.44166590251840215,-1.206722845945807,-0.005652508722585626,-0.43565537272002464,-0.13309478933241192
35.38718032836914,-1.8476339230546457,-0.014132176478535017,0.018884013663762484,0.165582899972347,0.0018539811017240857,0.0011751134679457143,-0.05722598289267912,-0.44166590251840215,-1.206722845945807,-0.00559598363535977,-0.4312988189928244,-0.13176384143908781
35.403783082962036,-1.8444018277424534,-0.014425569946059381,0.01880445116160017,0.1658747183620577,0.0017312103270424822,0.001260984174176075,-0.05751538345263587,-0.44213023193286133,-1.196639918075998,-0.005752736497673768,-0.43275729238174765,-0.13235289156277827
35.40832710266113,-1.8444018277424534,-0.014425569946059381,0.01880445116160017,0.16421597117843711,0.0017138982237720575,0.0012483743324343142,-0.05751538345263587,-0.44213023193286133,-1.196639918075998,-0.00569520913269703,-0.4284297194579302,-0.13102936264715048
35.42649435997009,-1.8402354264015663,-0.014363974598185735,0.018420999615838426,0.1648690334601122,0.0015937066082817141,0.0011034665950878488,-0.057819485714540764,-0.4426284186594473,-1.186658110179039,-0.005839271365405414,-0.42936850686968725,-0.13144260287464626
35.42988848686218,-1.8402354264015663,-0.014363974598185735,0.018420999615838426,0.16322034312551106,0.001577769542198897,0.0010924319291369703,-0.057819485714540764,-0.4426284186594473,-1.186658110179039,-0.00578087865175136,-0.4250748218009904,-0.1301281768458998
35.46141195297241,-1.831820515445545,-0.01441559566456183,0.018193415655790208,0.16425812950820773,0.0015319825899823847,0.0010565741663088719,-0.05845377733921217,-0.44363820017499717,-1.166671696667083,-0.00596150453812806,-0.4268667429075829,-0.13076858202218797
35.46465229988098,-1.831820515445545,-0.01441559566456183,0.018193415655790208,0.16261554821312565,0.001516662764082561,0.0010460084246457831,-0.05845377733921217,-0.44363820017499717,-1.166671696667083,-0.005901889492746779,-0.4225980754785071,-0.12946089620196607
35.47540330886841,-1.828123374898774,-0.01419464226881771,0.017866848316379563,0.16443042370727914,0.0014374786930326502,0.0007364866087418804,-0.058770032019933104,-0.4441447751006806,-1.1566494530306213,-0.006190316838866492,-0.42726728079313114,-0.13098866820806923
35.48002076148987,-1.828123374898774,-0.01419464226881771,0.017866848316379563,0.16278611947020635,0.0014231039061023236,0.0007291217426544616,-0.058770032019933104,-0.4441447751006806,-1.1566494530306213,-0.006128413670477827,-0.42299460798519983,-0.12967878152598855
35.501057863235474,-1.8248048231176568,-0.013962380244395469,0.017559465698701697,0.16273672488141813,0.00138334442944375,0.0005698454834639615,-0.05908036577282582,-0.444711237508113,-1.146696367326511,-0.006241633938994306,-0.4232763419253513,-0.1298286679536798
35.5064001083374,-1.8248048231176568,-0.013962380244395469,0.017559465698701697,0.16110935763260395,0.0013695109851493124,0.0005641470286293219,-0.05908036577282582,-0.444711237508113,-1.146696367326511,-0.0061792175996043626,-0.4190435785060978,-0.128530381274143
35.526631355285645,-1.820670368851281,-0.014656043550766454,0.018560037934456753,0.16153781848761684,0.0015339939346685361,0.0010577682319838062,-0.05936856600537203,-0.445329738206653,-1.1366178953113049,-0.006290423904545858,-0.4196043855701979,-0.1287702728398638
35.53239321708679,-1.820670368851281,-0.014656043550766454,0.018560037934456753,0.15992244030274066,0.0015186539953218508,0.0010471905496639681,-0.05936856600537203,-0.445329738206653,-1.1366178953113049,-0.0062275196655003995,-0.4154083417144959,-0.12748257011146516
35.54316687583923,-1.8163884964681392,-0.014604011030387843,0.018677119083989845,0.16229601626704163,0.0016464061309833117,0.001064476002906735,-0.05964252599650979,-0.4459601900212822,-1.126639626409679,-0.006477322471961028,-0.42009560154705156,-0.12902198409374768
35.548630714416504,-1.8163884964681392,-0.014604011030387843,0.018677119083989845,0.16067305610437121,0.0016299420696734785,0.0010538312428776675,-0.05964252599650979,-0.4459601900212822,-1.126639626409679,-0.0064125492472414175,-0.41589464553158106,-0.12773176425281021
35.56372308731079,-1.812328580059659,-0.01512549203489969,0.019550251511289838,0.16175124437345503,0.0018541845177907387,0.0015909948807841497,-0.059880248607495405,-0.4465633515391984,-1.1165810988052054,-0.0065493025800962695,-0.41811111442902604,-0.12843326425466936
35.567739963531494,-1.812328580059659,-0.01512549203489969,0.019550251511289838,0.16013373192972047,0.0018356426726128313,0.0015750849319763082,-0.059880248607495405,-0.4465633515391984,-1.1165810988052054,-0.006483809554295307,-0.4139300032847358,-0.12714893161212268
35.5836021900177,-1.808629810760352,-0.014601853763664517,0.019105557597905394,0.16086581573212874,0.0018286964076336062,0.0011848412749607725,-0.06010851600749578,-0.4471795577976519,-1.1065847613712945,-0.006603519974154385,-0.41582357422271865,-0.1277367258190352
35.593618631362915,-1.808629810760352,-0.014601853763664517,0.019105557597905394,0.15925715757480746,0.0018104094435572701,0.0011729928622111647,-0.06010851600749578,-0.4471795577976519,-1.1065847613712945,-0.006537484774412842,-0.41166533848049147,-0.12645935856084484
35.60738253593445,-1.8053738496247778,-0.015526122078175095,0.020473145700693432,0.1600217114153639,0.002136294977492072,0.0021559265968781435,-0.060299610129194374,-0.44783710178748587,-1.0964665722822438,-0.006662498382532269,-0.41458730874006966,-0.12736499420859532
35.6139018535614,-1.8053738496247778,-0.015526122078175095,0.020473145700693432,0.15842149430121025,0.0021149320277171514,0.0021343673309093623,-0.060299610129194374,-0.44783710178748587,-1.0964665722822438,-0.006595873398706946,-0.41044143565266894,-0.12609134426650936
35.625035524368286,-1.8022392751550593,-0.016238398370585147,0.02056493232305137,0.15965385585033337,0.0018382496926948482,0.0025962200402264383,-0.06043699352736226,-0.4485549132895485,-1.0863951551782354,-0.006715148199151715,-0.41499360497703547,-0.1275301726329458
35.629884481430054,-1.8022392751550593,-0.016238398370585147,0.02056493232305137,0.15805731729183004,0.0018198671957678997,0.002570257839824174,-0.06043699352736226,-0.4485549132895485,-1.0863951551782354,-0.006647996717160197,-0.4108436689272651,-0.12625487090661636
35.645933866500854,-1.798576391144743,-0.017994118198540538,0.02234948388610392,0.15874958131529862,0.0019966074390069853,0.0038941245517088853,-0.06052866549997263,-0.44933783089943696,-1.0762178939663654,-0.006685295905080294,-0.41280231081084373,-0.1268981113871859
35.651426792144775,-1.798576391144743,-0.017994118198540538,0.02234948388610392,0.15716208550214564,0.0019766413646169156,0.003855183306191796,-0.06052866549997263,-0.44933783089943696,-1.0762178939663654,-0.00661844294602949,-0.4086742877027353,-0.12562913027331404
35.665926456451416,-1.7949740919552757,-0.017889570203667087,0.021990980783388993,0.15807738122245535,0.001859800848067415,0.0036362805461314643,-0.06057804015656424,-0.45018313109310415,-1.0660789163768343,-0.006637134740452102,-0.4112753297668421,-0.1264949255242253
35.67220902442932,-1.7949740919552757,-0.017889570203667087,0.021990980783388993,0.1564966074102308,0.0018412028395867407,0.0035999177406701496,-0.06057804015656424,-0.45018313109310415,-1.0660789163768343,-0.006570763393047581,-0.4071625764691737,-0.12522997626898305
35.68573975563049,-1.7916063639141167,-0.019152393951537804,0.02342198643564097,0.1574103907411993,0.0020681744920955903,0.004777514784546598,-0.06059191262705625,-0.4510809258600407,-1.055865268574362,-0.006573980323673776,-0.4103105764901694,-0.1262781542216752
35.6924090385437,-1.7916063639141167,-0.019152393951537804,0.02342198643564097,0.1558362868337873,0.0020474927471746344,0.004729739636701132,-0.06059191262705625,-0.4510809258600407,-1.055865268574362,-0.006508240520437038,-0.4062074707252677,-0.12501537267945845
35.703113079071045,-1.7885895139258752,-0.01877796637789266,0.02286842604987801,0.15710136362109842,0.0019044044910407898,0.004166296666276744,-0.06058305464033637,-0.4520464546862885,-1.0456967198530738,-0.006507993080990812,-0.4112254869507762,-0.12669887111852055
35.70808720588684,-1.7885895139258752,-0.01877796637789266,0.02286842604987801,0.15553034998488743,0.001885360446130382,0.004124633699613976,-0.06058305464033637,-0.4520464546862885,-1.0456967198530738,-0.006442913150180904,-0.40711323208126843,-0.12543188240733533
35.72755980491638,-1.784633202655042,-0.01939289412639494,0.02351349429156956,0.15600342155312275,0.0019467139402988892,0.004481896635237936,-0.060556168052462285,-0.4530815180727208,-1.0354418751941612,-0.00640671723558276,-0.40807545769910814,-0.12581497191895946
35.73104763031006,-1.784633202655042,-0.01939289412639494,0.02351349429156956,0.15444338733759153,0.0019272468008959002,0.0044370776688855565,-0.060556168052462285,-0.4530815180727208,-1.0354418751941612,-0.006342650063226932,-0.40399470312211705,-0.12455682219976986
35.747986793518066,-1.7805342676264362,-0.019152935604698686,0.023080990153789335,0.15532125242530162,0.0018456274518209319,0.004159986767540991,-0.060518425281827694,-0.45414838948723407,-1.0252533430767472,-0.006304044145494029,-0.405706379918874,-0.12518019718563422
35.752755880355835,-1.7805342676264362,-0.019152935604698686,0.023080990153789335,0.1537680399010486,0.0018271711773027225,0.004118386899865581,-0.060518425281827694,-0.45414838948723407,-1.0252533430767472,-0.0062410037040390885,-0.40164931611968524,-0.12392839521377788
35.76600003242493,-1.776623459538947,-0.01929140403559813,0.023079339891155567,0.15518326543666505,0.0017908836975617977,0.00415183447286294,-0.06047756580755376,-0.45521612871153383,-1.01502518841897,-0.006207291563143603,-0.40502754414811093,-0.12505752080177499
35.7716019153595,-1.776623459538947,-0.01929140403559813,0.023079339891155567,0.1536314327822984,0.0017729748605861797,0.004110316128134311,-0.06047756580755376,-0.45521612871153383,-1.01502518841897,-0.006145218647512167,-0.4009772687066298,-0.12380694559375724
35.78842282295227,-1.773029897003598,-0.019045594892884737,0.02258086402639149,0.15423452589496933,0.0016640603233306352,0.003810010396282941,-0.06044472714784567,-0.4562935759442589,-1.0048653545135893,-0.006109323611948743,-0.40275554745075776,-0.12441010447211767
35.79379892349243,-1.773029897003598,-0.019045594892884737,0.02258086402639149,0.15269218063601964,0.0016474197200973288,0.0037719102923201115,-0.06044472714784567,-0.4562935759442589,-1.0048653545135893,-0.006048230375829256,-0.3987279919762502,-0.12316600342739649
35.8096444606781,-1.7698417327887956,-0.01901509433096529,0.022324658544175136,0.15317905603099843,0.0015590656106707127,0.0036349581430950672,-0.060417586656861554,-0.45743568236117865,-0.9946283798920179,-0.006018381102529736,-0.400930899934999,-0.1239188390060129
35.8141987323761,-1.7698417327887956,-0.01901509433096529,0.022324658544175136,0.15164726547068844,0.0015434749545640055,0.0035986085616641164,-0.060417586656861554,-0.45743568236117865,-0.9946283798920179,-0.005958197291504439,-0.396921590935649,-0.12267965061595278
35.82736420631409,-1.7657114976783064,-0.01870821049111245,0.021789863412127387,0.15327191621684466,0.0014240026814207423,0.0031848364720268732,-0.06039635946746477,-0.45861902830895607,-0.9844434522231612,-0.005938294312738408,-0.40036764599139857,-0.12383348429990869
35.83292579650879,-1.7657114976783064,-0.01870821049111245,0.021789863412127387,0.1517391970546762,0.0014097626546065347,0.0031529881073066044,-0.06039635946746477,-0.45861902830895607,-0.9844434522231612,-0.005878911369611024,-0.39636396953148456,-0.1225951494569096
35.849265336990356,-1.7614323627054387,-0.018378204256536877,0.021272365300445475,0.1528436272803001,0.0013279087049290431,0.0028131682418627998,-0.060384619869050374,-0.4598452058748022,-0.9742034073168762,-0.005856977126237604,-0.398411451291668,-0.1232937696202611
35.85476613044739,-1.7614323627054387,-0.018378204256536877,0.021272365300445475,0.1513151910074971,0.0013146296178797527,0.002785036559444172,-0.060384619869050374,-0.4598452058748022,-0.9742034073168762,-0.005798407354975227,-0.3944273367787513,-0.12206083192405849
35.87057638168335,-1.7573023422849028,-0.01800131460916848,0.020744511314117246,0.1524172512375289,0.0012422387436376975,0.0024143495537539933,-0.06038210667992618,-0.4611007278319341,-0.9640346142784718,-0.005782952845841802,-0.3966558698988175,-0.12281328444144446
35.87537431716919,-1.7573023422849028,-0.01800131460916848,0.020744511314117246,0.1508930787251536,0.0012298163562013205,0.002390206058216453,-0.06038210667992618,-0.4611007278319341,-0.9640346142784718,-0.005725123317383384,-0.39268931119982936,-0.12158515159703001
35.88797450065613,-1.7535800291125148,-0.01764151098965907,0.02027599638778304,0.15234149310717826,0.0011632056287582317,0.0019705953119752454,-0.060392530544239424,-0.46240248594273864,-0.953800872663426,-0.005730807765245384,-0.39656102256438447,-0.12286138096916936
35.894346714019775,-1.7535800291125148,-0.01764151098965907,0.02027599638778304,0.15081807817610648,0.0011515735724706494,0.001950889358855493,-0.060392530544239424,-0.46240248594273864,-0.953800872663426,-0.00567349968759293,-0.3925954123387406,-0.12163276715947767
35.909165143966675,-1.7502007104103794,-0.017260081821501846,0.01981498363073925,0.15159293974837712,0.0011025703967833976,0.001587175178561243,-0.060414754668437216,-0.4637657303709813,-0.9436376293504344,-0.005677653605564654,-0.39525356817896456,-0.12254519179081656
35.931214809417725,-1.7502007104103794,-0.017260081821501846,0.01981498363073925,0.15007701035089335,0.0010915446928155637,0.0015713034267756305,-0.060414754668437216,-0.4637657303709813,-0.9436376293504344,-0.005620877069509008,-0.3913010324971749,-0.1213197398729084
35.93578028678894,-1.7459541500363795,-0.01673403834542916,0.019299713797121823,0.15788592841968482,0.001079527334551155,0.00016011039141036504,-0.06044759661026027,-0.4652014190650511,-0.9333623234479622,-0.005785941411638677,-0.4090016643779942,-0.12712363130508642
35.94509482383728,-1.7459541500363795,-0.01673403834542916,0.019299713797121823,0.15630706913548797,0.0010687320612056434,0.0001585092874962614,-0.06044759661026027,-0.4652014190650511,-0.9333623234479622,-0.005728081997522291,-0.40491164773421423,-0.12585239499203554
35.95853519439697,-1.7414976375353008,-0.01615170942056378,0.018788059940612986,0.1580622827918107,0.001084886378053605,-0.0003440965656189935,-0.06049315957806204,-0.4666361583618418,-0.9232051452362122,-0.0057539355429880815,-0.40812840631720526,-0.12692889432913348
35.964576721191406,-1.7414976375353008,-0.01615170942056378,0.018788059940612986,0.1564816599638926,0.0010740375142730691,-0.00034065559996280354,-0.06049315957806204,-0.4666361583618418,-0.9232051452362122,-0.005696396187558201,-0.4040471222540332,-0.12565960538584214
35.98126459121704,-1.7372409957223718,-0.015719664871600217,0.018489532425522343,0.15746845955178798,0.001118408926949765,-0.0006086065050751066,-0.060550866938443984,-0.46803549210644835,-0.9129939706232493,-0.005712962835749538,-0.40590195008355023,-0.12624299893981195
35.98743724822998,-1.7372409957223718,-0.015719664871600217,0.018489532425522343,0.1558937749562701,0.0011072248376802674,-0.0006025204400243554,-0.060550866938443984,-0.46803549210644835,-0.9129939706232493,-0.005655833207392043,-0.40184293058271475,-0.12498056895041383
35.991201877593994,-1.7332927276232097,-0.015284809288138195,0.01820240591053222,0.16482608208497615,0.0013561460605420327,-0.0017897493550453865,-0.06061401833324185,-0.4694279671635112,-0.9028669305948678,-0.005937328883400051,-0.42377162649716216,-0.13172943049360583
35.99620270729065,-1.7332927276232097,-0.015284809288138195,0.01820240591053222,0.1631778212641264,0.0013425845999366123,-0.0017718518614949325,-0.06061401833324185,-0.4694279671635112,-0.9028669305948678,-0.005877955594566051,-0.41953391023219055,-0.13041213618866976
36.02586340904236,-1.7297866337514218,-0.015395393477459746,0.018544039285792006,0.16272692702150496,0.0013979678547313779,-0.0016618728070673817,-0.06067052857149353,-0.47086005238138273,-0.8926344306391607,-0.005860835163287,-0.4186683881369034,-0.1301305289602638
36.031611919403076,-1.7297866337514218,-0.015395393477459746,0.018544039285792006,0.1610996577512899,0.0013839881761840641,-0.001645254078996708,-0.06067052857149353,-0.47086005238138273,-0.8926344306391607,-0.00580222681165413,-0.4144817042555343,-0.12882922367066116
36.05066394805908,-1.7254774325117532,-0.014887926060900468,0.018184410625271,0.16175135581873873,0.0014206886952597795,-0.0019120060457080777,-0.06072538678797977,-0.47230370766033836,-0.8824734064346693,-0.005807826862845119,-0.41548964417209655,-0.1291107000536564
36.056031703948975,-1.7254774325117532,-0.014887926060900468,0.018184410625271,0.16013384226055133,0.0014064818083071816,-0.0018928859852509969,-0.06072538678797977,-0.47230370766033836,-0.8824734064346693,-0.005749748594216667,-0.4113347477303756,-0.12781959305311985
36.06053972244263,-1.7210814608043634,-0.01560258460611621,0.019245144718046808,0.16826385450536885,0.0021634243504984945,0.0005477461661448412,-0.06075595745023286,-0.4737430310983767,-0.8722346254099167,-0.005917045688249607,-0.4291991544365916,-0.13309719007406737
36.06522846221924,-1.7210814608043634,-0.01560258460611621,0.019245144718046808,0.16658121596031517,0.0021417901069935097,0.0005422687044833928,-0.06075595745023286,-0.4737430310983767,-0.8722346254099167,-0.005857875231367111,-0.4249071628922257,-0.1317662181733267
36.084261655807495,-1.7169813654459571,-0.015143598160590304,0.01894910292260497,0.16707018889157266,0.002179431770425875,0.00028905613848368637,-0.06076561221859902,-0.47517449380843674,-0.8620430809818833,-0.005841159883818893,-0.42584591235736247,-0.13197247671561885
36.08854341506958,-1.7169813654459571,-0.015143598160590304,0.01894910292260497,0.16539948700265694,0.0021576374527216163,0.0002861655770988495,-0.06076561221859902,-0.47517449380843674,-0.8620430809818833,-0.005782748284980705,-0.4215874532337888,-0.13065275194846265
36.105647563934326,-1.7132941659918541,-0.016000388152955073,0.020147203567268825,0.16589529774756678,0.002338818167058904,0.0010241824972660294,-0.06073965908103984,-0.4766243714110351,-0.8517809733517971,-0.005753769412132469,-0.42319001567262465,-0.13103769300528642
36.122604846954346,-1.7132941659918541,-0.016000388152955073,0.020147203567268825,0.1642363447700911,0.0023154299853883147,0.001013940672293369,-0.06073965908103984,-0.4766243714110351,-0.8517809733517971,-0.005696231718011145,-0.4189581155158984,-0.12972731607523355
36.15286111831665,-1.7037327073604294,-0.01605390623999771,0.02062869080345025,0.16575211208508311,0.0024254962970982484,0.001111718293811765,-0.060613942880621156,-0.4795120893312398,-0.8312538276843537,-0.005649039988676179,-0.42136646447184184,-0.13027620442539187
36.16015982627869,-1.7037327073604294,-0.01605390623999771,0.02062869080345025,0.1640945909642323,0.002401241334127266,0.0011006011108736474,-0.060613942880621156,-0.4795120893312398,-0.8312538276843537,-0.005592549588789417,-0.41715279982712344,-0.12897344238113795
36.1886670589447,-1.694990522986816,-0.015649941212432572,0.02058985341498954,0.16551956367387227,0.002487479423611695,0.0009910689433120703,-0.06036217924987597,-0.4823342410740898,-0.8106129223199724,-0.005503051104141462,-0.4200434036638559,-0.12956495734431853
36.19375419616699,-1.694990522986816,-0.015649941212432572,0.02058985341498954,0.16386436803713356,0.0024626046293755783,0.0009811582538789495,-0.06036217924987597,-0.4823342410740898,-0.8106129223199724,-0.005448020593100047,-0.41584296962721734,-0.12826930777087533
36.20604085922241,-1.691316356381067,-0.015127781961169463,0.02021789617173669,0.16521734968449914,0.0025216123991349086,0.0005153531585486435,-0.060215875091684794,-0.48376050862392767,-0.8002659512428304,-0.005337896657516232,-0.4199051851712519,-0.1291540862766145
36.21114754676819,-1.691316356381067,-0.015127781961169463,0.02021789617173669,0.16356517618765415,0.0024963962751435595,0.0005101996269631571,-0.060215875091684794,-0.48376050862392767,-0.8002659512428304,-0.00528451769094107,-0.4157061333195394,-0.12786254541384837
36.2471559047699,-1.6820086628590827,-0.014771976811751533,0.020165879853213515,0.16451389238902764,0.0025499504319609315,0.0004336656045980382,-0.059871347290155225,-0.48678032892795975,-0.7793924240277468,-0.005180809174980341,-0.41721708715656197,-0.1280627834541781
36.252951860427856,-1.6820086628590827,-0.014771976811751533,0.020165879853213515,0.16286875346513735,0.002524450927641322,0.00042932894855205784,-0.059871347290155225,-0.48678032892795975,-0.7793924240277468,-0.005129001083230537,-0.41304491628499634,-0.12678215561963632
36.271953105926514,-1.677518673050164,-0.014705205761053176,0.020222971515217156,0.16360237545682604,0.002567044280652788,0.00042170950899356424,-0.05968297161707283,-0.48834119548394334,-0.7688665561424312,-0.005022022665374398,-0.4143350864099137,-0.12692330820541345
36.27866291999817,-1.677518673050164,-0.014705205761053176,0.020222971515217156,0.1619663517022578,0.0025413738378462602,0.0004174924139036286,-0.05968297161707283,-0.48834119548394334,-0.7688665561424312,-0.004971802438720654,-0.41019173554581456,-0.12565407512335933
36.28809309005737,-1.6734375465150544,-0.014585581961513373,0.020200780163719744,0.1646737244966201,0.002625527398697931,0.0003194449529114857,-0.059495293337522195,-0.48995258974500616,-0.7583761404098778,-0.0048116500778313965,-0.41698065893258657,-0.12724133522604256
36.30337381362915,-1.6698541596873695,-0.0144032057713636,0.02008628758805288,0.16537208068858913,0.002647808609927835,0.00019502006395673754,-0.05930100665386347,-0.49168138366550845,-0.7477959009450299,-0.004692779093904942,-0.4195890485393445,-0.12778213679512526
36.30863666534424,-1.6698541596873695,-0.0144032057713636,0.02008628758805288,0.16371835988170325,0.0026213305238285568,0.00019306986331717017,-0.05930100665386347,-0.49168138366550845,-0.7477959009450299,-0.004645851302965893,-0.41539315805395105,-0.126504315427174
36.33284568786621,-1.6653640831924865,-0.014225242813310224,0.01997052059241671,0.16393590060656993,0.002628611452625487,0.0001157443975718925,-0.0591136008301171,-0.49351100127981895,-0.7372115127487946,-0.004558287824906925,-0.41552048011279524,-0.1264060886338209
36.34213852882385,-1.6653640831924865,-0.014225242813310224,0.01997052059241671,0.16229654160050422,0.002602325338099232,0.00011458695359617357,-0.0591136008301171,-0.49351100127981895,-0.7372115127487946,-0.004512704946657856,-0.4113652753116673,-0.1251420277474827
36.3497359752655,-1.6607948735574252,-0.014195686179092691,0.02000437326673241,0.1666865515530845,0.002696935188623449,0.0001193134682113309,-0.05893382459996014,-0.49543834650554724,-0.7265727345524575,-0.004349692466740208,-0.4209702447448946,-0.12768056219194798
36.38141870498657,-1.6564637311610875,-0.01398871183999674,0.01983179230329744,0.16638687562506285,0.0026888833477555635,4.362455210159879e-05,-0.05876674979015216,-0.4974086427873449,-0.7159381565066445,-0.004281975907336967,-0.42005165011581713,-0.1273116147406202
36.386584997177124,-1.6564637311610875,-0.01398871183999674,0.01983179230329744,0.16472300686881222,0.0026619945142780078,4.31883065805828e-05,-0.05876674979015216,-0.4974086427873449,-0.7159381565066445,-0.004239156148263598,-0.415851133614659,-0.12603849859321398
36.39229345321655,-1.6525920275373394,-0.013924287787910413,0.01979218699415679,0.16985780604786346,0.00273384880089295,-6.777621806509606e-05,-0.05861480947482457,-0.4994628359743099,-0.705260157416164,-0.004091658949142049,-0.4300418132350634,-0.12989817659996894
36.39770150184631,-1.6525920275373394,-0.013924287787910413,0.01979218699415679,0.16815922798738484,0.0027065103128840204,-6.70984558844451e-05,-0.05861480947482457,-0.4994628359743099,-0.705260157416164,-0.004050742359650629,-0.42574139510271275,-0.12859919483396925
36.40634083747864,-1.6491154412438682,-0.013879952400264657,0.01975782237617028,0.17050160702838713,0.002729368899551502,-0.00012094590017241281,-0.05847369470783987,-0.5016213866646241,-0.6945763189903797,-0.0039554378623177094,-0.43361716740309947,-0.13077477498531256
36.41116237640381,-1.6491154412438682,-0.013879952400264657,0.01975782237617028,0.16879659095810326,0.002702075210555987,-0.00011973644117068868,-0.05847369470783987,-0.5016213866646241,-0.6945763189903797,-0.0039158834836945326,-0.42928099572906847,-0.12946702723545944
36.431012868881226,-1.644945278087132,-0.013895612223085428,0.01979550849452352,0.1692090734290406,0.002706153231598199,-0.0001002717273056247,-0.0583402997475058,-0.5039326293861457,-0.6838318766625701,-0.0038584421556360246,-0.43029975727967373,-0.12973574431261203
36.44814658164978,-1.644945278087132,-0.013895612223085428,0.01979550849452352,0.16751698269475018,0.002679091699282217,-9.926901003256846e-05,-0.0583402997475058,-0.5039326293861457,-0.6838318766625701,-0.003819857734079664,-0.425996759706877,-0.12843838686948592
36.45370554924011,-1.6407034278893085,-0.013877780889394549,0.019794620255526425,0.17347167801181354,0.002756063672939126,-0.00011421253780481264,-0.05821509205719586,-0.5063025707832731,-0.673105696501389,-0.0037326072332574635,-0.4406871648283072,-0.13275889485902245
36.46705603599548,-1.6407034278893085,-0.013877780889394549,0.019794620255526425,0.1717369612316954,0.0027285030362097346,-0.00011307041242676452,-0.05821509205719586,-0.5063025707832731,-0.673105696501389,-0.0036952811609248888,-0.43628029318002415,-0.13143130591043223
36.478084325790405,-1.6367835068736774,-0.01381250476135925,0.01973318926553025,0.17357401333908046,0.0027406363036381483,-0.00018162386351733436,-0.05809371801745289,-0.5087879219735812,-0.6623215987377952,-0.003639003453432015,-0.441526179492089,-0.13301253596730517
36.490212202072144,-1.6367835068736774,-0.01381250476135925,0.01973318926553025,0.17183827320568965,0.0027132299406017668,-0.00017980762488216102,-0.05809371801745289,-0.5087879219735812,-0.6623215987377952,-0.003602613418897695,-0.4371109176971681,-0.1316824106076321
36.49710488319397,-1.6332838617668886,-0.014105174990659683,0.020045197230407485,0.17519407699208916,0.0027786377060984584,0.0003787808512130495,-0.05796862132300293,-0.5113753816964685,-0.6515551466377747,-0.003534605413808619,-0.4480950140800282,-0.13509102146909782
36.502593755722046,-1.6332838617668886,-0.014105174990659683,0.020045197230407485,0.17344213622216828,0.002750851329037474,0.000374993042700919,-0.05796862132300293,-0.5113753816964685,-0.6515551466377747,-0.0034992593596705327,-0.4436140639392279,-0.13374011125440685
36.50824546813965,-1.6302620248248256,-0.014105651310774165,0.02004516007170974,0.17705401447114452,0.0027834332246590137,0.00037629569798664235,-0.05783230685358785,-0.5141350582634702,-0.6407564376513687,-0.003411689326942011,-0.45796095158143285,-0.13841704631435423
36.51442050933838,-1.6302620248248256,-0.014105651310774165,0.02004516007170974,0.17528347432643307,0.0027555988924124236,0.0003725327410067759,-0.05783230685358785,-0.5141350582634702,-0.6407564376513687,-0.003377572433672591,-0.45338134206561853,-0.13703287585121068
36.53046488761902,-1.6263243635720808,-0.014154795342532275,0.02013730345237596,0.17598419947268387,0.0027744615923661195,0.0004260262653593016,-0.05769506870367808,-0.5170572280039573,-0.6299605155696467,-0.003326994581190707,-0.45546486906443673,-0.13785607813506967
36.53501629829407,-1.6263243635720808,-0.014154795342532275,0.02013730345237596,0.17422435747795703,0.0027467169764424583,0.0004217660027057086,-0.05769506870367808,-0.5170572280039573,-0.6299605155696467,-0.0032937246353788,-0.45091022037379236,-0.13647751735371896
36.54769468307495,-1.6223037119628667,-0.014115661334282216,0.020156497946923365,0.175652795701081,0.0027841831372129515,0.0004095810704831647,-0.05755432107212018,-0.5201268074822197,-0.6191630204687686,-0.003239249075640335,-0.45478164404976923,-0.13797115337516833
36.552220821380615,-1.6223037119628667,-0.014115661334282216,0.020156497946923365,0.1738962677440702,0.002756341305840822,0.0004054852597783331,-0.05755432107212018,-0.5201268074822197,-0.6191630204687686,-0.0032068565848839318,-0.45023382760927155,-0.13659144184141664
36.56541562080383,-1.6184962262749596,-0.014014343727386025,0.020117317175840674,0.17504259257216748,0.002789706021972241,0.0003358574757089627,-0.05741393273369652,-0.5233065273544606,-0.608404889515389,-0.0031558524724113433,-0.4537606327577735,-0.1380233081767943
36.56970739364624,-1.6184962262749596,-0.014014343727386025,0.020117317175840674,0.1732921666464458,0.002761808961752519,0.00033249890095187303,-0.05741393273369652,-0.5233065273544606,-0.608404889515389,-0.0031242939476872297,-0.4492230264301958,-0.13664307509502638
36.59181785583496,-1.6150174730378597,-0.01397347706306836,0.020139683857493013,0.17313226591399256,0.0027700290932886453,0.0003247912386907044,-0.057277134389994946,-0.5265826887565985,-0.5976943326810588,-0.0030842471363789255,-0.4495046716809108,-0.13697216709181245
36.59709286689758,-1.6150174730378597,-0.01397347706306836,0.020139683857493013,0.17140094325485264,0.0027423288023557587,0.0003215433263037974,-0.057277134389994946,-0.5265826887565985,-0.5976943326810588,-0.0030534046650151363,-0.4450096249641017,-0.13560244542089434
36.61641335487366,-1.6119741887992909,-0.01387990175046094,0.02010833464970448,0.17126189132718952,0.002752281048583864,0.00027828647062719746,-0.057144946338906245,-0.5300391816468795,-0.5869901598682722,-0.0030170960881501334,-0.44602149468288527,-0.13626319390112662
36.620033979415894,-1.6119741887992909,-0.01387990175046094,0.02010833464970448,0.16954927241391762,0.0027247582380980255,0.0002755036059209255,-0.057144946338906245,-0.5300391816468795,-0.5869901598682722,-0.002986925127268632,-0.4415612797360564,-0.13490056196211536
36.639018297195435,-1.6080998666293207,-0.013832311154027093,0.02013142563548135,0.1698941572389554,0.002744040998194038,0.0002657772017716469,-0.05701926173291623,-0.5336107947972908,-0.5763624955668385,-0.002955763366186555,-0.4426697100845264,-0.13564149459919736
36.64316201210022,-1.6080998666293207,-0.013832311154027093,0.02013142563548135,0.16819521566656584,0.0027166005882120975,0.00026311942975393044,-0.05701926173291623,-0.5336107947972908,-0.5763624955668385,-0.0029262057325246896,-0.4382430129836811,-0.13428507965320538
36.64841294288635,-1.604149387135941,-0.013720845652996992,0.020086015987717094,0.17403585979432432,0.002850862785120252,7.585576795480923e-05,-0.05690011571090041,-0.5372984821832947,-0.5657633432700854,-0.002908664638688723,-0.45380030745063354,-0.1406380587535747
36.673155546188354,-1.6004126555300784,-0.013669602189471771,0.020094414421484463,0.17380547700889745,0.00285450304287049,6.506774697331712e-05,-0.056789929512587274,-0.5410439972726473,-0.5552747758861923,-0.002885974870955763,-0.4534546489546947,-0.14087103331672388
36.67849349975586,-1.6004126555300784,-0.013669602189471771,0.020094414421484463,0.17206742223880847,0.0028259580124417854,6.441706950358395e-05,-0.056789929512587274,-0.5410439972726473,-0.5552747758861923,-0.0028571151222462057,-0.44892010246514774,-0.13946232298355662
36.68888545036316,-1.5971367319276932,-0.013632902391296164,0.020106766924968957,0.17349854783503554,0.0028629882180139436,5.09504810026181e-05,-0.056681272775557755,-0.5448766159816051,-0.5447919285487365,-0.0028469936860133103,-0.45441762814585,-0.14202177643668953
36.69364404678345,-1.5971367319276932,-0.013632902391296164,0.020106766924968957,0.1717635623566852,0.0028343583358338043,5.0440976192591916e-05,-0.056681272775557755,-0.5448766159816051,-0.5447919285487365,-0.0028185237491531773,-0.44987345186439154,-0.14060155867232263
36.71229696273804,-1.5942771089139876,-0.013581341069115323,0.02009872741517013,0.17157877271275324,0.00283785022738769,3.066426826817738e-05,-0.056575179084662676,-0.5487676775827802,-0.5344333487681736,-0.002802309529583804,-0.4508774739971823,-0.14141224622010795
36.71561646461487,-1.5942771089139876,-0.013581341069115323,0.02009872741517013,0.16986298498562571,0.002809471725113813,3.0357625585495608e-05,-0.056575179084662676,-0.5487676775827802,-0.5344333487681736,-0.002774286434287966,-0.44636869925721046,-0.13999812375790688
36.73032069206238,-1.590601546478938,-0.013470877918771591,0.0200343338027115,0.17066387824070645,0.002828554113598436,-4.373755689380687e-05,-0.056469794725951136,-0.5527475575347832,-0.5240603879666701,-0.0027632298025080633,-0.44890434928262474,-0.14144500187362133
36.73655891418457,-1.590601546478938,-0.013470877918771591,0.0200343338027115,0.16895723945829938,0.0028002685724624514,-4.3300181324868805e-05,-0.056469794725951136,-0.5527475575347832,-0.5240603879666701,-0.0027355975044829825,-0.4444153057897985,-0.1400305518548851
36.75070643424988,-1.5867597212470232,-0.013302102664014343,0.019906806623248202,0.169983301716239,0.002819942924583016,-0.0001740239185563176,-0.056367933665656934,-0.5567205951218437,-0.5138418072073079,-0.0027269200750131587,-0.44714819422379903,-0.14155452067690194
36.75665020942688,-1.5867597212470232,-0.013302102664014343,0.019906806623248202,0.1682834686990766,0.0027917434953371855,-0.00017228367937075444,-0.056367933665656934,-0.5567205951218437,-0.5138418072073079,-0.002699650874263027,-0.442676712281561,-0.14013897547013293
36.766685247421265,-1.5831178347682975,-0.0132712875506594,0.019910495856798684,0.1702293105608328,0.0028259467747438387,-0.00018525098140908755,-0.056267475377352924,-0.5606633478985618,-0.5036443027377364,-0.0026995164326541663,-0.44836254284448385,-0.14279292758857387
36.7722749710083,-1.5831178347682975,-0.0132712875506594,0.019910495856798684,0.16852701745522447,0.0027976873069964,-0.00018339847159499668,-0.056267475377352924,-0.5606633478985618,-0.5036443027377364,-0.0026725212683276246,-0.443878917416039,-0.14136499831268812
36.786070346832275,-1.5797700229974316,-0.013242520735240985,0.019909572429192043,0.16926821006978807,0.002809470725038141,-0.00019354797591408622,-0.056162170628884206,-0.5646049644659279,-0.49356151815963173,-0.002661324592819516,-0.44672294121189615,-0.14287514596769968
36.79072904586792,-1.5797700229974316,-0.013242520735240985,0.019909572429192043,0.16757552796909017,0.00278137601778776,-0.00019161249615494536,-0.056162170628884206,-0.5646049644659279,-0.49356151815963173,-0.002634711346891321,-0.4422557117997772,-0.14144639450802268
36.80429673194885,-1.5768483977964747,-0.013199327325592107,0.019885233102892946,0.16805298252232032,0.002786218504719159,-0.00021981745515973824,-0.0560521024057627,-0.5686013303023315,-0.4834645863514665,-0.0026213271839831544,-0.4452570339112931,-0.14302362639151475
36.81261706352234,-1.5768483977964747,-0.013199327325592107,0.019885233102892946,0.1663724526970971,0.0027583563196719673,-0.00021761928060814087,-0.0560521024057627,-0.5686013303023315,-0.4834645863514665,-0.0025951139121433227,-0.44080446357218017,-0.1415933901275996
36.824830055236816,-1.5730102231196998,-0.013171104092548187,0.01988797615917684,0.16785102527088633,0.0027817805087111502,-0.00022646300557944366,-0.05593898995754149,-0.5726001247657538,-0.4734775927521443,-0.0025805841469798895,-0.4445664580768325,-0.1434711583779458
36.82926893234253,-1.5730102231196998,-0.013171104092548187,0.01988797615917684,0.16617251501817745,0.002753962703624039,-0.00022419837552364923,-0.05593898995754149,-0.5726001247657538,-0.4734775927521443,-0.0025547783055100905,-0.44012079349606414,-0.14203644679416635
36.84592413902283,-1.5690479058114957,-0.013110869675242854,0.01985827214862222,0.16688961287583723,0.0027644799365495873,-0.0002546034710005983,-0.05582427153090048,-0.5766087698960786,-0.4634902609695687,-0.0025365576051058335,-0.44172028277674935,-0.14301347494409833
36.853638648986816,-1.5690479058114957,-0.013110869675242854,0.01985827214862222,0.16522071674707886,0.0027368351371840913,-0.0002520574362905923,-0.05582427153090048,-0.5766087698960786,-0.4634902609695687,-0.0025111920290547753,-0.4373030799489819,-0.14158334019465735
36.87209987640381,-1.5652430898682603,-0.01308650338752481,0.019859262552594736,0.16562924268270302,0.002741066660392087,-0.00025608585859120234,-0.055708893138771615,-0.5805875587156977,-0.4536195035144615,-0.002491616939990266,-0.43828867125254944,-0.14229394268633083
36.875776290893555,-1.5652430898682603,-0.01308650338752481,0.019859262552594736,0.163972950255876,0.002713655993788166,-0.0002535250000052903,-0.055708893138771615,-0.5805875587156977,-0.4536195035144615,-0.0024667007705903633,-0.43390578454002393,-0.14087100325946753
36.8986394405365,-1.561859745449502,-0.013096650264818927,0.019886541420359272,0.16381282581585857,0.002707663835734847,-0.00023945380232727925,-0.05559240621061139,-0.5845768424841499,-0.4437205512851897,-0.0024461412100499364,-0.43391179252661555,-0.1411691605727138
36.907763719558716,-1.561859745449502,-0.013096650264818927,0.019886541420359272,0.16217469755769998,0.002680587197377499,-0.00023705926430400646,-0.05559240621061139,-0.5845768424841499,-0.4437205512851897,-0.002421679797949437,-0.4295726746013494,-0.13975746896698668
36.931560754776,-1.5550087799051815,-0.01302277317482191,0.019849640913085175,0.16343162163818759,0.0026957773084580728,-0.0002621767040921627,-0.05535869369873555,-0.5926053828889923,-0.42410986472783785,-0.002404667141786763,-0.43356998867958957,-0.14160462291527975
36.93694567680359,-1.5550087799051815,-0.01302277317482191,0.019849640913085175,0.1617973054218057,0.002668819535373492,-0.0002595549370512411,-0.05535869369873555,-0.5926053828889923,-0.42410986472783785,-0.0023806204703688953,-0.4292342887927937,-0.14018857668612694
36.95244312286377,-1.5510180615883673,-0.012987676340676903,0.019844146906508733,0.16275411895295938,0.002682961654733761,-0.00027164868981353554,-0.05524252271212468,-0.5965846191327645,-0.41441265802385074,-0.0023618761557569297,-0.43124879898743973,-0.14123124801835507
36.961939096450806,-1.5510180615883673,-0.012987676340676903,0.019844146906508733,0.16112657776342978,0.002656132038186423,-0.0002689322029154002,-0.05524252271212468,-0.5965846191327645,-0.41441265802385074,-0.0023382573941993605,-0.42693631099756535,-0.1398189355381715
36.97165489196777,-1.5472841606543073,-0.012951442556106476,0.019836293195896332,0.16335800571219095,0.0026910251961828504,-0.0002921481200274084,-0.055128551545483656,-0.6005108601601857,-0.40467647279186675,-0.0023240083333914315,-0.43278017718821793,-0.14222690528562454
36.97950720787048,-1.5472841606543073,-0.012951442556106476,0.019836293195896332,0.16172442565506903,0.002664114944221022,-0.0002892266388271343,-0.055128551545483656,-0.6005108601601857,-0.40467647279186675,-0.002300768250057517,-0.42845237541633574,-0.1408046362327683
37.026623010635376,-1.5409684512578028,-0.012783834825696413,0.019720309635661584,0.16144759403417125,0.002659747584333598,-0.0003237075929428308,-0.05490790741045646,-0.6082967715044351,-0.38535719112294403,-0.002282285401311544,-0.4283156977291044,-0.14092677175658747
37.03413271903992,-1.5409684512578028,-0.012783834825696413,0.019720309635661584,0.15983311809382952,0.0026331501084902622,-0.00032047051701340247,-0.05490790741045646,-0.6082967715044351,-0.38535719112294403,-0.0022594625472984286,-0.42403254075181335,-0.13951750403902158
37.03873896598816,-1.5372040598590497,-0.012765636768041377,0.01973726970714074,0.16640591862822485,0.0027453196124301717,-0.0003122633043027247,-0.054798722379326224,-0.6121710267666421,-0.37577461370747106,-0.002260785758429379,-0.4408664316733867,-0.1458332841947816
37.04606819152832,-1.5372040598590497,-0.012765636768041377,0.01973726970714074,0.16474185944194258,0.0027178664163058698,-0.0003091406712596974,-0.054798722379326224,-0.6121710267666421,-0.37577461370747106,-0.002238177900845085,-0.4364577673566528,-0.14437495135283376
37.07617902755737,-1.5297477478809585,-0.012638314279515893,0.0196917805831016,0.16557045464803152,0.002735887356914913,-0.0003406528368414189,-0.05458384944558688,-0.6197817477529799,-0.35659361743552725,-0.0022230340788004814,-0.4385616961722708,-0.1451962920561415
37.07950258255005,-1.5297477478809585,-0.012638314279515893,0.0196917805831016,0.1639147501015512,0.002708528483345764,-0.0003372463084730047,-0.05458384944558688,-0.6197817477529799,-0.35659361743552725,-0.0022008037380124765,-0.43417607921054807,-0.1437443291355801
37.09113121032715,-1.5265560881213986,-0.012612775945916782,0.0197029312023677,0.16501983018573543,0.0027318203193535907,-0.0003394056941381293,-0.05447361716046244,-0.6235199709052228,-0.34697861485862247,-0.002184606242857397,-0.438236835469535,-0.14515417353541404
37.09511661529541,-1.5265560881213986,-0.012612775945916782,0.0197029312023677,0.16336963188387807,0.002704502116160055,-0.000336011637196748,-0.05447361716046244,-0.6235199709052228,-0.34697861485862247,-0.002162760180428823,-0.43385446711483966,-0.1437026318000599
37.11550855636597,-1.5237326083142635,-0.01258746140241482,0.01971225376312344,0.1631203199079463,0.002703589647518839,-0.0003364402301400618,-0.05436221916504853,-0.6272388990576602,-0.33746143764766423,-0.002143463651535147,-0.4342637137906937,-0.14386857099097286
37.12017750740051,-1.5237326083142635,-0.01258746140241482,0.01971225376312344,0.16148911670886681,0.002676553751043651,-0.0003330758278386612,-0.05436221916504853,-0.6272388990576602,-0.33746143764766423,-0.0021220290150197954,-0.4299210766527867,-0.14242988528106312
37.13934087753296,-1.5201051294233914,-0.012590996549342716,0.019764749752642016,0.16176674081786052,0.002686420101051005,-0.0003092673207961223,-0.054245521824152605,-0.6309979975119723,-0.32783973709603154,-0.0021012620109583957,-0.43073574041961,-0.14271120725947148
37.144885540008545,-1.5201051294233914,-0.012590996549342716,0.019764749752642016,0.1601490734096819,0.002659555900040495,-0.0003061746475881611,-0.054245521824152605,-0.6309979975119723,-0.32783973709603154,-0.002080249390848812,-0.4264283830154139,-0.14128409518687676
37.15604019165039,-1.516305617663504,-0.012554534728979367,0.01978516091556662,0.16195316862662235,0.002703216409310599,-0.00030905730420850117,-0.054128258712220045,-0.6346916118582293,-0.3183339455161738,-0.0020580935843258585,-0.4308537147213565,-0.1427151207849754
37.16043734550476,-1.516305617663504,-0.012554534728979367,0.01978516091556662,0.16033363694035613,0.002676184245217493,-0.00030596673116641617,-0.054128258712220045,-0.6346916118582293,-0.3183339455161738,-0.0020375126484826,-0.4265451775741429,-0.14128796957712564
37.169508934020996,-1.5127359420257764,-0.012503385420140576,0.019790278365890288,0.1626646317583861,0.002733232516018123,-0.00033155924621507425,-0.05400816522306155,-0.6383462884591561,-0.3087533801546891,-0.002011765122583711,-0.43305692713210914,-0.14328625357813204
37.19680738449097,-1.509481799504455,-0.01245460524904034,0.019793637431059562,0.16222984235525711,0.0027315257745203895,-0.00033772426595730335,-0.053885401775751816,-0.641982958979231,-0.29925817161961077,-0.0019886101183490663,-0.4322798085210721,-0.1429706518204685
37.20150852203369,-1.509481799504455,-0.01245460524904034,0.019793637431059562,0.16060754393170454,0.0027042105167751854,-0.0003343470232977303,-0.053885401775751816,-0.641982958979231,-0.29925817161961077,-0.0019687240171655756,-0.4279570104358614,-0.14154094530226383
37.221192598342896,-1.5066688617815074,-0.012417330369466488,0.01980589905644002,0.16043023330382278,0.0027092169793800844,-0.00033767239817905593,-0.053757503298436,-0.6456856848875768,-0.28966644309800427,-0.0019431339355798574,-0.4286609026116372,-0.14169151030313093
37.2338182926178,-1.5066688617815074,-0.012417330369466488,0.01980589905644002,0.15882593097078454,0.0026821248095862836,-0.00033429567419726537,-0.053757503298436,-0.6456856848875768,-0.28966644309800427,-0.0019237025962240588,-0.4243742935855208,-0.1402745952000996
37.24129819869995,-1.5029570167085373,-0.012361816362846233,0.019810228256790678,0.16219923493114785,0.002762413779622204,-0.0003698309717651447,-0.05362684057951016,-0.6493939989521424,-0.28016217346724537,-0.0018848823952005152,-0.43314407823661816,-0.14295959862319618
37.25300121307373,-1.5029570167085373,-0.012361816362846233,0.019810228256790678,0.16057724258183637,0.002734789641825982,-0.0003661326620474933,-0.05362684057951016,-0.6493939989521424,-0.28016217346724537,-0.00186603357124851,-0.42881263745425197,-0.14153000263696422
37.28473687171936,-1.4954889654225785,-0.012310230292925377,0.019864888372493738,0.16132423153696657,0.0027546844079593814,-0.00035950984733208085,-0.05335686041503207,-0.6568365487503385,-0.26109518953021826,-0.0018357200253898932,-0.43069214501929576,-0.14200256779013057
37.29108738899231,-1.4954889654225785,-0.012310230292925377,0.019864888372493738,0.1597109892215969,0.0027271375638797876,-0.00035591474885876003,-0.05335686041503207,-0.6568365487503385,-0.26109518953021826,-0.0018173628251359944,-0.4263852235691028,-0.14058254211222926
37.297133684158325,-1.492254841820199,-0.012333669722215671,0.019926861267338898,0.16346161343041762,0.002796020312625392,-0.0002564205213786398,-0.05321712308427127,-0.6605867463482352,-0.25152410762902966,-0.0017623004310647966,-0.4383893473296673,-0.144121807120735
37.32172346115112,-1.492254841820199,-0.012333669722215671,0.019926861267338898,0.16182699729611344,0.0027680601094991378,-0.0002538563161648534,-0.05321712308427127,-0.6605867463482352,-0.25152410762902966,-0.0017446774267541485,-0.4340054538563706,-0.14268058904952766
37.325058460235596,-1.4893649006216583,-0.012282011158474212,0.01991354127121687,0.16887303890926803,0.002914458639956799,-0.0003678398452722181,-0.05307939823846384,-0.6643676581612905,-0.24204811563953016,-0.0016667774976497247,-0.4589080097206502,-0.15024869829838491
37.33182954788208,-1.4893649006216583,-0.012282011158474212,0.01991354127121687,0.16718430852017535,0.002885314053557231,-0.00036416144681949595,-0.05307939823846384,-0.6643676581612905,-0.24204811563953016,-0.0016501097226732275,-0.4543189296234437,-0.14874621131540106
37.33589315414429,-1.4856539858626738,-0.012223244472866676,0.019902576700413288,0.17464325017927732,0.003036860979052944,-0.0004617098180923535,-0.052940186722988544,-0.6682453316492797,-0.23246917928462052,-0.001585995466523814,-0.47407501844854866,-0.15476749258257586
37.35572957992554,-1.4817739958340723,-0.012180039027063813,0.019906822481144452,0.17485250984772688,0.003043864451124769,-0.0004677825725561725,-0.05280259300690219,-0.6721095845661912,-0.22300520358937276,-0.0015607772106680537,-0.4742597165740309,-0.1547370979398066
37.36035943031311,-1.4817739958340723,-0.012180039027063813,0.019906822481144452,0.1731039847492496,0.0030134258066135213,-0.00046310474683061074,-0.05280259300690219,-0.6721095845661912,-0.22300520358937276,-0.001545169438561373,-0.46951711940829055,-0.15318972696040856
37.3728883266449,-1.4781357089668574,-0.012126926083057422,0.01989820017065119,0.174276454173651,0.003039380215999569,-0.00048727287381632753,-0.05266522403650528,-0.675998165826966,-0.21346318084631374,-0.0015156291337693295,-0.4726926923775245,-0.15404524332998878
37.38320779800415,-1.4781357089668574,-0.012126926083057422,0.01989820017065119,0.17253368963191448,0.0030089864138395732,-0.00048240014507816423,-0.05266522403650528,-0.675998165826966,-0.21346318084631374,-0.0015004728424316363,-0.46796576545374924,-0.1525047908966889
37.39650583267212,-1.4748151444141298,-0.012077717996872284,0.01988869699462472,0.17330504473205796,0.0030267681503137263,-0.000503498922963088,-0.052530297317471684,-0.6799000097731999,-0.2040201279523186,-0.0014738361255533263,-0.47063591071652766,-0.15322145306023166
37.404261112213135,-1.4748151444141298,-0.012077717996872284,0.01988869699462472,0.17157199428473738,0.002996500468810589,-0.0004984639337334572,-0.052530297317471684,-0.6799000097731999,-0.2040201279523186,-0.001459097764297793,-0.4659295516093624,-0.15168923852962934
37.43176627159119,-1.471938551650135,-0.012018401134066114,0.019863510860749254,0.1709019923504346,0.002986911055798555,-0.0005122166446468786,-0.05239505941591938,-0.6839048689123325,-0.19448653720120454,-0.0014396115951278313,-0.4648632478325849,-0.15127994381391657
37.43684124946594,-1.471938551650135,-0.012018401134066114,0.019863510860749254,0.16919297242693027,0.0029570419452405695,-0.0005070944782004099,-0.05239505941591938,-0.6839048689123325,-0.19448653720120454,-0.001425215479176553,-0.46021461535425906,-0.1497671443757774
37.45651292800903,-1.4643459215448773,-0.01189798954247276,0.019838941250107246,0.17136017983127963,0.0030033465264841155,-0.0005455162181276135,-0.05212570419441837,-0.6920429596053672,-0.17553556007607146,-0.001398653797846871,-0.4656314047333247,-0.15136153899595067
37.4616425037384,-1.4643459215448773,-0.01189798954247276,0.019838941250107246,0.16964657803296684,0.0029733130612192744,-0.0005400610559463374,-0.05212570419441837,-0.6920429596053672,-0.17553556007607146,-0.0013846672598684022,-0.46097509068599146,-0.14984792360599117
37.48442554473877,-1.4606859728057684,-0.011832653655390836,0.019820917421965716,0.16955633025863207,0.002975704430049315,-0.0005565547228767834,-0.0519921958343695,-0.6961463761350152,-0.16611985707066418,-0.0013661522854255216,-0.46067111809726063,-0.14968636693316031
37.48888850212097,-1.4606859728057684,-0.011832653655390836,0.019820917421965716,0.16786076695604574,0.002945947385748822,-0.0005509891756480155,-0.0519921958343695,-0.6961463761350152,-0.16611985707066418,-0.0013524907625712664,-0.456064406916288,-0.1481895032638287
37.52546048164368,-1.4545549845349368,-0.01175489018602566,0.019818362144436066,0.16785832782362783,0.0029487453246814246,-0.0005578977570820414,-0.051723755569280425,-0.7045407797392724,-0.14724623644357865,-0.0013337748959385402,-0.4568959775091725,-0.14838999545552456
37.53119134902954,-1.4545549845349368,-0.01175489018602566,0.019818362144436066,0.16617974454539156,0.0029192578714346104,-0.000552318779511221,-0.051723755569280425,-0.7045407797392724,-0.14724623644357865,-0.0013204371469791548,-0.45232701773408074,-0.1469060955009693
37.55682110786438,-1.4469382123588637,-0.011641393674674271,0.01981484932110771,0.1674893163992514,0.00295172972189624,-0.0005728770416647682,-0.05144944720311502,-0.713245120811658,-0.12841507299953248,-0.001299852227880419,-0.4555146474916277,-0.14790108057305523
37.562448024749756,-1.4469382123588637,-0.011641393674674271,0.01981484932110771,0.16581442323525888,0.0029222124246772777,-0.0005671482712481205,-0.05144944720311502,-0.713245120811658,-0.12841507299953248,-0.0012868537056016148,-0.4509595010167114,-0.1464220697673247
37.57987594604492,-1.4432846463143174,-0.011592737266396671,0.01982053655121908,0.16625230827058626,0.002936812799429415,-0.0005749465511718903,-0.051311405705323505,-0.7176544969298645,-0.11899473976797553,-0.0012687206415500627,-0.45213324758982776,-0.1467811661857245
37.5915162563324,-1.4432846463143174,-0.011592737266396671,0.01982053655121908,0.1645897851878804,0.002907444671435121,-0.0005691970856601714,-0.051311405705323505,-0.7176544969298645,-0.11899473976797553,-0.001256033435134562,-0.4476119151139295,-0.14531335452386726
37.59520626068115,-1.4399474144837423,-0.011546898355871534,0.01982487428032241,0.17198632139608697,0.003068719866267739,-0.0006254417206884483,-0.05117310753082567,-0.7220993693210407,-0.10968086392091914,-0.0012186597586153044,-0.4697333665651369,-0.15251513510681988
37.59979486465454,-1.4399474144837423,-0.011546898355871534,0.01982487428032241,0.1702664581821261,0.0030380326676050615,-0.0006191873034815638,-0.05117310753082567,-0.7220993693210407,-0.10968086392091914,-0.0012064731610291514,-0.46503603289948553,-0.15098998375575168
37.62102508544922,-1.437058461666437,-0.011502010774342935,0.019822953799208225,0.16992434498295922,0.003036380606209808,-0.0006256298633449496,-0.051032435905449515,-0.7266697110820994,-0.10029230380706923,-0.001190311694952803,-0.46505564212779,-0.1510249155798353
37.62647604942322,-1.437058461666437,-0.011502010774342935,0.019822953799208225,0.1682251015331296,0.00300601680014771,-0.0006193735647115001,-0.051032435905449515,-0.7266697110820994,-0.10029230380706923,-0.001178408578003275,-0.46040508570651206,-0.14951466642403693
37.63901472091675,-1.4333487300936911,-0.011452772071353713,0.01982805518209832,0.16950098258205418,0.003037468293392504,-0.0006324319147785792,-0.050892718467143286,-0.731288412568566,-0.09100508123097963,-0.001160889651523366,-0.46364299807427223,-0.15065509815370826
37.64285445213318,-1.4333487300936911,-0.011452772071353713,0.01982805518209832,0.16780597275623363,0.003007093610458579,-0.0006261075956307934,-0.050892718467143286,-0.731288412568566,-0.09100508123097963,-0.0011492807550081323,-0.4590065680935295,-0.14914854717217116
37.66192936897278,-1.42957210915089,-0.011396466853368963,0.019828119284247537,0.16810747198888498,0.0030188290412807785,-0.0006365267273774757,-0.050751730699489996,-0.7359916275774724,-0.08166348873136772,-0.0011343483710790443,-0.45961228574085056,-0.14940990424870418
37.70431470870972,-1.42957210915089,-0.011396466853368963,0.019828119284247537,0.16642639726899613,0.0029886407508679705,-0.000630161460103701,-0.050751730699489996,-0.7359916275774724,-0.08166348873136772,-0.001123004887368254,-0.45501616288344204,-0.14791580520621714
37.71138000488281,-1.4259795525385908,-0.01134809303622874,0.019832788866747574,0.16984606255336326,0.003065018660940201,-0.0006577389968710952,-0.05061065344481526,-0.7407131393167106,-0.07242411140203477,-0.001102264423627735,-0.4643710888835572,-0.1511650486465368
37.7156457901001,-1.4227904590705693,-0.01130297271178618,0.019835910150802157,0.17562230479797633,0.0031927910510867203,-0.0007056604971869773,-0.05046779508121273,-0.7455148894213532,-0.06312672526849956,-0.0010756586135543032,-0.48294507298907263,-0.1575774558015887
37.721014738082886,-1.4227904590705693,-0.01130297271178618,0.019835910150802157,0.17386608174999657,0.003160863140575853,-0.0006986038922151076,-0.05046779508121273,-0.7455148894213532,-0.06312672526849956,-0.0010649020274187601,-0.4781156222591819,-0.1560016812435728
37.72964882850647,-1.4199174260276435,-0.01126038082773001,0.01983832345063502,0.1754543873646447,0.003201089237256439,-0.0007175289075827889,-0.05032480108919789,-0.750374320228836,-0.053938475768987054,-0.0010472319981212773,-0.48470174184445514,-0.1584087073227158
37.737019777297974,-1.4199174260276435,-0.01126038082773001,0.01983832345063502,0.17369984349099823,0.0031690783448838746,-0.000710353618506961,-0.05032480108919789,-0.750374320228836,-0.053938475768987054,-0.0010367596781400644,-0.47985472442601057,-0.15682462024948865
37.758198976516724,-1.4122949357936503,-0.011135132209441317,0.01982846162996874,0.1755612974837354,0.0032145771066670993,-0.0007400622328243287,-0.050035193659725426,-0.7603464058197755,-0.03554374812218797,-0.001021289206792657,-0.4843760907713962,-0.15853681922822868
37.76240825653076,-1.4122949357936503,-0.011135132209441317,0.01982846162996874,0.17380568450889802,0.0031824313356004284,-0.0007326616104960854,-0.050035193659725426,-0.7603464058197755,-0.03554374812218797,-0.0010110763147247305,-0.4795323298636822,-0.1569514510359464
37.77736449241638,-1.408593335217472,-0.011085330389866904,0.019831813284704434,0.17454216925889296,0.0032018270159430923,-0.0007424331305927906,-0.049890600915493674,-0.7653633277080374,-0.026360688335468358,-0.0009978470592383974,-0.4813383148646856,-0.15770208899032798
37.783175468444824,-1.408593335217472,-0.011085330389866904,0.019831813284704434,0.17279674756630403,0.0031698087457836615,-0.0007350087992868627,-0.049890600915493674,-0.7653633277080374,-0.026360688335468358,-0.0009878685886460135,-0.4765249317160387,-0.1561250681004247
37.815980672836304,-1.405176541189569,-0.011038424851018988,0.01983393961010149,0.17211014719729845,0.0031597014900558184,-0.0007352242258605817,-0.04974559879549258,-0.7703934142651304,-0.017287675504278288,-0.0009763755160711588,-0.4747404604490004,-0.15562079881354288
37.82067275047302,-1.405176541189569,-0.011038424851018988,0.01983393961010149,0.17038904572532546,0.0031281044751552602,-0.0007278719836019759,-0.04974559879549258,-0.7703934142651304,-0.017287675504278288,-0.0009666117609104472,-0.4699930558445104,-0.15406459082540744
37.82960915565491,-1.402208276200664,-0.011535442048997601,0.020109507677779734,0.17200702505476237,0.0029252878100518884,-0.00017185136760072893,-0.049594009027882816,-0.7755092449333252,-0.008150169980478955,-0.0009465846231672009,-0.47633418111909026,-0.15645425919829886
37.84136199951172,-1.402208276200664,-0.011535442048997601,0.020109507677779734,0.17028695480421474,0.0028960349319513694,-0.00017013285392472163,-0.049594009027882816,-0.7755092449333252,-0.008150169980478955,-0.0009371187769355288,-0.47157083930789934,-0.15488971660631587
37.84528160095215,-1.3983589855181027,-0.01186404649830266,0.02033157119585475,0.1784037664520315,0.0027213873046560417,0.0007340559715603464,-0.04943717034793032,-0.7806094784519508,0.0008829444084535228,-0.0008904827130647563,-0.49179309827648143,-0.1622115617338482
37.849520444869995,-1.3983589855181027,-0.01186404649830266,0.02033157119585475,0.17661972878751117,0.0026941734316094815,0.0007267154118447429,-0.04943717034793032,-0.7806094784519508,0.0008829444084535228,-0.0008815778859341087,-0.4868751672937166,-0.16058944611650972
37.85288977622986,-1.3943981959561678,-0.012034497188406922,0.020459261370916727,0.18660750232398501,0.0026660128501981685,0.0012950798638738203,-0.04927311419567214,-0.7857431223782857,0.009968018040714743,-0.0008115550131832489,-0.5112271694198004,-0.1692591081435635
37.85775828361511,-1.3943981959561678,-0.012034497188406922,0.020459261370916727,0.18474142730074516,0.002639352721696187,0.0012821290652350822,-0.04927311419567214,-0.7857431223782857,0.009968018040714743,-0.0008034394630514164,-0.5061148977256024,-0.16756651706212788
37.879311084747314,-1.3905821219252872,-0.012128186646682337,0.020547731266173517,0.1846643111472039,0.0026263917924492196,0.0013254286078496892,-0.049103981935543536,-0.7908432106888111,0.018952381290181883,-0.0007830733776440321,-0.5055791576282368,-0.1674728942631937
37.8837354183197,-1.3905821219252872,-0.012128186646682337,0.020547731266173517,0.18281766803573188,0.002600127874524727,0.0013121743217711923,-0.049103981935543536,-0.7908432106888111,0.018952381290181883,-0.0007752426438675917,-0.5005233660519545,-0.16579816532056177
37.90051627159119,-1.387141543441742,-0.012211495064914004,0.020640237229605,0.1830393976425402,0.002594652288299684,0.001369087643175217,-0.04893045141528735,-0.7959787214994852,0.027996338343650066,-0.0007497945288653557,-0.5013761666637478,-0.1661664276397999
37.9127836227417,-1.387141543441742,-0.012211495064914004,0.020640237229605,0.1812090036661148,0.002568705765416687,0.0013553967667434648,-0.04893045141528735,-0.7959787214994852,0.027996338343650066,-0.0007422965835767022,-0.4963624049971104,-0.16450476336340192
37.922767162323,-1.384032077869419,-0.012041972702623157,0.019861039825530145,0.18251755091733457,0.0022386811939692874,0.0006910390323183372,-0.04875362433579178,-0.8011251824250533,0.03694077517917843,-0.0006950987799357972,-0.5011599073782456,-0.16626421985706014
37.928202390670776,-1.384032077869419,-0.012041972702623157,0.019861039825530145,0.18069237540816122,0.0022162943820295943,0.0006841286419951539,-0.04875362433579178,-0.8011251824250533,0.03694077517917843,-0.0006881477921364392,-0.4961483083044631,-0.16460157765848954
37.93929576873779,-1.3801191936755344,-0.011890921603695339,0.019334378960182922,0.18241596489505515,0.002050094769893748,0.0002633285808759128,-0.04857327509725732,-0.8063581859511622,0.04596825526345881,-0.0006401041605176179,-0.500071609009842,-0.1660475045868364
37.945589542388916,-1.3801191936755344,-0.011890921603695339,0.019334378960182922,0.1805918052461046,0.00202959382219481,0.0002606952950671537,-0.04857327509725732,-0.8063581859511622,0.04596825526345881,-0.0006337031189124417,-0.4950708929197436,-0.16438702954096804
37.9752779006958,-1.376033076909579,-0.011781381352014682,0.01897055073251932,0.18016301584069408,0.0019783097096562306,0.00015059244265688544,-0.048382724875972866,-0.8115481471596517,0.05488138666035443,-0.0006070710530753444,-0.49340420049670686,-0.16387821550741774
37.980979919433594,-1.376033076909579,-0.011781381352014682,0.01897055073251932,0.17836138568228713,0.0019585266125596683,0.00014908651823031659,-0.048382724875972866,-0.8115481471596517,0.05488138666035443,-0.000601000342544591,-0.4884701584917398,-0.16223943335234356
37.99171209335327,-1.3721677926196254,-0.01165312874092376,0.018687981984061623,0.18018076916090134,0.0019077664916684663,-0.00010643576527403432,-0.0481767519418665,-0.8167442824031586,0.06386240141431843,-0.0005225626133949167,-0.4927453139610761,-0.16371521701917482
37.99734711647034,-1.3721677926196254,-0.01165312874092376,0.018687981984061623,0.17837896146929233,0.0018886888267517817,-0.00010537140762129398,-0.0481767519418665,-0.8167442824031586,0.06386240141431843,-0.0005173369872609676,-0.4878178608214654,-0.16207806484898307
38.0121808052063,-1.368594017348554,-0.011516431730910872,0.018469783107075786,0.17900501225424056,0.0018746264081842042,-0.0002607691327777417,-0.047957159679403796,-0.8219357039247033,0.07275203736430493,-0.00044919076696284466,-0.4895138781192496,-0.16268453302836297
38.01836585998535,-1.368594017348554,-0.011516431730910872,0.018469783107075786,0.17721496213169816,0.001855880144102362,-0.0002581614414499643,-0.047957159679403796,-0.8219357039247033,0.07275203736430493,-0.0004446988592932162,-0.4846187393380571,-0.16105768769807935
38.0338134765625,-1.3650870251943883,-0.011328008541808376,0.018264585513670953,0.17771338588652671,0.0018703902854043594,-0.0004194943614206296,-0.04772397618042605,-0.8272322767050573,0.08172027232256933,-0.0003715267362702034,-0.4861566949921964,-0.1616200628367609
38.038267850875854,-1.3650870251943883,-0.011328008541808376,0.018264585513670953,0.17593625202766144,0.0018516863825503158,-0.0004152994178064233,-0.04772397618042605,-0.8272322767050573,0.08172027232256933,-0.0003678114689075014,-0.4812951280422744,-0.16000386220839327
38.048269510269165,-1.3608274643707436,-0.01110793811334181,0.0180634075071877,0.17843597242154427,0.0019169444365211951,-0.0006792753100093704,-0.0474859645942097,-0.8325437347031064,0.09059064653256765,-0.00025184253982343406,-0.48626416223125246,-0.16175291884867354
38.054718255996704,-1.3608274643707436,-0.01110793811334181,0.0180634075071877,0.17665161269732882,0.001897774992155983,-0.0006724825569092767,-0.0474859645942097,-0.8325437347031064,0.09059064653256765,-0.0002493241144251997,-0.4814015206089399,-0.1601353896601868
38.08525037765503,-1.3524934369282773,-0.010716253733623119,0.017754772833744003,0.17761465827270762,0.001939577212192563,-0.000810367539665698,-0.04701264835227018,-0.8432206076127742,0.10837294455560692,-0.00017320326986245622,-0.4830314072868248,-0.1606889679156038
38.091023683547974,-1.3524934369282773,-0.010716253733623119,0.017754772833744003,0.17583851168998055,0.0019201814400706375,-0.000802263864269041,-0.04701264835227018,-0.8432206076127742,0.10837294455560692,-0.00017147123716383165,-0.47820109321395654,-0.15908207823644777
38.11627745628357,-1.3489021018430367,-0.010474749883493268,0.017582068229798548,0.1755021761507604,0.001944355648363913,-0.0008977008078036507,-0.046783032076257745,-0.8485852562408396,0.11728771062180798,-0.00012786871378772787,-0.4773305029014668,-0.15878792610486614
38.12451171875,-1.3489021018430367,-0.010474749883493268,0.017582068229798548,0.17374715438925278,0.0019249120918802738,-0.0008887237997256142,-0.046783032076257745,-0.8485852562408396,0.11728771062180798,-0.00012659002664985059,-0.4725571978724521,-0.15720004684381747
38.13567805290222,-1.345685378915022,-0.010232591867720988,0.017422704705694143,0.17489021330621768,0.002007903999386253,-0.0011059654873427395,-0.04656221708812214,-0.8539702463435777,0.12609758761419249,-3.781939276986837e-05,-0.47659953290099005,-0.15857066162887704
38.140559911727905,-1.345685378915022,-0.010232591867720988,0.017422704705694143,0.1731413111731555,0.0019878249593923906,-0.0010949058324693122,-0.04656221708812214,-0.8539702463435777,0.12609758761419249,-3.744119884216969e-05,-0.47183353757198015,-0.15698495501258827
38.14460825920105,-1.3417094413653516,-0.010023130938522634,0.017335031489943947,0.1812293546405585,0.0023118158829749757,-0.0015315827589652276,-0.04634770928231153,-0.859469499697523,0.13498850093723536,0.00018382871961777322,-0.49159023844091904,-0.163664365063049
38.1498486995697,-1.3417094413653516,-0.010023130938522634,0.017335031489943947,0.17941706109415292,0.002288697724145226,-0.0015162669313755752,-0.04634770928231153,-0.859469499697523,0.13498850093723536,0.00018199043242159548,-0.48667433605650984,-0.1620277214124185
38.16801929473877,-1.3376111727115578,-0.009786596712894294,0.0172533849958011,0.17987783985081107,0.0023558494554221177,-0.001607027371381858,-0.04614324045342111,-0.8649369402295904,0.14375866194769196,0.0002244800275438797,-0.48719930222187424,-0.16222119783519637
38.17231369018555,-1.3376111727115578,-0.009786596712894294,0.0172533849958011,0.17807906145230296,0.0023322909608678964,-0.0015909570976680395,-0.04614324045342111,-0.8649369402295904,0.14375866194769196,0.00022223522726844093,-0.4823273091996555,-0.1605989858568444
38.18920969963074,-1.333788980918965,-0.009512542878794626,0.017158572786924096,0.17855987090593295,0.00241601080007263,-0.0017075911190286511,-0.04594502433837801,-0.8704341901207983,0.1525915392948743,0.00026364930946348145,-0.48335009669087536,-0.16092974282118339
38.19526767730713,-1.333788980918965,-0.009512542878794626,0.017158572786924096,0.1767742721968736,0.0023918506920719033,-0.0016905152078383646,-0.04594502433837801,-0.8704341901207983,0.1525915392948743,0.00026101281636884663,-0.4785165957239666,-0.15932044539297155
38.20917868614197,-1.3303149152626013,-0.00924175628683818,0.01707680337684895,0.17750311285968218,0.0024993736362314946,-0.0018266681543123403,-0.04575257357126625,-0.8759433816678469,0.16131772926164856,0.00030737286180058845,-0.4807675945510977,-0.1600813944425736
38.225122690200806,-1.3266280031290085,-0.009007114416090896,0.017073335088265012,0.1780395685175277,0.002601951666148885,-0.001893104069783813,-0.04556088681030108,-0.8815630937116284,0.170116526635544,0.0003448504855609499,-0.48216738758677424,-0.16056812932105782
38.23112940788269,-1.3266280031290085,-0.009007114416090896,0.017073335088265012,0.17625917283235243,0.0025759321494873964,-0.0018741730290859748,-0.04556088681030108,-0.8815630937116284,0.170116526635544,0.0003414019807053404,-0.4773457137109065,-0.15896244802784723
38.24793887138367,-1.3224102825138484,-0.008752406600940817,0.017086715986504526,0.1770046722863146,0.00268863740322806,-0.0019351749793275962,-0.045370981612173865,-0.8871625028832569,0.17880438756964975,0.0003753951995477205,-0.47840148604766414,-0.15933252351546695
38.26311659812927,-1.3224102825138484,-0.008752406600940817,0.017086715986504526,0.17523462556345146,0.0026617510291957794,-0.0019158232295343202,-0.045370981612173865,-0.8871625028832569,0.17880438756964975,0.00037164124755224333,-0.4736174711871875,-0.15773919828031227
38.26910138130188,-1.3182524685573183,-0.008508417964707814,0.01712018076318125,0.18042649925085705,0.003029461943015821,-0.002085972054611772,-0.045179543347539604,-0.8927728292227299,0.1875390562990357,0.00047351686384277465,-0.48535693096944804,-0.16159600766507864
38.27416133880615,-1.3182524685573183,-0.008508417964707814,0.01712018076318125,0.17862223425834847,0.0029991673235856627,-0.002065112334065654,-0.045179543347539604,-0.8927728292227299,0.1875390562990357,0.0004687816952043469,-0.48050336165975355,-0.15998004758842785
38.28602361679077,-1.3143836048933855,-0.008550591452966898,0.017373397318040253,0.18009598900478077,0.0030942586201830524,-0.0018666090632916547,-0.044983516831017874,-0.8983605404831815,0.19619828469422018,0.000520142033680931,-0.48395488308650986,-0.161087509917677
38.28988862037659,-1.3143836048933855,-0.008550591452966898,0.017373397318040253,0.17829502911473297,0.003063316033981222,-0.001847942972658738,-0.044983516831017874,-0.8983605404831815,0.19619828469422018,0.0005149406133441217,-0.47911533425564473,-0.15947663481850025
38.32582354545593,-1.3064692595692184,-0.009137057947215059,0.018257909172450626,0.17871350393479973,0.0030726840233126066,-0.0015549223841457428,-0.04456611307492869,-0.9096281157196983,0.2135328826274162,0.0005501953210150569,-0.47980029715612715,-0.1596497936309097
38.32977747917175,-1.3064692595692184,-0.009137057947215059,0.018257909172450626,0.17692636889545174,0.0030419571830794805,-0.0015393731603042854,-0.04456611307492869,-0.9096281157196983,0.2135328826274162,0.0005446933678049064,-0.47500229418456585,-0.1580532956946006
38.336652755737305,-1.301792375157279,-0.009010150887298873,0.01839888050835097,0.18195645067957078,0.003330156332185104,-0.001474714096780682,-0.04433167707754834,-0.9153178038636807,0.22220161356345758,0.0006786532637788436,-0.48460864405223475,-0.1611044207420057
38.359299182891846,-1.2972810798199104,-0.010083810880928242,0.01945127982942767,0.18212812022274236,0.0032272812470539674,-0.0008476389930645157,-0.044070533112801305,-0.9209854419219697,0.23084264958469106,0.0007236300436462258,-0.48411302910683357,-0.16087408726422717
38.36237597465515,-1.2972810798199104,-0.010083810880928242,0.01945127982942767,0.18030683902051492,0.003195008434583428,-0.0008391626031338705,-0.044070533112801305,-0.9209854419219697,0.23084264958469106,0.0007163937432097635,-0.4792718988157652,-0.1592653463915849
38.38406276702881,-1.2932096426986586,-0.00957626354128028,0.01931400825140067,0.18038001762398487,0.003320799034443499,-0.0010085392186223287,-0.04380942312465894,-0.9266644565008292,0.23951643458155292,0.0007630383976443437,-0.47904396559244466,-0.1590968517948758
38.3967080116272,-1.2932096426986586,-0.00957626354128028,0.01931400825140067,0.17857621744774502,0.003287591044099064,-0.0009984538264361054,-0.04380942312465894,-0.9266644565008292,0.23951643458155292,0.0007554080136679003,-0.4742535259365202,-0.15750588327692702
38.40253520011902,-1.2895765494949456,-0.010743328728346472,0.020433332627847,0.18302193002374945,0.0029075581672655827,0.001567430129753394,-0.04352354315225921,-0.9323837395902717,0.2481718229873663,0.0009787157038186,-0.4865078931671319,-0.1612457660676395
38.407799243927,-1.2895765494949456,-0.010743328728346472,0.020433332627847,0.18119171072351195,0.002878482585592927,0.00155175582845586,-0.04352354315225921,-0.9323837395902717,0.2481718229873663,0.000968928546780414,-0.48164281423546057,-0.1596333084069631
38.42470169067383,-1.2851999811551438,-0.009909662900894445,0.020223719193942648,0.18196660002766074,0.0031762760098738617,0.001168989157641625,-0.043203055825460766,-0.9381761017822993,0.2568743960662335,0.001057989065013876,-0.48273329414843336,-0.1598775486463807
38.43095517158508,-1.2851999811551438,-0.009909662900894445,0.020223719193942648,0.18014693402738413,0.003144513249775123,0.0011572992660652088,-0.043203055825460766,-0.9381761017822993,0.2568743960662335,0.0010474091743637372,-0.477905961206949,-0.1582787731599169
38.443434715270996,-1.2806028149805653,-0.009575317865668008,0.020317970508928803,0.18202646978135334,0.003394996967303834,0.0010535432507700019,-0.04288108566310681,-0.9439553119105933,0.2655470159198902,0.0011708419251204357,-0.48111270252965427,-0.1591488201450269
38.45385766029358,-1.2806028149805653,-0.009575317865668008,0.020317970508928803,0.1802062050835398,0.003361046997630796,0.0010430078182623018,-0.04288108566310681,-0.9439553119105933,0.2655470159198902,0.0011591335058692314,-0.4763015755043577,-0.15755733194357663
38.459219217300415,-1.276246202064926,-0.009422541520262593,0.020505974601614765,0.18652430210849022,0.003823443911613581,0.0011376224133085948,-0.04254523249791187,-0.9497806319282068,0.27428731048310406,0.001479131389341141,-0.49029704974948907,-0.16165603503789788
38.4628803730011,-1.276246202064926,-0.009422541520262593,0.020505974601614765,0.18465905908740532,0.003785209472497445,0.0011262461891755088,-0.04254523249791187,-0.9497806319282068,0.27428731048310406,0.0014643400754477296,-0.4853940792519942,-0.1600394746875189
38.488020181655884,-1.272276417138974,-0.009087106836948128,0.02052764000933043,0.18439040792502337,0.0038692585466679015,0.0010473653078063147,-0.04221829672249324,-0.9556136445271215,0.283007849024166,0.0015164126967651226,-0.48453889443930676,-0.15963848202867262
38.4938268661499,-1.272276417138974,-0.009087106836948128,0.02052764000933043,0.18254650384577314,0.0038305659612012225,0.0010368916547282515,-0.04221829672249324,-0.9556136445271215,0.283007849024166,0.0015012485697974713,-0.4796935054949137,-0.15804209720838588
38.50105285644531,-1.2687932595692881,-0.008603190285289665,0.020410416189710456,0.1855374404814001,0.00425719053767664,0.0005326863766481885,-0.041888338055302454,-0.9615340719264261,0.2917683833631121,0.0017193769881449663,-0.4889119252699296,-0.16068493840753872
38.506712436676025,-1.2687932595692881,-0.008603190285289665,0.020410416189710456,0.1836820660765861,0.004214618632299874,0.0005273595128817066,-0.041888338055302454,-0.9615340719264261,0.2917683833631121,0.0017021832182635168,-0.4840228060172303,-0.15907808902346335
38.52363348007202,-1.2642861173277988,-0.008206024037594928,0.020325148820893642,0.18450735970263551,0.004349452161663509,0.000353530625515823,-0.04156227326508252,-0.9675250283825186,0.3005116141274978,0.001781482216129164,-0.48517860104837934,-0.15930654590263213
38.52818965911865,-1.2642861173277988,-0.008206024037594928,0.020325148820893642,0.18266228610560917,0.004305957640046874,0.0003499953192606648,-0.04156227326508252,-0.9675250283825186,0.3005116141274978,0.0017636673939678724,-0.48032681503789554,-0.1577134804436058
38.54105472564697,-1.259680248554721,-0.007967534765052194,0.020339424039603524,0.18441409625130523,0.004446388153407467,0.0002511399987391701,-0.04123950866740739,-0.9736380535575958,0.3092849594178638,0.0018676355801816034,-0.48347218266419195,-0.15857585613400793
38.55638766288757,-1.259680248554721,-0.007967534765052194,0.020339424039603524,0.18256995528879216,0.0044019242718733925,0.0002486285987517784,-0.04123950866740739,-0.9736380535575958,0.3092849594178638,0.0018489592243797874,-0.47863746083755004,-0.15699009757266785
38.561877727508545,-1.255305895760916,-0.007686849253346548,0.020308523215511687,0.1887080790829432,0.004796610991456596,-8.177527614815184e-05,-0.04092240614422713,-0.9797840548225871,0.31803153230560727,0.0021034787462714073,-0.49247443746394887,-0.1611271993732794
38.57363295555115,-1.255305895760916,-0.007686849253346548,0.020308523215511687,0.18682099829211377,0.00474864488154203,-8.095752338667033e-05,-0.04092240614422713,-0.9797840548225871,0.31803153230560727,0.0020824439588086933,-0.4875496930893094,-0.15951592737954662
38.58561682701111,-1.2514153360712499,-0.007472727776841239,0.020314176882331877,0.18819768804250042,0.004872795443553728,-0.00017658960107922892,-0.04061319155451948,-0.9860325515114868,0.3268022472160311,0.002177870699661126,-0.49126196328807165,-0.1605767747724971
38.59061670303345,-1.2514153360712499,-0.007472727776841239,0.020314176882331877,0.1863157111620754,0.00482406748911819,-0.00017482370506843664,-0.04061319155451948,-0.9860325515114868,0.3268022472160311,0.002156091992664515,-0.48634934365519095,-0.15897100702477213
38.60272002220154,-1.2479409071962342,-0.007373015244194605,0.020392602791024464,0.18732190597941692,0.004903566411385082,-0.00017090800761233331,-0.04031159236273375,-0.9923639183571276,0.3355303267832576,0.002241461279890571,-0.48998619775518965,-0.1600575178146587
38.617459535598755,-1.2449239088243413,-0.008065626136745871,0.020423896243639883,0.18749876753905617,0.004530178962682256,0.00010269337414882192,-0.04000906549459852,-0.9988778412922107,0.3442443356043847,0.0023064517132643314,-0.4921035207449411,-0.16075393320000075
38.62196683883667,-1.2449239088243413,-0.008065626136745871,0.020423896243639883,0.1856237798636656,0.004484877173055434,0.0001016664404073337,-0.04000906549459852,-0.9988778412922107,0.3442443356043847,0.002283387196131688,-0.4871824855374917,-0.15914639386800075
38.64302182197571,-1.241196323870436,-0.008455904187992632,0.02047043040309632,0.18553901718437202,0.00432960419686779,0.00021807657624908368,-0.03970130947442094,-1.0055174185805305,0.35290117128334136,0.0023235964107749725,-0.4872226138637299,-0.15920994550338513
38.647316694259644,-1.241196323870436,-0.008455904187992632,0.02047043040309632,0.1836836270125283,0.004286308154899113,0.00021589581048659284,-0.03970130947442094,-1.0055174185805305,0.35290117128334136,0.0023003604466672227,-0.4823503877250926,-0.15761784604835127
38.66053080558777,-1.2374488810799549,-0.008750623962704443,0.020573428182212077,0.18468355683177348,0.004145937731057222,0.0003941888858518992,-0.039388245933339755,-1.0122771266715174,0.36150052273447053,0.0023802166101862354,-0.48535192473384065,-0.15874962868466463
38.66896200180054,-1.2374488810799549,-0.008750623962704443,0.020573428182212077,0.18283672126345574,0.00410447835374665,0.0003902469969933802,-0.039388245933339755,-1.0122771266715174,0.36150052273447053,0.002356414444084373,-0.48049840548650224,-0.15716213239781798
38.68875455856323,-1.233918723863549,-0.009355128674316057,0.020991079307606783,0.18279237671906054,0.003964000783319362,0.000713517540047427,-0.03906448854918954,-1.019137692558688,0.3700277535474775,0.002404910031929426,-0.4809064957651111,-0.15744028724892606
38.69408655166626,-1.233918723863549,-0.009355128674316057,0.020991079307606783,0.18096445295186994,0.003924360775486168,0.0007063823646469527,-0.03906448854918954,-1.019137692558688,0.3700277535474775,0.0023808609316101313,-0.47609743080746,-0.1558658843764368
38.72347331047058,-1.2279849791618342,-0.01009816245896535,0.02158733635457673,0.18117403831563586,0.0038239958341940183,0.0009921259145938687,-0.03840677206606668,-1.0331601230495517,0.38682136861282346,0.002453333039445608,-0.4783241987505398,-0.15688383146288573
38.72874307632446,-1.2279849791618342,-0.01009816245896535,0.02158733635457673,0.1793622979324795,0.003785755875852078,0.00098220465544793,-0.03840677206606668,-1.0331601230495517,0.38682136861282346,0.002428799709051152,-0.47354095676303437,-0.15531499314825686
38.753671407699585,-1.224538567869259,-0.010176048252648263,0.021713057075557096,0.17895088645330137,0.003766989836319332,0.0010284644256591086,-0.038072516055261234,-1.0403175188821498,0.3950817828945026,0.0024620047597434004,-0.472897954526324,-0.15534012733369545
38.760889768600464,-1.224538567869259,-0.010176048252648263,0.021713057075557096,0.17716137758876835,0.0037293199379561386,0.0010181797814025175,-0.038072516055261234,-1.0403175188821498,0.3950817828945026,0.0024373847121459662,-0.46816897498106075,-0.1537867260603585
38.78491258621216,-1.2177086029811524,-0.010600210228674236,0.022210341685395377,0.17823217635133948,0.003700731910214685,0.0012635436566413036,-0.037400101179715,-1.0546522739242292,0.41129413390591557,0.0025313446335366464,-0.47188518769128257,-0.15551867727313637
38.7896523475647,-1.2177086029811524,-0.010600210228674236,0.022210341685395377,0.17644985458782608,0.003663724591112538,0.0012509082200748906,-0.037400101179715,-1.0546522739242292,0.41129413390591557,0.00250603118720128,-0.4671663358143697,-0.153963490500405
38.81448173522949,-1.214750301938682,-0.010616393925808057,0.022340349272460456,0.17587628166817756,0.0036642544606823244,0.0012828529293140733,-0.03706513854183382,-1.0618482122910513,0.41925372898861496,0.0025372429016793296,-0.4665105568576014,-0.154024983991775
38.81994819641113,-1.214750301938682,-0.010616393925808057,0.022340349272460456,0.1741175188514958,0.0036276119160755012,0.0012700244000209326,-0.03706513854183382,-1.0618482122910513,0.41925372898861496,0.002511870472662536,-0.4618454512890254,-0.15248473415185726
38.82509517669678,-1.2108066101699904,-0.010648345867447565,0.02250239892984725,0.1800354467258265,0.003803178299160492,0.0015374360142099712,-0.03673295428580424,-1.069040184579143,0.427149686284336,0.002750953994137015,-0.4765117331354014,-0.15864366451055562
38.83050775527954,-1.2108066101699904,-0.010648345867447565,0.02250239892984725,0.17823509225856823,0.0037651465161688867,0.0015220616540678714,-0.03673295428580424,-1.069040184579143,0.427149686284336,0.002723444454195645,-0.47174661580404736,-0.15705722786545007
38.84504008293152,-1.2066486336532258,-0.010537423505361113,0.02257863679864431,0.17931258136131575,0.0038487477309068663,0.0015079683557127405,-0.03640848076472806,-1.0761750643983956,0.4349561553029802,0.0027851033591900264,-0.47379899045734497,-0.15816474440064918
38.850903034210205,-1.2066486336532258,-0.010537423505361113,0.02257863679864431,0.1775194555477026,0.0038102602535977975,0.001492888672155613,-0.03640848076472806,-1.0761750643983956,0.4349561553029802,0.002757252325598126,-0.4690610005527715,-0.1565830969566427
38.86738324165344,-1.2026432036033605,-0.010444029885591389,0.022675287242241302,0.17817349936036894,0.00387641528719913,0.001494226567875855,-0.03609359855039939,-1.0832294441913903,0.44271490361538857,0.002802934203262755,-0.47030483312666643,-0.15731962438966912
38.87192249298096,-1.2026432036033605,-0.010444029885591389,0.022675287242241302,0.17639176436676526,0.003837651134327139,0.0014792843021970965,-0.03609359855039939,-1.0832294441913903,0.44271490361538857,0.0027749048612301275,-0.46560178479539976,-0.15574642814577244
38.892149686813354,-1.1990260285867254,-0.010359155933055204,0.022785466104078576,0.17641512440386137,0.0038822641633847466,0.001485140635456135,-0.035787045556568864,-1.0902259394273208,0.4504470241837826,0.002802922106261479,-0.4657649393475875,-0.1560253609245183
38.89793062210083,-1.1990260285867254,-0.010359155933055204,0.022785466104078576,0.17465097315982275,0.003843441521750899,0.0014702892291015737,-0.035787045556568864,-1.0902259394273208,0.4504470241837826,0.002774892885198864,-0.4611072899541116,-0.1544651073152731
38.91492986679077,-1.195798335416924,-0.01014233077777371,0.02281210941508247,0.17480182380655435,0.003935285874363218,0.0014006892874365486,-0.03549416739463709,-1.0971454257210558,0.4581267880296475,0.002806296498084874,-0.46219218435163617,-0.15505599721259022
38.91944122314453,-1.195798335416924,-0.01014233077777371,0.02281210941508247,0.1730538055684888,0.003895933015619586,0.001386682394562183,-0.03549416739463709,-1.0971454257210558,0.4581267880296475,0.002778233533104025,-0.45757026250811983,-0.1535054372404643
38.932841300964355,-1.1929663545292803,-0.009916046700834062,0.022836604037952922,0.17343491669395655,0.004023436674271187,0.0012980896353200159,-0.03521427857306696,-1.1040871959503726,0.4657998053806,0.0028149907024965677,-0.46022941270058576,-0.15467613127876098
38.93908405303955,-1.1929663545292803,-0.009916046700834062,0.022836604037952922,0.17170056752701698,0.003983202307528475,0.0012851087389668158,-0.03521427857306696,-1.1040871959503726,0.4657998053806,0.002786840795471602,-0.4556271185735799,-0.15312936996597337
38.955238580703735,-1.1902986427172442,-0.009634626701145624,0.022825014896880047,0.17163338703490694,0.004095081222829987,0.0011747713583016473,-0.03494971826939192,-1.1110097193942101,0.47337263725268586,0.0028033285978713357,-0.45701596689650664,-0.15383821641077572
38.960750341415405,-1.1902986427172442,-0.009634626701145624,0.022825014896880047,0.16991705316455788,0.004054130410601687,0.0011630236447186307,-0.03494971826939192,-1.1110097193942101,0.47337263725268586,0.002775295311892622,-0.4524458072275416,-0.15229983424666796
38.96951961517334,-1.1875948756747323,-0.00933801062357598,0.02279917217689118,0.17129823468243974,0.004298629986676297,0.0009499069090037564,-0.03469427307085359,-1.1180062992278708,0.4808681451978157,0.0028170308163739284,-0.4588340782363256,-0.15498495832698284
38.97692108154297,-1.1875948756747323,-0.00933801062357598,0.02279917217689118,0.16958525233561533,0.004255643686809534,0.0009404078399137189,-0.03469427307085359,-1.1180062992278708,0.4808681451978157,0.002788860508210189,-0.45424573745396235,-0.153435108743713
38.9895498752594,-1.1845545120034973,-0.008987926708909261,0.022731870679640723,0.1702947660331572,0.004430039091189363,0.0007430485175805538,-0.03444573232038562,-1.1250290005331685,0.48814886315996997,0.0028041477292163573,-0.4571399741709115,-0.1548828515415783
38.9943528175354,-1.1845545120034973,-0.008987926708909261,0.022731870679640723,0.16859181837282564,0.004385738700277469,0.0007356180324047482,-0.03444573232038562,-1.1250290005331685,0.48814886315996997,0.0027761062519241937,-0.4525685744292024,-0.1533340230261625
39.012136459350586,-1.1809382409585403,-0.008681026412124086,0.022687093231733915,0.16893793700115134,0.004487519067377179,0.0006173510391491077,-0.03419819928406988,-1.1321672151125648,0.4952390833509926,0.0027775157280930155,-0.45325716779146963,-0.15400000654316576
39.01755976676941,-1.1809382409585403,-0.008681026412124086,0.022687093231733915,0.16724855763113983,0.004442643876703407,0.0006111775287576167,-0.03419819928406988,-1.1321672151125648,0.4952390833509926,0.002749740570812085,-0.4487245961135549,-0.1524600064777341
39.034881591796875,-1.1765239902854239,-0.008354811341385621,0.022624374280501184,0.1681228990464372,0.00455652474985581,0.0004770292079721749,-0.033949459064042856,-1.1393431057537318,0.5020002392366645,0.002753510109378285,-0.44943353969708094,-0.15326275304917897
39.03893566131592,-1.1765239902854239,-0.008354811341385621,0.022624374280501184,0.16644167005597282,0.004510959502357252,0.00047225891589245316,-0.033949459064042856,-1.1393431057537318,0.5020002392366645,0.002725975008284502,-0.44493920430011014,-0.15173012551868717
39.050917863845825,-1.171044424920961,-0.008035333703043598,0.022569612906028824,0.16934800152217738,0.00470427870295663,0.0002901230124893242,-0.03369943637662551,-1.1465292740156088,0.5084139749892246,0.0027465447873488828,-0.4477561835505271,-0.1536568224449528
39.07470083236694,-1.1643486203279716,-0.0077200043039410094,0.022531033774496164,0.17046863018783054,0.0047855559159480894,0.00020378339787643278,-0.03344717031581805,-1.1536815528091373,0.5144234536457296,0.002745443246678129,-0.44678932326588183,-0.1538849540563604
39.08043193817139,-1.1643486203279716,-0.0077200043039410094,0.022531033774496164,0.16876394388595223,0.004737700356788608,0.00020174556389766844,-0.03344717031581805,-1.1536815528091373,0.5144234536457296,0.002717988814211348,-0.442321430033223,-0.1523461045157968
39.090779304504395,-1.1562726934335592,-0.007411692894518535,0.022513458063415037,0.1748779707330789,0.005006099998268057,2.6565261632106402e-05,-0.033202222272503724,-1.16076341687756,0.5199881591756869,0.0027483267503309906,-0.44557899661317923,-0.15492411955490618
39.109233140945435,-1.1467394663452768,-0.007041781135619466,0.022473695037795786,0.1782931286789764,0.005162590520322061,-9.81767088309092e-05,-0.032966818539399374,-1.1677496657316295,0.5251213283789659,0.0027505632348694617,-0.4452171727443196,-0.15568237554371975
39.11402130126953,-1.1467394663452768,-0.007041781135619466,0.022473695037795786,0.17651019739218662,0.00511096461511884,-9.719494174260011e-05,-0.032966818539399374,-1.1677496657316295,0.5251213283789659,0.002723057602520767,-0.4407650010168764,-0.15412555178828255
39.13348078727722,-1.135769001901408,-0.006673099304236455,0.022452983475369066,0.18038060204475412,0.005268954540277002,-0.00020682380501626586,-0.032739263419142996,-1.1746593770506766,0.5297991192145984,0.0027223285947521256,-0.4400346878559982,-0.15479269648315472
39.140064001083374,-1.135769001901408,-0.006673099304236455,0.022452983475369066,0.17857679602430657,0.0052162649948742324,-0.0002047555669661032,-0.032739263419142996,-1.1746593770506766,0.5297991192145984,0.0026951053088046044,-0.4356343409774382,-0.15324476951832317
