Time (seconds),Orientation X,Orientation Y,Orientation Z,Angular Velocity X,Angular Velocity Y,Angular Velocity Z,Position X,Position Y,Position Z,Linear Velocity X,Linear Velocity Y,Linear Velocity Z
0.011378049850463867,0.14499621893123635,-0.0022019346567461197,-0.05406167172167279,0.0,0.0,0.0,0.0038546055683264246,0.03364987579395261,-1.7337363416809517,0.0,0.0,0.0
0.015203714370727539,0.14499621893123635,-0.0022019346567461197,-0.05406167172167279,0.0,0.0,0.0,0.0038546055683264246,0.03364987579395261,-1.7337363416809517,0.0,0.0,0.0
0.029970645904541016,0.1452476801539023,-0.0009027464413353696,-0.054189940212898684,0.00019411372693631923,0.0008779655066992731,-2.2924571360703788e-05,0.003785323931545249,0.033679521049826695,-1.736237023484071,-4.691674544744366e-05,2.007543395606971e-05,-0.0016934336001986296
0.03606128692626953,0.1452476801539023,-0.0009027464413353696,-0.054189940212898684,0.00019217258966695605,0.0008691858516322804,-2.269532564709675e-05,0.003785323931545249,0.033679521049826695,-1.736237023484071,-4.644757799296922e-05,1.9874679616509015e-05,-0.0016764992641966432
0.051105499267578125,0.1453776307730761,0.0016808981369917765,-0.054967184245917025,0.00032395683143637534,0.0026060855424339933,-0.000412901802947545,0.0037272926296404844,0.03369915272592679,-1.7387170263657086,-8.455694083496698e-05,3.272525415050542e-05,-0.003308210659266919
0.05938887596130371,0.1453776307730761,0.0016808981369917765,-0.054967184245917025,0.0003207172631220116,0.0025800246870096534,-0.00040877278491806957,0.0037272926296404844,0.03369915272592679,-1.7387170263657086,-8.37113714266173e-05,3.2398001609000365e-05,-0.0032751285526742497
0.07156944274902344,0.14571227413356214,0.0040385717743551845,-0.05547766692646457,0.0006455389664831838,0.00450491563149734,-0.0006825388475932121,0.003676926719855738,0.03372025662153909,-1.7411732956708652,-0.00012422365520962076,4.939989483025242e-05,-0.005258924894170092
0.07634258270263672,0.14571227413356214,0.0040385717743551845,-0.05547766692646457,0.000639083576818352,0.004459866475182366,-0.00067571345911728,0.003676926719855738,0.03372025662153909,-1.7411732956708652,-0.00012298141865752456,4.89058958819499e-05,-0.005206335645228391
0.0959014892578125,0.1461280729845432,0.00580785712171677,-0.055880291129033706,0.0008701832600522142,0.005325304836901641,-0.0008090639829802398,0.003634171639087854,0.03373203338570941,-1.7436053729314878,-0.00014361125222133434,5.4438014097375797e-05,-0.006397735083468465
0.1002206802368164,0.1461280729845432,0.00580785712171677,-0.055880291129033706,0.0008614814274516921,0.005272051788532624,-0.0008009733431504374,0.003634171639087854,0.03373203338570941,-1.7436053729314878,-0.000142175139699121,5.389363395640204e-05,-0.00633375773263378
0.1118783950805664,0.1465674415183816,0.007129764803876603,-0.05619478878098543,0.0012609403212628587,0.006357867041406711,-0.0009807714072887868,0.0035997273089541128,0.03374083405993055,-1.7460106717723944,-0.0001702997707582145,6.0903925179098015e-05,-0.008333688019674719
0.14529824256896973,0.14699297651157164,0.008395943249776786,-0.05642069032175654,0.0013861401523563904,0.006673002082367887,-0.0010112636054506277,0.0035757698195941594,0.033740760528055136,-1.7483902404672285,-0.00017576541419068144,6.02728834704016e-05,-0.008962373746900024
0.1499316692352295,0.14699297651157164,0.008395943249776786,-0.05642069032175654,0.0013722787508328265,0.006606272061544208,-0.0010011509693961214,0.0035757698195941594,0.033740760528055136,-1.7483902404672285,-0.00017400776004877463,5.967015463569759e-05,-0.008872750009431024
0.1585402488708496,0.1472547558365724,0.01104619708881972,-0.056178312389158984,0.0017506749513465831,0.009576947388863038,-0.0004867796581352941,0.0035743028853828696,0.033732887965193824,-1.750747079663064,-0.00017397171990089986,4.992843359188775e-05,-0.011521801905700211
0.16359186172485352,0.1472547558365724,0.01104619708881972,-0.056178312389158984,0.0017331682018331173,0.009481177914974407,-0.00048191186155394116,0.0035743028853828696,0.033732887965193824,-1.750747079663064,-0.00017223200270189085,4.942914925596887e-05,-0.011406583886643208
0.19117236137390137,0.14828240280496857,0.016432534979907442,-0.056720382134966114,0.002142817587952192,0.0113353311172062,-0.00053224725489399,0.0036469801546084356,0.033708939496903505,-1.7554099352078205,-0.00014415872089014768,4.0251741578040936e-05,-0.012983152954355603
0.19520044326782227,0.14828240280496857,0.016432534979907442,-0.056720382134966114,0.0021213894120726703,0.011221977806034138,-0.0005269247823450502,0.0036469801546084356,0.033708939496903505,-1.7554099352078205,-0.0001427171336812462,3.984922416226053e-05,-0.012853321424812046
0.21080899238586426,0.1488443910358782,0.017679742616457043,-0.05688408901196886,0.002482253752233758,0.011903186462069032,-0.0005706179305721376,0.003702351686857861,0.03368997504468421,-1.7577083130952558,-0.00010581483148462746,2.7300690250607268e-05,-0.014197300402474543
0.21658802032470703,0.1488443910358782,0.017679742616457043,-0.05688408901196886,0.0024574312147114205,0.011784154597448342,-0.0005649117512664162,0.003702351686857861,0.03368997504468421,-1.7577083130952558,-0.00010475668316978119,2.7027683348101196e-05,-0.014055327398449797
0.23188018798828125,0.14936596769978433,0.018098719032457015,-0.057029949512542435,0.0027809199047056955,0.011936703178317706,-0.0006374777813894263,0.0037643502194971775,0.033664262476912045,-1.7599837330078805,-6.316644508095587e-05,9.94319917800184e-06,-0.015402738396557819
0.24005508422851562,0.14936596769978433,0.018098719032457015,-0.057029949512542435,0.0027531107056586387,0.011817336146534529,-0.000631103003575532,0.0037643502194971775,0.033664262476912045,-1.7599837330078805,-6.253478063014631e-05,9.843767186221822e-06,-0.01524871101259224
0.2589256763458252,0.149607909771042,0.017913820265006906,-0.056567891331439704,0.002852748121082231,0.01157971790088726,-0.00038948382330737983,0.0038309073639807307,0.033634136196878994,-1.7622605925724235,-2.6639132840781852e-05,-6.2193417825291254e-06,-0.016302788884841476
0.26401305198669434,0.149607909771042,0.017913820265006906,-0.056567891331439704,0.0028242206398714086,0.011463920721878388,-0.000385588985074306,0.0038309073639807307,0.033634136196878994,-1.7622605925724235,-2.6372741512374033e-05,-6.157148364703834e-06,-0.016139760995993062
0.2713942527770996,0.150074652119617,0.017401622608245626,-0.05633368757260229,0.003410448606560279,0.010617016665914516,-0.00012386041111061625,0.00389555295480523,0.03360713685477092,-1.7645182834259907,6.147238716815277e-05,-4.267409963736347e-05,-0.019037067406796174
0.2909088134765625,0.1506311176196466,0.016584205340586116,-0.05622181491364277,0.003649800125343279,0.01008157317376897,-9.968621126423203e-05,0.003957822116534809,0.03357387328692566,-1.76676242157285,9.276674015890507e-05,-5.929287063459472e-05,-0.01999667811402621
0.29592227935791016,0.1506311176196466,0.016584205340586116,-0.05622181491364277,0.003613302124089846,0.00998075744203128,-9.868934915158971e-05,0.003957822116534809,0.03357387328692566,-1.76676242157285,9.183907275731601e-05,-5.869994192824877e-05,-0.019796711332885946
0.3365609645843506,0.15120297767945268,0.015452313907124633,-0.0562161018949189,0.0037098922564219603,0.009599630360565825,-0.00011855488123729476,0.004015955513263823,0.033539891753139504,-1.7689899846385817,0.00010522562236063491,-6.647481091017317e-05,-0.0201468827858812
0.3502061367034912,0.15120297767945268,0.015452313907124633,-0.0562161018949189,0.0036727933338577406,0.009503634056960166,-0.00011736933242492181,0.004015955513263823,0.033539891753139504,-1.7689899846385817,0.00010417336613702855,-6.581006280107144e-05,-0.019945413958022386
0.3733189105987549,0.1519217141669847,0.013093634155988233,-0.05636142414204674,0.003917475735485748,0.008388670493839036,-0.00025851363875236533,0.004117533624680105,0.033452298082662896,-1.773401488001591,0.0001470805379063032,-0.00010305034290119936,-0.021654646063978978
0.3821382522583008,0.1519217141669847,0.013093634155988233,-0.05636142414204674,0.0038783009781308904,0.008304783788900646,-0.00025592850236484167,0.004117533624680105,0.033452298082662896,-1.773401488001591,0.00014560973252724017,-0.00010201983947218736,-0.021438099603339186
0.3909924030303955,0.15186437201025213,0.012911835592610842,-0.056204696476555654,0.0037698543415833168,0.00800566880162406,-9.206576801433126e-05,0.0041703925734337165,0.03340640108092003,-1.7756161652142033,0.0002038532609641639,-0.00015283634786533455,-0.023725005596445713
0.41014838218688965,0.152084357980141,0.012457150249607103,-0.05619461474912471,0.003840226247565155,0.007685707200147921,-0.0001047609580316385,0.004206896671794391,0.033362142220777685,-1.7778130209282055,0.00022087097082714938,-0.00017441244685282474,-0.024634580610635618
0.41446995735168457,0.152084357980141,0.012457150249607103,-0.05619461474912471,0.003801823985089503,0.007608850128146442,-0.0001037133484513221,0.004206896671794391,0.033362142220777685,-1.7778130209282055,0.00021866226111887788,-0.00017266832238429648,-0.02438823480452926
0.4406728744506836,0.15242990554993044,0.011748169215193529,-0.05627981012095612,0.003887782482799302,0.007262188733985177,-0.0001565701337579092,0.004228087434799095,0.03331488319534818,-1.7799984659612833,0.0002245628155668853,-0.0001889774270274891,-0.02497839891963952
0.4461820125579834,0.15242990554993044,0.011748169215193529,-0.05627981012095612,0.003848904657971309,0.007189566846645325,-0.0001550044324203301,0.004228087434799095,0.03331488319534818,-1.7799984659612833,0.00022231718741121643,-0.00018708765275721423,-0.024728614930443125
0.4557633399963379,0.1528048453343124,0.01060375064265211,-0.057409660812274124,0.004162436183915837,0.006007441598905455,-0.0014216431524061073,0.004231004940418058,0.03326698554800199,-1.7821709931624252,0.0002231390065759069,-0.00023520739355731236,-0.026748788290397493
0.4624500274658203,0.1528048453343124,0.01060375064265211,-0.057409660812274124,0.004120811822076679,0.005947367182916401,-0.0014074267208820461,0.004231004940418058,0.03326698554800199,-1.7821709931624252,0.00022090761651014784,-0.00023285531962173922,-0.026481300407493517
0.4761393070220947,0.1533952717048031,0.00943087862314322,-0.05818262336143676,0.004483749537180621,0.00506578666757791,-0.002023936159526582,0.004218582091029126,0.03321914232605786,-1.7843312063108647,0.00020962366585083864,-0.00026547617464488997,-0.027794520154929878
0.4808511734008789,0.1533952717048031,0.00943087862314322,-0.05818262336143676,0.004438912041808815,0.005015128800902131,-0.002003696797931316,0.004218582091029126,0.03321914232605786,-1.7843312063108647,0.00020752742919233024,-0.0002628214128984411,-0.027516574953380578
0.4946446418762207,0.1540878936180867,0.008378328983512815,-0.058770661253681335,0.00487267762372692,0.004223535625456624,-0.002469735003933008,0.004190136511531309,0.033168323987002264,-1.7864778368894987,0.0001848296555278463,-0.0002970355195725554,-0.028797675187613964
0.5004527568817139,0.1540878936180867,0.008378328983512815,-0.058770661253681335,0.00482395084748965,0.004181300269202057,-0.0024450376538936777,0.004190136511531309,0.033168323987002264,-1.7864778368894987,0.00018298135897256782,-0.00029406516437682984,-0.028509698435737824
0.5189633369445801,0.15480740106095425,0.0075243852228084,-0.05920672992611999,0.005149935745938047,0.0036870688942933186,-0.0026928669942157127,0.004146779647414477,0.033114657083125235,-1.7886094393295613,0.00015772879797590922,-0.00032011706925736517,-0.029376160415401666
0.5248148441314697,0.15480740106095425,0.0075243852228084,-0.05920672992611999,0.005098436388478666,0.0036501982053503855,-0.0026659383242735556,0.004146779647414477,0.033114657083125235,-1.7886094393295613,0.00015615150999615012,-0.0003169158985647915,-0.029082398811247648
0.5497584342956543,0.15548726453725578,0.006681126401645331,-0.05953927505530471,0.005309507324479021,0.003279487443686443,-0.0027995871504678423,0.004087962551029895,0.033055913238402984,-1.7907232923074496,0.00013100995048500566,-0.0003372974170620499,-0.02963902820253023
0.5549399852752686,0.15548726453725578,0.006681126401645331,-0.05953927505530471,0.005256412251234231,0.0032466925692495783,-0.0027715912789631637,0.004087962551029895,0.033055913238402984,-1.7907232923074496,0.0001296998509801556,-0.0003339244428914294,-0.029342637920504927
0.5585272312164307,0.15571199845166536,0.005745040875220692,-0.05953561440227888,0.00575204968978821,0.0005974996197565981,-0.0029390063500865865,0.004013799562697927,0.03299032409877614,-1.7928439411157167,-7.833788833300115e-05,-0.0005134250168151834,-0.0349608463805326
0.5723578929901123,0.15618610546793524,0.00500997980842481,-0.05957148023586861,0.0060212269349286945,5.440047286581987e-05,-0.0029782094394246055,0.003935492592010105,0.0329274231535093,-1.7949445765697372,-0.000134172892553242,-0.0005537701126798699,-0.03613006289299689
0.5759491920471191,0.15618610546793524,0.00500997980842481,-0.05957148023586861,0.005961014665579407,5.385646813716167e-05,-0.0029484273450303593,0.003935492592010105,0.0329274231535093,-1.7949445765697372,-0.00013283116362770958,-0.0005482324115530712,-0.03576876226406692
0.5952529907226562,0.15675663027869727,0.004346541844319382,-0.05962251057614834,0.006186499433628907,-0.00029544687810146165,-0.002973228548871505,0.0038463756121037123,0.03285481928281272,-1.7970288775876817,-0.0001776683665641298,-0.000580361270561093,-0.03649081083893741
0.5981271266937256,0.15675663027869727,0.004346541844319382,-0.05962251057614834,0.006124634439292617,-0.00029249240932044705,-0.0029434962633827903,0.0038463756121037123,0.03285481928281272,-1.7970288775876817,-0.0001758916828984885,-0.0005745576578554821,-0.03612590273054804
0.616034746170044,0.1573512725060084,0.003764250446585046,-0.059688589670274045,0.006385523830419288,-0.0006201579137922045,-0.002977460252442968,0.003746716744948699,0.032780154025913576,-1.7990917070781802,-0.0002297844216604691,-0.0006105067671607111,-0.036916572072742744
0.6202802658081055,0.1573512725060084,0.003764250446585046,-0.059688589670274045,0.006321668592115095,-0.0006139563346542825,-0.002947685649918538,0.003746716744948699,0.032780154025913576,-1.7990917070781802,-0.0002274865774438644,-0.000604401699489104,-0.03654740635201532
0.6345722675323486,0.1579155762238294,0.003341989368544561,-0.05976156164143012,0.006644215380328308,-0.0009095819276527233,-0.0029935949686967544,0.003637192295386071,0.032695662888990396,-1.8011319083069337,-0.00030184509842367174,-0.0006574754593832683,-0.037609444870789877
0.6390879154205322,0.1579155762238294,0.003341989368544561,-0.05976156164143012,0.006577773226525025,-0.0009004861083761961,-0.002963659019009787,0.003637192295386071,0.032695662888990396,-1.8011319083069337,-0.00029882664743943505,-0.0006509007047894356,-0.03723335042208198
0.6522531509399414,0.15791825632202416,0.003958956791376389,-0.058779927133488924,0.006528126440437719,-0.00048388728722856316,-0.0021546013120983306,0.0035264934486977577,0.03260179064196815,-1.8031771132364762,-0.000379922593909893,-0.0007156948255008975,-0.038414505973584714
0.6554930210113525,0.15791825632202416,0.003958956791376389,-0.058779927133488924,0.006462845176033342,-0.0004790484143562775,-0.0021330552989773472,0.0035264934486977577,0.03260179064196815,-1.8031771132364762,-0.00037612336797079404,-0.0007085378772458885,-0.038030360913848864
0.6756000518798828,0.15821589819713935,0.004332263228760153,-0.058245936024906374,0.006551740226329733,-0.000314730827099121,-0.00183315836949887,0.003416319828260073,0.03251216020539701,-1.8051985178375405,-0.00042715571428708567,-0.0007460291628040256,-0.038655379579431694
0.6806845664978027,0.15821589819713935,0.004332263228760153,-0.058245936024906374,0.006486222824066436,-0.0003115835188281298,-0.0018148267858038812,0.003416319828260073,0.03251216020539701,-1.8051985178375405,-0.0004228841571442148,-0.0007385688711759854,-0.03826882578363738
0.70353102684021,0.1586443989877672,0.0045862677822165855,-0.05794811648605068,0.006612136631579529,-0.00021353625069222724,-0.001658789671199974,0.003302152952675793,0.03241144013516794,-1.807202156650841,-0.0004686266782579434,-0.0007752688170524931,-0.03876313938222483
0.7105896472930908,0.1586443989877672,0.0045862677822165855,-0.05794811648605068,0.006546015265263734,-0.00021140088818530497,-0.0016422017744879742,0.003302152952675793,0.03241144013516794,-1.807202156650841,-0.00046394041147536396,-0.0007675161288819681,-0.03837550798840258
0.7199990749359131,0.15912969519792486,0.004863427669190966,-0.05782329671742026,0.007004672225307605,5.8519954155502425e-05,-0.00147235727452215,0.003184726354373197,0.032309811516016994,-1.8091838746664026,-0.0005840977567061155,-0.0008678481950343095,-0.04009785127155063
0.7233474254608154,0.15912969519792486,0.004863427669190966,-0.05782329671742026,0.006934625503054529,5.79347546139474e-05,-0.0014576337017769283,0.003184726354373197,0.032309811516016994,-1.8091838746664026,-0.0005782567791390544,-0.0008591697130839665,-0.03969687275883513
0.7375686168670654,0.15960877797283862,0.005174084576614963,-0.05782432497075059,0.007208298822220383,0.0002651427997094963,-0.001427782763494899,0.003064301338248242,0.03219806833546438,-1.8111440526803648,-0.0006571541883515807,-0.0009291531348447145,-0.04067825409909041
0.743074893951416,0.15960877797283862,0.005174084576614963,-0.05782432497075059,0.007136215833998179,0.0002624913717124013,-0.0014135049358599502,0.003064301338248242,0.03219806833546438,-1.8111440526803648,-0.0006505826464680649,-0.0009198616034962674,-0.04027147155809951
0.7539799213409424,0.15941830726778677,0.003894038854786609,-0.05772748922738612,0.00685638370994788,-0.0009103799064126965,-0.0014036279603766772,0.0029285911034355565,0.03207774300108218,-1.8131056193726638,-0.000768524223907227,-0.0010210023108615973,-0.04166752966741112
0.7584700584411621,0.15941830726778677,0.003894038854786609,-0.05772748922738612,0.006787819872848401,-0.0009012761073485696,-0.0013895916807729104,0.0029285911034355565,0.03207774300108218,-1.8131056193726638,-0.0007608389816681548,-0.0010107922877529813,-0.04125085437073701
0.7726156711578369,0.15958622836100733,0.0029458903864055864,-0.05780416695414145,0.006819201112186508,-0.0015584257780032699,-0.0014833619176822408,0.0027905260829207607,0.03196498542508792,-1.8150456105506365,-0.0008508333067568835,-0.0010803964128812235,-0.0422097895508394
0.7769215106964111,0.15958622836100733,0.0029458903864055864,-0.05780416695414145,0.006751009101064642,-0.0015428415202232372,-0.0014685282985054185,0.0027905260829207607,0.03196498542508792,-1.8150456105506365,-0.0008423249736893147,-0.0010695924487524114,-0.04178769165533101
0.79081130027771,0.15993083161250118,0.0024507864268800967,-0.05795586562750471,0.006921163226653859,-0.0018805909660102324,-0.001591706034728454,0.0026528614508414183,0.03184205984876946,-1.8169704757512413,-0.0009330138316438827,-0.0011473971999583195,-0.042755627813438224
0.7961094379425049,0.15993083161250118,0.0024507864268800967,-0.05795586562750471,0.00685195159438732,-0.00186178505635013,-0.0015757889743811696,0.0026528614508414183,0.03184205984876946,-1.8169704757512413,-0.0009236836933274439,-0.0011359232279587364,-0.042328071535303845
0.8166179656982422,0.16035425823823754,0.0020702754040552475,-0.05817391394908787,0.0069844396124567245,-0.0020252813894362513,-0.0016812666308944446,0.002517104016566756,0.03172018658594383,-1.8188752430344588,-0.000980642458483005,-0.0011839896474261577,-0.04283355923565762
0.8208703994750977,0.16035425823823754,0.0020702754040552475,-0.05817391394908787,0.006914595216332157,-0.0020050285755418887,-0.0016644539645855002,0.002517104016566756,0.03172018658594383,-1.8188752430344588,-0.0009708360338981748,-0.001172149750951896,-0.04240522364330104
0.8378541469573975,0.16078713047924836,0.0017892936048735722,-0.05843240714460044,0.007095450251834556,-0.002144822562310235,-0.0018132461759866212,0.0023843412304105816,0.03158913960268535,-1.8207602797462046,-0.0010392981634905452,-0.0012375884817106433,-0.04309107763557894
0.842475175857544,0.16078713047924836,0.0017892936048735722,-0.05843240714460044,0.007024495749316211,-0.0021233743366871325,-0.001795113714226755,0.0023843412304105816,0.03158913960268535,-1.8207602797462046,-0.0010289051818556398,-0.0012252125968935368,-0.04266016685922315
0.8551645278930664,0.16094358766327327,0.0012560723519079984,-0.05934710737236338,0.007065706605554689,-0.0024660682889128998,-0.0025288966042066475,0.0022513526209436497,0.03145635399273806,-1.8226501688729553,-0.0011234194400048777,-0.001317603804623258,-0.04372291556995696
0.8581719398498535,0.16094358766327327,0.0012560723519079984,-0.05934710737236338,0.006995049539499141,-0.0024414076060237707,-0.0025036076381645808,0.0022513526209436497,0.03145635399273806,-1.8226501688729553,-0.001112185245604829,-0.0013044277665770255,-0.04328568641425739
0.8726296424865723,0.16133945588863022,0.0009301727022017132,-0.059947906048214275,0.007192473476543784,-0.0026160359835696485,-0.002911033935000525,0.002121717846987699,0.03132391673885791,-1.8245197698002913,-0.0011907282432382495,-0.0013829867382019064,-0.044145981701818174
0.8761298656463623,0.16133945588863022,0.0009301727022017132,-0.059947906048214275,0.007120548741778346,-0.0025898756237339522,-0.0028819235956505196,0.002121717846987699,0.03132391673885791,-1.8245197698002913,-0.001178820960805867,-0.0013691568708198874,-0.04370452188479999
0.8928525447845459,0.16184069676994778,0.000725486231157892,-0.06040779373391031,0.007345554750807361,-0.00267259492396185,-0.0031373903561240763,0.001995256767230915,0.031185464424956483,-1.826373853728801,-0.0012426552508653587,-0.00143825844354397,-0.044376200880050086
0.8973417282104492,0.16184069676994778,0.000725486231157892,-0.06040779373391031,0.007272099203299288,-0.0026458689747222318,-0.0031060164525628354,0.001995256767230915,0.031185464424956483,-1.826373853728801,-0.001230228698356705,-0.0014238758591085302,-0.043932438871249584
0.9147734642028809,0.1623687412298017,0.0006353246257321636,-0.06074814788720003,0.0075008036708141615,-0.0026642345966936837,-0.003274131417685223,0.001872746552941782,0.031044425382468117,-1.8282095243006753,-0.001288206396305404,-0.0014905464503088834,-0.04454617688129719
0.9189803600311279,0.1623687412298017,0.0006353246257321636,-0.06074814788720003,0.00742579563410602,-0.002637592250726747,-0.0032413901035083705,0.001872746552941782,0.031044425382468117,-1.8282095243006753,-0.0012753243323423498,-0.0014756409858057945,-0.044100715112484215
0.9391448497772217,0.16287078881749262,0.0009043727415125444,-0.06097309955663299,0.007604553987822561,-0.0024769623975965656,-0.0033097285916293935,0.0017560364697688444,0.030896738180994296,-1.8300273951257262,-0.0013204501053702062,-0.001534125805125098,-0.0445612288269707
0.9452073574066162,0.16287078881749262,0.0009043727415125444,-0.06097309955663299,0.007528508447944335,-0.0024521927736206,-0.0032766313057130997,0.0017560364697688444,0.030896738180994296,-1.8300273951257262,-0.001307245604316504,-0.001518784547073847,-0.044115616538701
0.9526495933532715,0.1634048506242601,0.0015432429540812676,-0.061420026403041256,0.008197245349552944,-0.0015465794825728868,-0.003773528805275688,0.0016463460517278593,0.03074980692056469,-1.8318505303819075,-0.001441562210951851,-0.0017010256214637306,-0.046124174772654736
0.9572043418884277,0.1634048506242601,0.0015432429540812676,-0.061420026403041256,0.008115272896057416,-0.0015311136877471578,-0.003735793517222931,0.0016463460517278593,0.03074980692056469,-1.8318505303819075,-0.0014271465888423325,-0.0016840153652490932,-0.04566293302492819
0.9703576564788818,0.16402584263601183,0.0019557127760357904,-0.061685882145413234,0.008515744567947335,-0.0012017767427050165,-0.0038752598937710236,0.0015586767535094453,0.030597937681183622,-1.8336554903848479,-0.001479526990523502,-0.0017826360244104973,-0.046578550964010035
0.9750244617462158,0.16402584263601183,0.0019557127760357904,-0.061685882145413234,0.008430587122267862,-0.0011897589752779664,-0.0038365072948333134,0.0015586767535094453,0.030597937681183622,-1.8336554903848479,-0.001464731720618267,-0.0017648096641663922,-0.04611276545436994
0.9918422698974609,0.16465678681928222,0.002286050920916347,-0.061872510539443634,0.00872734034792371,-0.0009848869201711477,-0.003893550374532251,0.0014869054734438602,0.03044142917189345,-1.8354446537309848,-0.00149276016675778,-0.001840222748793219,-0.04671548829095246
0.995894193649292,0.16465678681928222,0.002286050920916347,-0.061872510539443634,0.008640066944444474,-0.0009750380509694363,-0.0038546148707869284,0.0014869054734438602,0.03044142917189345,-1.8354446537309848,-0.0014778325650902022,-0.0018218205213052867,-0.046248333408042935
1.0164134502410889,0.16522936767148658,0.002538319439825028,-0.0619955508352716,0.008836368756454901,-0.0008466468413899197,-0.0038664605903176706,0.0014275057350739463,0.030279227350554095,-1.8372151369312677,-0.001492002529112553,-0.0018826509018018153,-0.04664868991046552
1.0215773582458496,0.16522936767148658,0.002538319439825028,-0.0619955508352716,0.008748005068890351,-0.0008381803729760205,-0.0038277959844144937,0.0014275057350739463,0.030279227350554095,-1.8372151369312677,-0.0014770825038214273,-0.001863824392783797,-0.04618220301136087
1.0388259887695312,0.16569616726575725,0.0027269249846919703,-0.06207210353143161,0.00893438954707349,-0.0007257107521297908,-0.0038254954387871103,0.0013770707857922615,0.03011092948658579,-1.8389651373960212,-0.0014915516519001743,-0.0019427578741806092,-0.04673495455121898
1.043759822845459,0.16569616726575725,0.0027269249846919703,-0.06207210353143161,0.008845045651602755,-0.0007184536446084929,-0.0037872404843992393,0.0013770707857922615,0.03011092948658579,-1.8389651373960212,-0.0014766361353811726,-0.0019233302954388032,-0.04626760500570679
1.0547361373901367,0.16588311582000542,0.005064483956092522,-0.061174134420229884,0.00899268108475818,0.001334395796750854,-0.0027596443272151746,0.0013497398413778966,0.029935335037650748,-1.840715042744346,-0.0014867697022347,-0.002064072773262478,-0.047399184788244515
1.0591018199920654,0.16588311582000542,0.005064483956092522,-0.061174134420229884,0.008902754273910598,0.0013210518387833455,-0.002732047883943023,0.0013497398413778966,0.029935335037650748,-1.840715042744346,-0.001471902005212353,-0.0020434320455298533,-0.04692519294036207
1.092043161392212,0.16661465635950604,0.00768087123937925,-0.0602834170225158,0.00906026184920912,0.002068835830124039,-0.002370858102088994,0.001301895321069237,0.029584175728555623,-1.844168721758323,-0.0014717071418202394,-0.00212959912446188,-0.04750437403377446
1.0977075099945068,0.16661465635950604,0.00768087123937925,-0.0602834170225158,0.008969659230717028,0.002048147471822799,-0.002347149521068104,0.001301895321069237,0.029584175728555623,-1.844168721758323,-0.001456990070402037,-0.002108303133217261,-0.047029330293436714
1.1148502826690674,0.16697851885880494,0.008369794310590024,-0.0600819681332405,0.009104511335493379,0.002411330002388328,-0.002174519525511535,0.0012796783972445762,0.029404648450135115,-1.8458721154549222,-0.001455380105786786,-0.002191944863642515,-0.04755268820955347
1.1201956272125244,0.16697851885880494,0.008369794310590024,-0.0600819681332405,0.009013466222138444,0.0023872167023644445,-0.0021527743302564195,0.0012796783972445762,0.029404648450135115,-1.8458721154549222,-0.0014408263047289182,-0.0021700254150060897,-0.047077161327457935
1.1336350440979004,0.16727463493315295,0.008777272882641565,-0.05999428471265337,0.009152850757623045,0.0026529625902315685,-0.0020423736123408405,0.001256640100175729,0.0292184538355214,-1.8475582076123722,-0.0014435603755085645,-0.002286868831464477,-0.04786097700158619
1.1374897956848145,0.16727463493315295,0.008777272882641565,-0.05999428471265337,0.009061322250046815,0.002626432964329253,-0.002021949876217432,0.001256640100175729,0.0292184538355214,-1.8475582076123722,-0.001429124771753479,-0.0022640001431498322,-0.04738236723157033
1.156348466873169,0.16755724844635386,0.009348547881034558,-0.06052642142896288,0.009128853041053115,0.0029206147597549974,-0.0022582475476045235,0.0012348761825745895,0.029032596427784736,-1.8492385802663711,-0.001426374060155254,-0.0023399129007544185,-0.04779957805326317
1.1605305671691895,0.16755724844635386,0.009348547881034558,-0.06052642142896288,0.009037564510642583,0.0028914086121574474,-0.002235665072128478,0.0012348761825745895,0.029032596427784736,-1.8492385802663711,-0.0014121103195537015,-0.0023165137717468744,-0.047321582272730534
1.1725835800170898,0.16795426860447182,0.009488201659164091,-0.060900710517587706,0.009278983167528475,0.0029938683713626782,-0.0025148089018210106,0.0012159986780766398,0.02884412593256296,-1.8508992730344627,-0.0014136512792267345,-0.002449716587503053,-0.048226190226554534
1.1948347091674805,0.16837753883816176,0.009337620756669517,-0.06120847285946684,0.009373805586438383,0.002902487263357382,-0.0026342074277191083,0.001198384597918578,0.028652226638423376,-1.8525419919766575,-0.0014074308052291784,-0.002511461918735732,-0.04848219150684122
1.2089684009552002,0.16837753883816176,0.009337620756669517,-0.06120847285946684,0.009280067530574,0.002873462390723808,-0.0026078653534419172,0.001198384597918578,0.028652226638423376,-1.8525419919766575,-0.0013933564971768866,-0.0024863472995483747,-0.04799736959177281
1.2138774394989014,0.16877628802314792,0.009164681547160507,-0.06144640168612969,0.009986755517842186,0.002510485615242605,-0.003098888146545671,0.0011822767323486276,0.02845653773330658,-1.8541658035616153,-0.0014122356009722403,-0.002860113626206607,-0.05082519551996144
1.2179346084594727,0.16877628802314792,0.009164681547160507,-0.06144640168612969,0.009886887962663763,0.002485380759090179,-0.0030678992650802145,0.0011822767323486276,0.02845653773330658,-1.8541658035616153,-0.0013981132449625178,-0.002831512489944541,-0.050316943564761824
1.2370567321777344,0.1691026277957637,0.008884095616821965,-0.06163854474579307,0.009953751502861447,0.002317862704502079,-0.0031506345649153712,0.0011659433650289157,0.02825615298389532,-1.8557699508933214,-0.0013926737198993741,-0.002907989464690331,-0.050652670140530626
1.24208402633667,0.1691026277957637,0.008884095616821965,-0.06163854474579307,0.009854213987832833,0.002294684077457058,-0.0031191282192662177,0.0011659433650289157,0.02825615298389532,-1.8557699508933214,-0.0013787469827003804,-0.0028789095700434276,-0.05014614343912532
1.2543067932128906,0.16912358681033807,0.008754001841329743,-0.0617621944765874,0.009769237958038423,0.002173892290569735,-0.003197688700276844,0.0011498882682728342,0.02805292543697732,-1.857384981909232,-0.0013780949157806484,-0.003016390148776021,-0.05096601213584593
1.2607667446136475,0.16912358681033807,0.008754001841329743,-0.0617621944765874,0.009671545578458039,0.0021521533676640376,-0.0031657118132740756,0.0011498882682728342,0.02805292543697732,-1.857384981909232,-0.001364313966622842,-0.002986226247288261,-0.05045635201448747
1.2733063697814941,0.1693565120315039,0.008433706324688263,-0.061873808804847774,0.009752299172400015,0.0018784234475116876,-0.003245291145367205,0.0011298645028298428,0.027853946333421684,-1.8589816058753452,-0.0013666392192928812,-0.0031150442490914146,-0.05122505140670389
1.2781164646148682,0.1693565120315039,0.008433706324688263,-0.061873808804847774,0.009654776180676014,0.0018596392130365708,-0.0032128382339135326,0.0011298645028298428,0.027853946333421684,-1.8589816058753452,-0.0013529728270999524,-0.0030838938066005002,-0.050712800892636856
1.2933030128479004,0.16967816986380552,0.008328291730807494,-0.06194747335924812,0.009767618013126825,0.0017696216272421747,-0.003236100215580028,0.0011078645430385669,0.027649260701688865,-1.8605675059378228,-0.0013539295768973687,-0.0031878357473701527,-0.051249952359298044
1.29789137840271,0.16967816986380552,0.008328291730807494,-0.06194747335924812,0.009669941832995556,0.001751925410969753,-0.0032037392134242277,0.0011078645430385669,0.027649260701688865,-1.8605675059378228,-0.001340390281128395,-0.003155957389896451,-0.05073745283570506
1.3156466484069824,0.1700048557596427,0.008077624815321663,-0.06202011308501334,0.009752624619154705,0.0015918192843686323,-0.0032254359111812407,0.0010823231148253535,0.027444894769176876,-1.8621388675033317,-0.001341371644329437,-0.0032394993787801495,-0.05111508966742913
1.3202662467956543,0.1700048557596427,0.008077624815321663,-0.06202011308501334,0.009655098372963158,0.001575901091524946,-0.003193181552069428,0.0010823231148253535,0.027444894769176876,-1.8621388675033317,-0.0013279579278861428,-0.003207104384992348,-0.050603938770754836
1.334542989730835,0.17028496770616722,0.007743236549121783,-0.062092342968076794,0.009747210585213814,0.0013254707419024542,-0.0032325687299303817,0.0010520247648738044,0.027235019191647378,-1.8636975118946828,-0.0013359005209816876,-0.003322038563889921,-0.05118963606166347
1.3409228324890137,0.17028496770616722,0.007743236549121783,-0.062092342968076794,0.009649738479361675,0.0013122160344834297,-0.0032002430426310777,0.0010520247648738044,0.027235019191647378,-1.8636975118946828,-0.0013225415157718707,-0.003288818178251022,-0.05067773970104683
1.357837200164795,0.1703042553743724,0.006648681884994151,-0.06318999830522136,0.009543115709342326,0.0007103230164543457,-0.003869013567865104,0.0010112772856397875,0.02702641547032463,-1.8652751513793915,-0.0013334065543722082,-0.003379259301661182,-0.05110368383105367
1.3622558116912842,0.1703042553743724,0.006648681884994151,-0.06318999830522136,0.009447684552248902,0.0007032197862898022,-0.003830323432186453,0.0010112772856397875,0.02702641547032463,-1.8652751513793915,-0.001320072488828486,-0.00334546670864457,-0.05059264699274313
1.3714208602905273,0.17052512054711821,0.005686567425901755,-0.06386622123316889,0.00955965430774832,-0.00029264781204088694,-0.004616586057087033,0.0009632099840234948,0.026822435758484472,-1.8668381157411644,-0.001359318077885838,-0.003534574649526187,-0.05179207357670131
1.3945021629333496,0.17081910752340074,0.004816300929371403,-0.06432510170446777,0.009579075386529778,-0.0006518018637078651,-0.004800896754098092,0.0009070472206671641,0.026614331305890148,-1.8683932373038055,-0.0013700574766955047,-0.0035893903882012776,-0.051947910984790464
1.3995778560638428,0.17081910752340074,0.004816300929371403,-0.06432510170446777,0.00948328463266448,-0.0006452838450707864,-0.004752887786557111,0.0009070472206671641,0.026614331305890148,-1.8683932373038055,-0.0013563569019285496,-0.0035534964843192646,-0.05142843187494256
1.4200284481048584,0.1711177860747894,0.004051380798159876,-0.06461667285143471,0.009522274665524041,-0.001003302202096162,-0.004879696450703773,0.0008433760307572182,0.026406922556414667,-1.8699365131088652,-0.0013739274877455872,-0.0036193809546980465,-0.05166878380435874
1.425100326538086,0.1711177860747894,0.004051380798159876,-0.06461667285143471,0.009427051918868801,-0.0009932691800752004,-0.004830899486196735,0.0008433760307572182,0.026406922556414667,-1.8699365131088652,-0.0013601882128681313,-0.003583187145151066,-0.051152095966315154
1.4483845233917236,0.17137647850164808,0.0036050572455665285,-0.06476652151159218,0.009437597881114245,-0.0011720267267613697,-0.004863408621313709,0.0007735502830487704,0.02619455014240137,-1.8714683303716675,-0.0013765748023828422,-0.0036385640945784765,-0.0512984535121599
1.453916072845459,0.17137647850164808,0.0036050572455665285,-0.06476652151159218,0.009343221902303103,-0.001160306459493756,-0.004814774535100572,0.0007735502830487704,0.02619455014240137,-1.8714683303716675,-0.0013628090543590138,-0.003602178453632692,-0.0507854689770383
1.480194091796875,0.1711649628041859,0.0028969726797253774,-0.06484615007037482,0.009160629517238113,-0.0014114766099614696,-0.004819503388585954,0.0006100464723287151,0.025771539359815864,-1.874546265617994,-0.001411401716080786,-0.003727131810855562,-0.05144891081917819
1.4853274822235107,0.1711649628041859,0.0028969726797253774,-0.06484615007037482,0.009069023222065733,-0.001397361843861855,-0.004771308354700095,0.0006100464723287151,0.025771539359815864,-1.874546265617994,-0.0013972876989199782,-0.003689860492747006,-0.05093442171098641
1.502610683441162,0.17158148054726355,0.01214151648115322,-0.06403066757104227,0.009393063439998104,0.0038875929547904494,-0.0037988020533716357,0.0005868042470027181,0.02555189601107169,-1.8760636241851718,-0.0013967626925152276,-0.0037800467640401823,-0.05130301587350267
1.5085983276367188,0.17158148054726355,0.01214151648115322,-0.06403066757104227,0.009299132805598123,0.003848717025242545,-0.0037608140328379194,0.0005868042470027181,0.02555189601107169,-1.8760636241851718,-0.0013827950655900753,-0.0037422462963997804,-0.050789985714767644
1.519721508026123,0.1723742166283471,0.03448116670889979,-0.06207385376590466,0.01058033996369017,0.023608774137606266,-0.0002651746634623835,0.0007173405138309006,0.025322845509454246,-1.8775636974459036,-0.0012516119500817476,-0.003910745605445911,-0.05163068689456862
1.5244760513305664,0.1723742166283471,0.03448116670889979,-0.06207385376590466,0.010474536564053269,0.0233726863962302,-0.00026252291682775966,0.0007173405138309006,0.025322845509454246,-1.8775636974459036,-0.0012390958305809302,-0.0038716381493914516,-0.051114380025622935
1.5428011417388916,0.1733505486452992,0.06613298761277928,-0.059132229049940054,0.011486293406862816,0.04016046335878477,0.002802060402265615,0.0010770031610310685,0.02506908076803814,-1.879046379293489,-0.0010304370017292974,-0.003971401161865939,-0.05141233556105779
1.5472691059112549,0.1733505486452992,0.06613298761277928,-0.059132229049940054,0.011371430472794188,0.039758858725196924,0.0027740397982429586,0.0010770031610310685,0.02506908076803814,-1.879046379293489,-0.0010201326317120045,-0.00393168715024728,-0.050898212205447206
1.5642426013946533,0.1736133378211767,0.08719357983558576,-0.057229137222401034,0.01184047782469599,0.05159817955590802,0.004918183341182384,0.0015875621903892556,0.024801331677285036,-1.8805304668268579,-0.0007091334939732133,-0.004050115683051766,-0.05126358594887747
1.569274663925171,0.1736133378211767,0.08719357983558576,-0.057229137222401034,0.01172207304644903,0.05108219776034894,0.00486900150777056,0.0015875621903892556,0.024801331677285036,-1.8805304668268579,-0.0007020421590334811,-0.004009614526221249,-0.050750950089388694
1.58079195022583,0.17394354028915132,0.10025391112715118,-0.05589498352083735,0.012293475925863717,0.06173952809391173,0.0069291865729051135,0.0021880516395223924,0.024537356106583013,-1.8819998307772339,-0.0001736407163785154,-0.004198717832818556,-0.05151923065919219
1.5859150886535645,0.17394354028915132,0.10025391112715118,-0.05589498352083735,0.01217054116660508,0.06112213281297261,0.0068598947071760626,0.0021880516395223924,0.024537356106583013,-1.8819998307772339,-0.00017190430921473025,-0.00415673065449037,-0.05100403835260027
1.6026639938354492,0.17422687637194514,0.106710036289039,-0.05506144940704563,0.012360551160384273,0.06429636392541832,0.0076071821025526995,0.002826148415699723,0.024266988130302494,-1.8834538655887088,0.00021079293468989857,-0.004276587616185365,-0.05136213519696157
1.608856439590454,0.17422687637194514,0.106710036289039,-0.05506144940704563,0.01223694564878043,0.06365340028616413,0.007531110281527173,0.002826148415699723,0.024266988130302494,-1.8834538655887088,0.00020868500534299957,-0.004233821740023512,-0.05084851384499195
1.6258530616760254,0.17442390538235025,0.10785760358379055,-0.05464986346033838,0.012263324109838911,0.06366421784733224,0.007747859324605098,0.003467039806123807,0.024001123748975343,-1.8848871429744432,0.0005836680149342969,-0.004347905416331703,-0.051183300609934604
1.6303966045379639,0.17442390538235025,0.10785760358379055,-0.05464986346033838,0.012140690868740521,0.06302757566885892,0.007670380731359047,0.003467039806123807,0.024001123748975343,-1.8848871429744432,0.000577831334784954,-0.004304426362168386,-0.05067146760383526
1.6455566883087158,0.1741953334853118,0.0963035631275908,-0.05558249491426785,0.011606730255289,0.054875994109948076,0.0063358855169785835,0.004018533250639324,0.02373499221729227,-1.8862925904103593,0.0009358329667560757,-0.0044369296322592225,-0.0510918239500743
1.6516444683074951,0.1741953334853118,0.0963035631275908,-0.05558249491426785,0.01149066295273611,0.0543272341688486,0.0062725266618087975,0.004018533250639324,0.02373499221729227,-1.8862925904103593,0.000926474637088515,-0.00439256033593663,-0.050580905710573554
1.662149429321289,0.17346074615738405,0.08466299550787375,-0.05657050698237925,0.010298311952449976,0.04286439190300829,0.004357532812076905,0.00448778415034586,0.023477514906562812,-1.8876866887446735,0.001363904456352255,-0.004593735414427837,-0.051402182334684125
1.6805057525634766,0.1730416694173252,0.07270434245682174,-0.05744340656965922,0.009749664967557326,0.036004445500541285,0.0032929877017785396,0.004875233803744569,0.023234560496946523,-1.8890610385624445,0.0015613369037682653,-0.0046801526753177496,-0.05163686699228024
1.6843371391296387,0.1730416694173252,0.07270434245682174,-0.05744340656965922,0.009652168317881753,0.03564440104553587,0.0032600578247607543,0.004875233803744569,0.023234560496946523,-1.8890610385624445,0.0015457235347305827,-0.004633351148564572,-0.05112049832235744
1.7030117511749268,0.17277997044958107,0.06094242854156426,-0.05823779815846592,0.009208546843388588,0.029065149543489342,0.00227063489416578,0.005204304834565688,0.02299448880147256,-1.8904169196915532,0.0017064793473561526,-0.004715572755060367,-0.0513353491874806
1.7070879936218262,0.17277997044958107,0.06094242854156426,-0.05823779815846592,0.009116461374954702,0.02877449804805445,0.0022479285452241225,0.005204304834565688,0.02299448880147256,-1.8904169196915532,0.001689414553882591,-0.004668417027509763,-0.0508219956956058
1.7220027446746826,0.17260406764289582,0.04976567163109213,-0.058962002106529715,0.008664083543072047,0.021079772985889658,0.0011049386219832231,0.005487773325055816,0.022760658718589483,-1.8917547109284925,0.001862579558165001,-0.004778510588257063,-0.05121073421432139
1.7262778282165527,0.17260406764289582,0.04976567163109213,-0.058962002106529715,0.008577442707641327,0.02086897525603076,0.0010938892357633908,0.005487773325055816,0.022760658718589483,-1.8917547109284925,0.001843953762583351,-0.004730725482374493,-0.050698626872178174
1.747520923614502,0.17239575263416723,0.03886972329508582,-0.05986682312849722,0.00822656073630108,0.015599114819665031,0.00022274854103614822,0.005727499523847595,0.022526379561531543,-1.8930768841244456,0.0019383632209729108,-0.004793703076660147,-0.050814041986675156
1.7523870468139648,0.17239575263416723,0.03886972329508582,-0.05986682312849722,0.00814429512893807,0.01544312367146838,0.00022052105562578674,0.005727499523847595,0.022526379561531543,-1.8930768841244456,0.0019189795887631816,-0.004745766045893545,-0.050305901566808406
1.779388666152954,0.17067662237796885,0.01893268726715946,-0.06070292241144553,0.0071946941490514645,0.007990846918688118,-0.0007088621831510727,0.0060799565746808126,0.02206840344909715,-1.8957416030390437,0.0020303216126187767,-0.004867918995333511,-0.05078971629420888
1.7831413745880127,0.17067662237796885,0.01893268726715946,-0.06070292241144553,0.00712274720756095,0.007910938449501236,-0.0007017735613195621,0.0060799565746808126,0.02206840344909715,-1.8957416030390437,0.002010018396492589,-0.004819239805380175,-0.05028181913126679
1.8047657012939453,0.1703454305520932,0.011301256347538528,-0.06105405063994174,0.006788877901194444,0.004340396604802757,-0.0011544296887259682,0.006193840479865147,0.021845015374754955,-1.8970692917569971,0.002042582929784774,-0.00487435146732326,-0.05039298015697601
1.8097167015075684,0.1703454305520932,0.011301256347538528,-0.06105405063994174,0.0067209891221824995,0.00429699263875473,-0.0011428853918387086,0.006193840479865147,0.021845015374754955,-1.8970692917569971,0.002022157100486926,-0.004825607952650027,-0.04988905035540625
1.8233141899108887,0.17018882143665637,0.005120666207771158,-0.06136255153519641,0.006398356358789063,-0.0002438383898187525,-0.0017420978713501307,0.006262295899659119,0.021632845842324437,-1.8983921013443146,0.002052279694348016,-0.004933387698371011,-0.050362993619443006
1.8282620906829834,0.17018882143665637,0.005120666207771158,-0.06136255153519641,0.006334372795201172,-0.00024140000592056497,-0.0017246768926366294,0.006262295899659119,0.021632845842324437,-1.8983921013443146,0.0020317568974045357,-0.004884053821387301,-0.04985936368324857
1.8435795307159424,0.17012533178871778,0.00028371158210211767,-0.061633733061620406,0.006132598988839805,-0.0033633000922716223,-0.0021513322890748567,0.006278724391607997,0.02141901670178258,-1.8997099548355747,0.0020221646793465234,-0.004974811767046553,-0.050221131496126
1.849196195602417,0.17012533178871778,0.00028371158210211767,-0.061633733061620406,0.006071272998951407,-0.003329667091348906,-0.002129818966184108,0.006278724391607997,0.02141901670178258,-1.8997099548355747,0.0020019430325530583,-0.004925063649376087,-0.049718920181164736
1.8604342937469482,0.16964818635934376,-0.0028427642136676133,-0.06258444665725553,0.005502220654776813,-0.005978439623362071,-0.0031856654936258566,0.006240815541461116,0.02120825122241723,-1.9010409786152584,0.0019481911595496458,-0.005063358518051198,-0.05040611623971092
1.879786729812622,0.16952873190896722,-0.005085309458739892,-0.0631705723093525,0.0053504473507805655,-0.007043598462677003,-0.0035532795857038525,0.006143037103008897,0.021010429104039875,-1.9023678782454208,0.0018781841160687366,-0.005114945716706908,-0.05058770500048595
1.8849225044250488,0.16952873190896722,-0.005085309458739892,-0.0631705723093525,0.0052969428772727594,-0.006973162478050233,-0.003517746789846814,0.006143037103008897,0.021010429104039875,-1.9023678782454208,0.0018594022749080492,-0.005063796259539839,-0.050081827950481085
1.899301290512085,0.16959569586539,-0.006527605733468146,-0.06355567068746482,0.0052602398549311475,-0.007879885394226498,-0.0038339297448196545,0.005984718725285493,0.02081319786739158,-1.903689393773231,0.0017307027281146664,-0.00515032650812335,-0.05050008275531809
1.903822660446167,0.16959569586539,-0.006527605733468146,-0.06355567068746482,0.005207637456381836,-0.007801086540284234,-0.003795590447371458,0.005984718725285493,0.02081319786739158,-1.903689393773231,0.0017133957008335196,-0.0050988232430421165,-0.0499950819277649
1.923877477645874,0.16976188321174251,-0.007299873923923727,-0.0637861334269229,0.005226823394302897,-0.008098982530687929,-0.0039044713945256115,0.005769576648870395,0.020622345758888785,-1.9049981104428173,0.001588984736873338,-0.0051430002303203964,-0.050147700841012825
1.9277234077453613,0.16976188321174251,-0.007299873923923727,-0.0637861334269229,0.005174555160359868,-0.008017992705381049,-0.0038654266805803555,0.005769576648870395,0.020622345758888785,-1.9049981104428173,0.0015730948895046047,-0.005091570228017192,-0.0496462238326027
1.9584157466888428,0.16941271930094015,-0.00838565953975121,-0.06476169442290694,0.004999686456313865,-0.00825911872848715,-0.00417328265571928,0.005188706311987371,0.02023297162695138,-1.907585106555684,0.0013681081338257645,-0.005167518148823687,-0.04999264167507809
1.9625864028930664,0.16941271930094015,-0.00838565953975121,-0.06476169442290694,0.004949689591750726,-0.008176527541202279,-0.004131549829162087,0.005188706311987371,0.02023297162695138,-1.907585106555684,0.0013544270524875068,-0.00511584296733545,-0.049492715258327304
1.9776034355163574,0.16935653265429282,-0.008145378758369695,-0.06493532533533906,0.004868628425039206,-0.007924658873834095,-0.004191861185790899,0.004853297893059983,0.020047705681650034,-1.9088662568018717,0.0011175307873700524,-0.005188055079598592,-0.049850919532122354
1.98260498046875,0.16935653265429282,-0.008145378758369695,-0.06493532533533906,0.004819942140788814,-0.007845412285095754,-0.00414994257393299,0.004853297893059983,0.020047705681650034,-1.9088662568018717,0.001106355479496352,-0.005136174528802606,-0.04935241033680113
2.0040249824523926,0.1694896804684329,-0.007718448060877825,-0.064980891680752,0.004840393209203924,-0.007568968011285946,-0.004112627178000218,0.0044946828927641385,0.019857637316063492,-1.9101324726142404,0.0009278713051469637,-0.0051735468395299284,-0.049450023345995284
2.007066488265991,0.1694896804684329,-0.007718448060877825,-0.064980891680752,0.004791989277111885,-0.007493278331173086,-0.004071500906220216,0.0044946828927641385,0.019857637316063492,-1.9101324726142404,0.000918592592095494,-0.0051218113711346295,-0.04895552311253533
2.0184714794158936,0.1697265361141595,-0.0069000194580215455,-0.06491805779523586,0.0049743891160984105,-0.006716101958440912,-0.0039148353562319495,0.0041217022609439475,0.01967077208464433,-1.9113781990282475,0.0005823738549098109,-0.005234438392384885,-0.0495582321345197
2.0212624073028564,0.1697265361141595,-0.0069000194580215455,-0.06491805779523586,0.004924645224937426,-0.006648940938856503,-0.0038756870026696298,0.0041217022609439475,0.01967077208464433,-1.9113781990282475,0.0005765501163607127,-0.0051820940084610365,-0.04906264981317451
2.0416817665100098,0.1700208600988418,-0.004819697205034124,-0.0647007123797317,0.0050516850841974496,-0.005582947322293283,-0.0036444842546572,0.0037484651492966795,0.019477801169345912,-1.9126062850033854,0.0003879987070494515,-0.005224776971922438,-0.049173455496473645
2.046804666519165,0.1700208600988418,-0.004819697205034124,-0.0647007123797317,0.005001168233355475,-0.00552711784907035,-0.003608039412110628,0.0037484651492966795,0.019477801169345912,-1.9126062850033854,0.000384118719978957,-0.005172529202203214,-0.04868172094150891
2.058448553085327,0.16977624476115993,-0.0025341714779093917,-0.06476546255237813,0.004804578642810592,-0.003508276693343059,-0.0034609394150631966,0.0033776243704692318,0.019279203714992945,-1.9138398310547,6.179213984762249e-05,-0.0052913633305469755,-0.04925429747000554
2.0796070098876953,0.1698762873668007,-0.0003482333020018393,-0.06467871150956662,0.004836977078089497,-0.002450743594554299,-0.0032980777279380267,0.003012639174387384,0.019089275480940925,-1.9150609193598174,-0.00011132663995041187,-0.005328214388412538,-0.049338870452543294
2.084684133529663,0.1698762873668007,-0.0003482333020018393,-0.06467871150956662,0.004788607307308602,-0.002426236158608756,-0.0032650969506586463,0.003012639174387384,0.019089275480940925,-1.9150609193598174,-0.00011021337355090776,-0.005274932244528413,-0.04884548174801786
2.1066958904266357,0.17013467772672977,0.0020009182844797644,-0.06450105847182135,0.004892309017694817,-0.0013512411778869532,-0.003061930815881884,0.0026509395562090603,0.018893169220081312,-1.9162727467111949,-0.00027343234324720577,-0.005311274520621809,-0.04890756333571856
2.1101503372192383,0.17013467772672977,0.0020009182844797644,-0.06450105847182135,0.0048433859275178685,-0.0013377287661080837,-0.003031311507723065,0.0026509395562090603,0.018893169220081312,-1.9162727467111949,-0.0002706980198147337,-0.005258161775415591,-0.048418487702361374
2.1216042041778564,0.1704337773114721,0.003848079235082871,-0.06431539949198414,0.005107771922412786,0.0002573181229987135,-0.0027036662830468073,0.002288105822941403,0.018700180809504707,-1.9174690653931652,-0.0005847694120025627,-0.005374072083815158,-0.048978769891606766
2.1244759559631348,0.1704337773114721,0.003848079235082871,-0.06431539949198414,0.005056694203188657,0.00025474494176872637,-0.002676629620216339,0.002288105822941403,0.018700180809504707,-1.9174690653931652,-0.000578921717882537,-0.005320331362977006,-0.0484889821926907
2.147437572479248,0.1705536961316494,0.0068200848255914595,-0.06480838123319772,0.005100001339993709,0.001555966610349179,-0.002753798179322997,0.0019319104545867365,0.018497520282032495,-1.9186486438365344,-0.0007282589344653358,-0.00535538861555345,-0.04851780987952083
2.1535401344299316,0.1705536961316494,0.0068200848255914595,-0.06480838123319772,0.005049001326593772,0.001540406944245687,-0.002726260197529767,0.0019319104545867365,0.018497520282032495,-1.9186486438365344,-0.0007209763451206825,-0.005301834729397915,-0.04803263178072562
2.1804192066192627,0.16994852897442533,0.010305709943664074,-0.06500078706730894,0.004815635007017261,0.0028279348067090197,-0.0026588947575325625,0.001352942966238527,0.018086083742023557,-1.9210299562915651,-0.0009291637070873744,-0.005401885854558513,-0.048438240973734066
2.1860268115997314,0.16994852897442533,0.010305709943664074,-0.06500078706730894,0.004767478656947089,0.0027996554586419294,-0.002632305809957237,0.001352942966238527,0.018086083742023557,-1.9210299562915651,-0.0009198720700165007,-0.005347866996012928,-0.047953858563996726
2.203239917755127,0.16999387774809815,0.011276061440203171,-0.06493453153033492,0.00476470017390764,0.0033281693805305773,-0.002520156834724617,0.0011160995118458443,0.01787533568243676,-1.922206474208706,-0.0010482681867933841,-0.005416822974212299,-0.04815782120499156
2.207569122314453,0.16999387774809815,0.011276061440203171,-0.06493453153033492,0.004717053172168564,0.0032948876867252715,-0.0024949552663773708,0.0011160995118458443,0.01787533568243676,-1.922206474208706,-0.0010377855049254502,-0.005362654744470176,-0.047676242992941646
2.22560977935791,0.17012680449123155,0.011939492159964621,-0.0648056524607769,0.004755808991085031,0.0036192281323708824,-0.0023683381530860957,0.0009074255930089696,0.017666865335622565,-1.923371594780389,-0.0011430763410631148,-0.005424584047520289,-0.047845311016346925
2.2302513122558594,0.17012680449123155,0.011939492159964621,-0.0648056524607769,0.004708250901174181,0.0035830358510471737,-0.002344654771555235,0.0009074255930089696,0.017666865335622565,-1.923371594780389,-0.0011316455776524837,-0.005370338207045086,-0.04736685790618345
2.2433831691741943,0.17004091751597786,0.020163650806865663,-0.06466139288239639,0.004801478334834197,0.009768193527875061,-0.0016812088298721424,0.0007816573250094705,0.017438288134265373,-1.9245203424612423,-0.0012161025290807687,-0.005490697947028643,-0.047767968642794215
2.2478697299957275,0.17004091751597786,0.020163650806865663,-0.06466139288239639,0.0047534635514858556,0.00967051159259631,-0.001664396741573421,0.0007816573250094705,0.017438288134265373,-1.9245203424612423,-0.001203941503789961,-0.005435790967558357,-0.04729028895636627
2.2651097774505615,0.1698388385164977,0.025137534330063126,-0.06460273807306502,0.004683949072047516,0.012443824342947801,-0.0013686017291906633,0.000714616650884677,0.017209674611019316,-1.9256730330072278,-0.0012307886836413322,-0.0055140391448700535,-0.047485998232172456
2.26948881149292,0.1698388385164977,0.025137534330063126,-0.06460273807306502,0.004637109581327041,0.012319386099518322,-0.0013549157118987567,0.000714616650884677,0.017209674611019316,-1.9256730330072278,-0.0012184807968049188,-0.005458898753421353,-0.04701113824985073
2.283515453338623,0.16991226514965047,0.02814129022436402,-0.06446765410264742,0.004714665845727341,0.01431606123036723,-0.0010655578415221822,0.000682474141676978,0.0169795648169852,-1.926812783258735,-0.0012292113163694862,-0.005568361715431004,-0.047353587895176776
2.287355661392212,0.16991226514965047,0.02814129022436402,-0.06446765410264742,0.004667519187270068,0.014172900618063557,-0.0010549022631069604,0.000682474141676978,0.0169795648169852,-1.926812783258735,-0.0012169192032057913,-0.005512678098276694,-0.046880052016225006
2.3042526245117188,0.17012047696792693,0.029517755269634183,-0.06430651843842773,0.004771979412446248,0.01482934593402511,-0.0008826543718635549,0.0006768549387989667,0.01674693942239827,-1.927940974286859,-0.0012080755808860353,-0.005595224219188572,-0.04707894013344964
2.3098795413970947,0.17012047696792693,0.029517755269634183,-0.06430651843842773,0.004724259618321786,0.014681052474684859,-0.0008738278281449194,0.0006768549387989667,0.01674693942239827,-1.927940974286859,-0.001195994825077175,-0.005539271976996686,-0.04660815073211514
2.325256109237671,0.1703824167920849,0.02959619968242171,-0.06414263040884426,0.004850278423141932,0.014570583281612991,-0.0007575420630354215,0.0006879004492910316,0.016512279934024827,-1.92905504649515,-0.0011768515374709731,-0.005636487752702684,-0.04686659515271343
2.3306198120117188,0.1703824167920849,0.02959619968242171,-0.06414263040884426,0.0048017756389105125,0.014424877448796862,-0.0007499666424050673,0.0006879004492910316,0.016512279934024827,-1.92905504649515,-0.0011650830220962633,-0.0055801228751756575,-0.046397929201186294
2.3457634449005127,0.17078502348034577,0.02785855068042113,-0.06459271581156897,0.004977922822345411,0.013156583720544037,-0.0011397289678103306,0.0007022620512994839,0.016275432903968313,-1.930141289066595,-0.0011439486009074558,-0.005680722050340043,-0.046651243163324085
2.3511319160461426,0.17078502348034577,0.02785855068042113,-0.06459271581156897,0.004928143594121957,0.013025017883338597,-0.0011283316781322272,0.0007022620512994839,0.016275432903968313,-1.930141289066595,-0.0011325091148983813,-0.005623914829836643,-0.04618473073169085
2.3630237579345703,0.17091467797223053,0.0244365768308961,-0.06482534171810139,0.004890633849953003,0.01004644876662643,-0.0015576262215163837,0.0007260120387339905,0.016032963462072343,-1.931227638312094,-0.001101212359429156,-0.005771571296844029,-0.046636408222039016
2.3679850101470947,0.17091467797223053,0.0244365768308961,-0.06482534171810139,0.004841727511453473,0.009945984278960165,-0.0015420499593012198,0.0007260120387339905,0.016032963462072343,-1.931227638312094,-0.0010902002358348644,-0.005713855583875589,-0.04617004413981863
2.384674310684204,0.17121939284884408,0.02108802736325922,-0.06494113201133454,0.004908881549405212,0.007851440565008593,-0.0017687112054318417,0.0007491166239789056,0.0157959811654678,-1.9322944808179574,-0.001065454282860646,-0.00579871357011935,-0.0463475810969508
2.389575958251953,0.17121939284884408,0.02108802736325922,-0.06494113201133454,0.004859792733911159,0.007772926159358508,-0.0017510240933775233,0.0007491166239789056,0.0157959811654678,-1.9322944808179574,-0.0010547997400320395,-0.005740726434418157,-0.04588410528598129
2.413597345352173,0.17157037844524706,0.017842804467475225,-0.06496622418305212,0.004912613621146043,0.006348020160894786,-0.0018607598997188069,0.0007718376112580621,0.01555284179545666,-1.9333452390817214,-0.001034793093476963,-0.005784537042712527,-0.04586269037316081
2.4180748462677,0.17157037844524706,0.017842804467475225,-0.06496622418305212,0.004863487484934583,0.006284539959285838,-0.0018421523007216187,0.0007718376112580621,0.01555284179545666,-1.9333452390817214,-0.0010244451625421934,-0.005726691672285402,-0.045404063469429205
2.422104597091675,0.17189947798811678,0.014798823835626645,-0.06492644837519732,0.00538341415963506,-0.0013242387736147002,-0.0023791316856316335,0.0007922434911980383,0.01531067196590038,-1.9343765702440594,-0.0009635626421345198,-0.006270379603975294,-0.04750931547437456
2.4260690212249756,0.17189947798811678,0.014798823835626645,-0.06492644837519732,0.005329580018038709,-0.0013109963858785533,-0.002355340368775317,0.0007922434911980383,0.01531067196590038,-1.9343765702440594,-0.0009539270157131746,-0.006207675807935541,-0.04703422231963081
2.452202796936035,0.1723997567412361,0.006619686561377727,-0.066656451109765,0.0053616630233523565,-0.0043592440062498565,-0.0032601319987909513,0.0007656791126378907,0.015071152446228274,-1.9353855310079675,-0.0009545525142652599,-0.006237250375833833,-0.046949955486023584
2.4569897651672363,0.1723997567412361,0.006619686561377727,-0.066656451109765,0.005308046393118833,-0.004315651566187358,-0.0032275306788030417,0.0007656791126378907,0.015071152446228274,-1.9353855310079675,-0.0009450069891226074,-0.006174877872075495,-0.046480455931163345
2.463705539703369,0.1729810013709078,0.0005535113212119348,-0.06759694770984102,0.0058167705675667945,-0.013161876364524313,-0.00536929156576318,0.0007763416874053855,0.014829099327104845,-1.9363609990200212,-0.0009196800092634735,-0.00647355381848676,-0.047468153993560386
2.484762668609619,0.17355632403989105,-0.004037227029368613,-0.06809363999435089,0.005958646227246919,-0.015186716854774386,-0.0057389689555125785,0.0008238199108380204,0.014581551627006056,-1.9373067157081403,-0.0008879358696717,-0.006526378324314024,-0.047442591938208614
2.4889144897460938,0.17355632403989105,-0.004037227029368613,-0.06809363999435089,0.00589905976497445,-0.015034849686226643,-0.005681579265957452,0.0008238199108380204,0.014581551627006056,-1.9373067157081403,-0.0008790565109749829,-0.006461114541070884,-0.04696816601882653
2.505861520767212,0.17405581812971652,-0.007319827153549137,-0.0682437430761792,0.006069492653628739,-0.016812641014150757,-0.005880601444147866,0.0009086002674040188,0.014329189371640546,-1.9382231636465177,-0.0008202392736650399,-0.00654541576565055,-0.04703925633057565
2.510680675506592,0.17405581812971652,-0.007319827153549137,-0.0682437430761792,0.006008797727092451,-0.016644514604009248,-0.005821795429706387,0.0009086002674040188,0.014329189371640546,-1.9382231636465177,-0.0008120368809283895,-0.006479961607994044,-0.046568863767269895
2.5265541076660156,0.17443051324985936,-0.009472744424785823,-0.06813605422312811,0.006138380109819933,-0.01784044041790642,-0.005813504677669249,0.0010240134660879257,0.014070237956087132,-1.939112973234575,-0.0007312081038021382,-0.00657829710532414,-0.04666374046866228
2.531414270401001,0.17443051324985936,-0.009472744424785823,-0.06813605422312811,0.006076996308721734,-0.017662036013727355,-0.005755369630892557,0.0010240134660879257,0.014070237956087132,-1.939112973234575,-0.0007238960227641168,-0.006512514134270899,-0.046197103063975654
2.5475707054138184,0.17507527370053935,-0.01087638632711687,-0.06845268338670213,0.006387044179294908,-0.018345763778474137,-0.005967350568073723,0.001161364797720048,0.01380854169942078,-1.9399562108047705,-0.0006316436721919118,-0.006609365478742505,-0.04625705259905876
2.551948070526123,0.17507527370053935,-0.01087638632711687,-0.06845268338670213,0.0063231737375019584,-0.018162306140689394,-0.005907677062392986,0.001161364797720048,0.01380854169942078,-1.9399562108047705,-0.0006253272354699927,-0.006543271823955079,-0.045794482073068174
2.566554546356201,0.1752438828102763,-0.013700684100459562,-0.0678639526643502,0.0063070063799751525,-0.019942014917104272,-0.005616241545142235,0.0013083463329914425,0.013533185836517463,-1.9407789391607617,-0.0005184463120779869,-0.006666355395412387,-0.045899799989744
2.570164918899536,0.1752438828102763,-0.013700684100459562,-0.0678639526643502,0.006243936316175401,-0.01974259476793323,-0.005560079129690813,0.0013083463329914425,0.013533185836517463,-1.9407789391607617,-0.000513261848957207,-0.006599691841458264,-0.04544080198984656
2.584909677505493,0.17545618400394047,-0.015127592092661818,-0.06725468437151379,0.006289396871601883,-0.020548186662420514,-0.005177397954598751,0.001478838075272145,0.013260766111750132,-1.9415722721544184,-0.0003925005200648603,-0.006718451915034903,-0.045524438040290605
2.5976743698120117,0.17545618400394047,-0.015127592092661818,-0.06725468437151379,0.006226502902885864,-0.020342704795796307,-0.0051256239750527635,0.001478838075272145,0.013260766111750132,-1.9415722721544184,-0.0003885755148642117,-0.006651267395884554,-0.0450691936598877
2.6057515144348145,0.1756148669351593,-0.01556662062080194,-0.06659110359306113,0.006334761351961233,-0.02075802531566806,-0.004303596174760894,0.0016582177631600976,0.012977216817544872,-1.9423465607005705,-0.0001626067139551376,-0.006935806123685641,-0.0455771183908253
2.613375425338745,0.1756148669351593,-0.01556662062080194,-0.06659110359306113,0.00627141373844162,-0.02055044506251138,-0.004260560213013285,0.0016582177631600976,0.012977216817544872,-1.9423465607005705,-0.00016098064681558625,-0.006866448062448785,-0.04512134720691705
2.632369041442871,0.17568072861510778,-0.015226566561216463,-0.06591196371131358,0.0062457444910748346,-0.02019936431244443,-0.003846335255582329,0.0018373346037616055,0.012694028803948551,-1.9431032277385931,-6.506713344951197e-05,-0.006946880000349258,-0.04506851339771692
2.640842914581299,0.17568072861510778,-0.015226566561216463,-0.06591196371131358,0.006183287046164086,-0.019997370669319985,-0.0038078719030265056,0.0018373346037616055,0.012694028803948551,-1.9431032277385931,-6.441646211501685e-05,-0.006877411200345765,-0.04461782826373975
2.6528232097625732,0.17635934206536152,-0.014401387765541543,-0.06566977499889477,0.006707876408870373,-0.01914919369779297,-0.0035050429035832233,0.0020055343762827643,0.01241517954732015,-1.943851102272778,7.662472109050041e-05,-0.007041393671055105,-0.044795903826995775
2.657348155975342,0.17635934206536152,-0.014401387765541543,-0.06566977499889477,0.006640797644781669,-0.01895770176081504,-0.003469992474547391,0.0020055343762827643,0.01241517954732015,-1.943851102272778,7.585847387959541e-05,-0.0069709797343445535,-0.044347944788725814
2.6662538051605225,0.17692320751129292,-0.013200440172487674,-0.06521700116069659,0.007246045611626938,-0.017493169268465735,-0.002807446138722228,0.002192823144614591,0.012127713584412704,-1.9445677070759768,0.0002854032195745677,-0.007224060512881639,-0.04470912852518143
2.6711061000823975,0.17692320751129292,-0.013200440172487674,-0.06521700116069659,0.007173585155510668,-0.01731823757578108,-0.002779371677335006,0.002192823144614591,0.012127713584412704,-1.9445677070759768,0.00028254918737882203,-0.007151819907752823,-0.044262037239929615
2.689060926437378,0.17737810569870555,-0.011693464628201512,-0.0646740763967217,0.007379432844317583,-0.01634567028670083,-0.002375459412910842,0.0023894748504315094,0.011837582471474801,-1.945264192763512,0.0003892495143177395,-0.007241891192862884,-0.04420732687777774
2.693325996398926,0.17737810569870555,-0.011693464628201512,-0.0646740763967217,0.007305638515874407,-0.016182213583833822,-0.002351704818781734,0.0023894748504315094,0.011837582471474801,-1.945264192763512,0.0003853570191745621,-0.007169472280934255,-0.04376525360899996
2.7098753452301025,0.17769273801802865,-0.010003480402527506,-0.06408880483360925,0.007452427231165074,-0.015042692801630432,-0.0018852338021751206,0.0025889743443470547,0.011541159643640104,-1.9459437178022003,0.0005020516928748752,-0.0072768920543256795,-0.04373820637564445
2.714388608932495,0.17769273801802865,-0.010003480402527506,-0.06408880483360925,0.007377902958853423,-0.014892265873614127,-0.0018663814641533695,0.0025889743443470547,0.011541159643640104,-1.9459437178022003,0.0004970311759461265,-0.007204123133782422,-0.043300824311888
2.729353189468384,0.17785028735957328,-0.008231566461946976,-0.06349924209549868,0.007444135342263289,-0.013604551244358916,-0.001350494003201364,0.0027842156296740412,0.011241008015067264,-1.9466095429674217,0.0006225297970503367,-0.0073326566047244275,-0.04331275013399374
2.7345144748687744,0.17785028735957328,-0.008231566461946976,-0.06349924209549868,0.007369693988840656,-0.013468505731915327,-0.0013369890631693502,0.0027842156296740412,0.011241008015067264,-1.9466095429674217,0.0006163044990798333,-0.0072593300386771835,-0.0428796226326538
2.749053478240967,0.1775350651016191,-0.009282593887064327,-0.0643065063567858,0.007059966575041107,-0.013996338459140105,-0.0019405761910541212,0.002947195045332591,0.010935065284901534,-1.94727192266356,0.000722239519882367,-0.007397165694343124,-0.04290641450902014
2.7540435791015625,0.1775350651016191,-0.009282593887064327,-0.0643065063567858,0.006989366909290696,-0.013856375074548703,-0.0019211704291435799,0.002947195045332591,0.010935065284901534,-1.94727192266356,0.0007150171246835434,-0.007323194037399693,-0.04247735036392994
2.7640037536621094,0.17744127102798044,-0.009424072242712087,-0.06454716387407194,0.006822433931990973,-0.013834608028268152,-0.0021551509133888413,0.00310174689590742,0.01063582244608172,-1.9479344360584612,0.0008630367746434793,-0.007550401448766719,-0.042717739293814116
2.7862613201141357,0.17743385440105502,-0.009089764340753518,-0.06451325002203383,0.006755571176069484,-0.013548191251405581,-0.0021051506385470074,0.003245876876959171,0.010331358023779042,-1.948596628366912,0.0009191619053754638,-0.007611688858875678,-0.042588075247574575
2.792123317718506,0.17743385440105502,-0.009089764340753518,-0.06451325002203383,0.006688015464308789,-0.013412709338891526,-0.002084099132161537,0.003245876876959171,0.010331358023779042,-1.948596628366912,0.0009099702863217091,-0.007535571970286922,-0.04216219449509883
2.8033785820007324,0.17745343735358543,-0.008397068931005653,-0.0642860062244864,0.006656857480462238,-0.012685193368671733,-0.0018078771329632839,0.003378324102829057,0.010028994036293025,-1.949256328117422,0.0010185463861307016,-0.00772885853201274,-0.04232669805903677
2.811131000518799,0.17745343735358543,-0.008397068931005653,-0.0642860062244864,0.0065902889056576154,-0.012558341434985016,-0.001789798361633651,0.003378324102829057,0.010028994036293025,-1.949256328117422,0.0010083609222693946,-0.007651569946692613,-0.0419034310784464
2.82511043548584,0.17745999335765703,-0.007288554061227405,-0.06391877836262491,0.006552704606504957,-0.011667861381606108,-0.0014403627651428778,0.0034962990519004375,0.009722330060585316,-1.949914189947696,0.0010826690995169887,-0.007794422180501047,-0.04195498934298774
2.83164644241333,0.17745999335765703,-0.007288554061227405,-0.06391877836262491,0.006487177560439907,-0.011551182767790047,-0.001425959137491449,0.0034962990519004375,0.009722330060585316,-1.949914189947696,0.0010718424085218187,-0.007716477958696036,-0.041535439449557864
2.8458969593048096,0.17715111513152856,-0.0028181528384730132,-0.06365442703062181,0.006304174403599448,-0.008326653973309261,-0.0009498552805801454,0.0036183703027819728,0.009407038503157427,-1.950560171011218,0.00114678491295669,-0.007860562387000197,-0.04157338865691845
2.850149393081665,0.17715111513152856,-0.0028181528384730132,-0.06365442703062181,0.006241132659563453,-0.008243387433576168,-0.0009403567277743439,0.0036183703027819728,0.009407038503157427,-1.950560171011218,0.0011353170638271231,-0.007781956763130195,-0.041157654770349265
2.8647894859313965,0.17710854068337428,0.0003981202024496165,-0.06323514083983066,0.006218358912902517,-0.006001363913695443,-0.0004519930142889716,0.003726781830011777,0.00909545236302997,-1.9512045454462883,0.0011980150131800703,-0.007916967908613648,-0.04118622190321143
2.8687102794647217,0.17710854068337428,0.0003981202024496165,-0.06323514083983066,0.006156175323773491,-0.0059413502745584885,-0.0004474730841460819,0.003726781830011777,0.00909545236302997,-1.9512045454462883,0.0011860348630482697,-0.007837798229527512,-0.040774359684179314
2.885218858718872,0.17720471477746988,0.0029551064340913647,-0.06274188614894592,0.006201241084755335,-0.004370383298120214,-9.162044772312002e-06,0.003812660576488607,0.0087782407865731,-1.9518493670708315,0.0012261951911548474,-0.007951569778438637,-0.04075721397866184
2.893134593963623,0.17720471477746988,0.0029551064340913647,-0.06274188614894592,0.006139228673907782,-0.0043266794651390115,-9.070424324588881e-06,0.003812660576488607,0.0087782407865731,-1.9518493670708315,0.001213933239243299,-0.00787205408065425,-0.04034964183887522
2.9070286750793457,0.1773625655215687,0.004660455002797375,-0.06223964526996688,0.006229767639121449,-0.0030987247332348042,0.00045861204097204006,0.0038679517701111685,0.008460859928108829,-1.9524932794103353,0.0012415886893644022,-0.00802176236203525,-0.04040958905100856
2.911891460418701,0.1773625655215687,0.004660455002797375,-0.06223964526996688,0.006167469962730234,-0.0030677374859024564,0.00045402592056231967,0.0038679517701111685,0.008460859928108829,-1.9524932794103353,0.0012291728024707582,-0.007941544738414899,-0.04000549316049847
2.925104856491089,0.1775440661805153,0.0060670623052298195,-0.061719326685217964,0.006276461354990744,-0.002017866642505803,0.000934698653964716,0.003890271147301289,0.008137786747453454,-1.9531361661774032,0.0012337725511473068,-0.008106633564485858,-0.04009197988975482
2.9301557540893555,0.1775440661805153,0.0060670623052298195,-0.061719326685217964,0.006213696741440836,-0.001997687976080745,0.0009253516674250688,0.003890271147301289,0.008137786747453454,-1.9531361661774032,0.0012214348256358338,-0.008025567228840999,-0.039691060090857266
2.947499990463257,0.17747412503938303,0.010647856742863195,-0.0608794806497381,0.006193763924902382,0.0006062275748830201,0.0016315126508172095,0.0039027346962441554,0.007803934122656076,-1.9537697306361599,0.0012164064662429693,-0.008137797762114075,-0.03965943767277701
2.9519078731536865,0.17747412503938303,0.010647856742863195,-0.0608794806497381,0.006131826285653358,0.0006001652991341899,0.0016151975243090374,0.0039027346962441554,0.007803934122656076,-1.9537697306361599,0.0012042424015805396,-0.008056419784492935,-0.039262843296049246
2.967446804046631,0.17760424343632408,0.016503069587563368,-0.059323446451789656,0.0062736036887579595,0.00424898936810117,0.002927423568842947,0.003906450037141349,0.00747154735193549,-1.9544238142646528,0.0011945909663160132,-0.008189761403599357,-0.0392911470578448
2.9718081951141357,0.17760424343632408,0.016503069587563368,-0.059323446451789656,0.00621086765187038,0.004206499474420158,0.0028981493331545175,0.003906450037141349,0.00747154735193549,-1.9544238142646528,0.0011826450566528532,-0.008107863789563364,-0.03889823558726635
2.9840152263641357,0.17792167242653303,0.020312590116987786,-0.058200212247894664,0.006508597373942979,0.007177808747603176,0.0040575927408539915,0.003882068705226795,0.007136404247352975,-1.9550774441174579,0.0011508454189819225,-0.008301334382941726,-0.039044706806811574
3.006356954574585,0.1783333537496905,0.022582259759288882,-0.05736154724656575,0.006660939757029386,0.008077389801794978,0.004478103164946828,0.0038237818588871017,0.006797681159273982,-1.9557314872955973,0.0011132481833913731,-0.008369931104765409,-0.0389470048531673
3.0108065605163574,0.1783333537496905,0.022582259759288882,-0.05736154724656575,0.006594330359459092,0.00799661590377703,0.004433322133297359,0.0038237818588871017,0.006797681159273982,-1.9557314872955973,0.0011021157015574593,-0.008286231793717755,-0.038557534804635626
3.02548885345459,0.17877937447224812,0.023890779711694936,-0.0567382572058416,0.006862136515857033,0.008756351827670745,0.004886317404000088,0.003729492292953351,0.006454567335220174,-1.956383066910763,0.001026874625806833,-0.008437061737266755,-0.03861574546324829
3.0304031372070312,0.17877937447224812,0.023890779711694936,-0.0567382572058416,0.006793515150698462,0.008668788309394038,0.004837454229960087,0.003729492292953351,0.006454567335220174,-1.956383066910763,0.0010166058795487648,-0.008352691119894088,-0.038229588008615804
3.052440643310547,0.17893575230607156,0.02638934983651299,-0.05556400316962347,0.006834867700189008,0.009659684334274705,0.005418847808630165,0.003609827158669273,0.006102930830953555,-1.9570424663937735,0.0009521391509215907,-0.008428726957136324,-0.03814650905439833
3.056823253631592,0.17893575230607156,0.02638934983651299,-0.05556400316962347,0.0067665190231871175,0.009563087490931958,0.005364659330543863,0.003609827158669273,0.006102930830953555,-1.9570424663937735,0.0009426177594123748,-0.00834443968756496,-0.03776504396385434
3.090153217315674,0.18005862703201878,0.02854021901045739,-0.05328867335817751,0.007061817198830086,0.010038886170342777,0.006042359037761941,0.0033104227013880942,0.005413861688420622,-1.958364885686616,0.0008433611637238651,-0.008467736932853784,-0.03778415942092575
3.0934207439422607,0.18005862703201878,0.02854021901045739,-0.05328867335817751,0.006991199026841785,0.00993849730863935,0.005981935447384321,0.0033104227013880942,0.005413861688420622,-1.958364885686616,0.0008349275520866265,-0.008383059563525246,-0.037406317826716495
3.1090075969696045,0.18072690779437767,0.028115852189254567,-0.052776364617636094,0.007346464884221231,0.009527845500383204,0.006217821094706973,0.0031175140695992214,0.00506990946338343,-1.959023796766362,0.0007028145947946826,-0.008519897132550172,-0.03745498980774672
3.1138687133789062,0.18072690779437767,0.028115852189254567,-0.052776364617636094,0.007273000235379019,0.009432567045379371,0.006155642883759903,0.0031175140695992214,0.00506990946338343,-1.959023796766362,0.0006957864488467358,-0.00843469816122467,-0.03708043990966925
3.129271984100342,0.18137389307822843,0.02722776000651527,-0.05252448269650786,0.0076064377157067,0.008739618728702384,0.006198343017611413,0.0028940648359103284,0.0047197686702153884,-1.9596791817383772,0.0005437624891568538,-0.008577667052650204,-0.037135119801453176
3.134645700454712,0.18137389307822843,0.02722776000651527,-0.05252448269650786,0.007530373338549634,0.00865222254141536,0.006136359587435298,0.0028940648359103284,0.0047197686702153884,-1.9596791817383772,0.0005383248642652853,-0.008491890382123703,-0.03676376860343864
3.152183771133423,0.18115436321622375,0.025871860956641686,-0.05257646181537347,0.007308751767100235,0.007803027635282927,0.005977700643417091,0.0026402542327651213,0.004363620293799325,-1.9603627976020501,0.0003882218184483047,-0.008610043060656382,-0.03678592057910448
3.1560895442962646,0.18115436321622375,0.025871860956641686,-0.05257646181537347,0.007235664249429233,0.007724997358930097,0.00591792363698292,0.0026402542327651213,0.004363620293799325,-1.9603627976020501,0.00038433960026382165,-0.008523942630049818,-0.03641806137331344
3.187016010284424,0.1817677779949064,0.022251535999354803,-0.052948151046999785,0.007328653285372107,0.006489902911993089,0.005630891257041606,0.002169029112816956,0.0036749012661609322,-1.961737590561069,0.00022812667062983245,-0.008661398880617826,-0.03649841682766686
3.1916568279266357,0.1817677779949064,0.022251535999354803,-0.052948151046999785,0.007255366752518386,0.006425003882873159,0.005574582344471189,0.002169029112816956,0.0036749012661609322,-1.961737590561069,0.00022584540392353412,-0.008574784891811647,-0.03613343265939019
3.2097184658050537,0.18225009709416803,0.020032446301203037,-0.05325182420951311,0.007414899393651498,0.005147869171953224,0.005237158547906639,0.0019326136504611586,0.0033348144606700197,-1.96242399588873,9.269324913178134e-05,-0.00867732938259174,-0.03615213326223153
3.238293170928955,0.18225009709416803,0.020032446301203037,-0.05325182420951311,0.0073407503997149825,0.0050963904802336915,0.005184786962427573,0.0019326136504611586,0.0033348144606700197,-1.96242399588873,9.176631664046353e-05,-0.008590556088765824,-0.035790611929609216
3.2428722381591797,0.18273903513668438,0.018073700029975548,-0.05356825820918507,0.008212735908271113,0.0008287181465463037,0.004045482609406336,0.0016936560754099448,0.0029887621235115316,-1.9631076678805373,-0.00043099905706827496,-0.009260377228884724,-0.03692574349120729
3.246675968170166,0.18273903513668438,0.018073700029975548,-0.05356825820918507,0.008130608549188402,0.0008204309650808407,0.004005027783312272,0.0016936560754099448,0.0029887621235115316,-1.9631076678805373,-0.0004266890664975922,-0.009167773456595876,-0.03655648605629521
3.2515292167663574,0.1831853268874168,0.01658761012400362,-0.05381307869490101,0.008881289014192289,-0.002209345514745698,0.0031751272760781207,0.0014514965454992443,0.0026466862204123035,-1.9637926863920452,-0.0009213859628942052,-0.009780934751639225,-0.0376023850800375
3.2723169326782227,0.18381029322474585,0.014910614454142957,-0.054079730744009825,0.009070083456277033,-0.0029852557540134767,0.0029392955395583977,0.0012338816860317952,0.002304672959071516,-1.964466154649611,-0.001016856456462162,-0.009847652023012006,-0.03755033537840344
3.276649236679077,0.18381029322474585,0.014910614454142957,-0.054079730744009825,0.008979382621714263,-0.002955403196473342,0.002909902584162814,0.0012338816860317952,0.002304672959071516,-1.964466154649611,-0.0010066878918975402,-0.009749175502781886,-0.0371748320246194
3.289639949798584,0.1844817115362795,0.013413534183068045,-0.05432774318678883,0.009373496587478458,-0.004067400083245605,0.002580832258753758,0.0010329412901051798,0.00196177537088981,-1.9651271568645714,-0.0011513010479220537,-0.009915639686914028,-0.03731191043996473
3.2940642833709717,0.1844817115362795,0.013413534183068045,-0.05432774318678883,0.009279761621603674,-0.00402672608241315,0.0025550239361662205,0.0010329412901051798,0.00196177537088981,-1.9651271568645714,-0.0011397880374428332,-0.009816483290044888,-0.03693879133556508
3.3134708404541016,0.18510375906408907,0.011976952124369273,-0.05456816277305754,0.009486376375612006,-0.004719293250334228,0.0023356305451657363,0.0008447669431109938,0.0016167488068585783,-1.9657725986790964,-0.0012253544697943164,-0.00989610710999681,-0.0369019929751941
3.3180947303771973,0.18510375906408907,0.011976952124369273,-0.05456816277305754,0.009391512611855887,-0.004672100317830885,0.002312274239714079,0.0008447669431109938,0.0016167488068585783,-1.9657725986790964,-0.0012131009250963731,-0.009797146038896842,-0.03653297304544216
3.3359997272491455,0.18560872180240923,0.010542877659915195,-0.0548071514875883,0.009556840127678684,-0.005416582702859759,0.002080467178473979,0.0006646582413531322,0.0012679266919622305,-1.9664009124259751,-0.0013015612217506553,-0.009893992883917827,-0.03651855862168804
3.349407911300659,0.18561883343046276,0.009325808721984572,-0.05496919432070602,0.009443303890239315,-0.006253477690935723,0.0018555576762096248,0.0004908814459206124,0.0009137122579874659,-1.967036803922011,-0.0014181506289488105,-0.010059230738299618,-0.036627629275982745
3.354301929473877,0.18561883343046276,0.009325808721984572,-0.05496919432070602,0.009348870851336922,-0.0061909429140263655,0.0018370020994475287,0.0004908814459206124,0.0009137122579874659,-1.967036803922011,-0.0014039691226593225,-0.009958638430916622,-0.036261352983222916
3.36958646774292,0.1858449874897987,0.008347285127354115,-0.05511483209199541,0.009385271925258395,-0.006760432081059824,0.0016637770464271607,0.0003151636260170103,0.0005686274408607524,-1.9676613830379703,-0.0015048938594125379,-0.010084825839084814,-0.03630737405194076
3.373853921890259,0.1858449874897987,0.008347285127354115,-0.05511483209199541,0.00929141920600581,-0.006692827760249226,0.001647139275962889,0.0003151636260170103,0.0005686274408607524,-1.9676613830379703,-0.0014898449208184126,-0.009983977580693967,-0.03594430031142135
3.393098831176758,0.1861214593204476,0.007394930755466661,-0.0552592213317328,0.009328191620907818,-0.00711461791608763,0.0015094265099273637,0.00013465800419650405,0.00021695472032558753,-1.9682786439430857,-0.0015687404298634572,-0.010066873257312295,-0.03590559714445093
3.3986620903015137,0.1861214593204476,0.007394930755466661,-0.0552592213317328,0.00923490970469874,-0.007043471736926754,0.00149433224482809,0.00013465800419650405,0.00021695472032558753,-1.9682786439430857,-0.0015530530255648226,-0.009966204524739172,-0.035546541173006416
3.412829875946045,0.18637370185369345,0.00650096511842054,-0.05540075128042322,0.009302796199319377,-0.007595651202926716,0.0013206143080227144,-5.140342166051385e-05,-0.0001321233425398887,-1.9688850523119528,-0.001668849599293725,-0.010112931062453027,-0.03561909491972623
3.417933225631714,0.18637370185369345,0.00650096511842054,-0.05540075128042322,0.009209768237326183,-0.007519694690897449,0.0013074081649424873,-5.140342166051385e-05,-0.0001321233425398887,-1.9688850523119528,-0.0016521611033007877,-0.010011801751828498,-0.03526290397052897
3.434375286102295,0.18655395716213108,0.005895642761451462,-0.05551869393505008,0.00921689868357802,-0.007806673459893695,0.0011882953548861606,-0.00024302731142868987,-0.0004877711645339354,-1.9694822386731234,-0.0017521844290237533,-0.010127987416339839,-0.03527348145365529
3.439129114151001,0.18655395716213108,0.005895642761451462,-0.05551869393505008,0.00912472969674224,-0.007728606725294758,0.001176412401337299,-0.00024302731142868987,-0.0004877711645339354,-1.9694822386731234,-0.0017346625847335158,-0.01002670754217644,-0.03492074663911873
3.4515180587768555,0.1866284413027433,0.0022056190736460413,-0.05762896058090967,0.009008764043655868,-0.010454176476963435,-0.0008059414815203279,-0.0004667942655489297,-0.0008353203540558576,-1.970102019350213,-0.001897934212400092,-0.010206972182746547,-0.03507180832059035
3.456028938293457,0.1866284413027433,0.0022056190736460413,-0.05762896058090967,0.008918676403219309,-0.0103496347121938,-0.0007978820667051246,-0.0004667942655489297,-0.0008353203540558576,-1.970102019350213,-0.0018789548702760912,-0.010104902460919081,-0.03472109023738445
3.47379207611084,0.186829713938578,-0.0004186510425874903,-0.058909772431192275,0.008900772171231136,-0.011650278637400556,-0.0016445087177164035,-0.0006892611081486589,-0.0011836046464041323,-1.9707135865894325,-0.0019854060560014703,-0.010199924815099425,-0.03471816942919714
3.4779791831970215,0.186829713938578,-0.0004186510425874903,-0.058909772431192275,0.008811764449518825,-0.011533775851026551,-0.0016280636305392394,-0.0006892611081486589,-0.0011836046464041323,-1.9707135865894325,-0.0019655519954414557,-0.01009792556694843,-0.03437098773490517
3.4864914417266846,0.18704842818649725,-0.002316910945771324,-0.05974520100352614,0.008917071878425794,-0.013550380057212994,-0.0027956207282673643,-0.0009130588232237381,-0.001533582602765486,-1.971321546324714,-0.0022088087381905296,-0.010408092137197846,-0.03474149457590755
3.4893624782562256,0.18704842818649725,-0.002316910945771324,-0.05974520100352614,0.008827901159641537,-0.013414876256640864,-0.0027676645209846907,-0.0009130588232237381,-0.001533582602765486,-1.971321546324714,-0.002186720650808624,-0.010304011215825868,-0.034394079630148476
3.510873317718506,0.18721891484924297,-0.003581999605426134,-0.06023278865700641,0.008802057673187164,-0.013846309213308084,-0.0030202379507337372,-0.001138042323297991,-0.001886032806606111,-1.9719226508001648,-0.002269444202122317,-0.01036481882539816,-0.034329581426733646
3.515852212905884,0.18721891484924297,-0.003581999605426134,-0.06023278865700641,0.008714037096455293,-0.013707846121175003,-0.0029900355712263998,-0.001138042323297991,-0.001886032806606111,-1.9719226508001648,-0.0022467497601010938,-0.010261170637144178,-0.03398628561246631
3.5274157524108887,0.18730362172166784,-0.004052647027233222,-0.06043443164319067,0.008688574862714408,-0.013961100443489333,-0.0031714955509952393,-0.0013625457671296837,-0.0022419621779413003,-1.972516185729589,-0.0024184299486255324,-0.010466362065946994,-0.03415970411726688
3.5321526527404785,0.18730362172166784,-0.004052647027233222,-0.06043443164319067,0.008601689114087263,-0.01382148943905444,-0.003139780595485287,-0.0013625457671296837,-0.0022419621779413003,-1.972516185729589,-0.002394245649139277,-0.010361698445287525,-0.033818107076094214
3.551680326461792,0.1866974451077291,-0.00443580017260498,-0.05968499435640681,0.008198063995373676,-0.01390464511535597,-0.0027452060197986658,-0.0015896051101556823,-0.002604566865880837,-1.9731315660586506,-0.00248657886698905,-0.010443769061474848,-0.0337950584362843
3.556098461151123,0.1866974451077291,-0.00443580017260498,-0.05968499435640681,0.00811608335541994,-0.01376559866420241,-0.002717753959600679,-0.0015896051101556823,-0.002604566865880837,-1.9731315660586506,-0.0024617130783191597,-0.0103393313708601,-0.03345710785192146
3.573462963104248,0.18642434260188903,-0.004335064490611091,-0.059097012591093324,0.007878084081222564,-0.013597093603581557,-0.002348583819099276,-0.0017951392743103397,-0.0029530060857987117,-1.9737406853200559,-0.002555460508010833,-0.010436599856066594,-0.03347332095543613
3.5781502723693848,0.18642434260188903,-0.004335064490611091,-0.059097012591093324,0.007799303240410338,-0.013461122667545742,-0.002325097980908283,-0.0017951392743103397,-0.0029530060857987117,-1.9737406853200559,-0.0025299059029307244,-0.010332233857505927,-0.03313858774588176
3.588547468185425,0.18628896594792244,-0.0039836212579982405,-0.05857996922048261,0.007599111634345495,-0.01303297555888077,-0.0017760530866267024,-0.0019877415487277077,-0.003309237929605549,-1.974349846408166,-0.002689851286561846,-0.010571534520468714,-0.033393091659178135
3.591392755508423,0.18628896594792244,-0.0039836212579982405,-0.05857996922048261,0.00752312051800204,-0.012902645803291963,-0.0017582925557604353,-0.0019877415487277077,-0.003309237929605549,-1.974349846408166,-0.0026629527736962274,-0.010465819175264027,-0.03305916074258635
3.6153998374938965,0.186206369673394,-0.003449044141444597,-0.058135088904100476,0.007419276748318929,-0.012568546536009894,-0.0015357901857392248,-0.002168546688011536,-0.0036582613152863017,-1.9749524458423282,-0.002711636497021277,-0.010506544494048795,-0.03297957816429902
3.6182782649993896,0.186206369673394,-0.003449044141444597,-0.058135088904100476,0.0073450839808357395,-0.012442861070649795,-0.0015204322838818325,-0.002168546688011536,-0.0036582613152863017,-1.9749524458423282,-0.0026845201320510642,-0.010401479049108306,-0.032649782382656034
3.6320297718048096,0.18611306159985863,-0.002790899563445505,-0.05775915512869585,0.007216679055830086,-0.011866251544176386,-0.0011889904630635482,-0.0023408545426576886,-0.0040132800669367245,-1.9755482294333933,-0.002782976002885236,-0.010555631422895175,-0.0327565342379339
3.636993169784546,0.18611306159985863,-0.002790899563445505,-0.05775915512869585,0.007144512265271785,-0.011747589028734622,-0.0011771005584329127,-0.0023408545426576886,-0.0040132800669367245,-1.9755482294333933,-0.0027551462428563834,-0.010450075108666223,-0.03242896889555456
3.6509406566619873,0.18556383606681645,-0.0012191989131301495,-0.05727903732601921,0.0067107833502466335,-0.010530901933305829,-0.0007183685837743676,-0.002499029727785116,-0.004367024246157984,-1.9761663746495237,-0.0028410024405441797,-0.010599200105593997,-0.03254787389935061
3.654797315597534,0.18556383606681645,-0.0012191989131301495,-0.05727903732601921,0.006643675516744167,-0.01042559291397277,-0.0007111848979366239,-0.002499029727785116,-0.004367024246157984,-1.9761663746495237,-0.002812592416138738,-0.010493208104538057,-0.032222395160357103
3.668027639389038,0.18532247110421096,9.615929438421179e-05,-0.05690658288528495,0.00642260460426372,-0.009354188727717939,-0.00033199735055694935,-0.0026398416024116223,-0.0047115806677777575,-1.9767774123005324,-0.0028908976548464946,-0.010648705342570291,-0.03236201754043671
3.6727490425109863,0.18532247110421096,9.615929438421179e-05,-0.05690658288528495,0.006358378558221083,-0.00926064684044076,-0.00032867737705137985,-0.0026398416024116223,-0.0047115806677777575,-1.9767774123005324,-0.0028619886782980295,-0.010542218289144588,-0.03203839736503234
3.691927909851074,0.1852162779692251,0.0012819412229793344,-0.056613892358897265,0.0062567450484186035,-0.008566155425019274,-0.00011644446428614317,-0.0027683039096043356,-0.0050590369202059195,-1.97738538800788,-0.002900349966635959,-0.0106179623066689,-0.03203501631786705
3.6956140995025635,0.1852162779692251,0.0012819412229793344,-0.056613892358897265,0.006194177597934418,-0.00848049387076908,-0.00011528001964328173,-0.0027683039096043356,-0.0050590369202059195,-1.97738538800788,-0.0028713464669695996,-0.01051178268360221,-0.03171466615468838
3.713460922241211,0.18516031754391601,0.0023339925163027757,-0.05639472257928752,0.006117428642323972,-0.007820332068049815,6.246391939845217e-05,-0.002888056865554892,-0.005402382862751624,-1.9779842440184907,-0.00290973343676056,-0.010599049768956854,-0.03173307278426815
3.718209981918335,0.18516031754391601,0.0023339925163027757,-0.05639472257928752,0.006056254355900732,-0.007742128747369317,6.183928020446765e-05,-0.002888056865554892,-0.005402382862751624,-1.9779842440184907,-0.002880636102392954,-0.010493059271267285,-0.03141574205642547
3.732835531234741,0.18509665495113317,0.0034239055042851636,-0.056225273450313355,0.005973133931764214,-0.006933613810340382,0.00024530126361468907,-0.0030024662350526293,-0.005749239197731715,-1.978572915609627,-0.0029300554319209673,-0.010625286495656909,-0.031504080007762184
3.7374463081359863,0.18509665495113317,0.0034239055042851636,-0.056225273450313355,0.005913402592446572,-0.006864277672236978,0.00024284825097854216,-0.0030024662350526293,-0.005749239197731715,-1.978572915609627,-0.0029007548776017575,-0.01051903363070034,-0.031189039207684562
3.754061222076416,0.18480605343900744,0.005038835350560353,-0.05627956570028621,0.005706824253630359,-0.005821806534383155,0.00029816655528994287,-0.0031113341393687655,-0.00609345796481292,-1.979177802456122,-0.002937271534793021,-0.010621017865573994,-0.03124121139737232
3.7589797973632812,0.18480605343900744,0.005038835350560353,-0.05627956570028621,0.005649756011094055,-0.005763588469039323,0.00029518488973704347,-0.0031113341393687655,-0.00609345796481292,-1.979177802456122,-0.0029078988194450907,-0.010514807686918254,-0.030928799283398596
3.771209955215454,0.18472866466721227,0.006158035192853171,-0.05631183258028265,0.005555823105811748,-0.0047923215260698175,0.0003505169968803395,-0.0032273860726184244,-0.0064331243901167845,-1.9797746190605068,-0.0029737098029520605,-0.010687388180202824,-0.03110749894501568
3.7740159034729004,0.18472866466721227,0.006158035192853171,-0.05631183258028265,0.00550026487475363,-0.004744398310809119,0.0003470118269115361,-0.0032273860726184244,-0.0064331243901167845,-1.9797746190605068,-0.00294397270492254,-0.010580514298400796,-0.030796423955565522
3.790015697479248,0.18473416465824802,0.006918889409722432,-0.05635508679902058,0.005462104950623515,-0.004221969912400473,0.0003604019241566077,-0.0033561790902829234,-0.006774205418357142,-1.9803658622652787,-0.002995029650276348,-0.010687887542654172,-0.03085799147656711
3.7942590713500977,0.18473416465824802,0.006918889409722432,-0.05635508679902058,0.00540748390111728,-0.004179750213276468,0.0003567979049150416,-0.0033561790902829234,-0.006774205418357142,-1.9803658622652787,-0.0029650793537735845,-0.01058100866722763,-0.030549411561801437
3.815594434738159,0.18475470845384792,0.007378922634794679,-0.05641133499825277,0.005369091764433185,-0.0039215099505029915,0.0003468059186978107,-0.0035002460240787605,-0.007113922449639634,-1.9809467264999236,-0.003002953509858432,-0.01063442578709667,-0.030516171648785857
3.8195507526397705,0.18475470845384792,0.007378922634794679,-0.05641133499825277,0.005315400846788853,-0.0038822948509979614,0.0003433378595108326,-0.0035002460240787605,-0.007113922449639634,-1.9809467264999236,-0.0029729239747598476,-0.010528081529225703,-0.030211009932297996
3.8327808380126953,0.18474089867187676,0.007593518743630361,-0.05648148397566884,0.005256309407083785,-0.003677098099045265,0.00030216610258429157,-0.0036608779007702217,-0.007456399830390706,-1.981515173541656,-0.003064608824312226,-0.010681663276870453,-0.03033856224686672
3.8401527404785156,0.18474089867187676,0.007593518743630361,-0.05648148397566884,0.005203746313012947,-0.003640327118054812,0.00029914444155844865,-0.0036608779007702217,-0.007456399830390706,-1.981515173541656,-0.0030339627360691035,-0.010574846644101748,-0.030035176624398054
3.854343891143799,0.18478084981102766,0.008032046717144725,-0.05537257198116526,0.005190234360470412,-0.0033696220416921598,0.0011013962585961954,-0.003833616841515526,-0.007793641002335123,-1.9820953430701764,-0.003125346106948356,-0.01070674005737767,-0.030143649725287408
3.8593125343322754,0.18478084981102766,0.008032046717144725,-0.05537257198116526,0.005138332016865708,-0.0033359258212752384,0.0010903822960102335,-0.003833616841515526,-0.007793641002335123,-1.9820953430701764,-0.0030940926458788726,-0.010599672656803893,-0.029842213228034535
3.872267723083496,0.18494497111645072,0.008185766610627008,-0.054768490871633914,0.005217948859516858,-0.0032310921201011322,0.001553305593112057,-0.0040150409166930445,-0.008130387688742875,-1.9826636341869743,-0.003203191419853182,-0.01075360783310066,-0.029982450174916086
3.8767569065093994,0.18494497111645072,0.008185766610627008,-0.054768490871633914,0.005165769370921689,-0.0031987811989001207,0.0015377725371809364,-0.0040150409166930445,-0.008130387688742875,-1.9826636341869743,-0.00317115950565465,-0.010646071754769653,-0.029682625673166926
3.8934683799743652,0.18514223607988406,0.008138656859629632,-0.05443112365656013,0.005231801202163838,-0.0032166268365538177,0.0017198435786422745,-0.004209667811999264,-0.008467159773490558,-1.9832221582831664,-0.003255910947633251,-0.010741132516135052,-0.029720015365353798
3.897312879562378,0.18514223607988406,0.008138656859629632,-0.05443112365656013,0.0051794831901422,-0.0031844605681882795,0.0017026451428558517,-0.004209667811999264,-0.008467159773490558,-1.9832221582831664,-0.003223351838156918,-0.010633721190973701,-0.02942281521170026
3.907453775405884,0.18531215029425854,0.00793984878209997,-0.05430022218074709,0.0052900975513175625,-0.0033638724882296034,0.001794925369708522,-0.004417910183361751,-0.008804666198200858,-1.9837676378531324,-0.0033964674078402297,-0.010860201148196448,-0.029666487831254525
3.934499502182007,0.18541666675714064,0.007826683286095213,-0.054304340170414134,0.005274675436388457,-0.0033727121450757317,0.001771382681443312,-0.004637505366708263,-0.009143910312512984,-1.9842993559145976,-0.00344369677419722,-0.010877032672710871,-0.029566422610206377
3.9387412071228027,0.18541666675714064,0.007826683286095213,-0.054304340170414134,0.005221928682024572,-0.0033389850236249744,0.001753668854628879,-0.004637505366708263,-0.009143910312512984,-1.9842993559145976,-0.0034092598064552476,-0.010768262345983763,-0.029270758384104312
3.948202133178711,0.18526653463317894,0.007569592123481992,-0.05504789595105515,0.005001942417738402,-0.00349869968646642,0.0009304997442075209,-0.00486817315002347,-0.00948277299631859,-1.9848430020997874,-0.0036189782073902683,-0.01101875045740034,-0.029552673392150307
3.952817678451538,0.18526653463317894,0.007569592123481992,-0.05504789595105515,0.004951922993561017,-0.0034637126896017558,0.0009211947467654457,-0.00486817315002347,-0.00948277299631859,-1.9848430020997874,-0.0035827884253163654,-0.010908562952826337,-0.029257146658228803
3.9664666652679443,0.18530688602000417,0.007435692289224235,-0.05558475761443393,0.004928424249443848,-0.0034910226309777825,0.0005116840336867072,-0.005106017382093856,-0.009814658108244145,-1.9853759887342568,-0.0037212183341650998,-0.011042634648006327,-0.029355070575398205
3.96939754486084,0.18530688602000417,0.007435692289224235,-0.05558475761443393,0.0048791400069494095,-0.0034561124046680047,0.0005065671933498401,-0.005106017382093856,-0.009814658108244145,-1.9853759887342568,-0.003684006150823449,-0.010932208301526263,-0.029061519869644222
3.9917662143707275,0.1854190339543554,0.007567268360533915,-0.05600371613963728,0.004881729704372958,-0.0033471612690443614,0.00032043363911035244,-0.005349877395056961,-0.010149417710002892,-1.9859025196678057,-0.003756184648892623,-0.01097254178993905,-0.029006292356083093
3.9947783946990967,0.1854190339543554,0.007567268360533915,-0.05600371613963728,0.0048329124073292285,-0.0033136896563539177,0.0003172293027192489,-0.005349877395056961,-0.010149417710002892,-1.9859025196678057,-0.0037186228024036964,-0.01086281637203966,-0.02871622943252226
4.010078430175781,0.18552787029720202,0.007619502947322918,-0.0563493025865119,0.004856180506156419,-0.0032277038359001054,9.223997849435397e-05,-0.005598621619239121,-0.010481576672510696,-1.986418797175236,-0.00384401412170706,-0.010971285066044839,-0.028766502635138906
4.013068437576294,0.18552787029720202,0.007619502947322918,-0.0563493025865119,0.0048076187010948545,-0.0031954267975411042,9.131757870941042e-05,-0.005598621619239121,-0.010481576672510696,-1.986418797175236,-0.0038055739804899896,-0.01086157221538439,-0.028478837608787517
4.034022331237793,0.1855955673750985,0.007920936331761639,-0.05660595721664685,0.004795655920592298,-0.0030100814445705466,-1.826494696144631e-05,-0.005848633687089455,-0.01081706848327453,-1.9869259348112014,-0.0038868335678930873,-0.01091306602522663,-0.028436074721688905
4.038749933242798,0.1855955673750985,0.007920936331761639,-0.05660595721664685,0.004747699361386375,-0.002979980630124841,-1.8082297491831846e-05,-0.005848633687089455,-0.01081706848327453,-1.9869259348112014,-0.0038479652322141564,-0.010803935364974364,-0.028151713974472015
4.057109355926514,0.18544941335981568,0.009235527230036263,-0.05679562652764489,0.004640823508465137,-0.0022268427788039477,-5.398448434649389e-05,-0.006090025523948575,-0.011152817378980827,-1.9874397223151195,-0.003940966749544058,-0.010878771530609926,-0.02815004632279087
4.060912370681763,0.18544941335981568,0.009235527230036263,-0.05679562652764489,0.004594415273380485,-0.002204574351015908,-5.3444639503028954e-05,-0.006090025523948575,-0.011152817378980827,-1.9874397223151195,-0.003901557082048617,-0.010769983815303827,-0.02786854585956296
4.073999404907227,0.1855150677437061,0.010254392425255176,-0.056927349049869035,0.004620597336709566,-0.0014009650044722358,-8.14121520751664e-05,-0.006304856855383536,-0.011486173328812323,-1.987934775967027,-0.00402669736788277,-0.010917006280224526,-0.027968138354076258
4.0931737422943115,0.18566662132369607,0.010815389771786114,-0.05714319342023105,0.004661406579931679,-0.0010880098414741506,-0.00016603941318756445,-0.006502832838230191,-0.011824190556385424,-1.9884199383566425,-0.004089680889305799,-0.010984122480018649,-0.027941483909522388
4.101589918136597,0.18566662132369607,0.010815389771786114,-0.05714319342023105,0.004614792514132362,-0.0010771297430594092,-0.0001643790190556888,-0.006502832838230191,-0.011824190556385424,-1.9884199383566425,-0.004048784080412741,-0.010874281255218462,-0.027662069070427165
4.115280866622925,0.18582289470777116,0.010709014078803572,-0.057432108685986194,0.004679720840496964,-0.0011272308043146122,-0.0003805460789630771,-0.00668995242121035,-0.012161871704391656,-1.988892057230735,-0.004144970176529068,-0.011012183989790673,-0.027730288530545048
4.120208024978638,0.18582289470777116,0.010709014078803572,-0.057432108685986194,0.004632923632091994,-0.001115958496271466,-0.0003767406181734463,-0.00668995242121035,-0.012161871704391656,-1.988892057230735,-0.004103520474763777,-0.010902062149892765,-0.027452985645239597
4.143368721008301,0.18593859290245204,0.0102733559157931,-0.057752894275828776,0.004630582330096221,-0.0012802882098737808,-0.0005284372047967634,-0.006869506146163294,-0.012503886486828975,-1.9893532570628045,-0.004140010455236385,-0.010940711866970572,-0.02737758617393578
4.148514270782471,0.18593859290245204,0.0102733559157931,-0.057752894275828776,0.0045842765067952585,-0.001267485327775043,-0.0005231528327487957,-0.006869506146163294,-0.012503886486828975,-1.9893532570628045,-0.004098610350684021,-0.010831304748300866,-0.027103810312196424
4.154451847076416,0.18544458774049744,0.0015630677061579648,-0.05794953389871831,0.0032808413775434484,-0.015777758741400017,-0.0022001579765391884,-0.007110620256141622,-0.012847071550699743,-1.9898066977005702,-0.004463705951296414,-0.011300980170996709,-0.027596451891351605
4.159365177154541,0.18544458774049744,0.0015630677061579648,-0.05794953389871831,0.003248032963768014,-0.015619981153986016,-0.0021781563967737966,-0.007110620256141622,-0.012847071550699743,-1.9898066977005702,-0.00441906889178345,-0.011187970369286742,-0.027320487372438088
4.174282550811768,0.18530319159989916,-0.00413469438195605,-0.05810670560678909,0.003010754412728259,-0.019246876344607512,-0.0026139832375263058,-0.007311301153887601,-0.013188292681846622,-1.990224982344425,-0.004509406506813248,-0.011304831420493164,-0.027327683495206884
4.179279804229736,0.18530319159989916,-0.00413469438195605,-0.05810670560678909,0.0029806468686009767,-0.019054407581161437,-0.0025878434051510428,-0.007311301153887601,-0.013188292681846622,-1.990224982344425,-0.004464312441745116,-0.011191783106288232,-0.027054406660254816
4.192657709121704,0.18534383342553445,-0.007991343583748749,-0.05819386882887409,0.0028984996309899392,-0.021723492737322297,-0.0028931691102718833,-0.007484360017163811,-0.01353848331277263,-1.990623212288391,-0.004549031025811716,-0.0113416331931123,-0.027081539955826586
4.197971820831299,0.18534383342553445,-0.007991343583748749,-0.05819386882887409,0.00286951463468004,-0.021506257809949074,-0.0028642374191691646,-0.007484360017163811,-0.01353848331277263,-1.990623212288391,-0.0045035407155535985,-0.011228216861181178,-0.02681072455626832
4.214538812637329,0.18548826413118163,-0.010311431682346208,-0.058218056355417165,0.00288780879880719,-0.022684030843983228,-0.0029794160676130353,-0.0076279083431015455,-0.013889107779312473,-1.9910023681718583,-0.004545152496746091,-0.011327575086097066,-0.026771479549491415
4.219290733337402,0.18548826413118163,-0.010311431682346208,-0.058218056355417165,0.002858930710819118,-0.022457190535543396,-0.002949621906936905,-0.0076279083431015455,-0.013889107779312473,-1.9910023681718583,-0.0044997009717786295,-0.011214299335236096,-0.0265037647539965
4.242934703826904,0.18566574944609565,-0.011576586631522414,-0.058205671910348464,0.002889981191586708,-0.02276702444091253,-0.002964193044886465,-0.0077476057804384746,-0.01424753860563118,-1.9913664546634464,-0.004505328893008915,-0.01125375136543439,-0.026392714141650054
4.247910261154175,0.18566574944609565,-0.011576586631522414,-0.058205671910348464,0.002861081379670841,-0.022539354196503405,-0.0029345511144376005,-0.0077476057804384746,-0.01424753860563118,-1.9913664546634464,-0.0044602756040788265,-0.011141213851780046,-0.026128787000233553
4.257720232009888,0.18519687647171917,-0.012144672573699116,-0.058480121267565514,0.00234032650687569,-0.02284951265433593,-0.0032389177582311333,-0.007855119222712365,-0.01461638453614064,-1.9917253035688052,-0.004525268935381436,-0.011405792565767847,-0.026233299305009287
4.261713743209839,0.18519687647171917,-0.012144672573699116,-0.058480121267565514,0.0023169232418069332,-0.022621017527792574,-0.0032065285806488217,-0.007855119222712365,-0.01461638453614064,-1.9917253035688052,-0.004480016246027622,-0.01129173464011017,-0.025970966311959193
4.27441143989563,0.18515562640671143,-0.011941603983510308,-0.058568171076863094,0.0022664339723455864,-0.022228533531290586,-0.0032287663451551645,-0.007936882895782956,-0.014976499015369724,-1.992056938961889,-0.00449960860694687,-0.011462423437516283,-0.02597243424765159
4.278138875961304,0.18515562640671143,-0.011941603983510308,-0.058568171076863094,0.0022437696326221305,-0.02200624819597768,-0.003196478681703613,-0.007936882895782956,-0.014976499015369724,-1.992056938961889,-0.004454612520877401,-0.01134779920314112,-0.025712709905175074
4.293944358825684,0.18533917701561262,-0.011211590058298212,-0.05854292451382862,0.00235058832582003,-0.021332115769140795,-0.0031054739353996593,-0.007997084428632477,-0.01534601453707089,-1.992377824724916,-0.004448155414122593,-0.011468110665612189,-0.025658604609240892
4.2982258796691895,0.18533917701561262,-0.011211590058298212,-0.05854292451382862,0.00232708244256183,-0.021118794611449387,-0.003074419196045663,-0.007997084428632477,-0.01534601453707089,-1.992377824724916,-0.004403673859981367,-0.011353429558956067,-0.02540201856314848
4.314338445663452,0.18565026213310157,-0.01010076752311769,-0.05843050480173694,0.002516141909797054,-0.020234666381096486,-0.0029098163573579145,-0.008038872522096492,-0.01571107873586885,-1.9926880144480474,-0.004385572216684744,-0.011466466374962233,-0.02534051254518086
4.318142414093018,0.18565026213310157,-0.01010076752311769,-0.05843050480173694,0.0024909804906990836,-0.020032319717285522,-0.0028807181937843354,-0.008038872522096492,-0.01571107873586885,-1.9926880144480474,-0.004341716494517896,-0.011351801711212611,-0.02508710741972905
4.335520267486572,0.18600769077100582,-0.008735228777562755,-0.058257915390124725,0.002693608311878539,-0.019066393527545827,-0.0026797204659293884,-0.008068142868488542,-0.016082970088636,-1.9929921582912287,-0.004315142805995937,-0.011452286738288372,-0.025011254419567322
4.342259168624878,0.18600769077100582,-0.008735228777562755,-0.058257915390124725,0.002666672228759754,-0.01887572959227037,-0.0026529232612700947,-0.008068142868488542,-0.016082970088636,-1.9929921582912287,-0.004271991377935977,-0.011337763870905489,-0.024761141875371647
4.354357957839966,0.18565235024175483,-0.004263502632293513,-0.0582094575975863,0.0024528057529736064,-0.015009401499892432,-0.0022444326902457783,-0.008074205818225058,-0.016465202830329533,-1.9932992064501631,-0.004234282667863643,-0.011540312673180186,-0.024767314660537727
4.35902738571167,0.18565235024175483,-0.004263502632293513,-0.0582094575975863,0.0024282776954438704,-0.014859307484893508,-0.0022219883633433205,-0.008074205818225058,-0.016465202830329533,-1.9932992064501631,-0.004191939841185007,-0.011424909546448384,-0.02451964151393235
4.372635841369629,0.1857230690353637,-0.0007504710781352101,-0.05801420846291434,0.0025300674200381865,-0.01216024982746863,-0.0018181592523012107,-0.008059151152079494,-0.016832356471934887,-1.993603147629844,-0.004138957713449598,-0.011580458619735416,-0.024497792396473372
4.377179145812988,0.1857230690353637,-0.0007504710781352101,-0.05801420846291434,0.0025047667458378046,-0.012038647329193944,-0.0017999776597781986,-0.008059151152079494,-0.016832356471934887,-1.993603147629844,-0.004097568136315103,-0.011464654033538062,-0.024252814472508637
4.393840312957764,0.18600123091796386,0.0021162395297418556,-0.05774442483898998,0.002696016287062951,-0.010228327211047262,-0.0014619593172500952,-0.008028257664996237,-0.017206501270105704,-1.9939100366865004,-0.004038050244304396,-0.011574568470785902,-0.024194480540583745
4.397208213806152,0.18600123091796386,0.0021162395297418556,-0.05774442483898998,0.0026690561241923213,-0.010126043938936789,-0.0014473397240775943,-0.008028257664996237,-0.017206501270105704,-1.9939100366865004,-0.0039976697418613516,-0.011458822786078043,-0.02395253573517791
4.416661977767944,0.18638324058301248,0.004383548726116766,-0.05743448641247016,0.0028721698140495816,-0.00888706859574687,-0.0011670103508314355,-0.007985131692373826,-0.017572823796538406,-1.9942163526693866,-0.003935524597911202,-0.011532538748168458,-0.023870468843698252
4.421821355819702,0.18638324058301248,0.004383548726116766,-0.05743448641247016,0.002843448115909086,-0.0087981979097894,-0.0011553402473231211,-0.007985131692373826,-0.017572823796538406,-1.9942163526693866,-0.0038961693519320895,-0.011417213360686773,-0.02363176415526127
4.43616795539856,0.1867855723909232,0.0061109457604633525,-0.057116164670983495,0.003130049978324592,-0.007542404551687383,-0.0008125136570188388,-0.007936825807488538,-0.01794405736109216,-1.9945242457607721,-0.0038235370421668973,-0.011561801891942149,-0.0236100570140528
4.4410810470581055,0.1867855723909232,0.0061109457604633525,-0.057116164670983495,0.0030987494785413463,-0.007466980506170509,-0.0008043885204486504,-0.007936825807488538,-0.01794405736109216,-1.9945242457607721,-0.003785301671745228,-0.011446183873022727,-0.023373956443912273
4.454053163528442,0.18686064796587995,0.007673381673391139,-0.05654389401631209,0.003160715192356249,-0.006238227336615262,-0.00024598185190395367,-0.007885849607466156,-0.01831096606069999,-1.9948636878887802,-0.003708151906390845,-0.011614566164197466,-0.023401887462515068
4.4585182666778564,0.18686064796587995,0.007673381673391139,-0.05654389401631209,0.0031291080404326865,-0.00617584506324911,-0.00024352203338491414,-0.007885849607466156,-0.01831096606069999,-1.9948636878887802,-0.0036710703873269364,-0.01149842050255549,-0.023167868587889915
4.474203824996948,0.18717266561902174,0.008721345807750655,-0.05608093106270075,0.0033162408884731347,-0.005483284898688813,0.0001134074609277216,-0.007849057737595954,-0.018670413098484055,-1.9952118050958696,-0.003610903795482233,-0.011612594246817948,-0.0231581247544451
4.478336572647095,0.18717266561902174,0.008721345807750655,-0.05608093106270075,0.0032830784795884033,-0.005428452049701925,0.00011227338631844438,-0.007849057737595954,-0.018670413098484055,-1.9952118050958696,-0.0035747947575274107,-0.011496468304349769,-0.022926543506900647
4.494696378707886,0.18756722826264063,0.009353788765829605,-0.05570471222219208,0.003502810446801889,-0.005018188239696962,0.0003743324368468581,-0.007836508624206142,-0.019028938866683633,-1.9955754952196343,-0.0035313761118135516,-0.011600653999292014,-0.0229195851837945
4.499809741973877,0.18756722826264063,0.009353788765829605,-0.05570471222219208,0.0034677823423338704,-0.004968006357299992,0.00037058911247838956,-0.007836508624206142,-0.019028938866683633,-1.9955754952196343,-0.003496062350695416,-0.011484647459299094,-0.022690389331956554
4.512779235839844,0.18796375965998693,0.009646405478142434,-0.05541708232249694,0.0037456644431359755,-0.0047232955118964295,0.0006064694064845182,-0.007858248931948864,-0.01938276688734226,-1.9959515379999526,-0.003477864376500298,-0.01164261658130167,-0.02275342950600349
4.516595125198364,0.18796375965998693,0.009646405478142434,-0.05541708232249694,0.0037082077987046157,-0.004676062556777465,0.0006004047124196731,-0.007858248931948864,-0.01938276688734226,-1.9959515379999526,-0.003443085732735295,-0.011526190415488653,-0.022525895210943458
4.532796144485474,0.18830225213590226,0.00966950547111813,-0.055213299691629816,0.0038807340744095543,-0.004632636935324015,0.0007194102622414529,-0.007922481908715572,-0.019736900380209255,-1.9963378814941448,-0.0034483023664876027,-0.011629515679579882,-0.02253910489302644
4.5420355796813965,0.18830225213590226,0.00966950547111813,-0.055213299691629816,0.0038419267336654585,-0.004586310565970775,0.0007122161596190384,-0.007922481908715572,-0.019736900380209255,-1.9963378814941448,-0.0034138193428227266,-0.011513220522784083,-0.022313713844096174
4.55547022819519,0.18819311439539704,0.010307795210346323,-0.055949259456216836,0.0037338505443153475,-0.0040147136456325705,0.00020560214958715358,-0.00802832159902668,-0.020089965351038477,-1.996762597301059,-0.003458462287734247,-0.011660890109852272,-0.022406711367814844
4.560672998428345,0.18819311439539704,0.010307795210346323,-0.055949259456216836,0.003696512038872194,-0.003974566509176245,0.00020354612809128205,-0.00802832159902668,-0.020089965351038477,-1.996762597301059,-0.0034238776648569044,-0.011544281208753749,-0.022182644254136696
4.573386907577515,0.18825331319420494,0.010996942220880827,-0.056703682254604225,0.003720163245114828,-0.003341849308635133,-0.0003379059142538377,-0.008192077407799932,-0.02043194381212383,-1.997206575614904,-0.0035184394064847638,-0.011697818186495589,-0.022310024580839867
4.5779924392700195,0.18825331319420494,0.010996942220880827,-0.056703682254604225,0.0036829616126636796,-0.003308430815548782,-0.0003345268551112993,-0.008192077407799932,-0.02043194381212383,-1.997206575614904,-0.003483255012419916,-0.011580840004630633,-0.02208692433503147
4.592313528060913,0.18841540948905336,0.011233202909864702,-0.05715283673686637,0.003762815856620946,-0.0030851354391740965,-0.0006283174932535521,-0.008424009690117628,-0.020773981233890598,-1.9976662883400833,-0.003610374032950859,-0.011703866393447768,-0.02218705912418993
4.596001148223877,0.18841540948905336,0.011233202909864702,-0.05715283673686637,0.0037251876980547364,-0.0030542840847823556,-0.0006220343183210166,-0.008424009690117628,-0.020773981233890598,-1.9976662883400833,-0.0035742702926213504,-0.01158682772951329,-0.021965188532948033
4.61639404296875,0.1885975492879059,0.011149410113606642,-0.05741452037897941,0.0037755278367621217,-0.003055014518262991,-0.0007478882409105224,-0.00872439550446364,-0.0211109739727585,-1.9981299181072527,-0.0036858268417650436,-0.011636209527346713,-0.021972885326150795
4.6203553676605225,0.1885975492879059,0.011149410113606642,-0.05741452037897941,0.0037377725583945007,-0.003024464373080361,-0.0007404093585014172,-0.00872439550446364,-0.0211109739727585,-1.9981299181072527,-0.0036489685733473933,-0.011519847432073245,-0.021753156472889286
4.634159564971924,0.1887430403488332,0.010825477634006897,-0.05754056724062461,0.003798592827806872,-0.0032217509700356904,-0.0008465809179145289,-0.009090830520804236,-0.021451102211372513,-1.9985898138554756,-0.003877930770164123,-0.011651043754162071,-0.02186878136619151
4.6385817527771,0.1887430403488332,0.010825477634006897,-0.05754056724062461,0.003760606899528803,-0.0031895334603353337,-0.0008381151087353836,-0.009090830520804236,-0.021451102211372513,-1.9985898138554756,-0.003839151462462482,-0.01153453331662045,-0.021650093552529597
4.655874729156494,0.18837093357083723,0.011651690696531375,-0.05643102684444446,0.003524128010921376,-0.002737275421757393,-0.00014549188843194832,-0.009506731981809553,-0.02179450118887921,-1.9990693960291621,-0.004041263058396017,-0.011617765122503529,-0.021710920338481984
4.66011381149292,0.18837093357083723,0.011651690696531375,-0.05643102684444446,0.003488886730812162,-0.0027099026675398187,-0.00014403696954762884,-0.009506731981809553,-0.02179450118887921,-1.9990693960291621,-0.004000850427812057,-0.011501587471278493,-0.021493811135097164
4.67452597618103,0.18828952337352375,0.011976011999884146,-0.05570412526730242,0.003405996786035767,-0.002505054579382793,0.0003803115795763174,-0.009961887955869364,-0.022127333312980738,-1.9995399497196014,-0.004276655671093525,-0.011617509926306072,-0.021605370604520745
4.6785900592803955,0.18828952337352375,0.011976011999884146,-0.05570412526730242,0.0033719368181754092,-0.002480004033588965,0.0003765084637805542,-0.009961887955869364,-0.022127333312980738,-1.9995399497196014,-0.00423388911438259,-0.01150133482704301,-0.021389316898475536
4.695505619049072,0.188332769525179,0.011788580436597222,-0.05519013186024803,0.003361938131127889,-0.002594546099016961,0.0006642192873012819,-0.01046543360678109,-0.0224665485887591,-2.0000030320113087,-0.004489232155020982,-0.011586855945510418,-0.0214491848689624
4.700014591217041,0.188332769525179,0.011788580436597222,-0.05519013186024803,0.00332831874981661,-0.0025686006380267914,0.000657577094428269,-0.01046543360678109,-0.0224665485887591,-2.0000030320113087,-0.004444339833470773,-0.011470987386055315,-0.02123469302027278
4.712268590927124,0.18842925856783674,0.011309241792267779,-0.054840191132877095,0.0033640193615031098,-0.002960550098469267,0.0008976083307367658,-0.011013133969271597,-0.022802403755709577,-2.0004498969703444,-0.00484685283749328,-0.011630355507050699,-0.021387014744883203
4.7159743309021,0.18842925856783674,0.011309241792267779,-0.054840191132877095,0.0033303791678880785,-0.0029309445974845744,0.0008886322474293981,-0.011013133969271597,-0.022802403755709577,-2.0004498969703444,-0.004798384309118347,-0.011514051951980192,-0.02117314459743437
4.73881983757019,0.18852237021151785,0.010698516240070602,-0.05461005614168314,0.0033308074683201026,-0.0031778210489876164,0.0009545058433542439,-0.011598729861832035,-0.02314574724159488,-2.0008780555632026,-0.005006729161673194,-0.011549200717295935,-0.021148827945571946
4.743674993515015,0.18852237021151785,0.010698516240070602,-0.05461005614168314,0.0032974993936369015,-0.0031460428384977404,0.0009449607849207015,-0.011598729861832035,-0.02314574724159488,-2.0008780555632026,-0.004956661870056462,-0.011433708710122975,-0.020937339666116227
4.752553701400757,0.18832343138981444,0.008772344912334659,-0.05447717782428346,0.0029814100523349245,-0.005278169118280836,0.0008822175361846291,-0.012223993763704531,-0.023490221362236836,-2.001303596331155,-0.005611323738111917,-0.011707349384059618,-0.02120724858556312
4.756674528121948,0.18832343138981444,0.008772344912334659,-0.05447717782428346,0.0029515959518115753,-0.005225387427098028,0.0008733953608227828,-0.012223993763704531,-0.023490221362236836,-2.001303596331155,-0.005555210500730798,-0.011590275890219022,-0.02099517609970749
4.772675514221191,0.18840278120738765,0.007751747369733055,-0.05436743279111562,0.0029543453483042723,-0.005814665172939161,0.0008727215111077647,-0.012860740354428562,-0.023832005886761726,-2.0017127146516516,-0.00589760048927618,-0.011687975294586667,-0.021040907530958015
4.777286529541016,0.18840278120738765,0.007751747369733055,-0.05436743279111562,0.0029248018948212296,-0.005756518521209769,0.0008639942959966871,-0.012860740354428562,-0.023832005886761726,-2.0017127146516516,-0.005838624484383418,-0.0115710955416408,-0.020830498455648435
4.790686130523682,0.18861471387178885,0.007581650797982191,-0.0542483354002827,0.0030503599820871064,-0.005837681894540975,0.0009309180684456709,-0.013506042303171699,-0.024179042047924138,-2.0021097444478593,-0.006261821198299261,-0.011714374508096948,-0.02091849318682327
4.795424461364746,0.18861471387178885,0.007581650797982191,-0.0542483354002827,0.003019856382266235,-0.005779305075595566,0.0009216088877612141,-0.013506042303171699,-0.024179042047924138,-2.0021097444478593,-0.006199202986316268,-0.011597230763015979,-0.020709308254955035
4.813490390777588,0.1888652766283617,0.007755219130292256,-0.054146846251735326,0.003131019616930191,-0.005635054557927485,0.0009765011989125191,-0.014154474567586272,-0.024527248300066768,-2.0024924372280006,-0.006496136450733875,-0.011674000408587027,-0.02071404638872217
4.817010402679443,0.1888652766283617,0.007755219130292256,-0.054146846251735326,0.003099709420760889,-0.00557870401234821,0.0009667361869233939,-0.014154474567586272,-0.024527248300066768,-2.0024924372280006,-0.006431175086226536,-0.011557260404501156,-0.020506905924834947
4.8323163986206055,0.1890916870643358,0.008148315633400901,-0.05405884243651206,0.0032236808341086325,-0.005277113607838723,0.0010375558169703086,-0.014797675279490803,-0.024881451149661404,-2.0028631441024025,-0.006787091273733694,-0.011673102241539383,-0.020544034025331656
4.83716344833374,0.1890916870643358,0.008148315633400901,-0.05405884243651206,0.003191444025767546,-0.0052243424717603355,0.0010271802588006054,-0.014797675279490803,-0.024881451149661404,-2.0028631441024025,-0.006719220360996357,-0.011556371219123989,-0.02033859368507834
4.852174997329712,0.18896006421823658,0.009417315462646424,-0.05397325392327466,0.003095036019310335,-0.004335224288940278,0.0011536888907288535,-0.015425834473992888,-0.025239706995399867,-2.003245577946501,-0.007070478774754827,-0.011679460990217253,-0.020389967496339596
4.856638193130493,0.18896006421823658,0.009417315462646424,-0.05397325392327466,0.0030640856591172315,-0.004291872046050875,0.0011421520018215648,-0.015425834473992888,-0.025239706995399867,-2.003245577946501,-0.006999773987007279,-0.01156266638031508,-0.0201860678213762
4.869379997253418,0.18908426929792996,0.010416060268056507,-0.053900525773966285,0.0031523747625805273,-0.0034781303361289388,0.0012605939454985182,-0.016034283484920427,-0.025590542423095098,-2.003619131779038,-0.007407298115357445,-0.01172238175152565,-0.020277378996169354
4.872107744216919,0.18908426929792996,0.010416060268056507,-0.053900525773966285,0.003120851014954722,-0.0034433490327676493,0.001247988006043533,-0.016034283484920427,-0.025590542423095098,-2.003619131779038,-0.00733322513420387,-0.011605157934010393,-0.02007460520620766
4.894333839416504,0.18930791522689475,0.011145798145256998,-0.053843915263125944,0.0031992354067978536,-0.0030877757824783105,0.001291041851032468,-0.016623806475421717,-0.025947719319776817,-2.0039889495644814,-0.007525132001657785,-0.011649807950463142,-0.02004024815865697
4.897196531295776,0.18930791522689475,0.011145798145256998,-0.053843915263125944,0.003167243052729875,-0.0030568980246535272,0.0012781314325221432,-0.016623806475421717,-0.025947719319776817,-2.0039889495644814,-0.007449880681641208,-0.01153330987095851,-0.019839845677070398
4.907569646835327,0.18955668216106727,0.011836613822437544,-0.05377941185905328,0.003393620961792722,-0.002376879554444198,0.0013881858229599234,-0.017189917886019677,-0.026302251068199237,-2.004353867582844,-0.007921130554128984,-0.011759756199144013,-0.019993239328438377
4.91079044342041,0.18955668216106727,0.011836613822437544,-0.05377941185905328,0.0033596847521747946,-0.0023531107588997562,0.0013743039647303242,-0.017189917886019677,-0.026302251068199237,-2.004353867582844,-0.007841919248587695,-0.011642158637152573,-0.019793306935153993
4.931618928909302,0.18975475131601183,0.011968151181949173,-0.05375470273202248,0.003422901473349326,-0.002270470306579722,0.0013775898777848628,-0.01773550344183316,-0.02666227213535225,-2.004712992945236,-0.008025442075892196,-0.011698587384687957,-0.019767794161355653
4.941500663757324,0.18975475131601183,0.011968151181949173,-0.05375470273202248,0.003388672458615833,-0.0022477656035139247,0.001363813979007014,-0.01773550344183316,-0.02666227213535225,-2.004712992945236,-0.007945187655133273,-0.011581601510841076,-0.019570116219742095
4.952537298202515,0.18905081725383094,0.006557673996908811,-0.05359710774231595,0.002585129508088156,-0.007092588613597146,0.001033789680857676,-0.018299381181755347,-0.027025229067285488,-2.0050970165707547,-0.008376650353783727,-0.011794651087626404,-0.019722368618411378
4.956141948699951,0.18905081725383094,0.006557673996908811,-0.05359710774231595,0.0025592782130072745,-0.007021662727461174,0.0010234517840490992,-0.018299381181755347,-0.027025229067285488,-2.0050970165707547,-0.00829288385024589,-0.01167670457675014,-0.019525144932227265
4.986908912658691,0.1887223879887912,0.0007365349424667051,-0.05345771049132978,0.002376303781086983,-0.008832756186022493,0.0008805763639460388,-0.019332709284708018,-0.027734045737906124,-2.0058490734173913,-0.008545811388192666,-0.011790319921513985,-0.019574329966025372
4.9900171756744385,0.1887223879887912,0.0007365349424667051,-0.05345771049132978,0.002352540743276113,-0.008744428624162269,0.0008717706003065783,-0.019332709284708018,-0.027734045737906124,-2.0058490734173913,-0.00846035327431074,-0.011672416722298845,-0.01937858666636512
5.01043963432312,0.18877254536218438,-0.0008305395271065134,-0.053428845993738365,0.0023331020412454824,-0.009421385216658954,0.000804878102879953,-0.019801575197992617,-0.02808720955128911,-2.00622015090523,-0.008605333221867574,-0.011728621691306857,-0.019366501492170573
5.014133930206299,0.18877254536218438,-0.0008305395271065134,-0.053428845993738365,0.0023097710208330275,-0.009327171364492364,0.0007968293218511535,-0.019801575197992617,-0.02808720955128911,-2.00622015090523,-0.008519279889648899,-0.011611335474393789,-0.019172836477248868
5.048318386077881,0.18836840819567743,-0.002903516546783945,-0.05431242799968075,0.0021529392227686256,-0.00980896008617243,0.00047500249447808833,-0.020650106776613966,-0.02880881192688561,-2.0069845174828456,-0.008682308557786714,-0.011706312908488873,-0.019204708739757683
5.052114486694336,0.18836840819567743,-0.002903516546783945,-0.05431242799968075,0.0021314098305409393,-0.009710870485310706,0.00047025246953330747,-0.020650106776613966,-0.02880881192688561,-2.0069845174828456,-0.008595485472208847,-0.011589249779403983,-0.019012661652360107
5.06888484954834,0.18824918921243092,-0.003455674092221623,-0.05483793426061688,0.0020311514618610907,-0.009909561631378516,0.00012314331563644454,-0.021038787267122848,-0.029160621056938115,-2.007379756985277,-0.008741296914908334,-0.011683137554771125,-0.019058212406607884
5.073334217071533,0.18824918921243092,-0.003455674092221623,-0.05483793426061688,0.0020108399472424797,-0.009810466015064731,0.00012191188248008009,-0.021038787267122848,-0.029160621056938115,-2.007379756985277,-0.00865388394575925,-0.011566306179223414,-0.018867630282541806
5.08929705619812,0.18830910444787347,-0.003541472993354421,-0.0551576607253313,0.0020274736221106027,-0.009748010658915847,-8.346460553306804e-05,-0.021399239756011837,-0.029518997000358843,-2.0077779764017976,-0.00879315236153399,-0.011675149510422282,-0.018928420514687207
5.09716534614563,0.18830910444787347,-0.003541472993354421,-0.0551576607253313,0.0020071988858894967,-0.009650530552326689,-8.262995947773736e-05,-0.021399239756011837,-0.029518997000358843,-2.0077779764017976,-0.00870522083791865,-0.011558398015318059,-0.018739136309540334
5.1119704246521,0.18845616119503686,-0.003263403925206001,-0.05531311996369311,0.0020919151796097283,-0.009360298832042726,-0.0001685509439962013,-0.02172995636322967,-0.029875226500516543,-2.008172606030374,-0.008841549145268112,-0.011683427078859328,-0.018818295122726633
5.114935874938965,0.18845616119503686,-0.003263403925206001,-0.05531311996369311,0.002070996027813631,-0.009266695843722299,-0.00016686543455623928,-0.02172995636322967,-0.029875226500516543,-2.008172606030374,-0.00875313365381543,-0.011566592808070736,-0.018630112171499368
5.133514404296875,0.18861906640300066,-0.0027134441321378304,-0.05534270475525838,0.002146112293467461,-0.008880841197530982,-0.00015322451811429635,-0.022031867102667635,-0.030238897139924566,-2.0085621659870623,-0.008828107504647997,-0.011646674687796562,-0.018653493931127432
5.138559103012085,0.18861906640300066,-0.0027134441321378304,-0.05534270475525838,0.0021246511705327866,-0.00879203278555567,-0.00015169227293315338,-0.022031867102667635,-0.030238897139924566,-2.0085621659870623,-0.008739826429601517,-0.011530207940918595,-0.01846695899181616
5.146964073181152,0.1883702409811464,-0.004216883463027717,-0.05460141281006264,0.0017556516004611303,-0.010556076861944314,0.0005584772122710598,-0.022325189741074825,-0.03060581563964451,-2.0089608645872774,-0.009001415291383236,-0.011851455298734428,-0.018756649919776398
5.149969577789307,0.1883702409811464,-0.004216883463027717,-0.05460141281006264,0.0017380950844565189,-0.01045051609332487,0.0005528924401483492,-0.022325189741074825,-0.03060581563964451,-2.0089608645872774,-0.008911401138469404,-0.011732940745747085,-0.018569083420578635
5.169763088226318,0.18842268002845208,-0.004924206217512902,-0.054090514290216746,0.0017365384811743577,-0.010726023118848831,0.0007703992377845479,-0.022548623635132797,-0.030970067518499032,-2.0093502430681243,-0.008935169525974486,-0.011799637249213131,-0.01858011286097293
5.172775745391846,0.18842268002845208,-0.004924206217512902,-0.054090514290216746,0.0017191730963626141,-0.010618762887660343,0.0007626952454067024,-0.022548623635132797,-0.030970067518499032,-2.0093502430681243,-0.00884581783071474,-0.011681640876721,-0.0183943117323632
5.18855619430542,0.18861252656461733,-0.005149551043141148,-0.05367406778877563,0.0018173069315377895,-0.010682495253441985,0.0010040825694614586,-0.02271608946167089,-0.03134208454341252,-2.009731013280427,-0.008863481998771289,-0.01180056999518875,-0.018451660998030722
5.192705869674683,0.18861252656461733,-0.005149551043141148,-0.05367406778877563,0.0017991338622224116,-0.010575670300907565,0.0009940417437668439,-0.02271608946167089,-0.03134208454341252,-2.009731013280427,-0.008774847178783575,-0.011682564295236862,-0.018267144388050414
5.206291913986206,0.18885383187688634,-0.004993858541648422,-0.05333149029440745,0.001960646466492177,-0.010384521517670579,0.0012456954231244545,-0.02283258977279032,-0.031715173065301056,-2.0100988064596006,-0.008772848693119822,-0.011840350241451832,-0.01835518689941715
5.209160804748535,0.18885383187688634,-0.004993858541648422,-0.05333149029440745,0.0019410400018272551,-0.010280676302493873,0.00123323846889321,-0.02283258977279032,-0.031715173065301056,-2.0100988064596006,-0.008685120206188623,-0.011721946739037313,-0.01817163503042298
5.23180627822876,0.1890801202427056,-0.004549461206820408,-0.05304542058109584,0.002026169801029997,-0.009997442371095573,0.0013650414799775763,-0.022907190087509802,-0.032095484434173836,-2.010453343095566,-0.008631211708894922,-0.011772668723259728,-0.01814647828408322
5.239505290985107,0.1890801202427056,-0.004549461206820408,-0.05304542058109584,0.002005908103019697,-0.009897467947384617,0.0013513910651778006,-0.022907190087509802,-0.032095484434173836,-2.010453343095566,-0.008544899591805972,-0.01165494203602713,-0.017965013501242386
5.252135753631592,0.1889351751494707,-0.00351852061919465,-0.05232553549622604,0.0018903833171903847,-0.009038129828241936,0.0019813261497659412,-0.022946318290838544,-0.03247897046670154,-2.010820315143431,-0.00849042982794291,-0.011842012556805314,-0.018075908580713885
5.256617784500122,0.1889351751494707,-0.00351852061919465,-0.05232553549622604,0.0018714794840184808,-0.008947748529959516,0.0019615128882682817,-0.022946318290838544,-0.03247897046670154,-2.010820315143431,-0.00840552552966348,-0.011723592431237261,-0.017895149494906747
5.288074254989624,0.18917036950333077,-0.0014084433529718036,-0.051441999873375534,0.0019439901684622117,-0.008220165251709679,0.0022842920383479956,-0.02296336651566212,-0.03323975921411508,-2.0115209012366826,-0.008326889898551723,-0.011848210960261424,-0.017938914052442086
5.291036128997803,0.18917036950333077,-0.0014084433529718036,-0.051441999873375534,0.0019245502667775895,-0.008137963599192582,0.0022614491179645158,-0.02296336651566212,-0.03323975921411508,-2.0115209012366826,-0.008243620999566206,-0.011729728850658809,-0.017759524911917665
5.310487270355225,0.18934349672927336,-0.0004082124279487606,-0.051162290853823,0.0020071082021778787,-0.007561486947613198,0.002430183988178179,-0.022954751116361524,-0.03362097817297606,-2.0118574783557683,-0.008156755538277632,-0.011808419525971895,-0.017754966870693396
5.313843488693237,0.18934349672927336,-0.0004082124279487606,-0.051162290853823,0.0019870371201561,-0.007485872078137066,0.002405882148296397,-0.022954751116361524,-0.03362097817297606,-2.0118574783557683,-0.008075187982894857,-0.011690335330712176,-0.017577417201986464
5.33196496963501,0.18947839392873447,0.0005203085990949589,-0.050961305603437486,0.002054440323712395,-0.0069142710317212745,0.0025403197124966265,-0.022943816765172625,-0.03400710462696999,-2.012184775524256,-0.007988402186067606,-0.011786508632251657,-0.01758225584496733
5.338370084762573,0.18947839392873447,0.0005203085990949589,-0.050961305603437486,0.002033895920475271,-0.006845128321404062,0.00251491651537166,-0.022943816765172625,-0.03400710462696999,-2.012184775524256,-0.00790851816420693,-0.01166864354592914,-0.017406433286517656
5.347024202346802,0.18949290658203607,0.0006124697187787082,-0.05012873544188606,0.002031742983918999,-0.006762146797969969,0.003456097501592443,-0.022941324402757778,-0.03439057516527686,-2.012520031631267,-0.007826553009661109,-0.011995064723204062,-0.017619763859889812
5.35385799407959,0.18949290658203607,0.0006124697187787082,-0.05012873544188606,0.002011425554079809,-0.006694525329990269,0.0034215365265765183,-0.022941324402757778,-0.03439057516527686,-2.012520031631267,-0.007748287479564498,-0.011875114075972021,-0.017443566221290913
5.369639158248901,0.1896409390702054,0.0008559985650234861,-0.04962214540747873,0.00208852790816526,-0.0065069108666824665,0.003720808551487296,-0.02294059668300041,-0.034771692397398746,-2.0128465020262265,-0.007670343472909657,-0.01199786427695933,-0.01747600401369586
5.373656511306763,0.1896409390702054,0.0008559985650234861,-0.04962214540747873,0.0020676426290836074,-0.006441841758015642,0.003683600465972423,-0.02294059668300041,-0.034771692397398746,-2.0128465020262265,-0.007593640038180561,-0.011877885634189735,-0.0173012439735589
5.39094614982605,0.18982748334352056,0.0011568498581471054,-0.0492945574970797,0.0021589100411036487,-0.006225104198217257,0.003851331182352643,-0.022950318457069036,-0.03515443475502005,-2.0131673121561278,-0.007523326528096769,-0.011980477720446983,-0.017313782046949073
5.3944361209869385,0.18982748334352056,0.0011568498581471054,-0.0492945574970797,0.002137320940692612,-0.006162853156235085,0.0038128178705291163,-0.022950318457069036,-0.03515443475502005,-2.0131673121561278,-0.0074480932628158015,-0.011860672943242513,-0.01714064422647958
5.410362958908081,0.18999692554364736,0.001492173000193194,-0.049106385143181074,0.002227358608654973,-0.005905821407399709,0.0039118189066509376,-0.022975222323651234,-0.035537008254869364,-2.013480017441477,-0.007389248746346019,-0.011982273028083908,-0.01716557637125736
5.418704271316528,0.18999692554364736,0.001492173000193194,-0.049106385143181074,0.002205085022568423,-0.005846763193325712,0.0038727007175844283,-0.022975222323651234,-0.035537008254869364,-2.013480017441477,-0.007315356258882559,-0.011862450297803069,-0.016993920607544788
5.428680658340454,0.19010759402267047,0.0018428662718998755,-0.04902289153031573,0.002302474414815182,-0.005449660391851387,0.003950189792711004,-0.02301859842934002,-0.035922242795677996,-2.0137835418678103,-0.007285681468302837,-0.012129972142079557,-0.017128224235679022
5.433624744415283,0.19010759402267047,0.0018428662718998755,-0.04902289153031573,0.00227944967066703,-0.005395163787932873,0.003910687894783894,-0.02301859842934002,-0.035922242795677996,-2.0137835418678103,-0.007212824653619809,-0.012008672420658761,-0.016956941993322233
5.451387166976929,0.1902433767918604,-0.0016316688429369214,-0.04848136254907026,0.0022850786472264966,-0.007315540143051144,0.003989093981832722,-0.023111252644540874,-0.03630199285968691,-2.0140903641894154,-0.007192859457973371,-0.012102379768004615,-0.01696010932736518
5.454812049865723,0.1902433767918604,-0.0016316688429369214,-0.04848136254907026,0.0022622278607542317,-0.007242384741620633,0.003949203042014395,-0.023111252644540874,-0.03630199285968691,-2.0140903641894154,-0.007120930863393637,-0.011981355970324568,-0.01679050823409153
5.468911647796631,0.19045454557389335,-0.0038449202144537568,-0.048240341683316375,0.0023511227513586075,-0.008749451934945161,0.003930644402521976,-0.023223472316688733,-0.03668484854496346,-2.0143875501220965,-0.007129312244294087,-0.012133079008439678,-0.016833379327168746
5.473160982131958,0.19045454557389335,-0.0038449202144537568,-0.048240341683316375,0.0023276115238450214,-0.00866195741559571,0.0038913379584967567,-0.023223472316688733,-0.03668484854496346,-2.0143875501220965,-0.007058019121851146,-0.012011748218355281,-0.01666504553389706
5.486316680908203,0.19067675544341103,-0.0050699379017831985,-0.04813346720202888,0.002450641414302702,-0.009512315107337485,0.0038448167342202905,-0.023358877953460075,-0.037068490055978745,-2.014676743127978,-0.0070903643921184515,-0.012183246953250225,-0.016718218450011126
5.489185571670532,0.19067675544341103,-0.0050699379017831985,-0.04813346720202888,0.0024261350001596746,-0.00941719195626411,0.0038063685668780875,-0.023358877953460075,-0.037068490055978745,-2.014676743127978,-0.007019460748197267,-0.012061414483717723,-0.016551036265511014
5.512934923171997,0.19086030872882162,-0.005500541397863211,-0.04812259199891069,0.0024747935487128806,-0.00950546625232083,0.0037556956435291088,-0.023515116232966635,-0.03745601361833679,-2.014956193794346,-0.007015052475764031,-0.01210397261006199,-0.016503192554238322
5.517562627792358,0.19086030872882162,-0.005500541397863211,-0.04812259199891069,0.0024500456132257515,-0.009410411589797621,0.0037181386870938178,-0.023515116232966635,-0.03745601361833679,-2.014956193794346,-0.006944901951006391,-0.01198293288396137,-0.01633816062869594
5.53125786781311,0.19097055919394437,-0.005234694174071174,-0.04816794814959308,0.0025107804448189926,-0.009122238362580963,0.0036666107731567915,-0.023688127307217584,-0.03784682849608277,-2.015224582915569,-0.007001782279495187,-0.012148469037693652,-0.01637075157989339
5.535116672515869,0.19097055919394437,-0.005234694174071174,-0.04816794814959308,0.002485672640370803,-0.009031015978955153,0.0036299446654252236,-0.023688127307217584,-0.03784682849608277,-2.015224582915569,-0.006931764456700235,-0.012026984347316716,-0.016207044064094456
5.5549938678741455,0.190597119379102,-0.004446555793588703,-0.04834820025358621,0.002282849075708435,-0.008533589865203122,0.0035410629302465857,-0.02387461337093633,-0.03824859601980555,-2.015481630741737,-0.006956265915058685,-0.01210883935922738,-0.01617429157879616
5.559964656829834,0.190597119379102,-0.004446555793588703,-0.04834820025358621,0.002260020584951351,-0.00844825396655109,0.0035056523009441196,-0.02387461337093633,-0.03824859601980555,-2.015481630741737,-0.006886703255908098,-0.011987750965635107,-0.0160125486630082
5.570387125015259,0.19029579849446013,-0.002648586904509882,-0.04820839422672543,0.0019892982070129116,-0.0066554983544188,0.0037676461197816416,-0.02404193114376332,-0.038646306334810275,-2.0157266864143084,-0.006978371875605528,-0.012249462833781703,-0.01608754567156039
5.573257207870483,0.19029579849446013,-0.002648586904509882,-0.04820839422672543,0.0019694052249427823,-0.006588943370874612,0.003729969658583825,-0.02404193114376332,-0.038646306334810275,-2.0157266864143084,-0.006908588156849473,-0.012126968205443886,-0.015926670214844785
5.590614557266235,0.19017117545035286,-0.001407760507197415,-0.04821269861316085,0.0018950778788244971,-0.005810797989638308,0.003758031837686166,-0.024205375771920435,-0.039048241462634664,-2.0159634862771356,-0.00693366678417605,-0.012237263331275816,-0.015903829793822627
5.596968650817871,0.19017117545035286,-0.001407760507197415,-0.04821269861316085,0.001876127100036252,-0.0057526900097419256,0.0037204515193093044,-0.024205375771920435,-0.039048241462634664,-2.0159634862771356,-0.0068643301163342895,-0.012114890697963057,-0.0157447914958844
5.626916408538818,0.19013745740017673,-0.0001691068463515335,-0.048257041404628116,0.0018560724624305457,-0.005282532023323302,0.003707743134741475,-0.02436210961842232,-0.039449109893218814,-2.016191284214671,-0.00684802256863948,-0.012127597699101636,-0.015663408687254375
5.633577346801758,0.19013745740017673,-0.0001691068463515335,-0.048257041404628116,0.0018375117378062404,-0.005229706703090069,0.00367066570339406,-0.02436210961842232,-0.039449109893218814,-2.016191284214671,-0.006779542342953085,-0.01200632172211062,-0.015506774600381832
5.6389031410217285,0.19013254059910953,0.0011464570579601964,-0.0483183028981637,0.0018695424556618519,-0.0027119254702392863,0.003753710691959962,-0.024511667265122994,-0.03985371389372739,-2.0164114311722474,-0.00699256446620957,-0.012645964914482638,-0.015765066718623107
5.643678903579712,0.19013254059910953,0.0011464570579601964,-0.0483183028981637,0.0018508470311052333,-0.0026848062155368935,0.003716173585040362,-0.024511667265122994,-0.03985371389372739,-2.0164114311722474,-0.006922638821547474,-0.012519505265337811,-0.015607416051436876
5.648141384124756,0.1902209037212824,0.002586474100315969,-0.04749106174120018,0.0021064273775510656,0.00036788758928889276,0.005826957891119604,-0.024653571490519218,-0.0402533712761283,-2.016644540968647,-0.007171406481628353,-0.013289904890054554,-0.015973719062199077
5.653165817260742,0.1902209037212824,0.002586474100315969,-0.04749106174120018,0.002085363103775555,0.0003642087133960038,0.005768688312208408,-0.024653571490519218,-0.0402533712761283,-2.016644540968647,-0.007099692416812069,-0.013157005841154009,-0.015813981871577086
5.672747850418091,0.190527019863367,0.004158715087825158,-0.04704018574868254,0.002239818226315713,0.0011328089664613733,0.006015525466567177,-0.024787248344295087,-0.04065199251698814,-2.0168732916759287,-0.007096960545972031,-0.013229000569737148,-0.015772658680350132
5.676682949066162,0.190527019863367,0.004158715087825158,-0.04704018574868254,0.0022174200440525558,0.0011214808767967595,0.005955370211901506,-0.024787248344295087,-0.04065199251698814,-2.0168732916759287,-0.007025990940512311,-0.013096710564039776,-0.01561493209354663
5.69771671295166,0.1908568793308549,0.005476526939770961,-0.04679085318872192,0.002366865177527406,0.0017178556902628724,0.00607254926035841,-0.024920479427712656,-0.041050972658260826,-2.0171024300361062,-0.007019072563389684,-0.013155429024636893,-0.015567721125929636
5.705960750579834,0.1908568793308549,0.005476526939770961,-0.04679085318872192,0.002343196525752132,0.0017006771333602437,0.006011823767754826,-0.024920479427712656,-0.041050972658260826,-2.0171024300361062,-0.006948881837755787,-0.013023874734390524,-0.01541204391467034
5.71545934677124,0.19115246961559662,0.0064515735880276105,-0.04670975740557328,0.0026550824012348813,0.0026882609523398585,0.006132847597465679,-0.02505704979594715,-0.04144965135871703,-2.017330412749031,-0.007023172547934307,-0.01331335979930522,-0.015497940745792303
5.719506025314331,0.19115246961559662,0.0064515735880276105,-0.04670975740557328,0.0026285315772225323,0.00266137834281646,0.006071519121491022,-0.02505704979594715,-0.04144965135871703,-2.017330412749031,-0.006952940822454964,-0.013180226201312168,-0.01534296133833438
5.7394866943359375,0.19137392924844712,0.007329077600624384,-0.04673456560374173,0.002723340676657164,0.003069736728975365,0.006039758075608226,-0.02519743269335483,-0.0418496501282878,-2.017557741338881,-0.006953670772040643,-0.013248616820297286,-0.01530330598826743
5.744576454162598,0.19137392924844712,0.007329077600624384,-0.04673456560374173,0.0026961072698905926,0.003039039361685611,0.005979360494852144,-0.02519743269335483,-0.0418496501282878,-2.017557741338881,-0.006884134064320236,-0.013116130652094313,-0.015150272928384756
5.757652282714844,0.1910075269266865,0.004274791103552176,-0.04747129630809883,0.002332987059111783,0.0007481270266101936,0.0051383296901237364,-0.02537344012202193,-0.04225223293301748,-2.017799828022687,-0.006949897906028455,-0.013292852553984304,-0.015183910806320327
5.761364936828613,0.1910075269266865,0.004274791103552176,-0.04747129630809883,0.0023096571885206653,0.0007406457563440916,0.005086946393222499,-0.02537344012202193,-0.04225223293301748,-2.017799828022687,-0.006880398926968171,-0.01315992402844446,-0.015032071698257123
5.792402982711792,0.1909788195650973,0.0006602279075041083,-0.04847840920552146,0.0022494747099868436,-0.0003926940014404356,0.004602765230585481,-0.02569539657063934,-0.043051064959885296,-2.018274176172197,-0.00691532455064809,-0.013285696669712889,-0.015034578949663913
5.795714855194092,0.1909788195650973,0.0006602279075041083,-0.04847840920552146,0.002226979962886975,-0.00038876706142603124,0.004556737578279626,-0.02569539657063934,-0.043051064959885296,-2.018274176172197,-0.006846171305141609,-0.01315283970301576,-0.014884233160167274
5.813154220581055,0.1910730215509956,-0.0003849103849668554,-0.04884223348342159,0.002244477525620712,-0.0009617517630238917,0.00424667191145694,-0.025851148343270573,-0.04345224415370869,-2.0185072095044436,-0.006867020051029064,-0.013251353618261085,-0.014869015720914409
5.817923069000244,0.1910730215509956,-0.0003849103849668554,-0.04884223348342159,0.0022220327503645046,-0.0009521342453936528,0.00420420519234237,-0.025851148343270573,-0.04345224415370869,-2.0185072095044436,-0.006798349850518774,-0.013118840082078474,-0.014720325563705264
5.836463689804077,0.19115587909639145,-0.0010164686511958012,-0.04912648512247433,0.0022364683242742244,-0.0012675324619924682,0.003977281109803112,-0.02600570524565013,-0.043859848103055384,-2.018735906144789,-0.006813727585714889,-0.013207495425250567,-0.014696471273976637
5.8414223194122314,0.19115587909639145,-0.0010164686511958012,-0.04912648512247433,0.002214103641031482,-0.0012548571373725435,0.003937508298705081,-0.02600570524565013,-0.043859848103055384,-2.018735906144789,-0.00674559030985774,-0.01307542047099806,-0.014549506561236871
5.851602077484131,0.19035721619355564,-0.007687599753700435,-0.04922496732548074,0.0012483747796920243,-0.007724804693758953,0.0031782389849197784,-0.026210036830560935,-0.04427411976565113,-2.018974639997804,-0.006878857826183884,-0.013351622560995438,-0.014638529694710408
5.856079578399658,0.19035721619355564,-0.007687599753700435,-0.04922496732548074,0.001235891031895104,-0.007647556646821364,0.0031464565950705807,-0.026210036830560935,-0.04427411976565113,-2.018974639997804,-0.006810069247922045,-0.013218106335385484,-0.014492144397763303
5.868967056274414,0.18999476963211323,-0.01185819267197213,-0.04933865933495972,0.0008644934620818166,-0.010771114393733268,0.0027193854394052305,-0.026420326225682862,-0.044676505740814505,-2.019205875729809,-0.006905141984072987,-0.013398155468718576,-0.014526649630015194
5.873255491256714,0.18999476963211323,-0.01185819267197213,-0.04933865933495972,0.0008558485274609985,-0.010663403249795936,0.002692191585011178,-0.026420326225682862,-0.044676505740814505,-2.019205875729809,-0.006836090564232258,-0.013264173914031391,-0.014381383133715042
5.893179416656494,0.18985250865235048,-0.014474145590566215,-0.04942552322068437,0.0007445049669546729,-0.011855420055585663,0.002497154912090925,-0.026631605720645293,-0.0450876529524697,-2.0194336829284762,-0.006873772765419055,-0.013337890712882656,-0.01435190781454163
5.898106336593628,0.18985250865235048,-0.014474145590566215,-0.04942552322068437,0.0007370599172851262,-0.011736865855029806,0.0024721833629700158,-0.026631605720645293,-0.0450876529524697,-2.0194336829284762,-0.006805035037764864,-0.013204511805753829,-0.014208388736396212
5.914929151535034,0.18984381231644537,-0.01570732200789442,-0.04947397991715662,0.0007070673300951474,-0.012344990549778013,0.0023493505951209075,-0.026834271403723117,-0.045494664522652176,-2.0196532218793988,-0.006857455419416135,-0.01331440691684349,-0.014196805571822804
5.919227838516235,0.18984381231644537,-0.01570732200789442,-0.04947397991715662,0.0006999966567941959,-0.012221540644280233,0.0023258570891696983,-0.026834271403723117,-0.045494664522652176,-2.0196532218793988,-0.006788880865221974,-0.013181262847675054,-0.014054837516104576
5.93880033493042,0.18990033078849355,-0.015657536417685365,-0.04946810616379793,0.0007224466412981059,-0.012075061503197537,0.0023081723365626725,-0.02702182975294907,-0.04590969107148451,-2.019865760637078,-0.00681681956127683,-0.013261496010419682,-0.014022879661632147
5.958441972732544,0.18995904474705066,-0.015425876835290855,-0.04902563114869413,0.000745842972331073,-0.011859166904244654,0.00252036816431567,-0.02719617804257165,-0.04631987547176256,-2.020097145904995,-0.006837416005038344,-0.013337715163035809,-0.014000454314121261
5.9630725383758545,0.18995904474705066,-0.015425876835290855,-0.04902563114869413,0.0007383845426077622,-0.011740575235202208,0.0024951644826725133,-0.02719617804257165,-0.04631987547176256,-2.020097145904995,-0.00676904184498796,-0.01320433801140545,-0.013860449770980048
5.974133729934692,0.190213399169875,-0.01428013251072978,-0.04871509038975091,0.0009830833746503043,-0.010626255221920039,0.0028488655627227906,-0.027359652012879113,-0.04673052026598206,-2.02032682988165,-0.006849141987290867,-0.013443542875239755,-0.013929493767045211
5.979032754898071,0.190213399169875,-0.01428013251072978,-0.04871509038975091,0.0009732525409038012,-0.010519992669700839,0.0028203769070955626,-0.027359652012879113,-0.04673052026598206,-2.02032682988165,-0.006780650567417958,-0.013309107446487358,-0.01379019882937476
5.993448257446289,0.1905502701578961,-0.012578259623500343,-0.04846678597581841,0.0012237781248901377,-0.009263872594767287,0.0030767284577206126,-0.027510568675382287,-0.04714252133657569,-2.0205563659049353,-0.00681753459334223,-0.01346182053959524,-0.01381152543718273
5.997413158416748,0.1905502701578961,-0.012578259623500343,-0.04846678597581841,0.0012115403436412364,-0.009171233868819614,0.0030459611731434065,-0.027510568675382287,-0.04714252133657569,-2.0205563659049353,-0.006749359247408807,-0.013327202334199286,-0.013673410182810904
6.013597249984741,0.1909039385038652,-0.010329381212710053,-0.04825092595898431,0.0014498827671986729,-0.007716921468190151,0.00328119475460202,-0.027647310485387686,-0.04755720302900135,-2.0207838177601727,-0.006766357150444933,-0.013450158280578968,-0.013677216471700337
6.017972230911255,0.1909039385038652,-0.010329381212710053,-0.04825092595898431,0.0014353839395266862,-0.00763975225350825,0.003248382807056,-0.027647310485387686,-0.04755720302900135,-2.0207838177601727,-0.006698693578940484,-0.013315656697773178,-0.013540444306983333
6.041544198989868,0.19121138929489273,-0.008057331255634575,-0.04809102057583254,0.0015738526120633817,-0.006615325378389955,0.003375572124447502,-0.027774058576260845,-0.04797598005416675,-2.0210059678014303,-0.006685477329777859,-0.013360159044878802,-0.013499283178903877
6.04632830619812,0.19121138929489273,-0.008057331255634575,-0.04809102057583254,0.001558114085942748,-0.006549172124606055,0.003341816403203027,-0.027774058576260845,-0.04797598005416675,-2.0210059678014303,-0.00661862255648008,-0.013226557454430014,-0.013364290347114838
6.054890155792236,0.19129062668979402,-0.00632768886673501,-0.047218000646101314,0.0016773604067677492,-0.004575912295736241,0.0045147096507607565,-0.027895830212469646,-0.048395837714989925,-2.0212507697580233,-0.006694662183951151,-0.013584673842577171,-0.013516569257501847
6.059281587600708,0.19129062668979402,-0.00632768886673501,-0.047218000646101314,0.0016605868027000717,-0.004530153172778878,0.004469562554253149,-0.027895830212469646,-0.048395837714989925,-2.0212507697580233,-0.0066277155621116395,-0.0134488271041514,-0.01338140356492683
6.072128534317017,0.19154142843195257,-0.004443414217977888,-0.046684395341672714,0.001871464458162005,-0.0030718271279858295,0.004977904743179082,-0.028009465524494633,-0.04881097315815384,-2.0214943782921226,-0.006649891573250164,-0.013637478215821668,-0.013437213211447955
6.090050458908081,0.191845405760642,-0.0026219252613076576,-0.046340496106778276,0.002045123314516377,-0.0020536180995795504,0.00521601262103582,-0.028122748855318836,-0.04923104577130616,-2.021739062031183,-0.006646602013325734,-0.013735493781093972,-0.013439368681498694
6.092914581298828,0.191845405760642,-0.0026219252613076576,-0.046340496106778276,0.0020246720813712135,-0.002033081918583755,0.005163852494825462,-0.028122748855318836,-0.04923104577130616,-2.021739062031183,-0.006580135993192477,-0.013598138843283033,-0.013304974994683708
6.114393711090088,0.19214972229710486,-0.0004927258714215423,-0.04610389662704158,0.002168593032875753,-0.0010417040267204675,0.005316457873493927,-0.02823621088153231,-0.04965047925418203,-2.0219813829157816,-0.006567158945658741,-0.013657432350505679,-0.01328474214512039
6.118955850601196,0.19214972229710486,-0.0004927258714215423,-0.04610389662704158,0.002146907102546995,-0.0010312869864532628,0.005263293294758988,-0.02823621088153231,-0.04965047925418203,-2.0219813829157816,-0.006501487356202153,-0.013520858027000622,-0.013151894723669186
6.142770290374756,0.19239187873381278,0.00133729588008848,-0.04599099989893276,0.002244672447537356,-0.00026439509643556825,0.00533123701241705,-0.028356406330349762,-0.05007545475667849,-2.0222183773609332,-0.0064869441502335475,-0.013564102312528576,-0.0131198928960478
6.146194219589233,0.19239187873381278,0.00133729588008848,-0.04599099989893276,0.0022222257230619827,-0.00026175114547121256,0.005277924642292879,-0.028356406330349762,-0.05007545475667849,-2.0222183773609332,-0.006422074708731212,-0.01342846128940329,-0.01298869396708732
6.173750400543213,0.1921129093275093,0.004483878628228555,-0.045919476250808264,0.0021250606924812974,0.0008751456261537327,0.005360619084139889,-0.02861494748906924,-0.050922835350024634,-2.022723855473768,-0.0064516772527419145,-0.013601686848097013,-0.013042242501903573
6.176537990570068,0.1921129093275093,0.004483878628228555,-0.045919476250808264,0.0021038100855564844,0.0008663941698921954,0.005307012893298491,-0.02861494748906924,-0.050922835350024634,-2.022723855473768,-0.006387160480214495,-0.013465669979616042,-0.012911820076884538
6.19584846496582,0.1922155738802034,0.005741727697363507,-0.04596672152812593,0.002150912947256858,0.0015060176045327916,0.005291770684823957,-0.02875530836884853,-0.05134736182412457,-2.0229714416586067,-0.006395975271874036,-0.013550855871669062,-0.0129109152901234
6.199701309204102,0.1922155738802034,0.005741727697363507,-0.04596672152812593,0.0021294038177842893,0.0014909574284874636,0.005238852977975718,-0.02875530836884853,-0.05134736182412457,-2.0229714416586067,-0.006332015519155296,-0.013415347312952372,-0.012781806137222166
6.211551904678345,0.19235176276484006,0.006675938336127785,-0.04606100854443998,0.002241095426815486,0.0022642613736954032,0.005182373062106139,-0.028907164511767492,-0.05176755901560001,-2.023211330970349,-0.00639683756850445,-0.013635772807933546,-0.012856416141396489
6.214778900146484,0.19235176276484006,0.006675938336127785,-0.04606100854443998,0.002218684472547331,0.0022416187599584494,0.005130549331485078,-0.028907164511767492,-0.05176755901560001,-2.023211330970349,-0.006332869192819405,-0.01349941507985421,-0.012727851979982524
6.235574245452881,0.19246551983950094,0.007328428230364718,-0.04618820294444038,0.002258340722012027,0.002535549811603661,0.005048254943805638,-0.029071444089128647,-0.052193164292350845,-2.0234429790554933,-0.0063485387454217425,-0.013569084650903038,-0.012711967660053393
6.2398998737335205,0.19246551983950094,0.007328428230364718,-0.04618820294444038,0.002235757314791907,0.002510194313487624,0.004997772394367581,-0.029071444089128647,-0.052193164292350845,-2.0234429790554933,-0.006285053357967525,-0.013433393804394008,-0.012584847983452859
6.259279489517212,0.19208278732946601,0.007850479632803558,-0.04627041327232435,0.002022153558573944,0.002761291318292172,0.0049324713414630504,-0.029247208045223058,-0.05261921955634849,-2.0236940963853485,-0.006312898098255107,-0.013518906982388449,-0.012588577578157088
6.262356758117676,0.19208278732946601,0.007850479632803558,-0.04627041327232435,0.0020019320229882048,0.00273367840510925,0.00488314662804842,-0.029247208045223058,-0.05261921955634849,-2.0236940963853485,-0.006249769117272556,-0.013383717912564564,-0.012462691802375516
6.292040824890137,0.19204776196450613,0.00830562508450895,-0.04652250086968296,0.0019734866392891273,0.0028670797155398464,0.004764645833817586,-0.0296280813082736,-0.053450067149582885,-2.0241754655978283,-0.006315580416229139,-0.013529777554721237,-0.012500229056858764
6.295597314834595,0.19204776196450613,0.00830562508450895,-0.04652250086968296,0.001953751772896236,0.002838408918384448,0.00471699937547941,-0.0296280813082736,-0.053450067149582885,-2.0241754655978283,-0.006252424612066848,-0.013394479779174025,-0.012375226766290177
6.3130412101745605,0.1921467979136058,0.008279320352994333,-0.046666460864117354,0.00199039473351104,0.002801646022583372,0.004586047610585848,-0.02983189925441587,-0.0538612746927914,-2.0244044469462774,-0.006306742356894898,-0.013496266470934618,-0.012382741823950216
6.316668272018433,0.1921467979136058,0.008279320352994333,-0.046666460864117354,0.0019704907861759296,0.0027736295623575383,0.004540187134479989,-0.02983189925441587,-0.0538612746927914,-2.0244044469462774,-0.006243674933325949,-0.013361303806225272,-0.012258914405710714
6.33107590675354,0.19223452270307456,0.008135806955596103,-0.04681034336464436,0.002009045176716574,0.0026551016035869716,0.0043856600727020505,-0.030043326787369828,-0.05427639487125447,-2.024622990370488,-0.006327985055940219,-0.013515815908823017,-0.012288011106158162
6.336159706115723,0.19223452270307456,0.008135806955596103,-0.04681034336464436,0.0019889547249494085,0.002628550587551102,0.00434180347197503,-0.030043326787369828,-0.05427639487125447,-2.024622990370488,-0.006264705205380817,-0.013380657749734787,-0.01216513099509658
6.35287618637085,0.19166290937059033,0.012188556967348175,-0.0464274558032972,0.001685181962438435,0.004996838501698307,0.004759998542170676,-0.03022793211417936,-0.054696883771715686,-2.024858789199902,-0.006312491285177784,-0.013498392701341481,-0.012184537387374163
6.357881307601929,0.19166290937059033,0.012188556967348175,-0.0464274558032972,0.0016683301428140505,0.004946870116681324,0.004712398556748969,-0.03022793211417936,-0.054696883771715686,-2.024858789199902,-0.006249366372326006,-0.013363408774328065,-0.012062692013500421
6.36847186088562,0.19145830772886027,0.014753684482253511,-0.04622233718782656,0.0015165024933757002,0.007289709265273941,0.005090333160782389,-0.030420762292055623,-0.055100706514822746,-2.025086102195206,-0.006368950238181117,-0.01361107935716221,-0.012156702600221777
6.373160362243652,0.19145830772886027,0.014753684482253511,-0.04622233718782656,0.0015013374684419432,0.007216812172621202,0.005039429829174565,-0.030420762292055623,-0.055100706514822746,-2.025086102195206,-0.006305260735799306,-0.013474968563590588,-0.01203513557421956
6.390538454055786,0.19142578432107651,0.016360723798865516,-0.0461171943041697,0.0014897330053087472,0.008058070151782884,0.005137460050235319,-0.030620109082174173,-0.05551015050950992,-2.0253095907723413,-0.006356919681512613,-0.013575828172181848,-0.01204338785318669
6.393366575241089,0.19142578432107651,0.016360723798865516,-0.0461171943041697,0.0014748356752556596,0.007977489450265055,0.005086085449732966,-0.030620109082174173,-0.05551015050950992,-2.0253095907723413,-0.006293350484697487,-0.01344006989046003,-0.011922953974654824
6.4157960414886475,0.19148044174607937,0.017279031533751463,-0.04607926260533442,0.0014941884772690928,0.008302331182386952,0.005090804360547973,-0.030825908323123073,-0.05591140715737684,-2.0255234539559983,-0.006322170942551831,-0.013484566292109746,-0.011899073642640891
6.420688629150391,0.19148044174607937,0.017279031533751463,-0.04607926260533442,0.0014792465924964018,0.008219307870563082,0.005039896316942493,-0.030825908323123073,-0.05591140715737684,-2.0255234539559983,-0.006258949233126312,-0.013349720629188648,-0.011780082906214483
6.435724496841431,0.19155739825730878,0.017822829029237108,-0.046073054648865484,0.0015241526454976139,0.008494905969072822,0.005027549547738673,-0.031036879949945514,-0.05631733725278031,-2.025729813195336,-0.006336671980273028,-0.01348619792902079,-0.011799526726798152
6.440640449523926,0.19155739825730878,0.017822829029237108,-0.046073054648865484,0.0015089111190426377,0.008409956909382094,0.004977274052261287,-0.031036879949945514,-0.05631733725278031,-2.025729813195336,-0.006273305260470298,-0.013351335949730581,-0.011681531459530171
6.4516379833221436,0.19119949314242296,0.018253596074783322,-0.04535567905281503,0.0011825751748921324,0.00865995136500112,0.005616502458548759,-0.031248170376756253,-0.05672197818434263,-2.025952946596164,-0.006402697488576239,-0.013585760474295876,-0.0117676101800175
6.4756128787994385,0.19115853689407736,0.018504439066372856,-0.044953563977941965,0.0011573843642942302,0.008661678259104879,0.005737167127653061,-0.03145553523597774,-0.0571183367981096,-2.0261676758201275,-0.006425163011402455,-0.01361522522273787,-0.011739498274301914
6.479662895202637,0.19115853689407736,0.018504439066372856,-0.044953563977941965,0.0011458105206512879,0.00857506147651383,0.005679795456376531,-0.03145553523597774,-0.0571183367981096,-2.0261676758201275,-0.00636091138128843,-0.013479072970510491,-0.011622103291558895
6.494840145111084,0.19125762268976362,0.018275091115274696,-0.0447488395600152,0.0011971902697975973,0.008324873624949103,0.005741987605025765,-0.03166683314506,-0.0575180218995841,-2.0263771309698533,-0.006436522422877122,-0.013607627118095735,-0.011643888255111241
6.499033212661743,0.19125762268976362,0.018275091115274696,-0.0447488395600152,0.0011852183670996214,0.008241624888699612,0.005684567728975507,-0.03166683314506,-0.0575180218995841,-2.0263771309698533,-0.006372157198648351,-0.013471550846914778,-0.011527449372560129
6.514114856719971,0.19142226024677828,0.017964103316824576,-0.04466627774372827,0.0012781911879881332,0.007946733057538024,0.005661352083368542,-0.03188147192387645,-0.057914558024989134,-2.0265772415310113,-0.006450753518522841,-0.013599761663900655,-0.01154485972432312
6.519460201263428,0.19142226024677828,0.017964103316824576,-0.04466627774372827,0.0012654092761082518,0.007867265726962643,0.005604738562534856,-0.03188147192387645,-0.057914558024989134,-2.0265772415310113,-0.006386245983337612,-0.013463764047261649,-0.011429411127079889
6.540304899215698,0.19158294806728543,0.017413851019162478,-0.044687799503220896,0.0013237108779893592,0.007525627709428021,0.005512481136916454,-0.032100314343723714,-0.05831536129404673,-2.0267673498252488,-0.006427370614393422,-0.013521407086497293,-0.011406319246070613
6.545600175857544,0.19158294806728543,0.017413851019162478,-0.044687799503220896,0.0013104737692094656,0.007450371432333741,0.00545735632554729,-0.032100314343723714,-0.05831536129404673,-2.0267673498252488,-0.006363096908249488,-0.01338619301563232,-0.011292256053609907
6.558675527572632,0.19162149731302097,0.015566964687226285,-0.044768923125968675,0.001294189644397961,0.005977759241853323,0.005206130725992904,-0.03233062327375944,-0.05871411297391041,-2.0269616770954855,-0.006475605698199226,-0.013557295486092124,-0.011327954558473125
6.562521457672119,0.19162149731302097,0.015566964687226285,-0.044768923125968675,0.0012812477479539814,0.00591798164943479,0.005154069418732974,-0.03233062327375944,-0.05871411297391041,-2.0269616770954855,-0.0064108496412172335,-0.013421722531231202,-0.011214675012888394
6.575786113739014,0.19186866918128162,0.013787541690650775,-0.04493058125713791,0.0014233749846933562,0.00453355963180393,0.004851730953084357,-0.03254740283898216,-0.05910856144658008,-2.027132128137614,-0.006510167594861122,-0.013584873342210552,-0.01123102842233298
6.5807671546936035,0.19186866918128162,0.013787541690650775,-0.04493058125713791,0.0014091412348464225,0.00448822403548589,0.004803213643553514,-0.03254740283898216,-0.05910856144658008,-2.027132128137614,-0.006445065918912511,-0.013449024608788447,-0.01111871813810965
6.593976736068726,0.19219782362713608,0.012261539509056498,-0.04511528640334406,0.0016170289602896945,0.0033035020863445156,0.004503793417412208,-0.03275496271988177,-0.05950717007765033,-2.027284785804765,-0.006537743540329247,-0.01361629156434887,-0.011123096819730722
6.597811937332153,0.19219782362713608,0.012261539509056498,-0.04511528640334406,0.0016008586706867975,0.00327046706548107,0.004458755483238086,-0.03275496271988177,-0.05950717007765033,-2.027284785804765,-0.0064723661049259544,-0.013480128648705382,-0.011011865851533414
6.617762565612793,0.1925265405688394,0.01087548592107148,-0.04531444535972943,0.001733212199684108,0.00255346001474306,0.004247227683799879,-0.032952533389038155,-0.05990575670149334,-2.027416225643779,-0.006506672242025012,-0.01354511386429546,-0.010967629749278882
6.622724771499634,0.1925265405688394,0.01087548592107148,-0.04531444535972943,0.001715880077687267,0.0025279254145956294,0.00420475540696188,-0.032952533389038155,-0.05990575670149334,-2.027416225643779,-0.0064416055196047615,-0.013409662725652506,-0.010857953451786093
6.641092777252197,0.19279520495101932,0.009595844668057936,-0.04551657276331828,0.0018285383682202468,0.0018178297769350503,0.0039855498954557075,-0.0331393718365481,-0.06031011222527984,-2.0275276229651977,-0.006478908970612523,-0.013495707320711349,-0.010810021394691468
6.645552158355713,0.19279520495101932,0.009595844668057936,-0.04551657276331828,0.0018102529845380442,0.0017996514791656997,0.00394569439650115,-0.0331393718365481,-0.06031011222527984,-2.0275276229651977,-0.0064141198809063976,-0.013360750247504235,-0.010701921180744553
6.660044193267822,0.19256082036012853,0.007621077934398266,-0.04636014594949982,0.0015972629206500901,0.00048748285670671644,0.0031979189749287477,-0.033321904115030394,-0.060718650486688966,-2.0276438163610204,-0.00647593220041916,-0.013509048125389375,-0.01067507938813833
6.664723634719849,0.19256082036012853,0.007621077934398266,-0.04636014594949982,0.0015812902914435893,0.0004826080281396493,0.00316593978517946,-0.033321904115030394,-0.060718650486688966,-2.0276438163610204,-0.006411172878414968,-0.013373957644135482,-0.010568328594256946
6.675444602966309,0.19258743728579222,0.006081128369967887,-0.046918602047747296,0.001555593043621798,-0.0008997800892374206,0.0024786980159965085,-0.03350119684277726,-0.06111927559585633,-2.0277460958190496,-0.006514296723531589,-0.01361390176860393,-0.010558046633715169
6.680468797683716,0.19258743728579222,0.006081128369967887,-0.046918602047747296,0.00154003711318558,-0.0008907822883450464,0.0024539110358365434,-0.03350119684277726,-0.06111927559585633,-2.0277460958190496,-0.006449153756296273,-0.013477762750917891,-0.010452466167378016
6.693713903427124,0.1927216627647385,0.005088429071139014,-0.04728848861046484,0.0016078548029722362,-0.0016019906136472408,0.0020794732222299815,-0.03367056626224064,-0.06152585560424693,-2.0278411420903235,-0.006512535429219129,-0.013649951346455247,-0.010419701047013435
6.6981024742126465,0.1927216627647385,0.005088429071139014,-0.04728848861046484,0.0015917762549425138,-0.0015859707075107684,0.0020586784900076815,-0.03367056626224064,-0.06152585560424693,-2.0278411420903235,-0.006447410074926938,-0.013513451832990695,-0.010315504036543301
6.714917898178101,0.19288033963914358,0.00433575736463363,-0.047522018093621395,0.0016594294625737552,-0.0020036499088883697,0.001856716366710399,-0.033828315611206056,-0.0619301718571961,-2.027925713038633,-0.006476748267753793,-0.01361876100123081,-0.010262642672081023
6.720292568206787,0.19288033963914358,0.00433575736463363,-0.047522018093621395,0.0016428351679480175,-0.001983613409799486,0.001838149203043295,-0.033828315611206056,-0.0619301718571961,-2.027925713038633,-0.006411980785076255,-0.013482573391218503,-0.010160016245360214
6.740649938583374,0.1930133088855453,0.004102239930779953,-0.047615218109666645,0.0016889383331066723,-0.002074868633709393,0.0017630061900325092,-0.03397036234857742,-0.06234027290413877,-2.0280028418847738,-0.006417637542048783,-0.01354919855167838,-0.010096303513706455
6.745105266571045,0.1930133088855453,0.004102239930779953,-0.047615218109666645,0.0016720489497756056,-0.0020541199473722987,0.001745376128132184,-0.03397036234857742,-0.06234027290413877,-2.0280028418847738,-0.006353461166628295,-0.013413706566161596,-0.00999534047856939
6.757300138473511,0.1925161452729882,0.003875620981858463,-0.04765265651071495,0.0012433515668250586,-0.002205615413896713,0.001680998995340743,-0.03409985838691477,-0.06275503374093114,-2.0280976710556984,-0.006396115483696198,-0.01361968036030204,-0.009973148588363814
6.7612199783325195,0.1925161452729882,0.003875620981858463,-0.04765265651071495,0.001230918051156808,-0.002183559259757746,0.0016641890053873355,-0.03409985838691477,-0.06275503374093114,-2.0280976710556984,-0.006332154328859235,-0.01348348355669902,-0.009873417102480176
6.771124362945557,0.19236066817965328,0.0037737129497298475,-0.04761401598071857,0.0010592502109545358,-0.0022639783711702567,0.0016769941630174299,-0.03422758517245659,-0.06315841908614626,-2.0281888337349967,-0.006397792625613298,-0.013755928285663632,-0.009866725681065806
6.7964394092559814,0.1923606592635225,0.003866323908264166,-0.047505131625287085,0.0010495421906240201,-0.0022091187317144064,0.0017064770991028027,-0.034343885224319935,-0.06356808944534696,-2.0282810181788706,-0.006379755777416917,-0.01378019780382009,-0.009804473306828746
6.80108904838562,0.1923606592635225,0.003866323908264166,-0.047505131625287085,0.0010390467687177798,-0.0021870275443972623,0.0016894123281117747,-0.034343885224319935,-0.06356808944534696,-2.0282810181788706,-0.006315958219642748,-0.013642395825781889,-0.009706428573760459
6.821773290634155,0.1924235783090804,0.00391368956912471,-0.047359393887502876,0.001059637473068962,-0.0021498805289861126,0.001744632336553065,-0.03444702745976815,-0.06397344291659515,-2.02836925376501,-0.006302663763859411,-0.013701943983097653,-0.009652022648469006
6.826497316360474,0.1924235783090804,0.00391368956912471,-0.047359393887502876,0.0010490410983382723,-0.0021283817236962513,0.0017271860131875343,-0.03444702745976815,-0.06397344291659515,-2.02836925376501,-0.006239637126220816,-0.013564924543266677,-0.009555502421984316
6.843426942825317,0.19249226454069562,0.004323123857292625,-0.04714836410310274,0.0010849016514363292,-0.0018797429151361606,0.0018568408772700832,-0.034533022870713415,-0.06438469009161234,-2.0284554117217386,-0.006228036566150214,-0.013672190979329514,-0.009510839221578502
6.848013877868652,0.19249226454069562,0.004323123857292625,-0.04714836410310274,0.001074052634921966,-0.001860945485984799,0.0018382724684973823,-0.034533022870713415,-0.06438469009161234,-2.0284554117217386,-0.006165756200488711,-0.013535469069536218,-0.009415730829362716
6.855186462402344,0.19192540825315388,0.004527741617987258,-0.046501005136303925,0.0002806302501055796,-0.001627071867465919,0.002747130117873438,-0.03460551341792672,-0.06479970951179655,-2.028564027635683,-0.006205164783989392,-0.013978733450159932,-0.009473005565451545
6.8629844188690186,0.19192540825315388,0.004527741617987258,-0.046501005136303925,0.00027782394760452383,-0.00161080114879126,0.0027196588166947034,-0.03460551341792672,-0.06479970951179655,-2.028564027635683,-0.0061431131361494975,-0.013838946115658333,-0.00937827550979703
6.873128175735474,0.19173274042749602,0.004716989622828936,-0.04601841549109231,8.989913772083414e-05,-0.0014504849345883068,0.0031838464735396525,-0.03465962228251196,-0.06520260053555797,-2.0286689868755485,-0.006135024040975971,-0.014097737924780187,-0.009387964516934152
6.877963304519653,0.19173274042749602,0.004716989622828936,-0.04601841549109231,8.90001463436258e-05,-0.0014359800852424237,0.003152008008804256,-0.03465962228251196,-0.06520260053555797,-2.0286689868755485,-0.006073673800566211,-0.013956760545532385,-0.00929408487176481
6.893916606903076,0.19171807701122318,0.00521462863965244,-0.045589521623101766,8.636476816656374e-05,-0.001137192142056438,0.003417516809484149,-0.034696077250172444,-0.06561106715675184,-2.028776834478701,-0.00603578811044037,-0.014073231853761987,-0.009268746078446348
6.902522325515747,0.19171807701122318,0.00521462863965244,-0.045589521623101766,8.550112048489811e-05,-0.0011258202206358735,0.0033833416413893078,-0.034696077250172444,-0.06561106715675184,-2.028776834478701,-0.005975430229335966,-0.013932499535224368,-0.009176058617661884
6.918404579162598,0.19177500905275746,0.005638870478750387,-0.0452344177021684,0.0001268525913488044,-0.0008713511971005628,0.0035970917821802964,-0.0347195067333754,-0.06601389321040761,-2.0288812856721172,-0.00593042791610154,-0.014046807344518616,-0.009150064008870345
6.921716928482056,0.19177500905275746,0.005638870478750387,-0.0452344177021684,0.00012558406543531635,-0.0008626376851295571,0.0035611208643584933,-0.0347195067333754,-0.06601389321040761,-2.0288812856721172,-0.005871123636940525,-0.01390633927107343,-0.009058563368781641
6.938279151916504,0.19182909503125048,0.005955738835685388,-0.04494250639900209,0.00016156352340167306,-0.0006815103114849437,0.0037188201870204697,-0.03473462924484103,-0.06642183792016244,-2.0289822643069453,-0.005821543125999072,-0.01401358623117821,-0.009028946985525518
6.946593523025513,0.19182909503125048,0.005955738835685388,-0.04494250639900209,0.00015994788816765633,-0.0006746952083700943,0.003681631985150265,-0.03473462924484103,-0.06642183792016244,-2.0289822643069453,-0.005763327694739081,-0.013873450368866428,-0.008938657515670263
6.9574666023254395,0.19131251602536925,0.005560901114967079,-0.0447595481124545,-0.000324530497458841,-0.0010342832150456317,0.003779442136421777,-0.034751340806554745,-0.06683699004573518,-2.0290723858069337,-0.005721064085622426,-0.014116532381107643,-0.008932155924152965
6.963390111923218,0.19131251602536925,0.005560901114967079,-0.0447595481124545,-0.0003212851924842526,-0.0010239403828951753,0.0037416477150575595,-0.034751340806554745,-0.06683699004573518,-2.0290723858069337,-0.005663853444766202,-0.013975367057296566,-0.008842834364911435
6.972501277923584,0.19112849570372806,0.005537298499700814,-0.04455602778641849,-0.0005202572887155996,-0.0010562778068669153,0.003924623756479487,-0.03473239453799232,-0.06724909429584955,-2.0291385319404616,-0.005586420350586376,-0.014287920204641093,-0.008827004998742465
6.97588586807251,0.19112849570372806,0.005537298499700814,-0.04455602778641849,-0.0005150547158284436,-0.0010457150287982461,0.0038853775189146922,-0.03473239453799232,-0.06724909429584955,-2.0291385319404616,-0.005530556147080512,-0.014145041002594682,-0.00873873494875504
6.992424249649048,0.1910974376648255,0.005555472508456763,-0.04435777755431546,-0.0005282699007475508,-0.0010353492897499615,0.003966792342818412,-0.034693977851925045,-0.06767027067910224,-2.0291864860753552,-0.005452021779399447,-0.014258256613728983,-0.008680343262882903
6.997227907180786,0.1910974376648255,0.005555472508456763,-0.04435777755431546,-0.0005229872017400753,-0.001024995796852462,0.003927124419390228,-0.034693977851925045,-0.06767027067910224,-2.0291864860753552,-0.005397501561605453,-0.014115674047591693,-0.008593539830254075
7.0124475955963135,0.19113980293988772,0.005563390820086043,-0.04416566181966518,-0.0004896428873190383,-0.0010222144075131587,0.0040136930498326775,-0.03464264473116206,-0.06809186400580637,-2.029214828013815,-0.005309798443704063,-0.014251522535602594,-0.00852622632333715
7.020715951919556,0.19113980293988772,0.005563390820086043,-0.04416566181966518,-0.00048474645844584794,-0.001011992263438027,0.003973556119334351,-0.03464264473116206,-0.06809186400580637,-2.029214828013815,-0.005256700459267022,-0.014109007310246568,-0.008440964060103778
7.038394212722778,0.1911945913730803,0.005565314242319152,-0.043977834294832915,-0.00044874734578259536,-0.0010115938726979884,0.004039396095515046,-0.034585028549424954,-0.06852095942802658,-2.029226256274531,-0.005171541910529577,-0.01421064214486918,-0.008363019003798216
7.043175220489502,0.1911945913730803,0.005565314242319152,-0.043977834294832915,-0.0004442598723247694,-0.0010014779339710086,0.003999002134559896,-0.034585028549424954,-0.06852095942802658,-2.029226256274531,-0.0051198264914242815,-0.014068535723420489,-0.008279388813760233
7.05374813079834,0.19070076997422683,0.0006741429744533491,-0.043488990959304044,-0.00100794782614164,-0.005621946182392224,0.00397977751948108,-0.03456365706154963,-0.06895049166097642,-2.029256574015083,-0.005048414787399089,-0.014334107697803663,-0.00822526985018616
7.0584330558776855,0.19070076997422683,0.0006741429744533491,-0.043488990959304044,-0.0009978683478802236,-0.005565726720568301,0.0039399797442862695,-0.03456365706154963,-0.06895049166097642,-2.029256574015083,-0.004997930639525098,-0.014190766620825626,-0.008143017151684298
7.0732033252716064,0.1905922836158035,-0.002405422125130006,-0.043140359318734986,-0.001106696087835159,-0.007602627325976148,0.003937130627290269,-0.03453652923698256,-0.06937408278821817,-2.029280526692896,-0.004929584826843757,-0.014335645279189147,-0.008077803798678973
7.077616930007935,0.1905922836158035,-0.002405422125130006,-0.043140359318734986,-0.0010956291269568074,-0.007526601052716386,0.003897759321017366,-0.03453652923698256,-0.06937408278821817,-2.029280526692896,-0.00488028897857532,-0.014192288826397255,-0.007997025760692184
7.096029043197632,0.19067716978062796,-0.004310379597666849,-0.0428420729121066,-0.0010611346110854956,-0.008495765857747431,0.003921493131282821,-0.034508200639441065,-0.06980285070435449,-2.029304852028165,-0.004816100240761352,-0.014283238673445511,-0.007930267096463259
7.1004979610443115,0.19067716978062796,-0.004310379597666849,-0.0428420729121066,-0.0010505232649746406,-0.008410808199169957,0.003882278199969993,-0.034508200639441065,-0.06980285070435449,-2.029304852028165,-0.004767939238353738,-0.014140406286711055,-0.007850964425498626
7.109701871871948,0.1908591476227646,-0.005411692100609226,-0.0425955797628236,-0.000868664898800458,-0.009545357992027834,0.003996045726282852,-0.03447870661270452,-0.07022979627011178,-2.0293244938354995,-0.004688214743307987,-0.014462876302757543,-0.007793795500099153
7.113073825836182,0.1908591476227646,-0.005411692100609226,-0.0425955797628236,-0.0008599782498124535,-0.009449904412107555,0.003956085269020023,-0.03447870661270452,-0.07022979627011178,-2.0293244938354995,-0.0046413325958749065,-0.014318247539729967,-0.0077158575450981615
7.137743949890137,0.19106727450646555,-0.005860852175284014,-0.04238562663286272,-0.0007712173799625963,-0.009546210959336008,0.003983899205699032,-0.03444820696015667,-0.07066204951461358,-2.0293392327692312,-0.004582556278760887,-0.014350278307507463,-0.007644673375653198
7.142956018447876,0.19106727450646555,-0.005860852175284014,-0.04238562663286272,-0.0007635052061629703,-0.009450748849742648,0.003944060213642042,-0.03444820696015667,-0.07066204951461358,-2.0293392327692312,-0.004536730715973278,-0.014206775524432388,-0.007568226641896666
7.1580729484558105,0.19083625270599,-0.0014625669664968294,-0.04182834676922257,-0.0008490918668689263,-0.006497087873523195,0.004547932882522249,-0.03438393670701162,-0.07110085035964918,-2.029367897312761,-0.004448847995226714,-0.014354978905460627,-0.007511506256967429
7.161545753479004,0.19083625270599,-0.0014625669664968294,-0.04182834676922257,-0.000840600948200237,-0.006432116994787963,0.004502453553697027,-0.03438393670701162,-0.07110085035964918,-2.029367897312761,-0.004404359515274447,-0.014211429116406021,-0.007436391194397755
7.176709413528442,0.19095182066703442,0.0018874699857589063,-0.041393248636472174,-0.0007105185961679187,-0.004201451360800235,0.004952709206841254,-0.03431820546506608,-0.071531547406781,-2.0293901481347887,-0.004316968046500668,-0.014353347206426718,-0.007376701063028529
7.181520462036133,0.19095182066703442,0.0018874699857589063,-0.041393248636472174,-0.0007034134102062395,-0.004159436847192233,0.004903182114772841,-0.03431820546506608,-0.071531547406781,-2.0293901481347887,-0.0042737983660356615,-0.014209813734362451,-0.007302934052398243
7.1990766525268555,0.19123468432078256,0.004592631320573631,-0.041042241088945816,-0.000503432101583586,-0.002609118900613863,0.005199119218707757,-0.03425284409855862,-0.0719689683921867,-2.0294100313532497,-0.004193830570735928,-0.014316870438233865,-0.00724123018619714
7.203647136688232,0.19123468432078256,0.004592631320573631,-0.041042241088945816,-0.0004983977805677501,-0.0025830277116077245,0.00514712802652068,-0.03425284409855862,-0.0719689683921867,-2.0294100313532497,-0.0041518922650285684,-0.014173701733851527,-0.0071688178843351685
7.218864440917969,0.19159393661285182,0.006704037674849395,-0.040765907771138844,-0.00022858837817837327,-0.0012006383311864283,0.005407485341957399,-0.034192844625932,-0.07240359809823398,-2.029422883867913,-0.00407094489189796,-0.014317580157648746,-0.0071055756920273905
7.223189115524292,0.19159393661285182,0.006704037674849395,-0.040765907771138844,-0.00022630249439658953,-0.001188631947874564,0.005353410488537825,-0.034192844625932,-0.07240359809823398,-2.029422883867913,-0.00403023544297898,-0.014174404356072258,-0.007034519935107116
7.244744062423706,0.1919575447037014,0.008284274882264079,-0.04055515025182839,-4.012807250940745e-05,-0.0004610406663523599,0.005466240302300333,-0.03414286350490826,-0.07284411263764204,-2.029428696443616,-0.003966745315804037,-0.014237028498368694,-0.006966871367638324
7.249591827392578,0.1919575447037014,0.008284274882264079,-0.04055515025182839,-3.972679178431337e-05,-0.0004564302596888363,0.0054115778992773296,-0.03414286350490826,-0.07284411263764204,-2.029428696443616,-0.0039270778626459965,-0.014094658213385007,-0.006897202653961941
7.258074045181274,0.19193210524643933,0.009411073050975908,-0.04043574103637059,-4.168720038215426e-05,0.0008551754332112274,0.005624548215744369,-0.03410624055790663,-0.07328461064458044,-2.029455924201035,-0.003844630938447756,-0.014473031009639942,-0.006860330436808505
7.263746023178101,0.19193210524643933,0.009411073050975908,-0.04043574103637059,-4.1270328378332714e-05,0.0008466236788791152,0.0055683027335869245,-0.03410624055790663,-0.07328461064458044,-2.029455924201035,-0.0038061846290632787,-0.014328300699543543,-0.00679172713244042
7.276815891265869,0.19219654419977605,0.010131685411187,-0.04033344581026683,0.00017296107708464752,0.0013744721948870148,0.0056419011540215025,-0.034077130410845036,-0.073716846892612,-2.0294767070640947,-0.003745850065966243,-0.014515729712844675,-0.006739711217518604
7.280996799468994,0.19219654419977605,0.010131685411187,-0.04033344581026683,0.00017123146631380104,0.0013607274729381445,0.005585482142481287,-0.034077130410845036,-0.073716846892612,-2.0294767070640947,-0.0037083915653065807,-0.014370572415716229,-0.0066723141053434175
7.304710865020752,0.1925850441957167,0.010635671429233546,-0.040245871904293525,0.00033778041601554903,0.0015515017611401284,0.005585632652420387,-0.034061381634855344,-0.07415305451048997,-2.0294967446072096,-0.00366466653788155,-0.014410811370688803,-0.006614040609109948
7.309446334838867,0.1925850441957167,0.010635671429233546,-0.040245871904293525,0.00033440261185539353,0.0015359867435287271,0.005529776325896183,-0.034061381634855344,-0.07415305451048997,-2.0294967446072096,-0.0036280198725027347,-0.014266703256981915,-0.006547900203018849
7.327137231826782,0.19301912499564972,0.011450060025899933,-0.040127221216671345,0.0005860228365447319,0.001966723101217297,0.0055836645114545275,-0.034058186848275426,-0.0745857026736152,-2.029513906507182,-0.0035899337808475186,-0.014368595990613199,-0.006492122178832788
7.331325054168701,0.19301912499564972,0.011450060025899933,-0.040127221216671345,0.0005801626081792846,0.0019470558702051242,0.005527827866339982,-0.034058186848275426,-0.0745857026736152,-2.029513906507182,-0.0035540344430390436,-0.014224910030707067,-0.00642720095704446
7.342426538467407,0.19341726961893294,0.012087247780362886,-0.04002514082356112,0.0009449995578764935,0.0024819446959169233,0.005616588013706852,-0.03407326041108582,-0.07502297004921489,-2.0295275171822946,-0.003532072069269882,-0.014476542832886371,-0.006375189177499587
7.346463203430176,0.19341726961893294,0.012087247780362886,-0.04002514082356112,0.0009355495622977285,0.002457125248957754,0.0055604221335697835,-0.03407326041108582,-0.07502297004921489,-2.0295275171822946,-0.0034967513485771834,-0.014331777404557508,-0.006311437285724591
7.378018617630005,0.19360916497918151,0.005227122815819052,-0.04035104126350149,0.000942529270688236,0.00028145223402395057,0.005192305279570351,-0.03421899954189596,-0.0758849082321701,-2.029581602376515,-0.0035079689778017005,-0.014461610278288847,-0.006265462663871107
7.38194465637207,0.19360916497918151,0.005227122815819052,-0.04035104126350149,0.0009331039779813537,0.0002786377116837111,0.0051403822267746474,-0.03421899954189596,-0.0758849082321701,-2.029581602376515,-0.0034728892880236833,-0.014316994175505958,-0.006202808037232396
7.405167102813721,0.19391550119532952,0.0030244172731540065,-0.04045244699289137,0.0010363930154180059,-0.0006649124728345282,0.004953572995124943,-0.03430362863478902,-0.07631413495322734,-2.0296079463135808,-0.003474603193323951,-0.01435865692230321,-0.006152124126446928
7.409657001495361,0.19391550119532952,0.0030244172731540065,-0.04045244699289137,0.0010260290852638259,-0.0006582633481061828,0.004904037265173694,-0.03430362863478902,-0.07631413495322734,-2.0296079463135808,-0.0034398571613907117,-0.014215070353080178,-0.006090602885182458
7.4217612743377686,0.19423796691631537,0.0016564267429470718,-0.04049494301316374,0.0012592257247639551,-0.0017764206893772598,0.004710156372579541,-0.0343961253608136,-0.07673915739177332,-2.029631995390688,-0.0034818751802063565,-0.014424053868084938,-0.006049565110640643
7.42638635635376,0.19423796691631537,0.0016564267429470718,-0.04049494301316374,0.0012466334675163156,-0.0017586564824834871,0.004663054808853746,-0.0343961253608136,-0.07673915739177332,-2.029631995390688,-0.003447056428404293,-0.014279813329404088,-0.005989069459534237
7.448805093765259,0.1945110298837074,0.0007735590466222793,-0.040504852560479844,0.0013479743108369955,-0.0021343209084431613,0.004573654274235176,-0.034498786837504986,-0.07716865054547445,-2.0296522914240365,-0.003458378575282801,-0.014328592957969566,-0.005938231921223344
7.453981637954712,0.1945110298837074,0.0007735590466222793,-0.040504852560479844,0.0013344945677286255,-0.0021129776993587296,0.004527917731492824,-0.034498786837504986,-0.07716865054547445,-2.0296522914240365,-0.0034237947895299726,-0.01418530702838987,-0.0058788496020111105
7.461412668228149,0.19445234984669849,0.00012160735514178268,-0.040214590670346544,0.0012241228315695188,-0.0029996997328492914,0.00478587941166215,-0.03461358248659302,-0.07759569534182159,-2.029700252886069,-0.003544038313064517,-0.014618131735793986,-0.005884603249230551
7.466123819351196,0.19445234984669849,0.00012160735514178268,-0.040214590670346544,0.0012118816032538236,-0.0029697027355207986,0.0047380206175455285,-0.03461358248659302,-0.07759569534182159,-2.029700252886069,-0.0035085979299338717,-0.014471950418436045,-0.005825757216738245
7.478872060775757,0.19459587753283064,-0.00016108306946426956,-0.04000977054733936,0.0013076761432381072,-0.003178125221863225,0.004828652587713188,-0.0347299074041145,-0.07801277424132426,-2.029747665147832,-0.0035647597656448243,-0.014654396744904319,-0.0058046908619190955
7.482734203338623,0.19459587753283064,-0.00016108306946426956,-0.04000977054733936,0.0012945993818057262,-0.0031463439696445927,0.0047803660618360565,-0.0347299074041145,-0.07801277424132426,-2.029747665147832,-0.003529112167988376,-0.014507852777455275,-0.005746643953299904
7.504500865936279,0.19480217394243038,-0.00015878895270058472,-0.0398406294778554,0.0013763188704652952,-0.003123259485486328,0.004809766175806333,-0.034851878144807086,-0.07843290568858796,-2.029798158486566,-0.003549856619123277,-0.01455579026459747,-0.005712375070354945
7.509356260299683,0.19480217394243038,-0.00015878895270058472,-0.0398406294778554,0.0013625556817606422,-0.0030920268906314647,0.004761668514048269,-0.034851878144807086,-0.07843290568858796,-2.029798158486566,-0.003514358052932044,-0.014410232361951495,-0.005655251319651396
7.520652770996094,0.19500050116167122,0.00011530097363884263,-0.0396933750177305,0.0015290878247805032,-0.0028362118618065523,0.004866924532483199,-0.03497989420798268,-0.0788494912921007,-2.0298464151121904,-0.0035925380168280495,-0.014634903737315937,-0.0056414169757385045
7.524592399597168,0.19500050116167122,0.00011530097363884263,-0.0396933750177305,0.0015137969465326981,-0.0028078497431884867,0.004818255287158367,-0.03497989420798268,-0.0788494912921007,-2.0298464151121904,-0.003556612636659769,-0.014488554699942778,-0.005585002805981119
7.544539213180542,0.19513886778168776,0.0006473185570971875,-0.03955610506344005,0.0015732034290223498,-0.0025228701507248015,0.004864280621357226,-0.035114788143840774,-0.07927060067869321,-2.029891614450135,-0.0035886733196049767,-0.014554785271732124,-0.005551812706914739
7.548547267913818,0.19513886778168776,0.0006473185570971875,-0.03955610506344005,0.0015574713947321263,-0.0024976414492175534,0.004815637815143654,-0.035114788143840774,-0.07927060067869321,-2.029891614450135,-0.003552786586408927,-0.014409237419014802,-0.005496294579845591
7.558803081512451,0.19458502814498013,0.0012689819280134356,-0.039497584652458895,0.0010139253330382527,-0.0018654147138241122,0.004883991820388958,-0.035256595834020014,-0.07969642781838959,-2.0299580471864025,-0.003655529262238522,-0.014680350660255448,-0.005506107320177453
7.563390254974365,0.19458502814498013,0.0012689819280134356,-0.039497584652458895,0.0010037860797078703,-0.001846760566685871,0.004835151902185068,-0.035256595834020014,-0.07969642781838959,-2.0299580471864025,-0.0036189739696161367,-0.014533547153652893,-0.005451046246975678
7.578781366348267,0.1943504244230731,0.0019139593759497984,-0.039419877096610115,0.0008495975377255594,-0.001413883236150129,0.0048778955646277475,-0.035399052543054046,-0.08010903453171823,-2.030020500481714,-0.003675342009259806,-0.01465629285137377,-0.005437113293039317
7.584029674530029,0.1943504244230731,0.0019139593759497984,-0.039419877096610115,0.0008411015623483038,-0.0013997444037886278,0.00482911660898147,-0.035399052543054046,-0.08010903453171823,-2.030020500481714,-0.003638588589167208,-0.014509729922860032,-0.005382742160108924
7.59946346282959,0.19425312594591587,0.002557674479740397,-0.03933634423728362,0.0007778709920571316,-0.0009754011139505302,0.004875140552043357,-0.035543703418038274,-0.08052834107047228,-2.030082582269585,-0.003695926209246099,-0.014636313516627733,-0.0053691393331869895
7.6033830642700195,0.19425312594591587,0.002557674479740397,-0.03933634423728362,0.0007700922821365603,-0.0009656471028110249,0.0048263891465229235,-0.035543703418038274,-0.08052834107047228,-2.030082582269585,-0.003658966947153638,-0.014489950381461456,-0.005315447939855119
7.6210126876831055,0.19421307717987107,0.003179360806125329,-0.03925054986237059,0.0007466264704962965,-0.0006099257001993981,0.004860674362717939,-0.03568799761367377,-0.0809423455437133,-2.030137509307379,-0.0037042248544876233,-0.014579885430569683,-0.005293449564308945
7.625890493392944,0.19421307717987107,0.003179360806125329,-0.03925054986237059,0.0007391602057913335,-0.0006038264431974041,0.004812067619090759,-0.03568799761367377,-0.0809423455437133,-2.030137509307379,-0.003667182605942747,-0.014434086576263987,-0.005240515068665855
7.644068717956543,0.19417742249448827,0.004207344329222313,-0.039122096008991636,0.0007233115734810303,-4.2437142177967195e-05,0.0048889439712367765,-0.035826528145245805,-0.08136282266064558,-2.0301863291204523,-0.0037067176344566964,-0.014521053842635592,-0.005214966123271784
7.6490559577941895,0.19417742249448827,0.004207344329222313,-0.039122096008991636,0.0007160784577462199,-4.201277075618752e-05,0.004840054531524409,-0.035826528145245805,-0.08136282266064558,-2.0301863291204523,-0.0036696504581121294,-0.014375843304209237,-0.0051628164620390665
7.682619094848633,0.1940611621132631,0.007162179240336011,-0.03891189381540309,0.000691666287173716,0.0008276531532840482,0.00493916972388486,-0.03608021423043821,-0.0821949662652219,-2.030306502442249,-0.0037085386894813144,-0.01448001866925833,-0.005146993449243988
7.687365293502808,0.1940611621132631,0.007162179240336011,-0.03891189381540309,0.0006847496243019788,0.0008193766217512077,0.004889778026646012,-0.03608021423043821,-0.0821949662652219,-2.030306502442249,-0.0036714533025865013,-0.014335218482565746,-0.005095523514751548
7.700229167938232,0.19416587162928367,0.008283827803333695,-0.038794657635971265,0.0007766163407083281,0.0016670588361646452,0.005015336107259475,-0.0362054972996639,-0.08261129454775722,-2.030362818393808,-0.003732130165795572,-0.014515507736114852,-0.005088346654339943
7.704850196838379,0.19416587162928367,0.008283827803333695,-0.038794657635971265,0.0007688501773012448,0.0016503882478029989,0.004965182746186881,-0.0362054972996639,-0.08261129454775722,-2.030362818393808,-0.003694808864137616,-0.014370352658753704,-0.005037463187796544
7.72182822227478,0.1942732534833547,0.009088145893934809,-0.03869082374229764,0.000833860763887942,0.0020974077804467193,0.005021779155082249,-0.03633122157158687,-0.08302808221005493,-2.0304138949977895,-0.0037319119497001697,-0.01447213566642716,-0.005017172504239149
7.725986480712891,0.1942732534833547,0.009088145893934809,-0.03869082374229764,0.0008255221562490626,0.002076433702642252,0.0049715613635314265,-0.03633122157158687,-0.08302808221005493,-2.0304138949977895,-0.003694592830203168,-0.014327414309762889,-0.0049670007791967575
7.743509531021118,0.19433555541422898,0.009610036080780284,-0.038602873709941025,0.0008588092797060323,0.0023460184051346485,0.005000333089465293,-0.03645805340290216,-0.08344807281386823,-2.030457931570232,-0.003730026898011595,-0.014423819101796834,-0.0049424614259813305
7.748765230178833,0.19433555541422898,0.009610036080780284,-0.038602873709941025,0.000850221186908972,0.002322558221083302,0.00495032975857064,-0.03645805340290216,-0.08344807281386823,-2.030457931570232,-0.003692726629031479,-0.014279580910778866,-0.004893036811721517
7.762391090393066,0.19354613815594926,0.00812453077105519,-0.03787725304591134,0.00024312285250077876,0.001175582301927735,0.0053279824698817205,-0.03660045659149321,-0.08388053768398557,-2.0304993567363754,-0.0037603088662529495,-0.014454170472809396,-0.0048745083158474286
7.7673256397247314,0.19354613815594926,0.00812453077105519,-0.03787725304591134,0.00024069162397577097,0.0011638264789084578,0.005274702645182904,-0.03660045659149321,-0.08388053768398557,-2.0304993567363754,-0.00372270577759042,-0.014309628768081303,-0.004825763232688954
7.780872583389282,0.19319598035633936,0.006994901534631251,-0.03744955384166219,-3.517719333445273e-05,0.00029805632366440506,0.005456670065682108,-0.03670725214503013,-0.0843010949037501,-2.0305305639582727,-0.0037643124081957386,-0.01447697683610046,-0.004800541956510037
7.7854461669921875,0.19319598035633936,0.006994901534631251,-0.03744955384166219,-3.48254214011082e-05,0.000295075760427761,0.005402103365025286,-0.03670725214503013,-0.0843010949037501,-2.0305305639582727,-0.0037266692841137813,-0.014332207067739456,-0.004752536536944936
7.799761533737183,0.19306601248829874,0.006103831098800454,-0.03716918693634207,-0.00013654530534558883,-0.00034351637370308056,0.005483232419382413,-0.03678964175724313,-0.0847318957257979,-2.030555223688423,-0.0037469558581086485,-0.0144898209281645,-0.0047222372270371345
7.804423570632935,0.19306601248829874,0.006103831098800454,-0.03716918693634207,-0.00013517985229213295,-0.00034008120996604975,0.005428400095188589,-0.03678964175724313,-0.0847318957257979,-2.030555223688423,-0.003709486299527562,-0.014344922718882856,-0.004675014854766763
7.8217291831970215,0.1930598030879483,0.005430944483902305,-0.037000095812715114,-0.00014450934865518547,-0.0007323457361584035,0.005433833921357975,-0.036850630917564714,-0.08515746797312519,-2.0305690461415185,-0.0037076338528846285,-0.014447389229002544,-0.004636251972225577
7.825745344161987,0.1930598030879483,0.005430944483902305,-0.037000095812715114,-0.00014306425516863363,-0.0007250222787968195,0.005379495582144395,-0.036850630917564714,-0.08515746797312519,-2.0305690461415185,-0.003670557514355782,-0.014302915336712518,-0.004589889452503321
7.84649395942688,0.19306936555221918,0.004961288466174871,-0.036999161764045,-0.0001412371560031275,-0.0009427999370830797,0.005304357555801218,-0.03689601808082374,-0.08559072387688012,-2.0305737006200806,-0.003655726730700513,-0.014368698144155138,-0.004546233829879909
7.851502895355225,0.19306936555221918,0.004961288466174871,-0.036999161764045,-0.0001398247844430962,-0.0009333719377122489,0.0052513139802432066,-0.03689601808082374,-0.08559072387688012,-2.0305737006200806,-0.003619169463393508,-0.014225011162713587,-0.00450077149158111
7.879668235778809,0.19274112212776945,0.0034836755383556425,-0.03747789211708759,-0.0002649032605282162,-0.0014267976474374514,0.004979841837654446,-0.03698032245085963,-0.08644363440674334,-2.03061581632723,-0.0036129097236971028,-0.014385583781803046,-0.004470716802801644
7.884123802185059,0.19274112212776945,0.0034836755383556425,-0.03747789211708759,-0.00026225422792293407,-0.0014125296709630768,0.004930043419277902,-0.03698032245085963,-0.08644363440674334,-2.03061581632723,-0.0035767806264601315,-0.014241727943985016,-0.004426009634773628
7.9005126953125,0.19289158415794516,0.003185002144213919,-0.03761938162647832,-0.0001713155210625817,-0.0015728859633408285,0.004777172048319701,-0.037029617100029937,-0.08686766557416681,-2.030630289341829,-0.0035710909034357995,-0.014358041479448996,-0.004390580528100839
7.905362844467163,0.19289158415794516,0.003185002144213919,-0.03761938162647832,-0.0001696023658519559,-0.0015571571037074202,0.004729400327836504,-0.037029617100029937,-0.08686766557416681,-2.030630289341829,-0.0035353799944014414,-0.014214461064654507,-0.004346674722819831
7.924598455429077,0.19310368046514909,0.0030785553000209037,-0.037717230801952766,-5.873257175351986e-05,-0.0015937329735226048,0.004625925566079685,-0.037084011965595055,-0.08728834691293424,-2.0306380768970476,-0.003528304404945682,-0.01429101568825655,-0.0043072564850119375
7.929099798202515,0.19310368046514909,0.0030785553000209037,-0.037717230801952766,-5.814524603598466e-05,-0.0015777956437873788,0.004579666310418888,-0.037084011965595055,-0.08728834691293424,-2.0306380768970476,-0.003493021360896225,-0.014148105531373984,-0.004264183920161818
7.943368434906006,0.19330773699231746,0.0031262942352936487,-0.03777794868253286,8.60312007872068e-05,-0.0015273539536601367,0.004494406928076537,-0.03714423526914274,-0.0877109995494483,-2.030638455366136,-0.003500297915038908,-0.014302835421294168,-0.004221807326404721
7.948298454284668,0.19330773699231746,0.0031262942352936487,-0.03777794868253286,8.517088877933473e-05,-0.0015120804141235352,0.004449462858795772,-0.03714423526914274,-0.0877109995494483,-2.030638455366136,-0.003465294935888519,-0.014159807067081226,-0.004179589253140674
7.95822811126709,0.19311877905121985,0.0016240070955286484,-0.038342238657333244,-0.00013472256060970453,-0.002941802739820429,0.003695003812545772,-0.03722445865423251,-0.0881313777299134,-2.030661424653734,-0.0035114336848045954,-0.014441565192107084,-0.004160925365711124
7.979281663894653,0.19319055688534253,0.0007554664521310377,-0.03866494570275696,-0.00010712427298051527,-0.0033081577516690082,0.0034659534194803805,-0.03731180924779981,-0.0885410205156581,-2.0306811084211636,-0.003517809064733821,-0.014491721350935132,-0.004128665492549544
7.983253717422485,0.19319055688534253,0.0007554664521310377,-0.03866494570275696,-0.00010605303025071011,-0.003275076174152318,0.003431293885285577,-0.03731180924779981,-0.0885410205156581,-2.0306811084211636,-0.0034826309740864825,-0.01434680413742578,-0.004087378837624048
7.996920824050903,0.19336869247696437,0.0003024570020499848,-0.03884436382167487,1.9035145506708404e-05,-0.0035615117444236957,0.0032343951600982443,-0.03740727885045753,-0.08895290123868395,-2.030701146524917,-0.003517658222420019,-0.01450470253316516,-0.004061166604395078
8.001259565353394,0.19336869247696437,0.0003024570020499848,-0.03884436382167487,1.884479405164132e-05,-0.0035258966269794585,0.003202051208497262,-0.03740727885045753,-0.08895290123868395,-2.030701146524917,-0.0034824816401958186,-0.014359655507833509,-0.004020554938351127
8.019559621810913,0.1935770877698165,0.0002523580452413104,-0.03890269835890651,0.00013200942156762807,-0.0035169682209463425,0.0031355546056208126,-0.03750883539258337,-0.08936015372770319,-2.0307165537815144,-0.003503152030795864,-0.014438600609915963,-0.003988768628893446
8.02303671836853,0.1935770877698165,0.0002523580452413104,-0.03890269835890651,0.0001306893273519518,-0.003481798538736879,0.0031041990595646043,-0.03750883539258337,-0.08936015372770319,-2.0307165537815144,-0.0034681205104879053,-0.014294214603816803,-0.003948880942604512
8.044526100158691,0.1937616441390463,0.0007838261030278902,-0.03884173728171069,0.00022001062055735377,-0.0032056697165045002,0.003125088575824686,-0.03761409844351027,-0.089770967116239,-2.030727687990086,-0.0034824230555694042,-0.0143424428658189,-0.0039145733937099685
8.048868894577026,0.1937616441390463,0.0007838261030278902,-0.03884173728171069,0.00021781051435178022,-0.003173613019339455,0.003093837690066439,-0.03761409844351027,-0.089770967116239,-2.030727687990086,-0.00344759882501371,-0.014199018437160711,-0.0038754276597728686
8.057275772094727,0.19366197210318137,0.001963980305457071,-0.03865565473163146,0.0001241485787071095,-0.00176628030557229,0.003418604354409026,-0.037721352268503885,-0.09018069436561485,-2.0307561415051536,-0.0035407015064513377,-0.014544399751318961,-0.0038705189043067747
8.061947345733643,0.19366197210318137,0.001963980305457071,-0.03865565473163146,0.0001229070929200384,-0.001748617502516567,0.0033844183108649355,-0.037721352268503885,-0.09018069436561485,-2.0307561415051536,-0.0035052944913868244,-0.014398955753805771,-0.003831813715263707
8.09765625,0.19377104244183257,0.0031172664795844672,-0.038438097480771566,0.00015844715054908352,-0.0014167256017945768,0.003442217704223347,-0.037827009142462474,-0.090583660975033,-2.030781182827437,-0.0034998299295749633,-0.014367813850850548,-0.003800508205016821
8.101192712783813,0.19377104244183257,0.0031172664795844672,-0.038438097480771566,0.0001568626790435927,-0.001402558345776631,0.003407795527181114,-0.037827009142462474,-0.090583660975033,-2.030781182827437,-0.0034648316302792136,-0.014224135712342042,-0.003762503122966653
8.105556011199951,0.19395804703172193,0.004332164364032193,-0.0381869120534964,0.0006376300506501708,0.0013139711698997281,0.004213420494745367,-0.03793304969965666,-0.09099024693525451,-2.030804771370354,-0.00367321174586638,-0.015013726014308802,-0.0037789393561005052
8.110269546508789,0.19395804703172193,0.004332164364032193,-0.0381869120534964,0.0006312537501436691,0.0013008314582007307,0.004171286289797913,-0.03793304969965666,-0.09099024693525451,-2.030804771370354,-0.0036364796284077162,-0.014863588754165715,-0.0037411499625395
8.120100021362305,0.19415411050886888,0.00561131960089239,-0.037909604764283386,0.000849572103566741,0.00254953283145738,0.004534957686838298,-0.03803960847326362,-0.0913956142511523,-2.0308232955713668,-0.0037085111966887216,-0.015127310684469259,-0.0037225821111495166
8.12467074394226,0.19415411050886888,0.00561131960089239,-0.037909604764283386,0.0008410763825310735,0.0025240375031428063,0.004489608109969915,-0.03803960847326362,-0.0913956142511523,-2.0308232955713668,-0.0036714260847218344,-0.014976037577624566,-0.0036853562900380213
8.154749870300293,0.19430256982922492,0.006693811819283906,-0.037638532510466824,0.0008890226635270911,0.0028466887581807265,0.004568875794232284,-0.03815046652921213,-0.09180628962205123,-2.0308349469108085,-0.003671567301200975,-0.014962808883656715,-0.003652376290253475
8.15938687324524,0.19430256982922492,0.006693811819283906,-0.037638532510466824,0.0008801324368918202,0.0028182218705989194,0.004523187036289961,-0.03815046652921213,-0.09180628962205123,-2.0308349469108085,-0.003634851628188965,-0.014813180794820148,-0.0036158525273509404
8.16255235671997,0.19401881331880566,0.007760626396910767,-0.03745382546647397,4.038361983265933e-05,0.006098339144466957,0.005388066880454581,-0.03826497593381608,-0.0922194350787051,-2.030866846724553,-0.0039602469198214765,-0.015970206508469566,-0.0036804679091263265
8.182352542877197,0.19398288713197936,0.008565681907621251,-0.03724924059585851,2.981141703425021e-05,0.006431643629712504,0.005476249048700625,-0.03838396386226668,-0.0926265489729548,-2.0308911624366495,-0.003980738798982292,-0.016016115588157423,-0.003655943777249713
8.186601161956787,0.19398288713197936,0.008565681907621251,-0.03724924059585851,2.951330286390771e-05,0.006367327193415379,0.005421486558213619,-0.03838396386226668,-0.0926265489729548,-2.0308911624366495,-0.003940931410992469,-0.01585595443227585,-0.0036193843394772157
8.198959827423096,0.19405436636155854,0.009511469904939505,-0.037013221509694855,0.00010205781641556796,0.007044439674084906,0.005630673297534647,-0.03851073018020169,-0.09303985531655352,-2.030914140745401,-0.004004094917775372,-0.016031821242259266,-0.0036017833682775806
8.203966856002808,0.19405436636155854,0.009511469904939505,-0.037013221509694855,0.00010103723825141228,0.006973995277344058,0.005574366564559301,-0.03851073018020169,-0.09303985531655352,-2.030914140745401,-0.003964053968597618,-0.015871503029836673,-0.003565765534594805
8.216893196105957,0.19415409979096598,0.01027652162881652,-0.03678584611132951,0.00018889419782611554,0.007473846068168497,0.005750163844170199,-0.03864804345322156,-0.09345205980462278,-2.030930674690128,-0.004030640924029471,-0.01603167523659067,-0.003542898773341642
8.21998906135559,0.19415409979096598,0.01027652162881652,-0.03678584611132951,0.0001870052558478544,0.007399107607486812,0.005692662205728497,-0.03864804345322156,-0.09345205980462278,-2.030930674690128,-0.0039903345147891765,-0.015871358484224763,-0.0035074697856082256
8.242627620697021,0.19422728310259238,0.010845982053353761,-0.03657590301797837,0.0002225166535262346,0.0075654659526676145,0.00575200862252175,-0.03879755680583386,-0.09387082987152019,-2.0309397344810836,-0.004016474838921371,-0.015897625781152242,-0.0034763970168585983
8.246444702148438,0.19422728310259238,0.010845982053353761,-0.03657590301797837,0.00022029148699097224,0.0074898112931409385,0.0056944885362965325,-0.03879755680583386,-0.09387082987152019,-2.0309397344810836,-0.003976310090532157,-0.01573864952334072,-0.0034416330466900125
8.273218154907227,0.193748967167568,0.0121937897026055,-0.03768314313007379,4.710399962826246e-05,0.00795830948381406,0.005276455372280334,-0.0391173132551388,-0.09470661600467487,-2.030992641415412,-0.004055977401604599,-0.015893432751110374,-0.0034269776842255966
8.276548862457275,0.193748967167568,0.0121937897026055,-0.03768314313007379,4.663295963197984e-05,0.00787872638897592,0.005223690818557531,-0.0391173132551388,-0.09470661600467487,-2.030992641415412,-0.0040154176275885535,-0.01573449842359927,-0.003392707907383341
8.299000978469849,0.19377734302505906,0.012517483244805096,-0.037845887691114924,6.121440136665028e-05,0.007949947584272438,0.005113240855441892,-0.03928264231166502,-0.09512828465843183,-2.0310118244479574,-0.004048899743069594,-0.01576496141858485,-0.0033673248036456462
8.301919221878052,0.19377734302505906,0.012517483244805096,-0.037845887691114924,6.060225735298378e-05,0.007870448108429713,0.005062108446887472,-0.03928264231166502,-0.09512828465843183,-2.0310118244479574,-0.004008410745638897,-0.015607311804399,-0.0033336515556091897
8.316834688186646,0.1938719663414031,0.012965701086819386,-0.03783322991246233,0.0001292530914528663,0.008088308864526062,0.005048443867240076,-0.0394490572533919,-0.09554859372074713,-2.031024403899303,-0.004079898705916655,-0.015733032801013784,-0.0033087488704712765
8.32156229019165,0.1938719663414031,0.012965701086819386,-0.03783322991246233,0.00012796056053833763,0.008007425775880803,0.004997959428567676,-0.0394490572533919,-0.09554859372074713,-2.031024403899303,-0.004039099718857488,-0.015575702473003645,-0.0032756613817665637
8.337195634841919,0.19396748571851374,0.01310971428254863,-0.03773055996725606,0.00018988445599882138,0.008011395579355325,0.005021664582747197,-0.039618891530019566,-0.0959761294959154,-2.0310289344743415,-0.004107344640870469,-0.01569342229198979,-0.003245802788263833
8.341715812683105,0.19396748571851374,0.01310971428254863,-0.03773055996725606,0.00018798561143883318,0.007931281623561772,0.004971447936919725,-0.039618891530019566,-0.0959761294959154,-2.0310289344743415,-0.004066271194461764,-0.01553648806906989,-0.0032133447603811946
8.359391212463379,0.19370950620572727,0.013731462505539563,-0.03737938481611234,4.801449220434754e-05,0.008184905601408578,0.005154270484412666,-0.03978506510970088,-0.09640616315082413,-2.0310498957097445,-0.004119622525620587,-0.015624418197405619,-0.0031930703007853117
8.363424062728882,0.19370950620572727,0.013731462505539563,-0.03737938481611234,4.7534347282304065e-05,0.008103056545394493,0.0051027277795685395,-0.03978506510970088,-0.09640616315082413,-2.0310498957097445,-0.0040784263003643805,-0.015468174015431562,-0.0031611395977774585
8.374772548675537,0.19374294504346484,0.014162691690537455,-0.03704425356944005,8.543305403032449e-05,0.008370484413302508,0.005381570719057597,-0.039962167019288654,-0.09682930213345682,-2.031062534525615,-0.004193699779706507,-0.015686351689847344,-0.0031406652080309427
8.378398418426514,0.19374294504346484,0.014162691690537455,-0.03704425356944005,8.457872349002125e-05,0.008286779569169483,0.005327755011867021,-0.039962167019288654,-0.09682930213345682,-2.031062534525615,-0.004151762781909442,-0.01552948817294887,-0.0031092585559506333
8.391889810562134,0.19391723487005105,0.014406933152861153,-0.036719670415110525,0.00021772290805913787,0.0083581979324457,0.005529949835056413,-0.04014822482542236,-0.09725842193753709,-2.0310706038931063,-0.0042481536844061136,-0.01569226261999332,-0.0030841470933252327
8.395029783248901,0.19391723487005105,0.014406933152861153,-0.036719670415110525,0.0002155456789785465,0.008274615953121242,0.005474650336705849,-0.04014822482542236,-0.09725842193753709,-2.0310706038931063,-0.0042056721475620526,-0.015535339993793387,-0.0030533056223919805
8.413096904754639,0.19415279045059772,0.01434085228643695,-0.03642653978743656,0.0003440218732186193,0.00813751240100148,0.005576505984958259,-0.04034304155081102,-0.09768663681390607,-2.031068501250993,-0.00427144484724065,-0.015616999931167103,-0.003021608771419327
8.417259216308594,0.19415279045059772,0.01434085228643695,-0.03642653978743656,0.0003405816544864331,0.008056137276991464,0.005520740925108676,-0.04034304155081102,-0.09768663681390607,-2.031068501250993,-0.004228730398768243,-0.015460829931855432,-0.002991392683705134
8.440340280532837,0.19438968050618277,0.014040013162777544,-0.03616396222554362,0.0004380375498377618,0.007833248984371884,0.005565124355535771,-0.040545261586410836,-0.09812152995784548,-2.031055794156784,-0.0042740560547529245,-0.015494641516349088,-0.002955973337323555
8.444616079330444,0.19438968050618277,0.014040013162777544,-0.03616396222554362,0.0004336571743393842,0.007754916494528165,0.005509473111980414,-0.040545261586410836,-0.09812152995784548,-2.031055794156784,-0.004231315494205395,-0.015339695101185597,-0.0029264136039503195
8.453318119049072,0.19420253056584427,0.013005758812788981,-0.03569747062317367,0.00019549723079390747,0.006448371891414989,0.005873777145915059,-0.040757536576467454,-0.09855980341617519,-2.0310552469310443,-0.004432939389564563,-0.015689942666288193,-0.0028965206202411584
8.456872701644897,0.19420253056584427,0.013005758812788981,-0.03569747062317367,0.00019354225848596839,0.006383888172500839,0.005815039374455908,-0.040757536576467454,-0.09855980341617519,-2.0310552469310443,-0.004388609995668918,-0.01553304323962531,-0.002867555414038747
8.476683378219604,0.19432282184985522,0.01236974517258902,-0.03531247052658708,0.00024750637916571335,0.005981206986740612,0.005918491993238552,-0.04096968889421813,-0.09899037499734048,-2.0310461329554004,-0.004451813785828114,-0.015595056005752127,-0.002834279322602427
8.480982542037964,0.19432282184985522,0.01236974517258902,-0.03531247052658708,0.00024503131537405624,0.005921394916873206,0.005859307073306166,-0.04096968889421813,-0.09899037499734048,-2.0310461329554004,-0.004407295647969833,-0.015439105445694606,-0.0028059365293764027
8.497614622116089,0.19458429179678263,0.011828504787881262,-0.03498792268187606,0.0003948798578815148,0.005517258548635375,0.00596197562349388,-0.04118445512702127,-0.09942733043051516,-2.031033109385885,-0.004492350396379921,-0.015547432843242575,-0.0027700467727821555
8.500494241714478,0.19458429179678263,0.011828504787881262,-0.03498792268187606,0.00039093105930269965,0.005462085963149021,0.0059023558672589415,-0.04118445512702127,-0.09942733043051516,-2.031033109385885,-0.004447426892416122,-0.015391958514810148,-0.002742346305054334
8.517765998840332,0.19490651251966942,0.011382683143417062,-0.034712858457668895,0.0005697003575434588,0.005132386515278127,0.005975256578382801,-0.04139973356979079,-0.09986209137667049,-2.031012022315405,-0.004527594512097067,-0.01548975677341549,-0.0027027138523067202
8.521194458007812,0.19490651251966942,0.011382683143417062,-0.034712858457668895,0.0005640033539680243,0.005081062650125345,0.0059155040125989725,-0.04139973356979079,-0.09986209137667049,-2.031012022315405,-0.004482318566976096,-0.015334859205681334,-0.002675686713783653
8.537226438522339,0.1952296315595515,0.011257215597612627,-0.03445422456858214,0.0007592169689995423,0.0049334090061922495,0.006007682017303475,-0.04161255501873916,-0.10030314640647257,-2.0309836535512504,-0.004570243452423021,-0.015456620123271475,-0.002631234737717147
8.541993856430054,0.1952296315595515,0.011257215597612627,-0.03445422456858214,0.0007516247993095469,0.004884074916130327,0.00594760519713044,-0.04161255501873916,-0.10030314640647257,-2.0309836535512504,-0.004524541017898791,-0.01530205392203876,-0.0026049223903399756
8.557021141052246,0.19516882952571424,0.012861124498748,-0.0338897023347423,0.0007240916518734051,0.005859696293169887,0.006365448237014905,-0.041809231817789526,-0.10074642121889318,-2.030973679228997,-0.004610175406695537,-0.015444013363277371,-0.0025722356916670222
8.56044888496399,0.19516882952571424,0.012861124498748,-0.0338897023347423,0.000716850735354671,0.005801099330238188,0.006301793754644756,-0.041809231817789526,-0.10074642121889318,-2.030973679228997,-0.0045640736526285815,-0.015289573229644597,-0.002546513334750352
8.572133541107178,0.19538649079191509,0.014041838553303335,-0.033445096908427514,0.0009154515454430975,0.006706868074564105,0.006713664297536318,-0.042001688387711955,-0.10118257254010167,-2.030954363537051,-0.004683141716741347,-0.015509945923790241,-0.002504517383799654
8.593301773071289,0.19572147425156283,0.014863906839273366,-0.033084433623647935,0.0010721739247752569,0.007006440670237774,0.00685232205768304,-0.04219137775967399,-0.1016247492790049,-2.030930583695145,-0.0047259206989136784,-0.015563733413473203,-0.0024682384697293203
8.596174240112305,0.19572147425156283,0.014863906839273366,-0.033084433623647935,0.0010614521855275042,0.006936376263535397,0.00678379883710621,-0.04219137775967399,-0.1016247492790049,-2.030930583695145,-0.004678661491924542,-0.015408096079338471,-0.002443556085032027
8.617347240447998,0.19609207032310763,0.015381103422886856,-0.03279471261622572,0.0012308463383397922,0.007093523266091544,0.006874238220088416,-0.042378648155127395,-0.102065372744105,-2.0308974575345933,-0.004720322613501905,-0.015462121413408407,-0.0024034750511612076
8.621544122695923,0.19609207032310763,0.015381103422886856,-0.03279471261622572,0.0012185378749563942,0.007022588033430629,0.006805495837887532,-0.042378648155127395,-0.102065372744105,-2.0308974575345933,-0.004673119387366887,-0.015307500199274323,-0.0023794403006495955
8.636404037475586,0.19643535722526495,0.015682050167060053,-0.032559595557178876,0.001441774097547556,0.0071344177539415625,0.006912399556611641,-0.04256329735322303,-0.10251264597732208,-2.030854793523051,-0.004750648124208526,-0.01545541833206672,-0.002326935092652023
8.644594430923462,0.19643535722526495,0.015682050167060053,-0.032559595557178876,0.0014273563565720805,0.007063073576402147,0.0068432755610455245,-0.04256329735322303,-0.10251264597732208,-2.030854793523051,-0.004703141642966441,-0.015300864148746053,-0.0023036657417255025
8.657127618789673,0.1963931333802741,0.01760802835788367,-0.03249364011118706,0.0014055257526760594,0.008514386124876875,0.006977718044855869,-0.0427312048619522,-0.1029626075942439,-2.030828610799584,-0.004790080538417159,-0.015506871602545012,-0.002259738370990455
8.660214185714722,0.1963931333802741,0.01760802835788367,-0.03249364011118706,0.0013914704951492989,0.008429242263628105,0.00690794086440731,-0.0427312048619522,-0.1029626075942439,-2.030828610799584,-0.004742179733032988,-0.015351802886519562,-0.00223714098728055
8.673657894134521,0.19659098814390558,0.018881582393666427,-0.03236848877523113,0.0015413174965172533,0.0092746083502891,0.00702252499230223,-0.04289942836444985,-0.10340679375602202,-2.0307935260340124,-0.004819889705333938,-0.015528689347180429,-0.0021886720420582085
8.692831754684448,0.19687575408009214,0.019630235361316764,-0.03223308110635448,0.0016815211752424716,0.009560507962207747,0.007059118728023621,-0.04306548927090735,-0.10385738961480373,-2.0307539588208066,-0.004858298774383771,-0.01560840773999847,-0.0021461493036052477
8.696536540985107,0.19687575408009214,0.019630235361316764,-0.03223308110635448,0.001664705963490047,0.009464902882585668,0.0069885275407433846,-0.04306548927090735,-0.10385738961480373,-2.0307539588208066,-0.004809715786639934,-0.015452323662598485,-0.002124687810569195
8.717778205871582,0.19717167046279646,0.01994869896361084,-0.0320924178947433,0.001790418651826946,0.009510532974352795,0.006997614122231666,-0.04322831261505766,-0.10430763883956075,-2.0307057342712924,-0.004838271445311464,-0.015509765555430743,-0.002080738121844902
8.722600936889648,0.19717167046279646,0.01994869896361084,-0.0320924178947433,0.0017725144653086766,0.009415427644609268,0.006927637981009349,-0.04322831261505766,-0.10430763883956075,-2.0307057342712924,-0.0047898887308583495,-0.015354667899876436,-0.002059930740626453
8.738296508789062,0.19742133118230998,0.01992576323513151,-0.03195052086507431,0.001914376560336028,0.009295425466524959,0.006944993438014622,-0.04338698434890233,-0.1047648737503385,-2.0306488453247784,-0.004843083155001889,-0.015492435811838715,-0.0020030862126709874
8.74243450164795,0.19742133118230998,0.01992576323513151,-0.03195052086507431,0.0018952327947326676,0.009202471211859709,0.006875543503634476,-0.04338698434890233,-0.1047648737503385,-2.0306488453247784,-0.004794652323451869,-0.015337511453720327,-0.0019830553505442777
8.758597373962402,0.19727761236740407,0.02012617057408657,-0.0326476538941754,0.001785612954147758,0.009277450371820156,0.006391455472290384,-0.04353823224911402,-0.1052264466115176,-2.030600328839983,-0.004840283165223472,-0.015469712350797322,-0.0019332075551454866
8.762401819229126,0.19727761236740407,0.02012617057408657,-0.0326476538941754,0.0017677568246062805,0.009184675868101955,0.00632754091756748,-0.04353823224911402,-0.1052264466115176,-2.030600328839983,-0.004791880333571238,-0.015315015227289348,-0.0019138754795940318
8.771631240844727,0.197371397823896,0.019992066285468568,-0.03297690820748442,0.0018460167721951555,0.008982018543552477,0.005894458793090002,-0.04369442109860023,-0.10568301158511353,-2.0305409001631456,-0.004913190823241497,-0.015656549349515516,-0.0018303462577541555
8.795746803283691,0.1975578920499107,0.019642917434710114,-0.033114410076470306,0.0019018914975214988,0.008752775724812516,0.00576379149686985,-0.043847672330496,-0.10614617510661403,-2.0304753927168595,-0.004927607601581765,-0.015692043868169255,-0.0017848788231764256
8.79871129989624,0.1975578920499107,0.019642917434710114,-0.033114410076470306,0.0018828725825462838,0.00866524796756439,0.005706153581901152,-0.043847672330496,-0.10614617510661403,-2.0304753927168595,-0.004878331525565947,-0.015535123429487561,-0.0017670300349446613
8.81213092803955,0.19776670792926265,0.01928517399211746,-0.033090797391379795,0.0020151940362360195,0.008309592026785006,0.005638664476196334,-0.04399345746298617,-0.10660894552537066,-2.0304013310179934,-0.004938183957093509,-0.015724618128190697,-0.0016941706503111882
8.817075490951538,0.19776670792926265,0.01928517399211746,-0.033090797391379795,0.001995042095873659,0.008226496106517156,0.00558227783143437,-0.04399345746298617,-0.10660894552537066,-2.0304013310179934,-0.004888802117522574,-0.01556737194690879,-0.0016772289438080764
8.83364224433899,0.1979413527426742,0.01897989916070424,-0.03294414236304631,0.0020780849877208613,0.007950789632464584,0.005595129089972634,-0.04412936264223927,-0.10707807961082925,-2.030319763485178,-0.004921948986391671,-0.015694876273546158,-0.0016112209768008648
8.83812665939331,0.1979413527426742,0.01897989916070424,-0.03294414236304631,0.0020573041378436525,0.007871281736139938,0.005539177799072908,-0.04412936264223927,-0.10707807961082925,-2.030319763485178,-0.004872729496527755,-0.015537927510810696,-0.001595108767032856
8.853302955627441,0.19807113096179044,0.02215513417074088,-0.03296488239289261,0.0021578728373217127,0.009870784039159398,0.005675440728794766,-0.044229696211148244,-0.10754598110386544,-2.0302538032035913,-0.00489011422742247,-0.015690858963048497,-0.0015356949789978927
8.869715213775635,0.19832724565378493,0.024063412628995855,-0.032794456746123184,0.0023133218102351755,0.010914279076973413,0.005834558487468833,-0.04430843572848952,-0.10801393606005125,-2.0301828484272653,-0.004889189126367132,-0.015819075645004916,-0.0014771052359595174
8.872612714767456,0.19832724565378493,0.024063412628995855,-0.032794456746123184,0.0022901885921328235,0.010805136286203679,0.005776212902594145,-0.04430843572848952,-0.10801393606005125,-2.0301828484272653,-0.004840297235103461,-0.015660884888554865,-0.0014623341835999222
8.896317958831787,0.1986107366108153,0.025242606022336415,-0.03252160304074509,0.0023966330212409977,0.011177930251497053,0.005880317598436245,-0.044365502885712574,-0.10848579872307568,-2.0301092341897786,-0.004815967905305183,-0.01570333016530662,-0.0014166568533355113
8.90089750289917,0.1986107366108153,0.025242606022336415,-0.03252160304074509,0.0023726666910285875,0.011066150948982082,0.005821514422451883,-0.044365502885712574,-0.10848579872307568,-2.0301092341897786,-0.004767808226252132,-0.015546296863653554,-0.0014024902848021562
8.914124250411987,0.19885969367774986,0.02577324210653877,-0.03218645604766238,0.0025468649069402033,0.011325965740048204,0.0060520724756653755,-0.044404705559509615,-0.10896063640057328,-2.030029266863577,-0.004749769081119885,-0.015749831960896375,-0.001328006583504815
8.916982173919678,0.19885969367774986,0.02577324210653877,-0.03218645604766238,0.002521396257870801,0.011212706082647721,0.005991551750908722,-0.044404705559509615,-0.10896063640057328,-2.030029266863577,-0.0047022713903086865,-0.015592333641287412,-0.0013147265176697669
8.94111967086792,0.19903168965112758,0.02586190205705833,-0.03181032392707306,0.0025698757093372813,0.01112051798993844,0.006089066144288558,-0.04442939185115106,-0.10944089471362874,-2.0299418745711617,-0.004665476038295848,-0.015635378041291146,-0.0012653732230930193
8.945173263549805,0.19903168965112758,0.02586190205705833,-0.03181032392707306,0.0025441769522439083,0.011009312810039055,0.0060281754828456725,-0.04442939185115106,-0.10944089471362874,-2.0299418745711617,-0.00461882127791289,-0.015479024260878235,-0.001252719490862089
8.973203420639038,0.1989739588076063,0.024392634305533227,-0.0313827539077053,0.002491206561412466,0.010363746597266089,0.0060677837991385914,-0.044453987373768176,-0.11040069317441598,-2.029798168775322,-0.004581407729699078,-0.015666650387086704,-0.001188924015371925
8.976106882095337,0.1989739588076063,0.024392634305533227,-0.0313827539077053,0.0024662944957983416,0.010260109131293427,0.006007105961147206,-0.044453987373768176,-0.11040069317441598,-2.029798168775322,-0.004535593652402087,-0.015509983883215837,-0.0011770347752182056
8.995176315307617,0.19915164558658985,0.023052966867775655,-0.031156200222222673,0.0025245699984818163,0.009446553994492712,0.005994250814788175,-0.04445936963735898,-0.11088136018371576,-2.029727383770055,-0.004493060171863457,-0.015606945552425904,-0.0011281448107060231
8.99956226348877,0.19915164558658985,0.023052966867775655,-0.031156200222222673,0.002499324298496998,0.009352088454547785,0.005934308306640293,-0.04445936963735898,-0.11088136018371576,-2.029727383770055,-0.004448129570144822,-0.015450876096901645,-0.0011168633625989628
9.02002739906311,0.19937126247298312,0.02148328013638585,-0.030951456975954486,0.0025701903287057583,0.008485224299867904,0.005896972711535043,-0.044464918523170735,-0.11136016961436666,-2.029660231516827,-0.004406359659272271,-0.015530330814411233,-0.001072881727082831
9.022927045822144,0.19937126247298312,0.02148328013638585,-0.030951456975954486,0.002544488425418701,0.008400372056869226,0.005838002984419693,-0.044464918523170735,-0.11136016961436666,-2.029660231516827,-0.004362296062679548,-0.015375027506267121,-0.0010621529098120027
9.041559219360352,0.19957018475432733,0.01988291994301548,-0.03076171828700992,0.0026129313818490044,0.007451564835985967,0.0057942857518918645,-0.044474935392844375,-0.11184074139388046,-2.0296004617638794,-0.004324049216467477,-0.015479203005955483,-0.001019452593542409
9.047329664230347,0.19957018475432733,0.01988291994301548,-0.03076171828700992,0.0025868020680305144,0.0073770491876261075,0.005736342894372946,-0.044474935392844375,-0.11184074139388046,-2.0296004617638794,-0.004280808724302802,-0.015324410975895928,-0.0010092580676069848
9.060160398483276,0.19897669707559007,0.011429134097502196,-0.030501740350048556,0.0019958611777968964,0.0007458083872466494,0.0052306145327437195,-0.044549695265951234,-0.11232146203412816,-2.029580320983873,-0.00429626688405167,-0.015545830257000924,-0.0009834681935341231
9.064579486846924,0.19897669707559007,0.011429134097502196,-0.030501740350048556,0.0019759025660189273,0.0007383503033741829,0.005178308387416283,-0.044549695265951234,-0.11232146203412816,-2.029580320983873,-0.004253304215211154,-0.015390371954430914,-0.0009736335115987819
9.092292547225952,0.19883173615460284,0.001026634976134416,-0.0301998799327711,0.001846528241200867,-0.003007421509862055,0.004863014403581775,-0.04464582383841334,-0.11326781096138694,-2.0295613887604373,-0.004245458274067508,-0.015577949440612597,-0.0009570656597983513
9.095184803009033,0.19883173615460284,0.001026634976134416,-0.0301998799327711,0.0018280629587888583,-0.0029773472947634346,0.004814384259545957,-0.04464582383841334,-0.11326781096138694,-2.0295613887604373,-0.004203003691326833,-0.015422169946206472,-0.0009474950032003677
9.119266510009766,0.19894851109276962,-0.002055330325111619,-0.03007797932130027,0.0018390035858933732,-0.004224501063524611,0.004689646986923042,-0.044690823854709,-0.11373730277855854,-2.0295670332019977,-0.004179660044167536,-0.015462906111299989,-0.0009403639242071567
9.12415885925293,0.19894851109276962,-0.002055330325111619,-0.03007797932130027,0.0018206135500344394,-0.004182256052889365,0.004642750517053811,-0.044690823854709,-0.11373730277855854,-2.0295670332019977,-0.00413786344372586,-0.015308277050186989,-0.0009309602849650852
9.139468669891357,0.1989910827176829,-0.0045554708423710556,-0.030387839495445164,0.0018063219852905098,-0.005742821801566458,0.004233339474843599,-0.04474864097927109,-0.11421168050059688,-2.029578244976197,-0.004134249564142566,-0.01546504639558762,-0.0009289739433000825
9.143789291381836,0.1989910827176829,-0.0045554708423710556,-0.030387839495445164,0.0017882587654376046,-0.005685393583550793,0.004191006080095164,-0.04474864097927109,-0.11421168050059688,-2.029578244976197,-0.00409290706850114,-0.015310395931631743,-0.0009196842038670817
9.176475286483765,0.19874307611895317,-0.006311112347637546,-0.03054232870548412,0.001686630723415427,-0.006156198925826315,0.0040487706933774285,-0.0449048673081875,-0.1151441885747365,-2.0296511322062556,-0.004099774103894354,-0.015442584823651807,-0.0009327865850374066
9.18103814125061,0.19874307611895317,-0.006311112347637546,-0.03054232870548412,0.0016697644161812726,-0.006094636936568052,0.004008282986443654,-0.0449048673081875,-0.1151441885747365,-2.0296511322062556,-0.00405877636285541,-0.015288158975415288,-0.0009234587191870325
9.197582244873047,0.19890197111733865,-0.0059929514672018664,-0.030433956579504692,0.0017517103316309266,-0.0058506406559342685,0.004052531049919613,-0.04499925774877178,-0.11560832376550366,-2.0296899985087546,-0.004075242425011817,-0.01541582156101175,-0.0009377166725316848
9.202517747879028,0.19890197111733865,-0.0059929514672018664,-0.030433956579504692,0.0017341932283146172,-0.005792134249374926,0.004012005739420417,-0.04499925774877178,-0.11560832376550366,-2.0296899985087546,-0.004034490000761699,-0.015261663345401633,-0.0009283395058063678
9.223058700561523,0.19911073127703127,-0.005189415989935389,-0.030246155036390828,0.0018239617451405613,-0.005356282013625656,0.004101695931583664,-0.045110614871147134,-0.1160701882611101,-2.0297246957959048,-0.0040483573488891205,-0.015333897283751929,-0.0009359478721414739
9.23019289970398,0.19911073127703127,-0.005189415989935389,-0.030246155036390828,0.0018057221276891555,-0.005302719193489399,0.004060678972267828,-0.045110614871147134,-0.1160701882611101,-2.0297246957959048,-0.00400787377540023,-0.015180558310914409,-0.0009265883934200591
9.24453067779541,0.1993085036241025,-0.003784516281951366,-0.02997470377623561,0.0019395258237019366,-0.004297328703053144,0.004305609371035426,-0.045238445552266845,-0.11653467146459366,-2.0297532627217003,-0.004056951586383798,-0.015352710317692345,-0.0009372467443382815
9.249130725860596,0.1993085036241025,-0.003784516281951366,-0.02997470377623561,0.0019201305654649172,-0.004254355416022613,0.004262553277325071,-0.045238445552266845,-0.11653467146459366,-2.0297532627217003,-0.00401638207051996,-0.01519918321451542,-0.0009278742768948987
9.261162996292114,0.19915806249280188,-0.0022555944965095167,-0.029635245303011534,0.001793958546715891,-0.0029758401380876923,0.00462629611619941,-0.045384480825504635,-0.11699917745967142,-2.029800268083741,-0.004097587923201797,-0.015433241544491778,-0.0009576616125589667
9.266348600387573,0.19915806249280188,-0.0022555944965095167,-0.029635245303011534,0.0017760189612487322,-0.0029460817367068155,0.004580033155037416,-0.045384480825504635,-0.11699917745967142,-2.029800268083741,-0.004056612043969779,-0.01527890912904686,-0.0009480849964333771
9.27919888496399,0.19926499130431385,-0.0005901891150234672,-0.02927030818273554,0.0018599394469408957,-0.0016587709169928488,0.004944990511347955,-0.045534479744018294,-0.11745489872075726,-2.0298367520624767,-0.004132774014353027,-0.015480759079698092,-0.0009669957190594747
9.284007787704468,0.19926499130431385,-0.0005901891150234672,-0.02927030818273554,0.0018413400524714867,-0.0016421832078229203,0.004895540606234475,-0.045534479744018294,-0.11745489872075726,-2.0298367520624767,-0.004091446274209497,-0.015325951488901111,-0.00095732576186888
9.297868013381958,0.19947845804220363,0.0012759740430681647,-0.028879064471453046,0.001996217464594708,-0.00031871043461529215,0.0052605851527579486,-0.04569074907867904,-0.11791472554769185,-2.0298681879895244,-0.004163278413360424,-0.015504451959479993,-0.0009704331789947148
9.30223274230957,0.19947845804220363,0.0012759740430681647,-0.028879064471453046,0.001976255289948761,-0.00031552333026913925,0.005207979301230369,-0.04569074907867904,-0.11791472554769185,-2.0298681879895244,-0.00412164562922682,-0.015349407439885193,-0.0009607288472047677
9.322449207305908,0.1997138108110214,0.002980582646166199,-0.028503326733147413,0.0020850277076010495,0.0005049641891031591,0.005424144998896131,-0.04585530175570927,-0.11837114286356387,-2.0298886119156845,-0.004161824548960993,-0.01542167851085409,-0.0009612241786337681
9.327288389205933,0.1997138108110214,0.002980582646166199,-0.028503326733147413,0.002064177430525039,0.0004999145472121276,0.00536990354890717,-0.04585530175570927,-0.11837114286356387,-2.0298886119156845,-0.004120206303471383,-0.015267461725745548,-0.0009516119368474305
9.346035242080688,0.1999132207657775,0.004611059373894909,-0.02813858101258368,0.00216245972746517,0.0013378937795689814,0.005595756503640716,-0.04602791036504062,-0.11883210974975994,-2.0298985151852236,-0.004171077619624376,-0.015360677386326032,-0.0009473784479051151
9.350139141082764,0.1999132207657775,0.004611059373894909,-0.02813858101258368,0.0021408351301905183,0.0013245148417732914,0.005539798938604309,-0.04602791036504062,-0.11883210974975994,-2.0298985151852236,-0.004129366843428132,-0.015207070612462771,-0.000937904663426064
9.359321355819702,0.19967431458830776,0.006177085526813826,-0.027750733831619797,0.0018840760607749009,0.002966737506494742,0.006074678900165465,-0.04620876004685395,-0.11929331711406585,-2.029924219108671,-0.004285029668600784,-0.015557283263370246,-0.0009565187798617876
9.364280939102173,0.19967431458830776,0.006177085526813826,-0.027750733831619797,0.0018652353001671518,0.0029370701314297945,0.00601393211116381,-0.04620876004685395,-0.11929331711406585,-2.029924219108671,-0.004242179371914776,-0.015401710430736543,-0.0009469535920631697
9.378400802612305,0.19970158869467988,0.007556263432883267,-0.027393905587445665,0.0018801727710600108,0.003852446527523254,0.006301907696051035,-0.04638734162591142,-0.1197430753456638,-2.0299421922308816,-0.004326233006891751,-0.015566222065234064,-0.000950213019278497
9.383397102355957,0.19970158869467988,0.007556263432883267,-0.027393905587445665,0.0018613710433494108,0.0038139220622480214,0.006238888619090525,-0.04638734162591142,-0.1197430753456638,-2.0299421922308816,-0.0042829706768228335,-0.015410559844581723,-0.000940710889085712
9.399457454681396,0.1998447049847514,0.009467659509256496,-0.026996583678265837,0.0019491473792442888,0.004932050227140783,0.006540218744132252,-0.046563866586547674,-0.12019589317302726,-2.02996130451357,-0.004350054474477943,-0.015538401876043256,-0.0009432040687446881
9.407918453216553,0.1998447049847514,0.009467659509256496,-0.026996583678265837,0.0019296559054518458,0.004882729724869375,0.006474816556690929,-0.046563866586547674,-0.12019589317302726,-2.02996130451357,-0.004306553929733163,-0.015383017857282823,-0.0009337720280572412
9.426704406738281,0.20000878794412622,0.010923615311155896,-0.02665589800517242,0.00200907334816035,0.005584467626840596,0.006666864916405888,-0.04674348144351224,-0.12064323682267003,-2.0299770763032887,-0.0043590996442147865,-0.015467314345597229,-0.0009328298303677553
9.431334733963013,0.20000878794412622,0.010923615311155896,-0.02665589800517242,0.0019889826146787465,0.00552862295057219,0.0066001962672418285,-0.04674348144351224,-0.12064323682267003,-2.0299770763032887,-0.0043155086477726385,-0.015312641202141257,-0.0009235015320640778
9.450708627700806,0.20011755026552233,0.011863005106481242,-0.026485521991082363,0.002032248738606725,0.005945432483914414,0.006669493010396344,-0.046931350141757054,-0.12109423477484892,-2.029989702841583,-0.004369323587448373,-0.015392301218229086,-0.0009207838118547698
9.457680702209473,0.20011755026552233,0.011863005106481242,-0.026485521991082363,0.002011926251220658,0.00588597815907527,0.00660279808029238,-0.046931350141757054,-0.12109423477484892,-2.029989702841583,-0.004325630351573889,-0.015238378206046796,-0.0009115759737362222
9.481949090957642,0.19935188082725686,0.013306411200661923,-0.02546294455899465,0.0016865755550502994,0.0063798641325509,0.0070167399814166954,-0.04732099449069952,-0.1219848332470631,-2.0300608500632618,-0.004442930380407106,-0.015452973246295406,-0.0009317770435654402
9.489421606063843,0.19935188082725686,0.013306411200661923,-0.02546294455899465,0.0016697097994997964,0.006316065491225391,0.006946572581602528,-0.04732099449069952,-0.1219848332470631,-2.0300608500632618,-0.0043985010766030355,-0.015298443513832452,-0.0009224592731297858
9.506343603134155,0.19929238516403586,0.013547542582782499,-0.02514284589591882,0.0016208258193581085,0.006376072419061502,0.007079422504154555,-0.04752846606339614,-0.12242694453250198,-2.030098603336666,-0.004477120727588544,-0.015406723327589729,-0.0009355448564654825
9.511319398880005,0.19929238516403586,0.013547542582782499,-0.02514284589591882,0.0016046175611645274,0.006312311694870887,0.00700862827911301,-0.04752846606339614,-0.12242694453250198,-2.030098603336666,-0.004432349520312659,-0.015252656094313831,-0.0009261894079008276
9.524599552154541,0.19930076394397264,0.013560780414526782,-0.02490107725967699,0.001596087174721875,0.0062409236723859245,0.0071203278536692135,-0.047747111620983766,-0.12286149352398654,-2.0301333169116607,-0.004552666864012247,-0.015427346382831138,-0.0009430669523334794
9.527645587921143,0.19930076394397264,0.013560780414526782,-0.02490107725967699,0.0015801263029746563,0.006178514435662065,0.007049124575132521,-0.047747111620983766,-0.12286149352398654,-2.0301333169116607,-0.0045071401953721245,-0.015273072919002827,-0.0009336362828101446
9.551792860031128,0.19931169523181702,0.013399800639581192,-0.024718315915194206,0.0015684435489095275,0.00604293568374836,0.007047165622660357,-0.04797755964810147,-0.12330051811748961,-2.0301648898852678,-0.004557503187029436,-0.015302153448452458,-0.0009373750919779984
9.55671501159668,0.19931169523181702,0.013399800639581192,-0.024718315915194206,0.0015527591134204322,0.005982506326910876,0.006976693966433753,-0.04797755964810147,-0.12330051811748961,-2.0301648898852678,-0.004511928155159142,-0.015149131913967934,-0.0009280013410582184
9.5823814868927,0.19830362867827822,0.01496333092754695,-0.023916730014794038,0.0011541507086638581,0.006501405546957369,0.007280579309877571,-0.0484367374500331,-0.12416939458963688,-2.0302769948873176,-0.0046457106498100755,-0.015336166419713132,-0.00096239892683369
9.587486028671265,0.19830362867827822,0.01496333092754695,-0.023916730014794038,0.0011426092015772195,0.006436391491487795,0.007207773516778796,-0.0484367374500331,-0.12416939458963688,-2.0302769948873176,-0.004599253543311975,-0.015182804755516002,-0.0009527749375653531
9.609342098236084,0.19816856596662955,0.015139856467629175,-0.02368250029748077,0.0010711125632165478,0.006442368216058139,0.007250646403942405,-0.04866658509039077,-0.12460261623799532,-2.030331208799758,-0.004658425223098797,-0.015229192424228403,-0.0009680521570242927
9.614105224609375,0.19816856596662955,0.015139856467629175,-0.02368250029748077,0.0010604014375843822,0.006377944533897557,0.007178139939902981,-0.04866658509039077,-0.12460261623799532,-2.030331208799758,-0.004611840970867809,-0.01507690049998612,-0.0009583716354540498
9.625831842422485,0.19812077825392982,0.015050246345859877,-0.023518413556918832,0.0010090582591469068,0.006224889241471049,0.007238163484276379,-0.0488980516305875,-0.125029745705225,-2.0303790788444567,-0.004763108153395238,-0.01529037076161618,-0.0009896096167635556
9.635086059570312,0.19812077825392982,0.015050246345859877,-0.023518413556918832,0.0009989676765554377,0.006162640349056338,0.007165781849433615,-0.0488980516305875,-0.125029745705225,-2.0303790788444567,-0.004715477071861285,-0.015137467054000018,-0.00097971352059592
9.644715070724487,0.19702554813206835,0.01609589091132813,-0.02377824455155126,-0.00013682875316612894,0.00721920081287541,0.006942609653576989,-0.049122255521456666,-0.12547757855312583,-2.0304309689016065,-0.004901164373167859,-0.01545117944248443,-0.0010238056750781195
9.650975465774536,0.19702554813206835,0.01609589091132813,-0.02377824455155126,-0.00013546046563446765,0.007147008804746655,0.006873183557041219,-0.049122255521456666,-0.12547757855312583,-2.0304309689016065,-0.00485215272943618,-0.015296667648059585,-0.0010135676183273383
9.666080951690674,0.19585027346155812,0.015506079354824506,-0.023065545432910887,-0.0009134525016208611,0.0066500805360258,0.0072417397000974285,-0.04927754027799334,-0.1259077621134351,-2.030491607665545,-0.0049064314413388745,-0.01542848728212706,-0.0010435754795815454
9.671925783157349,0.19585027346155812,0.015506079354824506,-0.023065545432910887,-0.0009043179766046525,0.006583579730665542,0.007169322303096454,-0.04927754027799334,-0.1259077621134351,-2.030491607665545,-0.004857367126925485,-0.01527420240930579,-0.0010331397247857299
9.683946371078491,0.19522353062583703,0.015002488784604119,-0.02261673698367361,-0.0014190163116906906,0.006070774630577957,0.007432155721145606,-0.04937677580097239,-0.12633948574391352,-2.03055121405856,-0.00489134808911514,-0.01548061389193853,-0.0010723952474174952
9.68752646446228,0.19522353062583703,0.015002488784604119,-0.02261673698367361,-0.0014048261485737836,0.006010066884272178,0.00735783416393415,-0.04937677580097239,-0.12633948574391352,-2.03055121405856,-0.004842434608223988,-0.015325807753019146,-0.0010616712949433203
9.70480489730835,0.19491826400945855,0.014400939273032449,-0.022288733609600087,-0.0015702409705953765,0.005587475153394673,0.007440476282120728,-0.04942507118959313,-0.12676345309361645,-2.03060315373691,-0.004821961517357422,-0.015417923404391328,-0.001081114992456192
9.709325551986694,0.19491826400945855,0.014400939273032449,-0.022288733609600087,-0.0015545385608894226,0.005531600401860726,0.007366071519299521,-0.04942507118959313,-0.12676345309361645,-2.03060315373691,-0.004773741902183848,-0.015263744170347414,-0.00107030384253163
9.728130578994751,0.1948072775664356,0.013761437507318917,-0.022055201460125268,-0.001601136778729943,0.005126948740482914,0.007383255760507347,-0.049430814281608046,-0.12718973607070372,-2.030645429650669,-0.0047290585027135144,-0.015337792378659034,-0.0010820819809431973
9.733289241790771,0.1948072775664356,0.013761437507318917,-0.022055201460125268,-0.0015851254109426434,0.005075679253078085,0.007309423202902274,-0.049430814281608046,-0.12718973607070372,-2.030645429650669,-0.004681767917686379,-0.015184414454872444,-0.0010712611611337652
9.746249437332153,0.19418869698791302,0.022101825703920663,-0.021492839499638497,-0.0019693608473684006,0.011382118510023662,0.00829549785304275,-0.04933385911643329,-0.12762419492078592,-2.030685304368235,-0.004560140283007547,-0.015367795846616726,-0.0010913156142929687
9.754600524902344,0.19418869698791302,0.022101825703920663,-0.021492839499638497,-0.0019496672388947165,0.011268297324923425,0.008212542874512322,-0.04933385911643329,-0.12762419492078592,-2.030685304368235,-0.004514538880177471,-0.01521411788815056,-0.001080402458150039
9.765432596206665,0.19338842232698114,0.02794239698765066,-0.020837677371929063,-0.0026004830541910095,0.016462181663072388,0.00926142156504875,-0.04916368511203824,-0.1280548032761801,-2.030740071828517,-0.004312291493416026,-0.015459507655379425,-0.0011201589023314628
9.771062135696411,0.19338842232698114,0.02794239698765066,-0.020837677371929063,-0.0025744782236490995,0.016297559846441663,0.009168807349398261,-0.04916368511203824,-0.1280548032761801,-2.030740071828517,-0.004269168578481866,-0.01530491257882563,-0.0011089573133081481
9.784330129623413,0.19307288882719684,0.03171258433275112,-0.02037750057301993,-0.0027496617234723706,0.018927077547657992,0.009698804002041046,-0.04894799704744784,-0.12847716488919636,-2.030783469574813,-0.004063914213080915,-0.015470194630561282,-0.0011305763369188237
9.792694568634033,0.19307288882719684,0.03171258433275112,-0.02037750057301993,-0.002722165106237647,0.018737806772181412,0.009601815962020636,-0.04894799704744784,-0.12847716488919636,-2.030783469574813,-0.004023275070950106,-0.01531549268425567,-0.0011192705735496354
9.805171251296997,0.19300065920238615,0.03379672522640726,-0.020058900898218823,-0.002730229106696391,0.020186316898252076,0.009921031315759658,-0.04870170832742606,-0.12889849577673287,-2.0308177376949685,-0.0037856431183254467,-0.015500032398623477,-0.0011355435981540193
9.810037612915039,0.19300065920238615,0.03379672522640726,-0.020058900898218823,-0.0027029268156294273,0.019984453729269554,0.009821821002602062,-0.04870170832742606,-0.12889849577673287,-2.0308177376949685,-0.003747786687142192,-0.015345032074637242,-0.0011241881621724791
9.831364154815674,0.19303818187068048,0.03451282232692367,-0.019864454786216446,-0.0026531054670164175,0.020109346417972657,0.009846147918793959,-0.04844123792220396,-0.12931407175857948,-2.03083935454962,-0.0035881744365363157,-0.015386445029795078,-0.0011230824079887362
9.837363004684448,0.19303818187068048,0.03451282232692367,-0.019864454786216446,-0.0026265744123462535,0.01990825295379293,0.009747686439606018,-0.04844123792220396,-0.12931407175857948,-2.03083935454962,-0.0035522926921709524,-0.015232580579497128,-0.0011118515839088489
9.844825744628906,0.19263380449048462,0.03814481990547219,-0.01989569770724986,-0.003088855804169093,0.02455435394943855,0.010085916172952207,-0.04814954989559189,-0.12973736793884408,-2.0308485317219396,-0.0031259106052316426,-0.01564746759823445,-0.001113030391020459
9.84967851638794,0.19263380449048462,0.03814481990547219,-0.01989569770724986,-0.003057967246127402,0.024308810409944166,0.009985057011222685,-0.04814954989559189,-0.12973736793884408,-2.0308485317219396,-0.0030946514991793263,-0.015490992922252105,-0.0011019000871102544
9.865198850631714,0.19238778159867218,0.03706878466751648,-0.02013576562860806,-0.003196407162662649,0.02339298614715096,0.009668157596425394,-0.047868598959848525,-0.1301405248501299,-2.030866007894087,-0.0028826837952553017,-0.015595843449830008,-0.0011021412639345232
9.87117862701416,0.19238778159867218,0.03706878466751648,-0.02013576562860806,-0.0031644430910360223,0.02315905628567945,0.00957147602046114,-0.047868598959848525,-0.1301405248501299,-2.030866007894087,-0.002853856957302749,-0.015439885015331709,-0.001091119851295178
9.882811784744263,0.19235638512059478,0.03540353538504118,-0.020314626136580343,-0.0031785459611956266,0.021519907615330576,0.009186426651118287,-0.04760704938197462,-0.13054113306160417,-2.03087997404274,-0.00260048727657139,-0.015629853722782847,-0.0010922141193775413
9.905958652496338,0.19241038420839132,0.03318654538872046,-0.020468535675053637,-0.0031353161808878134,0.02035905067573081,0.008936353912339096,-0.04736820676389348,-0.13092917143147514,-2.030891119776954,-0.0024712966852715886,-0.01564119703413135,-0.0010861072017093057
9.910407304763794,0.19241038420839132,0.03318654538872046,-0.020468535675053637,-0.0031039630190789354,0.020155460168973502,0.008846990373215706,-0.04736820676389348,-0.13092917143147514,-2.030891119776954,-0.0024465837184188726,-0.015484785063790037,-0.0010752461296922127
9.924327850341797,0.19246367810148957,0.03063184423488283,-0.020609116786896614,-0.003056848562960217,0.01813948160389556,0.00848172246925739,-0.047158975531938575,-0.1313136232746979,-2.030899755390805,-0.002271813979148024,-0.01560611305774709,-0.0010706971708386989
9.931207180023193,0.19246367810148957,0.03063184423488283,-0.020609116786896614,-0.003026280077330615,0.017958086787856604,0.008396905244564816,-0.047158975531938575,-0.1313136232746979,-2.030899755390805,-0.002249095839356544,-0.015450051927169618,-0.0010599901991303119
9.950829267501831,0.19242378478440314,0.027384749323747,-0.01995972088733838,-0.0030300406222836364,0.01610240861485672,0.008483549453817518,-0.046992081708551584,-0.13169081860042417,-2.030898737094283,-0.0021415508195290526,-0.015487781376364286,-0.0010488713429131246
9.9543776512146,0.19242378478440314,0.027384749323747,-0.01995972088733838,-0.0029997402160608,0.015941384528708153,0.008398713959279344,-0.046992081708551584,-0.13169081860042417,-2.030898737094283,-0.002120135311333762,-0.015332903562600643,-0.0010383826294839934
9.982425212860107,0.1917174516332818,0.021386307010337238,-0.019396604261881542,-0.003241864282963137,0.013639602532968326,0.008312896423976077,-0.04680065836992405,-0.13242013200582717,-2.0309136464546116,-0.002030684410881185,-0.015439601909968128,-0.0010333145452550738
9.986844062805176,0.1917174516332818,0.021386307010337238,-0.019396604261881542,-0.0032094456401335057,0.013503206507638643,0.008229767459736316,-0.04680065836992405,-0.13242013200582717,-2.0309136464546116,-0.002010377566772373,-0.015285205890868446,-0.001022981399802523
10.002727746963501,0.19154257681300596,0.018744352693410356,-0.0192648415961197,-0.0033037458615741803,0.011708187046064671,0.008072315475145623,-0.04676793246762658,-0.1327743360393115,-2.0309159008513107,-0.0019696703202906588,-0.015355352495213003,-0.0010141709017998462
10.007123470306396,0.19154257681300596,0.018744352693410356,-0.0192648415961197,-0.0032707084029584385,0.011591105175604025,0.007991592320394167,-0.04676793246762658,-0.1327743360393115,-2.0309159008513107,-0.0019499736170877522,-0.015201798970260874,-0.0010040291927818476
10.02729082107544,0.1913672164720972,0.016400248210484816,-0.01919398280071993,-0.0033364490921310415,0.010317456606372321,0.007836555119657309,-0.04677329842522989,-0.13311925265917657,-2.030910796168369,-0.0019331345960820743,-0.015220808213542443,-0.0009914577389775188
10.042477130889893,0.1913672164720972,0.016400248210484816,-0.01919398280071993,-0.0033030846012097313,0.010214282040308598,0.0077581895684607355,-0.04677329842522989,-0.13311925265917657,-2.030910796168369,-0.0019138032501212535,-0.015068600131407019,-0.0009815431615877435
10.04776382446289,0.19060119089117003,0.014071511674594599,-0.01937723997963995,-0.00476577421940896,0.005780482254135505,0.0069288578771427405,-0.0468182542352682,-0.1334718774760703,-2.030901239494322,-0.0019797009954981458,-0.015584918585760258,-0.0009536508849366336
10.051608085632324,0.19060119089117003,0.014071511674594599,-0.01937723997963995,-0.0047181164772148705,0.00572267743159415,0.006859569298371313,-0.0468182542352682,-0.1334718774760703,-2.030901239494322,-0.0019599039855431643,-0.015429069399902655,-0.0009441143760872673
10.066353797912598,0.19027977096899865,0.011804850769735106,-0.01993952281995384,-0.004906805030757852,0.00417591864630186,0.006267651168147198,-0.04683207798222855,-0.13380660301947436,-2.030882569829032,-0.0019496797027002129,-0.015501777264563858,-0.0009220121516438704
10.071150541305542,0.19027977096899865,0.011804850769735106,-0.01993952281995384,-0.004857736980450274,0.004134159459838842,0.006204974656465727,-0.04683207798222855,-0.13380660301947436,-2.030882569829032,-0.0019301829056732108,-0.01534675949191822,-0.0009127920301274316
10.086645364761353,0.19009000292139497,0.010028700094846351,-0.020237810262029903,-0.0049444205259701925,0.00297294716666274,0.005843695134458144,-0.04684116492791904,-0.134148183527102,-2.0308620227106395,-0.0019167455807951837,-0.01541374004124656,-0.0008904034757498169
10.090360879898071,0.19009000292139497,0.010028700094846351,-0.020237810262029903,-0.004894976320710491,0.002943217694996113,0.005785258183113562,-0.04684116492791904,-0.134148183527102,-2.0308620227106395,-0.001897578124987232,-0.015259602640834095,-0.0008814994409923187
10.108255624771118,0.1899646996178501,0.00867076537456844,-0.02038595746389811,-0.004924283423875878,0.0021680836814875195,0.0055736303220030895,-0.04685299490963909,-0.13447920588356485,-2.03083483072002,-0.0018852132129081565,-0.015291989612960386,-0.0008574889292321703
10.112746715545654,0.1899646996178501,0.00867076537456844,-0.02038595746389811,-0.004875040589637119,0.0021464028446726443,0.005517894018783058,-0.04685299490963909,-0.13447920588356485,-2.03083483072002,-0.001866361080779075,-0.015139069716830782,-0.0008489140399398485
10.126647472381592,0.18984356660799703,0.0076878771762919655,-0.020422065675943426,-0.004920888006279755,0.0014254781220019133,0.005370392556270101,-0.04687429938502627,-0.13481454656423578,-2.030803360189999,-0.0018630235961949316,-0.015228918172773886,-0.0008177854631468142
10.142688751220703,0.18984356660799703,0.0076878771762919655,-0.020422065675943426,-0.004871679126216958,0.001411223340781894,0.0053166886307074,-0.04687429938502627,-0.13481454656423578,-2.030803360189999,-0.0018443933602329823,-0.015076628991046148,-0.000809607608515346
10.151355981826782,0.18959526478935934,0.008057578123640404,-0.020792314464633272,-0.005106333548254329,0.0018643596049914648,0.004880540438065232,-0.04690111411358626,-0.1351501748096591,-2.0307457548664924,-0.001856887484908671,-0.015313100863678538,-0.0007350481762273465
10.156401872634888,0.18959526478935934,0.008057578123640404,-0.020792314464633272,-0.005055270212771786,0.00184571600894155,0.00483173503368458,-0.04690111411358626,-0.1351501748096591,-2.0307457548664924,-0.0018383186100595843,-0.015159969855041753,-0.000727697694465073
10.17038083076477,0.18951093065172758,0.008370849773128195,-0.020891280780021868,-0.00506289885969068,0.0020573080535422374,0.0047345005643480145,-0.046898900468052125,-0.1354899435024191,-2.030681458844861,-0.0018183518685083127,-0.01525142739266238,-0.0006744258579365552
10.174612045288086,0.18951093065172758,0.008370849773128195,-0.020891280780021868,-0.005012269871093773,0.002036734973006815,0.004687155558704534,-0.046898900468052125,-0.1354899435024191,-2.030681458844861,-0.0018001683498232296,-0.015098913118735756,-0.0006676815993571897
10.210175037384033,0.18952598764587938,0.008995452196800337,-0.02062731305206001,-0.004955775376562253,0.0021838811697591064,0.004730630951509939,-0.046865962877708646,-0.13617904726503677,-2.0305217713463093,-0.0017729049061630247,-0.015141693893285938,-0.0006161020659204238
10.214802026748657,0.18952598764587938,0.008995452196800337,-0.02062731305206001,-0.00490621762279663,0.002162042358061515,0.004683324641994839,-0.046865962877708646,-0.13617904726503677,-2.0305217713463093,-0.0017551758571013945,-0.014990276954353078,-0.0006099410452612196
10.228573083877563,0.1895410000593768,0.009291551850710223,-0.02036130168211183,-0.004843240717383127,0.002335773284346969,0.004848752431409045,-0.046848718094162356,-0.13653023369913378,-2.030427516658036,-0.0017251016150457306,-0.015095391959269178,-0.0005353975877095997
10.238277435302734,0.1895410000593768,0.009291551850710223,-0.02036130168211183,-0.004794808310209296,0.002312415551503499,0.004800264907094955,-0.046848718094162356,-0.13653023369913378,-2.030427516658036,-0.0017078505988952733,-0.014944438039676485,-0.0005300436118325037
10.24962043762207,0.1890399544073855,0.0161328176552377,-0.020174270395575594,-0.00512425128502432,0.008272912934384405,0.00548808594574135,-0.04679068393001817,-0.1368987158906603,-2.03031253833819,-0.0016396091269557146,-0.015119847856742401,-0.0004233781961355603
10.254691123962402,0.1890399544073855,0.0161328176552377,-0.020174270395575594,-0.005073008772174077,0.00819018380504056,0.005433205086283937,-0.04679068393001817,-0.1368987158906603,-2.03031253833819,-0.0016232130356861575,-0.014968649378174978,-0.0004191444141742047
10.264606714248657,0.18889028305517946,0.02071986007610881,-0.01981349279767909,-0.005121306035168888,0.012673705851931281,0.006177496885766408,-0.04670345317655018,-0.13726154247845065,-2.0301841548617667,-0.0015190075714684663,-0.01518487815248706,-0.00028547658716783866
10.271565198898315,0.18889028305517946,0.02071986007610881,-0.01981349279767909,-0.005070092974817199,0.012546968793411968,0.006115721916908744,-0.04670345317655018,-0.13726154247845065,-2.0301841548617667,-0.0015038174957537815,-0.01503302937096219,-0.00028262182129616025
10.284847259521484,0.18893276900757008,0.023877987792809363,-0.01937508240007527,-0.0049590530580586115,0.014753572913117678,0.006606014347572665,-0.046596151089367016,-0.13763527619285273,-2.0300462462520126,-0.0014079920918959393,-0.015164081405646814,-0.00017596486953452693
10.29032588005066,0.18893276900757008,0.023877987792809363,-0.01937508240007527,-0.0049094625274780255,0.014606037183986502,0.006539954204096939,-0.046596151089367016,-0.13763527619285273,-2.0300462462520126,-0.00139391217097698,-0.015012440591590346,-0.00017420522083918166
10.307266473770142,0.18909218543466536,0.025823183748636017,-0.01889689617211998,-0.004751103248767908,0.015573886436006934,0.006861992085160266,-0.04647897723902082,-0.13800766823459906,-2.029898569697328,-0.0013108055500127777,-0.015082138494096882,-8.528998147468649e-05
10.31771183013916,0.18909218543466536,0.025823183748636017,-0.01889689617211998,-0.0047035922162802285,0.015418147571646865,0.006793372164308663,-0.04647897723902082,-0.13800766823459906,-2.029898569697328,-0.0012976974945126498,-0.014931317109155913,-8.443708165993963e-05
10.334065198898315,0.18930476384762426,0.02676849523102308,-0.018410701188304384,-0.004517012420508373,0.015809379336232186,0.0070736278535665975,-0.046361729109971696,-0.13838788908584232,-2.029744246684734,-0.0012130238980481891,-0.01501450701241128,1.0775009268039872e-05
10.339796304702759,0.18930476384762426,0.02676849523102308,-0.018410701188304384,-0.004471842296303289,0.015651285542869865,0.0070028915750309315,-0.046361729109971696,-0.13838788908584232,-2.029744246684734,-0.0012008936590677073,-0.014864361942287168,1.0667259175359472e-05
10.347954034805298,0.1890569142393553,0.029569693783900754,-0.017457160625287665,-0.004681396093487818,0.018800064193707507,0.008422584323323028,-0.04623696184792046,-0.13877959922672478,-2.029569482172973,-0.0010359411211529322,-0.0151958888310312,0.00022479237602036423
10.363235235214233,0.18879824901793768,0.030471518304200817,-0.0157732325984377,-0.004782460116246911,0.01909605988821264,0.009491759841174088,-0.04611399335048881,-0.1391672001645273,-2.029403699863591,-0.0009451112664285046,-0.0152975755513315,0.0003310322051497794
10.368501663208008,0.18879824901793768,0.030471518304200817,-0.0157732325984377,-0.004734635515084442,0.018905099289330516,0.009396842242762347,-0.04611399335048881,-0.1391672001645273,-2.029403699863591,-0.0009356601537642195,-0.015144599795818186,0.0003277218830982816
10.386419773101807,0.18888231791338844,0.03048696716269035,-0.014550335339317095,-0.004630262423374431,0.018660013061215265,0.009981287532670777,-0.045982746372291904,-0.1395514398962125,-2.029237241865078,-0.0008530553251675785,-0.015207595909200204,0.00041734397089037724
10.3906831741333,0.18888231791338844,0.03048696716269035,-0.014550335339317095,-0.004583959799140686,0.018473412930603113,0.00988147465734407,-0.045982746372291904,-0.1395514398962125,-2.029237241865078,-0.0008445247719159028,-0.015055519950108202,0.00041317053118147346
10.407463073730469,0.18914827017023844,0.02978567650179565,-0.013608157553211087,-0.004374797827159763,0.017819337264512913,0.010298931223811736,-0.04584899422966174,-0.13993391294370033,-2.029074859984403,-0.0007563697846624622,-0.01513289999257507,0.0005058104899280561
10.411047458648682,0.18914827017023844,0.02978567650179565,-0.013608157553211087,-0.0043310498488881655,0.017641143891867783,0.010195941911573619,-0.04584899422966174,-0.13993391294370033,-2.029074859984403,-0.0007488060868158376,-0.01498157099264932,0.0005007523850287755
10.429062366485596,0.18949470084282677,0.028561602401434585,-0.012902107521091971,-0.004095047998450569,0.016751220263566263,0.010416559862791587,-0.045721198759284945,-0.14031356308642753,-2.0289174079720835,-0.0006703792947958442,-0.015042497489213201,0.0005831458147357867
10.43341612815857,0.18949470084282677,0.028561602401434585,-0.012902107521091971,-0.004054097518466063,0.0165837080609306,0.010312394264163671,-0.045721198759284945,-0.14031356308642753,-2.0289174079720835,-0.0006636755018478858,-0.01489207251432107,0.0005773143565884288
10.45124077796936,0.1898857635809496,0.02739080329014887,-0.013292614982046574,-0.003802029721525823,0.015784468658042554,0.009926310535087276,-0.04560750765731946,-0.14069583936339383,-2.0287426787035265,-0.0005932556693651555,-0.014957616746988624,0.0006695679739473026
10.45546269416809,0.1898857635809496,0.02739080329014887,-0.013292614982046574,-0.003764009424310565,0.01562662397146213,0.009827047429736403,-0.04560750765731946,-0.14069583936339383,-2.0287426787035265,-0.000587323112671504,-0.014808040579518737,0.0006628722942078295
10.46455430984497,0.1904986974763375,0.023101882151895015,-0.013433251562624426,-0.0030893579249663683,0.010792161077906016,0.00911930178230409,-0.04550294428819873,-0.14107248784174384,-2.0285790286969188,-0.0004664391146613677,-0.015074241300133047,0.0008362445880530638
10.484959363937378,0.19114647636501783,0.01954063763704802,-0.013471469413620322,-0.002754113065172293,0.008949457129227664,0.008840062274769125,-0.04539444324491307,-0.14144964820131603,-2.028418064430576,-0.0004086011113330362,-0.01510833562310123,0.0009067666506937963
10.493264436721802,0.19114647636501783,0.01954063763704802,-0.013471469413620322,-0.00272657193452057,0.008859962557935388,0.008751661652021434,-0.04539444324491307,-0.14144964820131603,-2.028418064430576,-0.00040451510021970584,-0.014957252266870218,0.0008976989841868584
10.507822513580322,0.19175252310841623,0.01649563151885539,-0.01342505175160322,-0.0022979938150371505,0.006686957234656246,0.008492399288765396,-0.045295060861794446,-0.14182494035303905,-2.0282626368736065,-0.0003322038010961269,-0.015065469392772694,0.000995485791843642
10.513409614562988,0.19175252310841623,0.01649563151885539,-0.01342505175160322,-0.002275013876886779,0.006620087662309684,0.008407475295877742,-0.045295060861794446,-0.14182494035303905,-2.0282626368736065,-0.00032888176308516564,-0.014914814698844966,0.0009855309339252057
10.528612613677979,0.19225564181785385,0.01396354691708123,-0.013321236673386158,-0.0019327755336306304,0.004890051613686764,0.008229271000296844,-0.04521826835956651,-0.1422008156167941,-2.028113483162512,-0.00027508152882716895,-0.01501290412709549,0.0010737837083701642
10.533823728561401,0.19225564181785385,0.01396354691708123,-0.013321236673386158,-0.0019134477782943241,0.004841151097549896,0.008146978290293875,-0.04521826835956651,-0.1422008156167941,-2.028113483162512,-0.0002723307135388973,-0.014862775085824535,0.0010630458712864626
10.551398992538452,0.19260616010063564,0.007697283920863263,-0.014133154339081131,-0.0017228073914976993,0.0012924529807731566,0.0072633413656850105,-0.04520905011839948,-0.14257852655058517,-2.027955414524527,-0.00026436239774869317,-0.014929057867339675,0.0011423535427725839
10.556251049041748,0.19260616010063564,0.007697283920863263,-0.014133154339081131,-0.0017055793175827223,0.001279528450965425,0.0071907079520281605,-0.04520905011839948,-0.14257852655058517,-2.027955414524527,-0.0002617187737712062,-0.014779767288666278,0.001130930007344858
10.566837549209595,0.1930127536819227,0.0026279491457287273,-0.015306934835296592,-0.0013427272919880546,-0.003388154565340638,0.005555605785110981,-0.04522388054054449,-0.14295344087434717,-2.0278042889080634,-0.0002731103915026111,-0.014986113400616726,0.0012623738495447041
10.587453603744507,0.1933897536877148,-0.0009121916164440076,-0.015908287705032484,-0.0011598246233400316,-0.005034044797740498,0.005044641688729392,-0.04527090479737356,-0.14333042142172242,-2.0276599934721418,-0.0002931888202018065,-0.01501911002280094,0.0013197418913277253
10.592493772506714,0.1933897536877148,-0.0009121916164440076,-0.015908287705032484,-0.0011482263771066313,-0.004983704349763093,0.004994195271842098,-0.04527090479737356,-0.14333042142172242,-2.0276599934721418,-0.0002902569319997884,-0.014868918922572931,0.001306544472414448
10.608601093292236,0.19368844815411193,-0.0031851392969987767,-0.016148552100460508,-0.000962263177608217,-0.006323246417171667,0.00465997865241061,-0.04535700506797597,-0.14370700612749504,-2.0275226524025025,-0.00034080848565212405,-0.014954026968025176,0.0013787452687169903
10.61582612991333,0.19368844815411193,-0.0031851392969987767,-0.016148552100460508,-0.0009526405458321347,-0.006260013952999951,0.0046133788658865044,-0.04535700506797597,-0.14370700612749504,-2.0275226524025025,-0.0003374004007956028,-0.014804486698344924,0.0013649578160298203
10.65685772895813,0.19387330882727585,-0.004396782013153376,-0.01611646927949175,-0.0009004201330015928,-0.006491974342364255,0.004546552769512247,-0.045486340412874485,-0.14408644283920044,-2.0273912309252418,-0.00036554730942800007,-0.01474891610010521,0.0013833375714368686
10.660999059677124,0.19387330882727585,-0.004396782013153376,-0.01611646927949175,-0.0008914159316715768,-0.006427054598940613,0.0045010872418171245,-0.045486340412874485,-0.14408644283920044,-2.0273912309252418,-0.0003618918363337201,-0.014601426939104158,0.0013695041957225
10.663939476013184,0.19407209283052618,-0.006764562892919175,-0.01601964957855603,-0.00027062069694273677,-0.014401938455183932,0.004006173895871823,-0.04567713634108664,-0.14446539467245617,-2.027263238785065,-0.0010071467725750601,-0.015744181979720287,0.0017910949281199045
10.668583393096924,0.19407209283052618,-0.006764562892919175,-0.01601964957855603,-0.0002679144899733094,-0.014257919070632093,0.003966112156913105,-0.04567713634108664,-0.14446539467245617,-2.027263238785065,-0.0009970753048493095,-0.015586740159923083,0.0017731839788387054
10.68894338607788,0.19454917413762707,-0.0074860556796170815,-0.015186463651902555,-3.525783996285501e-05,-0.014508969065507136,0.004299492062828817,-0.04608889113782284,-0.1452383976250922,-2.0270121014063682,-0.0011893417515490307,-0.01581054035121498,0.0018788005994018304
10.692583084106445,0.19454917413762707,-0.0074860556796170815,-0.015186463651902555,-3.490526156322646e-05,-0.014363879374852064,0.004256497142200529,-0.04608889113782284,-0.1452383976250922,-2.0270121014063682,-0.0011774483340335404,-0.01565243494770283,0.0018600125934078121
10.705727100372314,0.19471050460273848,-0.006303068208921107,-0.014571162731140315,9.281823485273348e-05,-0.013372265638588099,0.0047667863596803075,-0.0463314106573134,-0.14563224816784381,-2.026887510642696,-0.0013501832993921578,-0.01579555306273973,0.001936201427828066
10.709205389022827,0.19471050460273848,-0.006303068208921107,-0.014571162731140315,9.189005250420615e-05,-0.013238542982202218,0.004719118496083505,-0.0463314106573134,-0.14563224816784381,-2.026887510642696,-0.0013366814663982362,-0.015637597532112333,0.0019168394135497854
10.729383945465088,0.1947676627341308,-0.004617559157257711,-0.013907850942403216,0.00012403045946776659,-0.012308265639857166,0.005079722123714687,-0.04660363343661826,-0.14603105789746357,-2.0267597911856363,-0.001458221616007839,-0.015678861923564182,0.0019609656646111095
10.734308004379272,0.1947676627341308,-0.004617559157257711,-0.013907850942403216,0.00012279015487308892,-0.012185182983458595,0.00502892490247754,-0.04660363343661826,-0.14603105789746357,-2.0267597911856363,-0.0014436393998477606,-0.01552207330432854,0.0019413560079649984
10.752493381500244,0.1946204826075284,0.006120216564244072,-0.012888606628483283,8.017224779389623e-05,-0.006249969189456066,0.006108608385884487,-0.046840108095300315,-0.1464424925917583,-2.0266145694597832,-0.001559238614739322,-0.015593097367616835,0.0020017987658968134
10.760560274124146,0.1946204826075284,0.006120216564244072,-0.012888606628483283,7.937052531595727e-05,-0.006187469497561505,0.006047522302025642,-0.046840108095300315,-0.1464424925917583,-2.0266145694597832,-0.0015436462285919289,-0.015437166393940667,0.001981780778237845
10.771805047988892,0.19460397571018268,0.013819389219138216,-0.011915401663893823,0.00011238374627767965,0.0005941016946070911,0.007511122078052015,-0.04702055844780158,-0.1468541524280994,-2.0264635201324306,-0.0016886846274919685,-0.015648884649898828,0.0020962914408804876
10.777280569076538,0.19460397571018268,0.013819389219138216,-0.011915401663893823,0.00011125990881490285,0.0005881606776610202,0.007436010857271495,-0.04702055844780158,-0.1468541524280994,-2.0264635201324306,-0.0016717977812170488,-0.015492395803399839,0.0020753285264716826
10.789685249328613,0.19462650111736834,0.019664336897832292,-0.01100588070605623,0.00016361936028265684,0.00519314142133538,0.008546938292002712,-0.047175144058896515,-0.14727514154825305,-2.0263070666735734,-0.0017796985827313963,-0.015676851105128075,0.002180699781040229
10.794615030288696,0.19462650111736834,0.019664336897832292,-0.01100588070605623,0.00016198316667983027,0.005141210007122026,0.008461468909082686,-0.047175144058896515,-0.14727514154825305,-2.0263070666735734,-0.0017619015969040823,-0.015520082594076794,0.002158892783229827
10.807384014129639,0.19464185318560606,0.02386958775138449,-0.010181921086337335,0.00019887393010907515,0.008299639831036534,0.009337229757418535,-0.04732091882802634,-0.14769950504093396,-2.026144716575511,-0.0018584457523711368,-0.015697221050546446,0.0022644479571403606
10.810594320297241,0.19464185318560606,0.02386958775138449,-0.010181921086337335,0.0001968851908079844,0.008216643432726168,0.00924385745984435,-0.04732091882802634,-0.14769950504093396,-2.026144716575511,-0.0018398612948474255,-0.015540248840040983,0.002241803477568957
10.833278894424438,0.1946158637343735,0.026680409748818086,-0.009454524428448581,0.00019447542778304228,0.009334668136835422,0.009590311844520357,-0.04747226441040867,-0.14813232748452146,-2.025976947335278,-0.0018881800826902144,-0.015575646690743513,0.0022933428551265905
10.838640928268433,0.1946158637343735,0.026680409748818086,-0.009454524428448581,0.00019253067350521186,0.009241321455467069,0.009494408726075154,-0.04747226441040867,-0.14813232748452146,-2.025976947335278,-0.0018692982818633123,-0.015419890223836078,0.0022704094265753247
10.847930192947388,0.19403250284774468,0.027236895705543614,-0.008236111871021846,-0.0004168940489202266,0.009619337978254174,0.010769315108241003,-0.04764786224066344,-0.148574037217134,-2.025821576680466,-0.0020396383778981497,-0.015741196916365875,0.0024149636247378526
10.851911067962646,0.19403250284774468,0.027236895705543614,-0.008236111871021846,-0.0004127251084310243,0.009523144598471632,0.010661621957158593,-0.04764786224066344,-0.148574037217134,-2.025821576680466,-0.0020192419941191682,-0.015583784947202216,0.0023908139884904742
10.867591142654419,0.19381036531681536,0.02721345230593312,-0.00732458982032931,-0.0005425765971710455,0.009357274683261245,0.011133135977844868,-0.04781916075337982,-0.14900649197412183,-2.025662891019883,-0.0021082955542409835,-0.015703746011631253,0.0024681079561864514
10.872657299041748,0.19381036531681536,0.02721345230593312,-0.00732458982032931,-0.0005371508311993351,0.009263701936428632,0.011021804618066419,-0.04781916075337982,-0.14900649197412183,-2.025662891019883,-0.0020872125986985735,-0.01554670855151494,0.002443426876624587
10.888915061950684,0.19377554891643034,0.026643642737967096,-0.006609449676655658,-0.0005489081645171965,0.008780328285105436,0.011315112358686472,-0.047997406341004065,-0.14944796985674952,-2.0255064039025563,-0.002175977689481599,-0.01566279043931213,0.0025152463902532807
10.893417835235596,0.19377554891643034,0.026643642737967096,-0.006609449676655658,-0.0005434190828720245,0.008692525002254382,0.011201961235099606,-0.047997406341004065,-0.14944796985674952,-2.0255064039025563,-0.002154217912586783,-0.01550616253491901,0.002490093926350748
10.913827180862427,0.19384858957344667,0.025994308838980955,-0.006030515295849394,-0.0004998103889634474,0.008261943593398439,0.011340597050688812,-0.04818498197797688,-0.1498859796936694,-2.025349786364741,-0.0022245824708950744,-0.01556571329593857,0.002541931134737234
10.918255090713501,0.19384858957344667,0.025994308838980955,-0.006030515295849394,-0.0004948122850738129,0.008179324157464455,0.011227191080181923,-0.04818498197797688,-0.1498859796936694,-2.025349786364741,-0.0022023366461861238,-0.015410056162979184,0.0025165118233898614
10.951316118240356,0.19350689935843776,0.02666587814786579,-0.0043142411709967445,-0.0005857811402293913,0.00824944836188142,0.011651720294491564,-0.048595242384231505,-0.15078750878276315,-2.025028635776827,-0.002304405129537874,-0.015528641950363025,0.002588485424650777
10.956659078598022,0.19350689935843776,0.02666587814786579,-0.0043142411709967445,-0.0005799233288270974,0.008166953878262606,0.011535203091546648,-0.048595242384231505,-0.15078750878276315,-2.025028635776827,-0.0022813610782424954,-0.015373355530859395,0.0025626005704042693
10.96691346168518,0.19321842812914639,0.029298529573744028,-0.0032256601437085615,-0.0008335903727320067,0.010534601223267041,0.012726024232737224,-0.04876644783728804,-0.1512415040251627,-2.0248770117397425,-0.002425505783334715,-0.015662354842599726,0.002684837225764982
10.987239122390747,0.19325101926331764,0.03066756091606514,-0.002457408691061089,-0.0008020055442091518,0.011062203948724267,0.013038949633141258,-0.048934598558966695,-0.15169808749767655,-2.0247238008576147,-0.002483979018625243,-0.015730365306877093,0.0027333669110018526
10.991602897644043,0.19325101926331764,0.03066756091606514,-0.002457408691061089,-0.0007939854887670602,0.010951581909237024,0.012908560136809844,-0.048934598558966695,-0.15169808749767655,-2.0247238008576147,-0.0024591392284389908,-0.015573061653808321,0.002706033241891834
11.013070344924927,0.19347339867127103,0.03106762734938597,-0.0019392117255297057,-0.0006783872316237187,0.01100398995710156,0.01303567912704135,-0.04910543349420804,-0.15215688653599954,-2.0245709922992257,-0.002514126433929227,-0.015631049525695988,0.0027501544320776704
11.018100500106812,0.19347339867127103,0.03106762734938597,-0.0019392117255297057,-0.0006716033593074816,0.010893950057530544,0.012905322335770936,-0.04910543349420804,-0.15215688653599954,-2.0245709922992257,-0.0024889851695899345,-0.015474739030439028,0.0027226528877568935
11.03458285331726,0.19379636378979842,0.031055407717652105,-0.0015863630314911451,-0.0004656848314420754,0.010757004970761841,0.012985216200856473,-0.04928435115262798,-0.15261865539538233,-2.0244188793786964,-0.002572646357988547,-0.015600151186218169,0.002787714710298021
11.040435791015625,0.19379636378979842,0.031055407717652105,-0.0015863630314911451,-0.0004610279831276547,0.010649434921054223,0.012855364038847909,-0.04928435115262798,-0.15261865539538233,-2.0244188793786964,-0.002546919894408661,-0.015444149674355987,0.0027598375631950407
11.049940586090088,0.19376991689398212,0.029453592019184283,-0.0019742166337086836,-0.0004935068104087773,0.008907609849332943,0.01215903104566895,-0.04948720629376928,-0.15308326695772326,-2.024298302321879,-0.002734874698351628,-0.015778526251754,0.002859098373766169
11.055807113647461,0.19376991689398212,0.029453592019184283,-0.0019742166337086836,-0.0004885717423046895,0.008818533750839613,0.01203744073521226,-0.04948720629376928,-0.15308326695772326,-2.024298302321879,-0.0027075259513681116,-0.015620740989236461,0.0028305073900285072
11.06876802444458,0.1941204471056731,0.02765571724432474,-0.002231378962746168,-0.00021881304317672066,0.007371024233017193,0.011581982076429914,-0.04971362640791277,-0.15353449816983594,-2.024186398112706,-0.0028551452929420473,-0.01581268134393868,0.0028885420887912014
11.07222318649292,0.1941204471056731,0.02765571724432474,-0.002231378962746168,-0.00021662491274495344,0.007297313990687021,0.011466162255665614,-0.04971362640791277,-0.15353449816983594,-2.024186398112706,-0.002826593840012627,-0.015654554530499295,0.0028596566679032894
11.09088921546936,0.19465107152858852,0.025715882558804085,-0.0024439288487541583,6.616678093452323e-05,0.006202588420384053,0.0111338860323947,-0.04996993905252924,-0.1539901451198218,-2.0240879824077416,-0.0029356429378957836,-0.01574211390465036,0.0028837846014855718
11.096212148666382,0.19465107152858852,0.025715882558804085,-0.0024439288487541583,6.5505113125178e-05,0.006140562536180213,0.011022547172070754,-0.04996993905252924,-0.1539901451198218,-2.0240879824077416,-0.002906286508516826,-0.015584692765603857,0.002854946755470716
11.112506628036499,0.19525364215645635,0.024131599195696064,-0.0025781449392650617,0.00043159282510582216,0.005120862748385612,0.01073139869243325,-0.05025635161547752,-0.15443879534062208,-2.023998636950248,-0.0030529964045261523,-0.015704184626386238,0.00288122902292534
11.116509675979614,0.19525364215645635,0.024131599195696064,-0.0025781449392650617,0.00042727689685476394,0.0050696541209017554,0.010624084705508916,-0.05025635161547752,-0.15443879534062208,-2.023998636950248,-0.0030224664404808906,-0.015547142780122375,0.0028524167326960865
11.12987232208252,0.19584011383321756,0.0228133797184211,-0.002652664664262593,0.0008591655642351459,0.004043936241969958,0.010361133296488991,-0.05057413716441723,-0.15489150620119457,-2.023917615605379,-0.003230058108629119,-0.015730459685923782,0.002884525275570995
11.135196924209595,0.19584011383321756,0.0228133797184211,-0.002652664664262593,0.0008505739085927944,0.004003496879550258,0.010257521963524101,-0.05057413716441723,-0.15489150620119457,-2.023917615605379,-0.003197757527542828,-0.015573155089064544,0.002855680022815285
11.154613256454468,0.19591028386919473,0.025100322302964148,-0.001960214997664235,0.0008847089367794853,0.005098957425481524,0.010623805587001876,-0.05089557069152666,-0.15534488451423067,-2.0238635796251616,-0.003331327967750247,-0.015650927120270778,0.002854953391300762
11.157625675201416,0.19591028386919473,0.025100322302964148,-0.001960214997664235,0.0008758618474116904,0.0050479678512267085,0.010517567531131857,-0.05089557069152666,-0.15534488451423067,-2.0238635796251616,-0.0032980146880727443,-0.01549441784906807,0.0028264038573877544
11.174668550491333,0.19627487625754284,0.026524213065483925,-0.0014815406257391358,0.0010860232616646368,0.005800166041740681,0.010770307490566641,-0.05124215119531589,-0.15578628698021427,-2.023823615832428,-0.00346839254146693,-0.015598468974171928,0.002821588792096799
11.179049491882324,0.19627487625754284,0.026524213065483925,-0.0014815406257391358,0.0010751630290479904,0.005742164381323274,0.010662604415660975,-0.05124215119531589,-0.15578628698021427,-2.023823615832428,-0.003433708616052261,-0.015442484284430208,0.002793372904175831
11.194849491119385,0.19674627700538172,0.027172052523195676,-0.0011419775825541236,0.0013662246915652984,0.006071152144578821,0.010805633461345613,-0.05161622639683989,-0.15623122427880992,-2.0237940899652,-0.0036361279979848305,-0.01556966534037102,0.0027841264337756973
11.199867725372314,0.19674627700538172,0.027172052523195676,-0.0011419775825541236,0.0013525624446496453,0.006010440623133033,0.010697577126732158,-0.05161622639683989,-0.15623122427880992,-2.0237940899652,-0.003599766718004982,-0.01541396868696731,0.0027562851694379405
11.214002132415771,0.19723350252842461,0.02723610806890561,-0.0009114754273695632,0.0016859721806893944,0.005979483130025122,0.010752371280049916,-0.0520180289125764,-0.15667254669105654,-2.023766955837594,-0.0038480416874492663,-0.015572061703521097,0.0027479195345226325
11.219390153884888,0.19723350252842461,0.02723610806890561,-0.0009114754273695632,0.0016691124588825005,0.005919688298724871,0.010644847567249417,-0.0520180289125764,-0.15667254669105654,-2.023766955837594,-0.0038095612705747735,-0.015416341086485886,0.002720440339177406
11.24064040184021,0.1976681931535538,0.027178626985262213,-0.0007326767881575786,0.0018580573309038293,0.0058254366499214056,0.010616542030887676,-0.05244273764883961,-0.1571194673665622,-2.0237401264919335,-0.003971326260510531,-0.015472490833587607,0.002705861362894567
11.244600296020508,0.1976681931535538,0.027178626985262213,-0.0007326767881575786,0.001839476757594791,0.005767182283422191,0.0105103766105788,-0.05244273764883961,-0.1571194673665622,-2.0237401264919335,-0.003931612997905426,-0.015317765925251732,0.0026788027492656214
11.256125688552856,0.1979340483680043,0.024814748922824613,-0.0008046856865309662,0.0020483773443126076,0.0036781089457719822,0.010138045711086896,-0.052903489433894224,-0.15756439536128886,-2.023733827099713,-0.004292067881157729,-0.01555062977693071,0.002657480385699481
11.261043071746826,0.1979340483680043,0.024814748922824613,-0.0008046856865309662,0.0020278935708694817,0.0036413278563142623,0.010036665253976026,-0.052903489433894224,-0.15756439536128886,-2.023733827099713,-0.004249147202346152,-0.015395123479161403,0.002630905581842486
11.273990154266357,0.1983366275953668,0.023050293643534156,-0.0008378765057800213,0.002316589278340881,0.0022536424118539643,0.009772556309117372,-0.053362903391056635,-0.15800761241285094,-2.0237280746533637,-0.00456149548396554,-0.015583501916628748,0.0026090395705020775
11.2785165309906,0.1983366275953668,0.023050293643534156,-0.0008378765057800213,0.0022934233855574724,0.0022311059877354244,0.009674830746026198,-0.053362903391056635,-0.15800761241285094,-2.0237280746533637,-0.0045158805291258845,-0.01542766689746246,0.002582949174797057
11.294539451599121,0.19875731015125545,0.021512066065127313,-0.0008667571674108814,0.0025317041139915984,0.001256938102478542,0.009462270287617808,-0.053826562881379623,-0.1584550004421622,-2.0237227197049776,-0.004760094367968198,-0.015552607757078323,0.0025604617381693004
11.299607038497925,0.19875731015125545,0.021512066065127313,-0.0008667571674108814,0.0025063870728516823,0.0012443687214537566,0.00936764758474163,-0.053826562881379623,-0.1584550004421622,-2.0237227197049776,-0.004712493424288516,-0.01539708167950754,0.0025348571207876075
11.316846132278442,0.19912969397066518,0.020429125165731584,-0.0008650742849970733,0.002696621800643885,0.0006078315344233844,0.009210400171458464,-0.05428875272004072,-0.15890487237146467,-2.023714886495986,-0.004933474136749304,-0.015504071174797357,0.0025140524131327694
11.321352243423462,0.19912969397066518,0.020429125165731584,-0.0008650742849970733,0.002669655582637446,0.0006017532190791506,0.00911829616974388,-0.05428875272004072,-0.15890487237146467,-2.023714886495986,-0.004884139395381811,-0.015349030463049383,0.002488911889001442
11.341315746307373,0.19940465450557182,0.019326338649435153,-0.0008753686677079795,0.0027800271361396547,4.752594521210344e-05,0.008965770253966322,-0.054750068674342824,-0.15936135331047016,-2.02370082215228,-0.005066377665645582,-0.015424197895320051,0.00247106779812474
11.34637451171875,0.19940465450557182,0.019326338649435153,-0.0008753686677079795,0.002752226864778258,4.705068575998241e-05,0.008876112551426658,-0.054750068674342824,-0.15936135331047016,-2.02370082215228,-0.005015713888989126,-0.01526995591636685,0.0024463571201434925
11.356793403625488,0.19948163551158285,0.016706425031767756,-0.002126832510790737,0.002784478389892802,-0.002331986550041255,0.007343638049337551,-0.0552205483133627,-0.15981707200011191,-2.0237154097019885,-0.005417120739083129,-0.01555465286128537,0.0024078924921701874
11.359761714935303,0.19948163551158285,0.016706425031767756,-0.002126832510790737,0.002756633605993874,-0.0023086666845408424,0.007270201668844176,-0.0552205483133627,-0.15981707200011191,-2.0237154097019885,-0.0053629495316922975,-0.015399106332672515,0.0023838135672484854
11.39129638671875,0.19991360724155585,0.013169653397735197,-0.0033284982760339045,0.002861161990812101,-0.003361883395178471,0.006706343496152835,-0.05613073812017189,-0.16072668363285167,-2.023735478513092,-0.005597951487198642,-0.015533563374652285,0.0023536113852838975
11.394301414489746,0.19991360724155585,0.013169653397735197,-0.0033284982760339045,0.00283255037090398,-0.0033282645612266863,0.006639280061191306,-0.05613073812017189,-0.16072668363285167,-2.023735478513092,-0.0055419719723266555,-0.015378227740905762,0.0023300752714310586
11.417195558547974,0.20009394176283546,0.01196217259804082,-0.0035788745128077187,0.002881191023104624,-0.003808092675654234,0.0064111901476287475,-0.056569972675177785,-0.16118521063477398,-2.023740378004074,-0.005678406795795207,-0.01542472681088236,0.0023046344557515843
11.422455310821533,0.20009394176283546,0.01196217259804082,-0.0035788745128077187,0.0028523791128735776,-0.0037700117488976915,0.00634707824615246,-0.056569972675177785,-0.16118521063477398,-2.023740378004074,-0.005621622727837255,-0.015270479542773536,0.0022815881111940685
11.440844297409058,0.20018690955022095,0.011563241437915456,-0.003615014537345035,0.0028738236304411626,-0.003945916614644832,0.006242148288528426,-0.05699326616641776,-0.1616501295776906,-2.023741166522272,-0.0057955950915534234,-0.015370599415363138,0.0022583434309231647
11.444515466690063,0.20018690955022095,0.011563241437915456,-0.003615014537345035,0.002845085394136751,-0.003906457448498384,0.006179726805643142,-0.05699326616641776,-0.1616501295776906,-2.023741166522272,-0.0057376391406378895,-0.015216893421209507,0.002235759996613933
11.472329378128052,0.2000340525270783,0.012225942327614764,-0.003532713278305444,0.0027623694468734738,-0.0036335927902806237,0.006171411969308456,-0.05778665638874043,-0.16257576503163595,-2.023777453767273,-0.005965512173459938,-0.015397520345648607,0.002200355959406586
11.475196361541748,0.2000340525270783,0.012225942327614764,-0.003532713278305444,0.002734745752404739,-0.0035972568623778172,0.006109697849615372,-0.05778665638874043,-0.16257576503163595,-2.023777453767273,-0.005905857051725339,-0.01524354514219212,0.00217835239981252
11.495796918869019,0.20008427225414663,0.012889266688420609,-0.0033131739295796463,0.0027331140001706574,-0.0032520917106972544,0.006186401733375392,-0.058158877222382416,-0.163040825142003,-2.023792022735841,-0.006027483317899009,-0.015316860918263156,0.002149496752309896
11.499311685562134,0.20008427225414663,0.012889266688420609,-0.0033131739295796463,0.0027057828601689507,-0.0032195707935902818,0.006124537716041638,-0.058158877222382416,-0.163040825142003,-2.023792022735841,-0.005967208484720019,-0.015163692309080525,0.002128001784786797
11.515974760055542,0.20011499385237436,0.013422264624695847,-0.003050706412757494,0.0026988246188087853,-0.0028853670070798534,0.00625152376135848,-0.058517992439548076,-0.16350558230389947,-2.0238005117792914,-0.0061230519803305095,-0.015290969797661067,0.00210162724284389
11.521153926849365,0.20011499385237436,0.013422264624695847,-0.003050706412757494,0.0026718363726206972,-0.002856513337009055,0.006189008523744895,-0.058517992439548076,-0.16350558230389947,-2.0238005117792914,-0.006061821460527204,-0.015138060099684457,0.0020806109704154512
11.541765689849854,0.20008230708403302,0.013847396940899212,-0.002761955393617625,0.0026305908418993705,-0.0026370191704273536,0.006286946247798313,-0.05886352772458066,-0.1639755428816661,-2.023802370342494,-0.006168843095567204,-0.015214685505624282,0.0020589031604528536
11.546217679977417,0.20008230708403302,0.013847396940899212,-0.002761955393617625,0.002604284933480377,-0.00261064897872308,0.00622407678532033,-0.05886352772458066,-0.1639755428816661,-2.023802370342494,-0.006107154664611532,-0.015062538650568039,0.002038314128848325
11.558125019073486,0.1995913397136532,0.015404390104410097,-0.002662181063602545,0.002168940001828902,-0.001293626667579013,0.006378318332079307,-0.05918729356091038,-0.16444645005329306,-2.023830991059588,-0.00631798755750271,-0.015307389673886281,0.001993894788654972
11.56223440170288,0.1995913397136532,0.015404390104410097,-0.002662181063602545,0.002147250601810613,-0.0012806904009032229,0.006314535148758514,-0.05918729356091038,-0.16444645005329306,-2.023830991059588,-0.006254807681927683,-0.01515431577714742,0.0019739558407684222
11.570252656936646,0.199367621642546,0.016456964529007325,-0.002461048978317914,0.0018511189530939476,1.1420415149527869e-05,0.006633285648055568,-0.05948806278963063,-0.16490779176148465,-2.0238523114217766,-0.006567365186000518,-0.015578136828598042,0.0019276265049502806
11.594778299331665,0.19925594168024027,0.017167790024015767,-0.0022159194505842828,0.0017884028786488467,0.00028932013886023985,0.006695406112880346,-0.059768985050949346,-0.1653741214804933,-2.0238713040654464,-0.006616233798434378,-0.015612495115574809,0.001900606245527918
11.597697734832764,0.19925594168024027,0.017167790024015767,-0.0022159194505842828,0.0017705188498623582,0.0002864269374716374,0.006628452051751542,-0.059768985050949346,-0.1653741214804933,-2.0238713040654464,-0.006550071460450034,-0.01545637016441906,0.0018816001830726388
11.616129636764526,0.1991823275140125,0.01759239485345568,-0.001944138888342855,0.0017145156287349005,0.000497784692699347,0.006731855271360278,-0.060031750921745355,-0.16583661550087583,-2.023881423129119,-0.006627131113065805,-0.015552726862685173,0.0018572942086334282
11.620412111282349,0.1991823275140125,0.01759239485345568,-0.001944138888342855,0.0016973704724475515,0.0004928068457723536,0.006664536718646676,-0.060031750921745355,-0.16583661550087583,-2.023881423129119,-0.006560859801935146,-0.01539719959405832,0.001838721266547094
11.634407043457031,0.19909138468475468,0.017784399238228533,-0.001660029774446914,0.0016173984460132599,0.0006040426097280205,0.00681374117262581,-0.06027800910449866,-0.166304274961325,-2.0238816584119976,-0.0066712136020750335,-0.015577391032861047,0.0018201659338253223
11.639090538024902,0.19909138468475468,0.017784399238228533,-0.001660029774446914,0.0016012244615531274,0.0005980021836307403,0.006745603760899552,-0.06027800910449866,-0.166304274961325,-2.0238816584119976,-0.006604501466054283,-0.015421617122532436,0.001801964274487069
11.653692722320557,0.19869808833896535,0.018697253670721836,-0.0014286616343202484,0.0013181770565789685,0.0011973967597760007,0.00689996619857992,-0.06050210911401747,-0.16676973173126114,-2.0239003504701514,-0.006691926648031035,-0.01558615926890667,0.0017711437673130941
11.65808892250061,0.19869808833896535,0.018697253670721836,-0.0014286616343202484,0.0013049952860131788,0.0011854227921782408,0.006830966536594121,-0.06050210911401747,-0.16676973173126114,-2.0239003504701514,-0.006625007381550725,-0.015430297676217604,0.0017534323296399632
11.673187494277954,0.19854982033231502,0.019168675002013087,-0.0011658291253966522,0.001195783328162589,0.0014665192887538027,0.006967416706787975,-0.060704687640067236,-0.16722910405413483,-2.0239103011152872,-0.006692927962441611,-0.015580243557988522,0.001729307551774343
11.678876876831055,0.19854982033231502,0.019168675002013087,-0.0011658291253966522,0.0011838254948809631,0.0014518540958662646,0.006897742539720095,-0.060704687640067236,-0.16722910405413483,-2.0239103011152872,-0.006625998682817195,-0.015424441122408638,0.0017120144762565997
11.698886156082153,0.19850831917056208,0.019345950895936975,-0.0008976026093732412,0.0011526313488195489,0.0015120861214145671,0.00697089394710575,-0.060887374986320054,-0.16769100518149924,-2.023914988302151,-0.006651040008725107,-0.01550104017214482,0.001692551824897393
11.702812433242798,0.19850831917056208,0.019345950895936975,-0.0008976026093732412,0.0011411050353313534,0.0014969652602004214,0.006901185007634693,-0.060887374986320054,-0.16769100518149924,-2.023914988302151,-0.006584529608637856,-0.015346029770423372,0.001675626306648419
11.717216968536377,0.19850241975511462,0.019338807682562312,-0.0006286330366239845,0.0011273888364334455,0.001458595926950345,0.007017212317027057,-0.061051666260072385,-0.1681507200453959,-2.023909840547949,-0.006632739553073928,-0.015511715390672906,0.0016624437473475205
11.722692728042603,0.19850241975511462,0.019338807682562312,-0.0006286330366239845,0.0011161149480691111,0.0014440099676808417,0.006947040193856786,-0.061051666260072385,-0.1681507200453959,-2.023909840547949,-0.006566412157543189,-0.015356598236766177,0.0016458193098740452
11.74407410621643,0.19847838908545953,0.019752751137057083,-0.000310159965573739,0.001095334202758826,0.0016071627526072752,0.007044792628577124,-0.061195753095089116,-0.1686134158725315,-2.0238964024336195,-0.006568136973128553,-0.015419433565564676,0.0016356460784931577
11.748994827270508,0.19847838908545953,0.019752751137057083,-0.000310159965573739,0.0010843808607312376,0.0015910911250812023,0.006974344702291352,-0.061195753095089116,-0.1686134158725315,-2.0238964024336195,-0.006502455603397268,-0.01526523922990903,0.001619289617708226
11.756131172180176,0.19811546690913176,0.020724279223112898,0.0005113316045221075,0.0005774715016758673,0.002813535731211282,0.008187791824450324,-0.061319290481704675,-0.1690750729527107,-2.0239027479143776,-0.0066105412153544705,-0.01575949654562275,0.0015942049417215977
11.760683298110962,0.19811546690913176,0.020724279223112898,0.0005113316045221075,0.0005716967866591086,0.002785400373899169,0.00810591390620582,-0.061319290481704675,-0.1690750729527107,-2.0239027479143776,-0.006544435803200925,-0.015601901580166522,0.0015782628923043818
11.776792287826538,0.19800615231044078,0.02131787360358817,0.0011055435351641314,0.0005021062141459799,0.0030871463333159046,0.008428371526605617,-0.06142766166260269,-0.16952795459757725,-2.023899811472877,-0.006546265174193169,-0.015727018534318724,0.0015643031222647747
11.781425476074219,0.19800615231044078,0.02131787360358817,0.0011055435351641314,0.0004970851520045201,0.0030562748699827454,0.008344087811339562,-0.06142766166260269,-0.16952795459757725,-2.023899811472877,-0.006480802522451238,-0.015569748348975536,0.0015486600910421268
11.798615455627441,0.1980060391643793,0.021532048712106566,0.001556149776985158,0.0004948640848933634,0.0031236274067441313,0.00853334617363064,-0.061525384380909744,-0.1699843820850013,-2.0238923438538454,-0.006472843150248383,-0.015679570371201823,0.001537517659947886
11.802692413330078,0.1980060391643793,0.021532048712106566,0.001556149776985158,0.0004899154440444298,0.00309239113267669,0.008448012711894333,-0.061525384380909744,-0.1699843820850013,-2.0238923438538454,-0.006408114718745899,-0.015522774667489804,0.001522142483348407
11.820600986480713,0.1980419463681519,0.021510827850493828,0.001896127419648129,0.0005071136859526317,0.00303099315924411,0.008550737068694808,-0.061615398542819014,-0.17043727237694922,-2.0238759562093853,-0.006394296739456928,-0.01562043713609812,0.0015160717844394627
11.825206756591797,0.1980419463681519,0.021510827850493828,0.001896127419648129,0.0005020425490931054,0.003000683227651669,0.00846522969800786,-0.061615398542819014,-0.17043727237694922,-2.0238759562093853,-0.006330353772062359,-0.015464232764737138,0.0015009110665950682
11.843182802200317,0.1980578455646716,0.02149732495518349,0.0021677492271793765,0.000507497783142454,0.002948316671816418,0.008529846403236833,-0.06169922456920755,-0.17089392469208617,-2.023851581951066,-0.0063136823069421776,-0.01556362423578045,0.0014994612552600534
11.849247217178345,0.1980578455646716,0.02149732495518349,0.0021677492271793765,0.0005024228053110294,0.0029188335050982536,0.008444547939204464,-0.06169922456920755,-0.17089392469208617,-2.023851581951066,-0.006250545483872756,-0.015407987993422646,0.0014844666427074528
11.877694845199585,0.19759219885106613,0.017109162732999374,0.0020373223658643174,0.0003339155030705408,0.0013613912159098451,0.008164033680987365,-0.06190427977802773,-0.17179407428439505,-2.023841317225528,-0.006260121683317146,-0.015570331539595087,0.0014732302650031978
11.882498502731323,0.19759219885106613,0.017109162732999374,0.0020373223658643174,0.0003305763480398354,0.0013477773037507467,0.00808239334417749,-0.06190427977802773,-0.17179407428439505,-2.023841317225528,-0.0061975204664839745,-0.015414628224199136,0.001458497962353166
11.9032883644104,0.19759965692081846,0.015551333435492547,0.0020138743473018766,0.0003311194780164648,0.0005909610839248688,0.007916542270635698,-0.06201136772340327,-0.17224284464556822,-2.0238297335202153,-0.006187054957760649,-0.015476342137710541,0.0014494847876273995
11.907711505889893,0.19759965692081846,0.015551333435492547,0.0020138743473018766,0.00032780828323630015,0.0005850514730856201,0.007837376847929341,-0.06201136772340327,-0.17224284464556822,-2.0238297335202153,-0.006125184408183043,-0.015321578716333436,0.0014349899397511255
11.92155146598816,0.1976442569876388,0.01432861248597022,0.0020161463651228446,0.0003572201970868661,-0.0002986440753909318,0.007673380472286366,-0.062118941331226384,-0.1726877279197682,-2.023811483604038,-0.006141659383441236,-0.015489811308385946,0.0014338264339904482
11.926050424575806,0.1976442569876388,0.01432861248597022,0.0020161463651228446,0.00035364799511599743,-0.0002956576346370225,0.007596646667563502,-0.062118941331226384,-0.1726877279197682,-2.023811483604038,-0.006080242789606824,-0.015334913195302087,0.0014194881696505436
11.939727306365967,0.1976699898750601,0.013410787560128255,0.002044831877879495,0.0003694452161362054,-0.0009614554511122344,0.0074752801009249715,-0.06222582787465573,-0.17313649509496537,-2.0237868181690266,-0.006097591613632986,-0.01550968503571867,0.0014233276874536984
11.944647073745728,0.1976699898750601,0.013410787560128255,0.002044831877879495,0.0003657507639748433,-0.0009518408966011121,0.007400527299915722,-0.06222582787465573,-0.17313649509496537,-2.0237868181690266,-0.006036615697496656,-0.015354588185361484,0.0014090944105791614
11.957204580307007,0.19720740626663774,0.01138497091539322,0.0014601504207198892,-8.420841987739978e-06,-0.002499751663244442,0.006707460506077794,-0.062342660856737085,-0.17358618223259173,-2.0237808351880533,-0.006069287900893014,-0.015559144555282085,0.0013997679322087623
11.963173866271973,0.19720740626663774,0.01138497091539322,0.0014601504207198892,-8.336633567862578e-06,-0.0024747541466119977,0.006640385901017017,-0.062342660856737085,-0.17358618223259173,-2.0237808351880533,-0.006008595021884084,-0.015403553109729264,0.0013857702528866746
11.976074695587158,0.19704512502054086,0.010046100197223724,0.0011599194444088616,-0.0001349820526442856,-0.003458379010048216,0.006241473735513892,-0.06245515686810163,-0.1740247483995023,-2.0237684679956125,-0.006035709676072997,-0.01558946949660234,0.0013814989049545942
12.000808000564575,0.19701952276806373,0.0092005368961567,0.0010235750379579361,-0.00014417157059139755,-0.003758055582445371,0.006090767807206691,-0.06256259862614853,-0.17446761976806702,-2.023754340544157,-0.006018792693015229,-0.015612633511731505,0.0013733958300500633
12.004799365997314,0.19701952276806373,0.0092005368961567,0.0010235750379579361,-0.00014272985488548358,-0.0037204750266209173,0.006029860129134624,-0.06256259862614853,-0.17446761976806702,-2.023754340544157,-0.005958604766085077,-0.01545650717661419,0.0013596618717495626
12.019119501113892,0.1970520696099687,0.009002768010170931,0.0010402123054918011,-0.00011849192681678494,-0.003821606233039239,0.005967440085978574,-0.06266209107640087,-0.17490543741642836,-2.0237345417427473,-0.005968496030923302,-0.01560767780133217,0.0013598911012162637
12.023176670074463,0.1970520696099687,0.009002768010170931,0.0010402123054918011,-0.00011730700754861709,-0.0037833901707088466,0.005907765685118789,-0.06266209107640087,-0.17490543741642836,-2.0237345417427473,-0.005908811070614069,-0.015451601023318847,0.001346292190204101
12.042993783950806,0.1970807045143127,0.009453797327793253,0.0011867401205583198,-0.00010139924932157831,-0.003526680139303935,0.005944436935039738,-0.06275138361642628,-0.17534725486699565,-2.023710267813104,-0.005894781256783338,-0.015520032437884343,0.0013450782414848768
12.056205034255981,0.19705053208556292,0.011885197011271683,0.0018075111603694139,-0.00012143113156931375,-0.001709074265624646,0.006532706162650769,-0.06282155391440744,-0.17578786601258453,-2.023681119191507,-0.005888947491985586,-0.015698344184968002,0.001353690943542383
12.06141996383667,0.19705053208556292,0.011885197011271683,0.0018075111603694139,-0.00012021682025362062,-0.0016919835229683997,0.006467379101024261,-0.06282155391440744,-0.17578786601258453,-2.023681119191507,-0.005830058017065731,-0.015541360743118323,0.001340154034106959
12.079528331756592,0.19718321985517442,0.01376627719701934,0.0023558468368973426,-4.442704638041928e-05,-0.000672626967684948,0.0068051381201942665,-0.06282172594763628,-0.17622693265961964,-2.0236339274873365,-0.005771852438956885,-0.015628413297727104,0.0013528132102144162
12.083828449249268,0.19718321985517442,0.01376627719701934,0.0023558468368973426,-4.3982775916615084e-05,-0.0006659006980080985,0.006737086738992324,-0.06282172594763628,-0.17622693265961964,-2.0236339274873365,-0.005714133914567316,-0.015472129164749833,0.001339285078112272
12.101929426193237,0.1973796020341267,0.01527486514481296,0.002864618706450454,6.631677322470735e-05,0.00014135032990735734,0.007030132286014182,-0.06277129532859267,-0.1766688457335865,-2.0235707538485124,-0.005629131858732307,-0.015561545565412954,0.0013607929064600613
12.106857061386108,0.1973796020341267,0.01527486514481296,0.002864618706450454,6.565360549246028e-05,0.00013993682660828376,0.006959830963154039,-0.06277129532859267,-0.1766688457335865,-2.0235707538485124,-0.005572840540144984,-0.015405930109758824,0.0013471849773954608
12.117401123046875,0.19758145069984523,0.016503980410306283,0.003333378537800311,0.00025879603519131806,0.0012533134852058426,0.007445140392867674,-0.06267866976130958,-0.17711263887618367,-2.023490096175147,-0.005429265942011425,-0.01567276472684505,0.0014102089562311774
12.121537446975708,0.19758145069984523,0.016503980410306283,0.003333378537800311,0.00025620807483940487,0.001240780350353784,0.007370688988938998,-0.06267866976130958,-0.17711263887618367,-2.023490096175147,-0.005374973282591311,-0.0155160370795766,0.0013961068666688656
12.147041082382202,0.19774434829625448,0.01745125781049062,0.003754840006225781,0.0003184838842540971,0.0015812574541501112,0.0074972148956597455,-0.06255489301970611,-0.17756114989966995,-2.0233926640516766,-0.0052726905701996896,-0.015536738312955146,0.0014203490274310943
12.15158200263977,0.19774434829625448,0.01745125781049062,0.003754840006225781,0.0003152990454115561,0.00156544487960861,0.007422242746703148,-0.06255489301970611,-0.17756114989966995,-2.0233926640516766,-0.005219963664497692,-0.015381370929825593,0.0014061455371567834
12.156832695007324,0.1972397072271214,0.015523142794718038,0.003917541937498067,-0.0006412857901823314,-0.002131345395778835,0.007302179604509009,-0.06243351656860693,-0.17801982484111634,-2.0232951819125877,-0.004936601273300149,-0.016101108572118102,0.001577739862518578
12.174092292785645,0.1970950902310538,0.014436045972355897,0.004152337697502743,-0.0007166681856714157,-0.0027493836563656647,0.007303028068884982,-0.06227522541858349,-0.17847043133847534,-2.0231649874401305,-0.004795523302932616,-0.016201173383498652,0.00163739554995334
12.179287195205688,0.1970950902310538,0.014436045972355897,0.004152337697502743,-0.0007095015038147015,-0.002721889819802008,0.007229997788196133,-0.06227522541858349,-0.17847043133847534,-2.0231649874401305,-0.0047475680699032895,-0.016039161649663666,0.0016210215944538068
12.200261354446411,0.19712868253573332,0.013651261642510196,0.00440677471309945,-0.000684899209117873,-0.0030782930021927995,0.007241349484713923,-0.062090908301644473,-0.1789319574834008,-2.0230172816355743,-0.004612214198320136,-0.01609881515613404,0.001675234131984637
12.207252025604248,0.19712868253573332,0.013651261642510196,0.00440677471309945,-0.0006780502170266943,-0.0030475100721708715,0.007168935989866784,-0.062090908301644473,-0.1789319574834008,-2.0230172816355743,-0.004566092056336935,-0.015937827004572698,0.0016584817906647906
12.224899530410767,0.1972598487236203,0.013133125461547738,0.0046738525495328585,-0.0005953785456841631,-0.003323408757975989,0.007218261257460561,-0.06188675740123043,-0.17939039118620492,-2.0228513784131277,-0.004404748549112003,-0.01603822126771523,0.0017359064229696556
12.229164838790894,0.1972598487236203,0.013133125461547738,0.0046738525495328585,-0.0005894247602273215,-0.0032901746703962293,0.0071460786448859556,-0.06188675740123043,-0.17939039118620492,-2.0228513784131277,-0.0043607010636208835,-0.01587783905503808,0.001718547358739959
12.243478298187256,0.1974233779177891,0.012842489382465992,0.0049457470500063,-0.00046762591450905317,-0.003477365332626158,0.007242645707529633,-0.06167137014457035,-0.1798572551620442,-2.0226736455250687,-0.0041666152269401345,-0.016045231971445074,0.0018255337454536206
12.250704050064087,0.1974233779177891,0.012842489382465992,0.0049457470500063,-0.00046294965536396263,-0.0034425916792998963,0.007170219250454336,-0.06167137014457035,-0.1798572551620442,-2.0226736455250687,-0.004124949074670733,-0.015884779651730623,0.0018072784079990842
12.272577047348022,0.1967956634806902,0.014456891018625585,0.00533601578144167,-0.0007456083130448908,-0.0026932483408505467,0.007350200577411581,-0.0612151961723667,-0.1808116915647574,-2.0222619541052405,-0.003875143817065915,-0.016162285588688232,0.0019774246478068635
12.277602195739746,0.1967956634806902,0.014456891018625585,0.00533601578144167,-0.0007381522299144419,-0.0026663158574420412,0.007276698571637465,-0.0612151961723667,-0.1808116915647574,-2.0222619541052405,-0.003836392378895256,-0.01600066273280135,0.001957650401328795
12.29836893081665,0.19692244620823984,0.015130109921525924,0.0056478345456876375,-0.0006693185807526701,-0.0023320955286137562,0.00738448188056052,-0.060969705456677015,-0.18129727345793195,-2.022027606402064,-0.003679815016748964,-0.016074482892099312,0.0020509215367294407
12.302614212036133,0.19692244620823984,0.015130109921525924,0.0056478345456876375,-0.0006626253949451434,-0.002308774573327619,0.0073106370617549155,-0.060969705456677015,-0.18129727345793195,-2.022027606402064,-0.0036430168665814743,-0.01591373806317832,0.002030412321362146
12.325161218643188,0.19718962588437056,0.015692190811804372,0.005995850959026012,-0.0005368879612281613,-0.0020527580298018103,0.007414477704531632,-0.06072273767358676,-0.18178186114757425,-2.021782942633851,-0.0034970520765823915,-0.015969523975064955,0.0021186209477463496
12.330634355545044,0.19718962588437056,0.015692190811804372,0.005995850959026012,-0.0005315190816158797,-0.002032230449503792,0.007340332927486316,-0.06072273767358676,-0.18178186114757425,-2.021782942633851,-0.003462081555816568,-0.015809828735314304,0.002097434738268886
12.342705965042114,0.19751983746775145,0.016152170180047838,0.006360570146443679,-0.00025118856884652664,-0.0016620627892065347,0.007602457716172706,-0.060482565817019045,-0.18227247941543587,-2.021534077707853,-0.0032285047877601003,-0.016058153690844134,0.002282617594744024
12.347529888153076,0.19751983746775145,0.016152170180047838,0.006360570146443679,-0.00024867668315806135,-0.0016454421613144694,0.007526433139010979,-0.060482565817019045,-0.18227247941543587,-2.021534077707853,-0.003196219739882499,-0.015897572153935693,0.0022597914187965835
12.356072902679443,0.1972570469991778,0.017167179351618198,0.006091275790518269,-0.0005595004994501916,-0.00041869887256662107,0.007257393035690431,-0.06025919308683828,-0.1827707303392409,-2.0212927158605978,-0.0029027892639370977,-0.01632182255505741,0.0025197188901271202
12.37392544746399,0.19739700616865774,0.01791071095969789,0.006150830795876867,-0.00047624511414829117,-3.7227928368170887e-06,0.007258256184238415,-0.060045533724762366,-0.18325510060232927,-2.0210477334576122,-0.002754081311869521,-0.016429921538864946,0.0026317471813700625
12.379007816314697,0.19739700616865774,0.01791071095969789,0.006150830795876867,-0.00047148266300680826,-3.685564908448918e-06,0.007185673622396031,-0.060045533724762366,-0.18325510060232927,-2.0210477334576122,-0.0027265404987508257,-0.016265622323476295,0.002605429709556362
12.401407718658447,0.19774377996808848,0.018432419455056068,0.006375632697454667,-0.00031162533549269325,0.00021844028265632578,0.0072350847761997955,-0.05984947588608058,-0.1837455354076966,-2.020810315657231,-0.0026117488913392755,-0.016321911164305238,0.0026853659639988355
12.404719352722168,0.19774377996808848,0.018432419455056068,0.006375632697454667,-0.0003085090821377663,0.00021625587982976253,0.007162733928437797,-0.05984947588608058,-0.1837455354076966,-2.020810315657231,-0.0025856314024258827,-0.016158692052662186,0.002658512304358847
12.415503978729248,0.19819931718722805,0.01876888174285352,0.006712232976849712,0.00011907779051567981,0.000494890237561466,0.00742812717694289,-0.05967894420115486,-0.18422858871410394,-2.020578532507747,-0.002401650286657207,-0.016445014318870674,0.0028468471510310696
12.420515298843384,0.19819931718722805,0.01876888174285352,0.006712232976849712,0.00011788701261052301,0.0004899413351858514,0.007353845905173461,-0.05967894420115486,-0.18422858871410394,-2.020578532507747,-0.002377633783790635,-0.016280564175681966,0.002818378679520759
12.438757181167603,0.19868159005823435,0.01895515077479243,0.007113611858483665,0.00038289735451100106,0.0005658037785816611,0.007506560064399731,-0.059542403649929014,-0.18471620819174028,-2.0203550390964016,-0.0022790074119490725,-0.01638506618834903,0.002912711531838459
12.44401240348816,0.19868159005823435,0.01895515077479243,0.007113611858483665,0.00037906838096589103,0.0005601457407958444,0.007431494463755734,-0.059542403649929014,-0.18471620819174028,-2.0203550390964016,-0.0022562173378295816,-0.016221215526465542,0.0028835844165200743
12.4564368724823,0.19887778082109012,0.01910965630833568,0.0072355094445191006,0.0005337610426605008,0.0006690290885071064,0.007465500925270626,-0.059452448126177886,-0.18520799982178823,-2.020122377895247,-0.0021612532583468467,-0.016454828440489462,0.0030420090510638225
12.462686538696289,0.19887778082109012,0.01910965630833568,0.0072355094445191006,0.0005284234322338958,0.0006623387976220353,0.0073908459160179196,-0.059452448126177886,-0.18520799982178823,-2.020122377895247,-0.002139640725763378,-0.016290280156084566,0.0030115889605531842
12.472408294677734,0.19936988258878077,0.019120146021832617,0.0075706494130076745,0.0010326252363755967,0.0006344223728796437,0.007655748211051874,-0.05935039282108911,-0.18569139430453716,-2.019893337730228,-0.0020132681132980046,-0.016624606953447533,0.0032170685389433943
12.47689414024353,0.19936988258878077,0.019120146021832617,0.0075706494130076745,0.0010222989840118408,0.0006280781491508472,0.007579190728941356,-0.05935039282108911,-0.18569139430453716,-2.019893337730228,-0.0019931354321650243,-0.01645836088391306,0.0031848978535539605
12.492985010147095,0.19999508453311962,0.01904917700673608,0.008011322512601473,0.0014034117543943036,0.0005524953812952616,0.007767446742945308,-0.059253601126249555,-0.18617648765020506,-2.0196679753705715,-0.0019130509006567813,-0.016595248450078856,0.0032931049198482287
12.497835397720337,0.19999508453311962,0.01904917700673608,0.008011322512601473,0.0013893776368503604,0.000546970427482309,0.007689772275515854,-0.059253601126249555,-0.18617648765020506,-2.0196679753705715,-0.0018939203916502135,-0.01642929596557807,0.003260173870649746
12.514299869537354,0.200656055357272,0.018922629496941477,0.008508956666125934,0.001780118498405296,0.0004368962063798711,0.007901723997100629,-0.059173373497969396,-0.18665714818885204,-2.0194469499689456,-0.0018262534610432983,-0.01655694103101593,0.003361815977772243
12.519010782241821,0.200656055357272,0.018922629496941477,0.008508956666125934,0.001762317313421243,0.00043252724431607235,0.007822706757129623,-0.059173373497969396,-0.18665714818885204,-2.0194469499689456,-0.0018079909264328653,-0.016391371620705773,0.003328197817994521
12.534766912460327,0.20127345009322933,0.018762342415103172,0.009024362647091558,0.002140057677683162,0.00029636658751525503,0.008055623144554975,-0.059122860437775177,-0.18713847287776553,-2.0192322247056858,-0.0017578517110485028,-0.016532941981006386,0.0034311962971870537
12.539345026016235,0.20127345009322933,0.018762342415103172,0.009024362647091558,0.0021186571009063305,0.00029340292164010246,0.007975066913109426,-0.059122860437775177,-0.18713847287776553,-2.0192322247056858,-0.0017402731939380179,-0.016367612561196322,0.003396884334215183
12.558300018310547,0.2011039913439172,0.01681738213423662,0.009018413980346456,0.002012048905164384,-0.0007288436792504721,0.007790069192465674,-0.059124455356009915,-0.1876223190866715,-2.0190508714650104,-0.0017237118858356801,-0.016459197003034543,0.003458591204088588
12.563573837280273,0.2011039913439172,0.01681738213423662,0.009018413980346456,0.00199192841611274,-0.0007215552424579674,0.007712168500541017,-0.059124455356009915,-0.1876223190866715,-2.0190508714650104,-0.0017064747669773234,-0.016294605033004197,0.003424005292047702
12.574923753738403,0.2012975913197125,0.015451940315652881,0.009233538003360055,0.002148976293925682,-0.0019273943895100902,0.007701336370419756,-0.05916357058257985,-0.18808625302720433,-2.0188845339894534,-0.0017238730276602835,-0.016540414361838646,0.003536319159740268
12.580183029174805,0.2012975913197125,0.015451940315652881,0.009233538003360055,0.002127486530986425,-0.0019081204456149893,0.007624323006715558,-0.05916357058257985,-0.18808625302720433,-2.0188845339894534,-0.0017066342973836807,-0.01637501021822026,0.0035009559681428654
12.594996213912964,0.20163462587921516,0.014471087764398132,0.009544653956203296,0.0023381210485247366,-0.002566608862187782,0.007688567121763345,-0.05925265490461648,-0.1885518867543609,-2.0187399832233117,-0.0017497064888379915,-0.016525597468462407,0.0035635289126270397
12.599586248397827,0.20163462587921516,0.014471087764398132,0.009544653956203296,0.002314739838039489,-0.002540942773565904,0.007611681450545712,-0.05925265490461648,-0.1885518867543609,-2.0187399832233117,-0.0017322094239496117,-0.016360341493777783,0.0035278936235007695
12.620317220687866,0.20201246231145809,0.013825952351243216,0.00990971911427214,0.002476500032663866,-0.002841349691589091,0.007677933774994574,-0.05939715698852498,-0.18900541692608516,-2.0186107655267107,-0.0017845908061736517,-0.016415507447386297,0.0035549454331628566
12.623878955841064,0.20201246231145809,0.013825952351243216,0.00990971911427214,0.002451735032337227,-0.0028129361946732,0.007601154437244628,-0.05939715698852498,-0.18900541692608516,-2.0186107655267107,-0.0017667448981119151,-0.016251352372912434,0.003519395978831228
12.64573073387146,0.20235105715195983,0.01346563273337356,0.010298080605269688,0.0025841843001704013,-0.0029656250929945963,0.007684037645525928,-0.05959898222918596,-0.18946062651546397,-2.01849518998074,-0.0018414384645045767,-0.016297155805700812,0.003537092701810131
12.650238752365112,0.20235105715195983,0.01346563273337356,0.010298080605269688,0.0025583424571686973,-0.0029359688420646504,0.007607197269070669,-0.05959898222918596,-0.18946062651546397,-2.01849518998074,-0.0018230240798595308,-0.016134184247643804,0.0035017217747920298
12.671902656555176,0.20251308551512415,0.016166224977820404,0.010853519917724173,0.0026035835383401975,-0.0016939659481750623,0.007911005493470808,-0.06010596569971158,-0.19035326580504,-2.0183255707523933,-0.0020388160476516462,-0.01638488230422926,0.0035450003373701253
12.676433324813843,0.20251308551512415,0.016166224977820404,0.010853519917724173,0.0025775477029567955,-0.0016770262886933117,0.0078318954385361,-0.06010596569971158,-0.19035326580504,-2.0183255707523933,-0.00201842788717513,-0.016221033481186968,0.003509550333996424
12.697360754013062,0.2027489898143278,0.01664118216141165,0.011498731991926588,0.0026659874880904837,-0.0014652855382463346,0.008081809205832874,-0.06037338941807713,-0.1907951733117932,-2.0182416939182497,-0.0021260298336537595,-0.0162699850155882,0.003514534686306719
12.700726509094238,0.2027489898143278,0.01664118216141165,0.011498731991926588,0.002639327613209579,-0.0014506326828638712,0.008000991113774544,-0.06037338941807713,-0.1907951733117932,-2.0182416939182497,-0.002104769535317222,-0.01610728516543232,0.003479389339443652
12.713554620742798,0.20299155131844765,0.0172522202308397,0.012316191397959723,0.002805089907973214,-0.0010262342692695654,0.008600473836687376,-0.06066196349675608,-0.19123210231964818,-2.018157579243587,-0.0023086762888999183,-0.016286815061731207,0.0035101660280391954
12.717669010162354,0.20299155131844765,0.0172522202308397,0.012316191397959723,0.002777039008893482,-0.0010159719265768698,0.008514469098320503,-0.06066196349675608,-0.19123210231964818,-2.018157579243587,-0.002285589526010919,-0.016123946911113893,0.0034750643677588034
12.737228870391846,0.2031934897572178,0.017680797551329352,0.013216155982949307,0.0028554400531962715,-0.0008340360029109298,0.008907579324644725,-0.061002256976220415,-0.19166720419968672,-2.0180693739603934,-0.0024367090454376914,-0.01618515375549046,0.003485408771877327
12.742263317108154,0.2031934897572178,0.017680797551329352,0.013216155982949307,0.002826885652664309,-0.0008256956428818205,0.008818503531398278,-0.061002256976220415,-0.19166720419968672,-2.0180693739603934,-0.0024123419549833144,-0.016023302217935555,0.003450554684158554
12.755857467651367,0.2032699295958281,0.019064800824381035,0.013313976938903127,0.0028494361969517838,0.0001867479881279149,0.008904423806474139,-0.061416077637421046,-0.19209565665364225,-2.01798694172138,-0.002692629362638303,-0.016178243323476484,0.003476687158612489
12.761072874069214,0.2032699295958281,0.019064800824381035,0.013313976938903127,0.002820941834982266,0.00018488050824663576,0.008815379568409398,-0.061416077637421046,-0.19209565665364225,-2.01798694172138,-0.0026657030690119196,-0.016016460890241717,0.0034419202870263643
12.772851467132568,0.20347914437378922,0.01982279373650569,0.013756759053342312,0.0029702359517870505,0.0007853576476530922,0.009164136830738162,-0.06192624912613467,-0.192518679028184,-2.0178752968134925,-0.003072180527279455,-0.016215441361117848,0.0035022873691453143
12.777401447296143,0.20347914437378922,0.01982279373650569,0.013756759053342312,0.00294053359226918,0.0007775040711765612,0.009072495462430781,-0.06192624912613467,-0.192518679028184,-2.0178752968134925,-0.00304145872200666,-0.01605328694750667,0.003467264495453861
12.795198678970337,0.20372289434489832,0.019964599602327365,0.01433271838657798,0.003050932011270789,0.0008170916930472922,0.009309935246948243,-0.06254864310882426,-0.19294527605597744,-2.0177088606935114,-0.003360758064505252,-0.01613245260845642,0.0035261098329743483
12.799364566802979,0.20372289434489832,0.019964599602327365,0.01433271838657798,0.0030204226911580813,0.0008089207761168193,0.009216835894478762,-0.06254864310882426,-0.19294527605597744,-2.0177088606935114,-0.0033271504838601994,-0.015971128082371853,0.0034908487346446047
12.81437611579895,0.20394603753891863,0.019626042294339622,0.014989550725539143,0.003144880282616889,0.0005336359986511155,0.009534858814307871,-0.06328560300183556,-0.19337841030786684,-2.0174520342718667,-0.0037848075921907386,-0.016099950817595132,0.0036270261370445304
12.840528011322021,0.20410872178840986,0.01892832435173267,0.015684222725862586,0.003180186369736986,0.0002368892298820051,0.009675585231360105,-0.06412899469975898,-0.19382719996562142,-2.017068453224737,-0.004069456865334555,-0.016110560154123633,0.0037374301566230014
12.84640121459961,0.20410872178840986,0.01892832435173267,0.015684222725862586,0.003148384506039616,0.00023452033758318504,0.009578829379046505,-0.06412899469975898,-0.19382719996562142,-2.017068453224737,-0.004028762296681209,-0.0159494545525824,0.0037000558550567713
12.853144645690918,0.20394218611301063,0.017302701144771438,0.015914303440264333,0.0028907217590747334,-0.0021984754249343846,0.009578778577062368,-0.06506981848881796,-0.1942961963503156,-2.0165422751876063,-0.005383645435185628,-0.016485446293405134,0.004443337663161948
12.858238935470581,0.20394218611301063,0.017302701144771438,0.015914303440264333,0.002861814541483986,-0.0021764906706850406,0.009482990791291744,-0.06506981848881796,-0.1942961963503156,-2.0165422751876063,-0.005329808980833772,-0.016320591830471083,0.004398904286530329
12.869972705841064,0.20394572266164038,0.015962564920087578,0.016273094501118725,0.0028474249537862456,-0.003319926689125169,0.009575678004389986,-0.06606304381369726,-0.19478275887330287,-2.0158275579105243,-0.006122978218678094,-0.01657205443526211,0.004964026598767001
12.874857664108276,0.20394572266164038,0.015962564920087578,0.016273094501118725,0.0028189507042483833,-0.0032867274222339177,0.009479921224346086,-0.06606304381369726,-0.19478275887330287,-2.0158275579105243,-0.006061748436491313,-0.01640633389090949,0.004914386332779331
12.893351316452026,0.20401342729141786,0.014833729036865832,0.016677086515178487,0.002833857458375939,-0.003881872293970243,0.009539729110726067,-0.06708993520759511,-0.19530049492166415,-2.0149084707672866,-0.006556397902542978,-0.016522223932077994,0.005362216850798247
12.898094654083252,0.20401342729141786,0.014833729036865832,0.016677086515178487,0.0028055188837921795,-0.0038430535710305405,0.009444331819618807,-0.06708993520759511,-0.19530049492166415,-2.0149084707672866,-0.0064908339235175486,-0.016357001692757212,0.005308594682290265
12.918059587478638,0.2040959447167889,0.013908609583943141,0.017105444094186992,0.0028241245389956315,-0.004286201376089992,0.009515548442439445,-0.06812832912339359,-0.1958460698837051,-2.013771374525855,-0.006946034464805095,-0.016466698283454304,0.005825055459672543
12.922943592071533,0.2040959447167889,0.013908609583943141,0.017105444094186992,0.0027958832936056752,-0.0042433393623290926,0.00942039295801505,-0.06812832912339359,-0.1958460698837051,-2.013771374525855,-0.006876574120157044,-0.01630203130061976,0.005766804905075818
12.938231468200684,0.20415530643723429,0.013173737624749389,0.01754285723008947,0.002812777468041187,-0.00470697557499102,0.009561168873940479,-0.0691601097598074,-0.19642633716212884,-2.0124169390873914,-0.007482709606370865,-0.01651857141413829,0.006595090815241798
12.95505142211914,0.20289713600218542,0.012650341726663013,0.017808286476037608,0.002040400954721434,-0.004991833041938564,0.009595069055004908,-0.07017327852559352,-0.197057272952156,-2.010848007972025,-0.008010243712185566,-0.016728497185489626,0.007461919582332571
12.960120439529419,0.20289713600218542,0.012650341726663013,0.017808286476037608,0.0020199969451742193,-0.004941914711519178,0.00949911836445486,-0.07017327852559352,-0.197057272952156,-2.010848007972025,-0.00793014127506371,-0.01656121221363473,0.007387300386509245
12.97015929222107,0.20218843705547834,0.012470118119846222,0.01807070722613259,0.0012972199100665925,-0.00510376784571967,0.009649608601562986,-0.07109796651181392,-0.19769673091206275,-2.0090665321576058,-0.008771949091248659,-0.01703258320057279,0.009088008471876527
12.975694179534912,0.20218843705547834,0.012470118119846222,0.01807070722613259,0.0012842477109659266,-0.005052730167262473,0.009553112515547356,-0.07109796651181392,-0.19769673091206275,-2.0090665321576058,-0.008684229600336173,-0.016862257368567064,0.008997128387157763
12.990893125534058,0.20178392858931574,0.012519199840560376,0.018322560955533765,0.0010061380629569432,-0.004989327043145522,0.009626903036693526,-0.0719419693809434,-0.1983742232082817,-2.0071142586159145,-0.00915269085576126,-0.017139384320050476,0.010191636659829782
12.995909929275513,0.20178392858931574,0.012519199840560376,0.018322560955533765,0.0009960766823273737,-0.004939433772714066,0.00953063400632659,-0.0719419693809434,-0.1983742232082817,-2.0071142586159145,-0.009061163947203648,-0.01696799047684997,0.010089720293231484
13.0151526927948,0.20159637964299046,0.01274353312095947,0.01857048170144952,0.0008885278253240234,-0.0047881345729532294,0.00957556491744492,-0.07270820487795351,-0.19906119336636557,-2.005017474082395,-0.009368746411318716,-0.017155312391178457,0.011078471430787136
13.019612789154053,0.20159637964299046,0.01274353312095947,0.01857048170144952,0.0008796425470707831,-0.004740253227223697,0.00947980926827047,-0.07270820487795351,-0.19906119336636557,-2.005017474082395,-0.009275058947205529,-0.01698375926726667,0.010967686716479266
13.033442735671997,0.20154941654258546,0.013095162419094232,0.018817866576978207,0.0008358968790053565,-0.004458622018022186,0.009588418547405447,-0.07340419548825523,-0.19977265571151248,-2.0028130137552163,-0.009685557310575535,-0.01732835775301541,0.012451985881194734
13.038819789886475,0.20154941654258546,0.013095162419094232,0.018817866576978207,0.0008275379102153029,-0.004414035797841964,0.009492534361931393,-0.07340419548825523,-0.19977265571151248,-2.0028130137552163,-0.00958870173746978,-0.017155074175485254,0.012327466022382787
13.054407119750977,0.20086611780074484,0.009120044139868201,0.018444771484214886,0.0004021827937502659,-0.006883042635261662,0.008906244861567039,-0.07407590099966678,-0.20049776925108995,-2.0005492896113335,-0.009923745172745132,-0.017448717630479144,0.013656476111093468
13.05755066871643,0.20086611780074484,0.009120044139868201,0.018444771484214886,0.0003981609658127632,-0.006814212208909045,0.008817182412951369,-0.07407590099966678,-0.20049776925108995,-2.0005492896113335,-0.009824507721017681,-0.017274230454174352,0.013519911349982533
13.069632530212402,0.20065623701857213,0.006910737981282669,0.018185911163124863,0.0002356881971119951,-0.008542526289605657,0.00833380125382819,-0.0746855436099074,-0.20122146658330314,-1.99822510553637,-0.01023085592228854,-0.01770048304164862,0.015308409239414263
13.074647426605225,0.20065623701857213,0.006910737981282669,0.018185911163124863,0.00023333131514087515,-0.0084571010267096,0.008250463241289908,-0.0746855436099074,-0.20122146658330314,-1.99822510553637,-0.010128547363065654,-0.017523478211232135,0.01515532514702012
13.086193799972534,0.20070748295128124,0.005692189848241879,0.017986577537284523,0.0002840211015905176,-0.00940308457001034,0.00789080936532453,-0.07524484088993313,-0.20195436444579884,-1.995875991173944,-0.010511654055038474,-0.01798298633858669,0.017038275966825486
13.089293241500854,0.20070748295128124,0.005692189848241879,0.017986577537284523,0.00028118089057461244,-0.009309053724310236,0.007811901271671284,-0.07524484088993313,-0.20195436444579884,-1.995875991173944,-0.01040653751448809,-0.017803156475200824,0.01686789320715723
13.109769105911255,0.200919302700989,0.005283045050528759,0.01784847813330279,0.00038333418683746763,-0.00940673985714941,0.007646570607878854,-0.07576085892870274,-0.20268443164519173,-1.9935176168070252,-0.010554484962063163,-0.017981675034419196,0.017850996841940803
13.114616394042969,0.200919302700989,0.005283045050528759,0.01784847813330279,0.00037950084496909297,-0.009312672458577914,0.007570104901800065,-0.07576085892870274,-0.20268443164519173,-1.9935176168070252,-0.010448940112442531,-0.017801858284075003,0.017672486873521395
13.12549877166748,0.20120885147333387,0.0055117805879968,0.017769897480412924,0.0006396971793624778,-0.009001138427693137,0.007443185895788591,-0.07624239535273454,-0.2034184988942444,-1.9911656239945836,-0.010786942637850022,-0.018298386454141672,0.019657047795075152
13.150633573532104,0.20120885147333387,0.0055117805879968,0.017769897480412924,0.000633300207568853,-0.008911127043416206,0.007368754036830704,-0.07624239535273454,-0.2034184988942444,-1.9911656239945836,-0.010679073211471522,-0.018115402589600257,0.0194604773171244
13.156189918518066,0.2012517025987828,0.011953140382021634,0.01806023875693815,0.0006065689285314858,0.0026404143271895244,0.008976535830214443,-0.07665313042348595,-0.20415182806630322,-1.9888286772981554,-0.011311500565687181,-0.019254053532459018,0.023471778948851597
13.16123342514038,0.2012517025987828,0.011953140382021634,0.01806023875693815,0.0006005032392461709,0.0026140101839176293,0.008886770471912298,-0.07665313042348595,-0.20415182806630322,-1.9888286772981554,-0.01119838556003031,-0.019061512997134426,0.02323706115936308
13.174580097198486,0.2014097498179627,0.016365839283691064,0.018244654662192022,0.0006856258135147722,0.005858886953926257,0.009266202413350962,-0.0770357642872956,-0.20487378152201874,-1.986548726991194,-0.011373090297769098,-0.019411821816273732,0.024712944333458945
13.19194221496582,0.2014291677049275,0.01988712294842446,0.018322696054114015,0.0006731401609803324,0.007810241665997901,0.00942175429544644,-0.07739317249890948,-0.2055927751385678,-1.9843206299676357,-0.011465214588497287,-0.01963181990937218,0.025749124365049274
13.195931911468506,0.2014291677049275,0.01988712294842446,0.018322696054114015,0.0006664087593705291,0.007732139249337922,0.009327536752491976,-0.07739317249890948,-0.2055927751385678,-1.9843206299676357,-0.011350562442612315,-0.01943550171027846,0.02549163312139878
13.214245319366455,0.20128524475496257,0.022491335416076088,0.018390451612537943,0.0005695817293557917,0.009062689490808518,0.009414555444936959,-0.07773741714763947,-0.20630029622371293,-1.9821770104078875,-0.011425030924725119,-0.019627487176109144,0.026407235992123294
13.219106197357178,0.20128524475496257,0.022491335416076088,0.018390451612537943,0.0005638859120622338,0.008972062595900433,0.009320409890487588,-0.07773741714763947,-0.20630029622371293,-1.9821770104078875,-0.011310780615477868,-0.019431212304348053,0.026143163632202062
13.245323181152344,0.20097918471088266,0.024304731074516663,0.01846362139366255,0.0004360561884103096,0.009565377954744944,0.009325584464830183,-0.07807948953684463,-0.2069923691594275,-1.980164474484255,-0.011328150209728022,-0.019500879036050703,0.02664937786214615
13.250566244125366,0.20097918471088266,0.024304731074516663,0.01846362139366255,0.00043169562652620646,0.009469724175197494,0.009232328620181881,-0.07807948953684463,-0.2069923691594275,-1.980164474484255,-0.011214868707630742,-0.019305870245690197,0.02638288408352469
13.25614070892334,0.19944966101134098,0.023128991858373908,0.01958523580134304,-0.002272621571230119,0.0070513037918534666,0.010958568579901684,-0.07844792391381375,-0.2076694109914818,-1.9783516662525622,-0.01176365230790703,-0.020327352950509584,0.02937104139273528
13.259804725646973,0.19944966101134098,0.023128991858373908,0.01958523580134304,-0.002249895355517818,0.006980790753934932,0.010848982894102667,-0.07844792391381375,-0.2076694109914818,-1.9783516662525622,-0.011646015784827959,-0.020124079421004488,0.029077330978807926
13.270433187484741,0.19833464961824984,0.022071351299965385,0.02020295022849968,-0.0032602700197916826,0.0058537503044170935,0.01123023273177857,-0.07882667585414103,-0.2082959514211301,-1.9767635128589807,-0.011885911933384598,-0.020512331668413944,0.03028080341955544
13.275517225265503,0.19833464961824984,0.022071351299965385,0.02020295022849968,-0.003227667319593766,0.005795212801372923,0.011117930404460784,-0.07882667585414103,-0.2082959514211301,-1.9767635128589807,-0.011767052814050752,-0.020307208351729805,0.029977995385359887
13.288688659667969,0.19742721515032843,0.020902713639306854,0.020599000093977998,-0.0038724169587290975,0.004818728644610761,0.01122481515600278,-0.07921964383412725,-0.2088785212172142,-1.9754931094784125,-0.011947730945576836,-0.020546434182230913,0.030642729501690117
13.294466018676758,0.19742721515032843,0.020902713639306854,0.020599000093977998,-0.0038336927891418062,0.004770541358164653,0.011112567004442752,-0.07921964383412725,-0.2088785212172142,-1.9754931094784125,-0.011828253636121068,-0.020340969840408604,0.030336302206673216
13.31104588508606,0.19666000291694255,0.01971397534815725,0.020872239082377744,-0.004249316693003678,0.003989279453626084,0.01109908121228205,-0.07962535022529409,-0.20938566873008155,-1.9746018707305866,-0.011954669326603969,-0.020443441685526982,0.030570481964399883
13.315720081329346,0.19666000291694255,0.01971397534815725,0.020872239082377744,-0.004206823526073641,0.003949386659089823,0.01098809040015923,-0.07962535022529409,-0.20938566873008155,-1.9746018707305866,-0.011835122633337929,-0.020239007268671713,0.030264777144755884
13.33022928237915,0.19597695736618218,0.018625446410220924,0.02110270566320956,-0.004626455511060362,0.003143775143028115,0.010966746563684583,-0.08003975691586476,-0.20981991075738451,-1.9741435571100159,-0.01200238788522976,-0.020335904541864604,0.030278007290360735
13.335426807403564,0.19597695736618218,0.018625446410220924,0.02110270566320956,-0.004580190955949758,0.0031123373915978338,0.010857079098047737,-0.08003975691586476,-0.20981991075738451,-1.9741435571100159,-0.011882364006377462,-0.02013254549644596,0.029975227217457125
13.35490608215332,0.19485559245426323,0.018130824735942273,0.021982550553922318,-0.005102955157817184,0.002778439936922167,0.011177419454649671,-0.08045257951172685,-0.21016814582241478,-1.97416459083384,-0.011975469506985243,-0.020109992131050504,0.02966467694376841
13.362534046173096,0.19485559245426323,0.018130824735942273,0.021982550553922318,-0.005051925606239012,0.0027506555375529456,0.011065645260103174,-0.08045257951172685,-0.21016814582241478,-1.97416459083384,-0.01185571481191539,-0.019908892209739997,0.029368030174330727
13.371315717697144,0.19424984966235784,0.017201129742259534,0.023068292093170125,-0.005668026125339744,0.001543288429287075,0.012086359909823523,-0.08085873034510221,-0.21042180216256154,-1.9746461653014087,-0.01219965598460356,-0.01999865073479676,0.028525963991551183
13.376530408859253,0.19424984966235784,0.017201129742259534,0.023068292093170125,-0.005611345864086347,0.0015278555449942041,0.011965496310725288,-0.08085873034510221,-0.21042180216256154,-1.9746461653014087,-0.012077659424757525,-0.019798664227448793,0.02824070435163567
13.38739013671875,0.1937629391238742,0.016707487959383177,0.02387886116488835,-0.005991591545545853,0.0009832901935243263,0.012546997677001601,-0.0812234697379709,-0.21059900201506315,-1.97557574605212,-0.012292747041462264,-0.019763849125745324,0.027102308315818446
13.3923921585083,0.1937629391238742,0.016707487959383177,0.02387886116488835,-0.005931675630090395,0.000973457291589083,0.012421527700231584,-0.0812234697379709,-0.21059900201506315,-1.97557574605212,-0.012169819571047642,-0.01956621063448787,0.026831285232660262
13.409217596054077,0.19335753716516427,0.016643974090012788,0.024539921615153348,-0.006109263187071441,0.0008852997075048095,0.012685909626454654,-0.08154062557192739,-0.21070012927498907,-1.9768924709835065,-0.012236619197811981,-0.019430652320184524,0.025780392475469847
13.41441035270691,0.19335753716516427,0.016643974090012788,0.024539921615153348,-0.006048170555200727,0.0008764467104297614,0.012559050530190108,-0.08154062557192739,-0.21070012927498907,-1.9768924709835065,-0.012114253005833861,-0.01923634579698268,0.02552258855071515
13.435144901275635,0.1929922617765516,0.01666834004697396,0.025056444296502847,-0.006161702627546812,0.0008531203414626408,0.012683468568032402,-0.08180525295535467,-0.2107509038156642,-1.978515001900486,-0.012120736781479822,-0.019068470232012705,0.02448483734925933
13.440998792648315,0.1929922617765516,0.01666834004697396,0.025056444296502847,-0.006100085601271344,0.0008445891380480144,0.012556633882352078,-0.08180525295535467,-0.2107509038156642,-1.978515001900486,-0.011999529413665024,-0.01887778552969258,0.024239988975766735
13.447985410690308,0.19207996677409828,0.017292919720297395,0.025558714774994017,-0.00734878078029318,0.0016383828254690688,0.013241348479090441,-0.08201005085445644,-0.2107751587948209,-1.980330910886779,-0.012172662923580435,-0.018723724012130048,0.021398464623531326
13.453082084655762,0.19207996677409828,0.017292919720297395,0.025558714774994017,-0.007275292972490248,0.001621998997214378,0.013108934994299536,-0.08201005085445644,-0.2107751587948209,-1.980330910886779,-0.01205093629434463,-0.018536486772008746,0.021184479977296014
13.468278169631958,0.19152964012908338,0.016610132938416972,0.025480544835584238,-0.007559638114314632,0.0011593716986133917,0.012886499392321603,-0.08217084064079977,-0.21078109552700267,-1.9822292152108278,-0.012036236938778215,-0.01835502865539664,0.01972342899907487
13.473491430282593,0.19152964012908338,0.016610132938416972,0.025480544835584238,-0.007484041733171486,0.0011477779816272578,0.012757634398398388,-0.08217084064079977,-0.21078109552700267,-1.9822292152108278,-0.011915874569390432,-0.018171478368842673,0.01952619470908412
13.486546277999878,0.19127991878397546,0.016223610044125147,0.025470668628172786,-0.00759692161866716,0.0008402527376344846,0.012595682194223195,-0.08229989420037634,-0.21078422995923712,-1.98415050970496,-0.011895570718346658,-0.0179921645570402,0.017859223144432303
13.49213171005249,0.19127991878397546,0.016223610044125147,0.025470668628172786,-0.007520952402480488,0.0008318502102581398,0.012469725372280964,-0.08229989420037634,-0.21078422995923712,-1.98415050970496,-0.01177661501116319,-0.017812242911469798,0.01768063091298798
13.50985860824585,0.19120265648312554,0.01598187126916171,0.025473303671091185,-0.0074876464335333695,0.0006872904812337808,0.012333811723501295,-0.08238208850520497,-0.2107899477357667,-1.9860339252574293,-0.011705215858781268,-0.017637345962902916,0.016441362614216436
13.51456618309021,0.19120265648312554,0.01598187126916171,0.025473303671091185,-0.007412769969198036,0.000680417576421443,0.012210473606266283,-0.08238208850520497,-0.2107899477357667,-1.9860339252574293,-0.011588163700193456,-0.017460972503273886,0.01627694898807427
13.535166025161743,0.19119725738427334,0.016120189559774217,0.025507115070495197,-0.007341937018382755,0.0007387453633493335,0.012111104263899535,-0.08241181096629076,-0.21081017710375402,-1.987831895110616,-0.011486710552974394,-0.01729618293507394,0.015241371907269662
13.546971321105957,0.19119725738427334,0.016120189559774217,0.025507115070495197,-0.007268517648198927,0.0007313579097158402,0.01198999322126054,-0.08241181096629076,-0.21081017710375402,-1.987831895110616,-0.01137184344744465,-0.0171232211057232,0.015088958188196966
13.55173373222351,0.19106067047137257,0.01633704825926824,0.025486233103021148,-0.007488533105803336,0.001176964089643555,0.011872013127552,-0.08239146771556276,-0.21084875085462645,-1.9895257561319764,-0.011215408728664094,-0.017032985158785742,0.011381338665220673
13.558429718017578,0.19106067047137257,0.01633704825926824,0.025486233103021148,-0.007413647774745302,0.0011651944487471194,0.011753292996276478,-0.08239146771556276,-0.21084875085462645,-1.9895257561319764,-0.011103254641377453,-0.016862655307197886,0.011267525278568466
13.57102346420288,0.19116731327000058,0.016609293833846663,0.025500318169430467,-0.0072573779091650295,0.0013684366004409754,0.011666856896783994,-0.08235015323271301,-0.2108982205416972,-1.9911222237457145,-0.010959416540332157,-0.016733309907122695,0.00988718305024755
13.575958967208862,0.19116731327000058,0.016609293833846663,0.025500318169430467,-0.0071848041300733795,0.0013547522344365655,0.011550188327816154,-0.08235015323271301,-0.2108982205416972,-1.9911222237457145,-0.010849822374928835,-0.01656597680805147,0.009788311219745074
13.61291217803955,0.19145843835900186,0.017934034401301875,0.024843025141352535,-0.00704016074848305,0.0017154558263933067,0.011291502277220948,-0.08218357748712238,-0.21104474751080868,-1.9940428922681157,-0.010696246675678475,-0.016439969066362605,0.00890005875756526
13.617018222808838,0.19145843835900186,0.017934034401301875,0.024843025141352535,-0.006969759140998219,0.0016983012681293737,0.011178587254448738,-0.08218357748712238,-0.21104474751080868,-1.9940428922681157,-0.01058928420892169,-0.01627556937569898,0.008811058169989608
13.632489204406738,0.19154512454911357,0.01514396665391814,0.02399941095488253,-0.006827955725664917,-5.819708892173202e-05,0.010352185726478232,-0.08209219859191978,-0.21113270646973092,-1.9954286407229003,-0.010424326662615516,-0.0161696678371652,0.007827239422640658
13.637533187866211,0.19154512454911357,0.01514396665391814,0.02399941095488253,-0.006759676168408268,-5.76151180325147e-05,0.01024866386921345,-0.08209219859191978,-0.21113270646973092,-1.9954286407229003,-0.01032008339598936,-0.016007971158793547,0.007748967028414252
13.653132200241089,0.19141878376167468,0.010411155765689968,0.023087401624440618,-0.006742854788976939,-0.0030175093592426736,0.009275825305266928,-0.08204752071742952,-0.2112203724471162,-1.9968401320520301,-0.010188241085622782,-0.015904091144518795,0.006766617938053572
13.658032417297363,0.19141878376167468,0.010411155765689968,0.023087401624440618,-0.006675426241087169,-0.002987334265650247,0.009183067052214259,-0.08204752071742952,-0.2112203724471162,-1.9968401320520301,-0.010086358674766554,-0.015745050233073606,0.006698951758673037
13.668637752532959,0.1914459849211289,0.007697723772777824,0.022576034686275184,-0.006557172959884861,-0.005453902935428788,0.008367682636084863,-0.08200926580171154,-0.2113068239403529,-1.998243669256319,-0.009949423700487849,-0.015669116713767178,0.005308536650938013
13.672984600067139,0.1914459849211289,0.007697723772777824,0.022576034686275184,-0.006491601230286012,-0.0053993639060745,0.008284005809724014,-0.08200926580171154,-0.2113068239403529,-1.998243669256319,-0.009849929463482971,-0.015512425546629505,0.005255451284428632
13.692463159561157,0.19151643916954475,0.0060612228882618675,0.022310223784359755,-0.006381869343355608,-0.006166896678917581,0.007985228305041578,-0.08198252038847414,-0.21139767308248927,-1.9996469637930774,-0.009737699475238271,-0.015403941876759008,0.0044824664249823384
13.696171760559082,0.19151643916954475,0.0060612228882618675,0.022310223784359755,-0.0063180506499220515,-0.006105227712128405,0.007905376021991161,-0.08198252038847414,-0.21139767308248927,-1.9996469637930774,-0.009640322480485889,-0.015249902457991418,0.004437641760732515
13.711107969284058,0.1915702460199253,0.005273380605777924,0.022230387236923357,-0.006213277769723315,-0.006562875339482396,0.007722749491178279,-0.08196502398495649,-0.21148975619335547,-2.0010467157840752,-0.009532205169570008,-0.015159054360070168,0.0034561118681223613
13.738785743713379,0.19155978056143852,0.0054984874705180774,0.022323387996101812,-0.00615570091601623,-0.0064196689442823805,0.007686693015803733,-0.08195067647598157,-0.21158710833335842,-2.0024434164070906,-0.009431699352462982,-0.015042637215346443,0.0029169218001078067
13.744699001312256,0.19155978056143852,0.0054984874705180774,0.022323387996101812,-0.0060941439068560675,-0.006355472254839557,0.0076098260856456955,-0.08195067647598157,-0.21158710833335842,-2.0024434164070906,-0.009337382358938353,-0.014892210843192978,0.0028877525821067286
13.75532603263855,0.19075204041427654,0.0050217308606757055,0.02328273803770811,-0.0067851681708217945,-0.006832542594100966,0.008389667481279272,-0.08194383677486458,-0.21169449363774795,-2.003863861045002,-0.009237572400075642,-0.014844337937583883,0.0015222415277885554
13.75930905342102,0.19075204041427654,0.0050217308606757055,0.02328273803770811,-0.006717316489113576,-0.006764217168159956,0.00830577080646648,-0.08194383677486458,-0.21169449363774795,-2.003863861045002,-0.009145196676074885,-0.014695894558208043,0.00150701911251067
13.771588802337646,0.19032130512412743,0.005256974011530966,0.023993852251062656,-0.007001186599599565,-0.00656535833499545,0.008817142317834196,-0.08188489935546749,-0.21178810781647187,-2.0052806026332886,-0.00900574908676741,-0.014625170215922427,0.00033822696997948417
13.792160272598267,0.19006094857839723,0.00600334681159805,0.024599067319882904,-0.007061001243304653,-0.006168544536761255,0.009056063107840654,-0.08177522234706422,-0.21189066000814263,-2.006697077678344,-0.008862376491527628,-0.014528770172575886,-0.00035371816232092465
13.79727029800415,0.19006094857839723,0.00600334681159805,0.024599067319882904,-0.006990391230871607,-0.006106859091393643,0.008965502476762248,-0.08177522234706422,-0.21189066000814263,-2.006697077678344,-0.008773752726612351,-0.014383482470850128,-0.0003501809806977154
13.812069177627563,0.18988167893073526,0.007118724111019433,0.025114736507333587,-0.007049380243403897,-0.0053312158838802635,0.009293896691103089,-0.08161272906664968,-0.21198750621298307,-2.0081046080009983,-0.008576214130245388,-0.014305089225034677,-0.0012977851724743571
13.817455530166626,0.18988167893073526,0.007118724111019433,0.025114736507333587,-0.006978886440969858,-0.0052779037250414605,0.009200957724192058,-0.08161272906664968,-0.21198750621298307,-2.0081046080009983,-0.008490451988942934,-0.01416203833278433,-0.0012848073207496135
13.838081359863281,0.1897151424135094,0.008480490507222918,0.025556093569768477,-0.0069970021107533635,-0.004590205275806161,0.009384380526276393,-0.081399149355106,-0.21209246063131412,-2.009500918917373,-0.008301997835082509,-0.014071302893177356,-0.0019489312466860003
13.843327760696411,0.1897151424135094,0.008480490507222918,0.025556093569768477,-0.0069270320896458295,-0.0045443032230480995,0.00929053672101363,-0.081399149355106,-0.21209246063131412,-2.009500918917373,-0.008218977856731683,-0.013930589864245582,-0.0019294419342191403
13.854938983917236,0.1891651851884813,0.01056771637750035,0.026117537713237136,-0.007351267152390725,-0.0027640818511081608,0.009849958371839971,-0.08113451588766238,-0.21219673344491566,-2.010914324816261,-0.00790887628764001,-0.013881087435589403,-0.003127423138648581
13.861589193344116,0.1891651851884813,0.01056771637750035,0.026117537713237136,-0.007277754480866818,-0.002736441032597079,0.00975145878812157,-0.08113451588766238,-0.21219673344491566,-2.010914324816261,-0.007829787524763609,-0.013742276561233509,-0.0030961489072620953
13.87131953239441,0.1888995549832852,0.012559915163513806,0.02656057475188065,-0.007501066175299822,-0.0007206387887355313,0.010300918198904944,-0.08082438354789039,-0.21229859652240124,-2.0123171104975763,-0.007432762482693707,-0.013709539847113402,-0.004506849084925545
13.875267505645752,0.1888995549832852,0.012559915163513806,0.02656057475188065,-0.007426055513546824,-0.000713432400848176,0.010197909016915894,-0.08082438354789039,-0.21229859652240124,-2.0123171104975763,-0.0073584348578667694,-0.013572444448642267,-0.004461780594076289
13.894408941268921,0.18876391877046256,0.014476713090119804,0.026921528620924343,-0.007434138324578114,0.00027031590386799383,0.01037811490086488,-0.08047189316643552,-0.21240501287144337,-2.013708843232187,-0.007100700068122546,-0.013492314762635358,-0.0051442413427482845
13.90094804763794,0.18876391877046256,0.014476713090119804,0.026921528620924343,-0.007359796941332333,0.00026761274482931387,0.010274333751856232,-0.08047189316643552,-0.21240501287144337,-2.013708843232187,-0.007029693067441321,-0.013357391615009004,-0.005092798929320802
13.91099500656128,0.1886818649871151,0.01623435669391388,0.027210533756097676,-0.007388169365173204,0.001975603968338807,0.010622781700302212,-0.08008404821825568,-0.21251354945170492,-2.0150815982856476,-0.006573363954154071,-0.013331846985222785,-0.006408209813247787
13.918134927749634,0.1886818649871151,0.01623435669391388,0.027210533756097676,-0.007314287671521472,0.0019558479286554188,0.010516553883299189,-0.08008404821825568,-0.21251354945170492,-2.0150815982856476,-0.006507630314612531,-0.013198528515370556,-0.006344127715115309
13.933387994766235,0.18859458382788608,0.017783072186291844,0.027436802105469314,-0.007310259316157106,0.0029307521770400784,0.010654835208997139,-0.07966920173606541,-0.2126295428311495,-2.0164306507345486,-0.0061705782299801325,-0.013142589168596536,-0.007165133118381101
13.938464403152466,0.18859458382788608,0.017783072186291844,0.027436802105469314,-0.007237156722995535,0.0029014446552696775,0.010548286856907167,-0.07966920173606541,-0.2126295428311495,-2.0164306507345486,-0.006108872447680331,-0.01301116327691057,-0.0070934817871972896
13.95549988746643,0.18818873833864397,0.019374151428059108,0.02781723836655603,-0.007413033462410705,0.003776404250346496,0.010754581233896875,-0.07923518355333113,-0.2127530259774944,-2.0177679577782173,-0.00579301070076677,-0.012953537488435125,-0.007807559604729158
13.964511632919312,0.18818873833864397,0.019374151428059108,0.02781723836655603,-0.007338903127786597,0.0037386402078430307,0.010647035421557906,-0.07923518355333113,-0.2127530259774944,-2.0177679577782173,-0.005735080593759102,-0.012824002113550774,-0.007729484008681866
13.972352743148804,0.18804276739572875,0.020665240702400698,0.028101972256647966,-0.007469613960514154,0.005301181842551674,0.011057781779794183,-0.07873786477065627,-0.21286966632120927,-2.0190641293120755,-0.00504348442189828,-0.012844516975717573,-0.00930523509694203
13.976425886154175,0.18804276739572875,0.020665240702400698,0.028101972256647966,-0.007394917820909013,0.005248170024126157,0.010947203961996242,-0.07873786477065627,-0.21286966632120927,-2.0190641293120755,-0.004993049577679297,-0.012716071805960396,-0.00921218274597261
13.992170810699463,0.1880106111276988,0.021708737295205286,0.028325467631908546,-0.0073486448840155635,0.005840862670779283,0.011041215241721223,-0.07820034123518471,-0.21299579781974406,-2.020323877345788,-0.004601724282628971,-0.012669020394345544,-0.009920158772325353
13.997596740722656,0.1880106111276988,0.021708737295205286,0.028325467631908546,-0.007275158435175408,0.005782454044071491,0.010930803089304011,-0.07820034123518471,-0.21299579781974406,-2.020323877345788,-0.004555707039802681,-0.012542330190402087,-0.0098209571846021
14.0139000415802,0.18801501499945233,0.022529140805400895,0.0284953069841369,-0.0072052433375985,0.006215103610073457,0.010972234986573183,-0.07763630979388557,-0.213121881009771,-2.021542532774871,-0.004164188469811674,-0.012494242877773266,-0.01047023760863582
14.019716024398804,0.18801501499945233,0.022529140805400895,0.0284953069841369,-0.007133190904222515,0.006152952573972722,0.010862512636707452,-0.07763630979388557,-0.213121881009771,-2.021542532774871,-0.004122546585113557,-0.012369300448995533,-0.010365535232549463
14.038885593414307,0.18799730406783377,0.023153577654858995,0.028617948291668152,-0.0070747146117119564,0.006409080357084358,0.010848142556181285,-0.07705980736563321,-0.21325765226631152,-2.0227224692186097,-0.003780582783525127,-0.012316433896801255,-0.010877405687186216
14.044356346130371,0.18799730406783377,0.023153577654858995,0.028617948291668152,-0.007003967465594837,0.006344989553513514,0.010739661130619471,-0.07705980736563321,-0.21325765226631152,-2.0227224692186097,-0.0037427769556898755,-0.012193269557833243,-0.010768631630314354
14.05547308921814,0.1877083608850265,0.02542168513529665,0.028991832673707228,-0.007217155360281092,0.008274159429281941,0.011160781828805482,-0.07647169264601716,-0.21339907814473724,-2.02387049335373,-0.0031763140946742792,-0.012198555668436847,-0.011693643583690044
14.058793783187866,0.1877083608850265,0.02542168513529665,0.028991832673707228,-0.00714498380667828,0.008191417834989122,0.011049174010517427,-0.07647169264601716,-0.21339907814473724,-2.02387049335373,-0.0031445509537275365,-0.012076570111752479,-0.011576707147853143
14.076694250106812,0.18764298278359356,0.026989295282352565,0.029280206991641272,-0.007119799039091054,0.008964374771976117,0.011181299622013235,-0.07584689021403644,-0.21354223580670095,-2.024956904004389,-0.0027640629109368683,-0.012035778671983521,-0.012067857569409026
14.080361366271973,0.18764298278359356,0.026989295282352565,0.029280206991641272,-0.007048601048700144,0.008874731024256356,0.011069486625793103,-0.07584689021403644,-0.21354223580670095,-2.024956904004389,-0.0027364222818274998,-0.011915420885263686,-0.011947178993714936
14.095324277877808,0.18767012223606952,0.028042140568800833,0.029507798920656914,-0.006967461547198799,0.009471470953790235,0.011175666706891423,-0.07520816714646665,-0.2136939810496339,-2.0259998201210165,-0.002282187217026363,-0.011897680924473429,-0.012524707990857713
14.100506782531738,0.18767012223606952,0.028042140568800833,0.029507798920656914,-0.006897786931726811,0.009376756244252334,0.011063910039822508,-0.07520816714646665,-0.2136939810496339,-2.0259998201210165,-0.002259365344856099,-0.011778704115228694,-0.012399460910949137
14.11326813697815,0.18772049436099966,0.028666100104930977,0.0296777142581555,-0.006794122304484475,0.009757174975493103,0.011130913320656025,-0.07456896432209041,-0.2138487306141738,-2.0270040682919004,-0.0017358822074107969,-0.011782181290339451,-0.013062411116436714
14.121864318847656,0.18772049436099966,0.028666100104930977,0.0296777142581555,-0.00672618108143963,0.009659603225738172,0.011019604187449464,-0.07456896432209041,-0.2138487306141738,-2.0270040682919004,-0.0017185233853366888,-0.011664359477436057,-0.012931787005272347
14.134683609008789,0.18774157066882657,0.028943284084272197,0.029794074634603956,-0.006644105705546404,0.00976970926997053,0.011019676762056105,-0.07394129793502982,-0.21401116363068998,-2.0279780998429224,-0.0012117116751565505,-0.011674425719536013,-0.013562286206819457
14.140924453735352,0.18774157066882657,0.028943284084272197,0.029794074634603956,-0.00657766464849094,0.009672012177270825,0.010909479994435544,-0.07394129793502982,-0.21401116363068998,-2.0279780998429224,-0.001199594558404985,-0.011557681462340652,-0.013426663344751262
14.15705132484436,0.18765247114889236,0.032601929216464806,0.03095368381161846,-0.006587576326435435,0.011762260055466347,0.011728512895415918,-0.0733080913008747,-0.21417340298212784,-2.0289473880649047,-0.0007949578892267638,-0.0115427065253792,-0.01389343594292557
14.161368370056152,0.18765247114889236,0.032601929216464806,0.03095368381161846,-0.00652170056317108,0.011644637454911684,0.011611227766461759,-0.0733080913008747,-0.21417340298212784,-2.0289473880649047,-0.0007870083103344962,-0.011427279460125409,-0.013754501583496314
14.1739022731781,0.18773879590823156,0.034854285207949275,0.031693931543756645,-0.006403292929695521,0.01326037472389259,0.012249485437958663,-0.07268424682148333,-0.2143384361461494,-2.029896315995567,-0.00028141259992918823,-0.011444676076413859,-0.014374045497924887
14.17863416671753,0.18773879590823156,0.034854285207949275,0.031693931543756645,-0.006339260000398565,0.013127770976653665,0.012126990583579076,-0.07268424682148333,-0.2143384361461494,-2.029896315995567,-0.0002785984739298963,-0.01133022931564972,-0.014230305042945639
14.202295303344727,0.18789814226972232,0.03617672518277161,0.03219260254065904,-0.00621288516667431,0.013533483378340195,0.012266498083105695,-0.07208234760342608,-0.21450804294433262,-2.030833285413223,-2.142943585688585e-05,-0.011288608616178067,-0.014483997093013255
14.20741891860962,0.18789814226972232,0.03617672518277161,0.03219260254065904,-0.006150756315007567,0.013398148544556792,0.012143833102274638,-0.07208234760342608,-0.21450804294433262,-2.030833285413223,-2.121514149831699e-05,-0.011175722530016287,-0.014339157122083123
14.213357925415039,0.18806916442473057,0.03673982474618143,0.03249288110386489,-0.005805902712020788,0.014164262162703545,0.012608996596165259,-0.07151270829149284,-0.21468216438072937,-2.031758428293392,0.0009381461245689489,-0.011357148057491974,-0.015753505608213914
14.232128381729126,0.18820417061517866,0.0367036606733285,0.032634817999574114,-0.00567419601568954,0.013997644189256545,0.012555007963796112,-0.07098352526565131,-0.21486251976526846,-2.032673001579599,0.001210688031080911,-0.011339661286591233,-0.0160832113900228
14.237259149551392,0.18820417061517866,0.0367036606733285,0.032634817999574114,-0.0056174540555326445,0.013857667747363979,0.01242945788415815,-0.07098352526565131,-0.21486251976526846,-2.032673001579599,0.001198581150770102,-0.01122626467372532,-0.01592237927612257
14.253916263580322,0.18853826181106392,0.03191583255172967,0.032622470205671855,-0.0053172635205972745,0.010866394658309549,0.01202416345799254,-0.07053346776019172,-0.21504001809251508,-2.033613712267249,0.0014567847038053335,-0.011220562099122009,-0.016327905587140513
14.258331298828125,0.18853826181106392,0.03191583255172967,0.032622470205671855,-0.005264090885391302,0.010757730711726454,0.011903921823412615,-0.07053346776019172,-0.21504001809251508,-2.033613712267249,0.0014422168567672802,-0.011108356478130788,-0.016164626531269106
14.273168325424194,0.18894388568065987,0.02824657095734919,0.03252720977683471,-0.0049013637331292706,0.008202928216441226,0.011484193284734217,-0.07013563827965687,-0.2152200536159724,-2.034551075324045,0.0016959275771978952,-0.011118614964124683,-0.016634753115271437
14.278049230575562,0.18894388568065987,0.02824657095734919,0.03252720977683471,-0.004852350095797978,0.008120898934276814,0.011369351351886875,-0.07013563827965687,-0.2152200536159724,-2.034551075324045,0.0016789683014259162,-0.011007428814483437,-0.016468405584118724
14.293511152267456,0.18934843113580332,0.02528298914494292,0.032381977701380515,-0.004514221317371585,0.006148030715639002,0.010978097460739184,-0.06979844811740765,-0.21540381298712424,-2.0354905409149158,0.0018802564026407528,-0.011016200925132724,-0.016911321029549772
14.298342943191528,0.18934843113580332,0.02528298914494292,0.032381977701380515,-0.004469079104197869,0.006086550408482612,0.010868316486131792,-0.06979844811740765,-0.21540381298712424,-2.0354905409149158,0.0018614538386143454,-0.010906038915881397,-0.016742207819254274
14.314881563186646,0.18969400091039756,0.02297638764530301,0.03220515671434992,-0.0041955041970877524,0.004653192310697997,0.01051914003195306,-0.06952293079143683,-0.21559254647104426,-2.03642872054012,0.0020094295756273375,-0.010911095353867611,-0.01714205170731595
14.319422721862793,0.18969400091039756,0.02297638764530301,0.03220515671434992,-0.0041535491551168745,0.004606660387591017,0.01041394863163353,-0.06952293079143683,-0.21559254647104426,-2.03642872054012,0.0019893352798710643,-0.010801984400328936,-0.01697063119024279
14.342947244644165,0.18993893920324764,0.02126347052068971,0.03201325916396872,-0.003997756780579042,0.0038463891843006997,0.010158712267207323,-0.0693088484815177,-0.21578815789606007,-2.037363200404766,0.0020604458177394397,-0.01077711668945657,-0.017198161359322752
14.347925662994385,0.18993893920324764,0.02126347052068971,0.03201325916396872,-0.003957779212773252,0.003807925292457693,0.010057125144535248,-0.0693088484815177,-0.21578815789606007,-2.037363200404766,0.002039841359562045,-0.010669345522562004,-0.017026179745729526
14.356892585754395,0.18988903236962493,0.019023386104314068,0.03188941132802364,-0.003937175460382052,0.0012992327325536193,0.009583032834667757,-0.06916120338676339,-0.21598929626148455,-2.03831884327172,0.0021840982002893053,-0.010786963540522606,-0.01792166022411254
14.360845565795898,0.18988903236962493,0.019023386104314068,0.03188941132802364,-0.0038978037057782315,0.0012862404052280832,0.009487202506321079,-0.06916120338676339,-0.21598929626148455,-2.03831884327172,0.0021622572182864123,-0.01067909390511738,-0.017742443621871416
14.37446641921997,0.18999719429443382,0.018144173587032675,0.03180399136368973,-0.0037702112737230276,0.0006391093181093552,0.009268166455290675,-0.06905417895546852,-0.21618621302798857,-2.039279146095936,0.0022192086002918564,-0.010716873031078435,-0.01827004316199096
14.378667116165161,0.18999719429443382,0.018144173587032675,0.03180399136368973,-0.0037325091609857973,0.0006327182249282616,0.009175484790737768,-0.06905417895546852,-0.21618621302798857,-2.039279146095936,0.002197016514288938,-0.01060970430076765,-0.018087342730371048
14.398175954818726,0.19015321956651923,0.01784443712858396,0.03172365646882514,-0.0036132906940110885,0.00047890801259876226,0.00902759315216993,-0.06899659789106324,-0.2163918786257559,-2.0402438239937783,0.002204561721858792,-0.010609029011160835,-0.018400951786096246
14.406182765960693,0.19015321956651923,0.01784443712858396,0.03172365646882514,-0.0035771577870709775,0.00047411893247277466,0.00893731722064823,-0.06899659789106324,-0.2163918786257559,-2.0402438239937783,0.0021825161046402043,-0.010502938721049227,-0.018216942268235285
14.414665222167969,0.1902999802520219,0.01787932061779548,0.0316412937890371,-0.0033699955469439703,0.0005222749450524452,0.008753972239298767,-0.06899039601341958,-0.21660048041819613,-2.0412053177742537,0.0021680023608202704,-0.010643830783172372,-0.019168281533343993
14.419682025909424,0.1902999802520219,0.01787932061779548,0.0316412937890371,-0.003336295591474531,0.0005170521956019208,0.008666432516905779,-0.06899039601341958,-0.21660048041819613,-2.0412053177742537,0.0021463223372120677,-0.010537392475340648,-0.01897659871801055
14.434905529022217,0.19038699389951264,0.01854807928569795,0.0315992876608908,-0.003252736212618271,0.0009520035051776524,0.00859360112305193,-0.06903126063735265,-0.21681938718494032,-2.04216163624487,0.0020980159991965553,-0.010575813815791497,-0.019415018282822365
14.439045906066895,0.19038699389951264,0.01854807928569795,0.0315992876608908,-0.0032202088504920882,0.0009424834701258759,0.00850766511182141,-0.06903126063735265,-0.21681938718494032,-2.04216163624487,0.0020770358392045896,-0.010470055677633582,-0.01922086809999414
14.45778489112854,0.1903415446276883,0.016905263035896973,0.03079272668483056,-0.003203344007675599,0.00010221179116340102,0.007911712680556715,-0.06913553284483759,-0.2170423646436476,-2.0431333508461567,0.0020006209476951357,-0.010484346335148602,-0.019547211836902757
14.462329149246216,0.1903415446276883,0.016905263035896973,0.03079272668483056,-0.003171310567598843,0.00010118967325176701,0.007832595553751147,-0.06913553284483759,-0.2170423646436476,-2.0431333508461567,0.0019806147382181844,-0.010379502871797116,-0.01935173971853373
14.477636575698853,0.1904664418825191,0.0161107399781648,0.030291239893680905,-0.0030534036218524668,-0.0003833063140683623,0.007378754179752521,-0.06929103463026556,-0.217268046482302,-2.0441022119924797,0.0018592227456195524,-0.010423140750467394,-0.019791157680744555
14.480618715286255,0.1904664418825191,0.0161107399781648,0.030291239893680905,-0.003022869585633942,-0.00037947325092767866,0.0073049666379549965,-0.06929103463026556,-0.217268046482302,-2.0441022119924797,0.0018406305181633568,-0.01031890934296272,-0.01959324610393711
14.516542196273804,0.19080972211917388,0.01670960508812861,0.02983737286431721,-0.002900666045888996,-0.00019652910198975697,0.007121507543171644,-0.06973499731486642,-0.2177424375663916,-2.046020282988474,0.0016986385602564952,-0.010347776239389433,-0.01993124603009014
14.521719455718994,0.19080972211917388,0.01670960508812861,0.02983737286431721,-0.0028716593854301057,-0.0001945638109698594,0.007050292467739927,-0.06973499731486642,-0.2177424375663916,-2.046020282988474,0.0016816521746539303,-0.01024429847699554,-0.019731933569789237
14.540431499481201,0.19091283859264999,0.017829583316638496,0.029818983477484642,-0.0027965110221626313,0.00040398310854671015,0.007026590748428943,-0.07000888037500985,-0.21799264564736895,-2.046961190512825,0.0015184683914666072,-0.01027557048571159,-0.020037449486246712
14.545653820037842,0.19091283859264999,0.017829583316638496,0.029818983477484642,-0.0027685459119410048,0.00039994327746124304,0.006956324840944653,-0.07000888037500985,-0.21799264564736895,-2.046961190512825,0.001503283707551941,-0.010172814780854474,-0.019837074991384245
14.554706573486328,0.19059496121872896,0.01875888739114771,0.029843020657617698,-0.003106328094516354,0.0014081740992433912,0.007013716439673028,-0.07031018730183278,-0.21825137202554298,-2.0479149676851276,0.0011554163041342825,-0.01035688518002535,-0.020692281120295013
14.558754682540894,0.19059496121872896,0.01875888739114771,0.029843020657617698,-0.0030752648135711907,0.0013940923582509573,0.0069435792752762975,-0.07031018730183278,-0.21825137202554298,-2.0479149676851276,0.0011438621410929397,-0.010253316328225097,-0.020485358309092063
14.573320865631104,0.19053274765233189,0.019672407608312247,0.029909560354643754,-0.0030956905199595167,0.0019984244119036314,0.006979543486793672,-0.0706375733943065,-0.21850584427635963,-2.048858436138353,0.0009076658803977969,-0.010325483873591553,-0.020928216242039666
14.577455759048462,0.19053274765233189,0.019672407608312247,0.029909560354643754,-0.0030647336147599214,0.001978440167784595,0.006909748051925735,-0.0706375733943065,-0.21850584427635963,-2.048858436138353,0.0008985892215938189,-0.010222229034855637,-0.020718934079619267
14.596506834030151,0.1905736894706957,0.020659842192548888,0.03001926961204814,-0.0030193766284480274,0.0024686276662343773,0.006946970377759048,-0.07098412053873086,-0.2187709703168658,-2.0497952058816358,0.0007076990826319934,-0.010259172665989715,-0.021003459638996986
14.601625680923462,0.1905736894706957,0.020659842192548888,0.03001926961204814,-0.002989182862163547,0.0024439413895720333,0.006877500673981457,-0.07098412053873086,-0.2187709703168658,-2.0497952058816358,0.0007006220918056734,-0.010156580939329817,-0.020793425042607016
14.617460489273071,0.1906494122079749,0.021392651256428984,0.030134873098149054,-0.0029172757930524163,0.00287323929430121,0.006924845739443268,-0.07134673055650943,-0.2190375585308508,-2.0507205642210034,0.0004646203505297623,-0.010223370949659203,-0.021169873197661972
14.622346639633179,0.1906494122079749,0.021392651256428984,0.030134873098149054,-0.002888103035121892,0.002844506901358198,0.0068555972820488345,-0.07134673055650943,-0.2190375585308508,-2.0507205642210034,0.00045997414702446464,-0.01012113724016261,-0.02095817446568535
14.64025354385376,0.1906937109290378,0.0226107712401217,0.030320845792004437,-0.002843025173406751,0.003482627411128175,0.006954736378003312,-0.07171263614423198,-0.21931357145753114,-2.0516356527190664,0.00025103669133223717,-0.010174063580947112,-0.021259618237662106
14.64568042755127,0.1906937109290378,0.0226107712401217,0.030320845792004437,-0.0028145949216726836,0.0034478011370168934,0.006885189014223279,-0.07171263614423198,-0.21931357145753114,-2.0516356527190664,0.0002485263244189148,-0.010072322945137642,-0.021047022055285487
14.658575534820557,0.19048563473986377,0.024233904808026327,0.030647135476973234,-0.002962761641704117,0.004637664601640471,0.007189268260889835,-0.07207554196787058,-0.2195916185158909,-2.052562294507385,-3.5388023562668114e-05,-0.01018722185248074,-0.021555151353889575
14.66930079460144,0.19048563473986377,0.024233904808026327,0.030647135476973234,-0.002933134025287076,0.004591287955624066,0.007117375578280937,-0.07207554196787058,-0.2195916185158909,-2.052562294507385,-3.5034143327041435e-05,-0.010085349633955933,-0.02133959984035068
14.677865266799927,0.19049804422852518,0.025538903831369995,0.030916537953078627,-0.0029072845183617806,0.00603008030569572,0.007503529726075613,-0.07243491711327237,-0.21986886007158943,-2.0534770869237122,-0.0004542953518796515,-0.010308207335776986,-0.022194328526254935
14.681507110595703,0.19049804422852518,0.025538903831369995,0.030916537953078627,-0.002878211673178163,0.005969779502638763,0.007428494428814857,-0.07243491711327237,-0.21986886007158943,-2.0534770869237122,-0.000449752398360855,-0.010205125262419215,-0.021972385240992386
14.709694862365723,0.19059329273646883,0.027004157409632,0.0311915428399031,-0.002821887449404826,0.006417976722076903,0.007500200391521033,-0.07278293489305822,-0.22015160786112398,-2.054385522921926,-0.0005687190593272517,-0.010203382750925374,-0.022074941790945057
14.716600894927979,0.19059329273646883,0.027004157409632,0.0311915428399031,-0.002793668574910778,0.006353796954856134,0.0074251983876058225,-0.07278293489305822,-0.22015160786112398,-2.054385522921926,-0.0005630318687339793,-0.010101348923416121,-0.021854192373035607
14.721848487854004,0.19070594884464576,0.02823067248530139,0.03143921312102976,-0.0025785806826928576,0.00857179536786648,0.00803969201900885,-0.07311845130126429,-0.22043616009860353,-2.055283505172054,-0.001196773568676521,-0.010542588313722831,-0.023346877411432047
14.734281778335571,0.19070594884464576,0.02823067248530139,0.03143921312102976,-0.002552794875865929,0.008486077414187816,0.00795929509881876,-0.07311845130126429,-0.22043616009860353,-2.055283505172054,-0.0011848058329897557,-0.010437162430585603,-0.023113408637317725
14.746119022369385,0.19077921775124485,0.0295048312598887,0.03168917187063083,-0.002478086993189725,0.00945190943948375,0.008191223410987554,-0.07343639588984391,-0.22072621224394068,-2.0561725636605184,-0.001441554576137801,-0.01057782431619861,-0.02363334336892666
14.751246929168701,0.19077921775124485,0.0295048312598887,0.03168917187063083,-0.0024533061232578277,0.009357390345088912,0.008109311176877678,-0.07343639588984391,-0.22072621224394068,-2.0561725636605184,-0.001427139030376423,-0.010472046073036624,-0.023397009935237394
14.760862827301025,0.19038087160586345,0.03022305963725343,0.03175893499618771,-0.002852850070221745,0.009992274095859534,0.008177133233202486,-0.0737403416271959,-0.2210181640282799,-2.0570912054490167,-0.0017289543260684882,-0.010670939253301278,-0.024118376275453022
14.76601767539978,0.19038087160586345,0.03022305963725343,0.03175893499618771,-0.0028243215695195278,0.009892351354900939,0.008095361900870462,-0.0737403416271959,-0.2210181640282799,-2.0570912054490167,-0.0017116647828078033,-0.010564229860768265,-0.02387719251269849
14.777214765548706,0.19023916828776846,0.0306642353349761,0.03185996414500028,-0.002926998274448477,0.010174324700899507,0.008143307984437286,-0.07400485021438132,-0.22130441285594993,-2.0579987942375877,-0.0019307778908067767,-0.010714233291419531,-0.02444897830971155
14.782245874404907,0.19023916828776846,0.0306642353349761,0.03185996414500028,-0.002897728291703992,0.010072581453890513,0.008061874904592913,-0.07400485021438132,-0.22130441285594993,-2.0579987942375877,-0.001911470111898709,-0.010607090958505335,-0.024204488526614436
14.800281524658203,0.19020615205531544,0.03087795694194697,0.03197152241685773,-0.002887809622603804,0.010083458522704277,0.008054244893636571,-0.07423453236476134,-0.22159737639445445,-2.0589019331806346,-0.0020197043819309285,-0.01066345585488796,-0.024463195724230304
14.805176258087158,0.19020615205531544,0.03087795694194697,0.03197152241685773,-0.002858931526377766,0.009982623937477234,0.007973702444700206,-0.07423453236476134,-0.22159737639445445,-2.0589019331806346,-0.001999507338111619,-0.01055682129633908,-0.024218563766988
14.82052993774414,0.19021312145465005,0.030913159700799133,0.032091050706105496,-0.002824870404006458,0.009898293023904086,0.007973446557452177,-0.07443162888495719,-0.221889729530042,-2.0597942814113726,-0.002107883133863635,-0.010641665507054584,-0.0245575731592223
14.827929496765137,0.19021312145465005,0.030913159700799133,0.032091050706105496,-0.002796621699966393,0.009799310093665045,0.007893712091877655,-0.07443162888495719,-0.221889729530042,-2.0597942814113726,-0.002086804302524999,-0.010535248851984038,-0.02431199742763008
14.842987060546875,0.19020694744941424,0.03081412153108209,0.032215507016953505,-0.0027704090429223624,0.009628059241726628,0.007890730676169373,-0.0745989718656635,-0.22218919362297762,-2.060674562700756,-0.0021770717546781,-0.010628775874968455,-0.02465348815276249
14.847272396087646,0.19020694744941424,0.03081412153108209,0.032215507016953505,-0.002742704952493139,0.009531778649309361,0.007811823369407679,-0.0745989718656635,-0.22218919362297762,-2.060674562700756,-0.002155301037131319,-0.01052248811621877,-0.024406953271234866
14.86237096786499,0.1898975833179847,0.030660869627471405,0.03232661671469899,-0.0029173700783270695,0.009325134043903541,0.007800139514742034,-0.07474143027808981,-0.22249099110398152,-2.0615625627418948,-0.0022281002704868462,-0.010617148022475192,-0.024751018864303993
14.86713719367981,0.1898975833179847,0.030660869627471405,0.03232661671469899,-0.0028881963775437987,0.009231882703464506,0.007722138119594614,-0.07474143027808981,-0.22249099110398152,-2.0615625627418948,-0.002205819267781978,-0.010510976542250439,-0.02450350867566095
14.87868356704712,0.18982257857251222,0.030435396698225963,0.0324448173798566,-0.00291962553018775,0.008934711281652059,0.007729068967402285,-0.07485059397421065,-0.2227891649448059,-2.0624397500422567,-0.002278304783893192,-0.010664107032308148,-0.025018181656933237
14.881901502609253,0.18982257857251222,0.030435396698225963,0.0324448173798566,-0.0028904292748858722,0.008845364168835539,0.007651778277728263,-0.07485059397421065,-0.2227891649448059,-2.0624397500422567,-0.0022555217360542604,-0.010557465961985067,-0.024767999840363906
14.897552013397217,0.18984700743072014,0.030169259785372448,0.0325677544553342,-0.002842061731041952,0.008580758235096868,0.007636991848520348,-0.07493212881392186,-0.22309242139264285,-2.0633090838758155,-0.0022850637574457692,-0.010645659066207248,-0.025075786590194053
14.913467645645142,0.18984700743072014,0.030169259785372448,0.0325677544553342,-0.0028136411137315324,0.0084949506527459,0.007560621930035144,-0.07493212881392186,-0.22309242139264285,-2.0633090838758155,-0.0022622131198713116,-0.010539202475545175,-0.02482502872429211
14.924009084701538,0.18990100247400613,0.029885827662679394,0.03269460335704688,-0.0027282568385978787,0.008132300364583664,0.007578406587238308,-0.0749915342308116,-0.223395996762335,-2.0641665873806296,-0.0022959451700817262,-0.010721793304049147,-0.02539023806075573
14.929239988327026,0.18990100247400613,0.029885827662679394,0.03269460335704688,-0.0027009742702119,0.008050977360937827,0.007502622521365925,-0.0749915342308116,-0.223395996762335,-2.0641665873806296,-0.002272985718380909,-0.010614575371008655,-0.025136335680148173
14.943550825119019,0.18993114791832982,0.029603740172916965,0.03282429068942405,-0.0026484361016876445,0.007766371245779782,0.007498680181309598,-0.07503408231378288,-0.22370516839274487,-2.0650111140126812,-0.0022799872344142695,-0.010724469835563716,-0.025475103176158986
14.948103904724121,0.18993114791832982,0.029603740172916965,0.03282429068942405,-0.002621951740670768,0.007688707533321984,0.007423693379496502,-0.07503408231378288,-0.22370516839274487,-2.0650111140126812,-0.002257187362070127,-0.01061722513720808,-0.025220352144397395
14.96122145652771,0.18959561576266942,0.029993214719518692,0.032864590163246436,-0.002855530339564751,0.007899570921615393,0.007411654193179741,-0.07506000651307033,-0.22401610604094732,-2.065869186279057,-0.002254378474466653,-0.010748092276156819,-0.02562228918151467
14.966452836990356,0.18959561576266942,0.029993214719518692,0.032864590163246436,-0.0028269750361691035,0.007820575212399239,0.0073375376512479435,-0.07506000651307033,-0.22401610604094732,-2.065869186279057,-0.0022318346897219864,-0.01064061135339525,-0.025366066289699524
14.979390382766724,0.1895105611702288,0.030149170695292028,0.032945882970664,-0.002865281752663162,0.007855105809386809,0.007338937848645375,-0.07508230436523361,-0.2243201656299362,-2.0667131965186902,-0.002226751336654899,-0.01076922631282577,-0.025764778382982582
14.983915567398071,0.1895105611702288,0.030149170695292028,0.032945882970664,-0.0028366289351365306,0.007776554751292941,0.007265548470158921,-0.07508230436523361,-0.2243201656299362,-2.0667131965186902,-0.00220448382328835,-0.010661534049697512,-0.025507130599152755
14.996698379516602,0.18952569964322116,0.03021180939592695,0.03305825107329207,-0.0027957693712057485,0.007739406897953074,0.0072847311139426305,-0.07510330209226002,-0.2246298122804941,-2.067548451369545,-0.0021988655168950193,-0.010797155431204014,-0.02590547956024296
15.004363536834717,0.18952569964322116,0.03021180939592695,0.03305825107329207,-0.002767811677493691,0.007662012828973543,0.007211883802803204,-0.07510330209226002,-0.2246298122804941,-2.067548451369545,-0.0021768768617260693,-0.010689183876891974,-0.02564642476464053
15.015177249908447,0.189567989029382,0.030201764695078584,0.03319135335430361,-0.002698913223747093,0.007565235955186285,0.007260670159330413,-0.07512670388929472,-0.224937560618324,-2.068369853281374,-0.0021767489456773477,-0.010866882849559974,-0.026149553365656577
15.024320363998413,0.189567989029382,0.030201764695078584,0.03319135335430361,-0.0026719240915096224,0.007489583595634422,0.007188063457737108,-0.07512670388929472,-0.224937560618324,-2.068369853281374,-0.002154981456220574,-0.010758214021064375,-0.02588805783200001
15.047272205352783,0.18958189880405657,0.030140496017995462,0.03333784834551229,-0.002637702494596774,0.007382243817778173,0.007177007150230849,-0.07515459633361066,-0.22525119281862543,-2.0691764845465,-0.002145584237123491,-0.010787279827943913,-0.025980622374213762
15.053778886795044,0.18958189880405657,0.030140496017995462,0.03333784834551229,-0.0026113254696508064,0.007308421379600391,0.00710523707872854,-0.07515459633361066,-0.22525119281862543,-2.0691764845465,-0.002124128394752256,-0.010679407029664474,-0.025720816150471625
15.06091570854187,0.1895056961942071,0.032481922262633627,0.03334796829165221,-0.0027429958724706576,0.010492674958234083,0.007360342284587185,-0.07517074892490089,-0.2255621923558705,-2.069983643367132,-0.002125519862277633,-0.011008380515680084,-0.026594585963849292
15.066345691680908,0.1895056961942071,0.032481922262633627,0.03334796829165221,-0.002715565913745951,0.010387748208651742,0.007286738861741313,-0.07517074892490089,-0.2255621923558705,-2.069983643367132,-0.002104264663654857,-0.010898296710523283,-0.0263286401042108
15.077237129211426,0.18958578858771333,0.03399521947939128,0.03345347756634198,-0.0026348677643917933,0.011656913727214255,0.007440527003652437,-0.07520437724837505,-0.22587508839600448,-2.0707751933127647,-0.0021140979444428856,-0.011076600007749326,-0.026792117221220987
15.081015586853027,0.18958578858771333,0.03399521947939128,0.03345347756634198,-0.0026085190867478755,0.011540344589942114,0.007366121733615913,-0.07520437724837505,-0.22587508839600448,-2.0707751933127647,-0.0020929569649984566,-0.010965834007671833,-0.026524196049008776
15.097473382949829,0.1897209076293204,0.034980293217527526,0.0335993098034082,-0.0025080986612923415,0.012012895771838217,0.007435890604373246,-0.07525449357401243,-0.22619110645199444,-2.0715510827493597,-0.0021024788150541276,-0.01104819290619207,-0.026730395970549166
15.106470823287964,0.1897209076293204,0.034980293217527526,0.0335993098034082,-0.002483017674679418,0.011892766814119835,0.007361531698329513,-0.07525449357401243,-0.22619110645199444,-2.0715510827493597,-0.002081454026903586,-0.01093771097713015,-0.026463092010843674
15.116159915924072,0.1898496656307222,0.0355268802200027,0.03376999798102408,-0.002330910752762617,0.012320229120004597,0.007514267918258225,-0.07532254106151091,-0.2265111317626956,-2.0723081348708647,-0.0021308705083144283,-0.011158628274400142,-0.02697980579445259
15.130492687225342,0.1898496656307222,0.0355268802200027,0.03376999798102408,-0.0023076016452349907,0.01219702682880455,0.007439125239075643,-0.07532254106151091,-0.2265111317626956,-2.0723081348708647,-0.002109561803231284,-0.01104704199165614,-0.026710007736508064
15.144806623458862,0.1899254759224207,0.03572080597583196,0.03395335190932754,-0.0022313070222045764,0.01219855476721843,0.007503998650512144,-0.07540813861982054,-0.2268364104273615,-2.073044562217188,-0.0021482663386390667,-0.01116381770401181,-0.02695739042217115
15.149668455123901,0.1899254759224207,0.03572080597583196,0.03395335190932754,-0.0022089939519825304,0.012076569219546245,0.007428958664007022,-0.07540813861982054,-0.2268364104273615,-2.073044562217188,-0.002126783675252676,-0.011052179526971692,-0.02668781651794944
15.159140586853027,0.18988916620533455,0.033061653642643456,0.03522531618872829,-0.0021553907551378946,0.00903832391049701,0.00842354279590797,-0.07552921392079252,-0.22716532642936835,-2.0737785623699305,-0.0022333384917680357,-0.011288903749190799,-0.02719584327779937
15.162418365478516,0.18988916620533455,0.033061653642643456,0.03522531618872829,-0.002133836847586516,0.00894794067139204,0.00833930736794889,-0.07552921392079252,-0.22716532642936835,-2.0737785623699305,-0.002211005106850355,-0.01117601471169889,-0.026923884845021378
15.1792733669281,0.19000513135962552,0.031102582551382568,0.03602017120025591,-0.0020161938551591704,0.0076601100473118935,0.008613307608435632,-0.07566813729465187,-0.22749459506335754,-2.074494363914007,-0.0022713176970820493,-0.011259608231547796,-0.027079327979671254
15.184422016143799,0.19000513135962552,0.031102582551382568,0.03602017120025591,-0.0019960319166075786,0.007583508946838774,0.008527174532351276,-0.07566813729465187,-0.22749459506335754,-2.074494363914007,-0.002248604520111229,-0.011147012149232317,-0.026808534699874542
15.199427843093872,0.1901633507529048,0.030117722604792476,0.036625295535280725,-0.001852810871908212,0.006819325562458275,0.008778888256945649,-0.0758195174008193,-0.22782923708134975,-2.0751972227129847,-0.0023269993571641196,-0.011258550075950613,-0.02700883993295926
15.20635437965393,0.1901633507529048,0.030117722604792476,0.036625295535280725,-0.0018342827631891297,0.006751132306833692,0.008691099374376192,-0.0758195174008193,-0.22782923708134975,-2.0751972227129847,-0.0023037293635924786,-0.011145964575191106,-0.02673875153362967
15.216572284698486,0.1903076432295207,0.029696661971357504,0.037065096422317305,-0.0016606825760454615,0.006236109607268255,0.008990868340624965,-0.0759806133399789,-0.2281665931716224,-2.0758845482360275,-0.0024383525086248826,-0.011364666629711025,-0.027144031771659385
15.221426248550415,0.1903076432295207,0.029696661971357504,0.037065096422317305,-0.001644075750285007,0.006173748511195573,0.008900959657218715,-0.0759806133399789,-0.2281665931716224,-2.0758845482360275,-0.0024139689835386336,-0.011251019963413916,-0.02687259145394279
15.245412111282349,0.19039666993816898,0.029522979528751245,0.03736440628322024,-0.0015872689007008379,0.006028961325702947,0.008928578746160544,-0.07614842444562192,-0.22850977264900774,-2.076556671499954,-0.002459791799333537,-0.011281585491853728,-0.026884081961650947
15.253299236297607,0.19039666993816898,0.029522979528751245,0.03736440628322024,-0.0015713962116938294,0.005968671712445917,0.008839292958698938,-0.07614842444562192,-0.22850977264900774,-2.076556671499954,-0.0024351938813402018,-0.01116876963693519,-0.026615241142034438
15.260168552398682,0.19044692935098584,0.022748844898642057,0.037661064191899074,-0.0013001934898308537,-0.003930151190557837,0.008241710461342333,-0.07637419024189085,-0.2288569477944451,-2.077228951311131,-0.002739500273206361,-0.011562481809095793,-0.027327759389068715
15.28037714958191,0.190633923593778,0.018421426871960616,0.037787935848708355,-0.0011551030416453482,-0.006022938728293818,0.00801721393950884,-0.07657831094646032,-0.22920076391309827,-2.077886947497658,-0.0028131121353836973,-0.011616990580949674,-0.027380083904300707
15.284920692443848,0.190633923593778,0.018421426871960616,0.037787935848708355,-0.0011435520112288947,-0.005962709341010879,0.00793704180011375,-0.07657831094646032,-0.22920076391309827,-2.077886947497658,-0.0027849810140298603,-0.011500820675140178,-0.0271062830652577
15.299612045288086,0.19085543098044822,0.01574279048781452,0.03784872937530557,-0.0009476047167239889,-0.007715893357187126,0.007724162244422698,-0.07677054247684066,-0.22954844907474403,-2.078536825468594,-0.0028879779219681684,-0.011622472199682429,-0.027277574303577707
15.302629232406616,0.19085543098044822,0.01574279048781452,0.03784872937530557,-0.000938128669556749,-0.007638734423615254,0.007646920621978471,-0.07677054247684066,-0.22954844907474403,-2.078536825468594,-0.0028590981427484867,-0.011506247477685604,-0.02700479856054193
15.338227272033691,0.19129511683786535,0.02120754006629656,0.03863300982384118,-0.0008313311255219864,-0.006055446074047092,0.00793480449177072,-0.07705933624154655,-0.2302411137420617,-2.0798078465828302,-0.002911633472694126,-0.011585764444522388,-0.02709179863925448
15.341909408569336,0.19129511683786535,0.02120754006629656,0.03863300982384118,-0.0008230178142667665,-0.005994891613306621,0.007855456446853013,-0.07705933624154655,-0.2302411137420617,-2.0798078465828302,-0.002882517137967185,-0.011469906800077164,-0.026820880652861933
15.361083030700684,0.19106521714650063,0.024209087183053687,0.03930469723632642,-0.000959525827228343,-0.0044151427105384115,0.008275660903390027,-0.07715335342834724,-0.23058958265004906,-2.0804591687112386,-0.0029027266175035626,-0.01153695164337297,-0.026892368813315613
15.364811182022095,0.19106521714650063,0.024209087183053687,0.03930469723632642,-0.0009499305689560595,-0.004370991283433027,0.008192904294356127,-0.07715335342834724,-0.23058958265004906,-2.0804591687112386,-0.002873699351328527,-0.01142158212693924,-0.026623445125182457
15.37986946105957,0.1910643751269577,0.026889188926264875,0.039735910005264344,-0.0009705951023738417,-0.0025859644797182214,0.008565355666013727,-0.07721407372511553,-0.23092643534223495,-2.081104376684371,-0.0028852858878927333,-0.011531065635020541,-0.026785684586206244
15.382870435714722,0.1910643751269577,0.026889188926264875,0.039735910005264344,-0.0009608891513501033,-0.002560104834921039,0.008479702109353589,-0.07721407372511553,-0.23092643534223495,-2.081104376684371,-0.002856433029013806,-0.011415754978670336,-0.026517827740344183
15.405540466308594,0.1911448628750516,0.029098562460780165,0.040008488085709365,-0.0009324594814162999,-0.0015767954165253873,0.008606948616496314,-0.07724879844119019,-0.2312675301517985,-2.081751123080314,-0.002843186153162412,-0.011452058103451818,-0.026537936416244544
15.409522533416748,0.1911448628750516,0.029098562460780165,0.040008488085709365,-0.0009231348866021369,-0.0015610274623601335,0.00852087913033135,-0.07724879844119019,-0.2312675301517985,-2.081751123080314,-0.002814754291630788,-0.011337537522417299,-0.026272557052082098
15.424443006515503,0.19123521050705472,0.03086986702646213,0.04015925109859314,-0.0008743208878328982,-0.00037412942724359224,0.008648612940393655,-0.07726404716962879,-0.23160287441593758,-2.0823950754747833,-0.0027968267520197838,-0.011448916591586093,-0.026441421277814438
15.429077863693237,0.19123521050705472,0.03086986702646213,0.04015925109859314,-0.0008655776789545692,-0.0003703881329711563,0.008562126810989718,-0.07726404716962879,-0.23160287441593758,-2.0823950754747833,-0.0027688584844995858,-0.011334427425670231,-0.026177007065036294
15.448561668395996,0.1912772963630324,0.032387219278203004,0.04023200490150474,-0.0008495115567596241,0.0004040472643686125,0.008587694593386415,-0.07726549608011962,-0.2319421498315375,-2.0830373795145194,-0.0027419135482965986,-0.011395215165553394,-0.026244897473709634
15.452508211135864,0.1912772963630324,0.032387219278203004,0.04023200490150474,-0.0008410164411920279,0.00040000679172492635,0.00850181764745255,-0.07726549608011962,-0.2319421498315375,-2.0830373795145194,-0.0027144944128136327,-0.01128126301389786,-0.02598244849897254
15.46337103843689,0.1915902808441127,0.03315043322062351,0.03948377496494203,-0.0005699554016940379,0.001165718735408841,0.007795165750088512,-0.07726526367653379,-0.232273989550015,-2.0836802447895213,-0.002687135524765194,-0.011473932289419092,-0.026314426918684446
15.484134912490845,0.19189653339664908,0.033774250603542104,0.03901821696903907,-0.0004264040915210993,0.0014770001826211045,0.0075209109250855615,-0.07726177133322545,-0.23261273784301945,-2.0843200332899716,-0.0026585822370904532,-0.011522336073694697,-0.02635940843507491
15.493276119232178,0.19189653339664908,0.033774250603542104,0.03901821696903907,-0.0004221400506058883,0.0014622301807948933,0.007445701815834706,-0.07726177133322545,-0.23261273784301945,-2.0843200332899716,-0.002631996414719549,-0.01140711271295775,-0.02609581435072416
15.50450086593628,0.19215649974423296,0.034281757461737575,0.03869943947176209,-0.0001998531698038627,0.0019287051698536888,0.00712877336238621,-0.07726189209516349,-0.23295142484078277,-2.084954548214487,-0.002605784036018347,-0.011594774005001217,-0.026400138383502837
15.508693218231201,0.19215649974423296,0.034281757461737575,0.03869943947176209,-0.00019785463810582406,0.0019094181181551519,0.007057485628762348,-0.07726189209516349,-0.23295142484078277,-2.084954548214487,-0.0025797261956581633,-0.011478826264951204,-0.026136136999667808
15.529550313949585,0.19233377527040013,0.034578904632532693,0.0384876510004232,-0.00011536947649503295,0.0020433151672554543,0.006898339617696588,-0.07727167348511317,-0.23329850344584527,-2.0855822443049474,-0.0025586186518108305,-0.011530445928768932,-0.02617572649020119
15.543444633483887,0.19233377527040013,0.034578904632532693,0.0384876510004232,-0.00011421578173008262,0.0020228820155828997,0.006829356221519622,-0.07727167348511317,-0.23329850344584527,-2.0855822443049474,-0.002533032465292722,-0.011415141469481242,-0.025913969225299177
15.548969984054565,0.19237268674746788,0.03474102017491239,0.03859436995932642,-4.4417230683046374e-05,0.002277137182628146,0.006980040559530687,-0.07729301325047702,-0.23365367102729906,-2.086185503272205,-0.002546323699744287,-0.011943786519753835,-0.0267466316902868
15.553123474121094,0.19237268674746788,0.03474102017491239,0.03859436995932642,-4.397305837621591e-05,0.0022543658108018644,0.006910240153935381,-0.07729301325047702,-0.23365367102729906,-2.086185503272205,-0.002520860462746844,-0.011824348654556296,-0.02647916537338393
15.581696271896362,0.19160201209181862,0.03352968165515459,0.03948138547948921,-0.0002996821708928513,0.0017754058581554784,0.007113210583006819,-0.07728498474679683,-0.23402371793471732,-2.0868019711896633,-0.0024928420164849184,-0.01183561537920138,-0.02643012715139546
15.585925579071045,0.19160201209181862,0.03352968165515459,0.03948138547948921,-0.0002966853491839228,0.0017576517995739236,0.007042078477176751,-0.07728498474679683,-0.23402371793471732,-2.0868019711896633,-0.0024679135963200692,-0.011717259225409365,-0.026165825879881505
15.591084957122803,0.19121175361106854,0.032640777780051214,0.04004177019430893,-0.0009981784824862506,-9.101760755739056e-05,0.007897779041286452,-0.07727180926267897,-0.2343798985645536,-2.0874073462214997,-0.002417697498370971,-0.012290442381974504,-0.0270775164739162
15.598128318786621,0.19121175361106854,0.032640777780051214,0.04004177019430893,-0.000988196697661388,-9.010743148181665e-05,0.007818801250873588,-0.07727180926267897,-0.2343798985645536,-2.0874073462214997,-0.0023935205233872616,-0.01216753795815476,-0.02680674130917704
15.604673862457275,0.1910084602260255,0.031950253194491025,0.04043617139140294,-0.0012582183958862983,-0.0012012727044107621,0.008243293346462515,-0.07725138542050165,-0.23474950907595385,-2.0880080503824443,-0.002338382650804478,-0.012610537615510672,-0.027456403868062605
15.608972311019897,0.1910084602260255,0.031950253194491025,0.04043617139140294,-0.0012456362119274353,-0.0011892599773666544,0.00816086041299789,-0.07725138542050165,-0.23474950907595385,-2.0880080503824443,-0.002314998824296433,-0.012484432239355565,-0.02718183982938198
15.62338638305664,0.19091024703129184,0.031441672737011844,0.04070151663941812,-0.0012913631478271865,-0.0015468929113407273,0.008229526104606663,-0.07722859047983807,-0.23511395467286858,-2.0885974663299476,-0.002276034470338163,-0.012612428055394588,-0.027318938457450165
15.628435850143433,0.19091024703129184,0.031441672737011844,0.04070151663941812,-0.0012784495163489147,-0.00153142398222732,0.008147230843560596,-0.07722859047983807,-0.23511395467286858,-2.0885974663299476,-0.002253274125634781,-0.012486303774840642,-0.027045749072875665
15.647432565689087,0.19093305988329268,0.025188432640360928,0.040193352735733906,-0.0011943836741495158,-0.004761347677990554,0.007485917883445474,-0.07725205869121948,-0.2354935924382771,-2.0891648442900173,-0.002243095210135844,-0.012561284633525889,-0.027073963191302765
15.651457786560059,0.19093305988329268,0.025188432640360928,0.040193352735733906,-0.0011824398374080205,-0.004713734201210649,0.007411058704611019,-0.07725205869121948,-0.2354935924382771,-2.0891648442900173,-0.0022206642580344855,-0.01243567178719063,-0.026803223559389737
15.671634435653687,0.1908151309701276,0.01776648080706003,0.039102294993496156,-0.001165332917582722,-0.008271656113164765,0.006449604819083845,-0.07730329982311615,-0.23587319289429404,-2.0897375924494117,-0.002223853870133938,-0.012499453572523802,-0.02681905816250462
15.675822734832764,0.1908151309701276,0.01776648080706003,0.039102294993496156,-0.001153679588406895,-0.008188939552033116,0.006385108770893007,-0.07730329982311615,-0.23587319289429404,-2.0897375924494117,-0.0022016153314325985,-0.012374459036798563,-0.026550867580879576
15.689117193222046,0.190917815407842,0.012645596722445994,0.038384691058422626,-0.0009971601530180995,-0.011881814262613938,0.005417473608500529,-0.0773717889917451,-0.23624996796333844,-2.0903055095133634,-0.0022311162588623543,-0.012534122057340214,-0.026712542207558303
15.70671558380127,0.19111328289700197,0.00936510151142175,0.0379176215093211,-0.0008431299531513725,-0.013587918454328472,0.004921434671124574,-0.07744966327985567,-0.23662870489760293,-2.0908699871953047,-0.0022530558973682955,-0.012623991956533423,-0.026766172072393873
15.712151527404785,0.19111328289700197,0.00936510151142175,0.0379176215093211,-0.0008346986536198587,-0.013452039269785186,0.004872220324413328,-0.07744966327985567,-0.23662870489760293,-2.0908699871953047,-0.0022305253383946124,-0.01249775203696809,-0.026498510351669936
15.73090672492981,0.1913315697794749,0.007379519569988198,0.037635542929681486,-0.0006911501539049698,-0.014352962540865955,0.0045727116235126245,-0.07753687285725572,-0.23700724800770637,-2.091428221650712,-0.002254718970071028,-0.012574608226746413,-0.026531167784128947
15.737097978591919,0.1913315697794749,0.007379519569988198,0.037635542929681486,-0.0006842386523659201,-0.014209432915457294,0.004526984507277498,-0.07753687285725572,-0.23700724800770637,-2.091428221650712,-0.0022321717803703177,-0.012448862144478948,-0.026265856106287656
15.75929307937622,0.19074676005219826,0.002145248608395087,0.03607939986277759,-0.0009003405647305229,-0.016348929332201237,0.0035605479372961693,-0.0776681002320092,-0.2373978127102603,-2.092003378421833,-0.002268974540544336,-0.012500342402990847,-0.02626233435956525
15.764461517333984,0.19074676005219826,0.002145248608395087,0.03607939986277759,-0.0008913371590832177,-0.016185440038879225,0.0035249424579232077,-0.0776681002320092,-0.2373978127102603,-2.092003378421833,-0.0022462847951388925,-0.012375338978960938,-0.0259997110159696
15.77065134048462,0.19047504882424715,-0.0005833757080810849,0.03468300973986602,-0.001247074453989594,-0.020197697909985355,0.0008282259177082103,-0.07780501725943637,-0.23777134315693912,-2.092572436249229,-0.002445018941180993,-0.012855044585637989,-0.026659058148039903
15.775718450546265,0.19047504882424715,-0.0005833757080810849,0.03468300973986602,-0.0012346037094496981,-0.019995720930885502,0.0008199436585311282,-0.07780501725943637,-0.23777134315693912,-2.092572436249229,-0.002420568751769183,-0.01272649413978161,-0.026392467566559503
15.789684772491455,0.19045007460562238,-0.0014251141567494237,0.033956688925109516,-0.001230112019850229,-0.02034563169156813,0.00023758994056964817,-0.07794952667344282,-0.23815250822355846,-2.0931438125635826,-0.002499832978931655,-0.01287214648334628,-0.02653765297484879
15.79478120803833,0.19045007460562238,-0.0014251141567494237,0.033956688925109516,-0.0012178108996517268,-0.020142175374652446,0.0002352140411639517,-0.07794952667344282,-0.23815250822355846,-2.0931438125635826,-0.0024748346491423384,-0.012743425018512817,-0.0262722764451003
15.80747127532959,0.19055261433964413,-0.0007914055288005479,0.03368461008734433,-0.0011333921991206774,-0.019422770655571832,6.729894514140907e-05,-0.07809855877680061,-0.2385249534481944,-2.0937122040645315,-0.0025675262656843917,-0.012909484266894452,-0.026457456349644894
15.812547206878662,0.19055261433964413,-0.0007914055288005479,0.03368461008734433,-0.0011220582771294706,-0.019228542949016113,6.662595568999498e-05,-0.07809855877680061,-0.2385249534481944,-2.0937122040645315,-0.0025418510030275478,-0.012780389424225507,-0.026192881786148446
15.834615230560303,0.19069505469278444,0.0009592130257314954,0.03375171851611711,-0.0010596002736724187,-0.018249724383417144,0.00017162586053559163,-0.07825006892515546,-0.2389028790233773,-2.0942788316602043,-0.0025850884589961203,-0.012823840364867861,-0.026187717055478073
15.849311590194702,0.19069505469278444,0.0009592130257314954,0.03375171851611711,-0.0010490042709356945,-0.018067227139582972,0.0001699096019302357,-0.07825006892515546,-0.2389028790233773,-2.0942788316602043,-0.002559237574406159,-0.012695601961219183,-0.025925839884923293
15.853991985321045,0.19021821688270707,-0.0019796330201853735,0.03532416123407431,-0.0019460920010747835,-0.02446294161405002,0.0029101389969014946,-0.07844434482109651,-0.2392870732273291,-2.094860523935352,-0.0029487295893957,-0.013389504423809505,-0.026909408767629553
15.859443664550781,0.19021821688270707,-0.0019796330201853735,0.03532416123407431,-0.0019266310810640355,-0.02421831219790952,0.0028810376069324795,-0.07844434482109651,-0.2392870732273291,-2.094860523935352,-0.002919242293501743,-0.013255609379571409,-0.02664031467995326
15.871886253356934,0.19010738989866235,-0.002221180035648519,0.036533228546348294,-0.0019928397041426064,-0.024262754346931883,0.003799505213847394,-0.07859499460807548,-0.23965205832833492,-2.095439477094881,-0.0030111257891926634,-0.013416388625142817,-0.026839211133219895
15.875632762908936,0.19010738989866235,-0.002221180035648519,0.036533228546348294,-0.0019729113071011804,-0.024020126803462563,0.00376151016170892,-0.07859499460807548,-0.23965205832833492,-2.095439477094881,-0.0029810145313007366,-0.01328222473889139,-0.026570819021887696
15.890066385269165,0.19015990728841284,-0.0010714907055969596,0.037571160224254704,-0.0019313044946306062,-0.023055849045657942,0.004514229014380243,-0.07871961710211996,-0.2400207728104218,-2.0960205140742456,-0.0030375461863578587,-0.013404857756220256,-0.026707668806973336
15.897371053695679,0.19015990728841284,-0.0010714907055969596,0.037571160224254704,-0.0019119914496843003,-0.022825290555201362,0.0044690867242364405,-0.07871961710211996,-0.2400207728104218,-2.0960205140742456,-0.00300717072449428,-0.013270809178658053,-0.0264405921189036
15.911310195922852,0.19027684046303522,0.0011125828390008946,0.038456131233292945,-0.0018379199704877966,-0.02109858627569674,0.005204113061589643,-0.07882284089432443,-0.24037932724246122,-2.096598166587402,-0.0030511522054026546,-0.013395329563484942,-0.026590596570850833
15.918164491653442,0.19027684046303522,0.0011125828390008946,0.038456131233292945,-0.0018195407707829185,-0.020887600412939772,0.005152071930973746,-0.07882284089432443,-0.24037932724246122,-2.096598166587402,-0.003020640683348628,-0.013261376267850093,-0.026324690605142323
15.928584814071655,0.19038401672468297,0.004014927216325929,0.03920955399192524,-0.0017503893371089625,-0.017977515009488604,0.006083495105981886,-0.07891037687957081,-0.24074128403946152,-2.097172369265572,-0.0030744393405939523,-0.013476119124739965,-0.02661248488104751
15.943381071090698,0.19038401672468297,0.004014927216325929,0.03920955399192524,-0.0017328854437378728,-0.01779773985939372,0.006022660154922067,-0.07891037687957081,-0.24074128403946152,-2.097172369265572,-0.003043694947188013,-0.013341357933492564,-0.026346360032237035
15.951284408569336,0.19011337937481626,0.00067784227589705,0.03886072520812933,-0.001977126974004594,-0.02178048487598101,0.005123245969435407,-0.07903997650468277,-0.24110624512990517,-2.097750888302342,-0.0031772388797957065,-0.013669725331409489,-0.026814889768063704
15.956902265548706,0.19011337937481626,0.00067784227589705,0.03886072520812933,-0.001957355704264548,-0.021562680027221198,0.005072013509741053,-0.07903997650468277,-0.24110624512990517,-2.097750888302342,-0.0031454664909977494,-0.013533028078095394,-0.026546740870383067
15.969866037368774,0.18981902920013793,-9.286057578093748e-05,0.03783397080373757,-0.0021545001117795393,-0.021867194208156568,0.004177495209642281,-0.07914303818066108,-0.24146175053581356,-2.098337509057217,-0.003193511586966603,-0.013671927713455097,-0.026733781237207304
15.97696852684021,0.18981902920013793,-9.286057578093748e-05,0.03783397080373757,-0.002132955110661744,-0.021648522266075002,0.004135720257545858,-0.07914303818066108,-0.24146175053581356,-2.098337509057217,-0.0031615764710969368,-0.013535208436320546,-0.026466443424835232
15.993062257766724,0.18973434994125604,0.0005846706997906014,0.03734743800126274,-0.0021725100677219542,-0.02098605769464964,0.0038336296347614893,-0.07924543219397939,-0.24181441535959503,-2.0989215756298782,-0.0031935842463754554,-0.013618988152651524,-0.026564694572640546
15.997223615646362,0.18973434994125604,0.0005846706997906014,0.03734743800126274,-0.002150784967044735,-0.020776197117703142,0.0037952933384138745,-0.07924543219397939,-0.24181441535959503,-2.0989215756298782,-0.003161648403911701,-0.013482798271125009,-0.02629904762691414
16.01259756088257,0.1897287838147949,0.0023615877748704526,0.037171529699431695,-0.002154526817726834,-0.019409073532231993,0.00375291931128007,-0.07934224279297378,-0.24216464294354997,-2.099500449670375,-0.003193002483060485,-0.013575776214982401,-0.02641258642247665
16.016569137573242,0.1897287838147949,0.0023615877748704526,0.037171529699431695,-0.0021329815495495655,-0.019214982796909672,0.003715390118167269,-0.07934224279297378,-0.24216464294354997,-2.099500449670375,-0.0031610724582298803,-0.013440018452832577,-0.026148460558251884
16.03791379928589,0.18972543842055037,0.004924075936466254,0.03722745839186601,-0.0021352623584227565,-0.017832276098543626,0.0038178419887488512,-0.07943465715718821,-0.24251535888082318,-2.1000703862423937,-0.0031727579757986953,-0.013469929111921608,-0.026153991930571215
16.0427725315094,0.18972543842055037,0.004924075936466254,0.03722745839186601,-0.0021139097348385288,-0.01765395333755819,0.0037796635688613625,-0.07943465715718821,-0.24251535888082318,-2.1000703862423937,-0.0031410303960407084,-0.013335229820802392,-0.025892452011265502
16.059953689575195,0.1894754773983717,0.008491779132333859,0.03765356396814569,-0.0022754117592500333,-0.015439968722828311,0.004185032824009862,-0.07952163241845937,-0.24286949100275498,-2.1006341855431403,-0.003160242559400656,-0.013407994083873673,-0.025961677257651403
16.064183473587036,0.1894754773983717,0.008491779132333859,0.03765356396814569,-0.002252657641657533,-0.015285569035600029,0.004143182495769763,-0.07952163241845937,-0.24286949100275498,-2.1006341855431403,-0.0031286401338066496,-0.013273914143034936,-0.02570206048507489
16.093063592910767,0.18946941017042923,0.015945962056547594,0.03865925165613568,-0.0022777863005830437,-0.012600575989717845,0.0046918597395296645,-0.07957883092485234,-0.2435583577930444,-2.101709207730703,-0.0031171592276439315,-0.013379701298039724,-0.025817275941824924
16.098605632781982,0.18946941017042923,0.015945962056547594,0.03865925165613568,-0.0022550084375772134,-0.012474570229820667,0.004644941142134368,-0.07957883092485234,-0.2435583577930444,-2.101709207730703,-0.0030859876353674922,-0.013245904285059326,-0.025559103182406676
16.107710599899292,0.18950920508424363,0.01953156410102,0.039182771224160494,-0.0022571698768072425,-0.008489633953651602,0.005542068664146725,-0.07956986128229536,-0.24390052443232788,-2.102221292248391,-0.0030452763861956497,-0.013489247411370846,-0.02586593539834426
16.112211227416992,0.18950920508424363,0.01953156410102,0.039182771224160494,-0.00223459817803917,-0.008404737614115086,0.005486647977505258,-0.07956986128229536,-0.24390052443232788,-2.102221292248391,-0.003014823622333693,-0.013354354937257137,-0.02560727604436082
16.13212561607361,0.18950339181909331,0.022885753799463112,0.039686452051591305,-0.002244161348729485,-0.006670797307451248,0.005842525776177633,-0.07954563303634159,-0.24424789905174782,-2.1027165193536863,-0.0029725091848919606,-0.013395245373988646,-0.02559988131960014
16.137364625930786,0.18950339181909331,0.022885753799463112,0.039686452051591305,-0.00222171973524219,-0.006604089334376735,0.005784100518415857,-0.07954563303634159,-0.24424789905174782,-2.1027165193536863,-0.002942784093043041,-0.013261292920248758,-0.02534388250640414
16.15375256538391,0.18930750466686885,0.025941844563275737,0.04016184138321239,-0.0023507692635892567,-0.004714638592504109,0.00619223707999464,-0.0795144167358738,-0.24459285852964827,-2.1032204597624578,-0.0028943079144267904,-0.013339175934655988,-0.02539795055870737
16.159677505493164,0.18930750466686885,0.025941844563275737,0.04016184138321239,-0.002327261570953364,-0.004667492206579069,0.006130314709194694,-0.0795144167358738,-0.24459285852964827,-2.1032204597624578,-0.0028653648352825224,-0.013205784175309428,-0.025143971053120297
16.172133445739746,0.18928696462866199,0.028666659838557776,0.04061295874662915,-0.002357236982373155,-0.0024813372804805677,0.006635974386077624,-0.07948635236249782,-0.24493603046576498,-2.103713022862966,-0.002814180271703383,-0.013349234989926843,-0.025287975677386335
16.17653179168701,0.18928696462866199,0.028666659838557776,0.04061295874662915,-0.0023336646125494236,-0.002456523907675762,0.006569614642216848,-0.07948635236249782,-0.24493603046576498,-2.103713022862966,-0.0027860384689863496,-0.013215742640027575,-0.025035095920612472
