Time (seconds),Orientation X,Orientation Y,Orientation Z,Angular Velocity X,Angular Velocity Y,Angular Velocity Z,Position X,Position Y,Position Z,Linear Velocity X,Linear Velocity Y,Linear Velocity Z
0.007111310958862305,1.1102230246251565e-15,-7.526061783599285e-17,-6.075164736112789e-23,0.0,0.0,0.0,4.7374092396068885e-17,-1.6181534969699281e-09,0.0006377921232361947,0.0,0.0,0.0
0.011652469635009766,1.1102230246251565e-15,-7.526061783599285e-17,-6.075164736112789e-23,0.0,0.0,0.0,4.7374092396068885e-17,-1.6181534969699281e-09,0.0006377921232361947,0.0,0.0,0.0
0.030190706253051758,1.1102230246251565e-15,-7.615366816690377e-17,-6.438899658105083e-23,5.920057967752162e-41,-4.81734238973829e-19,-1.962079401273098e-24,4.737592749848396e-17,-1.6226088329038912e-09,0.0006394237433915665,9.899012796564532e-22,-2.403322401024348e-12,8.801377331562737e-07
0.04284811019897461,1.1102230246251565e-15,-7.615366816690377e-17,-6.438899658105083e-23,5.86085738807464e-41,-4.769168965840906e-19,-1.9424586072603672e-24,4.737592749848396e-17,-1.6226088329038912e-09,0.0006394237433915665,9.800022668598886e-22,-2.379289177014105e-12,8.71336355824711e-07
0.05913949012756348,1.1102230246251565e-15,-7.615366816690377e-17,-6.438899658105083e-23,5.802248814193893e-41,-4.721477276182497e-19,-1.9230340211877634e-24,4.737592749848396e-17,-1.6226088329038912e-09,0.0006394237433915665,9.702022441912897e-22,-2.355496285243964e-12,8.626229922664638e-07
0.06466317176818848,1.1102230246251565e-15,-7.615366816690377e-17,-6.438899658105083e-23,5.744226326051954e-41,-4.674262503420672e-19,-1.9038036809758857e-24,4.737592749848396e-17,-1.6226088329038912e-09,0.0006394237433915665,9.605002217493767e-22,-2.331941322391524e-12,8.539967623437992e-07
0.08091282844543457,1.1102230246251565e-15,-7.705199733088434e-17,-6.802539619733316e-23,1.2427931293895468e-40,-1.0155816148414611e-18,-4.1225973036330894e-24,4.737774448595616e-17,-1.627065432519468e-09,0.000641055708112316,2.0690649804627784e-21,-5.0512026935464605e-12,1.8497639952747893e-06
0.08660459518432617,1.1102230246251565e-15,-7.705199733088434e-17,-6.802539619733316e-23,1.2303651980956513e-40,-1.0054257986930464e-18,-4.0813713305967585e-24,4.737774448595616e-17,-1.627065432519468e-09,0.000641055708112316,2.0483743306581505e-21,-5.000690666610996e-12,1.8312663553220415e-06
0.1096498966217041,1.1102230246251565e-15,-7.795585171611017e-17,-7.169294643932252e-23,1.697784103438992e-40,-1.3875792051109028e-18,-5.632010110310726e-24,4.737954375268099e-17,-1.6315232875329902e-09,0.0006426880151335809,2.8086426767587766e-21,-6.88507156807824e-12,2.5212573022468184e-06
0.11472702026367188,1.1102230246251565e-15,-7.795585171611017e-17,-7.169294643932252e-23,1.680806262404602e-40,-1.3737034130597938e-18,-5.575690009207618e-24,4.737954375268099e-17,-1.6315232875329902e-09,0.0006426880151335809,2.780556249991189e-21,-6.816220852397458e-12,2.49604472922435e-06
0.12496519088745117,1.1102230246251565e-15,-7.795585171611017e-17,-7.169294643932252e-23,1.663998199780556e-40,-1.359966378929196e-18,-5.519933109115542e-24,4.737954375268099e-17,-1.6315232875329902e-09,0.0006426880151335809,2.752750687491277e-21,-6.7480586438734834e-12,2.4710842819321064e-06
0.12970519065856934,1.1102230246251565e-15,-7.795585171611017e-17,-7.169294643932252e-23,1.6473582177827504e-40,-1.3463667151399039e-18,-5.464733778024386e-24,4.737954375268099e-17,-1.6315232875329902e-09,0.0006426880151335809,2.725223180616364e-21,-6.6805780574347485e-12,2.4463734391127853e-06
0.15630602836608887,1.1102230246251565e-15,-7.886517963135266e-17,-7.537682806803925e-23,2.0481416688334885e-40,-1.6747448821595532e-18,-6.794960732447406e-24,4.738132513500384e-17,-1.635982389714556e-09,0.000644320662205385,3.3676424615785857e-21,-8.290073689091958e-12,3.0356674704564592e-06
0.1634688377380371,1.1102230246251565e-15,-7.886517963135266e-17,-7.537682806803925e-23,2.0276602521451537e-40,-1.6579974333379577e-18,-6.727011125122932e-24,4.738132513500384e-17,-1.635982389714556e-09,0.000644320662205385,3.3339660369627997e-21,-8.207172952201038e-12,3.0053107957518948e-06
0.16734075546264648,1.1102230246251565e-15,-7.886517963135266e-17,-7.537682806803925e-23,2.0073836496237022e-40,-1.641417459004578e-18,-6.659741013871703e-24,4.738132513500384e-17,-1.635982389714556e-09,0.000644320662205385,3.3006263765931716e-21,-8.125101222679029e-12,2.975257687794376e-06
0.17191267013549805,1.1102230246251565e-15,-7.886517963135266e-17,-7.537682806803925e-23,1.987309813127465e-40,-1.6250032844145323e-18,-6.5931436037329854e-24,4.738132513500384e-17,-1.635982389714556e-09,0.000644320662205385,3.26762011282724e-21,-8.043850210452238e-12,2.945505110916432e-06
0.1964738368988037,1.1102230246251565e-15,-7.978016839675995e-17,-7.907515071390944e-23,2.4207945116617618e-40,-1.981287982605349e-18,-8.032972330483769e-24,4.7383089228699765e-17,-1.6404427308882953e-09,0.0006459536470925434,3.953188982434777e-21,-9.779425262069893e-12,3.580914601013857e-06
0.20146751403808594,1.1102230246251565e-15,-7.978016839675995e-17,-7.907515071390944e-23,2.3965865665451442e-40,-1.9614751027792955e-18,-7.95264260717893e-24,4.7383089228699765e-17,-1.6404427308882953e-09,0.0006459536470925434,3.9136570926104294e-21,-9.681631009449195e-12,3.545105455003718e-06
0.22849416732788086,1.1102230246251565e-15,-8.070052028956199e-17,-8.275976891068153e-23,2.7818139761466065e-40,-2.2823952610995105e-18,-9.236443766574143e-24,4.7384835904948324e-17,-1.6449043029312182e-09,0.0006475869675745609,4.520799670578747e-21,-1.1235619183018808e-11,4.113991335739038e-06
0.2338719367980957,1.1102230246251565e-15,-8.070052028956199e-17,-8.275976891068153e-23,2.7539958363851405e-40,-2.2595713084885153e-18,-9.144079328908402e-24,4.7384835904948324e-17,-1.6449043029312182e-09,0.0006475869675745609,4.47559167387296e-21,-1.1123262991188621e-11,4.072851422381648e-06
0.25172948837280273,1.1102230246251565e-15,-8.070052028956199e-17,-8.275976891068153e-23,2.7264558780212892e-40,-2.23697559540363e-18,-9.052638535619317e-24,4.7384835904948324e-17,-1.6449043029312182e-09,0.0006475869675745609,4.43083575713423e-21,-1.1012030361276735e-11,4.0321229081578315e-06
0.25615978240966797,1.1102230246251565e-15,-8.070052028956199e-17,-8.275976891068153e-23,2.699191319241076e-40,-2.2146058394495937e-18,-8.962112150263124e-24,4.7384835904948324e-17,-1.6449043029312182e-09,0.0006475869675745609,4.386527399562888e-21,-1.0901910057663967e-11,3.991801679076253e-06
0.28177809715270996,1.1102230246251565e-15,-8.162646706158121e-17,-8.646638090694378e-23,3.1064480636314658e-40,-2.553899158042499e-18,-1.0319351227783921e-23,4.738656520822862e-17,-1.649367097774099e-09,0.0006492206214455395,5.017688292448262e-21,-1.253492390798345e-11,4.589573489803263e-06
0.28693127632141113,1.1102230246251565e-15,-8.162646706158121e-17,-8.646638090694378e-23,3.075383582995151e-40,-2.528360166462074e-18,-1.0216157715506082e-23,4.738656520822862e-17,-1.649367097774099e-09,0.0006492206214455395,4.9675114095237796e-21,-1.2409574668903616e-11,4.543677754905231e-06
0.312152624130249,1.1102230246251565e-15,-8.255791383030844e-17,-9.016597252802466e-23,3.483634363767315e-40,-2.8723854438419108e-18,-1.1580845431909213e-23,4.738827723802765e-17,-1.6538311073997404e-09,0.0006508546065140811,5.5966381628022226e-21,-1.4055411940654323e-11,5.146098927266789e-06
0.32065320014953613,1.1102230246251565e-15,-8.255791383030844e-17,-9.016597252802466e-23,3.448798020129642e-40,-2.8436615894034915e-18,-1.1465036977590121e-23,4.738827723802765e-17,-1.6538311073997404e-09,0.0006508546065140811,5.5406717811742e-21,-1.391485782124778e-11,5.094637937994121e-06
0.3334057331085205,1.1102230246251565e-15,-8.255791383030844e-17,-9.016597252802466e-23,3.4143100399283455e-40,-2.8152249735094564e-18,-1.135038660781422e-23,4.738827723802765e-17,-1.6538311073997404e-09,0.0006508546065140811,5.485265063362458e-21,-1.3775709243035302e-11,5.04369155861418e-06
0.33911895751953125,1.1102230246251565e-15,-8.255791383030844e-17,-9.016597252802466e-23,3.380166939529062e-40,-2.7870727237743618e-18,-1.1236882741736078e-23,4.738827723802765e-17,-1.6538311073997404e-09,0.0006508546065140811,5.430412412728834e-21,-1.3637952150604948e-11,4.9932546430280385e-06
0.38053035736083984,1.1102230246251565e-15,-8.34948260953676e-17,-9.388429431393425e-23,3.615010238541772e-40,-2.9854470084534998e-18,-1.2022412029494383e-23,4.7389972065124294e-17,-1.6582963238434346e-09,0.0006524889206031909,5.785374119541487e-21,-1.4579830418211375e-11,5.337975282766928e-06
0.4015235900878906,1.1102230246251565e-15,-8.34948260953676e-17,-9.388429431393425e-23,3.578860136156354e-40,-2.9555925383689646e-18,-1.1902187909199439e-23,4.7389972065124294e-17,-1.6582963238434346e-09,0.0006524889206031909,5.727520378346072e-21,-1.4434032114029261e-11,5.284595529939258e-06
0.40642786026000977,1.1102230246251565e-15,-8.34948260953676e-17,-9.388429431393425e-23,3.5430715347947906e-40,-2.926036612985275e-18,-1.1783166030107445e-23,4.7389972065124294e-17,-1.6582963238434346e-09,0.0006524889206031909,5.670245174562611e-21,-1.4289691792888969e-11,5.2317495746398655e-06
0.4289700984954834,1.1102230246251565e-15,-8.34948260953676e-17,-9.388429431393425e-23,3.5076408194468427e-40,-2.896776246855422e-18,-1.1665334369806371e-23,4.7389972065124294e-17,-1.6582963238434346e-09,0.0006524889206031909,5.6135427228169846e-21,-1.4146794874960079e-11,5.179432078893467e-06
0.4350755214691162,1.1102230246251565e-15,-8.443728557307027e-17,-9.762040604724413e-23,5.302608434631591e-40,-4.4114517041487326e-18,-1.7668014199203785e-23,4.7391649974811995e-17,-1.6627627391926295e-09,0.0006541235615501839,8.305635706538747e-21,-2.1320815744075743e-11,7.80499681095384e-06
0.44797730445861816,1.1102230246251565e-15,-8.443728557307027e-17,-9.762040604724413e-23,5.249582350285275e-40,-4.367337187107245e-18,-1.7491334057211747e-23,4.7391649974811995e-17,-1.6627627391926295e-09,0.0006541235615501839,8.222579349473359e-21,-2.1107607586634985e-11,7.726946842844301e-06
0.45954322814941406,1.1102230246251565e-15,-8.538520821415035e-17,-1.0139013138408154e-22,6.173094962038788e-40,-5.143246121346694e-18,-2.0575758611427518e-23,4.739331073020124e-17,-1.6672303455862184e-09,0.0006557585272065906,9.576257365862764e-21,-2.4759263544133322e-11,9.063283153008144e-06
0.4667940139770508,1.1102230246251565e-15,-8.538520821415035e-17,-1.0139013138408154e-22,6.1113640124184e-40,-5.091813660133227e-18,-2.0370001025313244e-23,4.739331073020124e-17,-1.6672303455862184e-09,0.0006557585272065906,9.480494792204136e-21,-2.4511670908691988e-11,8.972650321478061e-06
0.47681164741516113,1.1102230246251565e-15,-8.538520821415035e-17,-1.0139013138408154e-22,6.050250372294216e-40,-5.040895523531895e-18,-2.0166301015060113e-23,4.739331073020124e-17,-1.6672303455862184e-09,0.0006557585272065906,9.385689844282095e-21,-2.4266554199605068e-11,8.88292381826328e-06
0.4873924255371094,1.1102230246251565e-15,-8.538520821415035e-17,-1.0139013138408154e-22,5.9897478685712735e-40,-4.990486568296576e-18,-1.996463800490951e-23,4.739331073020124e-17,-1.6672303455862184e-09,0.0006557585272065906,9.291832945839273e-21,-2.4023888657609017e-11,8.794094580080647e-06
0.5092122554779053,1.1102230246251565e-15,-8.63385040371988e-17,-1.0516793410808356e-22,6.447530142768817e-40,-5.377475952309895e-18,-2.1496353754987727e-23,4.739495496267834e-17,-1.6716991352146001e-09,0.0006573938154380626,9.952464246033886e-21,-2.5831690310536206e-11,9.455604127665493e-06
0.5175743103027344,1.1102230246251565e-15,-8.63385040371988e-17,-1.0516793410808356e-22,6.383054841341129e-40,-5.323701192786796e-18,-2.128139021743785e-23,4.739495496267834e-17,-1.6716991352146001e-09,0.0006573938154380626,9.852939603573547e-21,-2.5573373407430845e-11,9.361048086388838e-06
0.5273380279541016,1.1102230246251565e-15,-8.72972059565812e-17,-1.0895124297027045e-22,7.475651256756254e-40,-6.252366724146985e-18,-2.4943441400274728e-23,4.739658254381215e-17,-1.676169100318756e-09,0.0006590294241242822,1.1421378868376568e-20,-2.989577810767516e-11,1.094262808585455e-05
0.5334839820861816,1.1102230246251565e-15,-8.72972059565812e-17,-1.0895124297027045e-22,7.400894744188691e-40,-6.189843056905515e-18,-2.469400698627198e-23,4.739658254381215e-17,-1.676169100318756e-09,0.0006590294241242822,1.1307165079692802e-20,-2.959682032659841e-11,1.0833201804996006e-05
0.5496113300323486,1.1102230246251565e-15,-8.72972059565812e-17,-1.0895124297027045e-22,7.326885796746804e-40,-6.12794462633646e-18,-2.4447066916409262e-23,4.739658254381215e-17,-1.676169100318756e-09,0.0006590294241242822,1.1194093428895875e-20,-2.930085212333242e-11,1.0724869786946046e-05
0.5570712089538574,1.1102230246251565e-15,-8.72972059565812e-17,-1.0895124297027045e-22,7.253616938779336e-40,-6.066665180073095e-18,-2.420259624724517e-23,4.739658254381215e-17,-1.676169100318756e-09,0.0006590294241242822,1.1082152494606915e-20,-2.9007843602099098e-11,1.0617621089076586e-05
0.5700633525848389,1.1102230246251565e-15,-8.826117048794322e-17,-1.127371983745127e-22,8.048829007094744e-40,-6.7479580991805314e-18,-2.6874604729211324e-23,4.739819362133384e-17,-1.6806402331909275e-09,0.0006606653511588678,1.2211370771755537e-20,-3.215917791455591e-11,1.1770611249072036e-05
0.573314905166626,1.1102230246251565e-15,-8.826117048794322e-17,-1.127371983745127e-22,7.968340717023796e-40,-6.680478518188726e-18,-2.6605858681919213e-23,4.739819362133384e-17,-1.6806402331909275e-09,0.0006606653511588678,1.2089257064037981e-20,-3.183758613541035e-11,1.1652905136581315e-05
0.5864846706390381,1.7939991745488291e-06,-5.810056622421398e-12,6.5821277727235096e-12,1.3622104183986096e-06,-4.4116025326911045e-12,4.99790811512088e-12,1.6195316060055673e-10,-1.520923085475983e-09,0.0006173930175204108,1.2297342238734845e-10,8.975641004698768e-11,-2.1320954388211214e-05
0.5931622982025146,1.7939991745488291e-06,-5.810056622421398e-12,6.5821277727235096e-12,1.3485883142146236e-06,-4.3674865073641935e-12,4.947929033969671e-12,1.6195316060055673e-10,-1.520923085475983e-09,0.0006173930175204108,1.2174368816347497e-10,8.88588459465178e-11,-2.11077448443291e-05
0.605088472366333,5.2613372224568824e-06,-8.66134069988462e-10,-4.6066330141407316e-08,4.242437172524941e-06,-7.25663834648621e-10,-3.862686425798628e-08,4.1861732530904287e-10,-8.061036717869623e-10,0.0005325817876375749,3.3573706506246917e-10,6.873405197943403e-10,-9.201019359285879e-05
0.6127679347991943,5.2613372224568824e-06,-8.66134069988462e-10,-4.6066330141407316e-08,4.200012800799692e-06,-7.184071963021348e-10,-3.824059561540642e-08,4.1861732530904287e-10,-8.061036717869623e-10,0.0005325817876375749,3.323796944118445e-10,6.804671145963969e-10,-9.10900916569302e-05
0.6258480548858643,1.0975406549873113e-05,-1.1318252942857887e-08,-2.692147823663317e-07,8.526527097284945e-06,-8.701718155746532e-09,-2.0845943472931153e-07,-1.9090730804232236e-09,1.6072835239189177e-09,0.0003800741739083205,-1.4505075853663793e-09,2.5187427483058803e-09,-0.00020677415525041643
0.630976676940918,1.0975406549873113e-05,-1.1318252942857887e-08,-2.692147823663317e-07,8.441261826312095e-06,-8.614700974189067e-09,-2.0637484038201842e-07,-1.9090730804232236e-09,1.6072835239189177e-09,0.0003800741739083205,-1.4360025095127154e-09,2.4935553208228214e-09,-0.00020470641369791227
0.6461324691772461,1.9753095765173585e-05,-5.606717605106278e-08,-9.230110115882608e-07,1.4148489180479707e-05,-3.8052920696053835e-08,-6.356949582318062e-07,-2.406424774910613e-08,8.368672624088431e-09,0.0001313780629665278,-1.603993120414377e-08,6.929877216078818e-09,-0.0003667524613322025
0.654869794845581,1.9753095765173585e-05,-5.606717605106278e-08,-9.230110115882608e-07,1.400700428867491e-05,-3.76723914890933e-08,-6.293380086494881e-07,-2.406424774910613e-08,8.368672624088431e-09,0.0001313780629665278,-1.5879531892102333e-08,6.86057844391803e-09,-0.0003630849367188805
0.6653196811676025,3.245187834876007e-05,-1.7840576598604515e-07,-2.4038680249587126e-06,2.6019011481197414e-05,-1.5435897425596745e-07,-2.0401489108019453e-06,-1.2033789950430018e-07,2.4460106224029576e-08,-0.00024120852759973031,-1.078496351931716e-07,2.2190641223012398e-08,-0.0007160001578874933
0.6763043403625488,3.245187834876007e-05,-1.7840576598604515e-07,-2.4038680249587126e-06,2.575882136638544e-05,-1.5281538451340776e-07,-2.0197474216939257e-06,-1.2033789950430018e-07,2.4460106224029576e-08,-0.00024120852759973031,-1.0677113884123989e-07,2.1968734810782274e-08,-0.0007088401563086184
0.6944425106048584,8.027118857171307e-05,6.137060504516691e-05,-4.919435062980981e-06,5.1865184861511995e-05,3.3782121328057914e-05,-3.3858882877692593e-06,-4.1902996106090514e-07,7.445349204768904e-08,-0.0007571469986394898,-2.7037938846011144e-07,4.931157728557995e-08,-0.0009862007725611594
0.7010529041290283,8.027118857171307e-05,6.137060504516691e-05,-4.919435062980981e-06,5.1346533012896874e-05,3.3444300114777336e-05,-3.3520294048915668e-06,-4.1902996106090514e-07,7.445349204768904e-08,-0.0007571469986394898,-2.676755945755103e-07,4.881846151272415e-08,-0.0009763387648355477
0.7203738689422607,0.00011738956285188043,0.0001021472722450199,-8.563983002572904e-07,7.004463378564561e-05,5.421460690449203e-05,-1.215335488448803e-06,-1.11038961064646e-06,1.8427199702659447e-07,-0.001430793331616212,-6.228275786893928e-07,1.0516931472022863e-07,-0.0013152361917420428
0.7259249687194824,0.00011738956285188043,0.0001021472722450199,-8.563983002572904e-07,6.934418744778915e-05,5.3672460835447104e-05,-1.203182133564315e-06,-1.11038961064646e-06,1.8427199702659447e-07,-0.001430793331616212,-6.165993029024988e-07,1.0411762157302635e-07,-0.0013020838298246223
0.737978458404541,0.0001494609292668937,0.00012933269777601876,8.827435433920646e-06,9.525870184284182e-05,7.56892407477118e-05,6.842864386496263e-06,-2.524916702843938e-06,3.473668335959614e-07,-0.002265329608501268,-1.783974856062304e-06,2.38385671839265e-07,-0.001981423709202636
0.7485482692718506,0.0001494609292668937,0.00012933269777601876,8.827435433920646e-06,9.43061148244134e-05,7.493234834023469e-05,6.774435742631301e-06,-2.524916702843938e-06,3.473668335959614e-07,-0.002265329608501268,-1.766135107501681e-06,2.3600181512087233e-07,-0.0019616094721106093
0.7602503299713135,0.00017765928790724006,0.00014490611596443002,2.3365706067129355e-05,0.00011746071539557626,8.749047269603767e-05,1.9129811755347348e-05,-5.0613683132001675e-06,5.897622235377115e-07,-0.0032559309373313963,-3.915999353412031e-06,4.407808609063903e-07,-0.0027885120840268696
0.7656991481781006,0.00017765928790724006,0.00014490611596443002,2.3365706067129355e-05,0.0001162861082416205,8.66155679690773e-05,1.8938513637793875e-05,-5.0613683132001675e-06,5.897622235377115e-07,-0.0032559309373313963,-3.876839359877911e-06,4.363730522973264e-07,-0.0027606269631866008
0.7701301574707031,0.00020287561513472225,0.00015082970157421542,4.1586372694021184e-05,0.00017203483648587926,9.911490393716396e-05,5.986699684277032e-05,-9.158276225006612e-06,9.636477111888313e-07,-0.004390762375333976,-1.3084063563600315e-05,1.2758023787541984e-06,-0.00529413344025367
0.775688886642456,0.00020287561513472225,0.00015082970157421542,4.1586372694021184e-05,0.00017031448812102046,9.812375489779232e-05,5.926832687434262e-05,-9.158276225006612e-06,9.636477111888313e-07,-0.004390762375333976,-1.2953222927964311e-05,1.2630443549666564e-06,-0.005241192105851133
0.7965397834777832,0.00021371792149331705,0.0001489618663404572,8.159924403284931e-05,0.0001738127323577836,9.624487323897798e-05,7.78651605342629e-05,-1.5243304251092242e-05,1.5506391380736888e-06,-0.0056530456014940115,-1.574204383914811e-05,1.531932462643205e-06,-0.005794165764189562
0.8018062114715576,0.00021371792149331705,0.0001489618663404572,8.159924403284931e-05,0.00017207460503420577,9.528242450658819e-05,7.708650892892027e-05,-1.5243304251092242e-05,1.5506391380736888e-06,-0.0056530456014940115,-1.558462340075663e-05,1.516613138016773e-06,-0.005736224106547666
0.8246467113494873,0.0001952201355853245,0.0001285405133066748,0.00020907979880573676,0.00016225970286058063,8.538245386368043e-05,0.0001321286731185119,-3.498572764435073e-05,4.034076544920954e-06,-0.008478922746606318,-2.4072381071554665e-05,2.5887425650175145e-06,-0.006916083975425105
0.8292274475097656,0.0001952201355853245,0.0001285405133066748,0.00020907979880573676,0.00016063710583197482,8.452862932504363e-05,0.0001308073863873268,-3.498572764435073e-05,4.034076544920954e-06,-0.008478922746606318,-2.3831657260839117e-05,2.562855139367339e-06,-0.006846923135670854
0.8558273315429688,0.00016802353065892576,0.00011290721382254089,0.0002892493628209617,0.0001488089544172039,7.780212663205568e-05,0.00015963846086016078,-4.914157426338361e-05,6.2748143042263304e-06,-0.010000694089728037,-2.8915110738567388e-05,3.3796128767666507e-06,-0.007350550888354444
0.8628835678100586,0.00016802353065892576,0.00011290721382254089,0.0002892493628209617,0.00014732086487303188,7.702410536573513e-05,0.00015804207625155916,-4.914157426338361e-05,6.2748143042263304e-06,-0.010000694089728037,-2.8625959631181713e-05,3.345816747998984e-06,-0.007277045379470899
0.8755192756652832,0.00013159622363731523,9.529130834159391e-05,0.00037531877776081823,0.00011702465761518336,6.230260489522244e-05,0.00022457813266182284,-6.624958844504582e-05,9.310600372574486e-06,-0.011568356973915558,-4.187911894014982e-05,5.714903893477397e-06,-0.008444935838502948
0.8798708915710449,0.00013159622363731523,9.529130834159391e-05,0.00037531877776081823,0.00011585441103903153,6.167957884627021e-05,0.0002223323513352046,-6.624958844504582e-05,9.310600372574486e-06,-0.011568356973915558,-4.146032775074832e-05,5.657754854542623e-06,-0.008360486480117918
0.9040319919586182,5.775697606260519e-05,7.66673489313168e-05,0.0004951986124393461,8.413846827708169e-05,5.334554239316746e-05,0.0002697268533774902,-8.619019536514229e-05,1.324439376183621e-05,-0.013164172925899631,-4.9298911041826304e-05,7.229328891048757e-06,-0.008937371380428947
0.9096250534057617,5.775697606260519e-05,7.66673489313168e-05,0.0004951986124393461,8.329708359431087e-05,5.2812086969235784e-05,0.00026702958484371535,-8.619019536514229e-05,1.324439376183621e-05,-0.013164172925899631,-4.880592193140804e-05,7.157035602138269e-06,-0.008847997666624656
0.9160230159759521,-4.391377302366525e-05,5.782347609316373e-05,0.0006376818002105141,-7.643118356773583e-05,2.278526392397118e-05,0.0004870654069885472,-0.00010893601063107987,1.8517642360436024e-05,-0.014772820951068478,-8.386951687761773e-05,1.532754003281396e-05,-0.011273830656814305
0.926654577255249,-4.391377302366525e-05,5.782347609316373e-05,0.0006376818002105141,-7.566687173205846e-05,2.255741128473147e-05,0.00048219475291866174,-0.00010893601063107987,1.8517642360436024e-05,-0.014772820951068478,-8.303082170884155e-05,1.517426463248582e-05,-0.011161092350246161
0.943394660949707,-0.00016617139496574254,3.9384234310837776e-05,0.0007951737898246138,-0.00014793682765725858,1.129559494923322e-05,0.0005714559253499373,-0.00013426611240862098,2.5177244351558833e-05,-0.01638148873580688,-9.733192038306213e-05,1.9000758960763154e-05,-0.012010449014540748
0.9501125812530518,-0.00016617139496574254,3.9384234310837776e-05,0.0007951737898246138,-0.00014645745938068598,1.1182638999740888e-05,0.0005657413660964379,-0.00013426611240862098,2.5177244351558833e-05,-0.01638148873580688,-9.63586011792315e-05,1.881075137115552e-05,-0.01189034452439534
0.9590332508087158,-0.00030153537850380075,2.1817895824985845e-05,0.0009606677713428733,-0.00029672334386677645,-8.665826907268518e-06,0.0007456060240906535,-0.00016185332712213005,3.347509797572061e-05,-0.017979773009804967,-0.00012632006461733494,2.7924472125360426e-05,-0.013563105106189893
0.9743814468383789,-0.0004444155323492059,-2.5493987879226187e-05,0.0011269661003428023,-0.00038683258585292963,-3.94332388846691e-05,0.0008465060376733595,-0.00019131924074521021,4.339941678169042e-05,-0.019559573810484242,-0.00014425515513589006,3.411134158898517e-05,-0.0144567812112433
0.9852633476257324,-0.0004444155323492059,-2.5493987879226187e-05,0.0011269661003428023,-0.0003829642599944003,-3.903890649582241e-05,0.0008380409772966259,-0.00019131924074521021,4.339941678169042e-05,-0.019559573810484242,-0.00014281260358453115,3.377022817309532e-05,-0.014312213399130868
0.9953141212463379,-0.0006336850483447683,-6.110299363473002e-05,0.0013296194189036728,-0.0005674305796179626,-7.413893634778551e-05,0.0010312956232063938,-0.00022218193794593886,5.494670381804731e-05,-0.02111513428160853,-0.0001720912652704348,4.492147935130835e-05,-0.015716793491697696
1.0028076171875,-0.0006336850483447683,-6.110299363473002e-05,0.0013296194189036728,-0.000561756273821783,-7.339754698430765e-05,0.0010209826669743299,-0.00022218193794593886,5.494670381804731e-05,-0.02111513428160853,-0.00017037035261773046,4.4472264557795264e-05,-0.01555962555678072
1.0134477615356445,-0.0008488856560712999,-8.852202417694475e-05,0.0015522287913681842,-0.0007583814048978958,-9.850115318086183e-05,0.001219991339793396,-0.00025432081937050086,6.8595489817919e-05,-0.022642226142596193,-0.00019887195493420039,5.6855174276294984e-05,-0.016839246541713943
1.018242597579956,-0.0008488856560712999,-8.852202417694475e-05,0.0015522287913681842,-0.0007507975908489169,-9.751614164905321e-05,0.001207791426395462,-0.00025432081937050086,6.8595489817919e-05,-0.022642226142596193,-0.00019688323538485838,5.628662253353203e-05,-0.016670854076296805
1.0321087837219238,-0.0010762184084189776,-0.000108720750107745,0.0017844349601189766,-0.0009072332601664727,-0.00011116403602693127,0.001363174631407693,-0.0002874541986345133,8.442321851879536e-05,-0.024137846178257757,-0.0002188094949652873,6.713837929019442e-05,-0.017582755053932614
1.0354406833648682,-0.0010762184084189776,-0.000108720750107745,0.0017844349601189766,-0.000898160927564808,-0.00011005239566666196,0.001349542885093616,-0.0002874541986345133,8.442321851879536e-05,-0.024137846178257757,-0.00021662140001563442,6.646699549729248e-05,-0.017406927503393288
1.0615894794464111,-0.0013039267177017248,-0.00012270741065040575,0.0020175042682430517,-0.0009762611287524475,-0.00011433047923967724,0.0014251775585524713,-0.0003212522172217376,0.00010283462928768236,-0.02559985157315664,-0.0002273804535810776,7.284334215794977e-05,-0.017791968250227948
1.0659947395324707,-0.0013039267177017248,-0.00012270741065040575,0.0020175042682430517,-0.000966498517464923,-0.00011318717444728046,0.0014109257829669466,-0.0003212522172217376,0.00010283462928768236,-0.02559985157315664,-0.00022510664904526681,7.211490873637027e-05,-0.01761404856772567
1.0934433937072754,-0.0018246121919724592,-0.00029329667769852395,0.0024966277094976307,-0.0011464758477556219,-0.00017428130066923626,0.0015713980660066892,-0.00039015779230823337,0.00014809938904231345,-0.028417949464735245,-0.00024795902647875876,8.788446242312652e-05,-0.018464587887051513
1.0979926586151123,-0.0018246121919724592,-0.00029329667769852395,0.0024966277094976307,-0.0011350110892780656,-0.00017253848766254389,0.0015556840853466222,-0.00039015779230823337,0.00014809938904231345,-0.028417949464735245,-0.0002454794362139712,8.700561779889526e-05,-0.018279942008180998
1.1126670837402344,-0.0021060720173182224,-0.0003370368090054076,0.00276558161417632,-0.0013154535495404113,-0.00020069236575715154,0.0017234070678471226,-0.00042437993692582345,0.00017627745883797165,-0.0297700228998189,-0.0002663455858246233,0.00010533772426468743,-0.019018523441901056
1.117659091949463,-0.0021060720173182224,-0.0003370368090054076,0.00276558161417632,-0.0013022990140450072,-0.00019868544209958002,0.0017061729971686514,-0.00042437993692582345,0.00017627745883797165,-0.0297700228998189,-0.00026368212996637707,0.00010428434702204056,-0.018828338207482045
1.141345739364624,-0.002380166572906584,-0.00036088566273704165,0.003036903159026042,-0.0014049982714576525,-0.00020680647055700848,0.0018036485979236155,-0.00045797992035507727,0.00020888112966432928,-0.03108047266828732,-0.00027523050880936726,0.00011700608165141603,-0.019193298914999084
1.1466763019561768,-0.002380166572906584,-0.00036088566273704165,0.003036903159026042,-0.001390948288743076,-0.00020473840585143838,0.0017856121119443793,-0.00045797992035507727,0.00020888112966432928,-0.03108047266828732,-0.00027247820372127356,0.00011583602083490187,-0.019001365925849095
1.1617538928985596,-0.002636280643254749,-0.0003685462126228979,0.0033019886694085165,-0.0015469268136968385,-0.0002078205163225332,0.001943545658535493,-0.0004906113584208856,0.000246582847587267,-0.03234647526146067,-0.00029139576374686475,0.00013968279444866692,-0.01965101066958829
1.1770107746124268,-0.002636280643254749,-0.0003685462126228979,0.0033019886694085165,-0.0015314575455598702,-0.00020574231115930787,0.001924110201950138,-0.0004906113584208856,0.000246582847587267,-0.03234647526146067,-0.0002884818061093961,0.00013828596650418025,-0.01945450056289241
1.1985177993774414,-0.0032547155735951237,-0.0003981089565406687,0.0038148938086853207,-0.0018037142287846177,-0.0002175909597141069,0.00214331699533996,-0.0005508452184226017,0.0003386931435020396,-0.034733152342436964,-0.0003136035861992924,0.00017973111160556616,-0.020369675338150463
1.2033607959747314,-0.0032547155735951237,-0.0003981089565406687,0.0038148938086853207,-0.0017856770864967714,-0.0002154150501169658,0.00212188382538656,-0.0005508452184226017,0.0003386931435020396,-0.034733152342436964,-0.0003104675503372995,0.0001779338004895105,-0.020165978584768957
1.2269976139068604,-0.003542166245041798,-0.00038965748297446236,0.004095758951910671,-0.0018894621418336388,-0.00020972401507424746,0.002219460277669097,-0.0005782984663774607,0.00039472284020491147,-0.035846169218827856,-0.00031897748727189874,0.00019985887856285246,-0.02043520150385508
1.231656789779663,-0.003542166245041798,-0.00038965748297446236,0.004095758951910671,-0.0018705675204153023,-0.00020762677492350498,0.0021972656748924057,-0.0005782984663774607,0.00039472284020491147,-0.035846169218827856,-0.00031578771239917973,0.00019786028977722392,-0.020230849488816528
1.2462732791900635,-0.003802544699296664,-0.00037106079866503427,0.004375751720228659,-0.002030065391757605,-0.00019285312310887468,0.0023667953202037018,-0.0006038052383501732,0.00045818153631291617,-0.03690195105215077,-0.0003300805180325421,0.00023929751288679005,-0.020750863436533266
1.25327730178833,-0.003802544699296664,-0.00037106079866503427,0.004375751720228659,-0.002009764737840029,-0.00019092459187778594,0.0023431273670016647,-0.0006038052383501732,0.00045818153631291617,-0.03690195105215077,-0.0003267797128522167,0.00023690453775792214,-0.020543354802167933
1.2612848281860352,-0.004030511148820323,-0.00034522006361247936,0.004646813425538392,-0.00227449074065293,-0.00015672440671614583,0.0026580905396546037,-0.0006273276147902379,0.0005290890707641614,-0.03789912760460404,-0.0003528872499677455,0.0003230866015862608,-0.021583220367664073
1.2728004455566406,-0.004030511148820323,-0.00034522006361247936,0.004646813425538392,-0.002251745833246401,-0.00015515716264898437,0.0026315096342580577,-0.0006273276147902379,0.0005290890707641614,-0.03789912760460404,-0.000349358377468068,0.0003198557355703982,-0.021367388163987432
1.2795259952545166,-0.004274936575740215,-0.00031466204279243697,0.004943938065531454,-0.002592838430374271,-0.00010812445507658457,0.0030468250736847297,-0.0006488992543709123,0.0006073992790356016,-0.03883780739182189,-0.0003779389594489196,0.00043309406707772887,-0.022549406574256872
1.286876916885376,-0.004274936575740215,-0.00031466204279243697,0.004943938065531454,-0.0025669100460705284,-0.00010704321052581871,0.0030163568229478826,-0.0006488992543709123,0.0006073992790356016,-0.03883780739182189,-0.0003741595698544304,0.00042876312640695156,-0.022323912508514305
1.3035550117492676,-0.00451338345392063,-0.0002814190910773374,0.0052485870782228725,-0.002684289105501867,-8.600388148433844e-05,0.003168792251412793,-0.000668609225405826,0.0006941190298384962,-0.039716056015822,-0.0003822358533535792,0.0004764716922568849,-0.022627261480671335
1.3118536472320557,-0.00451338345392063,-0.0002814190910773374,0.0052485870782228725,-0.0026574462144468482,-8.514384266949505e-05,0.003137104328898665,-0.000668609225405826,0.0006941190298384962,-0.039716056015822,-0.00037841349482004336,0.00047170697533431604,-0.022400988865864623
1.318068265914917,-0.004734735356554761,-0.00024715222978954676,0.005550149903170869,-0.0029872643843005483,-2.8993601261438653e-05,0.003590805981904369,-0.0006865545571633626,0.0007889428899479907,-0.040534257461054414,-0.0004035053580196073,0.0006195718497813462,-0.023493554437400897
1.3367836475372314,-0.00493206231083685,-0.0002131719629783543,0.005840680790118829,-0.0030628971563995237,-1.0472646978881328e-05,0.003710078205741545,-0.0007028600561877983,0.0008920789079145176,-0.04129396343322031,-0.0004081826563184638,0.0006684837534778657,-0.023664544878132153
1.3443384170532227,-0.00493206231083685,-0.0002131719629783543,0.005840680790118829,-0.0030322681848355282,-1.0367920509092515e-05,0.0036729774236841295,-0.0007028600561877983,0.0008920789079145176,-0.04129396343322031,-0.00040410082975527914,0.000661798915943087,-0.02342789942935083
1.3671364784240723,-0.00510171785470065,-0.00018047354712238638,0.006114556335029966,-0.003076417000503921,4.157131889953795e-06,0.003756335280435846,-0.0007176708920032475,0.0010029173637824203,-0.0419979338275152,-0.00040655635446311026,0.0007037984184488135,-0.02350240563518623
1.370570421218872,-0.00510171785470065,-0.00018047354712238638,0.006114556335029966,-0.0030456528304988817,4.115560571054257e-06,0.0037187719276314873,-0.0007176708920032475,0.0010029173637824203,-0.0419979338275152,-0.0004024907909184792,0.0006967604342643254,-0.02326738157883437
1.3882920742034912,-0.005288029531091294,-0.00014981402521397792,0.006406996399431401,-0.0031203965124999714,2.1474289989594452e-05,0.0038465489172832884,-0.0007311498285515712,0.0011209530641229717,-0.04265006202946052,-0.0004060717968368714,0.0007563981857781568,-0.023402691608859567
1.3929433822631836,-0.005288029531091294,-0.00014981402521397792,0.006406996399431401,-0.0030891925473749715,2.1259547089698506e-05,0.0038080834281104554,-0.0007311498285515712,0.0011209530641229717,-0.04265006202946052,-0.0004020110788685027,0.0007488342039203752,-0.02316866469277097
1.403698444366455,-0.005471387069049281,-0.00012162354105671179,0.006701844444201792,-0.0032288903830694758,4.743664228317597e-05,0.00404406835180362,-0.0007434789637677333,0.001246671539732762,-0.043252206617674205,-0.00040945453295538616,0.0008582382372134804,-0.023496848907054304
1.4082074165344238,-0.005471387069049281,-0.00012162354105671179,0.006701844444201792,-0.003196601479238781,4.6962275860344206e-05,0.004003627668285583,-0.0007434789637677333,0.001246671539732762,-0.043252206617674205,-0.0004053599876258323,0.0008496558548413455,-0.02326188041798376
1.4251658916473389,-0.005642313610437008,-9.614935440197271e-05,0.00699027716228402,-0.003265487653338213,6.164148216647266e-05,0.00413362568323674,-0.0007548143663003034,0.0013792930735697553,-0.043807936318255386,-0.00040799059871612334,0.000919362986750922,-0.02335696189161838
1.431091547012329,-0.005642313610437008,-9.614935440197271e-05,0.00699027716228402,-0.0032328327768048307,6.102506734480793e-05,0.004092289426404373,-0.0007548143663003034,0.0013792930735697553,-0.043807936318255386,-0.0004039106927289621,0.0009101693568834129,-0.023123392272702194
1.442924976348877,-0.0057949242176672956,-7.348268137449965e-05,0.007265783727795207,-0.0033295487418395467,7.977536473957727e-05,0.004284126459786492,-0.0007652993487340231,0.0015186006418346288,-0.04432135751463309,-0.00040873206245262654,0.0010187914138038968,-0.023326031897343214
1.457470417022705,-0.00592606447219681,-5.359140897748992e-05,0.0075238501749945825,-0.003386468923285879,9.283918237800301e-05,0.0044186627454605824,-0.0007750584009613099,0.0016636674100738893,-0.04479704125747006,-0.0004113540966328993,0.0011083369979436252,-0.02341980446345306
1.467827558517456,-0.00592606447219681,-5.359140897748992e-05,0.0075238501749945825,-0.00335260423405302,9.191079055422298e-05,0.004374476118005977,-0.0007750584009613099,0.0016636674100738893,-0.04479704125747006,-0.0004072405556665703,0.001097253627964189,-0.02318560641881853
1.4884347915649414,-0.00610881218884328,5.496371830648893e-05,0.007703920682411064,-0.0034079598595068983,0.0001435943275852961,0.004417955230702682,-0.000783889511311028,0.0018136797512953496,-0.04524068925689225,-0.00040745359218229176,0.0011590770565167911,-0.023169037869649897
1.4930493831634521,-0.00610881218884328,5.496371830648893e-05,0.007703920682411064,-0.003373880260911829,0.00014215838430944316,0.0043737756783956555,-0.000783889511311028,0.0018136797512953496,-0.04524068925689225,-0.0004033790562604688,0.0011474862859516231,-0.0229373474909534
1.4999363422393799,-0.006278867601055237,0.00013076031354544493,0.007920094981767703,-0.0035874806006326357,0.00025080079041268216,0.004643597878555429,-0.0007922008854270212,0.0019682449785747196,-0.045655224038956665,-0.00041141354434503114,0.0013604431723958424,-0.023309886670808078
1.5052804946899414,-0.006278867601055237,0.00013076031354544493,0.007920094981767703,-0.0035516057946263094,0.00024829278250855535,0.004597161899769875,-0.0007922008854270212,0.0019682449785747196,-0.045655224038956665,-0.0004072994089015808,0.001346838740671884,-0.023076787804099996
1.5212523937225342,-0.006433384787165935,0.00018474585333483906,0.008149432348936737,-0.0036129575375141525,0.0002796773132295116,0.004694678395654145,-0.0008001123208569693,0.0021271236573080516,-0.04604418940319784,-0.00040817976157102114,0.0014328442344918866,-0.023089550994873944
1.5269520282745361,-0.006433384787165935,0.00018474585333483906,0.008149432348936737,-0.003576827962139011,0.0002768805400972165,0.004647731611697604,-0.0008001123208569693,0.0021271236573080516,-0.04604418940319784,-0.00040409796395531094,0.0014185157921469678,-0.022858655484925203
1.555450677871704,-0.006568402032025351,0.00022019653439252505,0.008382602535576022,-0.0035884797238443836,0.0002866210994516866,0.004683036486679916,-0.000807741272019112,0.002289688445969231,-0.046411131482480904,-0.0004027339361257485,0.0014613736137908647,-0.022758826637711164
1.5621376037597656,-0.006568402032025351,0.00022019653439252505,0.008382602535576022,-0.0035525949266059396,0.00028375488845716975,0.004636206121813116,-0.000807741272019112,0.002289688445969231,-0.046411131482480904,-0.000398706596764491,0.001446759877652956,-0.022531238371334052
1.5716140270233154,-0.006682066714262129,0.00024033956883819733,0.008612263093210443,-0.0036370769275023253,0.0003024661810803301,0.004832136224228224,-0.0008151689386674068,0.0024554270913906243,-0.04675953253279033,-0.0004025575794379031,0.0016071880605569386,-0.022673576355929523
1.5799000263214111,-0.006682066714262129,0.00024033956883819733,0.008612263093210443,-0.003600706158227302,0.0002994415192695268,0.004783814861985942,-0.0008151689386674068,0.0024554270913906243,-0.04675953253279033,-0.00039853200364352407,0.0015911161799513692,-0.02244684059237023
1.5844917297363281,-0.006812045308335477,0.00024817390195646044,0.008869900900010826,-0.0038477797657855083,0.0003141646460865577,0.0052970464329750565,-0.0008224602629397609,0.0026235359792870358,-0.0470927539948133,-0.000410426028620242,0.0019413194482569857,-0.022948075551651775
1.5891246795654297,-0.006812045308335477,0.00024817390195646044,0.008869900900010826,-0.0038093019681276533,0.0003110229996256921,0.005244075968645306,-0.0008224602629397609,0.0026235359792870358,-0.0470927539948133,-0.0004063217683340396,0.001921906253774416,-0.022718594796135257
1.6020281314849854,-0.00694279453650037,0.0002465191077562487,0.009138682934174294,-0.0038725070690169027,0.00030689055153993296,0.005399953977777377,-0.0008296809483806819,0.0027943706188344156,-0.04741262874371562,-0.00040785448380559224,0.002035081716835263,-0.022739307434456492
1.6192665100097656,-0.007066684341487162,0.00023788164450540253,0.00940874720733744,-0.00390560905244839,0.0002990266873249552,0.005502644728717001,-0.0008368597818297241,0.002967187819710378,-0.04772133566990533,-0.00040794038717171204,0.0021149823244906176,-0.02269099554558766
1.6253466606140137,-0.007066684341487162,0.00023788164450540253,0.00940874720733744,-0.003866552961923906,0.00029603642045170563,0.005447618281429831,-0.0008368597818297241,0.002967187819710378,-0.04772133566990533,-0.0004038609832999949,0.0020938325012457115,-0.022464085590131782
1.641270399093628,-0.007178664661231316,0.00022444114916557077,0.009672512135163486,-0.003898151713096217,0.0002848902395571842,0.005558822266678912,-0.000844014381695509,0.003141926616357733,-0.048020859928702586,-0.0004043154137633702,0.0021826289579687476,-0.022427543941700313
1.6505439281463623,-0.007178664661231316,0.00022444114916557077,0.009672512135163486,-0.0038591701959652547,0.00028204133716161234,0.005503234044012123,-0.000844014381695509,0.003141926616357733,-0.048020859928702586,-0.0004002722596257365,0.00216080266838906,-0.02220326850228331
1.673426866531372,-0.007275667144651208,0.00020804706854345896,0.009924401575031131,-0.0038629228580304357,0.0002722469152935052,0.005558309115738499,-0.0008511428710784685,0.0033179237831319932,-0.04831302075156246,-0.0003993847354637979,0.0022161066028410495,-0.022108912087652074
1.6819729804992676,-0.007275667144651208,0.00020804706854345896,0.009924401575031131,-0.0038242936294501312,0.0002695244461405701,0.0055027260245811135,-0.0008511428710784685,0.0033179237831319932,-0.04831302075156246,-0.0003953908881091599,0.002193945536812639,-0.021887822966775553
1.6927449703216553,-0.00739322320534531,0.00019017726006599248,0.010197219630119813,-0.0038950745392503784,0.0002506204020282126,0.0057010356933229036,-0.0008582519809197063,0.003494825874617389,-0.04859947641296529,-0.0003980366046997363,0.0023362302353865595,-0.02193487115007885
1.6981685161590576,-0.00739322320534531,0.00019017726006599248,0.010197219630119813,-0.0038561237938578748,0.0002481141980079305,0.005644025336389674,-0.0008582519809197063,0.003494825874617389,-0.04859947641296529,-0.00039405623865273895,0.0023128679330326938,-0.02171552243857806
1.7031586170196533,-0.007515531045617517,0.00017209042108392363,0.010475590606015989,-0.0040624284409716185,0.00021020128505229517,0.006145586730989616,-0.0008653523902101396,0.0036728424364795616,-0.04888095003303872,-0.0004043446657972681,0.0026464786600495995,-0.02206243120395265
1.7073543071746826,-0.007515531045617517,0.00017209042108392363,0.010475590606015989,-0.004021804156561902,0.00020809927220177222,0.00608413086367972,-0.0008653523902101396,0.0036728424364795616,-0.04888095003303872,-0.00040030121913929546,0.0026200138734491034,-0.021841806891913125
1.7275197505950928,-0.007634375370487909,0.00015475342308792896,0.0107508422956414,-0.004040464705056087,0.00019762542688542641,0.006159823134312843,-0.0008724385761593047,0.0038515820785952806,-0.049158318172989414,-0.00039981223131197526,0.002682450338626238,-0.021760935086752302
1.7326579093933105,-0.007634375370487909,0.00015475342308792896,0.0107508422956414,-0.004000060058005526,0.00019564917261657216,0.006098224902969715,-0.0008724385761593047,0.0038515820785952806,-0.049158318172989414,-0.0003958141089988555,0.0026556258352399757,-0.02154332573588478
1.745744228363037,-0.007744042308172059,0.00013887951884990278,0.01101638227020164,-0.0040437824655498965,0.00018188703909604827,0.006240208790785819,-0.0008795039091901644,0.004030997513699751,-0.04943232063609376,-0.0003972549903896763,0.0027661711067521037,-0.021537273331719422
1.7715113162994385,-0.007840793021364683,0.0001249615504706777,0.011267452720398615,-0.004040856930363058,0.00017483737211461915,0.006275268206438524,-0.0008865354434169483,0.004210718135740931,-0.04970358867899652,-0.00039601132247824185,0.0028082575265113057,-0.02142717754842945
1.7786357402801514,-0.007840793021364683,0.0001249615504706777,0.011267452720398615,-0.004000448361059427,0.00017308899839347296,0.006212515524374139,-0.0008865354434169483,0.004210718135740931,-0.04970358867899652,-0.0003920512092534594,0.0027801749512461928,-0.021212905772945156
1.7841625213623047,-0.007959817246505813,0.00011323855004976527,0.011537546653563812,-0.004175655550706755,0.0001508502842221142,0.006639185380037133,-0.0008935312911604881,0.004390477226949166,-0.049972693024675996,-0.00040078878446264617,0.0030776241724817855,-0.02148768644020635
1.808485746383667,-0.008084928839482789,0.00010389705935500295,0.011811855913707649,-0.00418530813691537,0.00014565348634812102,0.006685587997068926,-0.0009004954517109215,0.004570596629831888,-0.050239713995862155,-0.00039964406979687113,0.003120900365302357,-0.021382589825319574
1.8182358741760254,-0.008084928839482789,0.00010389705935500295,0.011811855913707649,-0.004143455055546216,0.0001441969514846398,0.006618732117098237,-0.0009004954517109215,0.004570596629831888,-0.050239713995862155,-0.0003956476290989024,0.0030896913616493336,-0.02116876392706638
1.8259310722351074,-0.00820748264018227,9.698352945999516e-05,0.012082160332934615,-0.004261211205368102,0.0001342505581751531,0.0069038518411752275,-0.0009074221238906254,0.00475080890928169,-0.05050481499827735,-0.00040069244442707963,0.003292982415731881,-0.021301578145161582
1.831775426864624,-0.00820748264018227,9.698352945999516e-05,0.012082160332934615,-0.00421859909331442,0.00013290805259340158,0.006834813322763475,-0.0009074221238906254,0.00475080890928169,-0.05050481499827735,-0.00039668551998280885,0.003260052591574562,-0.021088562363709967
1.8459742069244385,-0.008321343951757572,9.244225847136997e-05,0.01234222534903712,-0.004256576898327213,0.00012864797796526505,0.006949641579124695,-0.0009143090320700994,0.004931191474893195,-0.05076809814364048,-0.00039756901682059376,0.0033544929556871264,-0.02106310333605788
1.851386547088623,-0.008321343951757572,9.244225847136997e-05,0.01234222534903712,-0.00421401112934394,0.0001273614981856124,0.006880145163333447,-0.0009143090320700994,0.004931191474893195,-0.05076809814364048,-0.00039359332665238783,0.0033209480261302553,-0.0208524723026973
1.8797273635864258,-0.008422400635972067,9.014159986758299e-05,0.012587573974579427,-0.004207520236772917,0.0001254162944917068,0.006897919114134474,-0.0009211494025818562,0.005111492709369366,-0.051029626516043765,-0.00039207100433891716,0.003351357473181844,-0.02073622733894387
1.8844192028045654,-0.008422400635972067,9.014159986758299e-05,0.012587573974579427,-0.004165445034405188,0.00012416213154678975,0.006828939922993129,-0.0009211494025818562,0.005111492709369366,-0.051029626516043765,-0.00038815029429552797,0.0033178438984500258,-0.02052886506555443
1.8900973796844482,-0.008530063797286963,0.0002173408205977179,0.01283616960669517,-0.004314792204066344,0.00034757650246308106,0.007197522843629501,-0.0009277542414316349,0.005291586728113561,-0.0512906638110341,-0.00039590076229940765,0.003601834196110996,-0.020783296674609646
1.8950729370117188,-0.008530063797286963,0.0002173408205977179,0.01283616960669517,-0.00427164428202568,0.00034410073743845027,0.007125547615193206,-0.0009277542414316349,0.005291586728113561,-0.0512906638110341,-0.00039194175467641357,0.0035658158541498858,-0.020575463707863548
1.9074342250823975,-0.008651003936759867,0.000303916207979972,0.013094623307270301,-0.004327193594641329,0.0004109583832720362,0.00726308649293934,-0.0009343949242646888,0.005471652091673085,-0.05154983203677643,-0.0003933944980202331,0.0036758264661523273,-0.020579370251934057
1.9122936725616455,-0.008651003936759867,0.000303916207979972,0.013094623307270301,-0.004283921658694916,0.0004068487994393158,0.007190455628009946,-0.0009343949242646888,0.005471652091673085,-0.05154983203677643,-0.00038946055304003076,0.003639068201490804,-0.020373576549414716
1.9296002388000488,-0.008773084951841153,0.00036461789348631,0.013352443644356815,-0.004311830550356291,0.00043803588453846106,0.007267382126445867,-0.0009410297330890597,0.005651700807868144,-0.051807231105991086,-0.00038939964203515005,0.003706712435307744,-0.02031856992271616
1.9346694946289062,-0.008773084951841153,0.00036461789348631,0.013352443644356815,-0.004268712244852728,0.00043365552569307644,0.007194708305181408,-0.0009410297330890597,0.005651700807868144,-0.051807231105991086,-0.00038550564561479856,0.0036696453109546666,-0.020115384223488998
1.9545645713806152,-0.00888893590707923,0.00040342248117640895,0.013602967869442125,-0.004284364091708181,0.0004489864851906366,0.007248608537688273,-0.0009476618116072121,0.005831755150145804,-0.05206261793606581,-0.00038498411664433,0.0037234508169603033,-0.020042597229626678
1.9595119953155518,-0.00888893590707923,0.00040342248117640895,0.013602967869442125,-0.004241520450791099,0.0004444966203387302,0.007176122452311391,-0.0009476618116072121,0.005831755150145804,-0.05206261793606581,-0.0003811342754778867,0.0036862163087907004,-0.01984217125733041
1.976222276687622,-0.008993455430201,0.00042423186513369354,0.01384128426604996,-0.004261710169127714,0.0004527127441052604,0.007246934511774976,-0.0009542878762291914,0.006011745109421757,-0.052315806502090535,-0.00038128819487186737,0.0037570662513629585,-0.019795266183159084
1.987961769104004,-0.009122455313394753,0.0004305956083084793,0.014100615996159057,-0.0043289702111548815,0.0004538393247302773,0.0073953687976418,-0.0009609063134148959,0.006191491473773768,-0.052566705263230824,-0.0003831130670533604,0.003872608140888789,-0.019811035505414448
1.992055892944336,-0.009122455313394753,0.0004305956083084793,0.014100615996159057,-0.004285680509043333,0.00044930093148297455,0.007321415109665382,-0.0009609063134148959,0.006191491473773768,-0.052566705263230824,-0.0003792819363828268,0.003833882059479901,-0.019612925150360304
2.010666847229004,-0.009258391738825355,0.000425896363700756,0.01436599887643433,-0.004315816924372215,0.0004424186900386181,0.0073908227666883725,-0.0009675259251429151,0.006371500907316483,-0.052814972164057575,-0.00037904595329228544,0.0038922655405948053,-0.019550194163679306
2.0161046981811523,-0.009258391738825355,0.000425896363700756,0.01436599887643433,-0.004272658755128493,0.0004379945031382319,0.007316914539021489,-0.0009675259251429151,0.006371500907316483,-0.052814972164057575,-0.00037525549375936256,0.003853342885188857,-0.019354692222042513
2.0332067012786865,-0.00939170448832107,0.0004131252970472088,0.01462904933003625,-0.004307798044764213,0.00042629964864308883,0.007397608733028821,-0.000974145986600547,0.006551614711154996,-0.0530603268412077,-0.0003753738663498936,0.003920126829285218,-0.0193046107615875
2.03763484954834,-0.00939170448832107,0.0004131252970472088,0.01462904933003625,-0.004264720064316571,0.0004220366521566579,0.007323632645698533,-0.000974145986600547,0.006551614711154996,-0.0530603268412077,-0.0003716201276863947,0.0038809255609923658,-0.019111564653971624
2.0595717430114746,-0.009515594428452286,0.0003948739402590772,0.014883371990536864,-0.00427846430918514,0.00040962823802924723,0.007366380390546848,-0.0009807699474441,0.00673205571046221,-0.05330249886907401,-0.00037092347922574177,0.003924370886966862,-0.01903084386724799
2.0652718544006348,-0.009515594428452286,0.0003948739402590772,0.014883371990536864,-0.004235679666093289,0.00040553195564895476,0.007292716586641379,-0.0009807699474441,0.00673205571046221,-0.05330249886907401,-0.00036721424443348434,0.003885127178097193,-0.01884053542857551
2.082926034927368,-0.009625511884569919,0.0003733325954627562,0.015124332555706704,-0.004255467475826961,0.0003894616647399466,0.0073563483951017885,-0.0009873942598265966,0.006912659339239711,-0.053541248264182224,-0.0003672943647308075,0.003948576677798656,-0.018787366821612396
2.087674856185913,-0.009625511884569919,0.0003733325954627562,0.015124332555706704,-0.0042129128010686915,0.0003855670480925471,0.007282784911150771,-0.0009873942598265966,0.006912659339239711,-0.053541248264182224,-0.00036362142108349946,0.00390909091102067,-0.018599493153396273
2.091822385787964,-0.009758300582625513,0.0003501790981415349,0.015385232790287213,-0.004490410504682459,0.00032649670909430797,0.007839333186659893,-0.0009940147198715318,0.00709334335898557,-0.05377649756811598,-0.00037594762469763115,0.004305642509818106,-0.01898070165741448
2.11221981048584,-0.009896550581396412,0.0003269100789827017,0.01565140738655057,-0.004513174550989437,0.0003119400195017999,0.007891501207309401,-0.0010006420761463043,0.007274607083610648,-0.054007834695910535,-0.000375437262676071,0.0043514520701616825,-0.018904309511208087
2.1160194873809814,-0.009896550581396412,0.0003269100789827017,0.01565140738655057,-0.004468042805479543,0.00030882061930678187,0.007812586195236306,-0.0010006420761463043,0.007274607083610648,-0.054007834695910535,-0.00037168289004931026,0.0043079375494600655,-0.018715266416096006
2.141355514526367,-0.010030917712906469,0.0003046646713347529,0.0159147017589282,-0.0044763112168952025,0.00029705208673660137,0.007838433047249878,-0.0010072757935596093,0.007456338003404048,-0.054234969516586504,-0.00037058435539646646,0.004336586436155339,-0.018617762700987948
2.1750073432922363,-0.010030917712906469,0.0003046646713347529,0.0159147017589282,-0.004431548104726251,0.00029408156586923533,0.007760048716777379,-0.0010072757935596093,0.007456338003404048,-0.054234969516586504,-0.0003668785118425018,0.004293220571793785,-0.018431585073978067
2.1828200817108154,-0.010154820408725602,0.0002842781189412165,0.01616890574828406,-0.0045455680014683435,0.0002654185698852218,0.008007973163861292,-0.00101391827044795,0.007638741849506849,-0.05445765392603706,-0.00037171183767731764,0.00448375816415463,-0.01853229656899071
2.1887378692626953,-0.010154820408725602,0.0002842781189412165,0.01616890574828406,-0.00450011232145366,0.0002627643841863696,0.00792789343222268,-0.00101391827044795,0.007638741849506849,-0.05445765392603706,-0.00036799471930054443,0.004438920582513084,-0.0183469736033008
2.193584680557251,-0.010274446193075682,0.0003358040055128102,0.01640378544498738,-0.004702717691598805,0.000366904747271523,0.008332714965864949,-0.0010205319762795317,0.007821632680587068,-0.05467594603968355,-0.0003779602504017131,0.004771873963319409,-0.018613886810568463
2.200016736984253,-0.010274446193075682,0.0003358040055128102,0.01640378544498738,-0.004655690514682817,0.00036323569979880777,0.008249387816206299,-0.0010205319762795317,0.007821632680587068,-0.05467594603968355,-0.00037418064789769594,0.004724155223686214,-0.01842774794246278
2.2170145511627197,-0.010552619148553823,0.00038583725159740137,0.01692297572786911,-0.004772977209497609,0.0003892638388615544,0.008472214762405247,-0.0010338839527949287,0.008189219673981134,-0.05509840443135652,-0.00037829395524406693,0.004893169120258608,-0.018492007355627636
2.222043752670288,-0.010552619148553823,0.00038583725159740137,0.01692297572786911,-0.0047252474374026325,0.00038537120047293883,0.008387492614781195,-0.0010338839527949287,0.008189219673981134,-0.05509840443135652,-0.0003745110156916263,0.004844237429056022,-0.01830708728207136
2.237389087677002,-0.010686967970173418,0.00039506211904535984,0.017183774550275355,-0.0047655641994144545,0.0003876847605045674,0.008473555474181627,-0.0010406071042204693,0.008374288450327689,-0.0553020038969756,-0.00037514714023737314,0.0049163976849886425,-0.018256694819679613
2.242110013961792,-0.010686967970173418,0.00039506211904535984,0.017183774550275355,-0.00471790855742031,0.00038380791289952177,0.008388819919439811,-0.0010406071042204693,0.008374288450327689,-0.0553020038969756,-0.0003713956688349994,0.004867233708138756,-0.018074127871482815
2.26131534576416,-0.010809233174144934,0.0003967186446865302,0.01743635359777598,-0.004734373917597771,0.0003809882692329311,0.008436454191521557,-0.001047358209181295,0.008560346117607594,-0.055500300217690014,-0.000371196936476173,0.004915439503231561,-0.017996637253967166
2.271984338760376,-0.010809233174144934,0.0003967186446865302,0.01743635359777598,-0.004687030178421794,0.0003771783865406018,0.008352089649606341,-0.001047358209181295,0.008560346117607594,-0.055500300217690014,-0.00036748496711141125,0.004866285108199245,-0.017816670881427493
2.2882280349731445,-0.01091082846813436,0.00040101912694293567,0.017672883628972694,-0.004702699932339152,0.0003762958100395622,0.008414179404517799,-0.0010540811863222939,0.008747222318021719,-0.05569318124278237,-0.00036794893969659744,0.004932667624850262,-0.017757246251119182
2.295661449432373,-0.01091082846813436,0.00040101912694293567,0.017672883628972694,-0.004655672933015761,0.0003725328519391666,0.00833003761047262,-0.0010540811863222939,0.008747222318021719,-0.05569318124278237,-0.0003642694502996315,0.004883340948601759,-0.01757967378860799
2.317901134490967,-0.011036037589114957,0.00039849722131017065,0.017930930261479502,-0.004665383583746252,0.0003678093136679489,0.008362784013790254,-0.001060823707592474,0.008934732247298708,-0.05588088553477827,-0.0003636585079335993,0.004918820751637846,-0.01748827765779047
2.3330984115600586,-0.011166856817769672,0.0003916477022692219,0.018195440278672016,-0.004704736496252617,0.00035981341388297206,0.008453248413288554,-0.001067583771929686,0.009123441406595479,-0.056063116423793996,-0.00036447013045518977,0.0049938055511929555,-0.017433305104726456
2.340766668319702,-0.011166856817769672,0.0003916477022692219,0.018195440278672016,-0.004657689131290091,0.00035621527974414235,0.00836871592915567,-0.001067583771929686,0.009123441406595479,-0.056063116423793996,-0.0003608254291506379,0.004943867495681026,-0.01725897205367919
2.388882637023926,-0.011410883921385314,0.0003707886521252237,0.018712791483257947,-0.004661769045455873,0.0003484573962794344,0.008392584101488874,-0.0010811457861655178,0.009503996002408883,-0.05641100755676584,-0.00036003578468889506,0.004973519942873856,-0.017158684968284255
2.3941571712493896,-0.011410883921385314,0.0003707886521252237,0.018712791483257947,-0.004615151355001314,0.00034497282231664005,0.008308658260473986,-0.0010811457861655178,0.009503996002408883,-0.05641100755676584,-0.00035643542684200613,0.004923784743445118,-0.016987098118601412
2.400319814682007,-0.01155290108500375,0.0003589117165858261,0.018990890074660878,-0.0047991869320318575,0.0003226713510482897,0.00867698782115351,-0.0010879441176916925,0.00969566540281103,-0.05657694594315805,-0.0003639025911102468,0.005185565053231468,-0.017086492085495862
2.406893730163574,-0.01155290108500375,0.0003589117165858261,0.018990890074660878,-0.004751195062711539,0.0003194446375378068,0.008590217942941975,-0.0010879441176916925,0.00969566540281103,-0.05657694594315805,-0.0003602635651991443,0.005133709402699154,-0.016915627164640904
2.438218355178833,-0.011846355384757257,0.0003364299443358492,0.019561464896524588,-0.004797264981793229,0.00030923665646751805,0.00868652235579213,-0.0011015922490605844,0.01008342795007363,-0.05689241701611167,-0.00036101792707297914,0.0052061607170166245,-0.016847181140220102
2.441917896270752,-0.011846355384757257,0.0003364299443358492,0.019561464896524588,-0.004749292331975297,0.00030614428990284284,0.00859965713223421,-0.0011015922490605844,0.01008342795007363,-0.05689241701611167,-0.00035740774780224934,0.005154099109846458,-0.0166787093288179
2.4545090198516846,-0.01198050039805907,0.00032694005497576137,0.019837899448897224,-0.004808229805957316,0.00029580522674762985,0.008733269252144083,-0.0011084431346469368,0.010279496156073691,-0.05704204600423996,-0.0003592747142011427,0.0052582775068866165,-0.016630759118645443
2.4601945877075195,-0.01198050039805907,0.00032694005497576137,0.019837899448897224,-0.004760147507897743,0.0002928471744801535,0.008645936559622643,-0.0011084431346469368,0.010279496156073691,-0.05704204600423996,-0.0003556819670591313,0.00520569473181775,-0.016464451527458988
2.4772980213165283,-0.012099187223594267,0.00031907674119911885,0.020100978305987498,-0.004781870402909384,0.000285554900602905,0.008713331532360155,-0.0011153131145046479,0.01047678349515736,-0.05718647806974805,-0.0003561418729272602,0.005268987335702993,-0.016384253251933597
2.4806272983551025,-0.012099187223594267,0.00031907674119911885,0.020100978305987498,-0.004734051698880291,0.00028269935159687593,0.008626198217036554,-0.0011153131145046479,0.01047678349515736,-0.05718647806974805,-0.00035258045419798756,0.0052162974623459635,-0.016220410719414262
2.515148401260376,-0.01238298196709503,0.00030836056222361823,0.020670774547610314,-0.004768863880306289,0.0002769409197358057,0.008705024788132629,-0.0011291212223812318,0.010875156651252656,-0.05746086066200337,-0.0003530545531105623,0.0052795343801269965,-0.016137689180609732
2.5208611488342285,-0.01238298196709503,0.00030836056222361823,0.020670774547610314,-0.004721175241503226,0.0002741715105384476,0.008617974540251302,-0.0011291212223812318,0.010875156651252656,-0.05746086066200337,-0.0003495240075794567,0.0052267390363257265,-0.015976312288803633
2.5341899394989014,-0.012521429531419001,0.0003056811863057967,0.020954337633757727,-0.0047777826638545256,0.00026966371632054336,0.008744567034536353,-0.0011360538484109317,0.011076504062089711,-0.05759088373668085,-0.0003512300090897232,0.005325533670944761,-0.01591409970740778
2.542555332183838,-0.012521429531419001,0.0003056811863057967,0.020954337633757727,-0.00473000483721598,0.0002669670791573379,0.00865712136419099,-0.0011360538484109317,0.011076504062089711,-0.05759088373668085,-0.00034771770899882595,0.005272278334235313,-0.0157549587103337
2.5561487674713135,-0.01264805652213126,0.00030474589962218625,0.02122786900401248,-0.004775821866692634,0.00026389351634545225,0.008771790638233426,-0.0011430080591708738,0.011279332104227342,-0.05771637158207583,-0.00034935639159615995,0.005368765840895596,-0.01568972415820213
2.561075210571289,-0.01264805652213126,0.00030474589962218625,0.02122786900401248,-0.004728063648025707,0.0002612545811819977,0.008684072731851091,-0.0011430080591708738,0.011279332104227342,-0.05771637158207583,-0.00034586282768019836,0.00531507818248664,-0.01553282691662011
2.5792667865753174,-0.012771613817720198,0.0003678550463342589,0.021488276328135013,-0.004749050791523765,0.000293514454588719,0.008740169436755053,-0.0011500330823237394,0.011483305258606046,-0.05783818487278844,-0.0003462658896446982,0.00537405246026823,-0.015444460020501321
2.585703134536743,-0.012771613817720198,0.0003678550463342589,0.021488276328135013,-0.004701560283608528,0.00029057931004283186,0.008652767742387503,-0.0011500330823237394,0.011483305258606046,-0.05783818487278844,-0.0003428032307482512,0.005320311935665547,-0.015290015420296309
2.617809295654297,-0.013051436493390096,0.0004429850276872408,0.0220492461408241,-0.004741920714924288,0.0003112511692294584,0.008740829344617285,-0.001164216227863367,0.011894816579075266,-0.058070596934315204,-0.000343792775954224,0.0053952808886293755,-0.015209503883553965
2.623462677001953,-0.013051436493390096,0.0004429850276872408,0.0220492461408241,-0.004694501507775045,0.0003081386575371638,0.008653421051171112,-0.001164216227863367,0.011894816579075266,-0.058070596934315204,-0.00034035484819468177,0.005341328079743081,-0.015057408844718425
2.635176658630371,-0.013184489021695398,0.00046416228537059874,0.022327538246099433,-0.004761289767834548,0.0003234324867232141,0.008804365345008522,-0.0011713392948963458,0.012102515382924369,-0.05818142011727548,-0.00034303212454150044,0.005465223258560465,-0.01500144236833324
2.662997007369995,-0.013304418125612519,0.00047692702203971254,0.022595598362122025,-0.004756815296108238,0.0003249400577168178,0.008812654749321856,-0.001178469876488317,0.012311486295762888,-0.058288881180241905,-0.0003421648846070739,0.005485685437657588,-0.014890054729659749
2.670480489730835,-0.013304418125612519,0.00047692702203971254,0.022595598362122025,-0.004709247143147155,0.00032169065713964957,0.008724528201828638,-0.001178469876488317,0.012311486295762888,-0.058288881180241905,-0.00033874323576100313,0.0054308285832810116,-0.014741154182363152
2.6870334148406982,-0.013447013671419558,0.00048282052576630675,0.022885698981569377,-0.004748299789570506,0.00032222672824347914,0.008812535326927043,-0.001185595494172598,0.012521334222947588,-0.05839332083480116,-0.0003396605517406131,0.005503294221568512,-0.014656837020454899
2.6919355392456055,-0.013447013671419558,0.00048282052576630675,0.022885698981569377,-0.004700816791674801,0.00031900446096104436,0.008724409973657771,-0.001185595494172598,0.012521334222947588,-0.05839332083480116,-0.00033626394622320694,0.005448261279352828,-0.01451026865025035
2.7181451320648193,-0.013736516078444288,0.0004804671884968804,0.023476120437092476,-0.004764202561955362,0.0003151678176412424,0.008862466649255323,-0.001199747491795038,0.012945368467447716,-0.05859314986370197,-0.0003383008555903124,0.005555564562061375,-0.014441408670103177
2.7223360538482666,-0.013736516078444288,0.0004804671884968804,0.023476120437092476,-0.004716560536335808,0.00031201613946482996,0.00877384198276277,-0.001199747491795038,0.012945368467447716,-0.05859314986370197,-0.00033491784703440925,0.005500008916440761,-0.014296994583402145
2.7376036643981934,-0.013866918423737672,0.0004749181408393372,0.02376058014406044,-0.004754720791841833,0.00030553943990188967,0.008872463552580262,-0.001206748424272464,0.013159412678773692,-0.05868877477336712,-0.00033615414869177224,0.005585203791397312,-0.01421665716893408
2.742374897003174,-0.013866918423737672,0.0004749181408393372,0.02376058014406044,-0.004707173583923415,0.0003024840455028708,0.00878373891705446,-0.001206748424272464,0.013159412678773692,-0.05868877477336712,-0.00033279260720485453,0.005529351753483338,-0.01407449059724474
2.777863025665283,-0.014077886343522873,0.0005411079281621716,0.02428027500427121,-0.0047197386011197445,0.0003184174962766206,0.008842226815164014,-0.001220452426819463,0.013590612632510808,-0.05887212065575704,-0.0003333262548656669,0.005595563643529353,-0.01398540969534971
2.783663749694824,-0.014077886343522873,0.0005411079281621716,0.02428027500427121,-0.004672541215108547,0.00031523332131385437,0.008753804547012373,-0.001220452426819463,0.013590612632510808,-0.05887212065575704,-0.0003299929923170102,0.005539608007094059,-0.013845555598396213
2.813936471939087,-0.014312446511717052,0.0006165654380158754,0.024818523815760357,-0.0047035552097403595,0.00033731493933175573,0.008843910538412856,-0.0012338355396328555,0.014025024038038483,-0.05904629880578583,-0.00033111391120466317,0.005627711213946351,-0.013764636377804685
2.8209011554718018,-0.014312446511717052,0.0006165654380158754,0.024818523815760357,-0.004656519657642956,0.00033394178993843815,0.008755471433028727,-0.0012338355396328555,0.014025024038038483,-0.05904629880578583,-0.00032780277209261654,0.005571434101806887,-0.013626990014026638
2.8392059803009033,-0.014425659351865171,0.0006320101494134521,0.02508506456046156,-0.004671865195804936,0.00033931370432606757,0.008813486394487756,-0.001240403852433914,0.0142434738919751,-0.059130184546153625,-0.00032811304027857935,0.005635059801448108,-0.013536547233867564
2.843895673751831,-0.014425659351865171,0.0006320101494134521,0.02508506456046156,-0.004625146543846887,0.0003359205672828069,0.008725351530542878,-0.001240403852433914,0.0142434738919751,-0.059130184546153625,-0.00032483190987579356,0.005578709203433627,-0.013401181761528888
2.85191011428833,-0.014527522063508913,0.0006365320198858022,0.025341508028333112,-0.004705969699454969,0.00033891751234343444,0.008958070787928889,-0.0012468939205856698,0.01446277129717359,-0.059212075421093045,-0.00032968155859175577,0.005796549951296257,-0.013369349097363521
2.8751888275146484,-0.01461427139338349,0.0006327579187551613,0.025583672440814265,-0.004696124273351956,0.00033419107419545334,0.008972540591168383,-0.0012533103445460613,0.01468253300119349,-0.059292098953734086,-0.0003291410912189075,0.005832989027278234,-0.013270031876187551
2.8821678161621094,-0.01461427139338349,0.0006327579187551613,0.025583672440814265,-0.004649163030618436,0.0003308491634534988,0.0088828151852567,-0.0012533103445460613,0.01468253300119349,-0.059292098953734086,-0.0003258496803067184,0.005774659137005451,-0.013137331557425675
2.8920769691467285,-0.014723498619983729,0.0006227694678736577,0.025845830629142783,-0.004712691854217664,0.00031798612338603807,0.009058654605128133,-0.001259662499198795,0.014902572113123926,-0.05937050567106439,-0.0003290015746466617,0.005938968973941607,-0.013085083791181422
2.9103121757507324,-0.014838051036622387,0.0006086759445385315,0.02611334529782192,-0.004728241063004794,0.0003073473120402253,0.00911484545689407,-0.0012659181969739933,0.015123284058009882,-0.059447250315840625,-0.00032914211930515624,0.0060006154477505085,-0.0129963189281877
2.9154224395751953,-0.014838051036622387,0.0006086759445385315,0.02611334529782192,-0.004680958652374746,0.000304273838919823,0.009023697002325129,-0.0012659181969739933,0.015123284058009882,-0.059447250315840625,-0.00032585069811210467,0.0059406092932730034,-0.012866355738905823
2.9310433864593506,-0.014948829870114522,0.000592218683707756,0.02637811121426924,-0.004704879669358513,0.0002910293887151638,0.00910305223916182,-0.0012720629222469104,0.015344428814567846,-0.05952237266346103,-0.00032652583569074445,0.006022772567548273,-0.012785782958713254
2.9384775161743164,-0.014948829870114522,0.000592218683707756,0.02637811121426924,-0.004657830872664928,0.0002881190948280121,0.0090120217167702,-0.0012720629222469104,0.015344428814567846,-0.05952237266346103,-0.000323260577333837,0.00596254484187279,-0.012657925129126122
2.959522247314453,-0.015049455404116794,0.0005748163532010509,0.026633938234245695,-0.0046589250294201525,0.00027724831362769235,0.00904353949546528,-0.0012781032106603323,0.015566101315761506,-0.05959592394104343,-0.0003228981856645419,0.006008253360287635,-0.012566295850392182
2.965623140335083,-0.015049455404116794,0.0005748163532010509,0.026633938234245695,-0.004612335779125951,0.00027447583049141543,0.008953104100510628,-0.0012781032106603323,0.015566101315761506,-0.05959592394104343,-0.00031966920380789647,0.005948170826684758,-0.01244063289188826
2.9835093021392822,-0.01512813443647131,0.0007615980092552523,0.02690245670253498,-0.004611553630895747,0.0003766870064064947,0.009012923913200317,-0.0012840640804512612,0.015788074473189948,-0.059666724446113546,-0.00031980518305848346,0.0060127924111524796,-0.012355810519463325
2.988924741744995,-0.01512813443647131,0.0007615980092552523,0.02690245670253498,-0.00456543809458679,0.00037292013634242975,0.008922794674068313,-0.0012840640804512612,0.015788074473189948,-0.059666724446113546,-0.0003166071312278986,0.005952664487040954,-0.012232252414268691
3.003570556640625,-0.015233086394905726,0.0008813123819501592,0.027181936703411142,-0.0045924749809207795,0.00045139780080455475,0.009023799478877036,-0.0012900795406597448,0.016010289784049937,-0.0597360473265874,-0.00031754834943918073,0.006044863992230173,-0.012157262784176538
3.019371509552002,-0.015345310530792071,0.0009586296360998374,0.027461777129645513,-0.004618164423906922,0.0004961923622048572,0.009110321853651224,-0.0012960765299740817,0.01623304658614175,-0.05980362908513949,-0.0003181681999021599,0.00612539216765641,-0.012078460841704912
3.0299012660980225,-0.015345310530792071,0.0009586296360998374,0.027461777129645513,-0.0045719827796678525,0.0004912304385828086,0.009019218635114712,-0.0012960765299740817,0.01623304658614175,-0.05980362908513949,-0.0003149865179031383,0.006064138245979846,-0.011957676233287862
3.044283866882324,-0.015455054986455174,0.001000740460256346,0.027734724519165012,-0.004602881431808112,0.0005160016484327546,0.009118612496263641,-0.0013020289182683388,0.016456204944828034,-0.05986957902374026,-0.0003159752562934655,0.006158655420746954,-0.011883953443814156
3.0524563789367676,-0.015455054986455174,0.001000740460256346,0.027734724519165012,-0.0045568526174900315,0.0005108416319484271,0.009027426371301005,-0.0013020289182683388,0.016456204944828034,-0.05986957902374026,-0.00031281550373053084,0.006097068866539484,-0.011765113909376014
3.05838942527771,-0.015555442435713569,0.0010145264307874866,0.02799541868851717,-0.004680596733729574,0.0005300166513372854,0.009376445283893198,-0.0013079269506685131,0.016679810322490152,-0.05993397021827629,-0.0003196283335789724,0.006412979403491824,-0.011755992504984785
3.076706647872925,-0.015631943980398213,0.0010351324762739509,0.02824347246083778,-0.0046756487645503945,0.0005364334701113487,0.009418033182376924,-0.0013136691548018093,0.01690368040449656,-0.05999716087212334,-0.00031956691640722454,0.006471067964801285,-0.011672930524980142
3.0813519954681396,-0.015631943980398213,0.0010351324762739509,0.02824347246083778,-0.00462889227690489,0.0005310691354102352,0.009323852850553154,-0.0013136691548018093,0.01690368040449656,-0.05999716087212334,-0.0003163712472431523,0.006406357285153272,-0.01155620121973034
3.1032280921936035,-0.01573561422787169,0.0010295211985855471,0.028508742196178275,-0.004629896736404052,0.0005234731020038843,0.009351917488705142,-0.0013193673270420867,0.017127574437588042,-0.06005910785055531,-0.00031581228291742495,0.006444640139043795,-0.011468956406533103
3.107816696166992,-0.01573561422787169,0.0010295211985855471,0.028508742196178275,-0.004583597769040011,0.0005182383709838454,0.00925839831381809,-0.0013193673270420867,0.017127574437588042,-0.06005910785055531,-0.0003126541600882507,0.006380193737653357,-0.011354266842467773
3.1161675453186035,-0.015846991053096185,0.0010061537515057457,0.028777449854574286,-0.004670575116062873,0.0004857112345032706,0.009487872463485718,-0.0013249540546708752,0.017351986911225102,-0.060119789058000986,-0.00031621762991897276,0.0065851219252770566,-0.011313388889144516
3.1198034286499023,-0.015846991053096185,0.0010061537515057457,0.028777449854574286,-0.004623869364902244,0.00048085412215823786,0.009392993738850861,-0.0013249540546708752,0.017351986911225102,-0.060119789058000986,-0.00031305545361978303,0.006519270706024286,-0.011200255000253071
3.1461069583892822,-0.015956121797975727,0.0009702668502559681,0.029041890799568666,-0.004618874698819879,0.0004626048567672785,0.00939972602091043,-0.0013304037169288752,0.017576671779279292,-0.0601791996217954,-0.00031199673594806544,0.006539498043452523,-0.01111083898688006
3.1512868404388428,-0.015956121797975727,0.0009702668502559681,0.029041890799568666,-0.00457268595183168,0.0004579788081996057,0.009305728760701326,-0.0013304037169288752,0.017576671779279292,-0.0601791996217954,-0.0003088767685885848,0.006474103063017998,-0.010999730597011259
3.154926061630249,-0.01605598025495701,0.0009263456863673779,0.029296240512483453,-0.004799277966744595,0.0003343281848265314,0.009912670683219061,-0.0013357180042487394,0.017801792832940727,-0.06023736606683286,-0.0003203908157368551,0.007027958819505461,-0.011049565414394386
3.159959316253662,-0.01605598025495701,0.0009263456863673779,0.029296240512483453,-0.004751285187077149,0.0003309849029782661,0.00981354397638687,-0.0013357180042487394,0.017801792832940727,-0.06023736606683286,-0.00031718690757948656,0.006957679231310406,-0.010939069760250442
3.1787712574005127,-0.016137700841588064,0.0007097594451340135,0.02957236546706643,-0.004745463907776627,0.00021310699996043473,0.009863131208008706,-0.0013413570090128276,0.01802706941990594,-0.0602950667161604,-0.0003170126051663071,0.007007854348280161,-0.010860351415318572
3.183974504470825,-0.016137700841588064,0.0007097594451340135,0.02957236546706643,-0.004698009268698861,0.0002109759299608304,0.009764499895928619,-0.0013413570090128276,0.01802706941990594,-0.0602950667161604,-0.000313842479114644,0.006937775804797359,-0.010751747901165386
3.1931967735290527,-0.01624395862972435,0.0005475802990160882,0.029855234318815656,-0.004763546381333779,3.3816056756778276e-05,0.009975033575576966,-0.001346851435794038,0.01825294467249909,-0.06035162541137157,-0.0003166618362386853,0.007113321775570374,-0.010705558816341826
3.215928554534912,-0.016356430276477887,0.00042257538159705724,0.030135938603022727,-0.004764536581679114,-2.1237977944544416e-05,0.009999227194946076,-0.001352222844384811,0.018479355484063396,-0.0604071160511606,-0.00031585816893120623,0.007141789557624559,-0.010622914267407902
3.221423625946045,-0.016356430276477887,0.00042257538159705724,0.030135938603022727,-0.004716891215862323,-2.102559816509897e-05,0.009899234922996615,-0.001352222844384811,0.018479355484063396,-0.0604071160511606,-0.00031269958724189416,0.0070703716620483135,-0.010516685124733824
3.23168683052063,-0.016465470027714764,0.0003310555516322773,0.030407738296678106,-0.004774571817380974,-0.00010940496733766273,0.01006582022154842,-0.0013574546469105335,0.01870642593527383,-0.060461465138979154,-0.00031467022192697015,0.007220915071079728,-0.01046447355409459
3.235100269317627,-0.016465470027714764,0.0003310555516322773,0.030407738296678106,-0.004726826099207164,-0.0001083109176642861,0.009965162019332936,-0.0013574546469105335,0.01870642593527383,-0.060461465138979154,-0.00031152351970770045,0.00714870592036893,-0.010359828818553643
3.2525508403778076,-0.016564317329276403,0.0002688909717077001,0.03066573729627625,-0.004735639568727059,-0.00014248768868107355,0.01001365659678136,-0.0013625491540560305,0.01893399916998185,-0.06051465481048956,-0.00031132767730752845,0.007207629054575649,-0.010286710720000283
3.26362681388855,-0.016564317329276403,0.0002688909717077001,0.03066573729627625,-0.004688283173039789,-0.00014106281179426282,0.009913520030813546,-0.0013625491540560305,0.01893399916998185,-0.06051465481048956,-0.00030821440053445317,0.007135552764029892,-0.010183843612800279
3.270247459411621,-0.016644350273634947,0.00028099083201133104,0.030907832697759572,-0.00476252734701849,-0.00012020445161192844,0.01017991061712981,-0.0013674310802123083,0.019162015079050843,-0.060566826040275926,-0.0003125060483131053,0.0074085985614181175,-0.010160805996931513
3.274860143661499,-0.016644350273634947,0.00028099083201133104,0.030907832697759572,-0.0047149020735483054,-0.00011900240709580915,0.01007811151095851,-0.0013674310802123083,0.019162015079050843,-0.060566826040275926,-0.00030938098782997423,0.007334512575803936,-0.010059197936962198
3.292541265487671,-0.016748387491731388,0.0002973402489531605,0.03116675271845453,-0.0047267194196633526,-0.00010825787487591678,0.010123698690014726,-0.001372228423520132,0.019390165914269415,-0.06061796081503679,-0.0003090004352636187,0.007390203852521706,-0.00998752650644891
3.2979769706726074,-0.016748387491731388,0.0002973402489531605,0.03116675271845453,-0.004679452225466719,-0.00010717529612715762,0.010022461703114579,-0.001372228423520132,0.019390165914269415,-0.06061796081503679,-0.0003059104309109825,0.007316301813996489,-0.009887651241384422
3.3104655742645264,-0.016858150240984953,0.0003198618291730755,0.031428843215989065,-0.004720801892441005,-8.768544553644686e-05,0.01013196073662585,-0.0013768890944964292,0.019618981191650075,-0.06066794832848187,-0.00030658326583910895,0.007426358061082238,-0.009828801232396015
3.3137354850769043,-0.016858150240984953,0.0003198618291730755,0.031428843215989065,-0.004673593873516595,-8.68085910810824e-05,0.01003064112925959,-0.0013768890944964292,0.019618981191650075,-0.06066794832848187,-0.00030351743318071786,0.007352094480471416,-0.009730513220072056
3.334829568862915,-0.016964095626609953,0.00034656575631913044,0.031686648231636534,-0.004677265016019062,-7.304262016046337e-05,0.010052451455801317,-0.0013814020519333334,0.01984816730487208,-0.06071672743872213,-0.00030262170111276343,0.007387223010821436,-0.009656332633471468
3.3460731506347656,-0.016964095626609953,0.00034656575631913044,0.031686648231636534,-0.004630492365858871,-7.231219395885873e-05,0.009951926941243304,-0.0013814020519333334,0.01984816730487208,-0.06071672743872213,-0.0002995954841016358,0.007313350780713221,-0.009559769307136753
3.349639654159546,-0.017059538971014893,0.000375779539042496,0.03193452227544366,-0.004852992663948338,1.196137127642386e-05,0.01054675583759931,-0.0013857869168227845,0.020077896396197042,-0.06076427000096198,-0.00030889410533207107,0.007884346991911808,-0.009597474614916278
3.356877326965332,-0.017059538971014893,0.000375779539042496,0.03193452227544366,-0.004804462737308854,1.1841757563659621e-05,0.010441288279223318,-0.0013857869168227845,0.020077896396197042,-0.06076427000096198,-0.00030580516427875036,0.0078055035219926905,-0.009501499868767114
3.375058174133301,-0.01714010869223779,0.00040611944198422605,0.03216842647594807,-0.004800980264572067,2.8797572691905233e-05,0.010465393385320263,-0.0013900599592825147,0.0203078693000158,-0.0608105756309038,-0.00030509741150831597,0.007853940339266815,-0.009431954326763177
3.3818652629852295,-0.01714010869223779,0.00040611944198422605,0.03216842647594807,-0.004752970461926347,2.850959696498618e-05,0.01036073945146706,-0.0013900599592825147,0.0203078693000158,-0.0608105756309038,-0.0003020464373932328,0.007775400935874146,-0.009337634783495545
3.3951029777526855,-0.017242661256191123,0.00043615421773168317,0.03242214437398843,-0.004783241017313041,5.130523318116376e-05,0.010448614050926022,-0.0013942465185171693,0.02053793036270015,-0.06085578582835245,-0.0003021885726886535,0.007871439055085767,-0.009278411005226295
3.4004836082458496,-0.017242661256191123,0.00043615421773168317,0.03242214437398843,-0.004735408607139911,5.079218084935212e-05,0.010344127910416763,-0.0013942465185171693,0.02053793036270015,-0.06085578582835245,-0.00029916668696176695,0.007792724664534909,-0.009185626895174033
3.412088394165039,-0.017349783148723912,0.00046517951752359725,0.03268131755443573,-0.004780724298553691,7.571971357148877e-05,0.010463821744795224,-0.0013983219793733466,0.020768518815716466,-0.06089975342775399,-0.0002996868994879063,0.007913498587064097,-0.009131658097570503
3.418349027633667,-0.017349783148723912,0.00046517951752359725,0.03268131755443573,-0.004732917055568155,7.496251643577388e-05,0.010359183527347271,-0.0013983219793733466,0.020768518815716466,-0.06089975342775399,-0.00029669003049302727,0.007834363601193455,-0.009040341516594799
3.430466651916504,-0.017452213283974956,0.0004926504866824099,0.03293800505260638,-0.004770443926315383,9.733488710574689e-05,0.010467242002690736,-0.0014022826055508518,0.020999427363956165,-0.06094243696396007,-0.00029699161424492226,0.007946575921406991,-0.008985162445087146
3.436911106109619,-0.017452213283974956,0.0004926504866824099,0.03293800505260638,-0.004722739487052229,9.636153823468942e-05,0.010362569582663829,-0.0014022826055508518,0.020999427363956165,-0.06094243696396007,-0.000294021698102473,0.007867110162192922,-0.008895310820636274
3.4547934532165527,-0.017543500835301064,0.0005181967601258694,0.03318613661369346,-0.004726766234743125,0.00011005084951737785,0.010397587517161092,-0.0014061540697691613,0.02123078606956125,-0.06098382423601513,-0.0002932464453709167,0.007917817326310719,-0.008829501918169556
3.4604785442352295,-0.017543500835301064,0.0005181967601258694,0.03318613661369346,-0.004679498572395694,0.00010895034102220407,0.01029361164198948,-0.0014061540697691613,0.02123078606956125,-0.06098382423601513,-0.0002903139809172075,0.00783863915304761,-0.008741206898987861
3.4760870933532715,-0.01761945972564523,0.000541597719019805,0.03342131065043281,-0.004681583948598689,0.00012336428982275368,0.010341223680608132,-0.0014099583419391935,0.021462348976191307,-0.061023936698117294,-0.00028984814142420307,0.007908609219813692,-0.008679493863136045
3.482008457183838,-0.01761945972564523,0.000541597719019805,0.03342131065043281,-0.0046347681091127016,0.00012213064692452615,0.010237811443802052,-0.0014099583419391935,0.021462348976191307,-0.061023936698117294,-0.000286949660009961,0.007829523127615555,-0.008592698924504684
3.494335412979126,-0.017717059424193455,0.0005624206799964442,0.033677050185306506,-0.004667827998584839,0.0001383028371214623,0.010342766697991097,-0.001413723850815341,0.02169394344284275,-0.06106293866675324,-0.00028713485829047963,0.007939104344099493,-0.008538411513825218
3.499239206314087,-0.017717059424193455,0.0005624206799964442,0.033677050185306506,-0.004621149718598991,0.00013691980875024767,0.010239339031011187,-0.001413723850815341,0.02169394344284275,-0.06106293866675324,-0.00028426350970757485,0.007859713300658497,-0.008453027398686965
3.5125155448913574,-0.017818992623523443,0.000580830526315179,0.03393873138756871,-0.004651899488340991,0.00014986782546722895,0.010333945196846942,-0.0014174339013521121,0.021926037288368637,-0.061100696116352535,-0.0002842153578297829,0.00795593382854167,-0.008396936780241827
3.517171621322632,-0.017818992623523443,0.000580830526315179,0.03393873138756871,-0.004605380493457581,0.00014836914721255665,0.010230605744878473,-0.0014174339013521121,0.021926037288368637,-0.061100696116352535,-0.00028137320425148505,0.007876374490256252,-0.008312967412439408
3.5515658855438232,-0.01791608146187366,0.0005969997423173545,0.034198200018925214,-0.004587614953622382,0.00015177882480403717,0.010203704372345935,-0.001421088369179102,0.022158418409425697,-0.061137188441200946,-0.00027962199467012467,0.007865174662279664,-0.008240447741370676
3.5573954582214355,-0.01791608146187366,0.0005969997423173545,0.034198200018925214,-0.004541738804086158,0.00015026103655599679,0.010101667328622475,-0.001421088369179102,0.022158418409425697,-0.061137188441200946,-0.0002768257747234234,0.007786522915656868,-0.00815804326395697
3.5717668533325195,-0.01807243794678253,0.0006234577886924863,0.03468724443313674,-0.004605345288179142,0.00016835325082296395,0.010340801292724725,-0.0014283364211708778,0.0226242425787796,-0.06120644994575252,-0.00027910090485589866,0.00803279056695714,-0.008124656833372327
3.5770411491394043,-0.01807243794678253,0.0006234577886924863,0.03468724443313674,-0.00455929183529735,0.0001666697183147343,0.010237393279797478,-0.0014283364211708778,0.0226242425787796,-0.06120644994575252,-0.0002763098958073397,0.007952462661287569,-0.008043410265038603
3.5923988819122314,-0.018164528615914825,0.0006338540135929641,0.03494574389808125,-0.0045737331484298266,0.00017225230133007064,0.010303292751632564,-0.0014319777790553897,0.022857279667299186,-0.0612394455099435,-0.0002759178225327934,0.008024677286793928,-0.007984460820754822
3.5980286598205566,-0.018164528615914825,0.0006338540135929641,0.03494574389808125,-0.0045279958169455285,0.00017052977831676994,0.010200259824116239,-0.0014319777790553897,0.022857279667299186,-0.0612394455099435,-0.0002731586443074654,0.00794443051392599,-0.007904616212547275
3.6096010208129883,-0.018260940738375156,0.0006427236898039591,0.0352100026692257,-0.004566097043433266,0.00017710621153764223,0.010326563661026049,-0.0014356280311488118,0.023090816235602562,-0.06127129438800456,-0.00027358134253958313,0.008066791673078855,-0.007853091554531372
3.614488363265991,-0.018260940738375156,0.0006427236898039591,0.0352100026692257,-0.004520436072998933,0.0001753351494222658,0.010223298024415788,-0.0014356280311488118,0.023090816235602562,-0.06127129438800456,-0.0002708455291141873,0.007986123756348067,-0.007774560638986058
3.6356797218322754,-0.018352521403623985,0.0006503859160817848,0.03547180946778534,-0.004518476033673741,0.0001775642796484245,0.010244587817286691,-0.0014392889533192624,0.02332465005245434,-0.06130199405450983,-0.000269864628080126,0.00801660646682377,-0.00771130191242943
3.649667501449585,-0.018352521403623985,0.0006503859160817848,0.03547180946778534,-0.004473291273337004,0.00017578863685194023,0.010142141939113824,-0.0014392889533192624,0.02332465005245434,-0.06130199405450983,-0.00026716598179932476,0.007936440402155532,-0.007634188893305136
3.654665470123291,-0.018432905577607427,0.0006571205660642618,0.03572488839680327,-0.004589487662778162,0.00018929795868427053,0.010547001777453513,-0.0014429848762791842,0.023558929715952078,-0.06133156662402159,-0.00027188917217190145,0.00832582576187353,-0.007617016181776767
3.660784959793091,-0.018432905577607427,0.0006571205660642618,0.03572488839680327,-0.00454359278615038,0.00018740497909742782,0.010441531759678978,-0.0014429848762791842,0.023558929715952078,-0.06133156662402159,-0.00026917028045018245,0.008242567504254795,-0.007540846019958999
3.6956145763397217,-0.01858463855079346,0.0006683678507796336,0.03622466862667828,-0.004541738276612566,0.00018930419314432158,0.010480590528904682,-0.0014505551726439307,0.0240279473122721,-0.06138768987623177,-0.0002686521003873425,0.008294802397666135,-0.007481551217552639
3.7001402378082275,-0.01858463855079346,0.0006683678507796336,0.03622466862667828,-0.00449632089384644,0.00018741115121287836,0.010375784623615636,-0.0014505551726439307,0.0240279473122721,-0.06138768987623177,-0.0002659655793834691,0.008211854373689473,-0.007406735705377112
3.713554620742798,-0.01867564423312769,0.0006730626588434928,0.03649011742707908,-0.004519204210408623,0.0001896467825082323,0.010469896860837833,-0.0014544412778698269,0.02426300157496741,-0.06141432855132045,-0.00026620289264505124,0.00830496137990281,-0.007352526641633301
3.719031572341919,-0.01867564423312769,0.0006730626588434928,0.03649011742707908,-0.004474012168304536,0.00018775031468315,0.010365197892229455,-0.0014544412778698269,0.02426300157496741,-0.06141432855132045,-0.00026354086371860075,0.008221911766103781,-0.007279001375216968
3.73848819732666,-0.018761851465020688,0.0006774899638252696,0.03675283410261278,-0.0044735810393006226,0.0001886006961108561,0.010396563601772222,-0.0014583902081246906,0.02449837396075532,-0.061439991131145864,-0.0002629350620959718,0.008260665523220613,-0.007219400997306337
3.7474842071533203,-0.018761851465020688,0.0006774899638252696,0.03675283410261278,-0.004428845228907617,0.00018671468914974754,0.0102925979657545,-0.0014583902081246906,0.02449837396075532,-0.061439991131145864,-0.0002603057114750121,0.008178058867988407,-0.007147206987333274
3.7532308101654053,-0.01883690462310692,0.0006818312928749743,0.03700655991423908,-0.00451517184810646,0.00019414371410752152,0.010631157569919197,-0.0014624215132544626,0.024734216073424558,-0.061464706617458766,-0.0002647177641934874,0.008506680933142916,-0.007118743780715198
3.783493757247925,-0.01889669291786866,0.0006862211290663193,0.03724676549116554,-0.004489780909022283,0.00019403475899748747,0.010604209496571976,-0.0014665467108220178,0.024970286378426524,-0.06148853243846017,-0.00026343370480844493,0.00849962050711522,-0.007055429277733737
3.7886369228363037,-0.01889669291786866,0.0006862211290663193,0.03724676549116554,-0.00444488309993206,0.0001920944114075126,0.010498167401606256,-0.0014665467108220178,0.024970286378426524,-0.06148853243846017,-0.0002607993677603605,0.008414624302044068,-0.0069848749849564
3.7932279109954834,-0.018978076296119792,0.0006903699699026396,0.03750692086406395,-0.004577701392045927,0.00020126298729636945,0.010959813517119273,-0.0014707790877704866,0.025206423147244007,-0.061511660152774775,-0.00026741025420556045,0.008844826518723588,-0.006965402566982929
3.815101385116577,-0.019063821178541957,0.0006945231378250137,0.037772343329378975,-0.0045711237190339295,0.00020156536858080836,0.0109715527047202,-0.0014751120983879245,0.025443105405941392,-0.06153399547555647,-0.0002667170946968108,0.008864583405304695,-0.006905959686857719
3.8219470977783203,-0.019063821178541957,0.0006945231378250137,0.037772343329378975,-0.0045254124818435906,0.00019954971489500028,0.010861837177672997,-0.0014751120983879245,0.025443105405941392,-0.06153399547555647,-0.0002640499237498427,0.008775937571251648,-0.006836900089989142
3.8367292881011963,-0.019144795192945492,0.0006988195040231351,0.03803485906185304,-0.004534937986794334,0.00020111881283729259,0.01093079513078506,-0.0014795408512868274,0.025680126151797756,-0.06155554646815795,-0.00026440543038303666,0.008848520296864648,-0.006783110114342451
3.8403046131134033,-0.019144795192945492,0.0006988195040231351,0.03803485906185304,-0.00448958860692639,0.00019910762470891965,0.010821487179477209,-0.0014795408512868274,0.025680126151797756,-0.06155554646815795,-0.0002617613760792063,0.008760035093896001,-0.006715279013199026
3.855309009552002,-0.019214648447086077,0.0007033499935757637,0.03828823507524428,-0.004491255632198492,0.00020086692814256027,0.010882122846827762,-0.0014840809434034316,0.025917636014677413,-0.0615763396574914,-0.00026216960353447595,0.008830728256362663,-0.006661984287547364
3.864098310470581,-0.019214648447086077,0.0007033499935757637,0.03828823507524428,-0.004446343075876507,0.00019885825886113468,0.010773301618359484,-0.0014840809434034316,0.025917636014677413,-0.0615763396574914,-0.0002595479074991312,0.008742420973799037,-0.00659536444467189
3.8854856491088867,-0.019303555459290002,0.0005277072095095747,0.03852168566735961,-0.004441842301755266,0.00011502361048106492,0.010775523785078504,-0.0014886916627715825,0.026155252474700404,-0.06159844008520295,-0.0002591082456794448,0.00876609822649238,-0.0065397442166849305
3.891094207763672,-0.019303555459290002,0.0005277072095095747,0.03852168566735961,-0.004397423878737714,0.00011387337437625428,0.010667768547227719,-0.0014886916627715825,0.026155252474700404,-0.06159844008520295,-0.00025651716322265035,0.008678437244227457,-0.006474346774518081
3.8977720737457275,-0.01939983405201855,0.0004120237343766815,0.03877739114257855,-0.004494199762777035,-5.9525520913873584e-05,0.010945709144764679,-0.001493391319296882,0.02639311407417624,-0.061620128632509805,-0.00026098965382852235,0.008947846901606988,-0.0064420815675902505
3.904041290283203,-0.01939983405201855,0.0004120237343766815,0.03877739114257855,-0.004449257765149265,-5.8930265704734846e-05,0.010836252053317032,-0.001493391319296882,0.02639311407417624,-0.061620128632509805,-0.0002583797572902371,0.008858368432590918,-0.006377660751914348
3.918056011199951,-0.019492712198762134,0.00033527862224986806,0.03903960792224016,-0.004469943737543091,-0.00011255366456790263,0.010915531662980415,-0.0014982033578521208,0.02663147208432822,-0.06164168169777452,-0.00025922951974598164,0.008939861634967143,-0.006329263020216386
3.921801805496216,-0.019492712198762134,0.00033527862224986806,0.03903960792224016,-0.004425244300167661,-0.0001114281279222236,0.010806376346350611,-0.0014982033578521208,0.02663147208432822,-0.06164168169777452,-0.0002566372245485218,0.008850463018617472,-0.0062659703900142215
3.935563325881958,-0.019574937693153976,0.0002916109023268032,0.03929992317232166,-0.004440099959855359,-0.00014135780788756587,0.01088778903302776,-0.0015031446409524284,0.026870268644790696,-0.06166294178881374,-0.000257661504325343,0.0089354832270893,-0.006218759626669548
3.9499523639678955,-0.019574937693153976,0.0002916109023268032,0.03929992317232166,-0.0043956989602568055,-0.0001399442298086902,0.010778911142697481,-0.0015031446409524284,0.026870268644790696,-0.06166294178881374,-0.0002550848892820896,0.008846128394818407,-0.006156572030402852
3.9555628299713135,-0.01964171952198436,0.00027523122551816645,0.0395518735776187,-0.004470160717457213,-0.00016567327070102458,0.011120483735930982,-0.001508238708988966,0.027109531288864102,-0.06168385848241716,-0.0002616136213606785,0.009184124813185226,-0.006132287872077236
3.9609124660491943,-0.01964171952198436,0.00027523122551816645,0.0395518735776187,-0.004425459110282641,-0.00016401653799401434,0.011009278898571671,-0.001508238708988966,0.027109531288864102,-0.06168385848241716,-0.00025899748514707173,0.009092283565053373,-0.006070964993356464
3.969937801361084,-0.019672756474066178,0.00030190364047011554,0.03980441128406119,-0.004416166430485351,-0.00013076507252880195,0.011178696935971105,-0.0015134538570450108,0.027349141580311126,-0.06170440509046481,-0.000262185853011771,0.00926684703342012,-0.006033020822308302
3.9996097087860107,-0.01973059028105333,0.0003379042867248965,0.04007246633279597,-0.004391730339131094,-0.00011682769639997025,0.01115712999609692,-0.0015188751873814557,0.02758877682331108,-0.061724643665704876,-0.0002613910864372889,0.009254940220760358,-0.0059795114008146435
4.004873037338257,-0.01973059028105333,0.0003379042867248965,0.04007246633279597,-0.0043478130357397825,-0.00011565941943597055,0.011045558696135951,-0.0015188751873814557,0.02758877682331108,-0.061724643665704876,-0.000258777175572916,0.009162390818552755,-0.005919716286806497
4.013549566268921,-0.019795436624200337,0.00038148759518780417,0.04034333023703197,-0.004380047366081153,-6.270549273368887e-05,0.011246789990262667,-0.0015244901158008718,0.027829028150642615,-0.06174443553576991,-0.00026266080322619726,0.0093476648833371,-0.005883329939442182
4.0329577922821045,-0.01985772583255211,0.0004295869807857333,0.04060918186487248,-0.004368824418162477,-3.659515683303927e-05,0.011271057180104531,-0.0015302809445010546,0.02806959291565391,-0.06176371023599728,-0.00026301789328991236,0.009378138133298129,-0.005834427841495165
4.038006067276001,-0.01985772583255211,0.0004295869807857333,0.04060918186487248,-0.0043251361739808526,-3.622920526470888e-05,0.011158346608303485,-0.0015302809445010546,0.02806959291565391,-0.06176371023599728,-0.0002603877143570132,0.009284356751965147,-0.005776083563080213
4.052574634552002,-0.019910699943073557,0.0004796772641853295,0.04086414295007187,-0.004318920770517982,-4.965141315435351e-07,0.011221430767267204,-0.001536251583480394,0.02831067739169159,-0.061782419310038895,-0.000261882139308787,0.00935699580979248,-0.005731164809781308
4.055920839309692,-0.019910699943073557,0.0004796772641853295,0.04086414295007187,-0.004275731562812802,-4.915489902280997e-07,0.011109216459594532,-0.001536251583480394,0.02831067739169159,-0.061782419310038895,-0.0002592633179156991,0.009263425851694554,-0.005673853161683495
4.069176435470581,-0.019940498282437016,0.0005447546253386646,0.041112655766772616,-0.004256431338001055,4.999817442208299e-05,0.011185109499779978,-0.001542358818735026,0.028552008536473043,-0.0618005457107894,-0.0002612779729946528,0.00935285141293397,-0.005630789157059256
4.073599576950073,-0.019940498282437016,0.0005447546253386646,0.041112655766772616,-0.004213867024621044,4.9498192677862156e-05,0.011073258404782179,-0.001542358818735026,0.028552008536473043,-0.0618005457107894,-0.00025866519326470626,0.00925932289880463,-0.005574481265488663
4.090309381484985,-0.019997134524804127,0.000602781478776914,0.04137683489416838,-0.004206305192220421,8.459736657923773e-05,0.011120281431996695,-0.0015486474789423255,0.028793401040991224,-0.0618181982553145,-0.00025984199661016285,0.009311191266607758,-0.00552930063656688
4.094611644744873,-0.019997134524804127,0.000602781478776914,0.04137683489416838,-0.004164242140298216,8.375139291344534e-05,0.011009078617676728,-0.0015486474789423255,0.028793401040991224,-0.0618181982553145,-0.0002572435766440612,0.00921807935394168,-0.005474007630201211
4.104705810546875,-0.020061324586404274,0.0006545959237569027,0.04164359560072185,-0.0041871915634907044,0.00013555457775429446,0.011162757362924129,-0.0015550994013786303,0.029035341519076708,-0.06183524845436054,-0.00026106287503659906,0.00936558203978151,-0.00543615869614956
4.107942342758179,-0.020061324586404274,0.0006545959237569027,0.04164359560072185,-0.004145319647855797,0.0001341990319767515,0.011051129789294888,-0.0015550994013786303,0.029035341519076708,-0.06183524845436054,-0.00025845224628623305,0.009271926219383695,-0.005381797109188064
4.131258249282837,-0.02012318271768365,0.0007000272073657918,0.04190528149183848,-0.004130773833709604,0.0001529090327296195,0.01105266292360053,-0.0015616913987220656,0.02927760260931152,-0.06185165562122597,-0.00025869497711350714,0.009283110740634265,-0.00533501603663928
4.134802341461182,-0.02012318271768365,0.0007000272073657918,0.04190528149183848,-0.004089466095372508,0.00015137994240232332,0.010942136294364526,-0.0015616913987220656,0.02927760260931152,-0.06185165562122597,-0.0002561080273423721,0.009190279633227922,-0.005281665876272887
4.147183895111084,-0.020175741481962675,0.0007391712622061953,0.042156129808343074,-0.004091628246389349,0.00018261946754269612,0.01103500259062221,-0.0015684187551500534,0.029520335926646706,-0.06186740320090726,-0.0002589803172405834,0.00929442114942592,-0.005241567798817933
4.152730226516724,-0.020175741481962675,0.0007391712622061953,0.042156129808343074,-0.004050711963925455,0.00018079327286726915,0.010924652564715987,-0.0015684187551500534,0.029520335926646706,-0.06186740320090726,-0.0002563905140681775,0.009201476937931661,-0.005189152120829753
4.172640323638916,-0.02021441061059443,0.0007723220648866474,0.04239203674223054,-0.004029944934368345,0.00019641592966335983,0.010933726147445696,-0.0015752639496158939,0.029763284802364464,-0.061882498755733956,-0.0002572646606978262,0.009231485117122977,-0.005144842458581787
4.176010370254517,-0.02021441061059443,0.0007723220648866474,0.04239203674223054,-0.003989645485024662,0.00019445177036672622,0.010824388885971238,-0.0015752639496158939,0.029763284802364464,-0.061882498755733956,-0.00025469201409084795,0.009139170265951747,-0.0050933940339959695
4.187465190887451,-0.020275766092532965,0.0007994532272019572,0.042646811431930054,-0.0040037439486589445,0.00021729773163155087,0.010938335934534416,-0.0015822189795260831,0.030006282552877385,-0.06189708762059359,-0.0002582167995951526,0.009259914360350684,-0.005055196098284215
4.191201210021973,-0.020275766092532965,0.0007994532272019572,0.042646811431930054,-0.003963706509172355,0.00021512475431523535,0.010828952575189071,-0.0015822189795260831,0.030006282552877385,-0.06189708762059359,-0.0002556346315992011,0.009167315216747178,-0.0050046441373013725
4.2105019092559814,-0.020342233901674316,0.0008213147506386341,0.04290609373016189,-0.003958704242783092,0.0002249244011190457,0.010854896099744682,-0.0015892795271637286,0.030249798966808183,-0.06191107060646875,-0.0002567364675863685,0.009201811801218943,-0.00496184250385248
4.215401649475098,-0.020342233901674316,0.0008213147506386341,0.04290609373016189,-0.003919117200355261,0.00022267515710785524,0.010746347138747236,-0.0015892795271637286,0.030249798966808183,-0.06191107060646875,-0.0002541691029105048,0.009109793683206753,-0.004912224078813955
4.230302572250366,-0.020404431519920992,0.0008386169019177403,0.043161969898810326,-0.00392185759666019,0.00023290756099773457,0.010810495333709027,-0.0015964272799596684,0.030493619258777558,-0.06192443674854973,-0.0002564242643339225,0.009182323392559156,-0.004872071847657141
4.234171628952026,-0.020404431519920992,0.0008386169019177403,0.043161969898810326,-0.003882639020693588,0.00023057848538775722,0.010702390380371936,-0.0015964272799596684,0.030493619258777558,-0.06192443674854973,-0.00025386002169058326,0.009090500158633564,-0.00482335112918057
4.2498040199279785,-0.02045582491068538,0.0008520602934873962,0.04340841521327643,-0.0038768213012508423,0.00023776888679932502,0.01075293688194562,-0.0016036628555449758,0.030737885579872264,-0.06193719510618232,-0.00025595000042646736,0.009155851689698229,-0.004783279106206334
4.252949953079224,-0.02045582491068538,0.0008520602934873962,0.04340841521327643,-0.003838053088238334,0.00023539119793133178,0.010645407513126164,-0.0016036628555449758,0.030737885579872264,-0.06193719510618232,-0.0002533905004222027,0.009064293172801247,-0.004735446315144271
4.27494478225708,-0.020492177297721514,0.0008623152302549929,0.043641087584456936,-0.0038162668735375067,0.00023842172513451277,0.010644692913088722,-0.0016109743232536606,0.03098234916643917,-0.0619493761481497,-0.00025418077113653804,0.009084796176597491,-0.0046936299909203375
4.279989719390869,-0.020492177297721514,0.0008623152302549929,0.043641087584456936,-0.0037781042048021314,0.00023603750788316763,0.010538245983957834,-0.0016109743232536606,0.03098234916643917,-0.0619493761481497,-0.00025163896342517264,0.008993948214831515,-0.004646693691011134
4.290858507156372,-0.020550333034589346,0.000869523243969633,0.043893611222551726,-0.0037938925027373427,0.00024152079223618128,0.010665148733904556,-0.0016183561255723468,0.031226839573170843,-0.06196114293664442,-0.00025591431770749247,0.009128955996358433,-0.0046110529738677426
4.296396017074585,-0.020550333034589346,0.000869523243969633,0.043893611222551726,-0.003755953577709969,0.00023910558431381948,0.010558497246565511,-0.0016183561255723468,0.031226839573170843,-0.06196114293664442,-0.00025335517453041755,0.009037666436394849,-0.004564942444129065
4.3045337200164795,-0.020612943215849982,0.0008744767987331753,0.04415143009093631,-0.003795351289121322,0.00024436807547774137,0.010769692635072945,-0.0016258154994048851,0.03147182671166672,-0.06197242317848298,-0.0002599880594144673,0.00924834172765665,-0.0045331547223317545
4.307663917541504,-0.020612943215849982,0.0008744767987331753,0.04415143009093631,-0.003757397776230109,0.00024192439472296395,0.010661995708722215,-0.0016258154994048851,0.03147182671166672,-0.06197242317848298,-0.0002573881788203226,0.009155858310380084,-0.004487823175108437
4.32844614982605,-0.02067080635654588,0.0008778063764381004,0.04440645980551187,-0.003747657711254689,0.00024175750462372087,0.010678082201240564,-0.0016333415670562591,0.03171709420119339,-0.061983224460381715,-0.0002584356922452652,0.009182317602434504,-0.004448142307023993
4.33296799659729,-0.02067080635654588,0.0008778063764381004,0.04440645980551187,-0.003710181134142142,0.00023933992957748365,0.01057130137922816,-0.0016333415670562591,0.03171709420119339,-0.061983224460381715,-0.0002558513353228125,0.009090494426410158,-0.004403660883953752
4.346397161483765,-0.02071753301129629,0.0008800437040701814,0.044652527427802194,-0.0037078474492656622,0.00023973419284283333,0.010648812420899118,-0.001640943042446594,0.03196278675039978,-0.061993569686635684,-0.00025895324497771257,0.009182543933359802,-0.00436732782655723
4.351468324661255,-0.02071753301129629,0.0008800437040701814,0.044652527427802194,-0.0036707689747730054,0.00023733685091440498,0.010542324296690126,-0.001640943042446594,0.03196278675039978,-0.061993569686635684,-0.00025636371252793543,0.009090718494026205,-0.004323654548291657
4.3712158203125,-0.020749000040597838,0.000881627905221966,0.0448851643240738,-0.0036499749597907814,0.00023663059344022317,0.010554699542830528,-0.0016486143432841481,0.03220865372288433,-0.06200349599247094,-0.00025768477094736454,0.009124316702998538,-0.004285444617834038
4.375730276107788,-0.020749000040597838,0.000881627905221966,0.0448851643240738,-0.0036134752101928736,0.00023426428750582094,0.010449152547402222,-0.0016486143432841481,0.03220865372288433,-0.06200349599247094,-0.0002551079232378909,0.009033073535968553,-0.0042425901716556975
4.407489538192749,-0.02085956274076062,0.0008829023021041106,0.04539616841837814,-0.003612104647958424,0.0002332116999997992,0.010505565261405964,-0.001664180549288808,0.03270087169676452,-0.06202252558850381,-0.0002574581562472819,0.00909772687188969,-0.004206156095562156
4.410715103149414,-0.02085956274076062,0.0008829023021041106,0.04539616841837814,-0.00357598360147884,0.00023087958299980118,0.010400509608791905,-0.001664180549288808,0.03270087169676452,-0.06202252558850381,-0.0002548835746848091,0.009006749603170792,-0.0041640945346065345
4.427283525466919,-0.020912244832467945,0.0008834393604796857,0.04565170870874046,-0.0035719731883846043,0.0002297826391114343,0.010450742302136612,-0.0016720914015082463,0.03294747674047665,-0.0620315880053694,-0.0002571093952497333,0.009065522497000215,-0.00412792328136025
4.430295944213867,-0.020912244832467945,0.0008834393604796857,0.04565170870874046,-0.0035362534565007583,0.00022748481272031996,0.010346234879115245,-0.0016720914015082463,0.03294747674047665,-0.0620315880053694,-0.0002545383012972359,0.008974867272030212,-0.004086644048546647
4.447705507278442,-0.020953800292224944,0.0008842681108155589,0.045898315079264326,-0.0035247228411274013,0.00022662289755081096,0.010384421495996322,-0.0016801009730221057,0.03319448395035837,-0.062040372610154625,-0.000256593591767079,0.009026998788356314,-0.004050823458294551
4.4509148597717285,-0.020953800292224944,0.0008842681108155589,0.045898315079264326,-0.003489475612716127,0.00022435666857530286,0.010280577281036358,-0.0016801009730221057,0.03319448395035837,-0.062040372610154625,-0.00025402765584940824,0.00893672880047275,-0.004010315223711605
4.471057415008545,-0.02098013733809875,0.000885556939237607,0.04613146953122889,-0.0034676336926964643,0.0002236659703517524,0.010293516369362656,-0.0016882077037952583,0.033441646071891026,-0.06204890704712833,-0.0002555120577281043,0.008970067950964411,-0.003974449089505899
4.474360704421997,-0.02098013733809875,0.000885556939237607,0.04613146953122889,-0.0034329573557694997,0.00022142931064823488,0.01019058120566903,-0.0016882077037952583,0.033441646071891026,-0.06204890704712833,-0.0002529569371508233,0.008880367271454767,-0.0039347045986108395
4.4883809089660645,-0.02102812711485612,0.0008868902630954573,0.04638473259517541,-0.003432815800586614,0.00022127213696187547,0.010269314306692454,-0.0016964095283235805,0.03368879337965548,-0.06205734046105333,-0.000256277371252904,0.00896784298681023,-0.0039013727387074257
4.492999792098999,-0.02102812711485612,0.0008868902630954573,0.04638473259517541,-0.0033984876425807477,0.0002190594155922567,0.01016662116362553,-0.0016964095283235805,0.03368879337965548,-0.06205734046105333,-0.0002537145975403749,0.008878164556942127,-0.0038623590113203514
4.5025341510772705,-0.02108053285494285,0.0008885601619247853,0.046643398021339016,-0.0034194126969706723,0.00022019888410056344,0.010336247997847409,-0.0017047344335609238,0.03393639501147087,-0.06206563005966155,-0.0002599089302687996,0.009049076963568202,-0.0038324298689693015
4.50548529624939,-0.02108053285494285,0.0008885601619247853,0.046643398021339016,-0.0033852185700009654,0.0002179968952595578,0.010232885517868934,-0.0017047344335609238,0.03393639501147087,-0.06206563005966155,-0.0002573098409661116,0.00895858619393252,-0.0037941055702796086
4.521754741668701,-0.021128230120062784,0.0008907135763411248,0.04689927232723535,-0.0033806596521962313,0.00021811488255654986,0.01028782178655816,-0.0017131825026686412,0.034184235500117115,-0.06207378186499924,-0.00025992934063830624,0.009021335265519612,-0.003761175014398776
4.5272605419158936,-0.021128230120062784,0.0008907135763411248,0.04689927232723535,-0.003346853055674269,0.00021593373373098436,0.010184943568692578,-0.0017131825026686412,0.034184235500117115,-0.06207378186499924,-0.0002573300472319232,0.008931121912864416,-0.0037235632642547882
4.542595863342285,-0.021164884748445526,0.0008934329893202342,0.04714610132734217,-0.0033372743923995828,0.00021668770598643657,0.010244032569679906,-0.001721769551255509,0.03443246066851543,-0.06208180558421282,-0.0002603562698136756,0.009003675685995489,-0.0036915598135734036
4.546481609344482,-0.021164884748445526,0.0008934329893202342,0.04714610132734217,-0.0033039016484755867,0.0002145208289265722,0.010141592243983106,-0.001721769551255509,0.03443246066851543,-0.06208180558421282,-0.00025775270711553885,0.008913638929135534,-0.0036546442154376697
4.56749415397644,-0.021186410925666553,0.0008967511704759234,0.04737935893126905,-0.00328110941577356,0.00021488791489858645,0.010151166336155272,-0.0017304930775323716,0.03468082241391471,-0.06208971243033591,-0.00025932676017409077,0.008942699431153356,-0.0036218606902748245
4.570470094680786,-0.021186410925666553,0.0008967511704759234,0.04737935893126905,-0.0032482983216158244,0.00021273903574960058,0.010049654672793718,-0.0017304930775323716,0.03468082241391471,-0.06208971243033591,-0.00025673349257234986,0.008853272436841822,-0.003585642083372076
4.584140062332153,-0.021229652141008516,0.0009001231742821861,0.04763261826511932,-0.0032474421966243033,0.00021429161387571987,0.010134404557707522,-0.0017393480984468626,0.0349291548365757,-0.06209763149768377,-0.00026064387664371944,0.008946402485198514,-0.0035555787028364915
4.604873895645142,-0.021277387459165832,0.0009037628838170233,0.04789116326382791,-0.003237988719235845,0.00021467945280551277,0.010157743898812093,-0.0017483656294602415,0.03517792515770519,-0.06210552646311992,-0.0002623866244831812,0.008976921252420798,-0.003523830685127466
4.609555244445801,-0.021277387459165832,0.0009037628838170233,0.04789116326382791,-0.0032056088320434866,0.00021253265827745764,0.010056166459823972,-0.0017483656294602415,0.03517792515770519,-0.06210552646311992,-0.00025976275823834936,0.00888715203989659,-0.003488592378276191
4.6258885860443115,-0.021320498518171027,0.0009077577824585245,0.04814680067430375,-0.003199951638793108,0.00021388610157719877,0.010112095989040686,-0.0017575439810631872,0.035426921276955556,-0.06211339255867234,-0.0002627845267529547,0.008950727045977588,-0.003458522428925226
4.6312010288238525,-0.021320498518171027,0.0009077577824585245,0.04814680067430375,-0.003167952122405177,0.00021174724056142677,0.01001097502915028,-0.0017575439810631872,0.035426921276955556,-0.06211339255867234,-0.00026015668148542516,0.008861219775517813,-0.0034239372046359737
4.647663354873657,-0.0213526527431464,0.0009121491049463074,0.04839328163730189,-0.0031558189861291483,0.00021342282213754178,0.010060561967453864,-0.0017668965003478242,0.03567628739879466,-0.06212122462911805,-0.0002632362798086821,0.008924084423188169,-0.0033944554047711005
4.651220321655273,-0.0213526527431464,0.0009121491049463074,0.04839328163730189,-0.0031242607962678566,0.00021128859391616637,0.009959956347779325,-0.0017668965003478242,0.03567628739879466,-0.06212122462911805,-0.00026060391701059526,0.008834843578956288,-0.0033605108507233894
4.676847457885742,-0.021369762288044818,0.0009169440658123929,0.04862608904102545,-0.0030997114418406745,0.00021185472055018382,0.009951178200072235,-0.0017764159670510663,0.035925778623024304,-0.062129015829590954,-0.00026171248200758477,0.008843849456183182,-0.003329945957245582
4.682237386703491,-0.021369762288044818,0.0009169440658123929,0.04862608904102545,-0.003068714327422268,0.00020973617334468198,0.009851666418071512,-0.0017764159670510663,0.035925778623024304,-0.062129015829590954,-0.00025909535718750894,0.00875541096162135,-0.003296646497673126
4.709935188293457,-0.021452129050707543,0.0009262286314616212,0.04913670115744808,-0.0030677821364923654,0.00021223725845473325,0.009937469813709472,-0.0017959554279799795,0.036425105097775475,-0.062144773967195005,-0.00026355892051129674,0.008848133424905444,-0.00326936934256919
4.713780164718628,-0.021452129050707543,0.0009262286314616212,0.04913670115744808,-0.0030371043151274416,0.00021011488587018592,0.009838095115572378,-0.0017959554279799795,0.036425105097775475,-0.062144773967195005,-0.00026092333130618375,0.008759652090656388,-0.003236675649143498
4.72826361656189,-0.021491052054187443,0.0009310356265100713,0.04939161705074632,-0.003033627586625993,0.00021255981950107648,0.009915687161985036,-0.0018060015638512522,0.036675196471783626,-0.062152693897237626,-0.00026525038361066035,0.00884472944384739,-0.0032097771540363865
4.733222723007202,-0.021491052054187443,0.0009310356265100713,0.04939161705074632,-0.003003291310759733,0.00021043422130606572,0.009816530290365185,-0.0018060015638512522,0.036675196471783626,-0.062152693897237626,-0.00026259787977455377,0.008756282149408916,-0.003177679382496023
4.7541162967681885,-0.02151909276903677,0.0009360420932296443,0.04963730926900081,-0.0029866989561736597,0.00021165776968181353,0.009835931053990032,-0.0018162383100422804,0.03692564826704256,-0.062160623223368835,-0.0002648713721291024,0.008788589579947341,-0.003149697691520349
4.759285926818848,-0.02151909276903677,0.0009360420932296443,0.04963730926900081,-0.002956831966611923,0.00020954119198499538,0.009737571743450132,-0.0018162383100422804,0.03692564826704256,-0.062160623223368835,-0.0002622226584078114,0.008700703684147867,-0.0031182007146051457
4.7664103507995605,-0.02151528225531799,0.0008828899253000161,0.049880223372999986,-0.002919967229460553,0.0001366796894786278,0.00998192781929105,-0.0018268676536933074,0.037176251853066784,-0.062168201310911234,-0.00027452001504871054,0.008965449415954988,-0.003097655479727159
4.789840459823608,-0.02154003643826553,0.0008487691369145277,0.050138933288601896,-0.002900936194034926,0.00012168223126645853,0.00999268079300642,-0.0018376278531031553,0.03742679598095702,-0.06217581866726752,-0.0002763672815396735,0.008982727470693562,-0.003069930022203258
4.793775320053101,-0.02154003643826553,0.0008487691369145277,0.050138933288601896,-0.0028719268320945767,0.00012046540895379394,0.009892753985076354,-0.0018376278531031553,0.03742679598095702,-0.06217581866726752,-0.00027360360872427674,0.008892900195986627,-0.0030392307219812256
4.80643105506897,-0.021573197078484003,0.0008271096456377557,0.050400491226342714,-0.002868919234464953,0.00010372504075249053,0.010000681893086952,-0.001848586956558422,0.037677791012466745,-0.06218340121960832,-0.0002795269696941982,0.00900229632583064,-0.003014829811018754
4.833344459533691,-0.021573197078484003,0.0008271096456377557,0.050400491226342714,-0.0028402300421203034,0.00010268779034496562,0.009900675074156083,-0.001848586956558422,0.037677791012466745,-0.06218340121960832,-0.00027673169999725624,0.008912273362572333,-0.0029846815129085666
4.838865280151367,-0.021604804600907357,0.0008161210352253825,0.05065715389541656,-0.0028684456513146752,8.534140193290073e-05,0.010266780235200385,-0.0018597268565603844,0.03792899166140603,-0.06219096249173317,-0.00029414236155050124,0.009278156625944639,-0.0029685306184559198
4.8441197872161865,-0.021604804600907357,0.0008161210352253825,0.05065715389541656,-0.0028397611948015283,8.448798791357173e-05,0.010164112432848382,-0.0018597268565603844,0.03792899166140603,-0.06219096249173317,-0.00029120093793499625,0.009185375059685193,-0.0029388453122713605
4.867063999176025,-0.021637535303333132,0.000819028847321078,0.05113416850766454,-0.0028256081699154063,8.679532533064789e-05,0.01027035178476812,-0.001882538388222352,0.03843224932201241,-0.062206008914600916,-0.0002982311012055052,0.009312861010746989,-0.002916014688589066
4.873330116271973,-0.021637535303333132,0.000819028847321078,0.05113416850766454,-0.0027973520882162524,8.592737207734141e-05,0.01016764826692044,-0.001882538388222352,0.03843224932201241,-0.062206008914600916,-0.0002952487901934502,0.00921973240063952,-0.0028868545417031753
4.894132614135742,-0.021670363575614592,0.0008290032730326614,0.051384170801480195,-0.0027852481827977983,9.075782299993913e-05,0.010186098911345226,-0.0018941653774228624,0.03868388643181671,-0.06221359668709158,-0.0002978855297374949,0.009248499929725386,-0.0028616335257993565
4.898053407669067,-0.021670363575614592,0.0008290032730326614,0.051384170801480195,-0.00275739570096982,8.985024476993974e-05,0.010084237922231773,-0.0018941653774228624,0.03868388643181671,-0.06221359668709158,-0.0002949066744401199,0.009156014930428131,-0.002833017190541363
4.903685808181763,-0.02170870546562069,0.0008427596809447069,0.05163867828360026,-0.0027983897200901642,0.00011651242271540683,0.010434999813000848,-0.0019059638995117434,0.038935936894081834,-0.06222125449225353,-0.00031290519844727715,0.009511955738658756,-0.0028182830069622264
4.937323093414307,-0.02174314669202826,0.0008591900982898177,0.05188973773210485,-0.002780748896662522,0.00012077552888409038,0.010405234448680295,-0.0019179223793457298,0.039188190312932025,-0.062228977889160375,-0.0003133312727910185,0.009491828386233506,-0.0027923962590090555
4.943107843399048,-0.02174314669202826,0.0008591900982898177,0.05188973773210485,-0.0027529414076958966,0.00011956777359524948,0.010301182104193493,-0.0019179223793457298,0.039188190312932025,-0.062228977889160375,-0.0003101979600631083,0.00939691010237117,-0.002764472296418965
4.956716299057007,-0.02176711773728506,0.0008773310751934883,0.05213129951204805,-0.0027433219135991303,0.00013316948540084613,0.010375530952710542,-0.001930042835105778,0.039440786732317754,-0.06223675842671937,-0.00031600254272397786,0.009488558257070371,-0.0027425450022024274
4.962181091308594,-0.02176711773728506,0.0008773310751934883,0.05213129951204805,-0.002715888694463139,0.00013183779054683767,0.010271775643183436,-0.001930042835105778,0.039440786732317754,-0.06223675842671937,-0.0003128425172967381,0.009393672674499667,-0.002715119552180403
4.9665305614471436,-0.021776342899066263,0.0008963687789072422,0.052359007068118,-0.0027109403841301064,0.00017941396529753666,0.010692083292793654,-0.001942303869827249,0.03969348156291158,-0.0622445780308743,-0.0003379038125515535,0.00988071437166467,-0.002705946648050051
4.9828245639801025,-0.02180757008086774,0.0009150062917258016,0.05260645793410714,-0.002703247315823196,0.00019020471154547304,0.01073690446835922,-0.0019546813490423885,0.03994610461757137,-0.0622525329076085,-0.0003421211149753308,0.00993694774310002,-0.002683769270373767
4.985785961151123,-0.02180757008086774,0.0009150062917258016,0.05260645793410714,-0.002676214842664964,0.0001883026644300183,0.010629535423675627,-0.0019546813490423885,0.03994610461757137,-0.0622525329076085,-0.0003386999038255775,0.009837578265669021,-0.0026569315776700294
5.007436513900757,-0.021843475348737918,0.0009329957766731569,0.052859080027112246,-0.0026662165362200826,0.00019556098126557244,0.010639832639335711,-0.001967211751558586,0.040199124787472285,-0.06226061816760715,-0.0003411004718120988,0.0098560679380549,-0.0026340966977260504
5.013268947601318,-0.021843475348737918,0.0009329957766731569,0.052859080027112246,-0.002639554370857882,0.0001936053714529167,0.010533434312942354,-0.001967211751558586,0.040199124787472285,-0.06226061816760715,-0.00033768946709397777,0.009757507258674351,-0.00260775573074879
5.02358865737915,-0.02187486012653963,0.0009500940913915773,0.0531087849224168,-0.0026439287472968804,0.00021006939387799664,0.010669888862499997,-0.0019798839993286272,0.04045232370451011,-0.06226882287470385,-0.00034659222760991405,0.009905286873853853,-0.0025896286946025943
5.031311750411987,-0.02187486012653963,0.0009500940913915773,0.0531087849224168,-0.0026174894598239118,0.00020796869993921666,0.010563189973874997,-0.0019798839993286272,0.04045232370451011,-0.06226882287470385,-0.0003431263053338149,0.009806234005115315,-0.002563732407656568
5.049112558364868,-0.021895328339117896,0.0009661328956708119,0.05334940372951474,-0.0026030088772889775,0.0002160681699407992,0.010592629483174429,-0.001992701931716021,0.04070584747448859,-0.062277129784871155,-0.0003468958010445302,0.00985059428467197,-0.0025427616752253315
5.052177667617798,-0.021895328339117896,0.0009661328956708119,0.05334940372951474,-0.0025769787885160877,0.00021390748824139122,0.010486703188342683,-0.001992701931716021,0.04070584747448859,-0.062277129784871155,-0.0003434268430340849,0.009752088341825251,-0.0025173340584730784
5.068773508071899,-0.021900742964475858,0.000981010897092647,0.05357647679681011,-0.0025546698033353564,0.00022214001805731604,0.010518554663416061,-0.0020056440658912586,0.040959447624960926,-0.06228551101437127,-0.00034779099506399794,0.009807376923630352,-0.0024972109167760116
5.073854684829712,-0.021900742964475858,0.000981010897092647,0.05357647679681011,-0.0025291231053020027,0.00021991861787674287,0.0104133691167819,-0.0020056440658912586,0.040959447624960926,-0.06228551101437127,-0.00034431308511335794,0.009709303154394049,-0.0024722388076082514
5.08875298500061,-0.02192800704412202,0.0009940313862199669,0.053823519931133705,-0.0025223084937281526,0.00022778083152509657,0.010474958771984578,-0.002018686489702306,0.04121295814963485,-0.06229405424788544,-0.0003496242575461143,0.0097823708269344,-0.0024532507874910456
5.1032609939575195,-0.02195987410111164,0.0010054869533459752,0.05407589176766612,-0.0025192002490562714,0.00023471196698940505,0.01054407742801931,-0.0020318709239299172,0.04146684515539748,-0.06230275587085099,-0.00035521570871744555,0.009859544946772767,-0.0024347160860631756
5.1090617179870605,-0.02195987410111164,0.0010054869533459752,0.05407589176766612,-0.0024940082465657086,0.000232364847319511,0.010438636653739116,-0.0020318709239299172,0.04146684515539748,-0.06230275587085099,-0.0003516635516302711,0.009760949497305039,-0.002410368925202544
5.131284713745117,-0.021987208281825283,0.0010155809347560838,0.05432544536910845,-0.0024814507325088193,0.0002354819859981179,0.010446495251062322,-0.0020451886183720353,0.04172089358698183,-0.062311600330157334,-0.00035413967001047663,0.009777657817243261,-0.002390245104102695
5.137158155441284,-0.021987208281825283,0.0010155809347560838,0.05432544536910845,-0.002456636225183731,0.00023312716613813671,0.0103420302985517,-0.0020451886183720353,0.04172089358698183,-0.062311600330157334,-0.00035059827331037187,0.009679881239070829,-0.0023663426530616677
5.1442506313323975,-0.022003660977490534,0.0010245051565603257,0.05456596372099058,-0.0024554930446432726,0.0002464716805701496,0.010577578446459748,-0.0020586439842235076,0.04197524879831368,-0.0623205663007267,-0.0003660636146367994,0.009941709252117126,-0.002355320750742084
5.148455619812012,-0.022003660977490534,0.0010245051565603257,0.05456596372099058,-0.00243093811419684,0.0002440069637644481,0.01047180266199515,-0.0020586439842235076,0.04197524879831368,-0.0623205663007267,-0.00036240297849043137,0.009842292159595955,-0.002331767543234663
5.16667628288269,-0.022005130163596256,0.0010324388750313973,0.05479294892582992,-0.0024075146208327944,0.0002472679576260831,0.01049160299720138,-0.002072215137387189,0.04222966514389434,-0.062329620392371214,-0.0003662271700523783,0.009883499911479753,-0.0023134190018066015
5.171987295150757,-0.022005130163596256,0.0010324388750313973,0.05479294892582992,-0.0023834394746244662,0.0002447952780498223,0.010386686967229365,-0.002072215137387189,0.04222966514389434,-0.062329620392371214,-0.00036256489835185456,0.009784664912364956,-0.0022902848117885353
5.18782639503479,-0.022028577745808305,0.0010388716930267554,0.055039903548403546,-0.0023744634461136662,0.0002477173545655432,0.010438688020027204,-0.00208587763640314,0.042483977449741625,-0.06233884434453927,-0.00036756505456937764,0.00984737808526986,-0.002273205496722142
5.190870046615601,-0.022028577745808305,0.0010388716930267554,0.055039903548403546,-0.0023507188116525294,0.0002452401810198878,0.010334301139826932,-0.00208587763640314,0.042483977449741625,-0.06233884434453927,-0.00036388940402368386,0.00974890430441716,-0.0022504734417549206
5.209408521652222,-0.022056769385439736,0.0010442520641642168,0.05529216088738709,-0.0023424477768962163,0.0002467696297703588,0.010366998460045873,-0.002099678863116982,0.04273865329558902,-0.06234823588130853,-0.00036769514967823256,0.009788792173629421,-0.002233034677839641
5.212825775146484,-0.022056769385439736,0.0010442520641642168,0.05529216088738709,-0.002319023299127254,0.0002443019334726552,0.010263328475445414,-0.002099678863116982,0.04273865329558902,-0.06234823588130853,-0.0003640181981814502,0.009690904251893126,-0.0022107043310612444
5.231953382492065,-0.022080578527147385,0.00104888170313112,0.055541556398947714,-0.0023082996395736924,0.0002453726707580404,0.010291052063723702,-0.002113611015548859,0.042993478193128765,-0.062357776055874725,-0.00036766180877241436,0.009727218823251137,-0.002193584934346379
5.2392706871032715,-0.022080578527147385,0.00104888170313112,0.055541556398947714,-0.0022852166431779554,0.00024291894405046002,0.010188141543086464,-0.002113611015548859,0.042993478193128765,-0.062357776055874725,-0.0003639851906846902,0.009629946635018625,-0.002171649085002915
5.249074459075928,-0.022093660493275234,0.0010530051541343208,0.05578186111500156,-0.0022757398846236093,0.0002470305358731081,0.010331318056375821,-0.0021276792557787774,0.043248599899732044,-0.06236743891858362,-0.00037469516277329737,0.009793875280169645,-0.0021597888645107123
5.254633188247681,-0.022093660493275234,0.0010530051541343208,0.05578186111500156,-0.0022529824857773733,0.000244560230514377,0.010228004875812062,-0.0021276792557787774,0.043248599899732044,-0.06236743891858362,-0.00037094821114556437,0.009695936527367948,-0.0021381909758656052
5.2721686363220215,-0.02209191226418904,0.0010568175921355115,0.056008570069133526,-0.00222947539536355,0.0002457442875041779,0.010254975660503526,-0.0021418606841047574,0.043503773925433836,-0.06237718703893166,-0.0003753260207108645,0.009744496127232764,-0.002122368160067199
5.277688503265381,-0.02209191226418904,0.0010568175921355115,0.056008570069133526,-0.0022071806414099143,0.00024328684462913614,0.01015242590389849,-0.0021418606841047574,0.043503773925433836,-0.06237718703893166,-0.00037157276050375586,0.009647051165960437,-0.002101144478466527
5.288761615753174,-0.022112314959347474,0.001059772990137207,0.056255198562659744,-0.0022035277167264853,0.00024546727547661003,0.01027359491308939,-0.0021561298644364717,0.043758836494823185,-0.062387099903658004,-0.00038074336485592066,0.009780924714898545,-0.002089085227328657
5.296329498291016,-0.022112314959347474,0.001059772990137207,0.056255198562659744,-0.0021814924395592203,0.00024301260272184392,0.010170858963958496,-0.0021561298644364717,0.043758836494823185,-0.062387099903658004,-0.00037693593120736145,0.009683115467749559,-0.00206819437505537
5.314226150512695,-0.02213763150544109,0.0010622944149795916,0.05650707458872286,-0.002173810310662718,0.00024314974289903568,0.010209872929369118,-0.0021705391543976583,0.04401425555174166,-0.062397174359013534,-0.00038121796037996283,0.009729003215889579,-0.0020531416714726094
5.318527936935425,-0.02213763150544109,0.0010622944149795916,0.05650707458872286,-0.002152072207556091,0.0002407182454700453,0.010107774200075427,-0.0021705391543976583,0.04401425555174166,-0.062397174359013534,-0.0003774057807761632,0.009631713183730684,-0.0020326102547578834
5.339252948760986,-0.02215873059122427,0.0010646388902354126,0.05675603316264748,-0.002140719815578839,0.00024048452338719777,0.010126806339260493,-0.0021850818763340723,0.044269818341266934,-0.06240738999706039,-0.0003806487138675226,0.009658707339566598,-0.002017213287176713
5.344480991363525,-0.02215873059122427,0.0010646388902354126,0.05675603316264748,-0.0021193126174230506,0.0002380796781533258,0.010025538275867888,-0.0021850818763340723,0.044269818341266934,-0.06240738999706039,-0.00037684222672884735,0.009562120266170931,-0.0019970411543049457
5.350363254547119,-0.022169259816787346,0.0010669953284037094,0.056995847109528264,-0.0021159921442194672,0.00024371432407456698,0.010332908329448855,-0.002199762646963689,0.044525672494720975,-0.06241772098864352,-0.0003980314953560478,0.009901457761324112,-0.0019946336964426128
5.366933345794678,-0.022169259816787346,0.0010669953284037094,0.056995847109528264,-0.0020948322227772724,0.0002412771808338213,0.010229579246154367,-0.002199762646963689,0.044525672494720975,-0.06241772098864352,-0.00039405118040248735,0.00980244318371087,-0.0019746873594781865
5.380185842514038,-0.022165105937901927,0.0010694968518617008,0.05722201493913002,-0.002070749957717853,0.00024273295127197564,0.010297906760607706,-0.00221455670924655,0.04478157500649122,-0.06242812953237916,-0.00040127389511807266,0.009897516337324512,-0.0019627945106427073
5.385146379470825,-0.022165105937901927,0.0010694968518617008,0.05722201493913002,-0.0020500424581406745,0.00024030562175925588,0.01019492769300163,-0.00221455670924655,0.04478157500649122,-0.06242812953237916,-0.0003972611561668919,0.009798541173951267,-0.0019431665655362802
5.413887023925781,-0.022206473545308632,0.0010734022223791088,0.057719338377186666,-0.002043910658315835,0.00024076779114736948,0.010265998276255604,-0.0022444594129258266,0.04529350320625398,-0.06244941232037914,-0.0004036928706898875,0.009878675706795837,-0.0019311400184520537
5.418392181396484,-0.022206473545308632,0.0010734022223791088,0.057719338377186666,-0.0020234715517326767,0.00023836011323589577,0.010163338293493047,-0.0022444594129258266,0.04529350320625398,-0.06244941232037914,-0.00039965594198298864,0.009779888949727878,-0.001911828618267533
5.4332275390625,-0.02222561752768846,0.0010753749336273272,0.057967663396045144,-0.002016118337521283,0.00023879283371172058,0.01022907333425691,-0.002259618313783544,0.0455497839710669,-0.06246026199174602,-0.0004058774718057544,0.009854840034031365,-0.0019000237192044237
5.437406063079834,-0.02222561752768846,0.0010753749336273272,0.057967663396045144,-0.00199595715414607,0.00023640490537460337,0.010126782600914342,-0.002259618313783544,0.0455497839710669,-0.06246026199174602,-0.0004018186970876969,0.009756291633691051,-0.0018810234820123793
5.468448877334595,-0.02223432787455253,0.0010775636274904083,0.058206821162611375,-0.001978797516265826,0.00023552084117763094,0.010102543967231968,-0.002274917744572506,0.04580635374657297,-0.06247121653125302,-0.0004027290036043637,0.009741379012330773,-0.001865742095903295
5.476115703582764,-0.02223432787455253,0.0010775636274904083,0.058206821162611375,-0.0019590095411031678,0.00023316563276585463,0.010001518527559648,-0.002274917744572506,0.04580635374657297,-0.06247121653125302,-0.00039870171356832005,0.009643965222207465,-0.001847084674944262
5.481212615966797,-0.02222847956172506,0.0010800528360177574,0.05843231478824697,-0.0019279511265352016,0.0002409697593238043,0.010343816144133605,-0.0022903311526532386,0.04606296884544666,-0.062482238279816416,-0.0004249553733746561,0.010050997239770359,-0.0018502381915994678
5.491623640060425,-0.02222847956172506,0.0010800528360177574,0.05843231478824697,-0.0019086716152698496,0.00023856006173056626,0.010240377982692268,-0.0022903311526532386,0.04606296884544666,-0.062482238279816416,-0.0004207058196409095,0.009950487267372654,-0.0018317358096834732
5.51593804359436,-0.022266851836175938,0.0010841726814062353,0.05892828113909645,-0.0019053412956602951,0.00023967539035045163,0.010341930956346945,-0.0023214736414130604,0.0465763118618238,-0.062504719758316,-0.0004293070085052832,0.010062109521737299,-0.0018226646082806328
5.520782470703125,-0.022266851836175938,0.0010841726814062353,0.05892828113909645,-0.0018862878827036922,0.00023727863644694712,0.010238511646783476,-0.0023214736414130604,0.0465763118618238,-0.062504719758316,-0.0004250139384202304,0.009961488426519926,-0.0018044379621978265
5.532095909118652,-0.022284688422946675,0.0010863176975091616,0.059175930421129536,-0.0018831668920983795,0.00023877488879607108,0.01035499763944757,-0.002337257472359851,0.046833294627319,-0.0625161528134942,-0.0004347151994565473,0.0100890217849521,-0.0017964993123798917
5.549465179443359,-0.022292207908050532,0.0010886915277513055,0.05941441866774495,-0.0018686579884078832,0.00023915573836537455,0.010388729066632966,-0.0023531845725425857,0.04709056050707,-0.06252768254919165,-0.0004395377476767797,0.010136247103876195,-0.0017851723273484977
5.5547285079956055,-0.022292207908050532,0.0010886915277513055,0.05941441866774495,-0.0018499714085238044,0.0002367641809817208,0.010284841775966636,-0.0023531845725425857,0.04709056050707,-0.06252768254919165,-0.0004351423702000119,0.010034884632837433,-0.0017673206040750126
5.573024034500122,-0.02228563859513737,0.0010574588371491636,0.059639509541085184,-0.0018273363654342848,0.00021881559257156118,0.010305200986294021,-0.002369294778799,0.04734786656539103,-0.06253895419119716,-0.00043959649043927925,0.010075174569578519,-0.00175580827129622
5.580418825149536,-0.02228563859513737,0.0010574588371491636,0.059639509541085184,-0.001809063001779942,0.00021662743664584556,0.010202148976431081,-0.002369294778799,0.04734786656539103,-0.06253895419119716,-0.00043520052553488645,0.009974422823882733,-0.001738250188583258
5.598369121551514,-0.022301414327621095,0.001037059523072968,0.05988441145354323,-0.0017993750698103589,0.00020436374373678046,0.010236682581280304,-0.002385471628540568,0.04760511234599535,-0.0625503341846739,-0.0004398605440251652,0.010017988641808926,-0.0017272074112467555
5.601842880249023,-0.022301414327621095,0.001037059523072968,0.05988441145354323,-0.0017813813191122554,0.00020232010629941266,0.0101343157554675,-0.002385471628540568,0.04760511234599535,-0.0625503341846739,-0.0004354619385849135,0.009917808755390837,-0.001709935337134288
5.639196872711182,-0.02233955726232669,0.0010169016975725904,0.060381597162837176,-0.0017735717874788964,0.0001960836032917148,0.01016613028898509,-0.002418240571218244,0.048120472792251685,-0.06257325204905055,-0.000439879860102389,0.009956597297984543,-0.0016989713023369552
5.6436803340911865,-0.02233955726232669,0.0010169016975725904,0.060381597162837176,-0.0017558360696041074,0.00019412276725879764,0.010064468986095238,-0.002418240571218244,0.048120472792251685,-0.06257325204905055,-0.00043548106150136513,0.009857031325004697,-0.0016819815893135857
5.653340578079224,-0.022346466853242156,0.0010152173680686716,0.060619524509001495,-0.001745303613698485,0.00019297597288276503,0.01021012384294981,-0.0024348280297605365,0.04837852257871674,-0.06258478542862174,-0.00044829709932748163,0.010025586548940476,-0.0016771007881963402
5.660969018936157,-0.022346466853242156,0.0010152173680686716,0.060619524509001495,-0.0017278505775615,0.00019104621315393737,0.010108022604520312,-0.0024348280297605365,0.04837852257871674,-0.06258478542862174,-0.0004438141283342068,0.009925330683451071,-0.0016603297803143768
5.6800665855407715,-0.022339021024369406,0.0010178419114237995,0.06084378494062673,-0.0017066842411388302,0.00019193999992876795,0.01012434319396742,-0.0024515239204425054,0.048636630141660135,-0.06259634729595599,-0.00044811840488222075,0.009961229445090578,-0.0016497805875046198
5.689352035522461,-0.022339021024369406,0.0010178419114237995,0.06084378494062673,-0.001689617398727442,0.00019002059992948028,0.010023099762027745,-0.0024515239204425054,0.048636630141660135,-0.06259634729595599,-0.00044363722083339853,0.009861617150639672,-0.0016332827816295736
5.696167945861816,-0.022354251428714157,0.0010230788518411386,0.061087970744646544,-0.0016951855121206767,0.00019912281721869648,0.01028102815499277,-0.0024682944770686296,0.0488946102608353,-0.06260803676101458,-0.00046380586217591787,0.010141497916931261,-0.0016341002161796832
5.703527927398682,-0.022354251428714157,0.0010230788518411386,0.061087970744646544,-0.00167823365699947,0.0001971315890465095,0.010178217873442842,-0.0024682944770686296,0.0488946102608353,-0.06260803676101458,-0.00045916780355415867,0.010040082937761948,-0.0016177592140178864
5.7347025871276855,-0.02239185959542609,0.001039398034099946,0.06158398338266577,-0.0016736223282447418,0.000201802428796305,0.010235480524447498,-0.0025022636087145065,0.04941138246175709,-0.06263178096578358,-0.00046547251763361206,0.010105448857857779,-0.0016091981299568344
5.740285158157349,-0.02239185959542609,0.001039398034099946,0.06158398338266577,-0.0016568861049622943,0.00019978440450834194,0.010133125719203023,-0.0025022636087145065,0.04941138246175709,-0.06263178096578358,-0.00046081779245727594,0.0100043943692792,-0.0015931061486572661
5.762554883956909,-0.022398694136955156,0.001049444951853101,0.06182144108554628,-0.0016434923218830188,0.0002033948523969619,0.010138365420605144,-0.0025194623732789595,0.04967009721769238,-0.06264381238581246,-0.0004639325495698253,0.010020523726624719,-0.001582577677277627
5.7689409255981445,-0.022398694136955156,0.001049444951853101,0.06182144108554628,-0.0016270573986641886,0.00020136090387299228,0.010036981766399092,-0.0025194623732789595,0.04967009721769238,-0.06264381238581246,-0.0004592932240741271,0.009920318489358471,-0.0015667519005048507
5.777844429016113,-0.022391257200332932,0.0010601551698414462,0.062045298904972276,-0.0016027373162993345,0.00021444341768804388,0.010187876706189907,-0.0025367769011589367,0.049928829857851534,-0.0626559219407262,-0.0004741471624270822,0.01011171174500422,-0.0015646852690889472
5.783673286437988,-0.022391257200332932,0.0010601551698414462,0.062045298904972276,-0.0015867099431363411,0.00021229898351116344,0.010085997939128007,-0.0025367769011589367,0.049928829857851534,-0.0626559219407262,-0.0004694056908028114,0.010010594627554178,-0.0015490384163980577
5.797474384307861,-0.022406584384913157,0.0010703486826944527,0.06228916692964439,-0.0015821179097222815,0.0002191917935155991,0.010161750938378726,-0.002554173998336198,0.050187416560196776,-0.0626682032517895,-0.0004773172232046294,0.010097855443534356,-0.0015424468250541125
5.802428245544434,-0.022406584384913157,0.0010703486826944527,0.06228916692964439,-0.0015662967306250587,0.0002169998755804431,0.01006013342899494,-0.002554173998336198,0.050187416560196776,-0.0626682032517895,-0.0004725440509725831,0.009996876889099013,-0.0015270223568035713
5.815349578857422,-0.022427421712865325,0.0010800808621195164,0.06253836977048621,-0.0015669258988300274,0.00022401627750424607,0.01015230558142655,-0.002571725592186676,0.05044631608516744,-0.06268064351211475,-0.0004814020336478591,0.010097274072156978,-0.001521379824143211
5.820961236953735,-0.022427421712865325,0.0010800808621195164,0.06253836977048621,-0.0015512566398417271,0.0002217761147292036,0.010050782525612284,-0.002571725592186676,0.05044631608516744,-0.06268064351211475,-0.0004765880133113805,0.009996301331435408,-0.0015061660259017787
5.8311967849731445,-0.0224446075622091,0.0010893143107037749,0.06278474504970423,-0.0015527318962977818,0.00023074882919729418,0.010190871950599641,-0.002589427081672034,0.050705315253285,-0.06269322284148893,-0.0004891162628641338,0.0101493772053662,-0.0015033942101633725
5.8568925857543945,-0.022451744890250362,0.0010980213360132546,0.06302206597603552,-0.0015400581635133818,0.00023277731246856527,0.01018127751319846,-0.0026072835506817005,0.05096455649282665,-0.06270592146137624,-0.0004911742781037674,0.010148771995513261,-0.001493302172770379
5.867878675460815,-0.022451744890250362,0.0010980213360132546,0.06302206597603552,-0.001524657581878248,0.00023044953934387962,0.010079464738066476,-0.0026072835506817005,0.05096455649282665,-0.06270592146137624,-0.0004862625353227297,0.010047284275558128,-0.001478369151042675
5.873836994171143,-0.0224446645002808,0.0011061870978519826,0.06324582875927785,-0.0014978500322438745,0.0002464324801204328,0.010354022372498708,-0.0026252657380789837,0.051223797298101545,-0.06271870919599998,-0.0005115798789700123,0.010381901964004868,-0.0014850474444401266
5.901533126831055,-0.02246041833113273,0.0011129720364196302,0.06348965461800486,-0.0014886054699456606,0.00024722493515038854,0.010338487842725308,-0.0026433394277472007,0.051482871912087454,-0.06273167567101971,-0.0005129897889823851,0.01037162474573007,-0.0014748786615441279
5.906812906265259,-0.02246041833113273,0.0011129720364196302,0.06348965461800486,-0.001473719415246204,0.00024475268579888463,0.010235102964298056,-0.0026433394277472007,0.051482871912087454,-0.06273167567101971,-0.0005078598910925612,0.010267908498272768,-0.0014601298749286865
5.913917779922485,-0.0224817549773193,0.0011187513954514098,0.06373885937522146,-0.0014891395567544336,0.0002534221773585969,0.010483406837898994,-0.0026615767441953786,0.05174224227930061,-0.06274479463310469,-0.0005284500335668231,0.010530289201438905,-0.0014639933128065316
5.937939167022705,-0.02249951304400791,0.0011237509872943177,0.06398527525915729,-0.0014816692468906758,0.0002538860908783405,0.010481128514107941,-0.002679972027789759,0.05200169690488096,-0.0627580395849466,-0.000530823410570891,0.010532996152693716,-0.0014548671960899252
5.949176549911499,-0.02249951304400791,0.0011237509872943177,0.06398527525915729,-0.001466852554421769,0.0002513472299695571,0.010376317228966862,-0.002679972027789759,0.05200169690488096,-0.0627580395849466,-0.0005255151764651821,0.010427666191166779,-0.0014403185241290259
5.958406686782837,-0.02250729291743112,0.001128155405648657,0.0642226708485605,-0.001460677018358247,0.0002562277229388979,0.01052968163123653,-0.002698529311506785,0.05226137947563855,-0.06277138687507164,-0.0005403651260394407,0.010604731587750448,-0.0014403758938189187
5.966456174850464,-0.02250729291743112,0.001128155405648657,0.0642226708485605,-0.0014460702481746647,0.00025366544570950894,0.010424384814924165,-0.002698529311506785,0.05226137947563855,-0.06277138687507164,-0.0005349614747790463,0.010498684271872944,-0.0014259721348807294
5.982125997543335,-0.022578958225389714,0.001374106256092872,0.06445164545084162,-0.0014823044360126254,0.0004081434705813365,0.010464526396807642,-0.0027171334392590047,0.052520892423416704,-0.06278378981842081,-0.0005414844434783445,0.010559310629038228,-0.0014196275913819013
5.996280670166016,-0.022578958225389714,0.001374106256092872,0.06445164545084162,-0.0014674813916524991,0.00040406203587552316,0.010359881132839565,-0.0027171334392590047,0.052520892423416704,-0.06278378981842081,-0.0005360695990435611,0.010453717522747846,-0.0014054313154680822
6.001990795135498,-0.022642012164669836,0.0015385958631391136,0.06469859493886128,-0.0015722439482698804,0.0006891940527317077,0.010685578196039986,-0.002736114082689358,0.05278091576609985,-0.06279623596155262,-0.0005639492323485345,0.010804552767691258,-0.0014131736235753337
6.009143829345703,-0.022642012164669836,0.0015385958631391136,0.06469859493886128,-0.0015565215087871816,0.0006823021122043906,0.010578722414079585,-0.002736114082689358,0.05278091576609985,-0.06279623596155262,-0.0005583097400250492,0.010696507240014346,-0.0013990418873395805
6.018623113632202,-0.02269301922674829,0.0016503293750435185,0.06494983036633736,-0.001598400917744131,0.0007945219075550516,0.010736671356670292,-0.0027553833218354885,0.05304115339496041,-0.06280850750851974,-0.0005730543789430088,0.010864075160818353,-0.0013979971156228973
6.027602910995483,-0.02269301922674829,0.0016503293750435185,0.06494983036633736,-0.0015824169085666897,0.000786576688479501,0.010629304643103589,-0.0027553833218354885,0.05304115339496041,-0.06280850750851974,-0.0005673238351535788,0.010755434409210169,-0.0013840171444666684
6.045238733291626,-0.022726877648624803,0.0017175097406354495,0.06519743794387818,-0.0015869334367250765,0.0008177457797350911,0.01066298902946797,-0.0027749321944320724,0.05330189904381644,-0.06282066930875832,-0.0005727353493405508,0.010795730074308205,-0.0013770730508086556
6.05055832862854,-0.022726877648624803,0.0017175097406354495,0.06519743794387818,-0.0015710641023578256,0.0008095683219377401,0.010556359139173289,-0.0027749321944320724,0.05330189904381644,-0.06282066930875832,-0.0005670079958471453,0.010687772773565123,-0.001363302320300569
6.0643696784973145,-0.022740620375820444,0.0017481480995382003,0.06543541856599117,-0.0015659144284923346,0.0008252747307659438,0.01062284807554372,-0.0027947011022229967,0.05356285861671919,-0.0628327263335551,-0.0005756514391711585,0.010769840786385026,-0.0013583990917312109
6.069802522659302,-0.022740620375820444,0.0017481480995382003,0.06543541856599117,-0.0015502552842074112,0.0008170219834582843,0.010516619594788282,-0.0027947011022229967,0.05356285861671919,-0.0628327263335551,-0.0005698949247794469,0.010662142378521176,-0.0013448151008138988
6.1033055782318115,-0.02280548939859631,0.0017268283775350227,0.06596354801981033,-0.001553794328435293,0.0008036549218120231,0.010569169851634141,-0.0028347957208468924,0.05408562866327259,-0.06285696700089663,-0.0005761634268398233,0.010711557482634738,-0.001338602309962406
6.108486652374268,-0.02280548939859631,0.0017268283775350227,0.06596354801981033,-0.00153825638515094,0.0007956183725939029,0.0104634781531178,-0.0028347957208468924,0.05408562866327259,-0.06285696700089663,-0.000570401792571425,0.01060444190780839,-0.001325216286862782
6.123764276504517,-0.02283204787965159,0.001688320065915473,0.06622915178653753,-0.0015393075591733753,0.0007638888702162096,0.010532985885224088,-0.0028551572752120178,0.05434772875776913,-0.06286913667976345,-0.0005780254715385873,0.010669955639567116,-0.0013199298120900674
6.131457328796387,-0.02283204787965159,0.001688320065915473,0.06622915178653753,-0.0015239144835816414,0.0007562499815140475,0.010427656026371848,-0.0028551572752120178,0.05434772875776913,-0.06286913667976345,-0.0005722452168232014,0.010563256083171445,-0.0013067305139691666
6.141021013259888,-0.022846207461885707,0.0016387279004422,0.06648595594612733,-0.001521594501122862,0.000699454496921485,0.01059248312192751,-0.0028757137312715162,0.05461038407399911,-0.06288134521519187,-0.0005880170497685681,0.010732261730273486,-0.0013064287234959369
6.146930694580078,-0.022846207461885707,0.0016387279004422,0.06648595594612733,-0.0015063785561116334,0.0006924599519522701,0.010486558290708234,-0.0028757137312715162,0.05461038407399911,-0.06288134521519187,-0.0005821368792708824,0.01062493911297075,-0.0012933644362609774
6.161340951919556,-0.022844366197496503,0.001582591894502194,0.06672896857843226,-0.0014886479053772114,0.0006485829946955976,0.01055075936109595,-0.0028964258653664224,0.054873355589306005,-0.06289359378070751,-0.0005906886986919359,0.010701178839912845,-0.001288930685569305
6.166381359100342,-0.022844366197496503,0.001582591894502194,0.06672896857843226,-0.0014737614263234393,0.0006420971647486416,0.01044525176748499,-0.0028964258653664224,0.054873355589306005,-0.06289359378070751,-0.0005847818117050166,0.010594167051513717,-0.001276041378713612
6.18368935585022,-0.02280997865234805,0.001689860660653165,0.06696194813461068,-0.0014411656941457432,0.0006998029055595189,0.01047466829641335,-0.002917041194479113,0.0551366787953374,-0.06290385455786565,-0.0005908448631187432,0.010640365001681865,-0.0012692093096716376
6.1878485679626465,-0.02280997865234805,0.001689860660653165,0.06696194813461068,-0.0014267540372042858,0.0006928048765039237,0.010369921613449216,-0.002917041194479113,0.0551366787953374,-0.06290385455786565,-0.0005849364144875558,0.010533961351665046,-0.0012565172165749212
6.19486665725708,-0.02280271432629247,0.0017410399348543348,0.06720978110383617,-0.0014043762270954726,0.0007631195449535885,0.0106184848122765,-0.002937800640082813,0.05540013095661105,-0.06291407906954699,-0.0006086669612454463,0.010804011890967639,-0.0012585208412032635
6.220014810562134,-0.022803543512923193,0.001758326657392909,0.06745967905588769,-0.0013908318388077962,0.0007634798701852041,0.010611583769958959,-0.0029587129591440295,0.055664045486578724,-0.06292390568717411,-0.0006108959396281128,0.010800915672616512,-0.0012498431235353506
6.225219011306763,-0.022803543512923193,0.001758326657392909,0.06745967905588769,-0.0013769235204197181,0.0007558450714833521,0.01050546793225937,-0.0029587129591440295,0.055664045486578724,-0.06292390568717411,-0.0006047869802318316,0.010692906515890346,-0.001237344692299997
6.238959789276123,-0.022803328850634522,0.0017490709201953274,0.06770431908012815,-0.0013626602884012917,0.0007435942536324746,0.010578513622007658,-0.0029797682049833908,0.05592818300320478,-0.06293349711344834,-0.0006140622936483319,0.010778206389453138,-0.0012319515097372938
6.243597507476807,-0.022803328850634522,0.0017490709201953274,0.06770431908012815,-0.0013490336855172787,0.0007361583110961498,0.010472728485787581,-0.0029797682049833908,0.05592818300320478,-0.06293349711344834,-0.0006079216707118486,0.010670424325558607,-0.0012196319946399209
6.265538215637207,-0.02279560359310964,0.0017199336759345354,0.0679381886354737,-0.0013315099117522699,0.0007168640745004751,0.010474730635876861,-0.003000961232541154,0.0561925843912229,-0.06294292813752353,-0.0006115016807729952,0.010684227308453231,-0.0012117340884029808
6.271393775939941,-0.02279560359310964,0.0017199336759345354,0.0679381886354737,-0.0013181948126347472,0.0007096954337554703,0.010369983329518093,-0.003000961232541154,0.0561925843912229,-0.06294292813752353,-0.0006053866639652653,0.0105773850353687,-0.001199616747518951
6.281064510345459,-0.022815620951695,0.0016758198172836067,0.06819410938512394,-0.0013239875890888825,0.0006593391768795116,0.010531436645579774,-0.0030222477402914168,0.05645686582294358,-0.06295240173965051,-0.0006213440602325101,0.010744890773346899,-0.001197416735878191
6.305753707885742,-0.022844775072458398,0.0016221109428345652,0.0684567457560562,-0.0013217439648363731,0.0006318232142166387,0.010532750639614744,-0.0030437062151093147,0.056721661094997385,-0.06296193391528096,-0.0006238220624293631,0.0107446933352579,-0.001189303437474301
6.309850692749023,-0.022844775072458398,0.0016221109428345652,0.0684567457560562,-0.0013085265251880094,0.0006255049820744722,0.010427423133218596,-0.0030437062151093147,0.056721661094997385,-0.06296193391528096,-0.0006175838418050694,0.01063724640190532,-0.001177410403099558
6.3280017375946045,-0.02287283589197888,0.0015631807064574953,0.06871738357489571,-0.0013096988612817727,0.0005879248765244572,0.01046711684207949,-0.00306531881003463,0.056986628902745695,-0.06297156718720373,-0.000623315083728224,0.010676853307119557,-0.001170943581379154
6.3390443325042725,-0.022892570280390306,0.0015025594352637494,0.06896934183422199,-0.001312454832960985,0.0005291947541175761,0.010591240352583797,-0.003087097743403767,0.05725199766491597,-0.06298135296189816,-0.0006368045918739939,0.010810398544807026,-0.001168095988976701
6.344892263412476,-0.022892570280390306,0.0015025594352637494,0.06896934183422199,-0.0012993302846313751,0.0005239028065764003,0.01048532794905796,-0.003087097743403767,0.05725199766491597,-0.06298135296189816,-0.0006304365459552539,0.010702294559358956,-0.0011564150290869339
6.362276792526245,-0.0228991598201559,0.0014430054809327862,0.06920775049723435,-0.0012888765819042472,0.0004858778702129605,0.010517996253888386,-0.0031090090764486875,0.05751744152231488,-0.06299132925975973,-0.0006367361071833478,0.010747961316006808,-0.0011505894856897432
6.366877794265747,-0.0228991598201559,0.0014430054809327862,0.06920775049723435,-0.0012759878160852047,0.0004810190915108309,0.010412816291349502,-0.0031090090764486875,0.05751744152231488,-0.06299132925975973,-0.0006303687461115142,0.01064048170284674,-0.0011390835908328457
6.388667106628418,-0.02292924379998165,0.0013856380835038176,0.06946608990406139,-0.001276058718917196,0.00045078541032856376,0.010427554652793901,-0.003131024693112706,0.05778283328485627,-0.06300164833844757,-0.0006341689188813145,0.010655875939466267,-0.0011324285990466664
6.393961668014526,-0.02292924379998165,0.0013856380835038176,0.06946608990406139,-0.001263298131728024,0.0004462775562252781,0.010323279106265962,-0.003131024693112706,0.05778283328485627,-0.06300164833844757,-0.0006278272296925014,0.010549317180071604,-0.0011211043130561998
6.402007341384888,-0.02296524925016693,0.001332331669194462,0.06972947107854384,-0.00129294020876497,0.00037782239739229614,0.010548176121298701,-0.003153200286962511,0.058048601338658745,-0.0630122878005933,-0.0006491110927558006,0.010774148198141077,-0.0011231171004939093
6.406617641448975,-0.02296524925016693,0.001332331669194462,0.06972947107854384,-0.0012800108066773203,0.00037404417341837317,0.010442694360085714,-0.003153200286962511,0.058048601338658745,-0.0630122878005933,-0.0006426199818282426,0.010666406716159666,-0.0011118859294889701
6.421947717666626,-0.022997765271146754,0.001284265371744653,0.06998957699510805,-0.0012872436394961474,0.0003401886455563309,0.010508301958454721,-0.003175523612593427,0.058314544193132284,-0.06302324990520634,-0.0006507555658615057,0.01073322049131129,-0.0011079177878144024
6.426286935806274,-0.022997765271146754,0.001284265371744653,0.06998957699510805,-0.0012743712031011859,0.0003367867591007676,0.010403218938870173,-0.003175523612593427,0.058314544193132284,-0.06302324990520634,-0.0006442480102028907,0.010625888286398178,-0.0010968386099362583
6.4430882930755615,-0.023020199421114065,0.001242133672022617,0.07024006720419201,-0.0012740362510322333,0.00030961406553876907,0.010448562837236094,-0.0031979972819746547,0.058580778000566006,-0.06303453588320972,-0.0006511816336031125,0.010678089106025255,-0.00109258752519683
6.448296070098877,-0.023020199421114065,0.001242133672022617,0.07024006720419201,-0.001261295888521911,0.0003065179248833814,0.010344077208863734,-0.0031979972819746547,0.058580778000566006,-0.06303453588320972,-0.0006446698172670813,0.010571308214965002,-0.0010816616499448616
6.464804410934448,-0.023028229936331485,0.001206238390747724,0.07047635975359695,-0.0012527298208884516,0.0002832069380002058,0.010384013187144804,-0.003220591462076158,0.05884705834642602,-0.06304613750550217,-0.0006519096429713699,0.010626895622375301,-0.0010778727671274407
6.479756593704224,-0.023028229936331485,0.001206238390747724,0.07047635975359695,-0.001240202522679567,0.00028037486862020377,0.010280173055273355,-0.003220591462076158,0.05884705834642602,-0.06304613750550217,-0.0006453905465416563,0.010520626666151549,-0.0010670940394561662
6.48567533493042,-0.02305893804165923,0.001175598914005471,0.07073221901798489,-0.0012776732411846246,0.00022900580476815474,0.010610259988531502,-0.0032432750186426654,0.059113195631497605,-0.06305815765574253,-0.0006772616086658185,0.01086507223406199,-0.0010767317251376394
6.49048638343811,-0.02305893804165923,0.001175598914005471,0.07073221901798489,-0.0012648965087727784,0.0002267157467204732,0.010504157388646186,-0.0032432750186426654,0.059113195631497605,-0.06305815765574253,-0.0006704889925791603,0.01075642151172137,-0.001065964407886263
6.503004550933838,-0.02309501707961178,0.001150392179580848,0.07099292301697324,-0.0012802672542079052,0.00020571528534374893,0.010607614362847162,-0.003266097027423854,0.05937965888343257,-0.06307053676459694,-0.0006820152125893697,0.010861718525714497,-0.0010651936783459136
6.506252765655518,-0.02309501707961178,0.001150392179580848,0.07099292301697324,-0.0012674645816658262,0.00020365813249031145,0.01050153821921869,-0.003266097027423854,0.05937965888343257,-0.06307053676459694,-0.000675195060463476,0.010753101340457353,-0.0010545417415624544
6.5320045948028564,-0.023127261139992573,0.0011304412870426631,0.07125029777146864,-0.0012669954572899153,0.00019459212937335187,0.010496558126509264,-0.00328903965678092,0.05964621640951353,-0.06308323932307333,-0.0006773522359740388,0.010749080460082884,-0.0010489290061725283
6.53730583190918,-0.023127261139992573,0.0011304412870426631,0.07125029777146864,-0.0012543255027170162,0.00019264620807961835,0.010391592545244173,-0.00328903965678092,0.05964621640951353,-0.06308323932307333,-0.0006705787136142984,0.010641589655482056,-0.001038439716110803
6.547456502914429,-0.023149230194971063,0.0011153986825199068,0.0714981175555742,-0.0012628083247872854,0.0001779688435873263,0.010531985342433324,-0.0033121045738273886,0.0599130098741243,-0.06309623242967849,-0.0006865954805187122,0.010798007087357253,-0.0010408555629911373
6.568871021270752,-0.023156714373878215,0.001104803276881353,0.07173188918591339,-0.0012534646540679714,0.00017238558458785102,0.01053588082485684,-0.0033352604650409615,0.06017978141799872,-0.06310947466890668,-0.0006905426996678837,0.010814602101216162,-0.001036630774377531
6.589903116226196,-0.023156714373878215,0.001104803276881353,0.07173188918591339,-0.0012409300075272916,0.0001706617287419725,0.010430522016608271,-0.0033352604650409615,0.06017978141799872,-0.06310947466890668,-0.0006836372726712048,0.010706456080204,-0.0010262644666337558
6.594864368438721,-0.02318691461163271,0.0010971302660396148,0.07198543860872907,-0.0012886456412986647,0.00015724313585363444,0.010837459580065075,-0.0033584779547972407,0.06044635902794993,-0.06312304234482698,-0.0007235985404628843,0.011136710725384373,-0.0010433491031357634
6.5998759269714355,-0.02318691461163271,0.0010971302660396148,0.07198543860872907,-0.001275759184885678,0.0001556707044950981,0.010729084984264423,-0.0033584779547972407,0.06044635902794993,-0.06312304234482698,-0.0007163625550582554,0.01102534361813053,-0.0010329156121044057
6.605509996414185,-0.02322255967613348,0.001092251606730524,0.072244082629263,-0.0013257784867059478,0.0001485129905541644,0.011080976824280954,-0.0033817973628483345,0.06071320130619008,-0.06313684828496312,-0.0007505889199720351,0.011388712811119285,-0.0010470908400283777
6.634953260421753,-0.023254471529841895,0.0010898502894848608,0.07249967466985008,-0.0013232971542577185,0.00014683041224064876,0.011056985960084729,-0.0034051987335727806,0.06098008915587508,-0.06315083494305763,-0.0007510309847486235,0.011365470473482542,-0.001041370307840093
6.647098064422607,-0.023254471529841895,0.0010898502894848608,0.07249967466985008,-0.0013100641827151413,0.0001453621081182423,0.010946416100483882,-0.0034051987335727806,0.06098008915587508,-0.06315083494305763,-0.0007435206749011373,0.011251815768747717,-0.001030956604761692
6.657082796096802,-0.02327622849317344,0.0010895728233211634,0.07274600538594662,-0.0013186596323606385,0.00014571183624238445,0.01108365826646326,-0.0034286834320745633,0.0612471641040615,-0.0631649535145168,-0.0007596060786883902,0.011406780961540937,-0.0010347871998319296
6.669376611709595,-0.023283632067603238,0.0010910554289089245,0.07297858783177935,-0.0013114842029998024,0.0001474438112035124,0.011161982073172108,-0.003452222672563162,0.06151417663858933,-0.06317915199346306,-0.0007711572389352296,0.01150990571681968,-0.0010359886135830156
6.674821376800537,-0.023283632067603238,0.0010910554289089245,0.07297858783177935,-0.0012983693609698043,0.00014596937309147728,0.011050362252440387,-0.003452222672563162,0.06151417663858933,-0.06317915199346306,-0.0007634456665458774,0.011394806659651483,-0.0010256287274471854
6.68765664100647,-0.023313901080984526,0.0010929232104202203,0.07323121138938476,-0.001308948976311055,0.00014739628837773895,0.011136663339536565,-0.0034757907705399754,0.06178095694788793,-0.06319350160590241,-0.000774173198849777,0.011488708081011198,-0.0010265522742681531
6.7061614990234375,-0.02334975429990694,0.0010952833449404428,0.07348919371929537,-0.001315227434708025,0.00014811367969655946,0.011164698596953224,-0.003499423182194703,0.062047967748449465,-0.06320790615729648,-0.0007792023898443457,0.01151811327216378,-0.0010240709514263066
6.71206259727478,-0.02334975429990694,0.0010952833449404428,0.07348919371929537,-0.0013020751603609448,0.00014663254289959385,0.011053051610983692,-0.003499423182194703,0.062047967748449465,-0.06320790615729648,-0.0007714103659459022,0.011402932139442141,-0.0010138302419120436
6.728657484054565,-0.023382007378782935,0.001098081442694692,0.0737443812258035,-0.0013084942400467354,0.0001479334261887983,0.011096278411624711,-0.003523100337172106,0.06231499573213455,-0.06322230773152232,-0.0007779640034838372,0.0114498126134736,-0.0010123702597592524
6.733613967895508,-0.023382007378782935,0.001098081442694692,0.0737443812258035,-0.001295409297646268,0.00014645409192691033,0.010985315627508464,-0.003523100337172106,0.06231499573213455,-0.06322230773152232,-0.0007701843634489988,0.011335314487338865,-0.0010022465571616597
6.766361951828003,-0.023412228529426867,0.0011046717115319583,0.07422320764189336,-0.0012917112933204704,0.00014837042470694246,0.011021648883295874,-0.0035705764532899423,0.06284929284542838,-0.06325091582864055,-0.0007769799362709541,0.011385115542856926,-0.0010009599261920146
6.776628017425537,-0.023412228529426867,0.0011046717115319583,0.07422320764189336,-0.0012787941803872657,0.00014688672045987304,0.010911432394462916,-0.0035705764532899423,0.06284929284542838,-0.06325091582864055,-0.0007692101369082446,0.011271264387428356,-0.0009909503269300945
6.785746812820435,-0.02342293330435492,0.0012215040373824196,0.07442975689505299,-0.0012824283234814855,0.00027562883551672784,0.011027319358387624,-0.003594280936353923,0.0631162059142642,-0.06326581528836098,-0.0007875132268308154,0.011451258244003875,-0.0009973801087036012
6.79098916053772,-0.02342293330435492,0.0012215040373824196,0.07442975689505299,-0.0012696040402466707,0.00027287254716156054,0.010917046164803748,-0.003594280936353923,0.0631162059142642,-0.06326581528836098,-0.0007796380945625073,0.011336745661563835,-0.0009874063076165652
6.808527231216431,-0.023447849813832338,0.001299788182014597,0.07465787523783216,-0.0012727209237672903,0.00031573130138031207,0.010937425152740812,-0.0036180306119329903,0.06338271862974319,-0.06328072184353206,-0.0007853834970970324,0.011375340596000996,-0.0009860317855926429
6.813626289367676,-0.023447849813832338,0.001299788182014597,0.07465787523783216,-0.0012599937145296174,0.00031257398836650893,0.010828050901213403,-0.0036180306119329903,0.06338271862974319,-0.06328072184353206,-0.0007775296621260621,0.011261587190040986,-0.0009761714677367164
6.846295595169067,-0.02349328970919211,0.0013854825963663807,0.07512558711548499,-0.001262217562809685,0.0003368133212964972,0.01086262892504946,-0.003665629775621852,0.06391549884157048,-0.06331061536854649,-0.0007843243609550366,0.011312054125919306,-0.00097556009289092
6.853465795516968,-0.02349328970919211,0.0013854825963663807,0.07512558711548499,-0.0012495953871815883,0.00033344518808353223,0.010754002635798966,-0.003665629775621852,0.06391549884157048,-0.06331061536854649,-0.0007764811173454862,0.011198933584660113,-0.0009658044919620107
6.863385915756226,-0.023501049515721895,0.0014005993630079475,0.07535149400175434,-0.0012453959356189164,0.0003477174283926018,0.010873996620629878,-0.0036894491747425104,0.06418164932811438,-0.06332544518543434,-0.0007927275061838978,0.011355237858290778,-0.0009710956780297021
6.869215488433838,-0.023501049515721895,0.0014005993630079475,0.07535149400175434,-0.0012329419762627271,0.0003442402541086758,0.010765256654423579,-0.0036894491747425104,0.06418164932811438,-0.06332544518543434,-0.0007848002311220588,0.01124168547970787,-0.0009613847212494051
6.884923934936523,-0.023533506726537683,0.001400968003754467,0.07560249241325742,-0.0012411994585991653,0.00034213373835579203,0.010817392768635086,-0.0037132414244650416,0.06444732411320887,-0.06334023824261535,-0.0007920983794619949,0.01129839724310297,-0.0009611881370224518
6.88874077796936,-0.023533506726537683,0.001400968003754467,0.07560249241325742,-0.0012287874640131737,0.0003387124009722341,0.010709218840948736,-0.0037132414244650416,0.06444732411320887,-0.06334023824261535,-0.0007841773956673749,0.01118541327067194,-0.0009515762556522273
6.912179231643677,-0.02357281521542962,0.0013902532094536328,0.07586283089849093,-0.0012330370021388112,0.0003314333124313313,0.01071325999259553,-0.0037370517880194443,0.06471318219946395,-0.06335489857928697,-0.0007864942968030319,0.01118698730603008,-0.0009483153155662188
6.9178266525268555,-0.02357281521542962,0.0013902532094536328,0.07586283089849093,-0.001220706632117423,0.000328118979307018,0.010606127392669574,-0.0037370517880194443,0.06471318219946395,-0.06335489857928697,-0.0007786293538350015,0.011075117432969779,-0.0009388321624105566
6.9321887493133545,-0.02360936472436322,0.0013715518449108335,0.07612342739332773,-0.0012333580678940243,0.0003130061962596271,0.010681675072206565,-0.003760855346851579,0.06497892848158408,-0.06336936059801952,-0.0007874169347009176,0.01114939932593562,-0.0009395134141555325
6.940080165863037,-0.02360936472436322,0.0013715518449108335,0.07612342739332773,-0.001221024487215084,0.0003098761342970308,0.0105748583214845,-0.003760855346851579,0.06497892848158408,-0.06336936059801952,-0.0007795427653539083,0.011037905332676264,-0.0009301182800139771
6.952201843261719,-0.023636416455387433,0.0013475146519792488,0.07637727379335334,-0.0012302742848734932,0.00028859404180166086,0.010678761057387439,-0.0037846721946371165,0.06524482998889002,-0.06338357734679294,-0.0007913954829216962,0.011146886602645064,-0.0009325454647539287
6.95744514465332,-0.023636416455387433,0.0013475146519792488,0.07637727379335334,-0.0012179715420247584,0.00028570810138364423,0.010571973446813564,-0.0037846721946371165,0.06524482998889002,-0.06338357734679294,-0.0007834815280924792,0.011035417736618614,-0.0009232200101063895
6.974009037017822,-0.023649543410166694,0.001320358081629979,0.07661920730480529,-0.0012130289412429344,0.00026789878581555475,0.01061250195284048,-0.0038084833027083186,0.06551061075928566,-0.0633975019098485,-0.0007900220223989505,0.011085521478530652,-0.0009223943866415035
6.996981859207153,-0.023685641308560674,0.0012908059955546991,0.07688227562303399,-0.0012160630171574116,0.0002531233964390481,0.01062104599672584,-0.0038322795419130857,0.06577618020313472,-0.06341122738257583,-0.0007924802331107205,0.01109026783923327,-0.0009191450995300212
7.001965284347534,-0.023685641308560674,0.0012908059955546991,0.07688227562303399,-0.0012039023869858374,0.00025059216247465765,0.010514835536758582,-0.0038322795419130857,0.06577618020313472,-0.06341122738257583,-0.0007845554307796133,0.010979365160840937,-0.000909953648534721
7.013789415359497,-0.023727371891241238,0.0012607489903401113,0.07715141148734378,-0.0012260668429264355,0.00022403578852893668,0.010637615540989803,-0.0038561029139363686,0.06604199511007344,-0.06342467410719711,-0.0007968579719210134,0.011094378648691476,-0.0009122263850795655
7.018685579299927,-0.023727371891241238,0.0012607489903401113,0.07715141148734378,-0.001213806174497171,0.00022179543064364732,0.010531239385579904,-0.0038561029139363686,0.06604199511007344,-0.06342467410719711,-0.0007888893922018032,0.010983434862204561,-0.0009031041212287698
7.0355143547058105,-0.023765511310973243,0.0012315321233983877,0.07741812998523873,-0.0012235879358152748,0.0002032432566916294,0.010584628392725313,-0.003879949101780534,0.06630789192820198,-0.06343780140384361,-0.000795170387216462,0.011031601801088899,-0.0009018735861911091
7.040326833724976,-0.023765511310973243,0.0012315321233983877,0.07741812998523873,-0.0012113520564571221,0.0002012108241247131,0.01047878210879806,-0.003879949101780534,0.06630789192820198,-0.06343780140384361,-0.0007872186833442974,0.01092128578307801,-0.000892854850329198
7.057410955429077,-0.023793614173127815,0.0012041375047385629,0.07767594501278789,-0.0012150047963062883,0.00018433944233167487,0.01052509454457059,-0.0039038383789224674,0.06657401648951551,-0.06345058176523702,-0.0007933298183085435,0.01096784596756268,-0.0008914071437531424
7.075394868850708,-0.02380747058758793,0.001179237867623715,0.07792014557422955,-0.0012099745528356164,0.00016998342435663012,0.010555790509670676,-0.003927762853155384,0.066840154567053,-0.06346299437128657,-0.0007986997838100687,0.011006154250982347,-0.000889395132928635
7.080998182296753,-0.02380747058758793,0.001179237867623715,0.07792014557422955,-0.0011978748073072604,0.0001682835901130638,0.01045023260457397,-0.003927762853155384,0.066840154567053,-0.06346299437128657,-0.000790712785971968,0.010896092708472523,-0.0008805011815993486
7.094774961471558,-0.023844082964377858,0.0011561448138562103,0.07818415715958506,-0.0012117381753367143,0.00015110518730006848,0.010537570375225288,-0.0039517123159536925,0.06710614093083246,-0.0634751513247623,-0.000800189592698431,0.01098020039372783,-0.0008805204046219023
7.104323387145996,-0.023844082964377858,0.0011561448138562103,0.07818415715958506,-0.0011996207935833472,0.0001495941354270678,0.010432194671473036,-0.0039517123159536925,0.06710614093083246,-0.0634751513247623,-0.0007921876967714467,0.010870398389790552,-0.0008717152005756832
7.114036798477173,-0.023886256994800945,0.0011355326045848688,0.07845325510005521,-0.0012300955882571134,0.00012851051573317394,0.010605175034564918,-0.003975738487401859,0.06737246935897402,-0.06348700186179401,-0.0008090008697558026,0.011035880702612869,-0.0008751982289470122
7.119828462600708,-0.023886256994800945,0.0011355326045848688,0.07845325510005521,-0.0012177946323745424,0.0001272254105758422,0.010499123284219269,-0.003975738487401859,0.06737246935897402,-0.06348700186179401,-0.0008009108610582445,0.010925521895586739,-0.000866446246657542
7.12987208366394,-0.023924859235310937,0.0011177008064560151,0.07871923550033887,-0.001243248200523814,0.0001098770941649233,0.010659177486034937,-0.003999834458634812,0.06763892745793396,-0.06349852572641572,-0.000816893070998263,0.011081567505169077,-0.0008692555988133575
7.137217998504639,-0.023924859235310937,0.0011177008064560151,0.07871923550033887,-0.001230815718518576,0.00010877832322327407,0.010552585711174588,-0.003999834458634812,0.06763892745793396,-0.06349852572641572,-0.0008087241402882804,0.010970751830117387,-0.0008605630428252239
7.154974699020386,-0.02395349941875028,0.0011027574988078104,0.07897584125657107,-0.001234253724869398,0.0001003799078800122,0.010591672669238467,-0.0040240209223215894,0.06790567273731725,-0.06350971260604785,-0.0008142579337535184,0.011011266634452526,-0.0008582575015504755
7.163748264312744,-0.02395349941875028,0.0011027574988078104,0.07897584125657107,-0.0012219111876207041,9.937610880121208e-05,0.010485755942546082,-0.0040240209223215894,0.06790567273731725,-0.06350971260604785,-0.0008061153544159831,0.010901153968108,-0.0008496749265349707
7.177424907684326,-0.023967996853373235,0.0010906647030281662,0.07921854557182807,-0.0012198904193223613,9.125892150002612e-05,0.010558455248833672,-0.0040482830968166066,0.0681724556048982,-0.06352055826321033,-0.0008157940613301505,0.010987207007017365,-0.0008491082350095356
7.182844400405884,-0.023967996853373235,0.0010906647030281662,0.07921854557182807,-0.0012076915151291376,9.034633228502586e-05,0.010452870696345335,-0.0040482830968166066,0.0681724556048982,-0.06352055826321033,-0.000807636120716849,0.01087733493694719,-0.0008406171526594402
7.188513278961182,-0.02400536579511948,0.001080152654354762,0.07948094133824603,-0.0012606252528886979,7.386192958931445e-05,0.010811446868739853,-0.0040726084528995305,0.06843911276707422,-0.06353118462221144,-0.0008424701091416913,0.01123894944220343,-0.0008509560625408351
7.191946029663086,-0.02400536579511948,0.001080152654354762,0.07948094133824603,-0.0012480190003598109,7.31233102934213e-05,0.010703332400052454,-0.0040726084528995305,0.06843911276707422,-0.06353118462221144,-0.0008340454080502744,0.011126559947781396,-0.0008424465019154267
7.208477020263672,-0.024048420331613665,0.0010714820607950445,0.07974841450944453,-0.0012613119304562966,6.806198178051051e-05,0.010758169739286613,-0.004097045007532411,0.06870611799733761,-0.06354156237895692,-0.0008404872227540842,0.011176812333955288,-0.0008402997954385281
7.212057113647461,-0.024048420331613665,0.0010714820607950445,0.07974841450944453,-0.0012486988111517336,6.738136196270541e-05,0.010650588041893746,-0.004097045007532411,0.06870611799733761,-0.06354156237895692,-0.0008320823505265433,0.011065044210615734,-0.0008318967974841428
7.2324323654174805,-0.024088020851189964,0.001064656229590023,0.08001284377385766,-0.0012554653198364506,6.414836430303505e-05,0.010673906084645047,-0.004121579498174475,0.0689732571788532,-0.06355168267865645,-0.0008358028460287634,0.01108550340314421,-0.0008285447863909937
7.239217758178711,-0.024088020851189964,0.001064656229590023,0.08001284377385766,-0.0012429106666380862,6.35068806600047e-05,0.010567167023798596,-0.004121579498174475,0.0689732571788532,-0.06355168267865645,-0.0008274448175684758,0.010974648369112768,-0.0008202593385270838
7.253279447555542,-0.024117763049517207,0.001059589577981565,0.08026803023713056,-0.001251427924224521,6.06142569229612e-05,0.010643015524544651,-0.004146225990291586,0.06924067291633863,-0.06356154176325117,-0.0008366977741424079,0.011055075150040925,-0.0008190680539045891
7.270486831665039,-0.024133448057203494,0.0010561365752028249,0.08050948626477643,-0.0012479096515415303,5.9331303324600685e-05,0.010676924833710681,-0.004170962924529694,0.06950811122971746,-0.06357113699169896,-0.0008427065632698457,0.011099945066596171,-0.0008164536006332856
7.275344371795654,-0.024133448057203494,0.0010561365752028249,0.08050948626477643,-0.001235430555026115,5.873799029135468e-05,0.010570155585373574,-0.004170962924529694,0.06950811122971746,-0.06357113699169896,-0.0008342794976371473,0.01098894561593021,-0.0008082890646269528
7.294244050979614,-0.024172105282090045,0.0010529667961965959,0.08077086507415167,-0.0012434123997919566,5.732241453621644e-05,0.01060277621041452,-0.004195771994115603,0.06977539993135451,-0.06358058918197143,-0.000839063417323194,0.011020481153833183,-0.0008052074177480873
7.299515247344971,-0.024172105282090045,0.0010529667961965959,0.08077086507415167,-0.001230978275794037,5.6749190390854275e-05,0.010496748448310375,-0.004195771994115603,0.06977539993135451,-0.06358058918197143,-0.000830672783149962,0.01091027634229485,-0.0007971553435706063
7.329493045806885,-0.024257522151505888,0.0010484101670657508,0.08130141377644058,-0.001247034072504132,5.565382983788516e-05,0.010568786829889164,-0.004245707086668702,0.07031071794763344,-0.06359900468786454,-0.0008390234134685415,0.010979745069690027,-0.0007953268382698423
7.3338398933410645,-0.024257522151505888,0.0010484101670657508,0.08130141377644058,-0.0012345637317790906,5.5097291539506306e-05,0.010463098961590273,-0.004245707086668702,0.07031071794763344,-0.06359900468786454,-0.000830633179333856,0.010869947618993127,-0.0007873735698871438
7.357431650161743,-0.02428869069112396,0.0010471005208782956,0.08155624572902609,-0.001235371546082992,5.4766039027349444e-05,0.010466492712192972,-0.004270820488183312,0.0705786676469264,-0.06360795590800665,-0.0008329718375281209,0.010874825822214548,-0.0007832940493500106
7.368988275527954,-0.02428869069112396,0.0010471005208782956,0.08155624572902609,-0.001223017830622162,5.421837863707595e-05,0.010361827785071042,-0.004270820488183312,0.0705786676469264,-0.06360795590800665,-0.0008246421191528397,0.010766077563992402,-0.0007754611088565106
7.3873255252838135,-0.02434592887381099,0.0010450988514578575,0.08205897864867732,-0.001241869928198591,5.464535755171518e-05,0.010532381747390244,-0.00432124809415058,0.07111434830311798,-0.06362543928335264,-0.0008438957901990553,0.010950543832115087,-0.0007772408475634499
7.3918845653533936,-0.02434592887381099,0.0010450988514578575,0.08205897864867732,-0.001229451228916605,5.409890397619803e-05,0.010427057929916342,-0.00432124809415058,0.07111434830311798,-0.06362543928335264,-0.0008354568322970648,0.010841038393793936,-0.0007694684390878154
7.409116506576538,-0.024391804805193058,0.0010436007963497227,0.08232589648264979,-0.0012436845077983829,5.348471893640914e-05,0.010477702483882316,-0.004346573953196578,0.07138237341703596,-0.06363406815471835,-0.0008417993075155278,0.01088816771977445,-0.0007667812412325358
7.4138970375061035,-0.024391804805193058,0.0010436007963497227,0.08232589648264979,-0.001231247662720399,5.294987174704505e-05,0.010372925459043492,-0.004346573953196578,0.07138237341703596,-0.06363406815471835,-0.0008333813144403725,0.010779286042576707,-0.0007591134288202104
7.454125642776489,-0.024466826558354558,0.0010407630810613014,0.08284547771809811,-0.0012375098887829554,5.252482554749979e-05,0.010398365078762047,-0.004397410671533448,0.07191874437059415,-0.06365103143469915,-0.0008376844590018559,0.010804823917818535,-0.0007557390154117861
7.458444118499756,-0.024466826558354558,0.0010407630810613014,0.08284547771809811,-0.0012251347898951258,5.1999577292024786e-05,0.010294381427974427,-0.004397410671533448,0.07191874437059415,-0.06365103143469915,-0.0008293076144118374,0.01069677567864035,-0.0007481816252576682
7.4703733921051025,-0.02448530961287239,0.0010396350833079063,0.0830873831079933,-0.0012282835343787905,5.237595390287712e-05,0.010394225184734667,-0.00442290173595376,0.0721869774532616,-0.06365933899647494,-0.000842383035012472,0.01081466074319189,-0.0007476638221132059
7.476592302322388,-0.02448530961287239,0.0010396350833079063,0.0830873831079933,-0.0012160006990350027,5.1852194363848344e-05,0.01029028293288732,-0.00442290173595376,0.0721869774532616,-0.06365933899647494,-0.0008339592046623473,0.010706514135759971,-0.0007401871838920739
7.491976976394653,-0.024526775873693254,0.001037575040448989,0.08334952675129628,-0.0012306763331004819,5.09646240139142e-05,0.010357795265857513,-0.004448414392429964,0.07245498842136884,-0.06366763000416478,-0.0008422027760655083,0.010773655459127158,-0.0007381744464936344
7.503606081008911,-0.024526775873693254,0.001037575040448989,0.08334952675129628,-0.001218369569769477,5.0454977773775054e-05,0.010254217313198937,-0.004448414392429964,0.07245498842136884,-0.06366763000416478,-0.0008337807483048532,0.010665918904535887,-0.000730792702028698
7.509927272796631,-0.024573954214865856,0.0010351060532362334,0.08361722324057749,-0.0012804967506611727,4.813759744713851e-05,0.01057523506782101,-0.0044739729476749295,0.0727232433563539,-0.06367588283857735,-0.0008658760681548792,0.01098363370064029,-0.0007365405953184355
7.536791086196899,-0.024573954214865856,0.0010351060532362334,0.08361722324057749,-0.001267691783154561,4.765622147266712e-05,0.010469482717142799,-0.0044739729476749295,0.0727232433563539,-0.06367588283857735,-0.0008572173074733304,0.010873797363633888,-0.0007291751893652512
7.541401147842407,-0.024617649586041936,0.0010325080100285551,0.08388229406286977,-0.001349351146784446,4.466002207585354e-05,0.010939863756614198,-0.004499550139423824,0.07299152682860026,-0.06368407576824799,-0.0009041263702597649,0.011347011417705865,-0.0007396552815392798
7.546412229537964,-0.024617649586041936,0.0010325080100285551,0.08388229406286977,-0.0013358576353166016,4.4213421855095003e-05,0.010830465119048055,-0.004499550139423824,0.07299152682860026,-0.06368407576824799,-0.0008950851065571673,0.011233541303528806,-0.0007322587287238871
7.5527191162109375,-0.024651419006895738,0.0010299793449176056,0.0841384877534022,-0.0013757422335588386,4.252568131023621e-05,0.01112842728465448,-0.0045251531522649355,0.07325998142611673,-0.0636921921849409,-0.0009267295827404998,0.011546859008167019,-0.000737805274994572
7.556106328964233,-0.024651419006895738,0.0010299793449176056,0.0841384877534022,-0.0013619848112232501,4.210042449713385e-05,0.011017143011807935,-0.0045251531522649355,0.07325998142611673,-0.0636921921849409,-0.0009174622869130948,0.011431390418085349,-0.0007304272222446263
7.574144601821899,-0.024671040589374454,0.0010276543291509582,0.0843812700776521,-0.0013591529751685492,4.159469303617704e-05,0.011041576031075294,-0.004550760138907606,0.07352836011984269,-0.06370020834152151,-0.000922483583378773,0.011465859435553177,-0.0007275669212625876
7.5783913135528564,-0.024671040589374454,0.0010276543291509582,0.0843812700776521,-0.0013455614454168637,4.117874610581527e-05,0.010931160270764542,-0.004550760138907606,0.07352836011984269,-0.06370020834152151,-0.0009132587475449852,0.011351200841197645,-0.0007202912520499617
7.596822023391724,-0.024713594826954115,0.0010243998218419648,0.08464429893390654,-0.0013550689947991186,3.979138406806858e-05,0.010964588048927972,-0.004576357714572309,0.07379649498230924,-0.06370822229213582,-0.0009180147058111227,0.011383171489075495,-0.0007174364903518523
7.6021809577941895,-0.024713594826954115,0.0010243998218419648,0.08464429893390654,-0.0013415183048511273,3.939347022738789e-05,0.010854942168438691,-0.004576357714572309,0.07379649498230924,-0.06370822229213582,-0.0009088345587530115,0.01126933977418474,-0.0007102621254483338
7.614650249481201,-0.024761801480727326,0.001020779819246736,0.08491287288963807,-0.0013665593278878612,3.712810392743432e-05,0.010961828156444477,-0.004601964970896384,0.07406485521962526,-0.06371620239899035,-0.0009202824689263023,0.011371863282143763,-0.0007095593118612275
7.618102073669434,-0.024761801480727326,0.001020779819246736,0.08491287288963807,-0.0013528937346089826,3.6756822888159975e-05,0.010852209874880033,-0.004601964970896384,0.07406485521962526,-0.06371620239899035,-0.0009110796442370393,0.011258144649322325,-0.0007024637187426152
7.63754415512085,-0.02480646423531197,0.0010171014282541091,0.0851788039800836,-0.0013622073043836852,3.521951219666592e-05,0.010880498103850512,-0.004627555886181967,0.07433322763349098,-0.06372411865196238,-0.0009151314895362606,0.011283600076368779,-0.0006995107921854582
7.645430326461792,-0.02480646423531197,0.0010171014282541091,0.0851788039800836,-0.0013485852313398483,3.4867317074699264e-05,0.010771693122812008,-0.004627555886181967,0.07433322763349098,-0.06372411865196238,-0.000905980174640898,0.011170764075605091,-0.0006925156842636036
7.651504755020142,-0.024841143160587643,0.0010135809554981678,0.08543583609390165,-0.0013918077205840097,3.15520446764402e-05,0.011087191518665893,-0.004653141622970743,0.0746017584713113,-0.06373194679241104,-0.0009390407740861481,0.01150112408819432,-0.0006984775675325743
7.671149730682373,-0.024861622223330066,0.0010103629583398921,0.08567943383837254,-0.0013882126971257373,3.069655705367027e-05,0.011100336128428282,-0.004678705447762037,0.07487020406708599,-0.06373965747919298,-0.0009426632736814059,0.01152276132190977,-0.0006954178090802371
7.68468165397644,-0.024861622223330066,0.0010103629583398921,0.08567943383837254,-0.00137433057015448,3.038959148313357e-05,0.010989332767144,-0.004678705447762037,0.07487020406708599,-0.06373965747919298,-0.0009332366409445918,0.011407533708690673,-0.0006884636309894347
7.700527667999268,-0.024904968939231713,0.0010062968612962015,0.0859432354709756,-0.0013877739783989189,2.842259956568653e-05,0.011045955846097265,-0.004704240231789296,0.07513840013167555,-0.06374734672233709,-0.0009400186008196457,0.011462709808717993,-0.0006864314724906986
7.709260940551758,-0.024904968939231713,0.0010062968612962015,0.0859432354709756,-0.0013738962386149296,2.8138373570029664e-05,0.010935496287636293,-0.004704240231789296,0.07513840013167555,-0.06374734672233709,-0.0009306184148114492,0.011348082710630814,-0.0006795671577657916
7.713795900344849,-0.024953904331391146,0.0010019556412644056,0.08621253803532665,-0.0014674336474777914,2.106197127011986e-05,0.011420128280466502,-0.004729760845795151,0.07540681566257527,-0.06375497309059427,-0.0009775875124083608,0.011826482612673774,-0.0006895883238342014
7.719141483306885,-0.024953904331391146,0.0010019556412644056,0.08621253803532665,-0.0014527593110030136,2.085135155741866e-05,0.011305926997661838,-0.004729760845795151,0.07540681566257527,-0.06375497309059427,-0.0009678116372842772,0.011708217786547036,-0.0006826924405958594
7.7365882396698,-0.024999235739945426,0.0009976475966010083,0.08647915429543851,-0.0014640541753759787,1.8965359308863304e-05,0.01134572200956076,-0.004755242478308684,0.07567524149998074,-0.06376250291315567,-0.0009727388905191036,0.011744989902179946,-0.0006801814029970357
7.747628927230835,-0.024999235739945426,0.0009976475966010083,0.08647915429543851,-0.001449413633622219,1.8775705715774673e-05,0.011232264789465152,-0.004755242478308684,0.07567524149998074,-0.06376250291315567,-0.0009630115016139126,0.011627540003158146,-0.0006733795889670653
7.754399299621582,-0.02503452946196112,0.0009935863139776226,0.08673683136519432,-0.0014866724392574612,1.5104677684425766e-05,0.011500617162918414,-0.004780700075679284,0.07594382529664818,-0.06376991056440477,-0.00099098285945825,0.011907969217239831,-0.0006775870690096036
7.760745525360107,-0.02503452946196112,0.0009935863139776226,0.08673683136519432,-0.0014718057148648865,1.4953630907581507e-05,0.01138561099128923,-0.004780700075679284,0.07594382529664818,-0.06376991056440477,-0.0009810730308636676,0.011788889525067433,-0.0006708111983195075
7.773355484008789,-0.025055577277739733,0.0009899106783123285,0.08698103857992213,-0.0014736058014925336,1.3595126509843318e-05,0.011465447552477514,-0.004806122629776264,0.0762123257248834,-0.06377716663283464,-0.0009914229964028622,0.011883927916666575,-0.0006698573228346444
7.778115510940552,-0.025055577277739733,0.0009899106783123285,0.08698103857992213,-0.0014588697434776083,1.3459175244744884e-05,0.011350793076952739,-0.004806122629776264,0.0762123257248834,-0.06377716663283464,-0.0009815087664388335,0.011765088637499909,-0.0006631587496062979
7.7930474281311035,-0.02509942255310209,0.000985441290443117,0.08724538991255094,-0.0014734541466554611,1.1278378028778563e-05,0.011414366979144906,-0.004831508186003232,0.07648057825486804,-0.06378436849465434,-0.0009886945473856312,0.011827088178167442,-0.0006613502948183739
7.797888517379761,-0.02509942255310209,0.000985441290443117,0.08724538991255094,-0.0014587196051889064,1.1165594248490777e-05,0.011300223309353458,-0.004831508186003232,0.07648057825486804,-0.06378436849465434,-0.000978807601911775,0.011708817296385768,-0.0006547367918701901
7.819643974304199,-0.025148792082959386,0.000980752011930945,0.08751518932864703,-0.0014666868044846714,9.469355596345425e-06,0.011311269083166639,-0.004856868012131671,0.07674905482611864,-0.0637914655503475,-0.0009806762914648624,0.01171513566559801,-0.0006514516196009778
7.825449466705322,-0.025148792082959386,0.000980752011930945,0.08751518932864703,-0.0014520199364398247,9.37466204038197e-06,0.011198156392334973,-0.004856868012131671,0.07674905482611864,-0.0637914655503475,-0.0009708695285502138,0.01159798430894203,-0.000644937103404968
7.835012197494507,-0.02519449895176862,0.0009761472684097098,0.08778225512631822,-0.0014849906503900995,5.895759541082006e-06,0.011365524486899672,-0.0048821788383944225,0.07701754720676703,-0.06379842123332717,-0.0009876290323814097,0.011762774035306607,-0.0006457614736619966
7.84238338470459,-0.02519449895176862,0.0009761472684097098,0.08778225512631822,-0.0014701407438861985,5.836801945671186e-06,0.011251869242030674,-0.0048821788383944225,0.07701754720676703,-0.06379842123332717,-0.0009777527420575956,0.011645146294953541,-0.0006393038589253766
7.853474378585815,-0.025230116101004126,0.0009718353784378176,0.08804034056944887,-0.0014873134574238133,3.420357782036215e-06,0.011372100487178825,-0.004907459450917891,0.07728620262095982,-0.06380520904544071,-0.0009907690352758197,0.011770923271645983,-0.0006390309320107199
7.858876943588257,-0.025230116101004126,0.0009718353784378176,0.08804034056944887,-0.0014724403228495752,3.386154204215853e-06,0.011258379482307037,-0.004907459450917891,0.07728620262095982,-0.06380520904544071,-0.0009808613449230614,0.011653214038929523,-0.0006326406226906127
7.872163534164429,-0.025250682985059513,0.001049977840810909,0.08828478990183869,-0.0014757415659957358,6.372410688276729e-05,0.011329030833772971,-0.004932585945228919,0.07755479026265313,-0.06381228572017558,-0.0009899638992162086,0.01173883130636122,-0.0006316403945334705
7.876912832260132,-0.025250682985059513,0.001049977840810909,0.08828478990183869,-0.0014609841503357784,6.308686581393961e-05,0.01121574052543524,-0.004932585945228919,0.07755479026265313,-0.06381228572017558,-0.0009800642602240464,0.011621442993297607,-0.0006253239905881358
7.89332914352417,-0.02529454997752065,0.001100052774673696,0.08854938785495448,-0.0014743822064697755,9.377364984990632e-05,0.011264385453894582,-0.00495770577611116,0.07782322563012563,-0.06381930584261221,-0.0009855653687144946,0.011668746032761385,-0.0006233470599722745
7.8976452350616455,-0.02529454997752065,0.001100052774673696,0.08854938785495448,-0.0014596383844050777,9.283591335140726e-05,0.011151741599355636,-0.00495770577611116,0.07782322563012563,-0.06381930584261221,-0.0009757097150273497,0.011552058572433771,-0.0006171135893725518
7.922102212905884,-0.025344072583103807,0.0011322701881470712,0.08881945629215618,-0.0014658278279163796,0.00010556362044818384,0.011150490726582422,-0.004982793709180149,0.07809190918637594,-0.06382629269367647,-0.0009762106036465234,0.011546397658644987,-0.0006137992459691982
7.928749084472656,-0.025344072583103807,0.0011322701881470712,0.08881945629215618,-0.0014511695496372157,0.00010450798424370201,0.011038985819316597,-0.004982793709180149,0.07809190918637594,-0.06382629269367647,-0.0009664484976100582,0.011430933682058537,-0.0006076612535095061
7.935536861419678,-0.025389948950689856,0.0011496378318614439,0.08908680909535187,-0.0015052163267049174,0.0001310083201757266,0.011322167602102393,-0.005007829917924066,0.07836067644319693,-0.06383317044194345,-0.0009936682664026426,0.01171258204820714,-0.0006117171899969545
7.940070152282715,-0.025389948950689856,0.0011496378318614439,0.08908680909535187,-0.0014901641634378683,0.00012969823697396931,0.01120894592608137,-0.005007829917924066,0.07836067644319693,-0.06383317044194345,-0.000983731583738616,0.011595456227725068,-0.0006056000180969849
7.953760623931885,-0.025425676738173662,0.0011550170731579473,0.08934519442743803,-0.0015014625141613323,0.00013356081135603234,0.0112855448912939,-0.005032830251377756,0.07862963264394641,-0.06383989690698791,-0.0009921553870900679,0.01167595669464018,-0.0006044572635782766
7.960345029830933,-0.025425676738173662,0.0011550170731579473,0.08934519442743803,-0.0014864478890197189,0.000132225203242472,0.011172689442380961,-0.005032830251377756,0.07862963264394641,-0.06383989690698791,-0.0009822338332191672,0.011559197127693778,-0.0005984126909424939
7.9779722690582275,-0.025415888075010624,0.0013565071302316313,0.08962115196362577,-0.0014711099304611053,0.0002472838207619369,0.011216042139012974,-0.005057600376652343,0.07889869696419367,-0.06384573619750046,-0.0009864636813667685,0.0115962463708338,-0.0005957412157973396
7.98231315612793,-0.025415888075010624,0.0013565071302316313,0.08962115196362577,-0.0014563988311564941,0.0002448109825543175,0.011103881717622844,-0.005057600376652343,0.07889869696419367,-0.06384573619750046,-0.0009765990445531009,0.011480283907125462,-0.0005897838036393662
7.9964823722839355,-0.025442341956935653,0.001481207824305089,0.0899061705829872,-0.0014643612680888267,0.0003319662037995773,0.011192878605633946,-0.005082479136144256,0.07916760324666637,-0.0638512829055967,-0.000984391371531761,0.011555263113519523,-0.0005878005844747387
8.011072635650635,-0.025442341956935653,0.001481207824305089,0.0899061705829872,-0.0014497176554079385,0.00032864654176158154,0.011080949819577607,-0.005082479136144256,0.07916760324666637,-0.0638512829055967,-0.0009745474578164433,0.011439710482384327,-0.0005819225786299913
8.016884326934814,-0.025481371608451663,0.0015559561993413048,0.0901904552820652,-0.001507890049103377,0.0004570026976604576,0.011457690630707226,-0.005107403642489435,0.07943684876882326,-0.06385640620341879,-0.0010076888213830157,0.011788595938507616,-0.0005849188552018923
8.02317214012146,-0.025481371608451663,0.0015559561993413048,0.0901904552820652,-0.0014928111486123433,0.000452432670683853,0.011343113724400153,-0.005107403642489435,0.07943684876882326,-0.06385640620341879,-0.0009976119331691856,0.01167070997912254,-0.0005790696666498734
8.036988735198975,-0.025521877397441113,0.0015896149673355784,0.0904668933295552,-0.0015081791069250085,0.0004734648075379874,0.011429462121657255,-0.005132342868888144,0.07970618097339624,-0.0638611243596352,-0.0010056860109076068,0.01174893672740456,-0.0005766938172666202
8.049267292022705,-0.025521877397441113,0.0015896149673355784,0.0904668933295552,-0.0014930973158557583,0.00046873015946260755,0.011315167500440683,-0.005132342868888144,0.07970618097339624,-0.0638611243596352,-0.0009956291507985308,0.011631447360130514,-0.000570926879093954
8.054572820663452,-0.025555899867671508,0.0015905449125742546,0.0907302531117845,-0.0015420814100324557,0.00046923657689440496,0.011698402468210542,-0.005157309149477518,0.07997574586970395,-0.06386544903350273,-0.0010327299619468755,0.012023215896839282,-0.0005733688694147215
8.059157848358154,-0.025555899867671508,0.0015905449125742546,0.0907302531117845,-0.0015266605959321311,0.0004645442111254609,0.011581418443528436,-0.005157309149477518,0.07997574586970395,-0.06386544903350273,-0.0010224026623274066,0.011902983737870888,-0.0005676351807205743
8.074911832809448,-0.02557269917777912,0.0017221620060538716,0.0909828803836193,-0.0015257652847825067,0.0005448882780069895,0.011624892377445932,-0.005182002317363746,0.08024533172637432,-0.06386928045981495,-0.0010278528722520812,0.01195507623307023,-0.0005643908652810969
8.079540252685547,-0.02557269917777912,0.0017221620060538716,0.0909828803836193,-0.0015105076319346816,0.0005394393952269196,0.011508643453671473,-0.005182002317363746,0.08024533172637432,-0.06386928045981495,-0.0010175743435295603,0.011835525470739528,-0.000558746956628286
8.094435453414917,-0.02561671132614949,0.00178221172557243,0.09125107169598956,-0.001526657484346225,0.0005752619819582801,0.011573112323020123,-0.00520678935566331,0.08051482066551467,-0.06387279712979813,-0.0010240395562988289,0.01189809355102887,-0.0005555204287150022
8.105292558670044,-0.02561671132614949,0.00178221172557243,0.09125107169598956,-0.0015113909095027629,0.0005695093621386972,0.011457381199789922,-0.00520678935566331,0.08051482066551467,-0.06387279712979813,-0.0010137991607358406,0.011779112615518582,-0.0005499652244278522
8.1138916015625,-0.025668494283024153,0.0017954189499378838,0.09152170018161242,-0.0015569556048371054,0.0005804417242832565,0.011657373030212836,-0.0052315993742669984,0.08078458316374848,-0.0638759638076296,-0.0010325132389622702,0.01197503372642,-0.0005481481655501547
8.119150161743164,-0.025668494283024153,0.0017954189499378838,0.09152170018161242,-0.0015413860487887344,0.0005746373070404239,0.011540799299910708,-0.0052315993742669984,0.08078458316374848,-0.0638759638076296,-0.0010221881065726475,0.0118552833891558,-0.0005426666838946532
8.134616613388062,-0.025717908620651177,0.0017721817986067411,0.0917872702899917,-0.001557103046718163,0.0005546354457779337,0.0115973129945626,-0.005256411957885633,0.08105444641823162,-0.06387879103677298,-0.0010280090672577763,0.011911213533441186,-0.0005390679923458983
8.139856576919556,-0.025717908620651177,0.0017721817986067411,0.0917872702899917,-0.0015415320162509814,0.0005490890913201543,0.011481339864616974,-0.005256411957885633,0.08105444641823162,-0.06387879103677298,-0.0010177289765851984,0.011792101398106774,-0.0005336773124224394
8.155542373657227,-0.02575783693825115,0.0017218541263761369,0.09204212479901987,-0.001549984495131193,0.0005124868958014166,0.011529427128047349,-0.005281237411400312,0.08132448975760839,-0.06388130200216992,-0.001023378395484427,0.011846338256558312,-0.0005299413284955592
8.160804748535156,-0.02575783693825115,0.0017218541263761369,0.09204212479901987,-0.0015344846501798809,0.0005073620268434024,0.011414132856766875,-0.005281237411400312,0.08132448975760839,-0.06388130200216992,-0.0010131446115295827,0.01172787487399273,-0.0005246419152106037
8.168917417526245,-0.02578361102424592,0.0016525944537540646,0.09228222453629231,-0.001546800958695332,0.0004194020198956433,0.011597051527822257,-0.005306069684202741,0.0815944820524148,-0.06388352692448533,-0.0010336224172273537,0.011943399417366628,-0.0005221380242176738
8.194276571273804,-0.02583192728480745,0.0015699996825066388,0.09254154310001647,-0.001548812932171292,0.0003831294567295164,0.011583770045750258,-0.005330908853717093,0.0818642160152108,-0.06388561799396944,-0.001033081145111295,0.011930330945276662,-0.0005177412257044162
8.199347496032715,-0.02583192728480745,0.0015699996825066388,0.09254154310001647,-0.001533324802849579,0.00037929816216222123,0.011467932345292755,-0.005330908853717093,0.0818642160152108,-0.06388561799396944,-0.0010227503336601822,0.011811027635823895,-0.000512563813447372
8.21025276184082,-0.025885297490492593,0.001480416669930683,0.09280570519148372,-0.0015629694687842963,0.0002943548498871571,0.011596575639129825,-0.0053557525614923935,0.0821341663914502,-0.0638875275468566,-0.0010353042170522147,0.011940458667481058,-0.0005091892127665125
8.23200535774231,-0.02593441527561451,0.0013888220499162095,0.09306677896885875,-0.001567894194901832,0.00024987715301614275,0.011601185398122799,-0.005380570555624965,0.08240409828055607,-0.06388925228414812,-0.0010363603851869657,0.011945145885907721,-0.0005048902086690046
8.240099668502808,-0.02593441527561451,0.0013888220499162095,0.09306677896885875,-0.0015522152529528137,0.0002473783814859813,0.01148517354414157,-0.005380570555624965,0.08240409828055607,-0.06388925228414812,-0.001025996781335096,0.011825694427048644,-0.0004998413065823145
8.252095460891724,-0.02597280466025386,0.0012990889196830661,0.09331871309279716,-0.001565109464598165,0.00017145516399155308,0.011581319701648224,-0.00540538231464751,0.08267415778626916,-0.06389080428267646,-0.001036420531794054,0.011932566008645791,-0.0004961366792690522
8.256480932235718,-0.02597280466025386,0.0012990889196830661,0.09331871309279716,-0.0015494583699521833,0.00016974061235163753,0.011465506504631741,-0.00540538231464751,0.08267415778626916,-0.06389080428267646,-0.0010260563264761135,0.011813240348559333,-0.0004911753124763617
8.273859024047852,-0.025996265713190064,0.0012141070718192514,0.09355713524309535,-0.0015451307549775692,0.00012037174744945436,0.0114886807652143,-0.005430179815020449,0.08294408740984871,-0.06389220022975138,-0.0010300651666884505,0.011850435484194623,-0.00048706683918807876
8.280268669128418,-0.025996265713190064,0.0012141070718192514,0.09355713524309535,-0.0015296794474277935,0.00011916802997495982,0.011373793957562156,-0.005430179815020449,0.08294408740984871,-0.06389220022975138,-0.001019764515021566,0.011731931129352677,-0.000482196170796198
8.290945053100586,-0.026041808848361686,0.0011345396711633536,0.09381573984516275,-0.001553445655884723,4.472387916995636e-05,0.011503259571269906,-0.005454969076165929,0.08321372351687906,-0.06389358087596823,-0.0010327856499471727,0.011867165592570497,-0.0004786673868349827
8.29586148262024,-0.026041808848361686,0.0011345396711633536,0.09381573984516275,-0.0015379111993258758,4.427664037825679e-05,0.011388226975557207,-0.005454969076165929,0.08321372351687906,-0.06389358087596823,-0.001022457793447701,0.011748493936644792,-0.00047388071296663287
8.313620567321777,-0.02609215421948358,0.001062281910275843,0.09407990446915324,-0.0015489085896312742,3.819794278458589e-06,0.011423633153575101,-0.005479747443899571,0.08348352277976612,-0.06389488017103903,-0.0010261857182182173,0.011782930826258467,-0.00046987352860505035
8.318950653076172,-0.02609215421948358,0.001062281910275843,0.09407990446915324,-0.0015334195037349616,3.781596335674003e-06,0.01130939682203935,-0.005479747443899571,0.08348352277976612,-0.06389488017103903,-0.0010159238610360352,0.011665101517995881,-0.00046517479331899985
8.33185601234436,-0.026138136252104795,0.0009983648538033536,0.09434149836126346,-0.0015513101669004238,-4.4733805731333446e-05,0.011399659877023786,-0.005504488430165695,0.08375328240694206,-0.06389608404952854,-0.0010249357169701792,0.011757479652311123,-0.00046145589697443325
8.338987588882446,-0.026138136252104795,0.0009983648538033536,0.09434149836126346,-0.0015357970652314196,-4.428646767402011e-05,0.011285663278253548,-0.005504488430165695,0.08375328240694206,-0.06389608404952854,-0.0010146863598004775,0.011639904855788011,-0.0004568413380046889
8.355567455291748,-0.026173369881940866,0.0009432511820322061,0.0945943113212692,-0.0015400781563143747,-7.60397164071056e-05,0.011325724072174708,-0.005529213126816544,0.08402314304795176,-0.0638971925590834,-0.001019451978631751,0.011686269869586086,-0.00045294151237287286
8.359235048294067,-0.026173369881940866,0.0009432511820322061,0.0945943113212692,-0.001524677374751231,-7.527931924303455e-05,0.011212466831452961,-0.005529213126816544,0.08402314304795176,-0.0638971925590834,-0.0010092574588454334,0.011569407170890226,-0.00044841209724914415
8.377456903457642,-0.026193710463250017,0.0008969559474864799,0.09483384588825255,-0.001519368229286879,-9.86987577779178e-05,0.011232123397602312,-0.005553917297958861,0.08429286795907562,-0.06389821069847848,-0.0010127223244410614,0.011601735849171698,-0.00044448672256562524
8.382631540298462,-0.026193710463250017,0.0008969559474864799,0.09483384588825255,-0.0015041745469940102,-9.771177020013863e-05,0.01111980216362629,-0.005553917297958861,0.08429286795907562,-0.06389821069847848,-0.0010025951011966509,0.011485718490679982,-0.000440041855339969
8.390811920166016,-0.026236153214860714,0.0008577649467200641,0.09509367612086439,-0.0015386578133010662,-0.00014286275361506115,0.011326864905323827,-0.005578608277372364,0.08456229245772484,-0.06389926771460878,-0.0010227523199314054,0.011700215813768412,-0.0004369335725399427
8.396922588348389,-0.026236153214860714,0.0008577649467200641,0.09509367612086439,-0.0015232712351680555,-0.00014143412607891054,0.011213596256270589,-0.005578608277372364,0.08456229245772484,-0.06389926771460878,-0.0010125247967320914,0.011583213655630727,-0.00043256423681454326
8.409249305725098,-0.026283425608354238,0.0008257086492278677,0.09535910104292965,-0.0015450919781540226,-0.00016497960433885985,0.011317133363349207,-0.005603289120395919,0.0848318865800254,-0.0639002802994435,-0.001022421783613919,0.011686088668805902,-0.0004290600498296698
8.413004636764526,-0.026283425608354238,0.0008257086492278677,0.09535910104292965,-0.0015296410583724824,-0.00016332980829547125,0.011203962029715714,-0.005603289120395919,0.0848318865800254,-0.0639002802994435,-0.0010121975657777797,0.011569227782117842,-0.0004247694493313731
8.434532880783081,-0.026326362093519278,0.0008003891004560623,0.09562193243964887,-0.0015336989845825652,-0.0001727837615105923,0.011214165957313029,-0.005627936446851897,0.08510144820719417,-0.06390122183037225,-0.0010135244228416745,0.011578748516066899,-0.0004209591016685478
8.438337087631226,-0.026326362093519278,0.0008003891004560623,0.09562193243964887,-0.0015183619947367396,-0.00017105592389548638,0.011102024297739899,-0.005627936446851897,0.08510144820719417,-0.06390122183037225,-0.0010033891786132578,0.01146296103090623,-0.0004167495106518623
8.471182107925415,-0.026375919634074173,0.000767541013637917,0.09611653897997322,-0.0015177689316951332,-0.00017806809958573102,0.011141718398179769,-0.005677204329347148,0.08564068786978601,-0.06390285631765195,-0.0010083553940135308,0.01151250841234871,-0.00041307965179737313
8.481056213378906,-0.026375919634074173,0.000767541013637917,0.09611653897997322,-0.001502591242378182,-0.00017628741858987372,0.011030301214197971,-0.005677204329347148,0.08564068786978601,-0.06390285631765195,-0.0009982718400733956,0.011397383328225224,-0.0004089488552793994
8.492501735687256,-0.02641532891394609,0.0007571734989557248,0.09637731407114072,-0.001521518312979958,-0.00018221587167625985,0.011147959031066404,-0.005701832354831051,0.0859099698086594,-0.06390367038720872,-0.0010098067290132521,0.011518682234463952,-0.00040557062265257653
8.497834205627441,-0.02641532891394609,0.0007571734989557248,0.09637731407114072,-0.0015063031298501585,-0.00018039371295949726,0.01103647944075574,-0.005701832354831051,0.0859099698086594,-0.06390367038720872,-0.0009997086617231196,0.011403495412119312,-0.0004015149164260508
8.509015798568726,-0.026459536948420816,0.0007499831557681647,0.09664354096842799,-0.001530416680476191,-0.0001837681290177077,0.011164297336628033,-0.0057264677026648775,0.08617944432575088,-0.06390442989090454,-0.001011743630791683,0.011530458783108427,-0.0003981790118916139
8.514076948165894,-0.026459536948420816,0.0007499831557681647,0.09664354096842799,-0.001515112513671429,-0.00018193044772753063,0.011052654363261753,-0.0057264677026648775,0.08617944432575088,-0.06390442989090454,-0.0010016261944837661,0.011415154195277343,-0.00039419722177269775
8.528879642486572,-0.026499382526584406,0.0007455807292944877,0.09690703157685251,-0.0015267028687278414,-0.00018202466919602255,0.01112016965557177,-0.005751090585845453,0.08644891208795762,-0.06390510426321094,-0.0010082439875610462,0.011483042325541743,-0.0003907108235820977
8.535516500473022,-0.026499382526584406,0.0007455807292944877,0.09690703157685251,-0.001511435840040563,-0.00018020442250406233,0.011008967959016052,-0.005751090585845453,0.08644891208795762,-0.06390510426321094,-0.0009981615476854356,0.011368211902286325,-0.00038680371534627675
8.550530672073364,-0.026528485914142485,0.0007435397121618108,0.09716153940176259,-0.0015156187147548795,-0.00017845172054020396,0.011068403653681102,-0.0057757290672212,0.08671852212129963,-0.06390568020386028,-0.0010045900825862324,0.01143410015219136,-0.00038331927621251805
8.555128574371338,-0.026528485914142485,0.0007435397121618108,0.09716153940176259,-0.0015004625276073306,-0.0001766672033348019,0.01095771961714429,-0.0057757290672212,0.08671852212129963,-0.06390568020386028,-0.0009945441817603702,0.011319759150669446,-0.00037948608345039287
8.587682008743286,-0.02657894263487838,0.0007433952551194516,0.09766355695369396,-0.0015009400733455981,-0.00017365147915565583,0.011002350708516864,-0.005825059829672657,0.08725729825745333,-0.06390664852970072,-0.000999752521226736,0.011372066719078528,-0.00037598867996843063
8.593225955963135,-0.02657894263487838,0.0007433952551194516,0.09766355695369396,-0.001485930672612142,-0.00017191496436409927,0.010892327201431696,-0.005825059829672657,0.08725729825745333,-0.06390664852970072,-0.0009897549960144686,0.011258346051887743,-0.00037222879316874634
8.610666036605835,-0.026619937689502614,0.0007436783371760307,0.09792988620671747,-0.0014945575242800288,-0.00016915100496262754,0.010936113700651763,-0.005849776191193697,0.0875267751057968,-0.06390706676259955,-0.00099402960616494,0.011300278418367787,-0.00036874631657015744
8.615648031234741,-0.026619937689502614,0.0007436783371760307,0.09792988620671747,-0.0014796119490372284,-0.00016745949491300127,0.010826752563645245,-0.005849776191193697,0.0875267751057968,-0.06390706676259955,-0.0009840893101032908,0.01118727563418411,-0.00036505885340445585
8.627130031585693,-0.026656548983582575,0.0007442779745147123,0.09819335976963763,-0.0014966907154718688,-0.0001637690410990376,0.010947943279203327,-0.005874513740720287,0.08779626536293522,-0.06390737724823646,-0.0009957930510124267,0.01131010959174345,-0.0003616786756241292
8.631420612335205,-0.026656548983582575,0.0007442779745147123,0.09819335976963763,-0.00148172380831715,-0.00016213135068804724,0.010838463846411293,-0.005874513740720287,0.08779626536293522,-0.06390737724823646,-0.0009858351205023024,0.011197008495826015,-0.00035806188886788794
8.656000852584839,-0.026682410669616883,0.0007451582125645656,0.09844774389002395,-0.0014774352512411408,-0.0001592891990430234,0.01083356198735703,-0.005899301540542965,0.08806591837284082,-0.06390756753168071,-0.0009860612109345197,0.011194741573720126,-0.0003545586831543118
8.661148071289062,-0.026682410669616883,0.0007451582125645656,0.09844774389002395,-0.0014626608987287294,-0.00015769630705259315,0.01072522636748346,-0.005899301540542965,0.08806591837284082,-0.06390756753168071,-0.0009762005988251745,0.011082794157982925,-0.00035101309632276867
8.673947095870972,-0.02669339856690491,0.0007462615256828759,0.09868853144790606,-0.001456660148438254,-0.0001531710022832808,0.010806076859342161,-0.005924137664737249,0.0883354941144432,-0.06390763693690403,-0.0009858432935899702,0.01118258831488974,-0.00034755719232259927
8.678272485733032,-0.02669339856690491,0.0007462615256828759,0.09868853144790606,-0.0014420935469538713,-0.000151639292260448,0.01069801609074874,-0.005924137664737249,0.0883354941144432,-0.06390763693690403,-0.0009759848606540704,0.011070762431740842,-0.0003440816203993733
8.690404415130615,-0.02672636969142226,0.0007460718609767908,0.09894922461341253,-0.001454812210322287,-0.0001487506377248803,0.010805916405246576,-0.0059490278221929205,0.08860482932654361,-0.0639077149567551,-0.0009867412519958352,0.01118206006584017,-0.00034070511371162303
8.695691585540771,-0.02672636969142226,0.0007460718609767908,0.09894922461341253,-0.0014402640882190641,-0.0001472631313476315,0.01069785724119411,-0.0059490278221929205,0.08860482932654361,-0.0639077149567551,-0.000976873839475877,0.011070239465181769,-0.0003372980625745068
8.704870223999023,-0.026764095380363624,0.0007451504267256282,0.09921515373693648,-0.001466866129284747,-0.00014495236254110386,0.01088061708519643,-0.005973991921278423,0.08887439469174209,-0.06390770611064164,-0.000994303142706844,0.01125322481781902,-0.0003339154442301686
8.728229999542236,-0.026797439959820087,0.0007437872677398515,0.09947815646413634,-0.001466427419238311,-0.00014328608937973022,0.010884404753528417,-0.005999012195692778,0.08914398427427751,-0.0639075851867135,-0.0009950709481061268,0.011256100177918877,-0.00033052452391026896
8.732949256896973,-0.026797439959820087,0.0007437872677398515,0.09947815646413634,-0.0014517631450459278,-0.00014185322848593292,0.010775560705993132,-0.005999012195692778,0.08914398427427751,-0.0639075851867135,-0.0009851202386250656,0.011143539176139689,-0.0003272192786711663
8.747881174087524,-0.02682004637431373,0.0007421950800036126,0.09973200842463284,-0.0014523196106096732,-0.00013997347641598337,0.01083781762481229,-0.006024116274308734,0.08941374517783567,-0.06390734601315111,-0.000992081397502003,0.011212764378805406,-0.0003237869098271315
8.754817008972168,-0.02682004637431373,0.0007421950800036126,0.09973200842463284,-0.0014377964145035765,-0.00013857374165182355,0.010729439448564167,-0.006024116274308734,0.08941374517783567,-0.06390734601315111,-0.000982160583526983,0.011100636735017351,-0.00032054904072886017
8.785240650177002,-0.026827797917557926,0.0007405255900016795,0.09997221014331896,-0.0014259406984343617,-0.00013680392190816828,0.010701097335047432,-0.006049299109479456,0.08968343521767957,-0.06390699312080876,-0.000980616367962382,0.011078275259982388,-0.00031722755751848397
8.78843641281128,-0.026827797917557926,0.0007405255900016795,0.09997221014331896,-0.0014116812914500181,-0.00013543588268908658,0.010594086361696958,-0.006049299109479456,0.08968343521767957,-0.06390699312080876,-0.0009708102042827583,0.010967492507382564,-0.0003140552819432991
8.811644554138184,-0.026892033545912682,0.0007335629788657788,0.10049752423758973,-0.0014250641531784085,-0.00013542211584589167,0.010714530155667463,-0.006099926609676565,0.09022257734533648,-0.06390625668855406,-0.0009829166454573223,0.011090124909320704,-0.00031059741278028984
8.817001104354858,-0.026892033545912682,0.0007335629788657788,0.10049752423758973,-0.0014108135116466245,-0.00013406789468743276,0.010607384854110788,-0.006099926609676565,0.09022257734533648,-0.06390625668855406,-0.000973087479002749,0.010979223660227496,-0.00030749143865248696
8.830151557922363,-0.026922160696888103,0.0007293762564301985,0.10075981844350873,-0.0014194333479507816,-0.0001343733185971208,0.010700804786751231,-0.006125375771945911,0.09049229147846029,-0.06390576255637331,-0.0009827089118260735,0.011074530154052496,-0.0003040407713094532
8.83550763130188,-0.026922160696888103,0.0007293762564301985,0.10075981844350873,-0.0014052390144712738,-0.00013302958541114957,0.010593796738883719,-0.006125375771945911,0.09049229147846029,-0.06390576255637331,-0.0009728818227078128,0.01096378485251197,-0.0003010003635963587
8.854150533676147,-0.026941560902000814,0.0007251449278519734,0.10101293177187066,-0.0014014729262972567,-0.0001326609935965536,0.01062365062582814,-0.006150933805198953,0.09076217783168922,-0.06390517386260505,-0.0009768622610867872,0.010998913279007122,-0.0002976745862914446
8.857843399047852,-0.026941560902000814,0.0007251449278519734,0.10101293177187066,-0.0013874581970342841,-0.00013133438366058807,0.010517414119569858,-0.006150933805198953,0.09076217783168922,-0.06390517386260505,-0.0009670936384759193,0.01088892414621705,-0.0002946978404285301
8.871743202209473,-0.02694611908467885,0.0007210750607077606,0.10125236828529674,-0.0013767253739532016,-0.00013078872247775496,0.010584520103365318,-0.0061765904930515285,0.09103199247609414,-0.06390449880743403,-0.0009758810122947297,0.010974148908577548,-0.000291265203944647
8.877065896987915,-0.02694611908467885,0.0007210750607077606,0.10125236828529674,-0.0013629581202136696,-0.00012948083525297742,0.010478674902331665,-0.0061765904930515285,0.09103199247609414,-0.06390449880743403,-0.0009661222021717825,0.010864407419491772,-0.00028835255190520054
8.89023208618164,-0.02697267014936841,0.0007158107426118873,0.10151164520201375,-0.0013692765813377076,-0.00013054383310366388,0.010570860830904541,-0.006202341390550783,0.09130157042083567,-0.06390387316241977,-0.0009760193330799512,0.01096051351315104,-0.00028499383572539713
8.896039724349976,-0.02697267014936841,0.0007158107426118873,0.10151164520201375,-0.0013555838155243304,-0.00012923839477262724,0.010465152222595496,-0.006202341390550783,0.09130157042083567,-0.06390387316241977,-0.0009662591397491516,0.01085090837801953,-0.00028214389736814317
8.909741878509521,-0.027003986705350938,0.0007100835780042264,0.1017761022236276,-0.0013646510630285344,-0.00013067411031774369,0.010553556125335498,-0.006228213337976813,0.09157138214183533,-0.063903213186216,-0.0009754782125956767,0.010939311194264695,-0.0002788407996741715
8.916430711746216,-0.027003986705350938,0.0007100835780042264,0.1017761022236276,-0.001351004552398249,-0.00012936736921456625,0.010448020564082143,-0.006228213337976813,0.09157138214183533,-0.063903213186216,-0.0009657234304697199,0.010829918082322048,-0.00027605239167742974
8.929241418838501,-0.027030932367641536,0.0007042996064253424,0.10203758386404616,-0.0013582834740765194,-0.00013089377896887544,0.010547705274996412,-0.006254184076436036,0.09184121629509143,-0.06390250282982508,-0.0009763388776588201,0.010932250642051696,-0.00027273736566658637
8.934234142303467,-0.027030932367641536,0.0007042996064253424,0.10203758386404616,-0.0013447006393357541,-0.0001295848411791867,0.010442228222246448,-0.006254184076436036,0.09184121629509143,-0.06390250282982508,-0.0009665754888822319,0.010822928135631179,-0.0002700099920099205
8.950004577636719,-0.02704715046371553,0.0006987458486565827,0.10228987110010196,-0.0013413574290874928,-0.00013016618457642652,0.010497817112596512,-0.00628027481523757,0.09211122052102765,-0.06390174286403287,-0.0009734538167978467,0.010885907968183674,-0.00026682799937338453
8.960405111312866,-0.02704715046371553,0.0006987458486565827,0.10228987110010196,-0.0013279438547966179,-0.00012886452273066224,0.010392838941470547,-0.00628027481523757,0.09211122052102765,-0.06390174286403287,-0.0009637192786298682,0.010777048888501837,-0.00026415971937965066
8.976125240325928,-0.027048526317339755,0.0006936136977665554,0.10252846900984657,-0.001315388330611685,-0.00012882672161881745,0.010440715418543758,-0.006306470377761249,0.09238115018125878,-0.06390094240441326,-0.0009707457929301424,0.010840987970197861,-0.00026100892813347054
8.981111288070679,-0.027048526317339755,0.0006936136977665554,0.10252846900984657,-0.001302234447305568,-0.00012753845440262928,0.01033630826435832,-0.006306470377761249,0.09238115018125878,-0.06390094240441326,-0.000961038335000841,0.010732578090495883,-0.0002583988388521358
9.00481629371643,-0.027100026079835065,0.000681130171688708,0.10305051494793993,-0.0013106551895514967,-0.00012965378723819705,0.010453232999616082,-0.0063591772614797985,0.09292076255300719,-0.06389954290190622,-0.0009736624469748169,0.010852888775834544,-0.00025522446777063
9.009922981262207,-0.027100026079835065,0.000681130171688708,0.10305051494793993,-0.0012975486376559818,-0.00012835724936581508,0.010348700669619921,-0.0063591772614797985,0.09292076255300719,-0.06389954290190622,-0.0009639258225050687,0.010744359888076198,-0.0002526722230929237
9.027843236923218,-0.02712377681210386,0.0006748795719882702,0.10331114396701817,-0.0012976419397725317,-0.00012926676164120535,0.01039069193261533,-0.0063856937558345915,0.09319070440728251,-0.06389885013943075,-0.0009690835040427053,0.01078755133558188,-0.0002497589201744346
9.0341796875,-0.02712377681210386,0.0006748795719882702,0.10331114396701817,-0.0012846655203748063,-0.0001279740940247933,0.010286785013289175,-0.0063856937558345915,0.09319070440728251,-0.06389885013943075,-0.0009593926690022783,0.010679675822226061,-0.0002472613309726902
9.050084352493286,-0.027136791402302,0.0006690144251118052,0.1035625720070955,-0.0012798174403388504,-0.00012865357042769873,0.010342038736116606,-0.0064123300138677,0.09346081267263237,-0.06389815487761366,-0.0009665461922235568,0.010742708648885897,-0.0002443515743359053
9.056517124176025,-0.027136791402302,0.0006690144251118052,0.1035625720070955,-0.0012670192659354619,-0.00012736703472342173,0.010238618348755441,-0.0064123300138677,0.09346081267263237,-0.06389815487761366,-0.0009568807303013213,0.010635281562397037,-0.00024190805859254625
9.074524402618408,-0.02713495676271263,0.0006637020052674218,0.10380030415547781,-0.0012531971912443168,-0.0001271940631491766,0.01026827513356468,-0.006439066989384196,0.09373084500071928,-0.06389746368018648,-0.0009621597944309874,0.010678886070391358,-0.00023910513464606275
9.078219175338745,-0.02713495676271263,0.0006637020052674218,0.10380030415547781,-0.0012406652193318736,-0.00012592212251768485,0.010165592382229034,-0.006439066989384196,0.09373084500071928,-0.06389746368018648,-0.0009525381964866776,0.010572097209687444,-0.00023671408329960212
9.095474481582642,-0.02715511198775282,0.0006574954105178376,0.10405787452241073,-0.0012397522917934852,-0.00012683353375320073,0.010213246438948024,-0.006465891269385467,0.09400063737656529,-0.06389690754356683,-0.0009585583398356595,0.010622729519318874,-0.00023402464356806195
9.110146760940552,-0.027180019333297546,0.0006510988639904387,0.10432061751964937,-0.0012440988551035773,-0.00012836764334293868,0.010290239035411972,-0.006492835611616313,0.09427065753381234,-0.06389641187711355,-0.0009673368712238168,0.010700536449933601,-0.00023134657201251177
9.114870071411133,-0.027180019333297546,0.0006510988639904387,0.10432061751964937,-0.0012316578665525415,-0.0001270839669095093,0.010187336645057853,-0.006492835611616313,0.09427065753381234,-0.06389641187711355,-0.0009576635025115787,0.010593531085434265,-0.00022903310629238664
9.134886503219604,-0.027200539307974548,0.0006448820635665313,0.10458037551388775,-0.0012294315525764302,-0.00012768376543982645,0.010215269982189872,-0.0065198752917627325,0.09454069570176343,-0.06389596098507759,-0.0009615956089070868,0.010622504019233602,-0.00022651751428371956
9.139390468597412,-0.027200539307974548,0.0006448820635665313,0.10458037551388775,-0.0012171372370506659,-0.00012640692778542818,0.010113117282367972,-0.0065198752917627325,0.09454069570176343,-0.06389596098507759,-0.0009519796528180159,0.010516278979041267,-0.00022425233914088235
9.153836488723755,-0.027210316903667646,0.0006390947247728557,0.10483092845739621,-0.001211539003885207,-0.0001271363012653995,0.010185465304348447,-0.006547027763048378,0.09481089909610883,-0.06389555241053053,-0.0009612556706720492,0.010598159673880005,-0.0002217269873001963
9.158177614212036,-0.027210316903667646,0.0006390947247728557,0.10483092845739621,-0.0011994236138463548,-0.00012586493825274552,0.010083610651304963,-0.006547027763048378,0.09481089909610883,-0.06389555241053053,-0.0009516431139653287,0.010492178077141204,-0.00021950971742719434
9.177063465118408,-0.027205242690539977,0.0006338916940947898,0.1050677813968212,-0.0011846228699988583,-0.0001255092132136588,0.01010820725475233,-0.0065742717955551274,0.09508102521910212,-0.06389518795254272,-0.0009565523142901052,0.010530287248129638,-0.00021712164086871362
9.183225631713867,-0.027205242690539977,0.0006338916940947898,0.1050677813968212,-0.0011727766412988696,-0.00012425412108152222,0.010007125182204805,-0.0065742717955551274,0.09508102521910212,-0.06389518795254272,-0.0009469867911472041,0.01042498437564834,-0.00021495042446002647
9.19331669807434,-0.02722215647963436,0.0006277916688290267,0.1053244719695007,-0.0011775026127659603,-0.000126464719089312,0.010161491994428402,-0.00660159144429383,0.09535091095322965,-0.06389499202984475,-0.0009645900270711335,0.010588184694725642,-0.0002126067656127615
9.203108310699463,-0.02722215647963436,0.0006277916688290267,0.1053244719695007,-0.0011657275866383007,-0.0001252000718984189,0.010059877074484119,-0.00660159144429383,0.09535091095322965,-0.06389499202984475,-0.0009549441268004222,0.010482302847778386,-0.0002104806979566339
9.208025455474854,-0.02724382079653961,0.0006214994588809767,0.1055863327439514,-0.001197461916827475,-0.00013178986002291497,0.010491967634853216,-0.006629023784694731,0.09562102225161143,-0.06389489401714506,-0.001001183851103043,0.010926805313505362,-0.00020817656249647656
9.21158766746521,-0.02724382079653961,0.0006214994588809767,0.1055863327439514,-0.0011854872976592003,-0.00013047196142268583,0.010387047958504684,-0.006629023784694731,0.09562102225161143,-0.06389489401714506,-0.0009911720125920125,0.010817537260370307,-0.0002060947968715118
9.229416370391846,-0.027261098852360385,0.0006153824410330381,0.10584520540673667,-0.0011831491695563194,-0.00013112499781524215,0.010428413761036594,-0.0066565451883555254,0.09589115038188879,-0.06389487431941411,-0.0009966968633563272,0.01086087494588919,-0.00020402280057750492
9.234834909439087,-0.027261098852360385,0.0006153824410330381,0.10584520540673667,-0.001171317677860756,-0.00012981374783708972,0.010324129623426229,-0.0066565451883555254,0.09589115038188879,-0.06389487431941411,-0.000986729894722764,0.010752266196430297,-0.00020198257257172988
9.252214670181274,-0.027267639153245343,0.0006096882522152524,0.10609486977451951,-0.00116321238012628,-0.00013002669646115832,0.010364570439426906,-0.006684173236072258,0.09616144178329313,-0.0638949250842556,-0.0009927592747497574,0.010800264318332845,-0.00019999195601766708
9.257829666137695,-0.027267639153245343,0.0006096882522152524,0.10609486977451951,-0.0011515802563250171,-0.00012872642949654674,0.010260924735032637,-0.006684173236072258,0.09616144178329313,-0.0638949250842556,-0.0009828316820022598,0.010692261675149516,-0.0001979920364574904
9.268462657928467,-0.02725933622438465,0.0006045702442906819,0.10633083120717418,-0.0011320548420009212,-0.0001288041663026031,0.0103802617927089,-0.0067118851842517336,0.09643165526367399,-0.06389504296399283,-0.0009990655955730546,0.010839466481514614,-0.00019612297834086496
9.28238320350647,-0.02727302775848999,0.0005985226297596191,0.1065866276052658,-0.0011303538163195276,-0.00012987016629675775,0.010460257819177272,-0.006739663904377227,0.09670162828525078,-0.06389534680383194,-0.0010090301345986102,0.010925010351697259,-0.00019438001574921654
9.304709672927856,-0.027291479863133624,0.0005922591341711519,0.10684759125145016,-0.0011271716503136356,-0.00013021765774265214,0.010472570726575968,-0.006767551106382203,0.09697182397473361,-0.06389576996334113,-0.0010114304789873513,0.010936780587036017,-0.00019262574824966964
9.30793309211731,-0.027291479863133624,0.0005922591341711519,0.10684759125145016,-0.0011158999338104993,-0.00012891548116522562,0.010367845019310208,-0.006767551106382203,0.09697182397473361,-0.06389576996334113,-0.0010013161741974778,0.010827412781165656,-0.00019069949076717295
9.323219299316406,-0.027305559061087722,0.0005861523921183617,0.10710556413804116,-0.0011137527165668217,-0.00012980236735103432,0.010432969100012941,-0.006795524067245871,0.09724203493534143,-0.0638962925378134,-0.0010096024902130213,0.010895906478811572,-0.00018913435598572997
9.327620267868042,-0.027305559061087722,0.0005861523921183617,0.10710556413804116,-0.0011026151894011535,-0.00012850434367752398,0.010328639409012812,-0.006795524067245871,0.09724203493534143,-0.0638962925378134,-0.000999506465310891,0.010786947414023456,-0.00018724301242587266
9.34830379486084,-0.027308917468786723,0.0005804544719838103,0.10735432659843443,-0.0010930857011367016,-0.00012841374488499054,0.010345647693813768,-0.006823600604624311,0.09751240714908664,-0.0638969051719609,-0.0010030857477158134,0.010809796561441022,-0.00018566677653759157
9.351773023605347,-0.027308917468786723,0.0005804544719838103,0.10735432659843443,-0.0010821548441253346,-0.00012712960743614063,0.01024219121687563,-0.006823600604624311,0.09751240714908664,-0.0638969051719609,-0.0009930548902386553,0.010701698595826611,-0.00018381010877221564
9.368662595748901,-0.02729745293446079,0.0005753222979678459,0.10758938459045558,-0.0010644231416702232,-0.00012662695494286848,0.01027896159170152,-0.006851757277783882,0.09778270015511002,-0.0638975992391803,-0.0009997953812656704,0.01075471704695698,-0.00018238295191298358
9.371550798416138,-0.02729745293446079,0.0005753222979678459,0.10758938459045558,-0.001053778910253521,-0.0001253606853934398,0.010176171975784505,-0.006851757277783882,0.09778270015511002,-0.0638975992391803,-0.0009897974274530137,0.01064716987648741,-0.00018055912239385374
9.384342193603516,-0.027307999556421172,0.000569229209820926,0.10784427401593273,-0.0010512546312618635,-0.00012658479306157757,0.01027372313147043,-0.006879975539789529,0.09805275084062828,-0.06389848677386822,-0.0010019598004606094,0.010751817200755095,-0.00017944738408816427
9.389388799667358,-0.027307999556421172,0.000569229209820926,0.10784427401593273,-0.0010407420849492448,-0.0001253189451309618,0.010170985900155726,-0.006879975539789529,0.09805275084062828,-0.06389848677386822,-0.0009919402024560033,0.010644299028747544,-0.00017765291024728262
9.401784658432007,-0.02732332754779917,0.0005629006706846467,0.10810432824602403,-0.001042444457675241,-0.0001269629564460131,0.010279120349433474,-0.006908302662581921,0.09832302220308178,-0.06389950697449649,-0.0010048728862209145,0.010755889631440559,-0.00017669939845053924
9.406815528869629,-0.02732332754779917,0.0005629006706846467,0.10810432824602403,-0.0010320200130984887,-0.00012569332688155296,0.010176329145939139,-0.006908302662581921,0.09832302220308178,-0.06389950697449649,-0.0009948241573587053,0.010648330735126154,-0.00017493240446603384
9.420124769210815,-0.0273343065971879,0.0005567163527685051,0.10836139007721192,-0.001029722851206047,-0.00012688088937462902,0.010267756950747995,-0.00693671713028156,0.09859330633528629,-0.06390063714964686,-0.0010062253444311007,0.0107449274873994,-0.00017403224620499152
9.423355340957642,-0.0273343065971879,0.0005567163527685051,0.10836139007721192,-0.0010194256226939865,-0.00012561208048088272,0.010165079381240515,-0.00693671713028156,0.09859330633528629,-0.06390063714964686,-0.0009961630909867897,0.010637478212525406,-0.0001722919237429416
9.44221305847168,-0.027334590963837342,0.0005509338142088624,0.10860924065107574,-0.0010092442624161568,-0.00012562839019464466,0.010194886080056557,-0.006965237497190142,0.09886374954938197,-0.06390186304951671,-0.0010013254361823816,0.010674515915975014,-0.00017121908311069873
9.445618867874146,-0.027334590963837342,0.0005509338142088624,0.10860924065107574,-0.0009991518197919951,-0.0001243721062926982,0.010092937219255992,-0.006965237497190142,0.09886374954938197,-0.06390186304951671,-0.0009913121818205578,0.010567770756815264,-0.00016950689227959175
9.465746641159058,-0.027320079905632802,0.0005457143705211779,0.10884338669924525,-0.0009818499067042283,-0.00012373562734279667,0.010108353030102274,-0.006993839708410336,0.09913411192944632,-0.06390317082220792,-0.0009956093806450408,0.010596416094443081,-0.00016846155876105385
9.470240116119385,-0.027320079905632802,0.0005457143705211779,0.10884338669924525,-0.000972031407637186,-0.0001224982710693687,0.01000726949980125,-0.006993839708410336,0.09913411192944632,-0.06390317082220792,-0.0009856532868385904,0.01049045193349865,-0.0001667769431734433
9.48070502281189,-0.02732760521635893,0.0005395106425385265,0.10909736132638972,-0.0009692197817550411,-0.00012426578529533183,0.010149944700916739,-0.007022504812632211,0.09940423159862688,-0.06390466702100095,-0.0010031884021369341,0.010643666934115066,-0.00016653890344402807
9.483891487121582,-0.02732760521635893,0.0005395106425385265,0.10909736132638972,-0.0009595275839374908,-0.0001230231274423785,0.010048445253907572,-0.007022504812632211,0.09940423159862688,-0.06390466702100095,-0.0009931565181155648,0.010537230264773916,-0.0001648735144095878
9.502840518951416,-0.027339939657975168,0.0005330597624841891,0.10935649966984652,-0.0009562742859868295,-0.000123676760753028,0.01008475065440845,-0.007051283950586324,0.09967456856974898,-0.0639062978282807,-0.0009984126090703824,0.010574523283262251,-0.00016408540755214553
9.505954027175903,-0.027339939657975168,0.0005330597624841891,0.10935649966984652,-0.0009467115431269612,-0.00012243999314549774,0.009983903147864365,-0.007051283950586324,0.09967456856974898,-0.0639062978282807,-0.0009884284829796786,0.010468778050429629,-0.00016244455347662408
9.520481586456299,-0.027347953871957462,0.0005267483804923363,0.10961264566262766,-0.0009425536434739667,-0.00012344270182714336,0.010060422946066162,-0.007080157051549844,0.09994491649129089,-0.06390804045992138,-0.0009984189069060067,0.010550183416285261,-0.00016201964298215524
9.523950576782227,-0.027347953871957462,0.0005267483804923363,0.10961264566262766,-0.000933128107039227,-0.00012220827480887193,0.009959818716605501,-0.007080157051549844,0.09994491649129089,-0.06390804045992138,-0.0009884347178369466,0.010444681582122408,-0.0001603994465523337
9.545175790786743,-0.02734530251953801,0.0005208394277837221,0.10985958133634365,-0.0009224253004686067,-0.0001221055474795577,0.009976583802628223,-0.007109143377143419,0.10021542070064478,-0.06390987908548995,-0.0009922069234676119,0.01046767951635003,-0.00015966169803758473
9.55070424079895,-0.02734530251953801,0.0005208394277837221,0.10985958133634365,-0.0009132010474639207,-0.00012088449200476213,0.009876817964601941,-0.007109143377143419,0.10021542070064478,-0.06390987908548995,-0.0009822848542329358,0.010363002721186529,-0.0001580650810572089
9.560199975967407,-0.02732788456256759,0.0005154980654921641,0.11009281409251755,-0.0008855134956473659,-0.00012092518122747649,0.010023700448417229,-0.007138218147928883,0.10048584172587302,-0.0639117948107249,-0.0010030807732422167,0.010544154251622279,-0.00015850188882247232
9.564263343811035,-0.02732788456256759,0.0005154980654921641,0.11009281409251755,-0.0008766583606908923,-0.00011971592941520173,0.009923463443933056,-0.007138218147928883,0.10048584172587302,-0.0639117948107249,-0.0009930499655097945,0.010438712709106056,-0.0001569168699342476
9.57801866531372,-0.027332532702559142,0.0005091548734719745,0.11034587435501214,-0.000871055452181451,-0.00012079329275338677,0.010008244004868995,-0.007167361026184199,0.10075601718794569,-0.06391388788914001,-0.0010043060867923651,0.010530740810855645,-0.00015686935117577175
9.583471298217773,-0.027332532702559142,0.0005091548734719745,0.11034587435501214,-0.0008623448976596364,-0.0001195853598258529,0.009908161564820306,-0.007167361026184199,0.10075601718794569,-0.06391388788914001,-0.0009942630259244414,0.010425433402747089,-0.00015530065766401402
9.603110790252686,-0.027342019469938385,0.0005025580314145278,0.1106040990878883,-0.0008583896539128224,-0.00012021128090688549,0.009940595448293501,-0.007196627704803544,0.10102640886154089,-0.0639161130409961,-0.000999222348611495,0.01045885659780975,-0.00015488064976785715
9.608139038085938,-0.027342019469938385,0.0005025580314145278,0.1106040990878883,-0.0008498057573736942,-0.00011900916809781663,0.009841189493810566,-0.007196627704803544,0.10102640886154089,-0.0639161130409961,-0.0009892301251253801,0.010354268031831653,-0.00015333184327017858
9.623159885406494,-0.027347215027199903,0.0004961002431023156,0.1108593332358371,-0.0008445650693979992,-0.00011997802222978112,0.009912737654170025,-0.0072259974181351225,0.10129680887126544,-0.06391844737920709,-0.0009988904580929593,0.010430741833908767,-0.00015335259043788076
9.62761378288269,-0.027347215027199903,0.0004961002431023156,0.1108593332358371,-0.0008361194187040192,-0.00011877824200748331,0.009813610277628325,-0.0072259974181351225,0.10129680887126544,-0.06391844737920709,-0.0009889015535120298,0.01032643441556968,-0.00015181906453350195
9.644798755645752,-0.027341773055675134,0.0004900487853101095,0.1111053593439434,-0.0008244399246100574,-0.00011897209551413723,0.009858665533173161,-0.007255488778391274,0.10156736391062574,-0.06392087215235873,-0.000996173670940438,0.010380607061911778,-0.00015171185846467598
9.651479721069336,-0.027341773055675134,0.0004900487853101095,0.1111053593439434,-0.0008161955253639568,-0.00011778237455899586,0.00976007887784143,-0.007255488778391274,0.10156736391062574,-0.06392087215235873,-0.0009862119342310335,0.01027680099129266,-0.0001501947398800292
9.673474788665771,-0.02732159153069149,0.00048457193103187426,0.1113376850455303,-0.0007987664421911222,-0.00011713662252963766,0.00976811830565121,-0.007285075321189924,0.10183783321468846,-0.06392336446393235,-0.000989801259249569,0.010297001143617417,-0.00014982591542467679
9.678767442703247,-0.02732159153069149,0.00048457193103187426,0.1113376850455303,-0.0007907787777692109,-0.00011596525630434128,0.009670437122594699,-0.007285075321189924,0.10183783321468846,-0.06392336446393235,-0.0009799032466570733,0.010194031132181243,-0.00014832765627043003
9.683795928955078,-0.027323509058299555,0.0004780772362130406,0.11158983875745787,-0.0007860911782131565,-0.00012105793930612327,0.010075299905469449,-0.00731473532848927,0.1021080554396225,-0.06392602101782173,-0.0010290881823549689,0.01062947366611556,-0.0001521273888606594
9.700723648071289,-0.027330296606494987,0.0004713232248159353,0.11184715837380574,-0.0007820502733379465,-0.00012197616003252864,0.010126596206435544,-0.007344527305807076,0.1023784911711977,-0.06392880611272242,-0.001036396823014797,0.010682938038002123,-0.00015225140154703057
9.704221725463867,-0.027330296606494987,0.0004713232248159353,0.11184715837380574,-0.000774229770604567,-0.00012075639843220335,0.010025330244371189,-0.007344527305807076,0.1023784911711977,-0.06392880611272242,-0.001026032854784649,0.010576108657622102,-0.00015072888753156027
9.722803831100464,-0.02733282343336456,0.0004647083488733742,0.11210148903581085,-0.0007676831333551424,-0.00012130727150080366,0.010061978072658734,-0.0073744302016438435,0.10264893378235283,-0.06393169922420996,-0.0010318648337618846,0.010615886842237252,-0.00015077853280790902
9.727515459060669,-0.02733282343336456,0.0004647083488733742,0.11210148903581085,-0.0007600063020215909,-0.00012009419878579562,0.009961358291932147,-0.0073744302016438435,0.10264893378235283,-0.06393169922420996,-0.0010215461854242657,0.01050972797381488,-0.00014927074747982994
9.742021560668945,-0.02732474242301697,0.00045850422340750385,0.11234661323217864,-0.0007466547901079379,-0.00012054053119210935,0.010030757955430859,-0.0074044607515312355,0.10291952916148246,-0.0639346837046735,-0.0010320327362115574,0.010591169701204077,-0.00014983543664000263
9.74693751335144,-0.02732474242301697,0.00045850422340750385,0.11234661323217864,-0.0007391882422068585,-0.00011933512588018825,0.00993045037587655,-0.0074044607515312355,0.10291952916148246,-0.0639346837046735,-0.0010217124088494419,0.010485258004192036,-0.0001483370822736026
9.771155595779419,-0.027301950606549292,0.00045288200209648747,0.11257803839400111,-0.0007223018518920727,-0.0001186251319930902,0.009926717517222648,-0.0074345895519006425,0.1031900368294156,-0.06393773458410473,-0.0010239359065397388,0.01049210199167878,-0.0001481134641337223
9.774476051330566,-0.027301950606549292,0.00045288200209648747,0.11257803839400111,-0.0007150788333731519,-0.0001174388806731593,0.009827450342050422,-0.0074345895519006425,0.1031900368294156,-0.06393773458410473,-0.0010136965474743414,0.010387180971761991,-0.00014663232949238506
9.78422737121582,-0.027301297206316726,0.0004462255212645483,0.11282929189901714,-0.000706949341984736,-0.0001195222063118918,0.009986897392407481,-0.007464791575457616,0.10346029620562983,-0.06394094504375739,-0.0010345318236164947,0.01056046074705484,-0.00014845833963583776
9.803252458572388,-0.027305550981533224,0.0004393038950673581,0.11308571165406255,-0.0007019451476269967,-0.000120244063347298,0.010021842707638902,-0.007495127393451642,0.10373076820536936,-0.06394429084800103,-0.0010401316715840235,0.010597022109532478,-0.00014873238377213603
9.807201623916626,-0.027305550981533224,0.0004393038950673581,0.11308571165406255,-0.0006949256961507268,-0.00011904162271382502,0.009921624280562513,-0.007495127393451642,0.10373076820536936,-0.06394429084800103,-0.0010297303548681832,0.010491051888437153,-0.00014724505993441467
9.825118064880371,-0.027305580273496676,0.0004325211429818738,0.11333914250725724,-0.0006878207240602732,-0.00011969916058293248,0.009963893636832411,-0.007525574509972484,0.10400124577998122,-0.06394775220570127,-0.001036427004852155,0.010537107499019671,-0.00014770455424937854
9.829675436019897,-0.027305580273496676,0.0004325211429818738,0.11333914250725724,-0.0006809425168196705,-0.00011850216897710315,0.009864254700464087,-0.007525574509972484,0.10400124577998122,-0.06394775220570127,-0.0010260627348036334,0.010431736424029475,-0.00014622750870688474
9.845534086227417,-0.027295036609346193,0.000426152751066681,0.11358336668751447,-0.0006673176855116787,-0.00011884602885285972,0.009919643506783057,-0.0075561484200709125,0.10427187499985587,-0.06395131030827049,-0.0010350811190349884,0.010498069913634432,-0.00014700886881112028
9.849414348602295,-0.027295036609346193,0.000426152751066681,0.11358336668751447,-0.0006606445086565619,-0.00011765756856433113,0.009820447071715227,-0.0075561484200709125,0.10427187499985587,-0.06395131030827049,-0.0010247303078446386,0.010393089214498089,-0.00014553878012300907
9.867895603179932,-0.02726981538665436,0.0004203725976832631,0.11381389153033074,-0.0006402809970651499,-0.00011712594837068256,0.009846994201073702,-0.007586817490037773,0.10454241602695881,-0.06395493786161131,-0.0010310776952608366,0.01043554504408049,-0.00014604622083300633
9.881587028503418,-0.02726981538665436,0.0004203725976832631,0.11381389153033074,-0.0006338781870944984,-0.00011595468888697574,0.009748524259062965,-0.007586817490037773,0.10454241602695881,-0.06395493786161131,-0.0010207669183082283,0.010331189593639685,-0.00014458575862467626
9.88681674003601,-0.02726677939248129,0.00041354053356114346,0.1140642445775377,-0.0006211512870022226,-0.0001209757141202342,0.010129866232556751,-0.007617554400403833,0.10481270735311725,-0.06395872575101168,-0.0010693328739694607,0.010744715623607846,-0.00015038291889277387
9.890612363815308,-0.02726677939248129,0.00041354053356114346,0.1140642445775377,-0.0006149397741322003,-0.00011976595697903186,0.010028567570231184,-0.007617554400403833,0.10481270735311725,-0.06395872575101168,-0.0010586395452297662,0.010637268467371768,-0.00014887908970384614
9.904478073120117,-0.027268695472477258,0.0004064362794812634,0.11431976311261208,-0.0006099348827962171,-0.00012124794226241859,0.0101126107000318,-0.007648422089025758,0.10508321030404691,-0.06396265864931025,-0.0010703150391214336,0.010725983495113766,-0.00015022671936930164
9.913036346435547,-0.027268695472477258,0.0004064362794812634,0.11431976311261208,-0.000603835533968255,-0.0001200354628397944,0.010011484593031481,-0.007648422089025758,0.10508321030404691,-0.06396265864931025,-0.0010596118887302192,0.010618723660162628,-0.00014872445217560862
9.922505378723145,-0.0272664307057697,0.0003994696551287948,0.11457229162252355,-0.0005950750435696432,-0.0001224048840193367,0.010178123950974272,-0.007679397643210418,0.1053537173670594,-0.06396671888018328,-0.0010817282511650379,0.010798211933789003,-0.00015152511242564977
9.92644715309143,-0.0272664307057697,0.0003994696551287948,0.11457229162252355,-0.0005891242931339467,-0.00012118083517914335,0.01007634271146453,-0.007679397643210418,0.1053537173670594,-0.06396671888018328,-0.0010709109686533875,0.010690229814451113,-0.00015000986130139326
9.946667909622192,-0.027253634948884258,0.00039292046364695704,0.11481561216826844,-0.0005767722058643757,-0.00012119877374959636,0.010095935979202162,-0.007710495449383192,0.10562437474991983,-0.06397088942270544,-0.0010755810096556345,0.010717178780698555,-0.00015057226836951904
9.951462745666504,-0.027253634948884258,0.00039292046364695704,0.11481561216826844,-0.000571004483805732,-0.0001199867860121004,0.00999497661941014,-0.007710495449383192,0.10562437474991983,-0.06397088942270544,-0.0010648251995590782,0.01061000699289157,-0.00014906654568582384
9.967741966247559,-0.027226201419151413,0.00038696545063893894,0.11504523204298053,-0.000548315748711069,-0.00011954929504587985,0.010036097988756966,-0.007741681389671352,0.10589494209477027,-0.06397514100364218,-0.0010733338476944761,0.010670111037897565,-0.00015018754146641316
9.994112491607666,-0.027226201419151413,0.00038696545063893894,0.11504523204298053,-0.0005428325912239583,-0.00011835380209542104,0.009935737008869397,-0.007741681389671352,0.10589494209477027,-0.06397514100364218,-0.0010626005092175313,0.010563409927518589,-0.00014868566605174904
9.999396085739136,-0.02722100885737892,0.00037994011174292096,0.11529467987752266,-0.0005269895832199981,-0.00012344816427193326,0.010308612725200988,-0.007772925407921122,0.10616525796465023,-0.06397956091507861,-0.0011111085281861315,0.0109693894441908,-0.00015556415942844637
10.004562139511108,-0.027220822182891437,0.0003726350402706035,0.11554929235924098,-0.0005207092919650002,-0.00012959654482818305,0.010698514454125155,-0.00780429394559791,0.10643578476576346,-0.0639841424113751,-0.00116071794458966,0.011383357929302335,-0.00016287698204050754
10.009910583496094,-0.027220822182891437,0.0003726350402706035,0.11554929235924098,-0.0005155021990453502,-0.00012830057937990123,0.010591529309583904,-0.00780429394559791,0.10643578476576346,-0.0639841424113751,-0.0011491107651437635,0.011269524350009311,-0.00016124821222010245
10.026964664459229,-0.027216507431591732,0.0003654657935993327,0.11580091374998498,-0.0005076300905410079,-0.00012905871023564464,0.010633194342519527,-0.007835763393832603,0.10670631288533516,-0.06398886753899462,-0.0011560723951700225,0.011315458656912138,-0.0001624064027772075
10.030382871627808,-0.027216507431591732,0.0003654657935993327,0.11580091374998498,-0.0005025537896355978,-0.00012776812313328818,0.010526862399094332,-0.007835763393832603,0.10670631288533516,-0.06398886753899462,-0.0011445116712183222,0.011202304070343016,-0.00016078233874943542
10.04295039176941,-0.027201712321813554,0.00035871616975633364,0.11604332608419093,-0.0004855376173804015,-0.00012854452289420105,0.01061452257787973,-0.007867347690136871,0.1069769899917013,-0.0639937168235604,-0.0011581982399527506,0.011305659324893021,-0.00016303310043771629
10.048770666122437,-0.027201712321813554,0.00035871616975633364,0.11604332608419093,-0.00048068224120659746,-0.00012725907766525903,0.010508377352100933,-0.007867347690136871,0.1069769899917013,-0.0639937168235604,-0.0011466162575532231,0.01119260273164409,-0.00016140276943333912
10.068392276763916,-0.027172327014494756,0.00035256575553723623,0.11627203686915848,-0.0004607918467113358,-0.0001266614424542947,0.010519871885794917,-0.007899011014068208,0.10724757541303104,-0.06399865877279204,-0.0011512870597304218,0.011218578442504906,-0.00016230736741246855
10.074610948562622,-0.027172327014494756,0.00035256575553723623,0.11627203686915848,-0.00045618392824422246,-0.00012539482802975175,0.010414673166936967,-0.007899011014068208,0.10724757541303104,-0.06399865877279204,-0.0011397741891331175,0.011106392658079856,-0.00016068429373834386
10.08771014213562,-0.027165247446704694,0.00034532562693556114,0.11652057652881108,-0.00044597527109730225,-0.00012676505760888653,0.010500310885054345,-0.007930721631355248,0.10751790809087218,-0.06400377891905551,-0.0011525845155555537,0.011201702258491125,-0.00016298620001894685
10.09486722946167,-0.027165247446704694,0.00034532562693556114,0.11652057652881108,-0.0004415155183863292,-0.00012549740703279765,0.0103953077762038,-0.007930721631355248,0.10751790809087218,-0.06400377891905551,-0.001141058670399998,0.011089685235906213,-0.00016135633801875738
10.103394508361816,-0.027163237515197513,0.0003377972708355145,0.11677428120921185,-0.00043434059132673976,-0.00012887447682862654,0.010588957456493266,-0.007962549663471132,0.1077884493051726,-0.06400907584265277,-0.001166973041034191,0.01129605397022308,-0.00016595451423250416
10.107437133789062,-0.027163237515197513,0.0003377972708355145,0.11677428120921185,-0.0004299971854134724,-0.00012758573206034026,0.010483067881928333,-0.007962549663471132,0.1077884493051726,-0.06400907584265277,-0.001155303310623849,0.011183093430520848,-0.0001642949690901791
10.133443832397461,-0.027157161892566374,0.00033040222403687015,0.1170249951517469,-0.00042323523890192623,-0.00012770196114095524,0.010474665884812513,-0.007994472090043699,0.10805899022822517,-0.06401453286109887,-0.0011560249714544482,0.01117528989589689,-0.00016475033204106103
10.138575077056885,-0.027157161892566374,0.00033040222403687015,0.1170249951517469,-0.00041900288651290694,-0.0001264249415295457,0.010369919225964388,-0.007994472090043699,0.10805899022822517,-0.06401453286109887,-0.0011444647217399037,0.01106353699693792,-0.0001631028287206504
10.147677183151245,-0.02714066569527627,0.0003234287514110186,0.11726650054955863,-0.00039637978663425977,-0.00012814433180824024,0.010531607864500062,-0.008026502396438753,0.10832967771738806,-0.06402013189649164,-0.001168210069083104,0.011250291578653034,-0.00016762316291452534
10.151609420776367,-0.02714066569527627,0.0003234287514110186,0.11726650054955863,-0.00039241598876791717,-0.00012686288849015782,0.01042629178585506,-0.008026502396438753,0.10832967771738806,-0.06402013189649164,-0.0011565279683922731,0.011137788662866504,-0.0001659469312853801
10.169094324111938,-0.027109635214575635,0.00031705944673615926,0.11749430515439796,-0.00037062025104003305,-0.00012642220915917146,0.010452336427560103,-0.008058602993655342,0.10860027158424077,-0.06402583970174831,-0.0011633217248439881,0.011181169348052303,-0.00016755188108147413
10.176725387573242,-0.027109635214575635,0.00031705944673615926,0.11749430515439796,-0.0003669140485296327,-0.00012515798706757975,0.010347813063284502,-0.008058602993655342,0.10860027158424077,-0.06402583970174831,-0.0011516885075955482,0.01106935765457178,-0.0001658763622706594
10.186758995056152,-0.027100984731014285,0.0003095806867057145,0.11774194191743952,-0.00035429786556345283,-0.00012749328636809044,0.010491206957523268,-0.008090739978947688,0.10887061126228205,-0.06403173885132733,-0.0011722009652530851,0.011228098255615472,-0.00017009698907564022
10.192537784576416,-0.027100984731014285,0.0003095806867057145,0.11774194191743952,-0.0003507548869078183,-0.00012621835350440952,0.010386294887948035,-0.008090739978947688,0.10887061126228205,-0.06403173885132733,-0.0011604789556005544,0.011115817273059317,-0.00016839601918488382
10.227060079574585,-0.027089976063761217,0.0002941600945989062,0.11824456451877009,-0.0003438582352891416,-0.00012725329862150455,0.010428065994947194,-0.00815532461900139,0.10941170160779201,-0.06404410288406918,-0.0011675822618003866,0.011161395593524978,-0.00017029352214387923
10.232774019241333,-0.027089976063761217,0.0002941600945989062,0.11824456451877009,-0.00034041965293625016,-0.0001259807656352895,0.010323785334997723,-0.00815532461900139,0.10941170160779201,-0.06404410288406918,-0.0011559064391823827,0.011049781637589729,-0.00016859058692244043
10.242117166519165,-0.02707212311165899,0.0002869381039670618,0.1184851772892798,-0.0003175951735053539,-0.00012781798366923844,0.0104781361488943,-0.008187763047468186,0.10968239026671728,-0.06405052904152239,-0.0011790663270902415,0.011229002746620814,-0.000173782617643656
10.247694253921509,-0.02707212311165899,0.0002869381039670618,0.1184851772892798,-0.0003144192217703004,-0.00012653980383254605,0.010373354787405357,-0.008187763047468186,0.10968239026671728,-0.06405052904152239,-0.001167275663819339,0.011116712719154606,-0.00017204479146721945
10.264046430587769,-0.02703979958589935,0.0002803246877983429,0.11871209329676373,-0.0002913691915156837,-0.0001262623815555563,0.010408413653243569,-0.008220264667089435,0.10995298364940101,-0.0640570758592666,-0.001175478927532804,0.011171024101770295,-0.00017432798042476267
10.270108461380005,-0.02703979958589935,0.0002803246877983429,0.11871209329676373,-0.00028845549960052687,-0.00012499975774000075,0.010304329516711133,-0.008220264667089435,0.10995298364940101,-0.0640570758592666,-0.0011637241382574759,0.011059313860752592,-0.00017258470062051504
10.283655405044556,-0.02702993847668679,0.0002725815647476575,0.11895884893539867,-0.00027804195870664156,-0.00012655929056310108,0.010383484851239733,-0.008252794203105795,0.11022332126767909,-0.06406382494029954,-0.0011760993507699312,0.011148276891397831,-0.00017584084896327213
10.293689727783203,-0.02702993847668679,0.0002725815647476575,0.11895884893539867,-0.00027526153911957516,-0.00012529369765747008,0.010279650002727335,-0.008252794203105795,0.11022332126767909,-0.06406382494029954,-0.001164338357262232,0.011036794122483852,-0.0001740824404736394
10.304569482803345,-0.02702530248853089,0.000264532473367523,0.1192107803388804,-0.0002679109710583749,-0.0001280406174009442,0.01040848210065925,-0.008285431086965663,0.11049386308603594,-0.06407078054822579,-0.0011826927850368757,0.011175091539859463,-0.00017873478201186504
10.308100938796997,-0.02702530248853089,0.000264532473367523,0.1192107803388804,-0.0002652318613477911,-0.00012676021122693475,0.010304397279652657,-0.008285431086965663,0.11049386308603594,-0.06407078054822579,-0.001170865857186507,0.011063340624460868,-0.00017694743419174638
10.343078851699829,-0.026997928355048245,0.00024911410747180553,0.11969948787392294,-0.0002545662270875085,-0.00012753741203058787,0.01034110945071232,-0.008350975622684699,0.11103507848385709,-0.06408523877686473,-0.0011778960341481163,0.011107437833311744,-0.00017931149082381836
10.346566915512085,-0.026997928355048245,0.00024911410747180553,0.11969948787392294,-0.0002520205648166334,-0.000126262037910282,0.010237698356205195,-0.008350975622684699,0.11103507848385709,-0.06408523877686473,-0.0011661170738066352,0.010996363454978626,-0.00017751837591558018
10.366254091262817,-0.026964703235092653,0.0002422305162384477,0.11992555500223803,-0.00023250270883202193,-0.00012592965430096716,0.01025017302553353,-0.008383856710646034,0.11130565927997742,-0.06409268513906824,-0.0011711576831398478,0.011023839948736864,-0.00017952553366532993
10.369890213012695,-0.026964703235092653,0.0002422305162384477,0.11992555500223803,-0.00023017768174370172,-0.0001246703577579575,0.010147671295278195,-0.008383856710646034,0.11130565927997742,-0.06409268513906824,-0.0011594461063084492,0.010913601549249495,-0.00017773027832867664
10.397597551345825,-0.0269486706062146,0.0002258488327794378,0.12042258344755388,-0.00022182440087721196,-0.00012655827392164047,0.010225633763337844,-0.008449769463431726,0.11184650631208148,-0.06410821906347658,-0.0011716405606558645,0.010999665457185722,-0.0001815594052289534
10.401368141174316,-0.0269486706062146,0.0002258488327794378,0.12042258344755388,-0.00021960615686843983,-0.00012529269118242406,0.010123377425704466,-0.008449769463431726,0.11184650631208148,-0.06410821906347658,-0.0011599241550493058,0.010889668802613864,-0.00017974381117666385
10.417118787765503,-0.026939484855935978,0.00021762544218311919,0.12067072674961946,-0.00021134570982727486,-0.00012677596918662565,0.01017973586163419,-0.00848286450677578,0.11211702179937526,-0.06411629146467412,-0.0011693367768229337,0.010952520928661901,-0.0001830714967547794
10.426563262939453,-0.026939484855935978,0.00021762544218311919,0.12067072674961946,-0.00020923225272900212,-0.0001255082094947594,0.010077938503017848,-0.00848286450677578,0.11211702179937526,-0.06411629146467412,-0.0011576434090547043,0.010842995719375283,-0.00018124078178723162
10.439146757125854,-0.026920105652317634,0.0002098281336772014,0.12090968758334328,-0.00019148569893318642,-0.00012695032497537376,0.010167109717952798,-0.008516058802490668,0.11238767629366118,-0.06412453808563454,-0.001172446210511275,0.010949652677053247,-0.00018598189625677246
10.444573163986206,-0.026920105652317634,0.0002098281336772014,0.12090968758334328,-0.00018957084194385455,-0.00012568082172562,0.01006543862077327,-0.008516058802490668,0.11238767629366118,-0.06412453808563454,-0.0011607217484061623,0.010840156150282715,-0.00018412207729420472
10.460098028182983,-0.026886401095809278,0.00020264865531835306,0.12113497403520546,-0.00016580229968117066,-0.00012577456627966313,0.01010992815798085,-0.00854931130386782,0.11265823001252584,-0.06413292134930709,-0.00117053339871745,0.010906025819391242,-0.00018768075153245185
10.469797372817993,-0.026886401095809278,0.00020264865531835306,0.12113497403520546,-0.00016414427668435896,-0.0001245168206168665,0.010008828876401041,-0.00854931130386782,0.11265823001252584,-0.06413292134930709,-0.0011588280647302754,0.01079696556119733,-0.00018580394401712734
10.478392124176025,-0.02687478895879768,0.00022265783913146713,0.12138394745253119,-0.00015056138687591312,-9.534303764426042e-05,0.010198065328304555,-0.008582512833577862,0.11292852558709567,-0.06414196504330491,-0.0011858697901494227,0.011003485020290485,-0.00019446824969327639
10.485160827636719,-0.02687478895879768,0.00022265783913146713,0.12138394745253119,-0.000149055773007154,-9.438960726781781e-05,0.01009608467502151,-0.008582512833577862,0.11292852558709567,-0.06414196504330491,-0.0011740110922479285,0.01089345017008758,-0.00019252356719634363
10.506736993789673,-0.026869150953256867,0.0002328859863755714,0.12163702650134521,-0.0001452966543939186,-8.698441282388581e-05,0.01011234006691835,-0.008615742034098149,0.113198661713174,-0.06415126113781326,-0.0011776718640794678,0.010909716839050357,-0.00019490683306374132
10.512206315994263,-0.026869150953256867,0.0002328859863755714,0.12163702650134521,-0.00014384368784997942,-8.611456869564695e-05,0.010011216666249167,-0.008615742034098149,0.113198661713174,-0.06415126113781326,-0.0011658951454386732,0.010800619670659853,-0.0001929577647331039
10.51791524887085,-0.026860058724937803,0.0002371201814554268,0.12188655679845327,-0.00012715603403808996,-7.102193083399843e-05,0.010348029416594188,-0.00864900788767892,0.11346875388629217,-0.0641608756405839,-0.0012125060218135802,0.011165717955923705,-0.0002078693428297229
10.54025650024414,-0.02684101887687132,0.00023660581561300034,0.12212637641530538,-0.00011741515657673561,-6.858237894580171e-05,0.010351877521946206,-0.008682300127832705,0.11373874588952329,-0.06417074528382265,-0.0012152826515668422,0.011174909872379696,-0.00021020832640341705
10.544388055801392,-0.02684101887687132,0.00023660581561300034,0.12212637641530538,-0.00011624100501096826,-6.78965551563437e-05,0.010248358746726744,-0.008682300127832705,0.11373874588952329,-0.06417074528382265,-0.0012031298250511737,0.011063160773655899,-0.00020810624313938287
10.557910919189453,-0.026807793044704514,0.00023245964706528725,0.12235205581560368,-9.045405432974021e-05,-6.653970158487157e-05,0.010312767207519327,-0.008715603374343007,0.11400859142701077,-0.06418081907022473,-0.0012157258897744706,0.011152076798505576,-0.00021347462844179902
10.56386947631836,-0.026807793044704514,0.00023245964706528725,0.12235205581560368,-8.95495137864428e-05,-6.587430456902286e-05,0.010209639535444133,-0.008715603374343007,0.11400859142701077,-0.06418081907022473,-0.001203568630876726,0.01104055603052052,-0.00021133988215738103
10.581879615783691,-0.026797302761036382,0.00022373293462741635,0.1225972680819857,-8.260649966021976e-05,-6.786924894322232e-05,0.010243740171996425,-0.008748866538662324,0.11427803114754478,-0.06419115463630462,-0.0012100020765718202,0.011079754931109504,-0.00021496523183344465
10.586614608764648,-0.026797302761036382,0.00022373293462741635,0.1225972680819857,-8.178043466361756e-05,-6.71905564537901e-05,0.01014130277027646,-0.008748866538662324,0.11427803114754478,-0.06419115463630462,-0.001197902055806102,0.010968957381798409,-0.0002128155795151102
10.598197937011719,-0.026792260769748773,0.00021207116889540483,0.12284740115213297,-7.609854125245776e-05,-7.340295081830126e-05,0.010255938036952766,-0.008782197035072664,0.11454762385153823,-0.06420173825303338,-0.0012146975771581089,0.011092009812906022,-0.00021982436303741017
10.602847576141357,-0.026792260769748773,0.00021207116889540483,0.12284740115213297,-7.533755583993318e-05,-7.266892131011825e-05,0.010153378656583239,-0.008782197035072664,0.11454762385153823,-0.06420173825303338,-0.0012025506013865277,0.010981089714776961,-0.00021762611940703605
10.616876602172852,-0.026783488580308334,0.00019862666630812503,0.12309434801474689,-6.783708960566136e-05,-7.876104505100785e-05,0.010227973575023091,-0.00881557571281586,0.11481711746988997,-0.0642125269290371,-0.0012143176791687598,0.011063375986560767,-0.00022314011124942247
10.620186567306519,-0.026783488580308334,0.00019862666630812503,0.12309434801474689,-6.715871870960474e-05,-7.797343460049777e-05,0.01012569383927286,-0.00881557571281586,0.11481711746988997,-0.0642125269290371,-0.001202174502377072,0.010952742226695159,-0.00022090871013692823
10.643402338027954,-0.02676458988932842,0.00018431723689915714,0.12333193254485045,-5.80344718553816e-05,-8.147163154408856e-05,0.010126839371135237,-0.008849032973292448,0.11508672532993665,-0.06422347858582722,-0.0012045641938195036,0.010959346146041493,-0.00022341695804094198
10.649281740188599,-0.02676458988932842,0.00018431723689915714,0.12333193254485045,-5.745412713682778e-05,-8.065691522864767e-05,0.010025570977423884,-0.008849032973292448,0.11508672532993665,-0.06422347858582722,-0.0011925185518813085,0.010849752684581078,-0.00022118278846053257
10.65967845916748,-0.026731411492165374,0.00016985492444773843,0.12355569896088768,-2.429006386244408e-05,-8.8881379245038e-05,0.01014068290977016,-0.008882534166777227,0.11535619322111812,-0.06423453597783706,-0.0012128162181610554,0.01100044066782631,-0.00022960642358333975
10.664741039276123,-0.026731411492165374,0.00016985492444773843,0.12355569896088768,-2.4047163223819638e-05,-8.799256545258762e-05,0.010039276080672458,-0.008882534166777227,0.11535619322111812,-0.06423453597783706,-0.001200688055979445,0.010890436261148047,-0.00022731035934750636
10.68773865699768,-0.02672093375689941,0.0001538285837222154,0.12379932835326336,-1.8881675638960684e-05,-9.236728854397569e-05,0.010044897613125048,-0.008916047379494528,0.11562540447598406,-0.06424577031506185,-0.0012032536468482393,0.010898592395030333,-0.00022992225617486084
10.691096782684326,-0.02672093375689941,0.0001538285837222154,0.12379932835326336,-1.8692858882571075e-05,-9.144361565853594e-05,0.009944448636993798,-0.008916047379494528,0.11562540447598406,-0.06424577031506185,-0.0011912211103797569,0.01078960647108003,-0.00022762303361311222
10.718962669372559,-0.026707296949207694,0.00012142177856954763,0.12429405292616412,-1.2990172904111275e-05,-9.945573663995994e-05,0.010022672819719221,-0.008983413749141486,0.11616423265597196,-0.06426865482231192,-0.0012034841104941283,0.0108750752133163,-0.00023355917688852674
10.723361015319824,-0.026707296949207694,0.00012142177856954763,0.12429405292616412,-1.2860271175070162e-05,-9.846117927356034e-05,0.00992244609152203,-0.008983413749141486,0.11616423265597196,-0.06426865482231192,-0.001191449269389187,0.010766324461183138,-0.00023122358511964148
10.742818593978882,-0.026688647521471,0.00010626508537260567,0.12453079741141918,-2.748187685485075e-06,-0.00010302746039067464,0.009944977286361713,-0.009017284425649193,0.11643381728202482,-0.06428023231668269,-0.0011969422234805304,0.01079721115167711,-0.00023486147007927672
10.74900507926941,-0.026688647521471,0.00010626508537260567,0.12453079741141918,-2.7207058086302242e-06,-0.0001019971857867679,0.009845527513498096,-0.009017284425649193,0.11643381728202482,-0.06428023231668269,-0.001184972801245725,0.010689239040160338,-0.00023251285537848396
10.764697074890137,-0.026655856083136375,9.230644865127993e-05,0.12475391014010936,1.8631314154317772e-05,-0.00010665409252771151,0.009889343747066914,-0.009051255358554855,0.1167033453253129,-0.06429184250329621,-0.001194771647274921,0.010754108132365872,-0.00023758652229606002
10.776554107666016,-0.026655856083136375,9.230644865127993e-05,0.12475391014010936,1.8445001012774595e-05,-0.0001055875516024344,0.009790450309596244,-0.009051255358554855,0.1167033453253129,-0.06429184250329621,-0.0011828239308021718,0.010646567051042213,-0.00023521065707309943
10.788712501525879,-0.026614527433694333,1.6822417106995304e-05,0.12496119594010664,5.5944970680065e-05,-0.0001620602676225489,0.00986381934318875,-0.009085334348177092,0.11697273579366303,-0.06430317259838256,-0.0011990248785850013,0.010761668860130746,-0.0002421772937647888
10.797611236572266,-0.026614527433694333,1.6822417106995304e-05,0.12496119594010664,5.5385520973264345e-05,-0.0001604396649463234,0.009765181149756861,-0.009085334348177092,0.11697273579366303,-0.06430317259838256,-0.0011870346297991512,0.010654052171529439,-0.0002397555208271409
10.8049635887146,-0.02659143957408484,-3.8185183673896955e-05,0.12518657650637993,9.065278289389209e-05,-0.00022741491709018686,0.009975011934706958,-0.009119410756783457,0.11724176832290521,-0.0643145596889473,-0.001221511912051426,0.01091342520242151,-0.00025284564948424413
10.810344696044922,-0.02659143957408484,-3.8185183673896955e-05,0.12518657650637993,8.974625506495317e-05,-0.000225140767919285,0.009875261815359889,-0.009119410756783457,0.11724176832290521,-0.0643145596889473,-0.0012092967929309116,0.010804290950397293,-0.0002503171929894017
10.827796697616577,-0.026571989444496135,-7.930168127809721e-05,0.12541628645495978,0.00010136172545874273,-0.00024394062094942128,0.009908424426131497,-0.009153587320125386,0.11751085092802757,-0.0643259358702218,-0.001216787001866219,0.01085043242141698,-0.0002543325749501854
10.838528871536255,-0.026571989444496135,-7.930168127809721e-05,0.12541628645495978,0.0001003481082041553,-0.00024150121473992707,0.009809340181870182,-0.009153587320125386,0.11751085092802757,-0.0643259358702218,-0.0012046191318475568,0.01074192809720281,-0.00025178924920068356
10.86981987953186,-0.02651456698214703,-0.00012667076721445197,0.12586059231891536,0.00011851099763090068,-0.00025115008142145753,0.009853413085845003,-0.009222192838780393,0.11804855437079281,-0.0643486529363882,-0.0012144979352958342,0.010806348420388232,-0.0002565312909906237
10.88043737411499,-0.02651456698214703,-0.00012667076721445197,0.12586059231891536,0.00011732588765459167,-0.000248638580607243,0.009754878954986553,-0.009222192838780393,0.11804855437079281,-0.0643486529363882,-0.001202352955942876,0.01069828493618435,-0.0002539659780807174
10.9042649269104,-0.026465964362718225,-0.00022525901001916972,0.1260635275088743,0.00013904383827072697,-0.0002850046648797212,0.009743026382594038,-0.009256702200438728,0.1183170174014219,-0.06435999233796719,-0.0012048123915266334,0.01070397124463917,-0.0002561852634070115
10.909245729446411,-0.026465964362718225,-0.00022525901001916972,0.1260635275088743,0.0001376533998880197,-0.000282154618230924,0.009645596118768097,-0.009256702200438728,0.1183170174014219,-0.06435999233796719,-0.0011927642676113671,0.010596931532192778,-0.0002536234107729414
10.91358757019043,-0.026441653568747774,-0.0002893613257079851,0.12628832412413613,0.0002010671788365309,-0.00041619954506752396,0.010068751740369818,-0.009291210107518098,0.11858507694702643,-0.0643714203662236,-0.0012603142223734107,0.01110834908435052,-0.00027740787548900564
10.91787075996399,-0.026441653568747774,-0.0002893613257079851,0.12628832412413613,0.00019905650704816558,-0.0004120375496168487,0.00996806422296612,-0.009291210107518098,0.11858507694702643,-0.0643714203662236,-0.0012477110801496767,0.010997265593507013,-0.00027463379673411557
10.929822206497192,-0.02642466053068771,-0.0003301277724378644,0.12652007807194227,0.00021326140453744327,-0.00043847705371051064,0.010062718602092827,-0.00932582491839915,0.11885305868314912,-0.06438292391596329,-0.0012641968323663813,0.011111518294208225,-0.0002815126950992314
10.934966802597046,-0.02642466053068771,-0.0003301277724378644,0.12652007807194227,0.00021112879049206885,-0.00043409228317340553,0.009962091416071898,-0.00932582491839915,0.11885305868314912,-0.06438292391596329,-0.0012515548640427176,0.011000403111266143,-0.00027869756814823907
10.95425796508789,-0.02640595683679396,-0.00035142210874177226,0.1267506350345443,0.00021929810659363047,-0.00043857049060235805,0.00998211282044958,-0.009360537109661235,0.11912081647281773,-0.06439449532589672,-0.0012570331461413966,0.011029197242159368,-0.00028190888828689086
10.961058855056763,-0.02640595683679396,-0.00035142210874177226,0.1267506350345443,0.00021710512552769416,-0.0004341847856963345,0.009882291692245084,-0.009360537109661235,0.11912081647281773,-0.06439449532589672,-0.0012444628146799825,0.010918905269737775,-0.0002790897994040219
10.975521087646484,-0.026379167263788722,-0.0003569913264335276,0.12697373745608187,0.00023353886514350703,-0.0004304779385902363,0.009937760146997356,-0.009395355558723652,0.11938843598574736,-0.06440612524202793,-0.0012560936180728206,0.010994763381279632,-0.00028434047871076244
10.979796409606934,-0.026379167263788722,-0.0003569913264335276,0.12697373745608187,0.00023120347649207196,-0.0004261731592043339,0.009838382545527382,-0.009395355558723652,0.11938843598574736,-0.06440612524202793,-0.0012435326818920924,0.010884815747466836,-0.0002814970739236548
10.988206386566162,-0.026379444554727807,-0.00035233503098310015,0.12722147055941652,0.00022799463995449264,-0.0004125336354069305,0.010034462229293483,-0.009430226845201438,0.11965562065893354,-0.06441791976587868,-0.0012725615429619635,0.011093667239446008,-0.00029270654571015843
10.991114377975464,-0.026379444554727807,-0.00035233503098310015,0.12722147055941652,0.0002257146935549477,-0.00040840829905286117,0.009934117607000548,-0.009430226845201438,0.11965562065893354,-0.06441791976587868,-0.0012598359275323438,0.010982730567051548,-0.0002897794802530568
11.011725664138794,-0.026388211989059527,-0.00033974666811238804,0.12747792187522922,0.0002187358768677245,-0.0003968662388819724,0.009959105911701956,-0.009465279026525086,0.11992300683465071,-0.06442985382776485,-0.0012642438729805023,0.011002631301445258,-0.00029267174716312335
11.015021562576294,-0.026388211989059527,-0.00033974666811238804,0.12747792187522922,0.00021654851809904725,-0.0003928975764931527,0.009859514852584936,-0.009465279026525086,0.11992300683465071,-0.06442985382776485,-0.0012516014342506972,0.010892604988430806,-0.0002897450296914921
11.034566640853882,-0.026395255589553007,-0.00032151335463716983,0.12773390901864992,0.0002100996074641953,-0.0003781708046020269,0.009891755630455683,-0.009500490007807451,0.12019033722543652,-0.06444190021917798,-0.0012571006873746506,0.010920455259924734,-0.0002930109680707634
11.038186311721802,-0.026395255589553007,-0.00032151335463716983,0.12773390901864992,0.00020799861138955333,-0.00037438909655600666,0.009792838074151126,-0.009500490007807451,0.12019033722543652,-0.06444190021917798,-0.0012445296805009042,0.010811250707325486,-0.0002900808583900557
11.047315835952759,-0.02639336263652081,-0.0002996367206986906,0.1279823789129251,0.0002062615770361651,-0.0003430334879489733,0.009966722160701123,-0.009535889590123988,0.12045787248592732,-0.06445403905612887,-0.0012708592217060752,0.010996182233788631,-0.0003004762924621866
11.070882320404053,-0.026377743616002456,-0.00027581632369433004,0.12821816890241364,0.000210091336037151,-0.0003277828138118988,0.009966960441620586,-0.009571429563075289,0.12072536113540973,-0.06446623938317247,-0.0012732313569622838,0.010999724252057622,-0.00030264851173396296
11.074221849441528,-0.026377743616002456,-0.00027581632369433004,0.12821816890241364,0.00020799042267677947,-0.00032450498567377983,0.00986729083720438,-0.009571429563075289,0.12072536113540973,-0.06446623938317247,-0.001260499043392661,0.010889727009537045,-0.00029962202661662333
11.097392082214355,-0.026384855906639963,-0.00025349294508603994,0.12847424837978685,0.0002021550566556056,-0.00031039454695372615,0.009879000376695663,-0.009607073552464176,0.1209927120363931,-0.06447860369480123,-0.0012632775796320998,0.010896215244457795,-0.000301962097854292
11.102109432220459,-0.026384855906639963,-0.00025349294508603994,0.12847424837978685,0.00020013350608904956,-0.0003072906014841889,0.009780210372928706,-0.009607073552464176,0.1209927120363931,-0.06447860369480123,-0.0012506448038357787,0.010787253092013217,-0.0002989424768757491
11.137077808380127,-0.026405537181818855,-0.00021444410620191786,0.1289937968270895,0.00019141505194308938,-0.0002915057608305553,0.009830823123893263,-0.009678946047498749,0.1215282352665392,-0.06450365056690381,-0.0012586919253158905,0.010832525570658547,-0.0003031157730718484
11.140557289123535,-0.026405537181818855,-0.00021444410620191786,0.1289937968270895,0.00018950090142365848,-0.0002885907032222498,0.00973251489265433,-0.009678946047498749,0.1215282352665392,-0.06450365056690381,-0.0012461050060627317,0.010724200314951962,-0.00030008461534112993
11.15444040298462,-0.026403281510397038,-0.00019831262913418861,0.12924243549855266,0.00018835696328918454,-0.00027165394056604335,0.009814109273605126,-0.009715165609175,0.12179639622736575,-0.06451627330563406,-0.0012597328882392581,0.010810114518334923,-0.0003061759216086755
11.158663988113403,-0.026403281510397038,-0.00019831262913418861,0.12924243549855266,0.0001864733936562927,-0.0002689374011603829,0.009715968180869075,-0.009715165609175,0.12179639622736575,-0.06451627330563406,-0.0012471355593568656,0.010702013373151574,-0.00030311416239258874
11.173147439956665,-0.026387179223466423,-0.00021114599933491485,0.12947616166351575,0.0001961594112337129,-0.0002722390081631133,0.009780276028157266,-0.009751565304290076,0.12206464508472711,-0.06452891154371011,-0.0012597961236322547,0.010780203823377748,-0.0003088090055772733
11.177154302597046,-0.026387179223466423,-0.00021114599933491485,0.12947616166351575,0.00019419781712137578,-0.0002695166180814822,0.009682473267875693,-0.009751565304290076,0.12206464508472711,-0.06452891154371011,-0.0012471981623959321,0.01067240178514397,-0.00030572091552150056
11.190334796905518,-0.02639270670419487,-0.00021970411644970972,0.12972937977699392,0.0001883639436510727,-0.00027103654303014147,0.009777829566384637,-0.009788060858412008,0.12233285724707266,-0.06454167477471608,-0.0012624152440709677,0.010769169499900125,-0.0003123471299976435
11.194396495819092,-0.02639270670419487,-0.00021970411644970972,0.12972937977699392,0.00018648030421456195,-0.00026832617759984005,0.00968005127072079,-0.009788060858412008,0.12233285724707266,-0.06454167477471608,-0.001249791091630258,0.010661477804901124,-0.00030922365869766707
11.211516380310059,-0.026403010269303875,-0.00022617464392885207,0.1299873306025832,0.00017875618352257474,-0.00026781652208339516,0.00973395909732538,-0.00982474958018781,0.12260148888438405,-0.06455450604438034,-0.0012587236534459185,0.010711775088643844,-0.00031362637318412684
11.215427160263062,-0.026403010269303875,-0.00022617464392885207,0.1299873306025832,0.00017696862168734898,-0.0002651383568625612,0.009636619506352128,-0.00982474958018781,0.12260148888438405,-0.06455450604438034,-0.0012461364169114593,0.010604657337757405,-0.0003104901094522856
11.231663465499878,-0.026409097452824926,-0.00023081885489963945,0.13024186439262384,0.0001715386228745983,-0.0002635165158463128,0.009697042844880854,-0.009861604011491476,0.12287034409147642,-0.06456737148210882,-0.0012563738322775415,0.010664199673414832,-0.0003153090786846807
11.238913774490356,-0.026409097452824926,-0.00023081885489963945,0.13024186439262384,0.00016982323664585232,-0.00026088135068784966,0.009600072416432045,-0.009861604011491476,0.12287034409147642,-0.06456737148210882,-0.001243810093954766,0.010557557676680684,-0.00031215598789783385
11.253301620483398,-0.02640470226555204,-0.00023394739278208976,0.13048677588452437,0.00017119534643510555,-0.0002579983991356436,0.009674300303286332,-0.009898630990171483,0.12313955563134055,-0.06458024490308809,-0.001257106893637531,0.01063909248460546,-0.00031798185558062366
11.25926160812378,-0.02640470226555204,-0.00023394739278208976,0.13048677588452437,0.0001694833929707545,-0.00025541841514428715,0.009577557300253468,-0.009898630990171483,0.12313955563134055,-0.06458024490308809,-0.0012445358247011556,0.010532701559759404,-0.00031480203702481744
11.284345865249634,-0.02638575118451281,-0.00023587908074275556,0.13071758897623506,0.00017530867072437887,-0.00025192729376579754,0.009573792872145853,-0.009935779820903701,0.12340887978960215,-0.06459310103619773,-0.0012469000861075516,0.010534742347366156,-0.00031677919658122097
11.287880897521973,-0.02638575118451281,-0.00023587908074275556,0.13071758897623506,0.00017355558401713507,-0.00024940802082813957,0.009478054943424394,-0.009935779820903701,0.12340887978960215,-0.06459310103619773,-0.0012344310852464761,0.010429394923892495,-0.00031361140461540877
11.313136577606201,-0.026398455566194672,-0.00024277292993959133,0.13122304426889872,0.00016684346322392007,-0.0002473283516475787,0.009583424746985455,-0.010010391542824362,0.12394779022887983,-0.06461900442199572,-0.0012516293254842329,0.01053848285052482,-0.0003207317499920894
11.318027973175049,-0.026398455566194672,-0.00024277292993959133,0.13122304426889872,0.00016517502859168085,-0.0002448550681311029,0.0094875904995156,-0.010010391542824362,0.12394779022887983,-0.06461900442199572,-0.0012391130322293906,0.010433098022019572,-0.0003175244324921685
11.351006507873535,-0.026399436626682954,-0.00025118987838398385,0.1317177561107946,0.0001632889765582414,-0.00024299437232727438,0.00954274122739601,-0.010085571625893491,0.12448774855473128,-0.06464488028863169,-0.0012495185736684346,0.010492497277477867,-0.0003221954635923201
11.356554746627808,-0.026399436626682954,-0.00025118987838398385,0.1317177561107946,0.00016165608679265898,-0.00024056442860400165,0.00944731381512205,-0.010085571625893491,0.12448774855473128,-0.06464488028863169,-0.0012370233879317502,0.010387572304703089,-0.0003189735089563969
11.369930267333984,-0.026380832950158445,-0.00025557334817400405,0.13194667082467354,0.00017400291930121095,-0.00023825679515144475,0.00952400225112658,-0.01012332225602861,0.12475792251049926,-0.06465775325198252,-0.0012528768254626125,0.010485687937135184,-0.0003254080446773757
11.374895811080933,-0.026380832950158445,-0.00025557334817400405,0.13194667082467354,0.00017226289010819883,-0.0002358742271999303,0.009428762228615314,-0.01012332225602861,0.12475792251049926,-0.06465775325198252,-0.0012403480572079865,0.010380831057763832,-0.00032215396423060193
11.388229131698608,-0.026385278067300837,-0.0002620962013473428,0.13219546708545796,0.0001674062863812503,-0.0002361559526661179,0.00952111631882863,-0.010161120553999262,0.12502795999953215,-0.06467068173630729,-0.0012562933271493707,0.010479551057106904,-0.0003286287970790549
11.393263816833496,-0.026385278067300837,-0.0002620962013473428,0.13219546708545796,0.0001657322235174378,-0.00023379439313945673,0.009425905155640343,-0.010161120553999262,0.12502795999953215,-0.06467068173630729,-0.001243730393877877,0.010374755546535835,-0.00032534250910826434
11.409393548965454,-0.026395560151914955,-0.00026982158817070653,0.13244955698217875,0.00015792275045981924,-0.0002345780301483408,0.009489222725446545,-0.010199047939677316,0.12529831386994011,-0.06468360049853494,-0.0012548070487375259,0.010438620117667614,-0.00033009836905797946
11.414401054382324,-0.026395560151914955,-0.00026982158817070653,0.13244955698217875,0.00015634352295522104,-0.0002322322498468574,0.009394330498192079,-0.010199047939677316,0.12529831386994011,-0.06468360049853494,-0.0012422589782501506,0.010334233916490939,-0.00032679738536739965
11.425618171691895,-0.026402526722806078,-0.0002782260696703448,0.13270083132733002,0.00014892230910822725,-0.00023483978403474677,0.009524472490593296,-0.010237072018675866,0.12556875674303414,-0.06469647877607547,-0.0012637346512290703,0.010471989950134599,-0.0003350103269620633
11.447686433792114,-0.026399763243841114,-0.00028691705792021683,0.13294309190456138,0.0001488631997795516,-0.00023488832189065597,0.009539044223648731,-0.010275202831907896,0.12583941761461323,-0.06470929846578416,-0.0012683758801926663,0.010489917167270678,-0.00033746933074875344
11.452233076095581,-0.026399763243841114,-0.00028691705792021683,0.13294309190456138,0.00014737456778175608,-0.0002325394386717494,0.009443653781412244,-0.010275202831907896,0.12583941761461323,-0.06470929846578416,-0.0012556921213907396,0.01038501799559797,-0.0003340946374412659
11.475462913513184,-0.02638306551854118,-0.0002956080845101363,0.13317184459484704,0.0001532443027746089,-0.00023216961046360537,0.00944772563249733,-0.01031339461813291,0.12611003714217847,-0.06472204326514001,-0.001259576032516052,0.010397664338067145,-0.00033624008304056414
11.480585813522339,-0.02638306551854118,-0.0002956080845101363,0.13317184459484704,0.00015171185974686283,-0.00022984791435896933,0.009353248376172355,-0.01031339461813291,0.12611003714217847,-0.06472204326514001,-0.0012469802721908915,0.010293687694686473,-0.0003328776822101585
11.492269515991211,-0.026389629101051987,-0.0003062568106259707,0.13342080531903028,0.00014504332641047005,-0.00023420392235154626,0.009472897511769279,-0.01035160887936858,0.12638043629438767,-0.06473482179262115,-0.0012672177909173689,0.010422183578826768,-0.0003404859585312519
11.497767448425293,-0.026389629101051987,-0.0003062568106259707,0.13342080531903028,0.00014359289314636535,-0.0002318618831280308,0.009378168536651585,-0.01035160887936858,0.12638043629438767,-0.06473482179262115,-0.0012545456130081951,0.0103179617430385,-0.00033708109894593937
11.50910496711731,-0.02640216947610083,-0.00031782175797913907,0.13367531321088968,0.00013164219479577606,-0.0002374932618037212,0.009508982949615993,-0.01038992121192025,0.12665106899727757,-0.06474756625461406,-0.0012757926767340219,0.010453487533944485,-0.0003449512502332481
11.513894319534302,-0.02640216947610083,-0.00031782175797913907,0.13367531321088968,0.0001303257728478183,-0.00023511832918568398,0.009413893120119832,-0.01038992121192025,0.12665106899727757,-0.06474756625461406,-0.0012630347499666818,0.01034895265860504,-0.0003415017377309156
11.536909103393555,-0.02641148627493828,-0.00032971269377516776,0.13392720635884892,0.00012524943001680127,-0.00023674614256540883,0.009429259764224401,-0.010428300291056456,0.1269217097622618,-0.06476024793037446,-0.00126708023977703,0.010363057442979865,-0.0003435969505769104
11.543330430984497,-0.02641148627493828,-0.00032971269377516776,0.13392720635884892,0.00012399693571663324,-0.00023437868113975475,0.009334967166582157,-0.010428300291056456,0.1269217097622618,-0.06476024793037446,-0.0012544094373792595,0.010259426868550066,-0.0003401609810711413
11.554420948028564,-0.02641113021330496,-0.00034149911282214604,0.1341702429513772,0.00012362233183440678,-0.00023972011677202585,0.009460871206434482,-0.010466759198815874,0.12719249282192405,-0.06477285336999071,-0.0012765426331684088,0.010400989890806282,-0.00034812533333970736
11.559934139251709,-0.02641113021330496,-0.00034149911282214604,0.1341702429513772,0.00012238610851606272,-0.00023732291560430558,0.009366262494370137,-0.010466759198815874,0.12719249282192405,-0.06477285336999071,-0.0012637772068367248,0.01029697999189822,-0.0003446440800063103
11.578113794326782,-0.026508275917607408,-0.00022660193963325228,0.13440452398650787,6.355484121629181e-05,-0.00017382680514594414,0.009400643547255387,-0.010504716210046875,0.1274629906898026,-0.0647844347837646,-0.0012720182749192054,0.010342801721170263,-0.00034756817469003997
11.582806825637817,-0.026508275917607408,-0.00022660193963325228,0.13440452398650787,6.29192928041289e-05,-0.0001720885370944847,0.009306637111782833,-0.010504716210046875,0.1274629906898026,-0.0647844347837646,-0.0012592980921700134,0.01023937370395856,-0.0003440924929431396
11.592681646347046,-0.026583559359750215,-0.00015470973034596074,0.13465775576360173,-1.8784274086619207e-05,-9.951493037806399e-05,0.009469055509706477,-0.010542843731955931,0.12773384102738436,-0.06479581480084136,-0.0012853159610366285,0.010411263769690841,-0.00035217584517463604
11.61292552947998,-0.026639562723024243,-0.00011043936788508491,0.13491590732190548,-4.77331491441115e-05,-7.688776317316367e-05,0.00950159479449914,-0.010581013558296378,0.12800474111039936,-0.06480682706449072,-0.0012913177938651133,0.010440969372909519,-0.0003540938847977172
11.6186683177948,-0.026639562723024243,-0.00011043936788508491,0.13491590732190548,-4.7255817652670384e-05,-7.611888554143203e-05,0.009406578846554148,-0.010581013558296378,0.12800474111039936,-0.06480682706449072,-0.0012784046159264623,0.010336559679180424,-0.00035055294594974
11.63155746459961,-0.026672940525541623,-8.921774155556969e-05,0.13517087108877365,-7.383906663357742e-05,-5.805884427605442e-05,0.009510097507754832,-0.010619279052917168,0.12827599260985423,-0.06481755135378948,-0.0012953087215124403,0.01044364362071931,-0.0003553678192765367
11.634821653366089,-0.026672940525541623,-8.921774155556969e-05,0.13517087108877365,-7.310067596724164e-05,-5.7478255833293875e-05,0.009414996532677283,-0.010619279052917168,0.12827599260985423,-0.06481755135378948,-0.0012823556342973158,0.010339207184512117,-0.00035181414108377134
11.653746366500854,-0.026682183610950903,-8.66558207228814e-05,0.13541647226308745,-7.741404009656444e-05,-5.415580907244617e-05,0.009450593894637057,-0.010657602482074214,0.12854729719969724,-0.06482801799002326,-0.0012897825456280876,0.010379175061064104,-0.0003538266706845575
11.65848994255066,-0.026682183610950903,-8.66558207228814e-05,0.13541647226308745,-7.663989969559879e-05,-5.361425098172171e-05,0.009356087955690687,-0.010657602482074214,0.12854729719969724,-0.06482801799002326,-0.0012768847201718068,0.010275383310453462,-0.00035028840397771194
11.674419641494751,-0.02670657102473245,-0.00010089087861219022,0.13568499290077943,-9.064082882352201e-05,-6.077589132740693e-05,0.00943120073135695,-0.010695978196745615,0.12881857769861457,-0.06483840550627792,-0.0012882065446181135,0.010342928049763538,-0.0003533063690080406
11.678253412246704,-0.02670657102473245,-0.00010089087861219022,0.13568499290077943,-8.973442053528679e-05,-6.016813241413286e-05,0.00933688872404338,-0.010695978196745615,0.12881857769861457,-0.06483840550627792,-0.0012753244791719324,0.010239498769265902,-0.0003497733053179602
11.700894117355347,-0.026730736663124095,-0.0001273569458494913,0.13596068344103662,-9.876575823957003e-05,-7.031862973798771e-05,0.009365434797570635,-0.010734480566430192,0.12909029534333788,-0.06484867505165606,-0.0012795770517784882,0.0102571166713748,-0.0003508114492742906
11.706276416778564,-0.026730736663124095,-0.0001273569458494913,0.13596068344103662,-9.777810065717433e-05,-6.961544344060783e-05,0.00927178044959493,-0.010734480566430192,0.12909029534333788,-0.06484867505165606,-0.0012667812812607033,0.010154545504661052,-0.0003473033347815477
11.716829299926758,-0.02674703513204497,-0.00016233542363679922,0.13623450396389916,-0.00011012133427867165,-9.954570270777929e-05,0.009438957146213284,-0.01077309253581672,0.12936228632157146,-0.06485883198160515,-0.0012907024923615648,0.010310740966872813,-0.00035345509288309653
11.722333431243896,-0.02674703513204497,-0.00016233542363679922,0.13623450396389916,-0.00010902012093588493,-9.85502456807015e-05,0.009344567574751151,-0.01077309253581672,0.12936228632157146,-0.06485883198160515,-0.0012777954674379492,0.010207633557204086,-0.0003499205419542656
11.738241910934448,-0.02675027711089021,-0.00020268518293625024,0.13649952543801636,-0.00010835127800222278,-0.00012076182288502297,0.009418033212217868,-0.010811836885935506,0.1296346855629727,-0.06486889126965892,-0.0012893720399543708,0.010276786180463994,-0.00035274456053188615
11.742108345031738,-0.02675027711089021,-0.00020268518293625024,0.13649952543801636,-0.00010726776522220056,-0.00011955420465617275,0.00932385288009569,-0.010811836885935506,0.1296346855629727,-0.06486889126965892,-0.001276478319554827,0.010174018318659354,-0.00034921711492656726
11.755764722824097,-0.026737243085996686,-0.0002458164914289543,0.13675069590119981,-9.465893994718787e-05,-0.00014673458763824187,0.009414931245800982,-0.010850684713898218,0.12990726517906542,-0.06487886520705283,-0.0012921601922393246,0.010271876901878632,-0.0003530284451490123
11.761253833770752,-0.026737243085996686,-0.0002458164914289543,0.13675069590119981,-9.371235054771599e-05,-0.00014526724176185945,0.009320781933342973,-0.010850684713898218,0.12990726517906542,-0.06487886520705283,-0.0012792385903169314,0.010169158132859846,-0.0003494981606975222
11.774833917617798,-0.026748896620458196,-2.8935588187669058e-06,0.13697835237748618,-0.00011366373612615954,3.6139171683345546e-05,0.00939281025446389,-0.010889160190355312,0.1301799894545865,-0.06488736430553707,-0.0012947784863719942,0.010268293202230024,-0.0003522616813059751
11.780908107757568,-0.026748896620458196,-2.8935588187669058e-06,0.13697835237748618,-0.00011252709876489794,3.577777996651209e-05,0.009298882151919251,-0.010889160190355312,0.1301799894545865,-0.06488736430553707,-0.0012818307015082743,0.010165610270207723,-0.00034873906449291533
11.808072328567505,-0.026765511347458724,0.00014351426031768805,0.13722537193834616,-0.00012124016219229541,8.993835137780762e-05,0.009296102261207334,-0.010927868158416636,0.1304527087310209,-0.06489570687724769,-0.0012832620092096075,0.010164350670075175,-0.000348322835641652
11.813714265823364,-0.026765511347458724,0.00014351426031768805,0.13722537193834616,-0.00012002776057037246,8.903896786402955e-05,0.009203141238595261,-0.010927868158416636,0.1304527087310209,-0.06489570687724769,-0.0012704293891175114,0.010062707163374424,-0.00034483960728523544
11.823525667190552,-0.0267777791553017,0.00022906418862176292,0.13747703522095903,-0.00013740345759282106,0.00017763037022527835,0.009366423992620748,-0.010966739934834656,0.13072568836419743,-0.0649036502864954,-0.0012973440802859213,0.01024030704725944,-0.00034948731181049
11.830718278884888,-0.0267777791553017,0.00022906418862176292,0.13747703522095903,-0.00013602942301689283,0.00017585406652302556,0.00927275975269454,-0.010966739934834656,0.13072568836419743,-0.0649036502864954,-0.0012843706394830622,0.010137903976786846,-0.00034599243869238514
11.86068844795227,-0.026766515342747075,0.000260076959498517,0.13796522642583978,-0.00013171417533974704,0.00018684569310228676,0.009342764091397551,-0.011044909379719503,0.13127196352774778,-0.06491875808237196,-0.0012976093501440367,0.010218797903955582,-0.00034757345880016605
11.871379852294922,-0.026766515342747075,0.000260076959498517,0.13796522642583978,-0.00013039703358634958,0.0001849772361712639,0.009249336450483576,-0.011044909379719503,0.13127196352774778,-0.06491875808237196,-0.0012846332566425964,0.010116609924916026,-0.0003440977242121644
11.875133037567139,-0.02677618192601053,0.00022275476692005977,0.13822830857304497,-0.00014825891202408447,9.160948857637551e-05,0.00985906373011657,-0.011084146889742165,0.13154492890056352,-0.06492617500269665,-0.001376331483368568,0.010742733722161934,-0.0003604184154908906
11.903786182403564,-0.026791458057426155,0.0001617228154293569,0.1384992283278372,-0.0001506688219616771,7.035989941701757e-05,0.009855301775364759,-0.011123546821812182,0.13181828578382618,-0.06493355747716027,-0.0013763188169523396,0.010730708437602663,-0.00035939072843805067
11.907862901687622,-0.026791458057426155,0.0001617228154293569,0.1384992283278372,-0.00014916213374206033,6.965630042284739e-05,0.009756748757611112,-0.011123546821812182,0.13181828578382618,-0.06493355747716027,-0.0013625556287828163,0.010623401353226637,-0.00035579682115367015
11.942012071609497,-0.026805735820331935,-2.05932872265629e-06,0.13903075808631743,-0.00014860615466408012,2.2951247157716098e-05,0.00981545629056036,-0.011202702314326796,0.13236546433238675,-0.0649483405074303,-0.001372109403850831,0.01067739921350342,-0.0003565678103674082
11.946287155151367,-0.026805735820331935,-2.05932872265629e-06,0.13903075808631743,-0.0001471200931174393,2.2721734686138937e-05,0.009717301727654757,-0.011202702314326796,0.13236546433238675,-0.0649483405074303,-0.0013583883098123228,0.010570625221368386,-0.0003530021322637341
11.96062421798706,-0.026794444305560064,-9.310307003097086e-05,0.13927941193687088,-0.0001334994080618807,-3.792850538516862e-05,0.00979438715131991,-0.011242429713599804,0.1326392004580337,-0.06495580549291045,-0.0013725140069317766,0.010655847982149937,-0.0003546788855543528
11.965439796447754,-0.026794444305560064,-9.310307003097086e-05,0.13927941193687088,-0.00013216441398126189,-3.754922033131693e-05,0.00969644327980671,-0.011242429713599804,0.1326392004580337,-0.06495580549291045,-0.0013587888668624589,0.010549289502328437,-0.00035113209669880926
11.983692169189453,-0.026806656038783707,-0.00018656481603077085,0.13954818623851248,-0.00013405015789030777,-8.670329170118679e-05,0.00974740455538378,-0.011282216869690985,0.13291279991620059,-0.06496347189938052,-0.0013669993255398117,0.010593694629901314,-0.0003518210003155295
11.98851490020752,-0.026806656038783707,-0.00018656481603077085,0.13954818623851248,-0.0001327096563114047,-8.583625878417493e-05,0.009649930509829941,-0.011282216869690985,0.13291279991620059,-0.06496347189938052,-0.0013533293322844136,0.0104877576836023,-0.0003483027903123742
11.999922752380371,-0.026825253091848786,-0.00027828656451117835,0.13982212033950606,-0.0001422032348308401,-0.00016303312738542462,0.009794615052957707,-0.011322121116919092,0.13318670482339257,-0.06497131533297273,-0.001374775671081164,0.01062298218999963,-0.00035169523158028074
12.004202604293823,-0.026825253091848786,-0.00027828656451117835,0.13982212033950606,-0.0001407812024825317,-0.00016140279611157038,0.00969666890242813,-0.011322121116919092,0.13318670482339257,-0.06497131533297273,-0.0013610279143703523,0.010516752368099633,-0.0003481782792644779
12.023805141448975,-0.026841136608623747,-0.0003653916736639844,0.14009282898585385,-0.0001444540597906697,-0.0002027915792216674,0.009738383700188414,-0.011362109639717961,0.1334607088533687,-0.06497933393515642,-0.0013678173021077092,0.010551364724853208,-0.00034878709052107494
12.02824354171753,-0.026841136608623747,-0.0003653916736639844,0.14009282898585385,-0.000143009519192763,-0.00020076366342945071,0.00964099986318653,-0.011362109639717961,0.1334607088533687,-0.06497933393515642,-0.001354139129086632,0.010445851077604675,-0.0003452992196158642
12.042654275894165,-0.02684791736181038,-0.00044587481362281096,0.14035391792009322,-0.00014251065090521427,-0.000252319316449201,0.009726495705707655,-0.011402196123137724,0.1337349377776199,-0.06498752876108023,-0.0013684148378327334,0.010531687468455382,-0.00034753283979028896
12.048484325408936,-0.02684791736181038,-0.00044587481362281096,0.14035391792009322,-0.00014108554439616212,-0.00024979612328470904,0.009629230748650578,-0.011402196123137724,0.1337349377776199,-0.06498752876108023,-0.001354730689454406,0.010426370593770828,-0.00034405751139238605
12.068397521972656,-0.026841390098637105,-0.0005184640523650848,0.14060076250925113,-0.00013395930718105746,-0.0002817373982973232,0.009657371457111125,-0.011442340718976741,0.1340091419485524,-0.0649958883273037,-0.0013613431774529411,0.010459806613768661,-0.00034481493944521664
12.08323621749878,-0.026841390098637105,-0.0005184640523650848,0.14060076250925113,-0.00013261971410924689,-0.00027892002431434995,0.009560797742540013,-0.011442340718976741,0.1340091419485524,-0.0649958883273037,-0.0013477297456784118,0.010355208547630975,-0.00034136679005076446
12.086382865905762,-0.026858609563798857,-0.0005847809850848169,0.1408669606717443,-0.00017179716202600997,-0.00047868213611156627,0.010313908448799957,-0.01148251422835711,0.13428313764217695,-0.0650045144929567,-0.0014619232400750284,0.011122410541372885,-0.0003653669432618287
12.0898916721344,-0.026858609563798857,-0.0005847809850848169,0.1408669606717443,-0.00017007919040574988,-0.0004738953147504506,0.010210769364311957,-0.01148251422835711,0.13428313764217695,-0.0650045144929567,-0.001447304007674278,0.011011186435959157,-0.00036171327382921044
12.114970207214355,-0.026882314430926892,-0.0006436812929938691,0.14113783759148762,-0.00017624770331437032,-0.0004917803031062735,0.010216978546225133,-0.011522783008403922,0.13455738826134622,-0.06501337263271764,-0.0014488880378843065,0.011010431285735738,-0.00036162830105668096
12.120151996612549,-0.026882314430926892,-0.0006436812929938691,0.14113783759148762,-0.0001744852262812266,-0.0004868625000752108,0.010114808760762881,-0.011522783008403922,0.13455738826134622,-0.06501337263271764,-0.0014343991575054634,0.01090032697287838,-0.00035801201804611414
12.140137910842896,-0.026915041885976633,-0.0007382305090223153,0.1416629642371284,-0.00018597936330819534,-0.000526770985822746,0.010277018028142012,-0.01160352593230048,0.13510610728190509,-0.0650316807330429,-0.0014604550810736238,0.011065876577856567,-0.00036359239966419343
12.146961450576782,-0.026915041885976633,-0.0007382305090223153,0.1416629642371284,-0.00018411956967511337,-0.0005215032759645186,0.010174247847860592,-0.01160352593230048,0.13510610728190509,-0.0650316807330429,-0.0014458505302628875,0.010955217812078002,-0.0003599564756675515
12.183538675308228,-0.026948703280172348,-0.0005428147936155349,0.14215109380948546,-0.00019536191748902411,-0.00046190825460569,0.010205224954189405,-0.011684114100801075,0.13565466140510687,-0.06504821594697488,-0.0014534243604073253,0.010995637133224687,-0.00036087754200122933
12.186459302902222,-0.026948703280172348,-0.0005428147936155349,0.14215109380948546,-0.00019340829831413387,-0.00045728917205963313,0.010103172704647511,-0.011684114100801075,0.13565466140510687,-0.06504821594697488,-0.0014388901168032521,0.01088568076189244,-0.000357268766581217
12.22217082977295,-0.027017051980976113,-0.00029729153386836573,0.14266341911512698,-0.00021555725171865247,-0.0003836346561190344,0.010144667359404499,-0.011764737863242296,0.13620273672666897,-0.06506220897910633,-0.001447077613091725,0.010930296899730615,-0.00035761443059555213
12.225525617599487,-0.027017051980976113,-0.00029729153386836573,0.14266341911512698,-0.00021340167920146596,-0.0003797983095578441,0.010043220685810454,-0.011764737863242296,0.13620273672666897,-0.06506220897910633,-0.0014326068369608076,0.010820993930733309,-0.0003540382862895966
12.238570213317871,-0.027036089890560652,-0.0002443184679492832,0.14291360020050545,-0.00022885586493656053,-0.0003339881479989776,0.010134013565095632,-0.011805154608170273,0.13647665629096203,-0.06506876155748768,-0.001449264285290776,0.010922771000764282,-0.0003555211165049834
12.24355673789978,-0.027036089890560652,-0.0002443184679492832,0.14291360020050545,-0.0002265673062871949,-0.0003306482665189878,0.010032673429444677,-0.011805154608170273,0.13647665629096203,-0.06506876155748768,-0.0014347716424378684,0.01081354329075664,-0.0003519659053399336
12.270483016967773,-0.027039176455966412,-0.00022707394438229415,0.14315248510554063,-0.00022596879179375218,-0.00031984511663994816,0.010020968164460605,-0.011845621320125071,0.13675040378992556,-0.06507511928352838,-0.0014354526315589584,0.010807073408544834,-0.00035080740655849164
12.2760169506073,-0.027039176455966412,-0.00022707394438229415,0.14315248510554063,-0.00022370910387581466,-0.0003166466654735487,0.009920758482815999,-0.011845621320125071,0.13675040378992556,-0.06507511928352838,-0.0014210981052433687,0.010699002674459385,-0.0003472993324929067
12.28289532661438,-0.02706375949612088,-0.00024043274020623193,0.1434132819693193,-0.00025598946717319795,-0.00033027167755915064,0.010200940633314979,-0.011886092523160167,0.1370237162658351,-0.06508146125430396,-0.001465725435724701,0.010989362946140183,-0.00035304649632287877
12.286515712738037,-0.02706375949612088,-0.00024043274020623193,0.1434132819693193,-0.00025342957250146594,-0.0003269689607835591,0.01009893122698183,-0.011886092523160167,0.1370237162658351,-0.06508146125430396,-0.001451068181367454,0.010879469316678781,-0.00034951603135965
12.324335813522339,-0.027117780004007216,-0.000329232076709425,0.14394682697748357,-0.00026355747799797127,-0.0003462128834336688,0.010139323986679941,-0.01196723629960135,0.1375704269265597,-0.06509422823001498,-0.0014580126979161442,0.010915230203583728,-0.0003493965827565634
12.329147815704346,-0.027117780004007216,-0.000329232076709425,0.14394682697748357,-0.00026092190321799156,-0.00034275075459933214,0.010037930746813141,-0.01196723629960135,0.1375704269265597,-0.06509422823001498,-0.0014434325709369827,0.010806077901547891,-0.0003459026169289978
12.34601092338562,-0.02713219857454749,-0.0003925824263461583,0.1442045137498137,-0.00026425907890945377,-0.00037530363379554774,0.010090856624584706,-0.012007895728378475,0.1378437701747433,-0.06510072388885896,-0.001453109713615065,0.010860112540144629,-0.00034629558469033287
12.351008892059326,-0.02713219857454749,-0.0003925824263461583,0.1442045137498137,-0.00026161648812035923,-0.00037155059745759225,0.009989948058338858,-0.012007895728378475,0.1378437701747433,-0.06510072388885896,-0.0014385786164789144,0.010751511414743183,-0.00034283262884342953
12.3650803565979,-0.027132204656004313,-0.000462061113060333,0.14444918932712222,-0.0002555984585699763,-0.00041468084771390776,0.010064577078196886,-0.012048585111179776,0.1381169124337552,-0.06510732121746897,-0.00145310906905371,0.01083810705449996,-0.00034409274745134984
12.380507230758667,-0.02715502062381128,-0.0005362488847330414,0.14471430290654508,-0.00026446576064682046,-0.00045719193393990243,0.010136420048918487,-0.012089282970282833,0.13838972556262927,-0.06511415056485677,-0.0014649591225139168,0.010906568762362965,-0.00034507873583589435
12.386282682418823,-0.02715502062381128,-0.0005362488847330414,0.14471430290654508,-0.00026182110304035226,-0.0004526200146005034,0.010035055848429302,-0.012089282970282833,0.13838972556262927,-0.06511415056485677,-0.0014503095312887776,0.010797503074739334,-0.0003416279484775354
12.404625654220581,-0.027183575033919508,-0.0006111846426004507,0.1449850134520856,-0.00027190113445944766,-0.0004879249071288379,0.010082830124230144,-0.012130052632345381,0.1386626646043613,-0.06512121789758384,-0.001458032748322203,0.010838325656877045,-0.00034206455215882934
12.407902002334595,-0.027183575033919508,-0.0006111846426004507,0.1449850134520856,-0.0002691821231148532,-0.0004830456580575495,0.009982001822987844,-0.012130052632345381,0.1386626646043613,-0.06512121789758384,-0.0014434524208389809,0.010729942400308275,-0.00033864390663724105
12.423952341079712,-0.02720883054253453,-0.0006840621193503967,0.14525302309803292,-0.000279045516231301,-0.0005223318085882231,0.010049764182491497,-0.012170866537868261,0.13893554501897556,-0.06512851927940384,-0.0014544465845673462,0.010792658337941892,-0.0003398065191117457
12.428992509841919,-0.02720883054253453,-0.0006840621193503967,0.14525302309803292,-0.00027625506106898796,-0.0005171084905023408,0.009949266540666581,-0.012170866537868261,0.13893554501897556,-0.06512851927940384,-0.0014399021187216727,0.010684731754562473,-0.0003364084539206282
12.450931787490845,-0.02722446636096543,-0.000752837465144602,0.1455119937575394,-0.00027843990166280487,-0.0005420870719206589,0.009968227548223508,-0.0122117472329682,0.1392085108326625,-0.06513604536195414,-0.0014441366623008608,0.010702303216000804,-0.00033647478430698456
12.454938411712646,-0.02722446636096543,-0.000752837465144602,0.1455119937575394,-0.0002756555026461768,-0.0005366662012014523,0.009868545272741273,-0.0122117472329682,0.1392085108326625,-0.06513604536195414,-0.0014296952956778521,0.010595280183840795,-0.0003331100364639147
12.492703199386597,-0.027251501759582786,-0.0008754313923015393,0.14602261169532674,-0.00027781529407097774,-0.0005623286465693632,0.009905496930608089,-0.012293599635476311,0.1397538663227832,-0.0651517804961892,-0.0014370726079691134,0.010633735843882042,-0.0003339455514052873
12.498279809951782,-0.027251501759582786,-0.0008754313923015393,0.14602261169532674,-0.00027503714113026796,-0.0005567053601036695,0.009806441961302008,-0.012293599635476311,0.1397538663227832,-0.0651517804961892,-0.0014227018818894223,0.010527398485443222,-0.0003306060958912344
12.508404731750488,-0.027282734542140807,-0.0009293777379714532,0.146293132825343,-0.0002994357788756978,-0.0006028431609450242,0.009976260673327558,-0.012334611072257732,0.14002657218338535,-0.06516005640636766,-0.0014489802986647682,0.010691465702450723,-0.00033547383651123407
12.522493839263916,-0.02731089535287731,-0.0009773431727048267,0.14656071296193326,-0.0003140867089523242,-0.0006296111701216066,0.010066862715356322,-0.012375667848742859,0.14029924998699161,-0.06516856025274924,-0.0014636312886247267,0.01077808906999334,-0.00033815485759609273
12.544415950775146,-0.027329563066118983,-0.0010191124459392905,0.14681911073024406,-0.00031817337180373574,-0.0006413171020602978,0.01008431195514219,-0.01241679425305048,0.14057205267233866,-0.06517725411305439,-0.001467755214361731,0.010794749971867672,-0.0003387391041492629
12.549085140228271,-0.027329563066118983,-0.0010191124459392905,0.14681911073024406,-0.00031499163808569835,-0.0006349039310396948,0.009983468835590767,-0.01241679425305048,0.14057205267233866,-0.06517725411305439,-0.0014530776622181136,0.010686802472148996,-0.00033535171310777027
12.565871715545654,-0.027334518549827526,-0.0010547743949915124,0.14706381084328898,-0.00031339823241402335,-0.0006479520008763357,0.010029678075539866,-0.012457959720413274,0.1408447417585899,-0.06518608544675626,-0.0014630697359001073,0.01074237918740307,-0.00033725914619131287
12.571033716201782,-0.027334518549827526,-0.0010547743949915124,0.14706381084328898,-0.00031026425008988314,-0.0006414724808675724,0.009929381294784467,-0.012457959720413274,0.1408447417585899,-0.06518608544675626,-0.0014484390385411062,0.01063495539552904,-0.00033388655472939977
12.58963131904602,-0.02736271017751271,-0.0010870428013951003,0.14732841823030093,-0.0003211625450993997,-0.0006515192769853231,0.009972589441894355,-0.012499144578004844,0.1411171579760886,-0.06519512111338259,-0.0014560998987756318,0.010675085051706511,-0.00033540620062683606
12.594157934188843,-0.02736271017751271,-0.0010870428013951003,0.14732841823030093,-0.0003179509196484057,-0.0006450040842154698,0.009872863547475411,-0.012499144578004844,0.1411171579760886,-0.06519512111338259,-0.0014415388997878755,0.010568334201189446,-0.0003320521386205677
12.605116367340088,-0.027396894633409646,-0.0011153791077793897,0.14759828513073067,-0.00034425114926616405,-0.0006632527205644686,0.01002072611129143,-0.01254040231279989,0.14138977194962077,-0.06520431467601265,-0.0014647728117672607,0.010711421800944167,-0.000337121103672041
12.608898878097534,-0.027396894633409646,-0.0011153791077793897,0.14759828513073067,-0.0003408086377735024,-0.0006566201933588239,0.009920518850178516,-0.01254040231279989,0.14138977194962077,-0.06520431467601265,-0.001450125083649588,0.010604307582934725,-0.0003337498926353206
12.637132167816162,-0.027427879326145974,-0.0011397824216976171,0.14786526778785963,-0.0003478149542247577,-0.0006581830942656827,0.00991598459163387,-0.012581697645401003,0.14166237695616687,-0.06521361005060913,-0.0014502503014296299,0.010594818967907812,-0.0003337047392659756
12.64762806892395,-0.027427879326145974,-0.0011397824216976171,0.14786526778785963,-0.0003443368046825101,-0.0006516012633230258,0.009816824745717531,-0.012581697645401003,0.14166237695616687,-0.06521361005060913,-0.0014357477984153337,0.010488870778228734,-0.0003303676918733159
12.653931379318237,-0.02744921308350808,-0.0011604332915876043,0.14812315186390068,-0.00037270720364090054,-0.0006746328256383536,0.010128182959007923,-0.012623053396510635,0.14193512000046676,-0.06522295573826636,-0.001486999894643351,0.010816680172299538,-0.00034189064901293554
12.664854526519775,-0.02744921308350808,-0.0011604332915876043,0.14812315186390068,-0.00036898013160449155,-0.00066788649738197,0.010026901129417844,-0.012623053396510635,0.14193512000046676,-0.06522295573826636,-0.0014721298956969176,0.010708513370576543,-0.00033847174252280617
12.678612232208252,-0.027456657302436537,-0.0011776352483892673,0.1483674399222066,-0.0003699804029053452,-0.0006716365709760626,0.010104346505973192,-0.012664438636613002,0.1422077591451532,-0.06523229280974234,-0.0014874900950940168,0.010799600192907613,-0.000341873819122251
12.711199760437012,-0.027456657302436537,-0.0011776352483892673,0.1483674399222066,-0.00036628059887629173,-0.000664920205266302,0.01000330304091346,-0.012664438636613002,0.1422077591451532,-0.06523229280974234,-0.0014726151941430767,0.010691604190978537,-0.0003384550809310285
12.723333358764648,-0.027523493575123938,-0.001209514512474265,0.14890135577737457,-0.00041611153323017046,-0.0006825070487315303,0.010343611354735606,-0.012747288170405784,0.1427527022033062,-0.06525108173331527,-0.0015261701337258933,0.011033807234304792,-0.0003505555684966384
12.729151248931885,-0.027523493575123938,-0.001209514512474265,0.14890135577737457,-0.0004119504178978688,-0.0006756819782442149,0.01024017524118825,-0.012747288170405784,0.1427527022033062,-0.06525108173331527,-0.0015109084323886343,0.010923469161961744,-0.000347050012811672
12.738481521606445,-0.027556428034042527,-0.0012234517972685229,0.14916820089691887,-0.00044225701562949443,-0.0006825092195272857,0.01042394501868557,-0.012788759153576398,0.1430252652340287,-0.0652604181703846,-0.001540247119975731,0.011106362085717901,-0.0003535861195588078
12.753641605377197,-0.02757952426376773,-0.001235985280190768,0.14942603888622147,-0.00045261779185312034,-0.0006827203533058194,0.01048987597847847,-0.012830270284265697,0.1432979642787619,-0.06526964994218018,-0.0015522265097979988,0.011175178107253804,-0.000356139783945786
12.77099323272705,-0.02757952426376773,-0.001235985280190768,0.14942603888622147,-0.0004480916139345891,-0.0006758931497727613,0.010384977218693685,-0.012830270284265697,0.1432979642787619,-0.06526964994218018,-0.0015367042447000188,0.011063426326181265,-0.00035257838610632815
12.776605367660522,-0.02769541136711568,-0.0011896604679321643,0.1496451325370692,-0.0006559999277463559,-0.0005969459239457839,0.010670346548918078,-0.012871337812225667,0.14357036657965092,-0.06527812413929175,-0.001594513504046898,0.011438172945806572,-0.00036415237659500477
12.781489372253418,-0.02769541136711568,-0.0011896604679321643,0.1496451325370692,-0.0006494399284688923,-0.000590976464706326,0.010563643083428897,-0.012871337812225667,0.14357036657965092,-0.06527812413929175,-0.0015785683690064292,0.011323791216348507,-0.0003605108528290547
12.795091152191162,-0.027790748560395734,-0.0011630726456828458,0.14989326741585504,-0.0007144696242976257,-0.0005683135943507523,0.010640147611837032,-0.012912437122324413,0.143842881041683,-0.06528653097144345,-0.0015929988116519323,0.011410905363459166,-0.00036308642961560946
12.798563718795776,-0.027790748560395734,-0.0011630726456828458,0.14989326741585504,-0.0007073249280546494,-0.0005626304584072447,0.01053374613571866,-0.012912437122324413,0.143842881041683,-0.06528653097144345,-0.0015770688235354129,0.011296796309824575,-0.00035945556531945337
12.827808380126953,-0.02786757223642386,-0.0011491162117627342,0.150151918969678,-0.0007268923006790136,-0.0005529914411184111,0.010516777964920811,-0.012953515210474546,0.14411543892041465,-0.0652946442140737,-0.001575344489841474,0.01127702753807449,-0.00035863527418530255
12.833038806915283,-0.02786757223642386,-0.0011491162117627342,0.150151918969678,-0.0007196233776722234,-0.0005474615267072269,0.010411610185271604,-0.012953515210474546,0.14411543892041465,-0.0652946442140737,-0.0015595910449430592,0.011164257262693746,-0.00035504892144344954
12.839545488357544,-0.027922369290837707,-0.0011456468017501692,0.15041206380710154,-0.000797234876030309,-0.0005374377877080411,0.010707190234495859,-0.012994626948073618,0.14438820441100442,-0.06530246455873956,-0.0016071790139625883,0.011471822996190673,-0.0003635173772707441
12.865675687789917,-0.027953460555944866,-0.0011506267748177432,0.15066663653529153,-0.0008010970997677375,-0.0005335002594798225,0.010697558507451192,-0.013035774775143713,0.14466101510885965,-0.06530995901905769,-0.0016068544542168935,0.011461509135036315,-0.0003627503256252802
12.869355201721191,-0.027953460555944866,-0.0011506267748177432,0.15066663653529153,-0.0007930861287700602,-0.0005281652568850242,0.01059058292237668,-0.013035774775143713,0.14466101510885965,-0.06530995901905769,-0.0015907859096747246,0.011346894043685952,-0.0003591228223690274
12.882018089294434,-0.027999787247748088,-0.0011646410164146532,0.15094684931021504,-0.0008210518157522552,-0.0005335779042914885,0.010706094234125024,-0.013076972276641513,0.1449337207662975,-0.06531724901335431,-0.001607412100382584,0.011448783295336431,-0.0003612885703914417
12.88730764389038,-0.027999787247748088,-0.0011646410164146532,0.15094684931021504,-0.0008128412975947326,-0.0005282421252485736,0.010599033291783773,-0.013076972276641513,0.1449337207662975,-0.06531724901335431,-0.0015913379793787582,0.011334295462383067,-0.0003576756846875273
12.910842657089233,-0.028045872417652027,-0.001184981329884217,0.15123633376024165,-0.0008237272269803242,-0.0005313284037306384,0.010616151894620096,-0.013118273465191442,0.1452068624672737,-0.0653242770818692,-0.0015929734270281365,0.011337010101892864,-0.00035708514605753275
12.918894052505493,-0.028045872417652027,-0.001184981329884217,0.15123633376024165,-0.0008154899547105209,-0.000526015119693332,0.010509990375673895,-0.013118273465191442,0.1452068624672737,-0.0653242770818692,-0.0015770436927578552,0.011223640000873935,-0.00035351429459695743
12.924988746643066,-0.028083953912588593,-0.001209598945369024,0.15152550078197716,-0.0008671477142458255,-0.0005590775073268197,0.010879858892601053,-0.013159646104756449,0.14548025001170609,-0.06533101433245488,-0.0016291563007068814,0.011559970072391575,-0.00036103343991155117
12.929668188095093,-0.028083953912588593,-0.001209598945369024,0.15152550078197716,-0.0008584762371033673,-0.0005534867322535515,0.010771060303675042,-0.013159646104756449,0.14548025001170609,-0.06533101433245488,-0.0016128647376998126,0.011444370371667659,-0.00035742310551243564
12.952837228775024,-0.028108743445563997,-0.001236791829331122,0.15180696250381623,-0.0008598220465251353,-0.0005587524721462785,0.010784981500357475,-0.01320112274270112,0.14575406484377712,-0.06533744132775487,-0.001614637840558247,0.011448108009964078,-0.0003566228327703829
12.961443424224854,-0.028108743445563997,-0.001236791829331122,0.15180696250381623,-0.0008512238260598839,-0.0005531649474248157,0.0106771316853539,-0.01320112274270112,0.14575406484377712,-0.06533744132775487,-0.0015984914621526645,0.011333626929864438,-0.00035305660444267904
12.966659307479858,-0.02811694448875669,-0.001265179495450319,0.15207528937315057,-0.0008549351204988492,-0.0005958340617307113,0.011085501006789174,-0.013242677359774635,0.1460280645886231,-0.06534354569198605,-0.0016621759247811773,0.011745608677572926,-0.0003612294526288571
12.97098708152771,-0.02811694448875669,-0.001265179495450319,0.15207528937315057,-0.0008463857692938607,-0.0005898757211134042,0.010974645996721282,-0.013242677359774635,0.1460280645886231,-0.06534354569198605,-0.0016455541655333655,0.011628152590797197,-0.00035761715810256854
13.005856037139893,-0.028179754289937436,-0.0013278476763025652,0.15265533161303574,-0.0008547254354759931,-0.0006009161986270128,0.011031480975671616,-0.013326052409466773,0.14657664113148486,-0.0653551091934106,-0.0016530095923106532,0.011669196265266057,-0.0003573572606173769
13.010768413543701,-0.028179754289937436,-0.0013278476763025652,0.15265533161303574,-0.0008461781811212332,-0.0005949070366407426,0.0109211661659149,-0.013326052409466773,0.14657664113148486,-0.0653551091934106,-0.0016364794963875467,0.011552504302613396,-0.0003537836880112031
13.02213191986084,-0.028209009811783457,-0.0013590646809430588,0.1529434767789475,-0.0008616189156976629,-0.0006147231878994573,0.01106588015377241,-0.013367852382206837,0.1468515047105145,-0.06536047883794197,-0.0016568990983989434,0.011678861977261373,-0.0003549711923959305
13.03030014038086,-0.028209009811783457,-0.0013590646809430588,0.1529434767789475,-0.0008530027265406862,-0.0006085759560204628,0.010955221352234685,-0.013367852382206837,0.1468515047105145,-0.06536047883794197,-0.0016403301074149538,0.01156207335748876,-0.0003514214804719712
13.052143573760986,-0.028227849082697404,-0.0013889451397100863,0.1532210974979104,-0.0008521974331159693,-0.0006149881128175505,0.010972941368968491,-0.01340972924697937,0.14712682457753984,-0.06536554822345761,-0.0016430981811168192,0.011572495019463202,-0.00035022804804034477
13.055471420288086,-0.028227849082697404,-0.0013889451397100863,0.1532210974979104,-0.0008436754587848095,-0.0006088382316893749,0.010863211955278807,-0.01340972924697937,0.14712682457753984,-0.06536554822345761,-0.001626667199305651,0.01145677006926857,-0.0003467257675599413
13.066472291946411,-0.028232327936376582,-0.0014169030759121864,0.1534835555920872,-0.0008376885170545944,-0.0006250206551712747,0.010993486460869627,-0.01345164778075327,0.14740233496826258,-0.06537031008844015,-0.0016485052658059096,0.011592646514530663,-0.000347587135042815
13.084652662277222,-0.028232327936376582,-0.0014169030759121864,0.1534835555920872,-0.0008293116318840485,-0.0006187704486195619,0.010883551596260931,-0.01345164778075327,0.14740233496826258,-0.06537031008844015,-0.0016320202131478506,0.011476720049385356,-0.00034411126369238685
13.09469485282898,-0.028259567822014973,-0.0014450898494233668,0.15376417452138869,-0.0008462873479675165,-0.0006386883268712704,0.011054515684318257,-0.0134935998189409,0.14767784769982134,-0.06537489246577727,-0.001657475794866925,0.011636308060673992,-0.0003452332763153404
13.105803489685059,-0.028259567822014973,-0.0014450898494233668,0.15376417452138869,-0.0008378244744878413,-0.0006323014436025577,0.010943970527475075,-0.0134935998189409,0.14767784769982134,-0.06537489246577727,-0.0016409010369182557,0.011519944980067252,-0.00034178094355218704
13.109291553497314,-0.02829246533744182,-0.001472268944807,0.1540483889828201,-0.0009185887502312055,-0.0006993587653065323,0.011650344198548159,-0.013535605576163316,0.14795384392944583,-0.06537922583324807,-0.0017449191731936453,0.012196004648447648,-0.0003507865521045273
13.114095449447632,-0.02829246533744182,-0.001472268944807,0.1540483889828201,-0.0009094028627288934,-0.0006923651776534669,0.011533840756562677,-0.013535605576163316,0.14795384392944583,-0.06537922583324807,-0.001727469981461709,0.012074044601963171,-0.00034727868658348203
13.134324789047241,-0.028321932272529028,-0.0014978080207898059,0.1543281307325772,-0.000914049341362566,-0.0006971874835936441,0.011556947605617127,-0.013577610869632004,0.14823008616651867,-0.06538328378985067,-0.0017309598218150264,0.012089859398250202,-0.0003458118755344172
13.139424324035645,-0.028321932272529028,-0.0014978080207898059,0.1543281307325772,-0.0009049088479489404,-0.0006902156087577076,0.011441378129560956,-0.013577610869632004,0.14823008616651867,-0.06538328378985067,-0.0017136502235968762,0.0119689608042677,-0.00034235375677907305
13.145669221878052,-0.02834159851094866,-0.001521319496863353,0.1545972755240621,-0.0009249635030247535,-0.0007171593727353712,0.011758423014795192,-0.013619633831922282,0.1485067041789817,-0.06538705608400247,-0.0017638053942605225,0.012292221616621985,-0.0003449708210705837
13.181589126586914,-0.028347291613253632,-0.0015426087324595147,0.15485142740600452,-0.0009169407061120531,-0.0007150147042477405,0.01171166846360756,-0.013661642545064608,0.1487834177922588,-0.06539054250844482,-0.0017578624473853816,0.01224633568869759,-0.00034249172357575015
13.187005996704102,-0.028347291613253632,-0.0015426087324595147,0.15485142740600452,-0.0009077712990509326,-0.000707864557205263,0.011594551778971484,-0.013661642545064608,0.1487834177922588,-0.06539054250844482,-0.0017402838229115278,0.012123872331810615,-0.00033906680633999267
13.197304248809814,-0.028376023965502203,-0.0015641686285228994,0.15512419991022985,-0.0009252624802120363,-0.0007200549859359275,0.011743739209063665,-0.013703630565157426,0.14906003250168381,-0.06539387229115888,-0.0017636529716776863,0.01227123716042107,-0.000338909485722233
13.20272183418274,-0.028376023965502203,-0.0015641686285228994,0.15512419991022985,-0.0009160098554099159,-0.0007128544360765683,0.011626301816973028,-0.013703630565157426,0.14906003250168381,-0.06539387229115888,-0.0017460164419609095,0.012148524788816858,-0.0003355203908650106
13.218399286270142,-0.028410506599832203,-0.001584989393922841,0.1554011022215601,-0.0009279961530082216,-0.0007181605666173924,0.01168682713651145,-0.013745619317537797,0.14933701055854445,-0.06539697047480325,-0.0017553391706710529,0.012203712418202672,-0.00033414139050467817
13.223946809768677,-0.028410506599832203,-0.001584989393922841,0.1554011022215601,-0.0009187161914781394,-0.0007109789609512185,0.011569958865146335,-0.013745619317537797,0.14933701055854445,-0.06539697047480325,-0.0017377857789643424,0.012081675294020645,-0.0003307999765996314
13.233306884765625,-0.028441522734120546,-0.0016046071518916846,0.15567411385924507,-0.0009413525654495124,-0.0007231878777362663,0.011746192838726709,-0.013787560950981052,0.1496141129743966,-0.06539981370086438,-0.0017652169995815807,0.012256905758589386,-0.000330529587175494
13.237019300460815,-0.028441522734120546,-0.0016046071518916846,0.15567411385924507,-0.0009319390397950173,-0.0007159559989589037,0.011628730910339441,-0.013787560950981052,0.1496141129743966,-0.06539981370086438,-0.001747564829585765,0.012134336701003492,-0.0003272242913037391
13.266614198684692,-0.028462612434245346,-0.0016227490941568754,0.15593712807946292,-0.000929377604832881,-0.0007141970452690141,0.011601389862382657,-0.013829481979994243,0.14989146269450074,-0.06540239573839039,-0.0017442541325244313,0.012106708716288762,-0.00032482450874061694
13.271515369415283,-0.028462612434245346,-0.0016227490941568754,0.15593712807946292,-0.0009200838287845522,-0.000707055074816324,0.01148537596375883,-0.013829481979994243,0.14989146269450074,-0.06540239573839039,-0.001726811591199187,0.011985641629125875,-0.00032157626365321077
13.28113055229187,-0.028447259685247306,-0.001829445652558594,0.15621761860186673,-0.0008787084694199848,-0.0009086806202106629,0.011665262647291834,-0.013871791905821922,0.15016871504939308,-0.06540542613292347,-0.0017535467213728255,0.01215413371171492,-0.0003215121774558788
13.285220861434937,-0.028447259685247306,-0.001829445652558594,0.15621761860186673,-0.0008699213847257849,-0.0008995938140085563,0.011548610020818915,-0.013871791905821922,0.15016871504939308,-0.06540542613292347,-0.0017360112541590972,0.012032592374597771,-0.00031829705568132
13.30617070198059,-0.02846295003708274,-0.0019739310562981744,0.15650621427446137,-0.0008635339363654556,-0.0009579105968390932,0.011571841843399405,-0.013914095529193772,0.15044629727088438,-0.0654083222747603,-0.0017388439556294604,0.01204476493974787,-0.00031649650225103567
13.31381368637085,-0.02846295003708274,-0.0019739310562981744,0.15650621427446137,-0.0008548985970018011,-0.0009483314908707022,0.01145612342496541,-0.013914095529193772,0.15044629727088438,-0.0654083222747603,-0.0017214555160731657,0.01192431729035039,-0.0003133315372285253
13.322851419448853,-0.02848911282423851,-0.0020774231661515367,0.15679315666926694,-0.0008667873449000325,-0.0010506448186920203,0.011660638144382627,-0.013956412905879286,0.1507241665462337,-0.06541114957531854,-0.0017510639599103922,0.012112528733500577,-0.0003133265511992733
13.327165126800537,-0.02848911282423851,-0.0020774231661515367,0.15679315666926694,-0.0008581194714510321,-0.0010401383705051,0.0115440317629388,-0.013956412905879286,0.1507241665462337,-0.06541114957531854,-0.0017335533203112882,0.011991403446165571,-0.00031019328568728053
13.343095064163208,-0.02851554638301993,-0.0021456688712751357,0.15707142886697614,-0.0008630239440067447,-0.001071221624208561,0.011603859227124777,-0.013998739270558877,0.15100238443357644,-0.06541384223870719,-0.0017427881142324836,0.012046140372978067,-0.00030878166919973507
13.348759412765503,-0.02851554638301993,-0.0021456688712751357,0.15707142886697614,-0.0008543937045666773,-0.0010605094079664753,0.011487820634853528,-0.013998739270558877,0.15100238443357644,-0.06541384223870719,-0.0017253602330901587,0.011925678969248286,-0.0003056938525077377
13.367112398147583,-0.028534932208284507,-0.002184486717621938,0.15733588807149618,-0.0008549735552690089,-0.001069751084929934,0.01151731750918194,-0.014041061734420223,0.15128079297906558,-0.06541637504407292,-0.0017311668920629412,0.011958118778061773,-0.00030401696486430325
13.377044677734375,-0.028534932208284507,-0.002184486717621938,0.15733588807149618,-0.0008464238197163188,-0.0010590535740806347,0.011402144334090121,-0.014041061734420223,0.15128079297906558,-0.06541637504407292,-0.0017138552231423117,0.011838537590281155,-0.0003009767952156602
13.385241508483887,-0.028581758565280807,-0.002202041820580083,0.15761963846990223,-0.0008938065388687205,-0.0010693652231126224,0.011634533129111052,-0.014083364002787398,0.15155916591583363,-0.06541885431557436,-0.001748324749276658,0.012059762662946692,-0.0003009916981115381
13.391581296920776,-0.028581758565280807,-0.002202041820580083,0.15761963846990223,-0.0008848684734800333,-0.0010586715708814961,0.011518187797819941,-0.014083364002787398,0.15155916591583363,-0.06541885431557436,-0.0017308415017838915,0.011939165036317225,-0.0002979817811304227
13.410000085830688,-0.028636813448783476,-0.0022024352895658036,0.15790767338288117,-0.0009060590402247461,-0.0010484275143669173,0.01155935819078218,-0.014125687156624036,0.15183804870236975,-0.06542117047113236,-0.0017365113368799142,0.011971185505339405,-0.0002962594594386125
13.414609909057617,-0.028636813448783476,-0.0022024352895658036,0.15790767338288117,-0.0008969984498224987,-0.0010379432392232481,0.01144376460887436,-0.014125687156624036,0.15183804870236975,-0.06542117047113236,-0.001719146223511115,0.01185147365028601,-0.00029329686484422636
13.45103907585144,-0.028731984215473825,-0.0021676270898979885,0.15846498608562185,-0.0009150808493835978,-0.0010179313804431957,0.011482145145442268,-0.014210311834198094,0.15239674964699626,-0.06542512862664925,-0.001725184685268777,0.011886325294021427,-0.0002914504309329883
13.455199718475342,-0.028731984215473825,-0.0021676270898979885,0.15846498608562185,-0.0009059300408897618,-0.0010077520666387637,0.011367323693987845,-0.014210311834198094,0.15239674964699626,-0.06542512862664925,-0.0017079328384160893,0.011767462041081212,-0.0002885359266236584
13.469682693481445,-0.028759520963825017,-0.0021392738579358314,0.1587232778173609,-0.0009176800851697961,-0.000977139285173551,0.011431679535526176,-0.014252644075272575,0.1526764483847704,-0.06542672517829533,-0.0017200824778763391,0.01184290985418718,-0.0002867529317855933
13.475106239318848,-0.028759520963825017,-0.0021392738579358314,0.1587232778173609,-0.0009085032843180981,-0.0009673678923218154,0.011317362740170913,-0.014252644075272575,0.1526764483847704,-0.06542672517829533,-0.0017028816530975756,0.011724480755645307,-0.0002838854024677374
13.492544651031494,-0.028808459016614506,-0.0021099956416076406,0.1590001180800651,-0.0009289833592588857,-0.0009409312071234516,0.01136266980001416,-0.014294988957034339,0.1529561107126921,-0.06542818835937331,-0.001710135370125006,0.011767607392765143,-0.00028188560483310846
13.495962142944336,-0.028808459016614506,-0.0021099956416076406,0.1590001180800651,-0.0009196935256662969,-0.0009315218950522171,0.011249043102014017,-0.014294988957034339,0.1529561107126921,-0.06542818835937331,-0.001693034016423756,0.011649931318837492,-0.00027906674878477736
13.509298086166382,-0.028861078400918453,-0.0020809116331773625,0.1592808033698708,-0.000951899172035476,-0.0009006098614056037,0.01134667009480152,-0.014337388404727853,0.153236203755624,-0.06542941516157813,-0.001707897038744313,0.011743460676488732,-0.00027719600288357473
13.515876293182373,-0.028861078400918453,-0.0020809116331773625,0.1592808033698708,-0.0009423801803151213,-0.0008916037627915476,0.011233203393853506,-0.014337388404727853,0.153236203755624,-0.06542941516157813,-0.0016908180683568698,0.011626026069723844,-0.00027442404285473896
13.531776189804077,-0.0289079197102977,-0.002053168432927835,0.15955718669877553,-0.0009639919722580295,-0.0008651632715595452,0.011294414014537868,-0.014379812988077514,0.15351649672478163,-0.06543037362599431,-0.001700592189048613,0.0116860518414622,-0.0002722826141544597
13.535733699798584,-0.0289079197102977,-0.002053168432927835,0.15955718669877553,-0.0009543520525354492,-0.0008565116388439498,0.01118146987439249,-0.014379812988077514,0.15351649672478163,-0.06543037362599431,-0.001683586267158127,0.011569191323047578,-0.0002695597880129151
13.561277389526367,-0.028942423141879933,-0.002027638837190766,0.15982308463791856,-0.0009592409621151344,-0.0008375755971734936,0.01117358782354343,-0.014422305614773118,0.1537971136826348,-0.06543105582654316,-0.0016833856780701364,0.011563357054050835,-0.0002671312621791949
13.567193031311035,-0.028942423141879933,-0.002027638837190766,0.15982308463791856,-0.0009496485524939831,-0.0008291998412017587,0.011061851945307996,-0.014422305614773118,0.1537971136826348,-0.06543105582654316,-0.001666551821289435,0.011447723483510327,-0.00026445994955740296
13.58189058303833,-0.02896036767095906,-0.00200494306947052,0.16007406086206535,-0.0009538447395763476,-0.0008040510022555999,0.011121743312313987,-0.014464855151576016,0.15407777991949326,-0.06543146896134934,-0.0016788363878201644,0.011524207465935127,-0.0002620964409631234
13.589041471481323,-0.02896036767095906,-0.00200494306947052,0.16007406086206535,-0.0009443062921805841,-0.0007960104922330438,0.011010525879190847,-0.014464855151576016,0.15407777991949326,-0.06543146896134934,-0.0016620480239419627,0.011408965391275776,-0.00025947547655349215
13.614670991897583,-0.02904059298633402,-0.001976210164697823,0.16061806964232184,-0.0009673029632147358,-0.0007763336715967073,0.011112479778335406,-0.014550161586691075,0.1546391375533388,-0.06543182158408882,-0.0016787119882530307,0.011513903493141627,-0.000257018306391084
13.620007991790771,-0.02904059298633402,-0.001976210164697823,0.16061806964232184,-0.0009576299335825884,-0.0007685703348807402,0.011001354980552052,-0.014550161586691075,0.1546391375533388,-0.06543182158408882,-0.0016619248683705005,0.011398764458210212,-0.0002544481233271732
13.63457441329956,-0.029076491240757774,-0.0019686629802348897,0.16088832318564716,-0.0009733344370410768,-0.0007550232397501782,0.011076766630561211,-0.014592934186698126,0.15492005159982614,-0.06543165184887506,-0.0016746694548478492,0.011477627230813851,-0.00025178711710273816
13.641483306884766,-0.029076491240757774,-0.0019686629802348897,0.16088832318564716,-0.000963601092670666,-0.0007474730073526764,0.010965998964255598,-0.014592934186698126,0.15492005159982614,-0.06543165184887506,-0.0016579227602993708,0.011362850958505713,-0.00024926924593171075
13.65162992477417,-0.02910024967126548,-0.0019648921993929342,0.16114853913132,-0.000978029200133635,-0.0007344715901614891,0.011112699689474825,-0.014635815182531457,0.15520116803222636,-0.06543125008571185,-0.001683604901263444,0.011526276769349714,-0.00024638059575762664
13.660099983215332,-0.02910024967126548,-0.0019648921993929342,0.16114853913132,-0.0009682489081322986,-0.0007271268742598743,0.011001572692580076,-0.014635815182531457,0.15520116803222636,-0.06543125008571185,-0.0016667688522508095,0.011411014001656217,-0.00024391678980005037
13.671560525894165,-0.02910001108277076,-0.001950398772455146,0.16139983866577745,-0.0009597619361058329,-0.0007040772240613619,0.011110615379937962,-0.014678736432323107,0.15548224083374784,-0.0654307510332573,-0.0016875524878012214,0.011542156472618198,-0.00024104216917651938
13.6781747341156,-0.02910001108277076,-0.001950398772455146,0.16139983866577745,-0.0009501643167447746,-0.0006970364518207483,0.010999509226138583,-0.014678736432323107,0.15548224083374784,-0.0654307510332573,-0.0016706769629232091,0.011426734907892016,-0.0002386317474847542
13.691563606262207,-0.02912417779511647,-0.0019459708853404975,0.16166860842982778,-0.0009592528222059268,-0.0006853235832510676,0.01109017522464302,-0.014721744716294591,0.15576304513351918,-0.06543019103739536,-0.0016860926032330286,0.011522197173598099,-0.00023582717531615805
13.694828033447266,-0.02912417779511647,-0.0019459708853404975,0.16166860842982778,-0.0009496602939838675,-0.000678470347418557,0.01097927347239659,-0.014721744716294591,0.15576304513351918,-0.06543019103739536,-0.0016692316772006983,0.011406975201862119,-0.00023346890356299647
13.728524923324585,-0.02915399664401667,-0.0019483072318702151,0.16194098492251274,-0.0009490602541457466,-0.0006719194689457682,0.01095030907195127,-0.014764876993096735,0.1560440555018912,-0.06542950943479221,-0.0016653394369221526,0.011376299012096603,-0.00023093193989441615
13.733450889587402,-0.02915399664401667,-0.0019483072318702151,0.16194098492251274,-0.0009395696516042891,-0.0006652002742563105,0.010840805981231758,-0.014764876993096735,0.1560440555018912,-0.06542950943479221,-0.0016486860425529311,0.011262536021975637,-0.00022862262049547197
13.738372802734375,-0.02917992585566404,-0.0019558546702846463,0.16220899117800863,-0.0009823437494637561,-0.0006701790852811217,0.01127705097988322,-0.014808094242847476,0.1563250229679246,-0.06542868589247199,-0.00172000497727298,0.011720760771547467,-0.00022466317841767327
13.742418050765991,-0.02917992585566404,-0.0019558546702846463,0.16220899117800863,-0.0009725203119691186,-0.0006634772944283105,0.011164280470084388,-0.014808094242847476,0.1563250229679246,-0.06542868589247199,-0.0017028049275002503,0.011603553163831992,-0.00022241654663349654
13.763816118240356,-0.02919530254007434,-0.0019672679511497084,0.1624665969976714,-0.0009697304414251015,-0.0006609876380430379,0.011173084522872941,-0.014851430184113907,0.15660608854743469,-0.06542772742281486,-0.0017060291469492095,0.011618868549675724,-0.00021974445770011193
13.772106170654297,-0.02919530254007434,-0.0019672679511497084,0.1624665969976714,-0.0009600331370108505,-0.0006543777616626076,0.011061353677644211,-0.014851430184113907,0.15660608854743469,-0.06542772742281486,-0.0016889688554797173,0.011502679864178966,-0.00021754701312311082
13.77584457397461,-0.029244051715793345,-0.0019785070638589173,0.16271139204581592,-0.0010789840850183633,-0.0006788294283982495,0.011605873037473634,-0.014894672050218294,0.15688687262001885,-0.06542692645509894,-0.0017877485112929661,0.012138733268838235,-0.00021322900339064272
13.780055284500122,-0.029244051715793345,-0.0019785070638589173,0.16271139204581592,-0.0010681942441681796,-0.0006720411341142671,0.011489814307098898,-0.014894672050218294,0.15688687262001885,-0.06542692645509894,-0.0017698710261800363,0.012017345936149853,-0.00021109671335673628
13.80167031288147,-0.02929516016646079,-0.0019948520607111705,0.16297483554917583,-0.0010806560534783673,-0.0006729961207448406,0.011496884636275587,-0.014937972753638704,0.15716745363943763,-0.0654260761910438,-0.0017722049999640158,0.012026980781671682,-0.00020859237914534946
13.81003999710083,-0.02929516016646079,-0.0019948520607111705,0.16297483554917583,-0.0010698494929435836,-0.0006662661595373922,0.01138191578991283,-0.014937972753638704,0.15716745363943763,-0.0654260761910438,-0.0017544829499643755,0.011906710973854965,-0.00020650645535389597
13.82025694847107,-0.029339986941144827,-0.002014297955849932,0.16324256501631507,-0.001101753711783275,-0.0006783016970512224,0.011530373791227956,-0.014981347581408731,0.15744805495990527,-0.06542518239072814,-0.001779391907507677,0.0120622867691272,-0.000203566569845188
13.824384212493896,-0.029339986941144827,-0.002014297955849932,0.16324256501631507,-0.0010907361746654422,-0.0006715186800807101,0.011415070053315676,-0.014981347581408731,0.15744805495990527,-0.06542518239072814,-0.0017615979884326003,0.011941663901435928,-0.00020153090414673614
13.833788871765137,-0.029371863329366667,-0.00203556658719487,0.16350652975176838,-0.001112237138833898,-0.0006859826678939005,0.011581878574365777,-0.015024801866341177,0.15772861394162677,-0.06542422141940307,-0.0017901870689116311,0.012120566397256633,-0.00019849379165938645
13.839379787445068,-0.029371863329366667,-0.00203556658719487,0.16350652975176838,-0.001101114767445559,-0.0006791228412149615,0.01146605978862212,-0.015024801866341177,0.15772861394162677,-0.06542422141940307,-0.0017722851982225148,0.011999360733284066,-0.00019650885374279258
13.862060308456421,-0.02938653087296579,-0.0020576401511246314,0.16376061723800844,-0.001095951487954762,-0.0006809115602297427,0.011463553715076107,-0.015068355604573995,0.15800914127523738,-0.06542319872353591,-0.001773765493386256,0.012003053585124804,-0.00019409285146019674
13.865957736968994,-0.02938653087296579,-0.0020576401511246314,0.16376061723800844,-0.0010849919730752144,-0.0006741024446274452,0.011348918177925346,-0.015068355604573995,0.15800914127523738,-0.06542319872353591,-0.0017560278384523933,0.011883023049273555,-0.00019215192294559476
13.906372547149658,-0.029404656138991025,-0.0023007715502737017,0.16430308324613152,-0.0010739384612958446,-0.0007256491162428067,0.011370518608217518,-0.015155749430892214,0.15856990936791085,-0.06541904908513807,-0.001760091768106345,0.011902945936800352,-0.00018920364189805935
13.910690784454346,-0.029404656138991025,-0.0023007715502737017,0.16430308324613152,-0.001063199076682886,-0.0007183926250803786,0.011256813422135342,-0.015155749430892214,0.15856990936791085,-0.06541904908513807,-0.0017424908504252816,0.011783916477432349,-0.00018731160547907875
13.917110919952393,-0.02942177350545405,-0.002378738185345841,0.16457922574380732,-0.0010699969957461088,-0.0008279894799379917,0.011576082339410007,-0.015199611509611563,0.1588504632787983,-0.06541666568831384,-0.001793385494884814,0.012103067950897339,-0.0001817261116637876
13.922527313232422,-0.02942177350545405,-0.002378738185345841,0.16457922574380732,-0.0010592970257886478,-0.0008197095851386118,0.011460321516015906,-0.015199611509611563,0.1588504632787983,-0.06541666568831384,-0.001775451639935966,0.011982037271388366,-0.00017990885054714972
13.934366226196289,-0.029431792262978762,-0.002434752455984079,0.16484778259575783,-0.001053696774243907,-0.0008559862725733366,0.011573222191996498,-0.015243614669843029,0.15913120414388354,-0.06541408040168233,-0.0017948653672476339,0.012099350887193603,-0.00017592604243887348
13.938869714736938,-0.029431792262978762,-0.002434752455984079,0.16484778259575783,-0.001043159806501468,-0.0008474264098476032,0.011457489970076533,-0.015243614669843029,0.15913120414388354,-0.06541408040168233,-0.0017769167135751574,0.011978357378321668,-0.00017416678201448476
13.960864782333374,-0.029429475619042765,-0.00247199653046736,0.16510339203831342,-0.0010305225671449062,-0.0008540209617768587,0.01145936053523143,-0.015287753546379082,0.15941199058585306,-0.06541133258140554,-0.0017792151713023573,0.011986232626562269,-0.0001711758248867528
13.966912984848022,-0.029429475619042765,-0.00247199653046736,0.16510339203831342,-0.001020217341473457,-0.0008454807521590901,0.011344766929879116,-0.015287753546379082,0.15941199058585306,-0.06541133258140554,-0.0017614230195893337,0.011866370300296646,-0.00016946406663788526
13.97898268699646,-0.02941154359982959,-0.0024936285675694527,0.16534232361937376,-0.0009941540364885554,-0.0008507481695099694,0.011429520970739461,-0.01533202578045459,0.15969272631514503,-0.06540848536212009,-0.0017804892588292498,0.011980302005067108,-0.00016541044540145167
13.9866361618042,-0.02941154359982959,-0.0024936285675694527,0.16534232361937376,-0.0009842124961236699,-0.0008422406878148698,0.011315225761032067,-0.01533202578045459,0.15969272631514503,-0.06540848536212009,-0.0017626843662409573,0.011860498985016437,-0.00016375634094743715
13.997670888900757,-0.029415524195562936,-0.002505377631053214,0.1655988435626184,-0.0009775607011647538,-0.0008413185963902791,0.011434661217301093,-0.01537638977463963,0.15997308201924634,-0.06540570650508727,-0.001785261502066974,0.01199596072617657,-0.00015960049411464046
14.00270128250122,-0.029415524195562936,-0.002505377631053214,0.1655988435626184,-0.0009677850941531063,-0.0008329054104263764,0.011320314605128081,-0.01537638977463963,0.15997308201924634,-0.06540570650508727,-0.0017674088870463043,0.011876001118914804,-0.00015800448917349406
14.019231796264648,-0.029424540823844676,-0.0025088774502796695,0.16585881730537413,-0.0009636861415207395,-0.00082483745194049,0.011364386464684469,-0.015420917054405564,0.16025359275427906,-0.06540295119397713,-0.0017766712143109814,0.011926933797890749,-0.00015475764121103994
14.024115324020386,-0.029424540823844676,-0.0025088774502796695,0.16585881730537413,-0.0009540492801055321,-0.0008165890774210851,0.011250742600037623,-0.015420917054405564,0.16025359275427906,-0.06540295119397713,-0.0017589045021678715,0.011807664459911842,-0.00015321006479892955
14.032860517501831,-0.029429706828411166,-0.002505990755968932,0.16611455903304803,-0.0009512657033688937,-0.0008013547310011403,0.011430578354414358,-0.015465552899230408,0.1605339528025338,-0.06540023233841023,-0.0017923558885780955,0.012010175403054013,-0.00014856899283696934
14.036426782608032,-0.029429706828411166,-0.002505990755968932,0.16611455903304803,-0.0009417530463352047,-0.0007933411836911289,0.011316272570870214,-0.015465552899230408,0.1605339528025338,-0.06540023233841023,-0.0017744323296923145,0.011890073649023473,-0.00014708330290859965
14.05799913406372,-0.029424823357072746,-0.002498424763679087,0.16636025380797884,-0.0009306078315423361,-0.0007800654788711614,0.011316935936846611,-0.015510326119097981,0.16081434175528225,-0.06539758034875762,-0.0017774429157336438,0.011901148985528525,-0.00014438312329758743
14.064775466918945,-0.029424823357072746,-0.002498424763679087,0.16636025380797884,-0.0009213017532269127,-0.0007722648240824498,0.011203766577478144,-0.015510326119097981,0.16081434175528225,-0.06539758034875762,-0.0017596684865763073,0.01178213749567324,-0.00014293929206461156
14.079028367996216,-0.029418596752815232,-0.002616520864905706,0.1666143139122876,-0.0009012330325545661,-0.0008440393883836959,0.011271178428683052,-0.0155552353281184,0.1610944242877305,-0.06539395975100987,-0.0017735806214076346,0.011860825260104905,-0.00013896964595051293
14.095117807388306,-0.029428706655629612,-0.002692461015872196,0.16688015107872922,-0.0008949037437742866,-0.0008806824715643303,0.01132436028372045,-0.015600250325170845,0.1613746635710447,-0.06539045158399001,-0.0017838227925210818,0.0119163929228263,-0.00013539953354588772
14.100586175918579,-0.029428706655629612,-0.002692461015872196,0.16688015107872922,-0.0008859547063365437,-0.000871875646848687,0.011211116680883246,-0.015600250325170845,0.1613746635710447,-0.06539045158399001,-0.0017659845645958709,0.011797228993598037,-0.00013404553821042884
14.120442390441895,-0.029441054840839167,-0.002741404841117921,0.16714667367344602,-0.0008815236982578834,-0.0008862455821548226,0.011233572706165876,-0.015645366021107325,0.1616549301519798,-0.06538683176187757,-0.0017710459158243239,0.011820404746057542,-0.00013088206560205842
14.125459909439087,-0.029441054840839167,-0.002741404841117921,0.16714667367344602,-0.0008727084612753046,-0.0008773831263332744,0.011121236979104217,-0.015645366021107325,0.1616549301519798,-0.06538683176187757,-0.0017533354566660806,0.011702200698596966,-0.00012957324494603783
14.159176588058472,-0.029442349451022625,-0.0027762089750556717,0.16765461730954817,-0.0008638326496646649,-0.000876713467629209,0.011160805411780626,-0.01573595208388214,0.16221578662160643,-0.06537961718969039,-0.0017626689426317884,0.01175152261770109,-0.00012613774888918874
14.164681673049927,-0.029442349451022625,-0.0027762089750556717,0.16765461730954817,-0.0008551943231680183,-0.000867946332952917,0.01104919735766282,-0.01573595208388214,0.16221578662160643,-0.06537961718969039,-0.0017450422532054705,0.011634007391524079,-0.00012487637140029686
14.175707578659058,-0.029480824478570693,-0.0030615583416814954,0.16791278875002272,-0.0008602525335596546,-0.0011163150647100282,0.01117662319994753,-0.015781745236467762,0.16249578583609586,-0.06537791229973434,-0.0017691241584558166,0.011771613999555355,-0.00012208134925049456
14.200777769088745,-0.02951530388330081,-0.0032419307749846013,0.16818024130282425,-0.0008595647649313034,-0.0011763431004505227,0.011172577485928542,-0.015827529102659436,0.162775860923369,-0.06537654381406433,-0.0017696951898763563,0.011765614237645812,-0.00012031467406066514
14.205440044403076,-0.02951530388330081,-0.0032419307749846013,0.16818024130282425,-0.0008509691172819904,-0.0011645796694460175,0.011060851711069256,-0.015827529102659436,0.162775860923369,-0.06537654381406433,-0.0017519982379775928,0.011647958095269353,-0.00011911152732005849
14.239572048187256,-0.0295531420363867,-0.0034093726453242952,0.16870517380816039,-0.0008497545352220516,-0.001200432589058147,0.011104733426287296,-0.015919326783011157,0.16333608715381498,-0.0653756205006739,-0.001761373154863669,0.011695613686100996,-0.00011764989954010242
14.246376276016235,-0.0295531420363867,-0.0034093726453242952,0.16870517380816039,-0.000841256989869831,-0.0011884282631675655,0.010993686092024422,-0.015919326783011157,0.16333608715381498,-0.0653756205006739,-0.0017437594233150324,0.011578657549239986,-0.0001164734005447014
14.25888180732727,-0.02954790838865693,-0.0034195068426665864,0.16895075097859402,-0.0008284944310093372,-0.0011813800984463434,0.011080219023852598,-0.01596533236008066,0.1636161791721845,-0.06537591250971399,-0.0017631100117870067,0.011686845478631157,-0.00011554217044470574
14.26427412033081,-0.02954790838865693,-0.0034195068426665864,0.16895075097859402,-0.0008202094866992439,-0.00116956629746188,0.010969416833614071,-0.01596533236008066,0.1636161791721845,-0.06537591250971399,-0.0017454789116691366,0.011569977023844845,-0.00011438674874025868
14.278652906417847,-0.02956273308458035,-0.003397429629570497,0.1692162910324379,-0.0008240305910187981,-0.0011407569171435212,0.01104413357221622,-0.016011377122365302,0.1638960166682402,-0.06537675750170653,-0.0017600468273940991,0.011648895557517325,-0.0001138305469900252
14.284175157546997,-0.02956273308458035,-0.003397429629570497,0.1692162910324379,-0.0008157902851086102,-0.001129349347972086,0.010933692236494057,-0.016011377122365302,0.1638960166682402,-0.06537675750170653,-0.001742446359120158,0.011532406601942151,-0.00011269224152012494
14.301846265792847,-0.029580824229036583,-0.0033511876743893745,0.16948689523806876,-0.0008204164646083687,-0.0010906372884672572,0.010977069277833864,-0.016057539441351437,0.16417611750234512,-0.06537806538634312,-0.001751144942450463,0.011575590327402484,-0.00011230544508819322
14.305678367614746,-0.029580824229036583,-0.0033511876743893745,0.16948689523806876,-0.000812212299962285,-0.0010797309155825847,0.010867298585055526,-0.016057539441351437,0.16417611750234512,-0.06537806538634312,-0.0017336334930259584,0.011459834424128458,-0.00011118239063731128
14.33797836303711,-0.029594050631620766,-0.003214645897224811,0.17001191039163308,-0.0008121457565355623,-0.0010248326324979145,0.010920514010238204,-0.016150117180132702,0.16473663228093055,-0.06538179731825665,-0.0017449590007896974,0.011518770091659,-0.00011122596377193637
14.341720581054688,-0.029594050631620766,-0.003214645897224811,0.17001191039163308,-0.0008040242989702066,-0.0010145843061729353,0.010811308870135821,-0.016150117180132702,0.16473663228093055,-0.06538179731825665,-0.0017275094107818004,0.01140358239074241,-0.000110113704134217
14.356923580169678,-0.029579009236271745,-0.0031359310283584733,0.17025538963607484,-0.0007909184822394721,-0.0009497309495189476,0.01086256298992211,-0.016196513278761385,0.16501697182397707,-0.06538409348664512,-0.0017407520443129556,0.011473944093221802,-0.00011052290618524816
14.371163606643677,-0.029482588213862723,-0.003161202436999882,0.17049536432302656,-0.0007145232152865763,-0.0009496701829963744,0.010922746467662947,-0.016242814629790246,0.1652973843087166,-0.0653873276936851,-0.0017558594571204086,0.011556123165925454,-0.00011168888570990533
14.397972106933594,-0.029431466333001484,-0.003157109493684466,0.17074798767484098,-0.0006887583106123819,-0.0009356553271491975,0.010907729324636128,-0.016289077985216206,0.1655775409021031,-0.0653908283293216,-0.0017555578351234446,0.011545064830868692,-0.00011187779001491315
14.402369499206543,-0.029431466333001484,-0.003157109493684466,0.17074798767484098,-0.000681870727506258,-0.0009262987738777055,0.010798652031389766,-0.016289077985216206,0.1655775409021031,-0.0653908283293216,-0.00173800225677221,0.011429614182560005,-0.00011075901211476401
14.416232109069824,-0.02939839849706312,-0.0031369246125959845,0.17100154047961036,-0.0006529947489793388,-0.0008978477300681177,0.010873345534100777,-0.016335379584404418,0.16585790743806791,-0.0653946335724805,-0.0017540225820789912,0.011517564615318769,-0.00011239639079561986
14.421599864959717,-0.02939839849706312,-0.0031369246125959845,0.17100154047961036,-0.0006464648014895454,-0.0008888692527674366,0.01076461207875977,-0.016335379584404418,0.16585790743806791,-0.0653946335724805,-0.0017364823562582012,0.01140238896916558,-0.00011127242688766366
14.450451850891113,-0.029371759042003405,-0.003105062264153364,0.17124903529970725,-0.0006319596883234982,-0.0008669548631986919,0.010742578169783829,-0.016381680346880506,0.16613816718964813,-0.0653986153091072,-0.0017351652191828445,0.011385502154282783,-0.00011153975896436124
14.45529580116272,-0.029371759042003405,-0.003105062264153364,0.17124903529970725,-0.0006256400914402632,-0.0008582853145667049,0.01063515238808599,-0.016381680346880506,0.16613816718964813,-0.0653986153091072,-0.001717813566991016,0.011271647132739955,-0.00011042436137471762
14.482843399047852,-0.029345379560642804,-0.003024217018660625,0.17174299069670101,-0.0006127886206694528,-0.0008170738194667561,0.010707658985750582,-0.016474337023055816,0.16669835208746506,-0.06540693823762377,-0.0017342705513637574,0.011362282293069438,-0.00011234140787536277
14.486544609069824,-0.029345379560642804,-0.003024217018660625,0.17174299069670101,-0.0006066607344627583,-0.0008089030812720886,0.010600582395893076,-0.016474337023055816,0.16669835208746506,-0.06540693823762377,-0.0017169278458501198,0.011248659470138743,-0.00011121799379660914
14.497400522232056,-0.029358890859839306,-0.0029829725191217035,0.17200714352769686,-0.000616803905998173,-0.0007605395411603383,0.010737299909504918,-0.016520761353336216,0.1669785273764226,-0.0654112244098578,-0.0017425226624858145,0.011394258293744033,-0.00011405405125699533
14.50157618522644,-0.029358890859839306,-0.0029829725191217035,0.17200714352769686,-0.0006106358669381913,-0.0007529341457487349,0.010629926910409869,-0.016520761353336216,0.1669785273764226,-0.0654112244098578,-0.0017250974358609564,0.011280315710806593,-0.00011291351074442537
14.512322425842285,-0.029372208869652257,-0.0029432445397710506,0.17226915499588816,-0.0006206002581623666,-0.0007061372367785245,0.010766856700786346,-0.016567240681401627,0.16725863583559505,-0.06541548969608263,-0.0017510981713113373,0.011428169716687645,-0.00011575347178632286
14.533073663711548,-0.02937729421998045,-0.002906219565672518,0.17252247534912568,-0.0006186474923833265,-0.0006797569607284674,0.01078098085073547,-0.016613829599893142,0.1675389326663272,-0.06541968683425826,-0.0017560383410837573,0.01144896277144548,-0.0001166185336008101
14.539548873901367,-0.02937729421998045,-0.002906219565672518,0.17252247534912568,-0.0006124610174594933,-0.0006729593911211827,0.010673171042228115,-0.016613829599893142,0.1675389326663272,-0.06541968683425826,-0.0017384779576729197,0.011334473143731025,-0.000115452348264802
14.571072578430176,-0.029368761820656834,-0.0028727537207202253,0.17276234054533152,-0.0006047309392677877,-0.0006543264713587556,0.01064236394268762,-0.01666048079345476,0.1678191015846044,-0.06542376881416839,-0.001735891944376652,0.011310004044921588,-0.0001155927169818946
14.576669692993164,-0.029368761820656834,-0.0028727537207202253,0.17276234054533152,-0.0005986836298751099,-0.0006477832066451681,0.010535940303260745,-0.01666048079345476,0.1678191015846044,-0.06542376881416839,-0.0017185330249328856,0.011196904004472371,-0.00011443678981207566
14.582989931106567,-0.02931592471373279,-0.0028959821716674906,0.17300168489101567,-0.0005072090022881609,-0.0006651504243793427,0.010809811815532928,-0.016707471862422215,0.168099170313207,-0.06542726487804564,-0.001775697850681323,0.011528064991457285,-0.00011882396014797862
14.588032722473145,-0.02931592471373279,-0.0028959821716674906,0.17300168489101567,-0.0005021369122652793,-0.0006584989201355493,0.010701713697377598,-0.016707471862422215,0.168099170313207,-0.06542726487804564,-0.0017579408721745099,0.011412784341542713,-0.00011763572054649883
14.615911483764648,-0.029283135322375684,-0.0029171844985393363,0.17350494481089032,-0.00048517003389659884,-0.0006558410358351687,0.010775306714573616,-0.01680149033021043,0.16865822373132416,-0.06543390143236272,-0.0017740855112342092,0.011499186719779397,-0.00011883986879021431
14.619932651519775,-0.029283135322375684,-0.0029171844985393363,0.17350494481089032,-0.0004803183335576328,-0.000649282625476817,0.01066755364742788,-0.01680149033021043,0.16865822373132416,-0.06543390143236272,-0.001756344656121867,0.011384194852581603,-0.00011765147010231217
14.650226831436157,-0.02927158003197793,-0.0029209653107942894,0.1737506323757358,-0.0004717985498701956,-0.0006425237537534008,0.010641987664536477,-0.016848597084707085,0.16893742701224052,-0.06543693142102497,-0.0017543309800534224,0.011362516904430449,-0.00011747514377760896
14.656214475631714,-0.02927158003197793,-0.0029209653107942894,0.1737506323757358,-0.00046708056437149364,-0.0006360985162158668,0.010535567787891111,-0.016848597084707085,0.16893742701224052,-0.06543693142102497,-0.0017367876702528882,0.011248891735386145,-0.00011630039233983287
14.668444395065308,-0.029252651500898945,-0.002921430491185172,0.17398490816298784,-0.00044741868000710276,-0.0006259944192680993,0.010621759120128325,-0.01689578234749042,0.16921651942484825,-0.06543978813796819,-0.0017580016198980653,0.011364607438776642,-0.00011747323123104506
14.677075386047363,-0.029252651500898945,-0.002921430491185172,0.17398490816298784,-0.0004429444932070317,-0.0006197344750754184,0.010515541528927043,-0.01689578234749042,0.16921651942484825,-0.06543978813796819,-0.0017404216036990847,0.011250961364388875,-0.0001162984989187346
14.683234214782715,-0.029260781442887837,-0.0029223395633067506,0.1742406584527205,-0.0004524778564223054,-0.0006101282901153434,0.010825597990322644,-0.016942964163319314,0.1694950497114064,-0.06544259763775831,-0.0017996258108807354,0.011590697296979091,-0.0001196972575838106
14.689157247543335,-0.029260781442887837,-0.0029223395633067506,0.1742406584527205,-0.00044795307785808235,-0.0006040270072141899,0.010717342010419418,-0.016942964163319314,0.1694950497114064,-0.06544259763775831,-0.0017816295527719281,0.0114747903240093,-0.00011850028500797248
14.71025824546814,-0.029276830715521087,-0.00292326364390518,0.17450277680322596,-0.0004512894696454747,-0.0005972812724416177,0.010734373339430647,-0.016990273381712558,0.16977373404580579,-0.06544534692772903,-0.0017862336273906038,0.011492114058040825,-0.00011861820156507989
14.714630126953125,-0.029276830715521087,-0.00292326364390518,0.17450277680322596,-0.00044677657494901995,-0.0005913084597172015,0.01062702960603634,-0.016990273381712558,0.16977373404580579,-0.06544534692772903,-0.0017683712911166977,0.011377192917460416,-0.00011743201954942909
14.723516702651978,-0.02929021541681048,-0.002924208823433237,0.17476272977099688,-0.0004578768924848995,-0.0005835183252632236,0.010813246844056055,-0.017037648041179673,0.1700522232473861,-0.0654480380902055,-0.001803997943269132,0.01157680289265226,-0.00011928604521814596
14.743999004364014,-0.029293502491351972,-0.0029252322948666275,0.17501398812510466,-0.0004551347080664476,-0.0005765387174367165,0.01082777401188023,-0.01708513905746134,0.17033081636500907,-0.06545068866149248,-0.0018091443307542562,0.011597051372778173,-0.00011938726358788973
14.747984170913696,-0.029293502491351972,-0.0029252322948666275,0.17501398812510466,-0.0004505833609857831,-0.0005707733302623494,0.010719496271761428,-0.01708513905746134,0.17033081636500907,-0.06545068866149248,-0.0017910528874467136,0.011481080859050391,-0.00011819339095201083
14.762306213378906,-0.029281799624882452,-0.0029264150706105204,0.17525180622427838,-0.0004382599095560772,-0.0005627622729955029,0.010778344859178342,-0.01713268857907866,0.17060920391158835,-0.06545330193738261,-0.0018063425964104064,0.011560647037719569,-0.00011883611012285736
14.767884016036987,-0.029281799624882452,-0.0029264150706105204,0.17525180622427838,-0.0004338773104605164,-0.0005571346502655478,0.010670561410586558,-0.01713268857907866,0.17060920391158835,-0.06545330193738261,-0.0017882791704463023,0.011445040567342373,-0.00011764774902162879
14.786809921264648,-0.029306487260530773,-0.0030563785949704234,0.1754810435371575,-0.0004367960308679731,-0.0006192538196194386,0.010685962733747846,-0.01718037396781387,0.1708872632112859,-0.0654548638886707,-0.001795592208564296,0.011477510108880321,-0.00011729656959208557
14.790111780166626,-0.029306487260530773,-0.0030563785949704234,0.1754810435371575,-0.0004324280705592934,-0.0006130612814232442,0.010579103106410368,-0.01718037396781387,0.1708872632112859,-0.0654548638886707,-0.001777636286478653,0.011362735007791518,-0.00011612360389616471
14.815633773803711,-0.02932752401533946,-0.003146341847045322,0.1757253265350561,-0.0004334478638894037,-0.0006413253286071429,0.010569525779509254,-0.017228128369792498,0.17116539622809057,-0.06545646050651759,-0.001778571001853945,0.011358085436158205,-0.0001155879529386801
14.820947408676147,-0.02932752401533946,-0.003146341847045322,0.1757253265350561,-0.00042911338525050967,-0.0006349120753210715,0.010463830521714162,-0.017228128369792498,0.17116539622809057,-0.06545646050651759,-0.0017607852918354056,0.011244504581796624,-0.0001144320734092933
14.828342914581299,-0.02933919248710892,-0.003210587592009031,0.17597196291536732,-0.0004337171358928732,-0.0007115113668262937,0.010693906202738121,-0.01727596716369535,0.17144348060194722,-0.06545789178742863,-0.001807863742351045,0.011508077589947015,-0.0001152230914192931
14.83771562576294,-0.02933919248710892,-0.003210587592009031,0.17597196291536732,-0.0004293799645339445,-0.0007043962531580307,0.01058696714071074,-0.01727596716369535,0.17144348060194722,-0.06545789178742863,-0.0017897851049275347,0.011392996814047545,-0.00011407086050510017
14.856995582580566,-0.029336178025500727,-0.003252819934678899,0.17621370555556914,-0.00042191739460366225,-0.0007171810914344183,0.010606788476288416,-0.01732391536731485,0.1717216357789922,-0.0654592566579225,-0.0017967567097971985,0.011423338526427981,-0.00011363807386625777
14.862451791763306,-0.029336178025500727,-0.003252819934678899,0.17621370555556914,-0.0004176982206576256,-0.0007100092805200741,0.010500720591525532,-0.01732391536731485,0.1717216357789922,-0.0654592566579225,-0.0017787891426992266,0.0113091051411637,-0.0001125016931275952
14.88941502571106,-0.029313834277860187,-0.0032888907108219573,0.17669873932693134,-0.00040454880597431487,-0.000712873125105657,0.010575777709527006,-0.017420013825581834,0.17227742226469805,-0.06546205067814377,-0.0017966418047952986,0.011402141621331845,-0.00011241290954528748
14.893179893493652,-0.029313834277860187,-0.0032888907108219573,0.17669873932693134,-0.0004005033179145717,-0.0007057443938546004,0.010470019932431737,-0.017420013825581834,0.17227742226469805,-0.06546205067814377,-0.0017786753867473457,0.011288120205118527,-0.00011128878044983461
14.916208982467651,-0.029315282524893464,-0.0032912364391274596,0.1769593273161296,-0.0003973173383416385,-0.0006981123936047704,0.010478473860862585,-0.017468231021147838,0.17255537016363715,-0.06546367506909985,-0.0017818261504779168,0.01129593326902502,-0.00011088125748105022
14.921756505966187,-0.029315282524893464,-0.0032912364391274596,0.1769593273161296,-0.0003933441649582221,-0.0006911312696687227,0.010373689122253959,-0.017468231021147838,0.17255537016363715,-0.06546367506909985,-0.0017640078889731377,0.01118297393633477,-0.00010977244490623972
14.945911645889282,-0.029294620253291114,-0.0032753751384321495,0.177468601998695,-0.0003820089966978904,-0.0006738721960557479,0.010480666659115203,-0.017565026315919885,0.17311139471380613,-0.06546753776527185,-0.0017864401487575853,0.011301333114087712,-0.00011027384022394339
14.958218574523926,-0.029294620253291114,-0.0032753751384321495,0.177468601998695,-0.0003781889067309115,-0.0006671334740951904,0.01037585999252405,-0.017565026315919885,0.17311139471380613,-0.06546753776527185,-0.0017685757472700094,0.011188319782946834,-0.00010917110182170396
14.966895341873169,-0.029262654134008158,-0.0032610161852935434,0.17770577708637325,-0.00033990652193414804,-0.0006367752035333845,0.010545191863853965,-0.017613582665236157,0.17338939153353855,-0.06546981094043015,-0.0018068513258132017,0.011396828741023992,-0.00011069923188808151
14.974529027938843,-0.029262654134008158,-0.0032610161852935434,0.17770577708637325,-0.00033650745671480654,-0.0006304074514980507,0.010439739945215425,-0.017613582665236157,0.17338939153353855,-0.06546981094043015,-0.0017887828125550697,0.011282860453613751,-0.00010959223956920069
14.987508535385132,-0.029251955819652252,-0.003247462356542881,0.1779628142523784,-0.00032636194358878724,-0.0006101162359566858,0.010533199944109938,-0.017662191417372346,0.17366714406811568,-0.0654724331598836,-0.0018083453671480763,0.011384024973028197,-0.00011051659372429484
14.992470026016235,-0.029251955819652252,-0.003247462356542881,0.1779628142523784,-0.00032309832415289936,-0.0006040150735971189,0.010427867944668838,-0.017662191417372346,0.17366714406811568,-0.0654724331598836,-0.0017902619134765956,0.011270184723297915,-0.00010941142778705189
15.006322383880615,-0.029245503565036107,-0.003234746744134766,0.17822488681102389,-0.0003165188331356899,-0.0005856904662465685,0.01051262058966457,-0.017710947015043044,0.17394511270031415,-0.06547542661204615,-0.0018075558999652444,0.011358148087662775,-0.00011047828292092866
15.0115807056427,-0.029245503565036107,-0.003234746744134766,0.17822488681102389,-0.00031335364480433297,-0.0005798335615841029,0.010407494383767923,-0.017710947015043044,0.17394511270031415,-0.06547542661204615,-0.001789480340965592,0.011244566606786147,-0.00010937350009171938
15.031983137130737,-0.02923432271929773,-0.0032231948381456804,0.1784837045997971,-0.0003055867631796524,-0.0005660790820260122,0.01043017849006509,-0.017759811686453793,0.17422309136036607,-0.06547879210824682,-0.0017955359531911512,0.011268368750306523,-0.00010992932151874186
15.03734278678894,-0.02923432271929773,-0.0032231948381456804,0.1784837045997971,-0.0003025308955478559,-0.0005604182912057521,0.010325876705164438,-0.017759811686453793,0.17422309136036607,-0.06547879210824682,-0.0017775805936592398,0.011155685062803457,-0.00010883002830355443
15.048407793045044,-0.029212187545780026,-0.0032130593855193407,0.17873295210670564,-0.00028097988815538127,-0.000540661318642922,0.01044772336336058,-0.017808806041730137,0.17450122180418978,-0.0654825220891796,-0.0018040834389428557,0.011295488615763351,-0.00011111269848943838
15.053812503814697,-0.029212187545780026,-0.0032130593855193407,0.17873295210670564,-0.0002781700892738274,-0.0005352547054564927,0.010343246129726974,-0.017808806041730137,0.17450122180418978,-0.0654825220891796,-0.0017860426045534271,0.011182533729605718,-0.000110001571504544
15.07419729232788,-0.029175088924084307,-0.0032045166966853996,0.17896806983235794,-0.00025794453153095545,-0.000522443065403013,0.010355088809308587,-0.017857876600873852,0.1747792628238248,-0.06548658697465233,-0.001792254323829381,0.011207104715212498,-0.0001108956336138066
15.079452276229858,-0.029175088924084307,-0.0032045166966853996,0.17896806983235794,-0.0002553650862156459,-0.0005172186347489829,0.010251537921215501,-0.017857876600873852,0.1747792628238248,-0.06548658697465233,-0.001774331780591087,0.011095033668060373,-0.00010978667727766854
15.10338544845581,-0.029149534221279253,-0.003200221777297474,0.1794814407344285,-0.00024288040129858538,-0.0005062087572813419,0.010363475141175006,-0.01795621536145041,0.17533503340347165,-0.06549597497538259,-0.0017976773580006304,0.011216301014184136,-0.00011261139988904468
15.113325595855713,-0.029149534221279253,-0.003200221777297474,0.1794814407344285,-0.0002404515972855995,-0.0005011466697085285,0.010259840389763256,-0.01795621536145041,0.17533503340347165,-0.06549597497538259,-0.001779700584420624,0.011104138004042296,-0.00011148528589015424
15.133229732513428,-0.02913491168857353,-0.0032025158898697334,0.17973692928745125,-0.0002309535325151316,-0.0004947704874706187,0.010285605340670273,-0.018005541660337066,0.1756130052558042,-0.06550128016296007,-0.001786685511967906,0.01113275194144304,-0.00011303580238070506
15.142670392990112,-0.02913491168857353,-0.0032025158898697334,0.17973692928745125,-0.00022864399718998027,-0.0004898227825959126,0.01018274928726357,-0.018005541660337066,0.1756130052558042,-0.06550128016296007,-0.001768818656848227,0.011021424422028608,-0.000111905444356898
15.147892475128174,-0.029109752116842157,-0.0032069127642900984,0.17998271831374463,-0.000178845120967345,-0.00048218684244444467,0.010551685100341072,-0.018054979518975837,0.1758911034143419,-0.06550695644476232,-0.0018458012497346275,0.011443752851755844,-0.00012165615728231071
15.166254758834839,-0.029069991133495166,-0.003212898231956551,0.18021434497221056,-0.00015553914197184804,-0.0004768442329996941,0.010572356266796885,-0.018104473017492125,0.17616908087332453,-0.06551295299125323,-0.0018542971277810394,0.011480700337990968,-0.00012370528236737297
15.171718835830688,-0.029069991133495166,-0.003212898231956551,0.18021434497221056,-0.00015398375055212957,-0.00047207579066969716,0.010466632704128915,-0.018104473017492125,0.17616908087332453,-0.06551295299125323,-0.001835754156503229,0.01136589333461106,-0.00012246822954369924
15.195103406906128,-0.029052537479710948,-0.003223053666532737,0.18046531117521689,-0.00014489591960833057,-0.0004694577126701193,0.010469341202541652,-0.018153977034269703,0.17644677262840355,-0.06551933167774779,-0.0018385661359090438,0.01137098438995757,-0.00012397128019404907
15.199584245681763,-0.029052537479710948,-0.003223053666532737,0.18046531117521689,-0.00014344696041224727,-0.0004647631355434181,0.010364647790516235,-0.018153977034269703,0.17644677262840355,-0.06551933167774779,-0.0018201804745499534,0.011257274546057995,-0.00012273156739210859
15.206578969955444,-0.029040222561471467,-0.003235758052141936,0.18072102338097593,-0.00012377459845813792,-0.00047133249372677244,0.010626805829192508,-0.018203593427343893,0.1767246293575893,-0.06552608816341965,-0.0018729126925519648,0.011541939373250884,-0.00013116365415851306
15.2318696975708,-0.02902395172787934,-0.0032500112207562285,0.18097337811200362,-0.00011587877192227906,-0.0004702085712473037,0.010620392037486975,-0.018253284012908263,0.17700243515251265,-0.06553318631859768,-0.0018738313141294172,0.011536364899422799,-0.00013265864116923892
15.235606908798218,-0.02902395172787934,-0.0032500112207562285,0.18097337811200362,-0.00011471998420305626,-0.0004655064855348307,0.010514188117112105,-0.018253284012908263,0.17700243515251265,-0.06553318631859768,-0.001855093000988123,0.01142100125042857,-0.00013133205475754654
15.254187107086182,-0.028997393528702477,-0.003265035058215583,0.18121620229329943,-9.895351225650044e-05,-0.0004657236766239737,0.010539845948322631,-0.0183030696675219,0.1772803294140793,-0.06554058626669539,-0.001863337078136959,0.011456355982745482,-0.00013400144095131753
15.260397911071777,-0.028997393528702477,-0.003265035058215583,0.18121620229329943,-9.796397713393543e-05,-0.00046106643985773394,0.010434447488839404,-0.0183030696675219,0.1772803294140793,-0.06554058626669539,-0.0018447037073555893,0.011341792422918027,-0.00013266142654180435
15.296388864517212,-0.02893806285871678,-0.003298230768226167,0.18169344588490935,-8.008841322866314e-05,-0.0004622335830302609,0.0104628319320902,-0.018402712763839573,0.17783548805774022,-0.06555617822062519,-0.001853942265349344,0.011382623994885877,-0.0001356669992392697
15.301523923873901,-0.02893806285871678,-0.003298230768226167,0.18169344588490935,-7.928752909637651e-05,-0.0004576112471999583,0.010358203612769299,-0.018402712763839573,0.17783548805774022,-0.06555617822062519,-0.0018354028426958505,0.011268797754937018,-0.000134310329246877
15.306610107421875,-0.028925027373751175,-0.0033174240554255372,0.18194679743147582,-5.0843643462476066e-05,-0.0004810991899831562,0.0107532364440539,-0.01845263109376938,0.1781130358649444,-0.06556442116560904,-0.00191519377789234,0.011701799496577507,-0.00014917376845547615
15.327704906463623,-0.02890820447285404,-0.0033368979249195673,0.18219697746849206,-4.186705273722754e-05,-0.00048304559724717216,0.01076442560188921,-0.018502613900357564,0.1783904990637438,-0.06557292544971602,-0.0019197362144894258,0.011716313069298288,-0.00015171349089061718
15.333197355270386,-0.02890820447285404,-0.0033368979249195673,0.18219697746849206,-4.1448382209855264e-05,-0.0004782151412747004,0.010656781345870317,-0.018502613900357564,0.1783904990637438,-0.06557292544971602,-0.0019005388523445316,0.011599149938605306,-0.000150196355981711
15.357800006866455,-0.02888122781152928,-0.003355981964457158,0.182437797386598,-2.96737537458869e-05,-0.00047874881371465016,0.010648204697631485,-0.01855268325496058,0.1786680192401738,-0.06558165425477509,-0.0019018846663764306,0.011595959360431483,-0.0001522423047373571
15.362905740737915,-0.02888122781152928,-0.003355981964457158,0.182437797386598,-2.937701620842803e-05,-0.00047396132557750366,0.01054172265065517,-0.01855268325496058,0.1786680192401738,-0.06558165425477509,-0.0018828658197126663,0.011479999766827167,-0.0001507198816899835
15.390265941619873,-0.02882141401165656,-0.0033943610449659874,0.18291151107942322,-6.5088967847852316e-06,-0.0004787049976891874,0.010609641649370349,-0.01865286709663984,0.17922234985616145,-0.06559968640573494,-0.0019006537938683092,0.011567804500892858,-0.00015580333293360054
15.399338006973267,-0.02882141401165656,-0.0033943610449659874,0.18291151107942322,-6.443807816937379e-06,-0.0004739179477122955,0.010503545232876645,-0.01865286709663984,0.17922234985616145,-0.06559968640573494,-0.001881647255929626,0.01145212645588393,-0.00015424529960426453
15.412720918655396,-0.02880831851658319,-0.003414969066981789,0.1831633212885443,4.271791774351087e-06,-0.0004809128165337026,0.010586872281358566,-0.018703045854401634,0.17949944779662502,-0.06560904673463552,-0.0019003254324823035,0.011544658743679919,-0.0001596970860703912
15.41786003112793,-0.02880831851658319,-0.003414969066981789,0.1831633212885443,4.229073856607576e-06,-0.00047610368836836553,0.01048100355854498,-0.018703045854401634,0.17949944779662502,-0.06560904673463552,-0.0018813221781574805,0.01142921215624312,-0.00015810011520968727
15.4304780960083,-0.02879151646234201,-0.0034352409948682806,0.18341208090168362,1.8386248568510986e-05,-0.0004832892353419783,0.010573554950130903,-0.018753285561984672,0.17977644032844672,-0.06561860333706626,-0.0019023246555812503,0.011534440646159393,-0.0001640928605245344
15.444062232971191,-0.02879151646234201,-0.0034352409948682806,0.18341208090168362,1.8202386082825875e-05,-0.0004784563429885585,0.010467819400629593,-0.018753285561984672,0.17977644032844672,-0.06561860333706626,-0.0018833014090254376,0.0114190962396978,-0.00016245193191928906
15.481319189071655,-0.028764619893532187,-0.003454626710272306,0.18365158605728368,2.5508218300430592e-05,-0.0004772688827895988,0.0104274981603318,-0.01880360925411787,0.18005347186354215,-0.0656283232193118,-0.0018779755885978918,0.011379262273709332,-0.00016343628977710497
15.487269401550293,-0.028764619893532187,-0.003454626710272306,0.18365158605728368,2.5253136117426287e-05,-0.0004724961939617028,0.010323223178728483,-0.01880360925411787,0.18005347186354215,-0.0656283232193118,-0.001859195832711913,0.011265469650972238,-0.0001618019268793339
15.493996381759644,-0.028723477484912045,-0.0034727722560230975,0.18387735622816268,8.741349799167947e-05,-0.00048421179482779724,0.010556004323106072,-0.01885396190389915,0.18033030630681945,-0.0656381591165162,-0.0019154556625783827,0.011564343507634866,-0.0001748054716679696
15.497742891311646,-0.028723477484912045,-0.0034727722560230975,0.18387735622816268,8.653936301176268e-05,-0.0004793696768795193,0.010450444279875012,-0.01885396190389915,0.18033030630681945,-0.0656381591165162,-0.0018963011059525989,0.011448700072558517,-0.0001730574169512899
15.508523225784302,-0.0287051219624205,-0.0034925821834944732,0.18412294365241252,0.0001036944810773672,-0.00048804672597389727,0.010573998326267939,-0.018904295506544426,0.18060678655997542,-0.0656481815022191,-0.0019240282998889806,0.011590680302842547,-0.0001806237581310362
15.524642944335938,-0.02869227448370091,-0.0035126700858044246,0.18437369293917782,0.00011131855009515417,-0.0004926146817974363,0.010623977635925801,-0.018954725880607048,0.18088336007343647,-0.06565838601128653,-0.0019360729142666052,0.011646348153909424,-0.00018514797168926598
15.52993130683899,-0.02869227448370091,-0.0035126700858044246,0.18437369293917782,0.00011020536459420263,-0.0004876885349794619,0.010517737859566544,-0.018954725880607048,0.18088336007343647,-0.06565838601128653,-0.001916712185123939,0.01152988467237033,-0.00018329649197237332
15.562792539596558,-0.028649196159126727,-0.003551006532304109,0.18486002646279873,0.000122820745937841,-0.0004911039137241428,0.010560715618430092,-0.019055804637027596,0.1814363143190899,-0.06567924046290936,-0.0019283043342855223,0.01158285530285487,-0.0001878097441214642
15.567543745040894,-0.028649196159126727,-0.003551006532304109,0.18486002646279873,0.0001215925384784626,-0.00048619287458690136,0.010455108462245791,-0.019055804637027596,0.1814363143190899,-0.06567924046290936,-0.001909021290942667,0.01146702674982632,-0.00018593164668024954
15.584324598312378,-0.028643757731491692,-0.0036216211655868366,0.18506750948498385,0.00012714856186745057,-0.0005211151050863769,0.010474791496960767,-0.019106290361249133,0.1817125355737808,-0.06568944739421079,-0.0019200163921735687,0.011516961493898166,-0.00019015481668555522
15.593874454498291,-0.028643757731491692,-0.0036216211655868366,0.18506750948498385,0.00012587707624877605,-0.0005159039540355132,0.010370043581991159,-0.019106290361249133,0.1817125355737808,-0.06568944739421079,-0.0019008162282518328,0.011401791878959185,-0.00018825326851869967
15.599559307098389,-0.02864619026311355,-0.0036759669267009236,0.1853010641117512,0.0001280778702860407,-0.0006003582183506962,0.010678494813174273,-0.019156930984076045,0.1819889262247538,-0.06569974623068617,-0.0019708879883336035,0.011773961853534212,-0.00020448701289442353
15.617743968963623,-0.028646018844866773,-0.003719165603793417,0.18554329391277596,0.00012872308489834461,-0.0006160752257839988,0.010705238987838534,-0.01920771409264442,0.18226538885569318,-0.06571006754875569,-0.001979105450410721,0.01180825290402546,-0.00020811797998808673
15.622837781906128,-0.028646018844866773,-0.003719165603793417,0.18554329391277596,0.00012743585404936117,-0.0006099144735261589,0.01059818659796015,-0.01920771409264442,0.18226538885569318,-0.06571006754875569,-0.0019593143959066137,0.011690170374985206,-0.00020603680018820586
15.63129997253418,-0.028636095663086978,-0.003752334035209896,0.18578543708985037,0.0001406618987663235,-0.0006376428993783688,0.010778887815932095,-0.01925867723187357,0.1825420773905073,-0.06572042878485664,-0.001999945774732711,0.01190023901139396,-0.0002162205856878979
15.64997911453247,-0.028636095663086978,-0.003752334035209896,0.18578543708985037,0.00013925527977866028,-0.000631266470384585,0.010671098937772775,-0.01925867723187357,0.1825420773905073,-0.06572042878485664,-0.001979946316985384,0.011781236621280021,-0.00021405837983101892
15.663018226623535,-0.028611701204984467,-0.0037767558022618088,0.1860207019251719,0.00015770092000745803,-0.0006392852813334004,0.010745081028788675,-0.019309781669632365,0.18281881938417144,-0.06573081549855664,-0.0019993400422795016,0.011875664161996003,-0.00021988360967666146
15.671287298202515,-0.028611701204984467,-0.0037767558022618088,0.1860207019251719,0.00015612391080738346,-0.0006328924285200665,0.010637630218500787,-0.019309781669632365,0.18281881938417144,-0.06573081549855664,-0.0019793466418567066,0.011756907520376043,-0.00021768477357989486
15.6850426197052,-0.028563145239162886,-0.0038873071565122875,0.18621678804712008,0.00019671602400443157,-0.0007011686768051184,0.010674978220210157,-0.01936128086432351,0.183095481145488,-0.0657421044211697,-0.0019969926454505927,0.01184046915757514,-0.00022371487514067428
15.690256834030151,-0.028563145239162886,-0.0038873071565122875,0.18621678804712008,0.00019474886376438726,-0.0006941569900370672,0.010568228438008056,-0.01936128086432351,0.183095481145488,-0.0657421044211697,-0.0019770227189960868,0.011722064465999387,-0.00022147772638926754
15.697920083999634,-0.028537511589665405,-0.00396380405975238,0.1864435242155692,0.0002344879362669105,-0.0007791653994917776,0.010759848734927729,-0.019412875824909394,0.1833719535997112,-0.0657536103721977,-0.002024580271522763,0.011965620848480905,-0.00023427740261939886
15.705528020858765,-0.028537511589665405,-0.00396380405975238,0.1864435242155692,0.0002321430569042414,-0.0007713737454968599,0.010652250247578451,-0.019412875824909394,0.1833719535997112,-0.0657536103721977,-0.0020043344688075353,0.011845964639996097,-0.00023193462859320488
15.722426652908325,-0.0285175802416302,-0.004017152485424774,0.18668173372045355,0.0002440782378675563,-0.0007919581645402194,0.010687137962635167,-0.01946470849690864,0.18364862974720422,-0.06576548115381646,-0.002014963827002883,0.011891231943021142,-0.00023663998204861996
15.727725267410278,-0.0285175802416302,-0.004017152485424774,0.18668173372045355,0.00024163745548888075,-0.0007840385828948172,0.010580266583008814,-0.01946470849690864,0.18364862974720422,-0.06576548115381646,-0.001994814188732854,0.01177231962359093,-0.00023427358222813377
15.73906683921814,-0.028494557043688466,-0.004050826323692124,0.18692211831967828,0.0002615533254351126,-0.0008008362928939858,0.010686833160693542,-0.019516724447793225,0.1839252841850552,-0.06577763411665807,-0.002020729135106829,0.011898525965991988,-0.0002426462596197331
15.744235515594482,-0.028494557043688466,-0.004050826323692124,0.18692211831967828,0.00025893779218076146,-0.000792827929965046,0.010579964829086606,-0.019516724447793225,0.1839252841850552,-0.06577763411665807,-0.002000521843755761,0.011779540706332067,-0.00024021979702353578
15.763752460479736,-0.028462267619678832,-0.004068294679021628,0.18715740595155872,0.0002732799433114942,-0.0007905575060223316,0.010594851165672148,-0.01956892237791877,0.18420202693013799,-0.06579002469347879,-0.0020072615541133778,0.011803541439345921,-0.0002441662242574834
15.76907730102539,-0.028462267619678832,-0.004068294679021628,0.18715740595155872,0.00027054714387837926,-0.0007826519309621083,0.010488902654015426,-0.01956892237791877,0.18420202693013799,-0.06579002469347879,-0.0019871889385722438,0.011685506024952462,-0.00024172456201490856
15.784068822860718,-0.028456076608046908,-0.004076025166726695,0.18741860692741494,0.0002719203848609592,-0.0007771158148876318,0.010558300663943416,-0.019621206984716217,0.18447849802680386,-0.065802709446425,-0.0020021931660822974,0.011753069264394416,-0.00024776860076971397
15.790191411972046,-0.028456076608046908,-0.004076025166726695,0.18741860692741494,0.00026920118101234964,-0.0007693446567387554,0.01045271765730398,-0.019621206984716217,0.18447849802680386,-0.065802709446425,-0.0019821712344214744,0.01163553857175047,-0.00024529091476201684
15.796905517578125,-0.028457533364177084,-0.0040757244464416816,0.18768923264956652,0.00026313344073813704,-0.0007557422978571161,0.010751196569996624,-0.019673738085213593,0.18475535611087499,-0.06581566332534705,-0.0020405894300849817,0.011931536074585174,-0.0002621315343166076
15.819344758987427,-0.028456535243610595,-0.004069359245718172,0.18795961432848224,0.0002603269959919229,-0.0007436296317214463,0.010764122962562794,-0.019726451448342508,0.18503228609717656,-0.06582883031285156,-0.0020436751334577787,0.011935633970664833,-0.0002653780588278876
15.827998161315918,-0.028456535243610595,-0.004069359245718172,0.18795961432848224,0.0002577237260320037,-0.0007361933354042318,0.010656481732937166,-0.019726451448342508,0.18503228609717656,-0.06582883031285156,-0.002023238382123201,0.011816277630958183,-0.0002627242782396087
15.850150108337402,-0.028445965593663882,-0.00405871617032792,0.18822231437737627,0.00025909359849433884,-0.0007219414256255717,0.010668427334008544,-0.01977937718671464,0.18530954207242056,-0.06584216221931426,-0.0020268981366863745,0.011823275850643716,-0.0002661154258270396
15.85487413406372,-0.028445965593663882,-0.00405871617032792,0.18822231437737627,0.00025650266250939547,-0.000714722011369316,0.010561743060668458,-0.01977937718671464,0.18530954207242056,-0.06584216221931426,-0.002006629155319511,0.011705043092137279,-0.0002634542715687692
15.886646509170532,-0.02841864658866823,-0.0040338437384545575,0.18874090732955762,0.0002612750425246574,-0.0006966931118998637,0.010619222302596315,-0.019885553352629547,0.1858640220199536,-0.06586920632512787,-0.0020199806254407155,0.011762509028238834,-0.0002693315589327326
15.891881465911865,-0.02841864658866823,-0.0040338437384545575,0.18874090732955762,0.00025866229209941085,-0.0006897261807808651,0.010513030079570352,-0.019885553352629547,0.1858640220199536,-0.06586920632512787,-0.0019997808191863082,0.011644883937956445,-0.0002666382433434053
15.896857023239136,-0.02842107455807999,-0.00402391111707111,0.1890143076901346,0.00024775144638805455,-0.0006557318953181828,0.010957020589292535,-0.01993886880591385,0.1861415688010077,-0.06588294934080889,-0.0020869377471927153,0.012086255585405352,-0.00029159291876754736
15.929015398025513,-0.028419098627028294,-0.004015682306545231,0.18928358105806825,0.0002454008295883753,-0.0006453977260709836,0.010931136527127981,-0.01999233492892334,0.18641927334997524,-0.06589678197319544,-0.0020826942481629225,0.012051748310504479,-0.0002929783986151354
15.936962127685547,-0.028419098627028294,-0.004015682306545231,0.18928358105806825,0.00024294682129249158,-0.0006389437488102738,0.010821825161856702,-0.01999233492892334,0.18641927334997524,-0.06589678197319544,-0.0020618673056812934,0.011931230827399435,-0.00029004861462898405
15.946857452392578,-0.028406238302643088,-0.004009233419242051,0.18954227746393726,0.0002520639538404631,-0.0006211800482620837,0.010974925295556888,-0.02004596108836738,0.18669725929090814,-0.06591066765032608,-0.002095442063392785,0.012092845066927725,-0.00030118069188181927
15.95747184753418,-0.028406238302643088,-0.004009233419242051,0.18954227746393726,0.00024954331430205847,-0.0006149682477794629,0.010865176042601319,-0.02004596108836738,0.18669725929090814,-0.06591066765032608,-0.002074487642758857,0.011971916616258448,-0.00029816888496300107
15.96912407875061,-0.02837828960348868,-0.004004594962603797,0.18978575694771038,0.00026990916952196844,-0.0005996632212738962,0.010965420525788378,-0.020099677709715217,0.18697528501981964,-0.06592456639762782,-0.0020998426251051753,0.012090800447021861,-0.00030711516685441516
15.980663776397705,-0.02837828960348868,-0.004004594962603797,0.18978575694771038,0.0002672100778267488,-0.0005936665890611572,0.010855766320530494,-0.020099677709715217,0.18697528501981964,-0.06592456639762782,-0.0020788441988541235,0.011969892442551642,-0.000304044015185871
16.01780891418457,-0.028371284627019263,-0.004009006788047966,0.1903126399688965,0.0002661144264020508,-0.000586743421458875,0.010889052715409917,-0.020207324509875862,0.1875313600245372,-0.06595262138681764,-0.0020870358082462803,0.011999896827320528,-0.00030855637759751053
16.024258375167847,-0.028371284627019263,-0.004009006788047966,0.1903126399688965,0.00026345328213803025,-0.0005808759872442862,0.010780162188255818,-0.020207324509875862,0.1875313600245372,-0.06595262138681764,-0.0020661654501638177,0.011879897859047321,-0.0003054708138215354
16.033520698547363,-0.02836593159689918,-0.004015792740834832,0.19057338529742496,0.0002664425241122496,-0.0005778547799295458,0.010953944813769637,-0.020261338712807504,0.18780963188173047,-0.06596670588079837,-0.0021038198365932194,0.012061533065046698,-0.00031762232706388253
16.039387226104736,-0.02836593159689918,-0.004015792740834832,0.19057338529742496,0.0002637780988711271,-0.0005720762321302504,0.010844405365631941,-0.020261338712807504,0.18780963188173047,-0.06596670588079837,-0.002082781638227287,0.011940917734396232,-0.0003144461037932437
16.07225799560547,-0.028319305659926842,-0.0040349630339979615,0.1910586262523091,0.00027536455946689344,-0.0005687353464832306,0.010883660830000825,-0.02036969645961105,0.18836654642086018,-0.06599486124953363,-0.0020949185952438033,0.01199093402155723,-0.00031986711571591205
16.07655143737793,-0.028319305659926842,-0.0040349630339979615,0.1910586262523091,0.0002726109138722245,-0.0005630479930183983,0.010774824221700816,-0.02036969645961105,0.18836654642086018,-0.06599486124953363,-0.0020739694092913653,0.011871024681341658,-0.0003166684445587529
16.095192909240723,-0.02831117308674659,-0.004049559646835748,0.19131241535351207,0.00027457001149629835,-0.0005628792660785681,0.010803316032291774,-0.02042391851750043,0.1886447484149339,-0.06600900484948401,-0.002082316505280518,0.01190155264711219,-0.0003210889292243153
16.116863012313843,-0.028308382186550143,-0.004066681674088686,0.19157037552145786,0.00027351005009508837,-0.0005633151950602078,0.010814420291195186,-0.02047827546734258,0.18892315909170698,-0.06602318456003099,-0.0020865771848493715,0.011911013979211451,-0.00032442148391069085
16.121785879135132,-0.028308382186550143,-0.004066681674088686,0.19157037552145786,0.0002707749495941375,-0.0005576820431096057,0.010706276088283234,-0.02047827546734258,0.18892315909170698,-0.06602318456003099,-0.002065711413000878,0.011791903839419337,-0.00032117726907158393
16.131267309188843,-0.028301823577803743,-0.004085259518622013,0.1918244850598709,0.00027602761737555273,-0.0005671693845719331,0.010867471267696776,-0.020532729627208705,0.18920154798747327,-0.06603737605874696,-0.002102486732119494,0.01196759968210242,-0.0003329331738678877
16.153584718704224,-0.02828513830387172,-0.004104467750422168,0.19206863907468358,0.00028119899290967264,-0.0005678066980583347,0.010868313385040428,-0.020587302333103893,0.18948004494204343,-0.06605156413293449,-0.0021059148398882522,0.011972712789670157,-0.0003359612440390278
16.159062147140503,-0.02828513830387172,-0.004104467750422168,0.19206863907468358,0.0002783870029805759,-0.0005621286310777513,0.010759630251190023,-0.020587302333103893,0.18948004494204343,-0.06605156413293449,-0.0020848556914893697,0.011852985661773455,-0.0003326016315986375
16.170936822891235,-0.028254185068943782,-0.004123686209735528,0.1922984397982635,0.00030248775236496313,-0.0005673913935233288,0.01084578942580527,-0.020641931909758243,0.18975839213166334,-0.06606573021787941,-0.002110012244777995,0.011968859838969231,-0.00034120527571489354
16.18659019470215,-0.02824622240417374,-0.004145764253964913,0.19254766842755405,0.0003053987478907577,-0.0005730242935778948,0.010896733505482382,-0.020696565338705477,0.19003641651568168,-0.06607997726015839,-0.00212381414191244,0.012026784337218885,-0.000346894803403849
16.19160509109497,-0.02824622240417374,-0.004145764253964913,0.19254766842755405,0.0003023447604118501,-0.0005672940506421159,0.010787766170427558,-0.020696565338705477,0.19003641651568168,-0.06607997726015839,-0.0021025760004933156,0.011906516493846697,-0.00034342585536981053
16.21070694923401,-0.028243995836832174,-0.004169014945866282,0.19280174581953663,0.00030125237933428545,-0.0005717495055877686,0.010813056684800561,-0.02075132258444133,0.19031455327877667,-0.06609425828234776,-0.00211021616677539,0.011933058505482621,-0.00034746784445936155
16.218900680541992,-0.028243995836832174,-0.004169014945866282,0.19280174581953663,0.0002982398555409426,-0.0005660320105318908,0.010704926117952556,-0.02075132258444133,0.19031455327877667,-0.06609425828234776,-0.002089114005107636,0.011813727920427794,-0.0003439931660147679
16.228702306747437,-0.028238346195324303,-0.004192468052902093,0.19305259005988415,0.00030252088511036724,-0.0005800257889914538,0.010854110003149118,-0.020806166786372798,0.190592580813265,-0.06610854831171084,-0.002124177051414945,0.011979245137590555,-0.0003551324777001215
16.232889890670776,-0.028238346195324303,-0.004192468052902093,0.19305259005988415,0.0002994956762592636,-0.0005742255311015393,0.010745568903117626,-0.020806166786372798,0.190592580813265,-0.06610854831171084,-0.0021029352809007955,0.011859452686214649,-0.0003515811529231203
16.244039297103882,-0.028222868528952377,-0.0042154208803733394,0.19329403794151373,0.0003116280286523264,-0.000584584698679391,0.01085494951969258,-0.020861120162777125,0.19087063246456643,-0.06612283221832085,-0.0021311940913084026,0.011990245113689213,-0.0003608767019768171
16.272089958190918,-0.028193379007863617,-0.004237389429067091,0.1935216365412021,0.0003194694929314448,-0.0005843774958312367,0.01082765122941322,-0.02091612424950278,0.19114846155687726,-0.06613709148199594,-0.0021294909883314327,0.0119693881329777,-0.000362351331612422
16.277180194854736,-0.028193379007863617,-0.004237389429067091,0.1935216365412021,0.0003162747980021304,-0.0005785337208729243,0.010719374717119088,-0.02091612424950278,0.19114846155687726,-0.06613709148199594,-0.0021081960784481183,0.011849694251647922,-0.0003587278182962978
16.282164335250854,-0.028187103650997934,-0.004261389721857397,0.19376916132034092,0.0003287678484907811,-0.0006124698595902084,0.011109437026677991,-0.02097112718270879,0.19142590212857644,-0.06615142931554308,-0.002197470024268614,0.012287844092025558,-0.00038390745357810016
16.285587072372437,-0.028187103650997934,-0.004261389721857397,0.19376916132034092,0.00032548017000587326,-0.0006063451609943063,0.010998342656411211,-0.02097112718270879,0.19142590212857644,-0.06615142931554308,-0.002175495324025928,0.012164965651105303,-0.00038006837904231913
16.321389198303223,-0.028186749773939646,-0.0042858637529958115,0.1940219565349475,0.00032276947437917937,-0.0006060822050966253,0.010959055775553525,-0.02102624354360979,0.1917033931711066,-0.06616579182721595,-0.0021691350881294235,0.012120822856356208,-0.0003802793317956701
16.32497763633728,-0.028186749773939646,-0.0042858637529958115,0.1940219565349475,0.00031954177963538756,-0.0006000213830456591,0.010849465217797989,-0.02102624354360979,0.1917033931711066,-0.06616579182721595,-0.002147443737248129,0.011999614627792646,-0.0003764765384777134
16.32886791229248,-0.028183127718629183,-0.004309968874151168,0.19427188257546998,0.0003296319543812845,-0.0006457505221080322,0.01138421199352131,-0.02108143528756841,0.1919807236644758,-0.06618015325073576,-0.002267840325464062,0.012592499769533598,-0.0004096279807995125
16.332192182540894,-0.028183127718629183,-0.004309968874151168,0.19427188257546998,0.0003263356348374716,-0.0006392930168869519,0.011270369873586096,-0.02108143528756841,0.1919807236644758,-0.06618015325073576,-0.0022451619222094215,0.012466574771838263,-0.0004055317009915174
16.356178045272827,-0.028169807119939057,-0.00433312190099278,0.1945127281929293,0.00032921812013310766,-0.0006405567125037767,0.011258207894535115,-0.02113672510871734,0.1922580330782267,-0.06619449616902985,-0.002245761306725175,0.012457522715755703,-0.0004074561223193017
16.36113977432251,-0.028169807119939057,-0.00433312190099278,0.1945127281929293,0.0003259259389317766,-0.0006341511453787389,0.011145625815589763,-0.02113672510871734,0.1922580330782267,-0.06619449616902985,-0.002223303693657923,0.012332947488598147,-0.00040338156109610867
16.372231483459473,-0.028142582616515765,-0.004354947665340515,0.1947399998577739,0.0003483347768708588,-0.0006421327183098801,0.011239353851317954,-0.021192055789493427,0.19253508604543845,-0.06620880043951691,-0.002250955377004622,0.012459401851162863,-0.0004122441082642502
16.375718593597412,-0.028142582616515765,-0.004354947665340515,0.1947399998577739,0.0003448514291021502,-0.0006357113911267813,0.011126960312804775,-0.021192055789493427,0.19253508604543845,-0.06620880043951691,-0.002228445823234576,0.012334807832651234,-0.0004081216671816077
16.394392251968384,-0.02813863353096329,-0.004378581113917454,0.1949874230637333,0.0003443239809647819,-0.0006398837569368232,0.011148353318175297,-0.021247377404298586,0.19281172386821746,-0.0662231690927468,-0.00223578684797195,0.012359603100038405,-0.00041173506125206786
16.399834156036377,-0.02813863353096329,-0.004378581113917454,0.1949874230637333,0.00034088074115513407,-0.0006334849193674549,0.011036869784993544,-0.021247377404298586,0.19281172386821746,-0.0662231690927468,-0.0022134289794922307,0.01223600706903802,-0.0004076177106395472
16.415902376174927,-0.028140664048263674,-0.004402537947274886,0.19524031078923104,0.00033717764086270066,-0.0006399012801398828,0.011084073242426535,-0.02130279890286708,0.19308839204389708,-0.06623753848673392,-0.00222578606340928,0.012285830459424236,-0.00041248427508337905
16.42918848991394,-0.028140664048263674,-0.004402537947274886,0.19524031078923104,0.00033380586445407365,-0.0006335022673384839,0.010973232510002269,-0.02130279890286708,0.19308839204389708,-0.06623753848673392,-0.002203528202775187,0.012162972154829994,-0.00040835943233254526
16.435706853866577,-0.02813947986452002,-0.004426040346222125,0.19549049928029905,0.0003345874018354046,-0.0006574845368555317,0.011247782541141725,-0.021358281085150702,0.1933648870038102,-0.06625187823136415,-0.0022666096504771064,0.012465520895733558,-0.00042627483152113323
16.454113721847534,-0.028128646091615885,-0.004448558417822883,0.19573175877529062,0.00033787229129084834,-0.0006606709750308626,0.01126653832055863,-0.021413848410447998,0.1936413551172216,-0.06626616738798372,-0.0022741319191818773,0.012491064033228994,-0.00042977503159798304
16.457472324371338,-0.028128646091615885,-0.004448558417822883,0.19573175877529062,0.00033449356837793987,-0.000654064265280554,0.011153872937353043,-0.021413848410447998,0.1936413551172216,-0.06626616738798372,-0.0022513905999900583,0.012366153392896704,-0.00042547728128200323
16.47321105003357,-0.028149056381256157,-0.004486959364623911,0.19594589913985536,0.0003202163823209046,-0.0006711415041672196,0.011178704092674796,-0.02146920672692331,0.19391748935675618,-0.06628036273623167,-0.0022640500095834,0.012417940777425739,-0.0004302418843402664
16.48300528526306,-0.028149056381256157,-0.004486959364623911,0.19594589913985536,0.00031701421849769553,-0.0006644300891255474,0.011066917051748048,-0.02146920672692331,0.19391748935675618,-0.06628036273623167,-0.002241409509487566,0.012293761369651482,-0.0004259394654968638
16.49654793739319,-0.028174207460932944,-0.004521149166586805,0.1961852507209131,0.0002972984128056531,-0.0006822275877432309,0.011133296445736041,-0.021524717395359313,0.19419368627707076,-0.06629451243477359,-0.002259984925090166,0.012374769716953369,-0.00043212831864887106
16.499841451644897,-0.028174207460932944,-0.004521149166586805,0.1961852507209131,0.0002943254286775966,-0.0006754053118657986,0.011021963481278681,-0.021524717395359313,0.19419368627707076,-0.06629451243477359,-0.0022373850758392643,0.012251022019783835,-0.00042780703546238237
16.518022775650024,-0.028195148601529437,-0.004551982722810797,0.19643296389447246,0.0002811634642701562,-0.0006847327515668441,0.011048196606028854,-0.02158034297964928,0.19446988101180435,-0.0663085665832589,-0.002245606128001188,0.012280423032593945,-0.0004312589568736738
16.529109954833984,-0.028195148601529437,-0.004551982722810797,0.19643296389447246,0.0002783518296274546,-0.0006778854240511756,0.010937714639968565,-0.02158034297964928,0.19446988101180435,-0.0663085665832589,-0.002223150066721176,0.012157618802268006,-0.00042694636730493705
16.535442113876343,-0.02820514549456869,-0.004579355335250787,0.19668037612527636,0.00026286654701163044,-0.000710164979022468,0.011219600393066962,-0.021636121346639517,0.19474621709844783,-0.06632251130960945,-0.002289006004504439,0.012472443666074506,-0.00044469897581495986
16.540968418121338,-0.02820514549456869,-0.004579355335250787,0.19668037612527636,0.0002602378815415141,-0.0007030633292322433,0.011107404389136292,-0.021636121346639517,0.19474621709844783,-0.06632251130960945,-0.0022661159444593948,0.01234771922941376,-0.00044025198605681027
16.55499267578125,-0.028199814584283056,-0.004603357907241288,0.19692078363314822,0.00026253992464261166,-0.0007102787684231094,0.011167978000534474,-0.021692019402734825,0.19502254167479652,-0.06633632827127123,-0.002283312906172322,0.012421275336884608,-0.00044570165373931134
16.558776378631592,-0.028199814584283056,-0.004603357907241288,0.19692078363314822,0.0002599145253961855,-0.0007031759807388782,0.011056298220529129,-0.021692019402734825,0.19502254167479652,-0.06633632827127123,-0.0022604797771105987,0.012297062583515761,-0.0004412446372019182
16.57953453063965,-0.028216024184192647,-0.0046275808576272965,0.19718581188222378,0.0002502910189123189,-0.0007067279813719623,0.01107354724810014,-0.02174800328019106,0.19529869717780807,-0.06635013535793106,-0.002264844565762459,0.012307126682016549,-0.00044348359537423315
16.58484935760498,-0.028216024184192647,-0.0046275808576272965,0.19718581188222378,0.00024778810872319574,-0.0006996607015582427,0.01096281177561914,-0.02174800328019106,0.19529869717780807,-0.06635013535793106,-0.002242196120104834,0.012184055415196383,-0.00043904875942049084
16.5949923992157,-0.02823659233636299,-0.0046509226727140755,0.19745937303383126,0.00022655257932455538,-0.0007137664245494587,0.011123149337719905,-0.021804190918702705,0.1955752134521888,-0.06636385726831681,-0.00227516941475315,0.012334831581938634,-0.0004481866698279739
16.620542526245117,-0.02825242169267424,-0.004672943555140605,0.19773213029337905,0.00021863327978090814,-0.0007143142947608949,0.011118771061231002,-0.02186053833565005,0.19585188794505912,-0.06637745785411363,-0.0022744713945002594,0.012319770200486241,-0.00044902790222080876
16.624996185302734,-0.02825242169267424,-0.004672943555140605,0.19773213029337905,0.00021644694698309905,-0.0007071711518132859,0.011007583350618692,-0.02186053833565005,0.19585188794505912,-0.06637745785411363,-0.002251726680555257,0.012196572498481379,-0.0004445376231986007
16.64605212211609,-0.02825718123003659,-0.0046934030363941885,0.19799690970302727,0.0002125842538802921,-0.0007082233014356073,0.011023375976640647,-0.02191707403693321,0.19612890098893995,-0.06639091395128693,-0.0022560596564077766,0.012206167314514689,-0.00044648288980173744
16.65504765510559,-0.02824676617837861,-0.004712209653396336,0.19824845641662647,0.0002231087812040427,-0.0007168714338928829,0.011193053140226774,-0.021973736907133605,0.19640600842999478,-0.06640420547023533,-0.0022964890686253026,0.012392155693965895,-0.00045679374897457517
16.66017484664917,-0.02824676617837861,-0.004712209653396336,0.19824845641662647,0.00022087769339200226,-0.0007097027195539541,0.011081122608824507,-0.021973736907133605,0.19640600842999478,-0.06640420547023533,-0.0022735241779390496,0.012268234137026237,-0.0004522258114848294
16.68587899208069,-0.02821877814060834,-0.004729375192308031,0.19848311320528292,0.00022984633020748822,-0.0007068924549773306,0.011061700827150404,-0.022030500849423002,0.19668316285390688,-0.06641733134561338,-0.002272872511138111,0.012253376591718735,-0.0004528100741889754
16.69025945663452,-0.02821877814060834,-0.004729375192308031,0.19848311320528292,0.00022754786690541332,-0.0006998235304275574,0.0109510838188789,-0.022030500849423002,0.19668316285390688,-0.06641733134561338,-0.00225014378602673,0.012130842825801548,-0.0004482819734470856
16.700934171676636,-0.028211763304709828,-0.004748403669071559,0.19873518598375423,0.00023278679883425476,-0.0007065979441083372,0.011077943703975876,-0.022087275957292457,0.19695997134583437,-0.06643039771840828,-0.0022808288806832216,0.012268846698467176,-0.00045603964232832794
16.706336736679077,-0.028211763304709828,-0.004748403669071559,0.19873518598375423,0.0002304589308459122,-0.0006995319646672538,0.010967164266936117,-0.022087275957292457,0.19695997134583437,-0.06643039771840828,-0.0022580205918763894,0.012146158231482504,-0.00045147924590504466
16.71757197380066,-0.02820950708728982,-0.004768002097267969,0.19899068597756123,0.00023112611095452826,-0.0007065031450607763,0.011085122045936893,-0.022144169484654527,0.19723699344403767,-0.06644334308197454,-0.002286078860914938,0.012271262071156998,-0.0004584865632387584
16.72138786315918,-0.02820950708728982,-0.004768002097267969,0.19899068597756123,0.00022881484984498297,-0.0006994381136101685,0.010974270825477523,-0.022144169484654527,0.19723699344403767,-0.06644334308197454,-0.0022632180723057885,0.012148549450445429,-0.0004539016976063708
16.74548840522766,-0.02820360361251093,-0.004787530491441316,0.19924201600773586,0.00022941816586715996,-0.0006987997163784454,0.010968916613176907,-0.02220109951234631,0.19751387719438335,-0.06645614440320394,-0.0022642077783975654,0.012141950894815179,-0.0004546743127060597
16.750210523605347,-0.02820360361251093,-0.004787530491441316,0.19924201600773586,0.00022712398420848836,-0.000691811719214661,0.010859227447045138,-0.02220109951234631,0.19751387719438335,-0.06645614440320394,-0.0022415657006135898,0.012020531385867027,-0.0004501275695789991
16.773192644119263,-0.02818817759287928,-0.004806545980025006,0.19948341051606489,0.0002319930400840136,-0.0006909857914353703,0.010855784005519486,-0.02225809134359641,0.19779081019762496,-0.06646879781242436,-0.0022439483781282353,0.012020825398027435,-0.0004511320561616555
16.778918504714966,-0.02818817759287928,-0.004806545980025006,0.19948341051606489,0.00022967310968317347,-0.0006840759335210166,0.010747226165464292,-0.02225809134359641,0.19779081019762496,-0.06646879781242436,-0.002221508894346953,0.01190061714404716,-0.00044662073560003895
16.783787488937378,-0.02817427048003429,-0.004763566727519659,0.1997425782630842,0.0002452041304856268,-0.0005793283665891715,0.011170752319713304,-0.02231509545361268,0.1980674186429734,-0.06648200863578271,-0.0023163697855512065,0.012349713954077027,-0.00046928713487181
16.791430711746216,-0.02817427048003429,-0.004763566727519659,0.1997425782630842,0.00024275208918077054,-0.0005735350829232798,0.011059044796516171,-0.02231509545361268,0.1980674186429734,-0.06648200863578271,-0.0022932060876956943,0.012226216814536258,-0.0004645942635230919
16.813354969024658,-0.02817907671106003,-0.004743387778686815,0.2000101461535841,0.00023682704832793175,-0.0005571823103898379,0.01107034589286097,-0.02237222335772023,0.1983441648192927,-0.06649516403823255,-0.0022963309661175307,0.012230182948132015,-0.00046594870771180755
16.819073915481567,-0.02817907671106003,-0.004743387778686815,0.2000101461535841,0.00023445877784465243,-0.0005516104872859395,0.01095964243393236,-0.02237222335772023,0.1983441648192927,-0.06649516403823255,-0.0022733676564563555,0.012107881118650694,-0.0004612892206346895
16.822555780410767,-0.02818765343928164,-0.00473735038586787,0.20027674750203334,0.0002033899104258946,-0.0005206975804603411,0.01161534616593225,-0.022429430636803808,0.19862091954914363,-0.06650832499011577,-0.002414934664286049,0.012781648562211265,-0.0004944748994551918
16.827975749969482,-0.02818765343928164,-0.00473735038586787,0.20027674750203334,0.00020135601132163566,-0.0005154906046557377,0.011499192704272927,-0.022429430636803808,0.19862091954914363,-0.06650832499011577,-0.0023907853176431885,0.012653832076589152,-0.0004895301504606399
16.84530997276306,-0.028191474352943204,-0.004742638673788144,0.20053556594074168,0.00019696455469009943,-0.0005115121304341673,0.011533531353251499,-0.02248673012627832,0.19889781621876723,-0.06652142146889795,-0.002399933165986722,0.012687033637397975,-0.000492190122092953
16.849586963653564,-0.028191474352943204,-0.004742638673788144,0.20053556594074168,0.00019499490914319842,-0.0005063970091298256,0.011418196039718984,-0.02248673012627832,0.19889781621876723,-0.06652142146889795,-0.0023759338343268548,0.012560163301023995,-0.0004872682208720235
16.873882055282593,-0.02818465477009106,-0.004756701692449107,0.20078159562365613,0.00019607682577990463,-0.0005053948757951256,0.011405353777846152,-0.0225440675516347,0.1991746605722947,-0.06653441602739835,-0.0023757749113398597,0.01254851240248914,-0.0004877441739756619
16.878406286239624,-0.02818465477009106,-0.004756701692449107,0.20078159562365613,0.00019411605752210558,-0.0005003409270371743,0.01129130024006769,-0.0225440675516347,0.1991746605722947,-0.06653441602739835,-0.002352017162226461,0.01242302727846425,-0.0004828667322359053
16.890682220458984,-0.028203035508887305,-0.004780763468963924,0.20104784047147417,0.00017854465586864,-0.0005132910736994498,0.011395498331601852,-0.022601398559985646,0.19945128080366123,-0.06654739735700455,-0.0023751989420210825,0.012524132386615653,-0.0004886126813738771
16.89594864845276,-0.028203035508887305,-0.004780763468963924,0.20104784047147417,0.00017675920930995359,-0.0005081581629624553,0.011281543348285834,-0.022601398559985646,0.19945128080366123,-0.06654739735700455,-0.0023514469526008715,0.012398891062749497,-0.0004837265545601383
16.904388427734375,-0.028228447086696,-0.00481145397875421,0.2013194384164361,0.0001476567876113409,-0.000537737335111596,0.011490964565399069,-0.022658815239593247,0.19972817613065555,-0.0665602836254976,-0.002395963503427098,0.012602985763973631,-0.0004941577789395283
16.909148454666138,-0.028228447086696,-0.00481145397875421,0.2013194384164361,0.00014618021973522748,-0.00053235996176048,0.011376054919745079,-0.022658815239593247,0.19972817613065555,-0.0665602836254976,-0.002372003868392827,0.012476955906333895,-0.000489216201150133
16.929237127304077,-0.028251031720588782,-0.004846333190054559,0.20158805146150094,0.00013484608566434247,-0.0005435483808451948,0.011396220511001663,-0.02271626374830304,0.20000513038502726,-0.0665730297631946,-0.0023768812934364413,0.012490052227890592,-0.0004906689768688271
16.935214042663574,-0.028251031720588782,-0.004846333190054559,0.20158805146150094,0.00013349762480769904,-0.0005381128970367428,0.011282258305891647,-0.02271626374830304,0.20000513038502726,-0.0665730297631946,-0.002353112480502077,0.012365151705611685,-0.00048576228710013884
16.949172496795654,-0.028263871200074557,-0.004883429402089406,0.20184730902429798,0.00012507084314152046,-0.0005574644623725665,0.011355510430243779,-0.02277376914486485,0.20028230429867747,-0.06658560755461532,-0.002370778895208,0.012440070826125802,-0.0004899155412945378
16.96949601173401,-0.02826241443769656,-0.004921188419699819,0.20209258948452652,0.00012599194518363882,-0.0005685883990937957,0.011362892591444747,-0.022831273898432036,0.20055944583620225,-0.06659798920478491,-0.0023753657953102555,0.012452035081486935,-0.0004911086638202987
16.97380304336548,-0.02826241443769656,-0.004921188419699819,0.20209258948452652,0.00012473202573180242,-0.0005629025151028578,0.0112492636655303,-0.022831273898432036,0.20055944583620225,-0.06659798920478491,-0.002351612137357153,0.012327514730672066,-0.00048619757718209574
17.015955209732056,-0.02831004489071278,-0.005003286870074511,0.2026267626949731,0.00011379143724900473,-0.0005759896295315815,0.011263739193459648,-0.02294626641760616,0.20111360997999908,-0.06662240852060913,-0.0023553763503260895,0.012335707119097086,-0.00048712873564965467
17.021015167236328,-0.02831004489071278,-0.005003286870074511,0.2026267626949731,0.00011265352287651468,-0.0005702297332362658,0.011151101801525051,-0.02294626641760616,0.20111360997999908,-0.06662240852060913,-0.0023318225868228285,0.012212350047906115,-0.0004822574482931581
17.044085264205933,-0.028344464462871255,-0.005082689344611423,0.20314956492100628,9.940208341288731e-05,-0.0005970537899383565,0.01126664265382752,-0.02306138142748291,0.20166833635720463,-0.06664609953873904,-0.0023584022916084742,0.012330679102930578,-0.0004877040192590386
17.05412006378174,-0.028344464462871255,-0.005082689344611423,0.20314956492100628,9.840806257875843e-05,-0.000591083252038973,0.011153976227289244,-0.02306138142748291,0.20166833635720463,-0.06664609953873904,-0.0023348182686923893,0.012207372311901271,-0.0004828269790664482
17.081957578659058,-0.028341764835952896,-0.005119036106084988,0.20339218278061674,9.94041390286456e-05,-0.0005968237019100008,0.011129767615474248,-0.023118952854137047,0.20194572962021565,-0.06665762758100596,-0.0023321513238630316,0.01218494586844551,-0.0004821398987166254
17.09285259246826,-0.028341764835952896,-0.005119036106084988,0.20339218278061674,9.841009763835914e-05,-0.0005908554648909008,0.011018469939319505,-0.023118952854137047,0.20194572962021565,-0.06665762758100596,-0.0023088298106244015,0.012063096409761056,-0.00047731849972945916
17.108668327331543,-0.028361605742625577,-0.0051560421428346265,0.20365436028589093,8.675612399371273e-05,-0.0006071404102388126,0.011074346913870487,-0.02317648332546429,0.20222288369538038,-0.06666904814207011,-0.0023221169777270533,0.012117704900270258,-0.00047976632669454025
17.111913204193115,-0.028361605742625577,-0.0051560421428346265,0.20365436028589093,8.58885627537756e-05,-0.0006010690061364245,0.010963603444731781,-0.02317648332546429,0.20222288369538038,-0.06666904814207011,-0.0022988958079497826,0.011996527851267555,-0.00047496866342759485
17.116634607315063,-0.028386740482660596,-0.005192061395529785,0.2039215349054595,3.790304258717322e-05,-0.000668316402615182,0.011420774668115983,-0.02323407282977556,0.20250025285184073,-0.06668032072272466,-0.0023978822517239317,0.012464034451974314,-0.0004940944654211433
17.122074127197266,-0.028386740482660596,-0.005192061395529785,0.2039215349054595,3.752401216130149e-05,-0.0006616332385890302,0.011306566921434823,-0.02323407282977556,0.20250025285184073,-0.06668032072272466,-0.0023739034292066924,0.012339394107454571,-0.0004891535207669318
17.13724446296692,-0.028408015539180525,-0.005226255489914565,0.2041856111631428,2.4893300907828982e-05,-0.0006763919068068251,0.011367851233362924,-0.023291681699408668,0.20277761599343505,-0.06669142748285271,-0.0023881390782096055,0.012398832732386348,-0.0004915833529282515
17.142655611038208,-0.028408015539180525,-0.005226255489914565,0.2041856111631428,2.4644367898750692e-05,-0.0006696279877387568,0.011254172721029295,-0.023291681699408668,0.20277761599343505,-0.06669142748285271,-0.0023642576874275093,0.012274844405062484,-0.00048666751939896896
17.17842435836792,-0.028426641489457664,-0.005163341830720511,0.20466885457209552,1.69555891955103e-05,-0.0006441088642842712,0.011276453793800689,-0.023406719556618057,0.20333253690088715,-0.06671288914426816,-0.0023727766666035432,0.012307237236253316,-0.00048780095967383247
17.18458342552185,-0.028426641489457664,-0.005163341830720511,0.20466885457209552,1.6786033303555197e-05,-0.0006376677756414285,0.011163689255862683,-0.023406719556618057,0.20333253690088715,-0.06671288914426816,-0.0023490488999375076,0.012184164863890783,-0.00048292295007709414
17.20794439315796,-0.028483292503430225,-0.005083996509943663,0.20518226582587296,-1.1703699519251734e-05,-0.0005969671609678161,0.011271269090302377,-0.023521590364283043,0.20388691163588515,-0.06673367138885736,-0.002374730521209556,0.012299631336915947,-0.00048698986088733945
17.21532392501831,-0.028483292503430225,-0.005083996509943663,0.20518226582587296,-1.1586662524059216e-05,-0.000590997489358138,0.011158556399399354,-0.023521590364283043,0.20388691163588515,-0.06673367138885736,-0.00235098321599746,0.012176635023546788,-0.00048211996227846604
17.236828804016113,-0.02850750437660677,-0.005078681088666256,0.2054421621449535,-2.3326913152388e-05,-0.0005820905960453213,0.011167755512260132,-0.02357910042725419,0.2041641085156941,-0.06674384487701408,-0.002354216181589113,0.012183768203430638,-0.00048202954405545816
17.243580102920532,-0.02850750437660677,-0.005078681088666256,0.2054421621449535,-2.309364402086412e-05,-0.0005762696900848681,0.01105607795713753,-0.02357910042725419,0.2041641085156941,-0.06674384487701408,-0.0023306740197732217,0.01206193052139633,-0.0004772092486149036
17.24904203414917,-0.028519987629558232,-0.005090252361151525,0.20569470625790334,-4.500977602511278e-05,-0.0005873938567406413,0.011408093153730006,-0.023636685198700748,0.20444138248569643,-0.06675386354471963,-0.0024127966030803947,0.012448959442415124,-0.0004907798764709932
17.260666370391846,-0.028519987629558232,-0.005090252361151525,0.20569470625790334,-4.4559678264861645e-05,-0.0005815199181732349,0.011294012222192706,-0.023636685198700748,0.20444138248569643,-0.06675386354471963,-0.0023886686370495906,0.012324469847990974,-0.0004858720777062833
17.277135610580444,-0.028516894069385002,-0.005114725541373295,0.20593503214592435,-4.123898719733205e-05,-0.0005882175088897969,0.01132719248640863,-0.023694297671442054,0.20471847702124413,-0.06676371524317458,-0.0023997638151012253,0.012369474888038481,-0.00048699523486781047
17.280635595321655,-0.028516894069385002,-0.005114725541373295,0.20593503214592435,-4.082659732535873e-05,-0.0005823353338008989,0.011213920561544544,-0.023694297671442054,0.20471847702124413,-0.06676371524317458,-0.0023757661769502132,0.012245780139158096,-0.00048212528251913235
17.29939579963684,-0.02853571098490828,-0.005152154190782558,0.2061965196518695,-4.882269190810316e-05,-0.0005953930680533434,0.011241417231449058,-0.023751907294446224,0.20499523053236704,-0.06677350999323207,-0.0023827169350018836,0.01227084392467103,-0.0004825250549519481
17.313474893569946,-0.028559453667822626,-0.005198037452839028,0.20646424229344787,-6.240614399626101e-05,-0.0006208568361218876,0.011319574923735573,-0.023809612255062555,0.20527208936903252,-0.06678323112109846,-0.0023998760399749903,0.012344780836311903,-0.00048460445885858657
17.319825172424316,-0.028559453667822626,-0.005198037452839028,0.20646424229344787,-6.17820825562984e-05,-0.0006146482677606686,0.011206379174498217,-0.023809612255062555,0.20527208936903252,-0.06678323112109846,-0.0023758772795752403,0.012221333027948783,-0.0004797584142700007
17.3403103351593,-0.02857919264413629,-0.00524900308096961,0.20672981500365187,-6.8636116319029e-05,-0.0006323711784626723,0.011224281644439286,-0.02386737295072558,0.20554884297960627,-0.06679286539338122,-0.002380314863533041,0.012234219239788674,-0.00047966387906442555
17.344114303588867,-0.02857919264413629,-0.00524900308096961,0.20672981500365187,-6.794975515583871e-05,-0.0006260474666780456,0.011112038827994893,-0.02386737295072558,0.20554884297960627,-0.06679286539338122,-0.002356511714897711,0.012111877047390788,-0.0004748672402737813
17.35351252555847,-0.028588716101990066,-0.005302326206466833,0.20698681335178534,-7.24733795461329e-05,-0.0006733131305340897,0.011275135815253835,-0.02392522263659819,0.20582562664951068,-0.06680240357947048,-0.0023945004598087136,0.01228526469610934,-0.00048026749404038346
17.35844922065735,-0.028588716101990066,-0.005302326206466833,0.20698681335178534,-7.174864575067157e-05,-0.0006665799992287487,0.011162384457101297,-0.02392522263659819,0.20582562664951068,-0.06680240357947048,-0.0023705554552106265,0.012162412049148245,-0.0004754648190999796
17.383436918258667,-0.028599234766969597,-0.005236318206147866,0.20722268209024708,-7.827624618256482e-05,-0.0006327969417633438,0.011144753291679865,-0.0239828906304938,0.20610223741878844,-0.06681182757102933,-0.0023699284550798634,0.012151486710789923,-0.0004744816234490275
17.386728048324585,-0.028599234766969597,-0.005236318206147866,0.20722268209024708,-7.749348372073918e-05,-0.0006264689723457103,0.011033305758763066,-0.0239828906304938,0.20610223741878844,-0.06681182757102933,-0.002346229170529065,0.012029971843682024,-0.00046973680721453724
17.418407440185547,-0.028658027239189827,-0.005213306925337595,0.2077475592249071,-9.648973788251373e-05,-0.0006125790977253041,0.011088498581667963,-0.02409844848299158,0.20665483600217607,-0.06683068453938454,-0.0023592441739072635,0.012084106844766632,-0.0004709918792769673
17.423593282699585,-0.028658027239189827,-0.005213306925337595,0.2077475592249071,-9.55248405036886e-05,-0.0006064533067480511,0.010977613595851282,-0.02409844848299158,0.20665483600217607,-0.06683068453938454,-0.002335651732168191,0.011963265776318966,-0.00046628196048419763
17.435882806777954,-0.028682642739699202,-0.005234082746022387,0.20801214551552413,-0.00011347858811717963,-0.0006162089463533744,0.011083313459016633,-0.0241563479734543,0.2069310690149868,-0.06684006088374264,-0.0023594080974068937,0.012068404241545753,-0.0004692486831613113
17.439302682876587,-0.028682642739699202,-0.005234082746022387,0.20801214551552413,-0.00011234380223600784,-0.0006100468568898406,0.010972480324426466,-0.0241563479734543,0.2069310690149868,-0.06684006088374264,-0.0023358140164328246,0.011947720199130296,-0.0004645561963296982
17.468595027923584,-0.028695411173535523,-0.005269543008328763,0.2082687861943757,-0.00011460922555025447,-0.0006151790105371886,0.010950524828975251,-0.024214343305957203,0.20720731756543828,-0.06684937199527143,-0.002332254677767609,0.01192255041773241,-0.00046308931859733094
17.47385883331299,-0.028695411173535523,-0.005269543008328763,0.2082687861943757,-0.00011346313329475193,-0.0006090272204318167,0.010841019580685498,-0.024214343305957203,0.20720731756543828,-0.06684937199527143,-0.002308932130989933,0.011803324913555086,-0.00045845842541135764
17.479715585708618,-0.02882798466533871,-0.005162957599790439,0.20853718443689204,-0.0003575891857309407,-0.0004393117736950545,0.011187812768720917,-0.024271972482890095,0.20748315094085695,-0.06685761356300352,-0.0023842406469795803,0.012156258092203796,-0.00046794574854783
17.490320444107056,-0.028928235844420235,-0.005116340292886014,0.20881767766294995,-0.00045337235118654426,-0.0003973562326441546,0.011339604306758157,-0.02432977010076271,0.2077593044944222,-0.06686583334686956,-0.002414899315112659,0.012295098378712725,-0.0004710172515723537
17.496515035629272,-0.028928235844420235,-0.005116340292886014,0.20881767766294995,-0.0004488386276746788,-0.0003933826703177131,0.011226208263690574,-0.02432977010076271,0.2077593044944222,-0.06686583334686956,-0.002390750321961532,0.012172147394925599,-0.00046630707905663017
17.518529891967773,-0.029003025605163865,-0.0051080772520741445,0.2090992558995157,-0.00047892089022898995,-0.00038743750270181043,0.01124172436901243,-0.024387601422884816,0.2080353900928551,-0.0668737645572526,-0.002393112044047269,0.012175834687759917,-0.0004652466710593534
17.524797201156616,-0.029003025605163865,-0.0051080772520741445,0.2090992558995157,-0.00047413168132670006,-0.0003835631276747923,0.011129307125322306,-0.024387601422884816,0.2080353900928551,-0.0668737645572526,-0.0023691809236067963,0.012054076340882318,-0.00046059420434875985
17.537837028503418,-0.02905046482494886,-0.005130110945914681,0.20937441797197667,-0.0005044960428019034,-0.000397278542371575,0.011229191528612738,-0.02444555995209872,0.20831177356501182,-0.06688146661726149,-0.0023899364277227115,0.01214548889925157,-0.00046189482824672085
17.543002367019653,-0.02905046482494886,-0.005130110945914681,0.20937441797197667,-0.0004994510823738843,-0.00039330575694785925,0.011116899613326611,-0.02444555995209872,0.20831177356501182,-0.06688146661726149,-0.002366037063445484,0.012024034010259055,-0.00045727587996425363
17.555526733398438,-0.02907028471949641,-0.005175100139990472,0.209637580049335,-0.0005071701563460378,-0.000423674744930442,0.01121632210552401,-0.024503585095788302,0.2085881076516839,-0.06688892939125331,-0.0023887064965988467,0.012124430849167912,-0.00045866172518984667
17.56049370765686,-0.02907028471949641,-0.005175100139990472,0.209637580049335,-0.0005020984547825775,-0.0004194379974811376,0.01110415888446877,-0.024503585095788302,0.2085881076516839,-0.06688892939125331,-0.002364819431632858,0.012003186540676232,-0.0004540751079379482
17.57785153388977,-0.02910258749638123,-0.005240158736198724,0.2099213168929234,-0.0005122252886330012,-0.00045205135720358683,0.011157077384577791,-0.024561683964670143,0.20886435043415072,-0.06689629906774541,-0.0023746425188596564,0.012042300629814786,-0.0004537800938496055
17.582900285720825,-0.02910258749638123,-0.005240158736198724,0.2099213168929234,-0.0005071030357466712,-0.000447530843631551,0.011045506610732014,-0.024561683964670143,0.20886435043415072,-0.06689629906774541,-0.00235089609367106,0.011921877623516638,-0.0004492422929111094
17.60722827911377,-0.029132890093984846,-0.005318206204069215,0.21021037507441187,-0.0005114735511299041,-0.00047449917948453224,0.011054302499371504,-0.024619937483762726,0.20914092834360512,-0.06690356658196628,-0.002351332189834487,0.011916345950441658,-0.0004477371752247617
17.61231780052185,-0.029132890093984846,-0.005318206204069215,0.21021037507441187,-0.000506358815618605,-0.00046975418768968694,0.01094375947437779,-0.024619937483762726,0.20914092834360512,-0.06690356658196628,-0.002327818867936142,0.01179718249093724,-0.0004432598034725141
17.64051055908203,-0.029161942811978044,-0.005492174253269678,0.21077197528513086,-0.0005057955277645647,-0.000524526200604991,0.01103438328903403,-0.02473684943681836,0.20969478312307288,-0.06691779651810643,-0.002346009467352161,0.011875663516956056,-0.00044387457819124995
17.645867586135864,-0.029161942811978044,-0.005492174253269678,0.21077197528513086,-0.000500737572486919,-0.0005192809385989411,0.010924039456143689,-0.02473684943681836,0.20969478312307288,-0.06691779651810643,-0.0023225493726786394,0.011756906881786496,-0.00043943583240933743
17.66965961456299,-0.029153210627847388,-0.005580078087442276,0.211033171337855,-0.0004886217628455538,-0.0005487975736188276,0.010925116140450263,-0.024795501280983546,0.20997195723699624,-0.0669247534102518,-0.0023239757678586094,0.011755836544790661,-0.00043796551739103834
17.686490297317505,-0.029153210627847388,-0.005580078087442276,0.211033171337855,-0.0004837355452170983,-0.0005433095978826394,0.01081586497904576,-0.024795501280983546,0.20997195723699624,-0.0669247534102518,-0.0023007360101800233,0.011638278179342754,-0.00043358586221712794
17.69731593132019,-0.029165963536310013,-0.0056683697427128985,0.2113129790214244,-0.0004830031958789636,-0.0006163544883944404,0.010967315901589997,-0.024854241085776597,0.2102490304813379,-0.06693172700754525,-0.002331988571278661,0.011777837215158266,-0.00043569174852345523
17.70405101776123,-0.029165963536310013,-0.0056683697427128985,0.2113129790214244,-0.00047817316392017396,-0.000610190943510496,0.010857642742574097,-0.024854241085776597,0.2102490304813379,-0.06693172700754525,-0.0023086686855658747,0.011660058843006683,-0.0004313348310382207
17.710821866989136,-0.02918386469380842,-0.005753624340163149,0.2115967355437536,-0.0004879967746938888,-0.0007258285669490574,0.011169897294694366,-0.024913153529737737,0.21052650094905748,-0.06693869488075012,-0.0023725909424603428,0.011953259829504655,-0.0004373124713030217
17.731016635894775,-0.02919838546901627,-0.005833718155009317,0.21187629428210342,-0.00048661357342936063,-0.0007567036454671237,0.011197180596011963,-0.02497217949808327,0.21080413245374963,-0.06694563644243746,-0.0023780933785648873,0.01197120417189132,-0.0004363766534092873
17.73727512359619,-0.02919838546901627,-0.005833718155009317,0.21187629428210342,-0.000481747437695067,-0.0007491366090124525,0.011085208790051843,-0.02497217949808327,0.21080413245374963,-0.06694563644243746,-0.0023543124447792385,0.011851492130172406,-0.00043201288687519444
17.74611210823059,-0.029203554164155442,-0.005907256900702755,0.21214546593349212,-0.00047515393349914357,-0.0008204790294043674,0.011280125001444333,-0.02503135001742344,0.21108207153043973,-0.06695253601481042,-0.0023977271365868214,0.01204749521267956,-0.0004355003673419861
17.752826929092407,-0.029203554164155442,-0.005907256900702755,0.21214546593349212,-0.00047040239416415214,-0.0008122742391103238,0.011167323751429889,-0.02503135001742344,0.21108207153043973,-0.06695253601481042,-0.002373749865220953,0.011927020260552763,-0.00043114536366856626
17.761434316635132,-0.029195463761584446,-0.005973445744932974,0.21239980079338702,-0.0004494200946383019,-0.0008752325169776359,0.01135224391365257,-0.025090610116589526,0.21136004271566775,-0.06695937304710595,-0.0024188603170902426,0.012130694951328933,-0.00043477712423199173
17.77231740951538,-0.029195463761584446,-0.005973445744932974,0.21239980079338702,-0.00044492589369191885,-0.0008664801918078595,0.011238721474516045,-0.025090610116589526,0.21136004271566775,-0.06695937304710595,-0.00239467171391934,0.012009388001815644,-0.0004304293529896718
17.789944410324097,-0.029211230241009856,-0.006035625130916149,0.21267284882153825,-0.000446243830067022,-0.000891547332769961,0.011281717713556447,-0.025149928813557907,0.2116378693169753,-0.06696625088180418,-0.0024043771748290923,0.012046908343480732,-0.00043002693407410465
17.797871112823486,-0.029211230241009856,-0.006035625130916149,0.21267284882153825,-0.00044178139176635176,-0.0008826318594422614,0.011168900536420882,-0.025149928813557907,0.2116378693169753,-0.06696625088180418,-0.0023803334030808015,0.011926439260045925,-0.0004257266647333636
17.807379484176636,-0.029233759946000724,-0.006092333736560938,0.21295010826077648,-0.00045574187409387184,-0.0009313192754793983,0.01134959724297814,-0.025209370636509337,0.21191600892693754,-0.06697312139102853,-0.002419045320867268,0.012099695636388826,-0.0004286951457658086
17.816555500030518,-0.029233759946000724,-0.006092333736560938,0.21295010826077648,-0.00045118445535293313,-0.0009220060827246044,0.01123610127054836,-0.025209370636509337,0.21191600892693754,-0.06697312139102853,-0.0023948548676585952,0.011978698680024937,-0.0004244081943081505
17.821415424346924,-0.029253926160216968,-0.006143052888689346,0.21322355035072352,-0.00047907824807700715,-0.0010126771411599074,0.01168776282802296,-0.025268873102750198,0.21219423483063818,-0.06697994838418103,-0.002493341283740599,0.012431401891809454,-0.0004342116421372084
17.825217247009277,-0.029253926160216968,-0.006143052888689346,0.21322355035072352,-0.00047428746559623707,-0.0010025503697483082,0.01157088519974273,-0.025268873102750198,0.21219423483063818,-0.06697994838418103,-0.002468407870903193,0.01230708787289136,-0.00042986952571583636
17.847135305404663,-0.02926528795297466,-0.006187655505698283,0.21348706400645384,-0.0004730212034907219,-0.0010115428577703075,0.011575675682259697,-0.02532845961452835,0.212472670155461,-0.06698670160720534,-0.0024709098278836617,0.0123110516611024,-0.0004286519532946895
17.85253381729126,-0.02926528795297466,-0.006187655505698283,0.21348706400645384,-0.0004682909914558147,-0.0010014274291926045,0.0114599189254371,-0.02532845961452835,0.212472670155461,-0.06698670160720534,-0.002446200729604825,0.012187941144491376,-0.0004243654337617426
17.86143136024475,-0.029263578988478003,-0.006226306883508686,0.21373624647006034,-0.0004582384225686529,-0.0010302932144639655,0.011625982362423884,-0.025388077062395688,0.21275104922258747,-0.06699335081404674,-0.002488743116869126,0.012378933577084299,-0.00042759486146054694
17.8898823261261,-0.029285750598314272,-0.006263070846197337,0.21400472757391353,-0.00046040533110702563,-0.001032287416379962,0.011604249884898901,-0.025447693385221723,0.2130291854478961,-0.06699999043204978,-0.0024848097450721482,0.012352904094693676,-0.00042565261850315196
17.894935131072998,-0.029285750598314272,-0.006263070846197337,0.21400472757391353,-0.0004558012777959554,-0.0010219645422161624,0.011488207386049913,-0.025447693385221723,0.2130291854478961,-0.06699999043204978,-0.0024599616476214266,0.012229375053746739,-0.0004213960923181204
17.904452085494995,-0.02931445686813431,-0.0062969226357052705,0.2142779702880996,-0.00047858133313007805,-0.0010461309122682522,0.011660858106727552,-0.02550736611896902,0.21330753343766448,-0.06700655786691784,-0.0024980635332238297,0.012399557212440305,-0.0004240829050845531
17.924716234207153,-0.02934040516725274,-0.006327590003575769,0.21454791087156241,-0.000485445003329275,-0.001050137609461872,0.011677638099237343,-0.025567032297173293,0.213585865869044,-0.0670130113592576,-0.002502527104530519,0.012412913786380894,-0.0004230267606861074
17.930428504943848,-0.02934040516725274,-0.006327590003575769,0.21454791087156241,-0.00048059055329598225,-0.0010396362333672533,0.011560861718244969,-0.025567032297173293,0.213585865869044,-0.0670130113592576,-0.0024775018334852136,0.012288784648517084,-0.0004187964930792463
17.949063539505005,-0.029357048902203732,-0.006355033646345295,0.21480839908993532,-0.0004836613463799714,-0.0010427954518894289,0.011585216026898477,-0.025626718961839406,0.2138643113042839,-0.06701932194441891,-0.0024847560901539744,0.012315317203870238,-0.0004179949373019262
17.972046613693237,-0.029360065071888587,-0.00637938128510589,0.21505499099233172,-0.0004794461261412962,-0.001041474458102311,0.01157679511925463,-0.025686378564450472,0.2141426075992177,-0.06702546264324752,-0.002485866589572151,0.012313251529811364,-0.0004164868232013841
17.97789740562439,-0.029360065071888587,-0.00637938128510589,0.21505499099233172,-0.0004746516648798832,-0.0010310597135212878,0.011461027168062084,-0.025686378564450472,0.2141426075992177,-0.06702546264324752,-0.0024610079236764295,0.012190119014513251,-0.00041232195496937024
17.99176001548767,-0.029386463924723112,-0.006404596002158594,0.215321318174688,-0.00048766633982025526,-0.0010380703950732912,0.01153873674491351,-0.02574598558214409,0.21442057804072848,-0.06703153152270254,-0.0024793962540331587,0.012268735940546996,-0.0004125766119630363
17.997236967086792,-0.029386463924723112,-0.006404596002158594,0.215321318174688,-0.0004827896764220527,-0.0010276896911225583,0.011423349377464375,-0.02574598558214409,0.21442057804072848,-0.06703153152270254,-0.002454602291492827,0.012146048581141525,-0.00040845084584340593
18.003011465072632,-0.029418843351668004,-0.006429434367207804,0.21559276461225432,-0.0005309849659979436,-0.0010593316534711927,0.01177964269923764,-0.025805595208536664,0.21469867227809872,-0.0670374580068902,-0.002533285374447793,0.012506178422406472,-0.0004146295398351214
18.0128493309021,-0.029418843351668004,-0.006429434367207804,0.21559276461225432,-0.0005256751163379642,-0.0010487383369364807,0.011661846272245263,-0.025805595208536664,0.21469867227809872,-0.0670374580068902,-0.002507952520703315,0.012381116638182407,-0.00041048324443677015
18.023643493652344,-0.02944790258442058,-0.006453367504863549,0.21586120601587627,-0.0005458100247668205,-0.001059553689017091,0.011794153737183134,-0.025865150956798248,0.21497667637769563,-0.06704320229892353,-0.002538047027646424,0.01251485587754245,-0.00041170007719816386
18.027804374694824,-0.02944790258442058,-0.006453367504863549,0.21586120601587627,-0.0005403519245191523,-0.00104895815212692,0.011676212199811303,-0.025865150956798248,0.21497667637769563,-0.06704320229892353,-0.00251266655736996,0.012389707318767026,-0.0004075830764261822
18.046823740005493,-0.029467113702534294,-0.0064760763931056885,0.21612044153347687,-0.0005442698563751463,-0.0010494330016779488,0.011695886390829273,-0.025924686389316654,0.21525472108881255,-0.06704874063717736,-0.002518842425580082,0.012412000566115947,-0.0004064191925977734
18.055569171905518,-0.029467113702534294,-0.0064760763931056885,0.21612044153347687,-0.0005388271578113948,-0.0010389386716611693,0.01157892752692098,-0.025924686389316654,0.21525472108881255,-0.06704874063717736,-0.002493654001324281,0.012287880560454788,-0.00040235500067179565
18.075244903564453,-0.02947219156773887,-0.006497401192192596,0.21636598570461818,-0.0005353681179301681,-0.0010377771494705624,0.011588070793938754,-0.02598416313810395,0.21553255780822397,-0.06705405305466726,-0.0024989459426800063,0.01230620957584898,-0.0004010314353883825
18.085771560668945,-0.02947219156773887,-0.006497401192192596,0.21636598570461818,-0.0005300144367508664,-0.0010273993779758568,0.011472190085999366,-0.02598416313810395,0.21553255780822397,-0.06705405305466726,-0.0024739564832532064,0.01218314748009049,-0.00039702112103449867
18.09066104888916,-0.029471756233966577,-0.006581346873940367,0.21664619232427776,-0.0005077990948220936,-0.0011790760853415128,0.011933023270789617,-0.026043863136921835,0.2158099661367367,-0.06706064341929169,-0.0025713155842300435,0.012628672579267659,-0.00040652954874832937
18.1035475730896,-0.029471756233966577,-0.006581346873940367,0.21664619232427776,-0.0005027211038738726,-0.0011672853244880975,0.011813693038081722,-0.026043863136921835,0.2158099661367367,-0.06706064341929169,-0.002545602428387743,0.012502385853474981,-0.00040246425326084605
18.108253002166748,-0.029488382214078193,-0.006646262110007147,0.21692627401032524,-0.0005204545293278789,-0.0012876916461553852,0.012292676141286237,-0.026103546875748323,0.21608723715129852,-0.06706709135118989,-0.0026469865664948723,0.012966619658833977,-0.00041214278591691065
18.11418342590332,-0.029488382214078193,-0.006646262110007147,0.21692627401032524,-0.0005152499840346001,-0.0012748147296938314,0.012169749379873375,-0.026103546875748323,0.21608723715129852,-0.06706709135118989,-0.0026205167008299234,0.012836953462245638,-0.00040802135805774155
18.142154455184937,-0.02950789050143994,-0.006698254407628882,0.21720040559115217,-0.0005154385394952707,-0.00127984422675769,0.012146304306023321,-0.026163232941423992,0.21636436868011666,-0.06707363783562847,-0.0026156500641541128,0.01280766198657766,-0.0004062815962255327
18.148680925369263,-0.02950789050143994,-0.006698254407628882,0.21720040559115217,-0.000510284154100318,-0.001267045784490113,0.012024841262963088,-0.026163232941423992,0.21636436868011666,-0.06707363783562847,-0.0025894935635125717,0.012679585366711883,-0.00040221878026327736
18.154391527175903,-0.02952230599298186,-0.006738698491417682,0.2174629260083064,-0.0005245917787534856,-0.0013207192523800476,0.01236523055319394,-0.026222912253162037,0.21664135883777935,-0.06708014902874071,-0.002668104796857126,0.01303783498993407,-0.0004095985310525871
18.160049200057983,-0.02952230599298186,-0.006738698491417682,0.2174629260083064,-0.0005193458609659507,-0.0013075120598562472,0.012241578247662,-0.026222912253162037,0.21664135883777935,-0.06708014902874071,-0.002641423748888555,0.01290745664003473,-0.0004055025457420612
18.17639136314392,-0.029526118089479046,-0.00676914369886298,0.21770985762267028,-0.000515118256603109,-0.0013109855891902163,0.01227051346582846,-0.026282566047810676,0.21691809766616194,-0.06708656911008656,-0.0026515125094024065,0.012947722464454933,-0.00040537605857672153
18.20592498779297,-0.029526118089479046,-0.00676914369886298,0.21770985762267028,-0.000509967074037078,-0.0012978757332983142,0.012147808331170174,-0.026282566047810676,0.21691809766616194,-0.06708656911008656,-0.0026249973843083824,0.012818245239810384,-0.0004013222979909543
18.212029695510864,-0.029555417693016003,-0.006794960959765752,0.2179751361600778,-0.0005498296077363068,-0.0013257702880977475,0.01246133313813678,-0.02634215117569214,0.2171943502469551,-0.0670929541565038,-0.0026963526204687093,0.013142586632220368,-0.0004077682922451892
18.2170627117157,-0.029592005037432992,-0.006816130385972135,0.2182444670063079,-0.0006142708595894549,-0.0013543841881166327,0.01287222740185539,-0.026401735302388735,0.2174706427199841,-0.0670991958024641,-0.0027877756129471285,0.013560120796592327,-0.00041609201179446884
18.221893072128296,-0.029592005037432992,-0.006816130385972135,0.2182444670063079,-0.0006081281509935604,-0.0013408403462354663,0.012743505127836835,-0.026401735302388735,0.2174706427199841,-0.0670991958024641,-0.002759897856817657,0.013424519588626404,-0.00041193109167652416
18.239168643951416,-0.029625977578144076,-0.006833231637480124,0.21851000772699122,-0.0006211673350548099,-0.001337161994758296,0.012769857989014395,-0.026461253585324963,0.2177467454117226,-0.06710521614993319,-0.002766751157772045,0.013450096999230646,-0.0004112966711765459
18.24779987335205,-0.029625977578144076,-0.006833231637480124,0.21851000772699122,-0.0006149556617042618,-0.001323790374810713,0.012642159409124252,-0.026461253585324963,0.2177467454117226,-0.06710521614993319,-0.0027390836461943244,0.01331559602923834,-0.00040718370446478044
18.260324954986572,-0.029650361280308027,-0.006846918549079296,0.2187658024184445,-0.0006278454016986708,-0.0013205484739954685,0.012720051028115471,-0.026520749016051084,0.2180228459020055,-0.06711095928671217,-0.002759193842030758,0.013402878145390835,-0.0004076971762800369
18.272145748138428,-0.029660552012146818,-0.006857863094465129,0.2190075725368016,-0.0006300289981643804,-0.0013144971956572614,0.012797467461974642,-0.026580179586623114,0.21829869905524857,-0.0671163784804216,-0.002781878200478653,0.013502212006950249,-0.0004082046631401161
18.27823829650879,-0.029660552012146818,-0.006857863094465129,0.2190075725368016,-0.0006237287081827366,-0.0013013522237006888,0.012669492787354896,-0.026580179586623114,0.21829869905524857,-0.0671163784804216,-0.0027540594184738663,0.013367189886880746,-0.000404122616508715
18.30167531967163,-0.029693338008654403,-0.006870507166585318,0.21926887629521202,-0.0006312817155229195,-0.001293596994688778,0.012654320917470409,-0.026639532945001477,0.21857417216395347,-0.06712156771268327,-0.0027518434390945033,0.01335105557236764,-0.0004022955078216095
18.30688166618347,-0.029693338008654403,-0.006870507166585318,0.21926887629521202,-0.0006249688983676903,-0.0012806610247418902,0.012527777708295705,-0.026639532945001477,0.21857417216395347,-0.06712156771268327,-0.0027243250047035584,0.013217545016643963,-0.0003982725527433934
18.312390089035034,-0.029731155954677933,-0.006883854719906039,0.21953523066327313,-0.0006863574451970785,-0.001292358280240402,0.012886169207811396,-0.026698862069962873,0.21884972283741755,-0.06712641612863932,-0.0028047879467194043,0.013585604717063163,-0.0004030916496008801
18.34111189842224,-0.029764639728986138,-0.006897538272596565,0.21979861421691854,-0.0006909515308972181,-0.001284100229939563,0.012849039323339953,-0.026758119167319298,0.21912517569551923,-0.06713087126001442,-0.002797371461520434,0.013545652397400859,-0.00040061186496952677
18.345029592514038,-0.029764639728986138,-0.006897538272596565,0.21979861421691854,-0.0006840420155882459,-0.0012712592276401674,0.012720548930106554,-0.026758119167319298,0.21912517569551923,-0.06713087126001442,-0.0027693977469052298,0.01341019587342685,-0.00039660574631983147
18.349273443222046,-0.029787264519927324,-0.006911320165009364,0.22005291365992588,-0.0007292416597809409,-0.0012878625003410553,0.013192833454549273,-0.026817345120648907,0.21940067684102504,-0.06713490455651903,-0.0028812608778374096,0.013925271193681128,-0.000402143549341175
18.375822067260742,-0.0297947965636267,-0.006925056770074229,0.2202937129998226,-0.0007246077106280095,-0.0012791041606484892,0.013151663650834606,-0.026876510326029356,0.21967600584307104,-0.0671385015257442,-0.002874733870487649,0.013889725928745971,-0.00039947697473242683
18.38010311126709,-0.0297947965636267,-0.006925056770074229,0.2202937129998226,-0.0007173616335217295,-0.0012663131190420044,0.01302014701432626,-0.026876510326029356,0.21967600584307104,-0.0671385015257442,-0.0028459865317827723,0.01375082866945851,-0.0003954822049851026
18.3971529006958,-0.02982422308102747,-0.006942475738649818,0.22055437879385892,-0.0007268815017189113,-0.0012634469276839922,0.013042920296184958,-0.026935602820992475,0.2199510027081301,-0.06714178909326973,-0.002852185449325694,0.01377461085864275,-0.0003934555988462323
18.40604853630066,-0.02982422308102747,-0.006942475738649818,0.22055437879385892,-0.0007196126867017222,-0.0012508124584071523,0.012912491093223108,-0.026935602820992475,0.2199510027081301,-0.06714178909326973,-0.002823663594832437,0.013636864750056323,-0.00038952104285776994
18.41796588897705,-0.02985823639000047,-0.006961939544993591,0.22082036513483436,-0.0007399490686109978,-0.0012543798084901294,0.013006703113029951,-0.026994686293502355,0.2202261431428721,-0.06714466749623213,-0.0028450046412052247,0.013731369889891981,-0.0003880411364321522
18.426238775253296,-0.02985823639000047,-0.006961939544993591,0.22082036513483436,-0.0007325495779248878,-0.001241836010405228,0.012876636081899652,-0.026994686293502355,0.2202261431428721,-0.06714466749623213,-0.0028165545947931724,0.013594056190993062,-0.0003841607250678307
18.440107107162476,-0.029887667666300133,-0.006982540095208384,0.22108358483970636,-0.0007455070487376546,-0.0012437102240502856,0.012937813507687504,-0.02705371526568716,0.22050123167710714,-0.06714710646859445,-0.0028309529076938535,0.01365647296292583,-0.00038207778091974844
18.444434642791748,-0.029887667666300133,-0.006982540095208384,0.22108358483970636,-0.0007380519782502781,-0.0012312731218097827,0.01280843537261063,-0.02705371526568716,0.22050123167710714,-0.06714710646859445,-0.002802643378616915,0.013519908233296572,-0.00037825700311055094
18.46061658859253,-0.029906145757035284,-0.007003594695207748,0.2213378662303701,-0.0007412846789148541,-0.0012308231032144188,0.012837635166584777,-0.027112737721084485,0.22077641869106565,-0.06714910289791831,-0.0028110912082623266,0.013554767200438241,-0.00037570817180804873
18.472898483276367,-0.029909553163864174,-0.007024604468425787,0.22157874260269483,-0.0007356387412424956,-0.0012329151997051084,0.01290560370922146,-0.027171724960942074,0.2210514680488126,-0.06715066967481773,-0.0028310080975703237,0.013643166537284935,-0.00037322677021892753
18.47654700279236,-0.029909553163864174,-0.007024604468425787,0.22157874260269483,-0.0007282823538300706,-0.0012205860477080572,0.012776547672129244,-0.027171724960942074,0.2210514680488126,-0.06715066967481773,-0.0028026980165946204,0.013506734871912085,-0.00036949450251673823
18.496676683425903,-0.029934867986324894,-0.0070490369971170615,0.22183951843104266,-0.0007327298363246277,-0.0012199089777792619,0.012778463557086969,-0.027230668682211256,0.2213262197305202,-0.0671519586577721,-0.0028039530316784924,0.013508158353181464,-0.00036643989698718346
18.501628160476685,-0.029934867986324894,-0.0070490369971170615,0.22183951843104266,-0.0007254025379613814,-0.0012077098880014692,0.0126506789215161,-0.027230668682211256,0.2213262197305202,-0.0671519586577721,-0.0027759135013617074,0.013373076769649649,-0.0003627754980173116
18.517214059829712,-0.02996486523199841,-0.007075046917595851,0.22210563060598643,-0.0007361823424625593,-0.0012118079230366925,0.012695091116290086,-0.02728963813460207,0.22160114111377097,-0.06715288405532818,-0.0027859894960734475,0.013415737095610109,-0.0003597414832731835
18.524752140045166,-0.02996486523199841,-0.007075046917595851,0.22210563060598643,-0.0007288205190379338,-0.0011996898438063255,0.012568140205127185,-0.02728963813460207,0.22160114111377097,-0.06715288405532818,-0.002758129601112713,0.013281579724654007,-0.0003561440684404517
18.54841709136963,-0.029990426114998858,-0.007101585254730898,0.2223689709685105,-0.0007315201871089992,-0.0011983771431833248,0.0125538640524781,-0.02734859027070438,0.2218760312122549,-0.06715343614845952,-0.0027554594639263123,0.013264923092374682,-0.00035281592345303266
18.55858826637268,-0.029990426114998858,-0.007101585254730898,0.2223689709685105,-0.0007242049852379093,-0.0011863933717514916,0.01242832541195332,-0.02734859027070438,0.2218760312122549,-0.06715343614845952,-0.002727904869287049,0.013132273861450935,-0.00034928776421850233
18.569209337234497,-0.030005210786481443,-0.007127883736957783,0.22262334847970303,-0.0007291404268746788,-0.0011971110343239918,0.012543849484193667,-0.027407574101353412,0.22215103277506199,-0.06715362920119722,-0.0027561605509584045,0.013259871872339875,-0.0003459766504871417
18.587684869766235,-0.03000638631105616,-0.007328933812136004,0.22282045415208387,-0.000710919152274125,-0.001291551162892249,0.012526732083497636,-0.027466720842354922,0.22242574680869406,-0.06715553729041696,-0.0027606124968308464,0.013275963879126097,-0.0003435496494608619
18.59092688560486,-0.03000638631105616,-0.007328933812136004,0.22282045415208387,-0.0007038099607513837,-0.0012786356512633264,0.01240146476266266,-0.027466720842354922,0.22242574680869406,-0.06715553729041696,-0.002733006371862538,0.013143204240334836,-0.00034011415296625325
18.606587886810303,-0.030027870780428755,-0.007474167807536515,0.22305279406756479,-0.0007007984560008581,-0.0013571519662785338,0.012427158380203378,-0.02752588697134806,0.22270027637829246,-0.06715743128110675,-0.0027434555843325703,0.01318706722919868,-0.00033792237900188944
18.611862182617188,-0.030027870780428755,-0.007474167807536515,0.22305279406756479,-0.0006937904714408496,-0.0013435804466157483,0.012302886796401345,-0.02752588697134806,0.22270027637829246,-0.06715743128110675,-0.0027160210284892447,0.013055196556906692,-0.00033454315521187056
18.6192467212677,-0.030053812462689868,-0.007582500194715224,0.22329900007907455,-0.0007070169053817556,-0.0014746207205830588,0.012515354873619733,-0.02758516179567085,0.2229749172305092,-0.06715957313377412,-0.0027691296435542923,0.013296557943294509,-0.00033409817928566386
18.6514573097229,-0.030075466371378656,-0.007658735260902061,0.22354950859283418,-0.0007043635406612647,-0.0014829481927246858,0.012468303962571333,-0.027644530958739533,0.22324956712904512,-0.06716178756073485,-0.0027598699144747003,0.013248859324730014,-0.0003314446816608816
18.672273635864258,-0.030075466371378656,-0.007658735260902061,0.22354950859283418,-0.0006973199052546521,-0.001468118710797439,0.01234362092294562,-0.027644530958739533,0.22324956712904512,-0.06716178756073485,-0.002732271215329953,0.013116370731482713,-0.0003281302348442728
18.680893182754517,-0.030086716593397154,-0.007707855313268098,0.2237967331705492,-0.0006983640261469648,-0.0015071821390156806,0.012507791712653848,-0.027704026396744904,0.22352428298188792,-0.0671640079911526,-0.0027739723611158785,0.013303919662245499,-0.00032742497326226943
18.68544316291809,-0.030122732595835564,-0.007738560219323895,0.2240711933461733,-0.0007653504034283017,-0.0015589817363661012,0.012986643950375968,-0.027763607407300946,0.2237987710522079,-0.06716629361466478,-0.0028771804843393703,0.013774153579904856,-0.00032917409380821435
18.69281005859375,-0.030122732595835564,-0.007738560219323895,0.2240711933461733,-0.0007576968993940187,-0.0015433919190024402,0.012856777510872209,-0.027763607407300946,0.2237987710522079,-0.06716629361466478,-0.0028484086794959766,0.013636412044105806,-0.0003258823528701322
18.71004629135132,-0.030165098824514087,-0.007753810098060485,0.2243561910372679,-0.0007743301729280069,-0.0015370413044723428,0.012893599286376638,-0.027823390471001984,0.22407368891602536,-0.06716849501829235,-0.002854609122982025,0.013659547895430176,-0.00032390072468831
18.715527772903442,-0.030165098824514087,-0.007753810098060485,0.2243561910372679,-0.0007665868711987269,-0.0015216708914276194,0.012764663293512871,-0.027823390471001984,0.22407368891602536,-0.06716849501829235,-0.002826063031752205,0.013522952416475874,-0.00032066171744142693
18.728280305862427,-0.030203724384299944,-0.00775687709101164,0.22464183873209126,-0.0007898039420805499,-0.0015089239286550425,0.01286092741418231,-0.027883310705726593,0.22434877171072404,-0.06717052126340621,-0.0028447893293785894,0.013603431250472916,-0.0003190439964654219
18.747127771377563,-0.030231511580020454,-0.007750780631755685,0.22492050043414855,-0.0007976246749773169,-0.0014900967465198,0.012880055375443174,-0.027943428449574783,0.2246242656308449,-0.06717231271260818,-0.0028482384271151934,0.01361356721210908,-0.0003168040552299096
18.75350856781006,-0.030231511580020454,-0.007750780631755685,0.22492050043414855,-0.0007896484282275437,-0.001475195779054602,0.012751254821688743,-0.027943428449574783,0.2246242656308449,-0.06717231271260818,-0.0028197560428440413,0.01347743153998799,-0.0003136360146776105
18.777021408081055,-0.030243789368177544,-0.007738220887407314,0.22518654263396737,-0.0007880922068210513,-0.0014540626908648715,0.01273677538488345,-0.02800368892878762,0.2248998908010506,-0.0671738246837064,-0.002817187236117113,0.01345988048091487,-0.0003111426951336706
18.7841477394104,-0.030243789368177544,-0.007738220887407314,0.22518654263396737,-0.0007802112847528407,-0.0014395220639562229,0.012609407631034616,-0.02800368892878762,0.2248998908010506,-0.0671738246837064,-0.0027890153637559418,0.01332528167610572,-0.0003080312681823339
18.806533575057983,-0.030244852615721397,-0.007702318391621332,0.22542973591876017,-0.0007752190863045276,-0.0014076755328426291,0.012591685674064823,-0.02806383770403361,0.22517567074932568,-0.06717530501928771,-0.002787994332269061,0.013315222807793422,-0.0003056122377526523
18.81050395965576,-0.030244852615721397,-0.007702318391621332,0.22542973591876017,-0.0007674668954414823,-0.0013935987775142028,0.012465768817324174,-0.02806383770403361,0.22517567074932568,-0.06717530501928771,-0.0027601143889463705,0.013182070579715488,-0.00030255611537512573
18.815178871154785,-0.030262889926390986,-0.0076744919852928155,0.2256924673170902,-0.0008075191700101653,-0.0013166838840976537,0.012902005443482282,-0.02812420735293067,0.225451526862394,-0.06717655905506222,-0.002861648628496079,0.013640327596514682,-0.00030221303446674924
18.820785760879517,-0.030262889926390986,-0.0076744919852928155,0.2256924673170902,-0.0007994439783100637,-0.0013035170452566772,0.012772985389047458,-0.02812420735293067,0.225451526862394,-0.06717655905506222,-0.0028330321422111184,0.013503924320549535,-0.00029919090412208174
18.831857204437256,-0.030282521292711004,-0.00765248089211588,0.22595959297342713,-0.0008124596236625204,-0.0012691998182806333,0.01288613804112621,-0.028184779183290813,0.22572769675640755,-0.06717753364632734,-0.002859411787058765,0.013618328514934885,-0.0002970792698707186
18.83873963356018,-0.030282521292711004,-0.00765248089211588,0.22595959297342713,-0.0008043350274258951,-0.001256507820097827,0.012757276660714948,-0.028184779183290813,0.22572769675640755,-0.06717753364632734,-0.0028308176691881773,0.013482145229785537,-0.00029410847717201144
18.871058464050293,-0.030296168560462963,-0.0076246595423868435,0.2264770242838943,-0.000802238729866517,-0.0012335164133704965,0.012789636512303111,-0.028306438047194547,0.2262805493742088,-0.06717848498644675,-0.002840152829850645,0.013518385851646084,-0.00029146175333631246
18.887268781661987,-0.030296168560462963,-0.0076246595423868435,0.2264770242838943,-0.0007942163425678518,-0.0012211812492367916,0.01266174014718008,-0.028306438047194547,0.2262805493742088,-0.06717848498644675,-0.0028117513015521386,0.013383201993129623,-0.00028854713580294934
18.89275050163269,-0.030320335008511307,-0.0076219417039009715,0.22675313994052373,-0.0008330287430493899,-0.0012015743921573914,0.013038550354340372,-0.02836746047000893,0.22655688844552885,-0.06717857842715896,-0.0028949536354834103,0.013753480129858886,-0.00028583212319273766
18.897603511810303,-0.030320335008511307,-0.0076219417039009715,0.22675313994052373,-0.000824698455618896,-0.0011895586482358175,0.012908164850796969,-0.02836746047000893,0.22655688844552885,-0.06717857842715896,-0.002866004099128576,0.013615945328560298,-0.00028297380196081026
18.93044924736023,-0.030375140788112303,-0.0076345565632206696,0.22731637846067426,-0.000833407815144999,-0.0011808154222911458,0.012950550119552545,-0.02849005684910625,0.2271105826542064,-0.06717779530674492,-0.002874668958019946,0.013648360029394612,-0.0002799056401699173
18.938579320907593,-0.030375140788112303,-0.0076345565632206696,0.22731637846067426,-0.000825073736993549,-0.0011690072680682344,0.012821044618357019,-0.02849005684910625,0.2271105826542064,-0.06717779530674492,-0.0028459222684397464,0.013511876429100666,-0.0002771065837682181
18.954976558685303,-0.030389232099810527,-0.0076472414115221245,0.2275877203065131,-0.0008252866256119526,-0.0011635038268356936,0.012858383812459927,-0.028551587646123228,0.22738784296230852,-0.06717690260472875,-0.0028549881447086744,0.013545847307748805,-0.0002737910957368276
18.959691524505615,-0.030389232099810527,-0.0076472414115221245,0.2275877203065131,-0.0008170337593558331,-0.0011518687885673368,0.012729799974335328,-0.028551587646123228,0.22738784296230852,-0.06717690260472875,-0.0028264382632615876,0.013410388834671317,-0.0002710531847794593
18.969664096832275,-0.030387782119213207,-0.00766274096616166,0.22784495124198106,-0.0008069403956554983,-0.0011517638402605463,0.012860641753518505,-0.028613213021157647,0.22766513945112454,-0.06717570255150139,-0.0028599687445976926,0.013554344086667678,-0.0002671392991849572
18.975601196289062,-0.030387782119213207,-0.00766274096616166,0.22784495124198106,-0.0007988709916989433,-0.0011402462018579409,0.01273203533598332,-0.028613213021157647,0.22766513945112454,-0.06717570255150139,-0.0028313690571517155,0.013418800645801001,-0.00026446790619310764
18.994110822677612,-0.030407626383791353,-0.007684132290927872,0.2281210043584975,-0.0008009409614715606,-0.0011393027152583044,0.012753980547753709,-0.028674910654787673,0.22794232932987388,-0.06717435692367561,-0.0028363880942835476,0.013434367082209978,-0.00026109623902372903
18.99872350692749,-0.030407626383791353,-0.007684132290927872,0.2281210043584975,-0.0007929315518568449,-0.0011279096881057213,0.012626440742276172,-0.028674910654787673,0.22794232932987388,-0.06717435692367561,-0.002808024213340712,0.013300023411387878,-0.00025848527663349175
19.003540515899658,-0.030431395088324785,-0.007709041088379278,0.22840108865589326,-0.0008309428661727213,-0.0011648586662903718,0.013082195771075507,-0.028736749884471256,0.2282198495604027,-0.06717279056922701,-0.0029083207918461722,0.013743148802391776,-0.0002526487080043589
19.03107786178589,-0.03044989349740195,-0.007735955693198423,0.2286769447234506,-0.0008286820254193093,-0.0011621734905724664,0.013051665561364764,-0.02879867083791492,0.22849749527690935,-0.06717100781173221,-0.002901723757322739,0.01370654246928792,-0.00024947482465665743
19.044359922409058,-0.03044989349740195,-0.007735955693198423,0.2286769447234506,-0.0008203952051651163,-0.0011505517556667417,0.012921148905751117,-0.02879867083791492,0.22849749527690935,-0.06717100781173221,-0.0028727065197495117,0.013569477044595041,-0.00024698007641009087
19.04936456680298,-0.03045675679076624,-0.007763700750867924,0.22894229751937287,-0.0008221330228806489,-0.0011876750979458613,0.013322883196067592,-0.028860693964735534,0.22877538032536796,-0.06716903430272123,-0.0029679105911897233,0.013989036607096599,-0.0002405669205229253
19.054728031158447,-0.03045675679076624,-0.007763700750867924,0.22894229751937287,-0.0008139116926518424,-0.0011757983469664027,0.013189654364106915,-0.028860693964735534,0.22877538032536796,-0.06716903430272123,-0.002938231485277826,0.013849146241025633,-0.00023816125131769604
19.07306933403015,-0.030447899903962242,-0.007791387733140074,0.22919263645361354,-0.0007999518337103778,-0.0011764224519506099,0.013194470976061289,-0.02892276038024679,0.22905325247157732,-0.06716690679424472,-0.002942688868698069,0.013862155546119765,-0.00023461968387035584
19.08388924598694,-0.030447899903962242,-0.007791387733140074,0.22919263645361354,-0.000791952315373274,-0.0011646582274311037,0.013062526266300676,-0.02892276038024679,0.22905325247157732,-0.06716690679424472,-0.0029132619800110882,0.013723533990658567,-0.00023227348703165228
19.09038281440735,-0.030460410076248928,-0.007822332025806783,0.2294613797338638,-0.0007997804741549504,-0.0011962908024186003,0.013346377787092979,-0.02898483373380537,0.22933092091877352,-0.06716478821141723,-0.00297972141305433,0.014013903981471924,-0.00022668816572145008
19.09600043296814,-0.030460410076248928,-0.007822332025806783,0.2294613797338638,-0.0007917826694134009,-0.0011843278943944144,0.01321291400922205,-0.02898483373380537,0.22933092091877352,-0.06716478821141723,-0.0029499241989237868,0.013873764941657204,-0.00022442128406423558
19.114830255508423,-0.030477046574737147,-0.007854405397263542,0.22973399408243894,-0.0007914097567622714,-0.0011882236712121678,0.013225778249051622,-0.029046997034933558,0.22960884174080143,-0.06716262298741557,-0.0029534381735993377,0.013882623384255487,-0.00022102718040702777
19.121199131011963,-0.030477046574737147,-0.007854405397263542,0.22973399408243894,-0.0007834956591946487,-0.0011763414345000462,0.013093520466561105,-0.029046997034933558,0.22960884174080143,-0.06716262298741557,-0.0029239037918633443,0.013743797150412932,-0.00021881690860295748
19.140353679656982,-0.03048870422021216,-0.007886375019537293,0.2300024290136319,-0.0007804964866753648,-0.001179731566174693,0.013102945295988992,-0.02910918977964768,0.22988678491713835,-0.06716042065485892,-0.0029271336707888014,0.013751464752257402,-0.000215478969508002
19.145896673202515,-0.03048870422021216,-0.007886375019537293,0.2300024290136319,-0.0007726915218086111,-0.001167934250512946,0.012971915843029102,-0.02910918977964768,0.22988678491713835,-0.06716042065485892,-0.0028978623340809133,0.013613950104734828,-0.00021332417981292196
19.15326166152954,-0.030489073353693094,-0.007917357019479572,0.2302605663543528,-0.000762431695917141,-0.0011927889829172116,0.013193281156152308,-0.029171442469894684,0.2301648804195539,-0.0671582083499761,-0.002953408882380313,0.013855401836785661,-0.00020818712485911312
19.16048312187195,-0.030489073353693094,-0.007917357019479572,0.2302605663543528,-0.0007548073789579696,-0.0011808610930880395,0.013061348344590785,-0.029171442469894684,0.2301648804195539,-0.0671582083499761,-0.00292387479355651,0.013716847818417805,-0.00020610525361052198
19.177761793136597,-0.03047409756983536,-0.007946753511650369,0.23050400920738337,-0.0007374391067739936,-0.001182823831472344,0.013071891142015707,-0.02923369892479567,0.2304428671294743,-0.06715601414429317,-0.002930666857219496,0.013740563649948537,-0.0002027743084713812
19.18270993232727,-0.03047409756983536,-0.007946753511650369,0.23050400920738337,-0.0007300647157062537,-0.0011709955931576207,0.01294117223059555,-0.02923369892479567,0.2304428671294743,-0.06715601414429317,-0.0029013601886473013,0.013603158013449052,-0.00020074656538666738
19.216357946395874,-0.030492072641674698,-0.00800976109616045,0.23103307048316915,-0.0007267169361785625,-0.0011761187622456183,0.01296924346724371,-0.0293582130469548,0.23099842828246678,-0.06715207313020831,-0.002909351481583228,0.013632236074513526,-0.00019756785257484647
19.228320837020874,-0.030492072641674698,-0.00800976109616045,0.23103307048316915,-0.0007194497668167769,-0.0011643575746231622,0.012839551032571273,-0.0293582130469548,0.23099842828246678,-0.06715207313020831,-0.0028802579667673955,0.013495913713768392,-0.00019559217404909802
19.23656392097473,-0.030498647935505687,-0.008040494083450348,0.23129610033153492,-0.0007175212685028214,-0.0011858335811267184,0.013030749230552155,-0.029420511329801557,0.23127622564028852,-0.06715027364554998,-0.0029270318135870502,0.01369796116224451,-0.0001914532287358797
19.241423845291138,-0.030498647935505687,-0.008040494083450348,0.23129610033153492,-0.0007103460558177931,-0.0011739752453154512,0.012900441738246633,-0.029420511329801557,0.23127622564028852,-0.06715027364554998,-0.0028977614954511796,0.013560981550622063,-0.0001895386964485209
19.250252723693848,-0.03049424414320378,-0.008069701864326276,0.2315493136386971,-0.0006959761551923097,-0.001190178739058735,0.0130587176615436,-0.029482857423115225,0.23155409176993552,-0.06714860042753801,-0.0029393999774343384,0.013740095890294733,-0.00018574814462202604
19.255711317062378,-0.03049424414320378,-0.008069701864326276,0.2315493136386971,-0.0006890163936403865,-0.0011782769516681477,0.012928130484928165,-0.029482857423115225,0.23155409176993552,-0.06714860042753801,-0.002910005977659995,0.013602694931391785,-0.00018389066317580578
19.278164863586426,-0.0304747822417813,-0.008096965115139057,0.23178829289865258,-0.0006726895835995595,-0.0011759444905092066,0.012905477038048757,-0.029545202100537387,0.23183177792004392,-0.0671470639902835,-0.002908671989205531,0.013590339380629982,-0.0001813674827911859
19.285065174102783,-0.0304747822417813,-0.008096965115139057,0.23178829289865258,-0.0006659626877635639,-0.0011641850456041145,0.012776422267668269,-0.029545202100537387,0.23183177792004392,-0.0671470639902835,-0.0028795852693134756,0.013454435986823682,-0.00017955380796327402
19.29546070098877,-0.030477254484686658,-0.008126068787056514,0.23204667331323672,-0.0006597249278454759,-0.0011768671180046653,0.012897593177184512,-0.029607512396104787,0.23210911400718362,-0.0671457921755011,-0.002910728942774996,0.013586675687235799,-0.0001765348448505919
19.303752422332764,-0.030477254484686658,-0.008126068787056514,0.23204667331323672,-0.0006531276785670211,-0.0011650984468246186,0.012768617245412667,-0.029607512396104787,0.23210911400718362,-0.0671457921755011,-0.002881621653347246,0.01345080893036344,-0.000174769496402086
19.313555002212524,-0.030484398381948094,-0.008155252297385816,0.23230984867554272,-0.0006517832811191699,-0.0011798011910154583,0.01290980231915846,-0.029669888581411515,0.23238654066280814,-0.06714473364929041,-0.0029164378540670263,0.013599314760892609,-0.0001719419569240001
19.31897735595703,-0.030484398381948094,-0.008155252297385816,0.23230984867554272,-0.0006452654483079782,-0.0011680031791053036,0.012780704295966875,-0.029669888581411515,0.23238654066280814,-0.06714473364929041,-0.0028872734755263562,0.013463321613283683,-0.00017022253735476012
19.341575145721436,-0.03048707830207503,-0.008183609332480494,0.23256971185043662,-0.0006391398609585804,-0.0011671858205432996,0.01276806410228138,-0.029732287195866177,0.23266384801809373,-0.06714387646145213,-0.002886013447635439,0.013451402767970595,-0.00016814098822998892
19.346513748168945,-0.03048707830207503,-0.008183609332480494,0.23256971185043662,-0.0006327484623489946,-0.0011555139623378667,0.012640383461258566,-0.029732287195866177,0.23266384801809373,-0.06714387646145213,-0.0028571533131590845,0.013316888740290888,-0.00016645957834768903
19.362080335617065,-0.030478951643778677,-0.00821053499105288,0.23282008541648655,-0.0006200907283165052,-0.0011581035226365382,0.012675076410074123,-0.02979475095432879,0.2329411722318438,-0.0671432174685333,-0.0028687085956643774,0.013361873359348098,-0.00016437164448768933
19.369301080703735,-0.030478951643778677,-0.00821053499105288,0.23282008541648655,-0.0006138898210333401,-0.0011465224874101728,0.012548325645973381,-0.02979475095432879,0.2329411722318438,-0.0671432174685333,-0.002840021509707734,0.013228254625754617,-0.00016272792804281243
19.383024215698242,-0.03043251700451422,-0.00827271708631926,0.23300602902174902,-0.0005696844499704995,-0.0011740191706241946,0.012559116609337924,-0.02985709249693138,0.23321836531219764,-0.06714250838147727,-0.002857049356513088,0.013297961698097192,-0.00016058393952917015
19.387215614318848,-0.03043251700451422,-0.00827271708631926,0.23300602902174902,-0.0005639876054707945,-0.0011622789789179527,0.012433525443244544,-0.02985709249693138,0.23321836531219764,-0.06714250838147727,-0.002828478862947957,0.01316498208111622,-0.00015897810013387845
19.40079164505005,-0.03041696883504138,-0.008324727151697277,0.23322922261731419,-0.0005434282386805325,-0.0011848486557580781,0.012474191928912547,-0.029919507655165177,0.23349517027155642,-0.06714207584572092,-0.0028461686006506486,0.01323722466806354,-0.0001570697166154162
19.406298875808716,-0.03041696883504138,-0.008324727151697277,0.23322922261731419,-0.0005379939562937271,-0.0011730001692004974,0.012349450009623422,-0.029919507655165177,0.23349517027155642,-0.06714207584572092,-0.0028177069146441422,0.013104852421382904,-0.00015549901944926205
19.41903781890869,-0.030411181361823348,-0.008369059860602955,0.23346730179827194,-0.0005250687095365654,-0.0011924545356857459,0.012413367013266306,-0.029982096712298335,0.23377206511473245,-0.06714181870230017,-0.002838661909784319,0.013191164820287227,-0.00015374217308920457
19.424947261810303,-0.030411181361823348,-0.008369059860602955,0.23346730179827194,-0.0005198180224411997,-0.0011805299903288884,0.012289233343133643,-0.029982096712298335,0.23377206511473245,-0.06714181870230017,-0.002810275290686476,0.013059253172084355,-0.00015220475135831253
19.443628311157227,-0.03040493949515126,-0.008405997261248011,0.23371048790174154,-0.0005097081673869938,-0.0011859987228536773,0.01229681312592426,-0.030044829210428007,0.2340488218763417,-0.06714172920420519,-0.0028157533591588995,0.0130768090427737,-0.00015063479535023605
19.44934892654419,-0.03040493949515126,-0.008405997261248011,0.23371048790174154,-0.0005046110857131239,-0.0011741387356251406,0.012173844994665018,-0.030044829210428007,0.2340488218763417,-0.06714172920420519,-0.0027875958255673106,0.012946040952345963,-0.0001491284473967337
19.475609064102173,-0.03033938024601582,-0.008491058773507422,0.23419972133271275,-0.0004720602615466544,-0.0011888267871005135,0.012238954216820055,-0.030171000366469247,0.23460215564504258,-0.06714180059359276,-0.0028077665143494334,0.013027292983867067,-0.00014766434838111003
19.479984760284424,-0.03033938024601582,-0.008491058773507422,0.23419972133271275,-0.00046733965893118787,-0.0011769385192295083,0.012116564674651853,-0.030171000366469247,0.23460215564504258,-0.06714180059359276,-0.0027796888492059393,0.012897020054028397,-0.0001461877048972989
19.51161003112793,-0.030321352527183515,-0.008534700975345973,0.23446611536146592,-0.0004558655532982705,-0.0011769322678156187,0.012079849974420659,-0.030234322197904354,0.234878291116817,-0.06714205402912819,-0.002771914502733661,0.012855364669902123,-0.00014480596488072856
19.516748428344727,-0.030321352527183515,-0.008534700975345973,0.23446611536146592,-0.0004513068977652878,-0.0011651629451374626,0.011959051474676453,-0.030234322197904354,0.234878291116817,-0.06714205402912819,-0.0027441953577063243,0.012726811023203102,-0.00014335790523192126
19.522581338882446,-0.030314894061172028,-0.008569645327666933,0.23473716502080816,-0.00043135787173013165,-0.0012047133861974788,0.012305032505033994,-0.03029786962732035,0.23515451447806912,-0.06714247584218079,-0.002825699750905975,0.013073102998396478,-0.00014264748668389948
19.528757572174072,-0.030314894061172028,-0.008569645327666933,0.23473716502080816,-0.0004270442930128303,-0.001192666252335504,0.012181982179983654,-0.03029786962732035,0.23515451447806912,-0.06714247584218079,-0.0027974427533969154,0.012942371968412513,-0.00014122101181706048
19.542113542556763,-0.03030926641052874,-0.00859674088974347,0.23500450687910426,-0.00041732038244499494,-0.00119739253001525,0.012260621743454268,-0.030361571107699634,0.23543056934117323,-0.06714306465765191,-0.002817163460363875,0.01301963848178093,-0.00014024966481422
19.547727346420288,-0.03030926641052874,-0.00859674088974347,0.23500450687910426,-0.000413147178620545,-0.0011854186047150976,0.012138015526019725,-0.030361571107699634,0.23543056934117323,-0.06714306465765191,-0.0027889918257602364,0.01288944209696312,-0.00013884716816607782
19.57085657119751,-0.030296782081240935,-0.008617010241689732,0.2352618309376745,-0.0004032509191641921,-0.001179973864647348,0.012128023799280616,-0.03042545855375864,0.2357066401082453,-0.06714381642760321,-0.0027887238648636615,0.01287990782305036,-0.00013778372681230104
19.576045036315918,-0.030296782081240935,-0.008617010241689732,0.2352618309376745,-0.00039921840997255017,-0.0011681741260008746,0.01200674356128781,-0.03042545855375864,0.2357066401082453,-0.06714381642760321,-0.0027608366262150247,0.012751108744819856,-0.00013640588954417802
19.582083463668823,-0.030264332935016586,-0.00890461242976271,0.23552946217518467,-0.00028866754754946616,-0.0016154956755204744,0.012337327559423515,-0.030489794296408888,0.23598224026125186,-0.06714718768060662,-0.002839772131213154,0.01308000813794814,-0.00014062482901302042
19.586925745010376,-0.030264332935016586,-0.00890461242976271,0.23552946217518467,-0.0002857808720739715,-0.0015993407187652696,0.01221395428382928,-0.030489794296408888,0.23598224026125186,-0.06714718768060662,-0.0028113744099010226,0.012949208056568658,-0.00013921858072289022
19.605267763137817,-0.03025669015081576,-0.009100650419953674,0.23580710067856586,-0.0002671223615010326,-0.0016865087259991082,0.012244818065330027,-0.03055417699858069,0.23625786230535356,-0.06715095993963652,-0.002818361875344205,0.012969984088370247,-0.00013988301649551363
19.61031150817871,-0.03025669015081576,-0.009100650419953674,0.23580710067856586,-0.0002644511378860223,-0.001669643638739117,0.012122369884676727,-0.03055417699858069,0.23625786230535356,-0.06715095993963652,-0.002790178256590763,0.012840284247486544,-0.00013848418633055848
19.639840364456177,-0.03025443631419551,-0.00932159136253579,0.23635246455160272,-0.00025332941815133224,-0.0017242611139129112,0.012186960118885861,-0.030683317331613374,0.23680927394147958,-0.06716066798379741,-0.00280601007881443,0.012898617941958694,-0.0001403869909882266
19.644506216049194,-0.03025443631419551,-0.00932159136253579,0.23635246455160272,-0.0002507961239698189,-0.001707018502773782,0.012065090517697002,-0.030683317331613374,0.23680927394147958,-0.06716066798379741,-0.002777949978026286,0.012769631762539107,-0.00013898312107834434
19.65831685066223,-0.030243637851423626,-0.009364476018718744,0.2366076244777677,-0.0002379679097414302,-0.0017170731305703628,0.012129670838130574,-0.030748040408474186,0.2370850466302973,-0.06716627550705762,-0.0027970351435378797,0.012841616847358036,-0.00014165358355957582
19.663706302642822,-0.030243637851423626,-0.009364476018718744,0.2366076244777677,-0.00023558823064401588,-0.0016999023992646592,0.012008374129749267,-0.030748040408474186,0.2370850466302973,-0.06716627550705762,-0.002769064792102501,0.012713200678884456,-0.00014023704772398005
19.684847831726074,-0.030157389696101197,-0.009613908395586443,0.23680172144505535,-0.00017946821025684065,-0.0017936162951547635,0.011982044810380456,-0.030812905728221943,0.23736073825544898,-0.06717450904841214,-0.00277205561451994,0.012716471550745519,-0.00014272916440616218
19.689632654190063,-0.030157389696101197,-0.009613908395586443,0.23680172144505535,-0.00017767352815427223,-0.0017756801322032158,0.01186222436227665,-0.030812905728221943,0.23736073825544898,-0.06717450904841214,-0.0027443350583747405,0.012589306835238063,-0.00014130187276210055
19.701273441314697,-0.0301177825799639,-0.009762066791635044,0.23702812609055,-0.00012835982286587161,-0.0018771365227078843,0.011940143260585928,-0.030877691258731122,0.2376359833002701,-0.06718321107303285,-0.0027725456165993436,0.012699862592789098,-0.00014736431469494697
19.711467504501343,-0.0301177825799639,-0.009762066791635044,0.23702812609055,-0.00012707622463721288,-0.0018583651574808054,0.011820741827980069,-0.030877691258731122,0.2376359833002701,-0.06718321107303285,-0.00274482016043335,0.012572863966861208,-0.0001458906715479975
19.72960615158081,-0.030097576612753967,-0.009842068619840815,0.23726602013295053,-0.00011036266405277999,-0.0018802389382722052,0.011834384648535557,-0.03094259066270471,0.237911422849891,-0.0671926925832476,-0.0027531515865428444,0.012598987639227862,-0.00014965900707016144
19.734801530838013,-0.030097576612753967,-0.009842068619840815,0.23726602013295053,-0.00010925903741225219,-0.001861436548889483,0.011716040802050201,-0.03094259066270471,0.237911422849891,-0.0671926925832476,-0.002725620070677416,0.012472997762835584,-0.00014816241699945983
19.74252724647522,-0.030084453573042114,-0.009866784152674314,0.2375063598198426,-8.945696828588155e-05,-0.0018679644143224103,0.01191047367367334,-0.031007515051087228,0.23818668176779303,-0.06720265778340337,-0.00278240060058734,0.012704557002708823,-0.00015957953337820515
19.74821710586548,-0.030084453573042114,-0.009866784152674314,0.2375063598198426,-8.856239860302274e-05,-0.0018492847701791861,0.011791368936936606,-0.031007515051087228,0.23818668176779303,-0.06720265778340337,-0.0027545765945814664,0.012577511432681734,-0.0001579837380444231
19.764137744903564,-0.03006925991069984,-0.009848286801881219,0.2377420095889474,-8.049820294649083e-05,-0.0018159976453018067,0.01182130294137422,-0.031072524936756583,0.23846201874829348,-0.06721293803793014,-0.002767864544866411,0.012624679740941017,-0.00016286108777951064
19.769773244857788,-0.03006925991069984,-0.009848286801881219,0.2377420095889474,-7.969322091702592e-05,-0.0017978376688487887,0.011703089911960477,-0.031072524936756583,0.23846201874829348,-0.06721293803793014,-0.002740185899417747,0.012498432943531606,-0.00016123247690171552
19.781916618347168,-0.030012296770270605,-0.010067041715191126,0.237975159948907,-1.2295854428010904e-05,-0.001949933000975191,0.011780965571809599,-0.03113777551539686,0.23873700309338966,-0.0672246854234478,-0.002766517526178037,0.012599896680884872,-0.00016929405825765267
19.7871150970459,-0.030012296770270605,-0.010067041715191126,0.237975159948907,-1.2172895883730795e-05,-0.0019304336709654389,0.011663155916091503,-0.03113777551539686,0.23873700309338966,-0.0672246854234478,-0.0027388523509162565,0.012473897714076023,-0.00016760111767507614
19.80498743057251,-0.02999284986130429,-0.010177641161339426,0.23822821803178454,5.1746195486943414e-06,-0.0019690732072088525,0.011689083387414393,-0.031202934104653995,0.23901176279779573,-0.067236620163074,-0.0027479216235645554,0.01250289339279146,-0.00017260288005734514
19.80868434906006,-0.02999284986130429,-0.010177641161339426,0.23822821803178454,5.122873353207398e-06,-0.001949382475136764,0.011572192553540249,-0.031202934104653995,0.23901176279779573,-0.067236620163074,-0.0027204424073289098,0.012377864458863545,-0.00017087685125677168
19.837278604507446,-0.02998662569346848,-0.010203490721422468,0.23874334486089246,7.172453431122515e-06,-0.0019359679881088834,0.01163673805805302,-0.031333395183900464,0.23956132819203269,-0.06726107939285496,-0.002738862909383357,0.012446280150388374,-0.0001777219791119435
19.843437910079956,-0.02998662569346848,-0.010203490721422468,0.23874334486089246,7.10072889681129e-06,-0.0019166083082277946,0.01152037067747249,-0.031333395183900464,0.23956132819203269,-0.06726107939285496,-0.0027114742802895235,0.01232181734888449,-0.00017594475932082405
19.85664200782776,-0.029979903615243282,-0.010147065952579713,0.23899070108999534,5.823907402417957e-06,-0.0018517964862683877,0.011591833603646847,-0.03139869015679362,0.2398360849106272,-0.06727319868960781,-0.0027338100748427467,0.012406683607851642,-0.0001833637478345934
19.86157512664795,-0.029979903615243282,-0.010147065952579713,0.23899070108999534,5.765668328393777e-06,-0.0018332785214057038,0.011475915267610378,-0.03139869015679362,0.2398360849106272,-0.06727319868960781,-0.0027064719740943193,0.012282616771773126,-0.00018153011035624747
19.877077102661133,-0.029888617880483862,-0.010176916132880373,0.23923540549462174,6.533810483541507e-05,-0.001824719013024443,0.01151950587966337,-0.03146410360104312,0.24011080361100934,-0.06728467795529805,-0.002721604096997093,0.012337005883029195,-0.00018711984308868106
19.882492542266846,-0.029888617880483862,-0.010176916132880373,0.23923540549462174,6.468472378706092e-05,-0.0018064718228941986,0.011404310820866735,-0.03146410360104312,0.24011080361100934,-0.06728467795529805,-0.002694388056027122,0.012213635824198902,-0.00018524864465779424
19.89915108680725,-0.029850679556825473,-0.010153509144123773,0.23949590970402004,8.394516667458758e-05,-0.0017695173984585472,0.011446494192210131,-0.03152947701017098,0.24038543978579718,-0.06729571452301092,-0.0027066873452223483,0.01225636151265116,-0.00019002132746660926
19.905174016952515,-0.029850679556825473,-0.010153509144123773,0.23949590970402004,8.310571500784171e-05,-0.0017518222244739617,0.01133202925028803,-0.03152947701017098,0.24038543978579718,-0.06729571452301092,-0.002679620471770125,0.012133797897524648,-0.00018812111419194317
19.925085067749023,-0.0298351090831107,-0.010096901864026049,0.23975921751612378,8.580818983430256e-05,-0.0017033062947842076,0.011350525664384808,-0.03159493931973414,0.24066031251201714,-0.06730617954188185,-0.0026857016426526273,0.012150510255032974,-0.00019149578782370365
19.930922508239746,-0.0298351090831107,-0.010096901864026049,0.23975921751612378,8.495010793595953e-05,-0.0016862732318363655,0.01123702040774096,-0.03159493931973414,0.24066031251201714,-0.06730617954188185,-0.002658844626226101,0.012029005152482643,-0.0001895808299454666
19.96074867248535,-0.029819638357489343,-0.009921861212045467,0.24026508832381763,8.118580932344935e-05,-0.0016082249228263111,0.011293353954820288,-0.031726049338182946,0.2412103263188354,-0.06732516906455414,-0.0026762142355049997,0.012093121584570373,-0.00019405175473174194
19.967720985412598,-0.029819638357489343,-0.009921861212045467,0.24026508832381763,8.037395123021486e-05,-0.001592142673598048,0.011180420415272084,-0.031726049338182946,0.2412103263188354,-0.06732516906455414,-0.0026494520931499496,0.01197219036872467,-0.00019211123718442452
19.976083517074585,-0.02984176424070426,-0.00982325666300801,0.24053378746330828,3.730716573524669e-05,-0.001457982452162678,0.011387981595677377,-0.03179164308134246,0.24148518804276697,-0.06733373803711315,-0.0027013952341739538,0.012181150896436732,-0.00020043698892665843
19.98065209388733,-0.02984176424070426,-0.00982325666300801,0.24053378746330828,3.693409407789422e-05,-0.0014434026276410512,0.011274101779720604,-0.03179164308134246,0.24148518804276697,-0.06733373803711315,-0.0026743812818322142,0.012059339387472365,-0.00019843261903739184
20.003317832946777,-0.02987357936415036,-0.009725115302705435,0.2408083162348875,1.674693392782507e-05,-0.0013860218880527198,0.011281749817189412,-0.03185740641546634,0.24176047483984953,-0.06734168162496497,-0.002676651892038613,0.012060201021541149,-0.0001999529603237697
20.00877857208252,-0.02987357936415036,-0.009725115302705435,0.2408083162348875,1.657946458854682e-05,-0.0013721616691721925,0.011168932319017518,-0.03185740641546634,0.24176047483984953,-0.06734168162496497,-0.002649885373118227,0.011939599011325738,-0.000197953430720532
20.0242760181427,-0.02990313243552056,-0.009631042952162255,0.2410799361992229,-1.079945873821831e-05,-0.0012980813652235786,0.011231486603811477,-0.03192326603572436,0.24203588428265116,-0.06734897967988578,-0.0026658835992299235,0.011997915814489607,-0.00020068309487897485
20.029393672943115,-0.02990313243552056,-0.009631042952162255,0.2410799361992229,-1.0691464150836126e-05,-0.0012851005515713428,0.011119171737773362,-0.03192326603572436,0.24203588428265116,-0.06734897967988578,-0.002639224763237624,0.011877936656344712,-0.00019867626393018511
20.035022735595703,-0.02992198723079784,-0.009543742525546024,0.24134197464340668,-6.513941906907615e-05,-0.0011159556388841306,0.011470926252191383,-0.031989273843480395,0.24231165052859058,-0.0673556385323942,-0.0027300950366143,0.012249054565684986,-0.00020851891751767968
20.059776067733765,-0.029924547142308383,-0.009465103541573627,0.2415895931287686,-6.992046110733631e-05,-0.001072012708781215,0.011455746271492545,-0.03205534536844772,0.242587474200528,-0.0673616680887652,-0.0027294860583021874,0.012237992926002904,-0.00020886958479099217
20.06486439704895,-0.029924547142308383,-0.009465103541573627,0.2415895931287686,-6.922125649626294e-05,-0.0010612925816934028,0.01134118880877762,-0.03205534536844772,0.242587474200528,-0.0673616680887652,-0.0027021911977191657,0.012115612996742875,-0.00020678088894308225
20.085426807403564,-0.02980949882637041,-0.009574961312643617,0.24183031006079433,-7.394774693813877e-06,-0.001095153575711695,0.011345836523506004,-0.032121746203040855,0.24286343986092376,-0.0673681713014176,-0.0027074616257196323,0.012128665675780092,-0.00020787575045087033
20.090949296951294,-0.02980949882637041,-0.009574961312643617,0.24183031006079433,-7.3208269468757385e-06,-0.001084202039954578,0.011232378158270944,-0.032121746203040855,0.24286343986092376,-0.0673681713014176,-0.002680387009462436,0.012007379019022291,-0.00020579699294636164
20.11399483680725,-0.02971551207717446,-0.009681182722420367,0.24233807773768568,3.7367643342185185e-05,-0.001110905151339176,0.01134119773854011,-0.032254320880471775,0.24341526812095593,-0.0673802151456078,-0.0027111103998527296,0.012126756447367756,-0.00020896512935481487
20.119117259979248,-0.02971551207717446,-0.009681182722420367,0.24233807773768568,3.699396690876333e-05,-0.0010997960998257842,0.01122778576115471,-0.032254320880471775,0.24341526812095593,-0.0673802151456078,-0.002683999295854202,0.012005488882894079,-0.0002068754780612667
20.136990547180176,-0.029689975218537043,-0.009700546856176903,0.24258589262411578,5.1243928890477344e-05,-0.001095805858671496,0.011254352517140112,-0.03232062590470518,0.2436912761797866,-0.06738596196743929,-0.0026942565774417553,0.01203985889404455,-0.0002080220365953723
20.152344942092896,-0.029689975218537043,-0.009700546856176903,0.24258589262411578,5.073148960157257e-05,-0.0010848478000847809,0.011141808991968712,-0.03232062590470518,0.2436912761797866,-0.06738596196743929,-0.0026673140116673377,0.011919460305104105,-0.00020594181622941857
20.158117055892944,-0.029664290294023125,-0.009703150721023571,0.24282202592401192,9.236648085277275e-05,-0.0010672103641232926,0.011439647812667162,-0.03238696370444719,0.24396740152062074,-0.06739153412725624,-0.002755568958625895,0.01227864390178956,-0.00021353598427483145
20.176021099090576,-0.029664290294023125,-0.009703150721023571,0.24282202592401192,9.144281604424502e-05,-0.0010565382604820596,0.01132525133454049,-0.03238696370444719,0.24396740152062074,-0.06739153412725624,-0.002728013269039636,0.012155857462771664,-0.00021140062443208312
20.184589624404907,-0.029638147990333097,-0.009717106188877224,0.24303036415269968,0.00012124041587711998,-0.0010549174455183156,0.011455460625257836,-0.03245331402511172,0.24424325313124268,-0.06739635739548888,-0.002778168072035964,0.012356234811190785,-0.00021491567109442573
20.18984603881836,-0.029638147990333097,-0.009717106188877224,0.24303036415269968,0.00012002801171834878,-0.0010443682710631324,0.011340906019005257,-0.03245331402511172,0.24424325313124268,-0.06739635739548888,-0.0027503863913156045,0.012232672463078877,-0.00021276651438348148
20.22292733192444,-0.029641373186627136,-0.009710036113690495,0.2434997058468792,0.00011674826207226118,-0.0010298904210601404,0.011369313383211418,-0.03258625050422581,0.24479498317639709,-0.06740548925091523,-0.0027630673166390155,0.01227712581061311,-0.00021339927804062126
20.233423709869385,-0.029641373186627136,-0.009710036113690495,0.2434997058468792,0.00011558077945153857,-0.0010195915168495391,0.011255620249379305,-0.03258625050422581,0.24479498317639709,-0.06740548925091523,-0.0027354366434726254,0.012154354552506979,-0.00021126528526021503
20.238776445388794,-0.029642948682850737,-0.009695750686868699,0.24373667025953674,0.00010560927010550776,-0.0009769770140948845,0.01158527554532831,-0.03265287034214048,0.2450708679852856,-0.06740980745257201,-0.0028325417009588206,0.01254822001213105,-0.0002172199124761308
20.24748158454895,-0.029642948682850737,-0.009695750686868699,0.24373667025953674,0.00010455317740445267,-0.0009672072439539357,0.011469422789875026,-0.03265287034214048,0.2450708679852856,-0.06740980745257201,-0.002804216283949232,0.01242273781200974,-0.0002150477133513695
20.261064052581787,-0.029634049885400082,-0.00967734056067611,0.24396621563694387,0.00010733345540491634,-0.0009408960777959657,0.011523521015192741,-0.032719556063947726,0.24534663930355619,-0.06741402323944565,-0.002825271031660918,0.012501545197235953,-0.00021600108072052313
20.26642417907715,-0.029634049885400082,-0.00967734056067611,0.24396621563694387,0.00010626012085086718,-0.000931487117018006,0.011408285805040814,-0.032719556063947726,0.24534663930355619,-0.06741402323944565,-0.002797018321344309,0.012376529745263593,-0.0002138410699133179
20.288570404052734,-0.0296270667367514,-0.009921921217863505,0.24419608670148335,0.00012109353263020336,-0.0010296300383286331,0.011399666521583198,-0.03278667691555304,0.24562192443342729,-0.06741910918659096,-0.0027993561710707034,0.012377067858516201,-0.00021399918927784807
20.293360948562622,-0.0296270667367514,-0.009921921217863505,0.24419608670148335,0.00011988259730390133,-0.0010193337379453468,0.011285669856367366,-0.03278667691555304,0.24562192443342729,-0.06741910918659096,-0.0027713626093599964,0.012253297179931039,-0.00021185919738506958
20.299006700515747,-0.029632185063963416,-0.01008150902904889,0.24444306501837798,0.00014134782292323701,-0.0012837961264057132,0.011614447873617999,-0.03285379290423455,0.24589700154728014,-0.06742441570820891,-0.002862527724732113,0.012617992687414451,-0.00021913974597214368
20.32481074333191,-0.02963709438903502,-0.010187061450481498,0.24469410530882418,0.00014241786183504234,-0.0013102884195574827,0.011596187320873705,-0.03292101384029118,0.2461719502405335,-0.06743011264444292,-0.002859952991787304,0.01259836532488544,-0.00021915611737817464
20.329320669174194,-0.02963709438903502,-0.010187061450481498,0.24469410530882418,0.00014099368321669192,-0.0012971855353619078,0.011480225447664968,-0.03292101384029118,0.2461719502405335,-0.06743011264444292,-0.002831353461869431,0.012472381671636586,-0.0002169645562043929
20.362435579299927,-0.029617882227116494,-0.010271051347877494,0.24517876086793944,0.00014749541040683377,-0.0013065169522681098,0.011512161898146207,-0.03305566960072883,0.24672132835639204,-0.06744253125585685,-0.002843703108858774,0.012513558385458465,-0.0002185450677065783
20.36765456199646,-0.029617882227116494,-0.010271051347877494,0.24517876086793944,0.00014602045630276544,-0.0012934517827454287,0.011397040279164744,-0.03305566960072883,0.24672132835639204,-0.06744253125585685,-0.002815266077770186,0.01238842280160388,-0.0002163596170295125
20.387048721313477,-0.02967521430231614,-0.010343396819594678,0.24540172914436179,0.00011911623155159642,-0.0013194030213900605,0.011398467723265743,-0.03312294609913697,0.24699534071343604,-0.06744865619981165,-0.0028218024681178457,0.012405824593035755,-0.00021735415927330443
20.396547317504883,-0.02967521430231614,-0.010343396819594678,0.24540172914436179,0.00011792506923608046,-0.00130620899117616,0.011284483046033085,-0.03312294609913697,0.24699534071343604,-0.06744865619981165,-0.002793584443436667,0.012281766347105398,-0.0002151806176805714
20.404322624206543,-0.029715828850340784,-0.010371815993245973,0.2456445196963946,6.750975252553068e-05,-0.0013312277075202773,0.011484194900417124,-0.03319041858457925,0.2472694514085456,-0.06745515585060531,-0.002852426507618916,0.012511488725625252,-0.000221388161228548
20.42177438735962,-0.029739886191925607,-0.010370704256845545,0.24589248532695088,5.220481949665355e-05,-0.0013169299050809758,0.011511351764652254,-0.03325797171100823,0.24754331307176228,-0.0674618900066013,-0.002862610724795461,0.012543298763841883,-0.0002230330049134834
20.425973892211914,-0.029739886191925607,-0.010370704256845545,0.24589248532695088,5.168277130168701e-05,-0.001303760606030166,0.011396238247005731,-0.03325797171100823,0.24754331307176228,-0.0674618900066013,-0.002833984617547506,0.012417865776203465,-0.00022080267486434855
20.440709590911865,-0.029743516567067738,-0.010347272500621403,0.24613755755289474,4.572274044340001e-05,-0.0012728953912976492,0.011448308679489462,-0.03332566113682919,0.24781723455931856,-0.06746889129807396,-0.002851580445817647,0.012479576836420796,-0.00022334589311278228
20.445912837982178,-0.029743516567067738,-0.010347272500621403,0.24613755755289474,4.526551303896601e-05,-0.0012601664373846728,0.011333825592694568,-0.03332566113682919,0.24781723455931856,-0.06746889129807396,-0.0028230646413594704,0.012354781068056589,-0.00022111243418165445
20.458292245864868,-0.029724681650786157,-0.010307928082323142,0.24637359362779915,5.477091978097179e-05,-0.0012115034212948205,0.011410700393890983,-0.03339338061233061,0.2480909155361865,-0.0674761349011364,-0.002849537318516065,0.012452310856128239,-0.00022475264225498977
20.464614868164062,-0.029724681650786157,-0.010307928082323142,0.24637359362779915,5.422321058316207e-05,-0.0011993883870818722,0.011296593389952073,-0.03339338061233061,0.2480909155361865,-0.0674761349011364,-0.0028210419453309045,0.012327787747566956,-0.00022250511583243987
20.480836153030396,-0.02961168064555904,-0.010233727303423314,0.24659861212837303,0.00011615522695365945,-0.0011315864378641726,0.011321899741690284,-0.033461041049166945,0.2483646124627135,-0.06748385060061717,-0.0028345424244863504,0.012373236902988067,-0.00022503659262140783
20.50681710243225,-0.02954443156747175,-0.010166907568668735,0.2468428204372012,0.00013686947732329669,-0.0010902941089431552,0.011302371396757282,-0.03352854483027244,0.24863783671500952,-0.06749184558640094,-0.0028321790304057406,0.012354667839605716,-0.00022586347597508357
20.512943267822266,-0.02954443156747175,-0.010166907568668735,0.2468428204372012,0.00013550078255006372,-0.0010793911678537236,0.011189347682789709,-0.03352854483027244,0.24863783671500952,-0.06749184558640094,-0.002803857240101683,0.01223112116120966,-0.00022360484121533274
20.524268627166748,-0.029494455937296365,-0.010105933131437383,0.24709195966676895,0.00016983809998530715,-0.0010067500349733578,0.011296758207232057,-0.03359609299270539,0.24891119817074142,-0.06750021120522827,-0.0028354619517487424,0.012350181059702847,-0.00022875541831578048
20.532822608947754,-0.029494455937296365,-0.010105933131437383,0.24709195966676895,0.00016813971898545408,-0.0009966825346236243,0.011183790625159735,-0.03359609299270539,0.24891119817074142,-0.06750021120522827,-0.0028071073322312548,0.012226679249105818,-0.00022646786413262266
20.56282877922058,-0.029403229653336388,-0.01000486841074521,0.24757474587043812,0.00019140976707323354,-0.0009473493763050872,0.01123243045412557,-0.03373113211158324,0.24945738193518818,-0.06751793000965896,-0.0028240400423474895,0.012286436273543297,-0.00023010823910846342
20.56990337371826,-0.029403229653336388,-0.01000486841074521,0.24757474587043812,0.0001894956694025012,-0.0009378758825420363,0.011120106149584315,-0.03373113211158324,0.24945738193518818,-0.06751793000965896,-0.0027957996419240147,0.012163571910807865,-0.00022780715671737878
20.595449686050415,-0.029387022375509865,-0.00996988178890494,0.2478341439749083,0.00019156618734908126,-0.0009127184221184199,0.01111024712739784,-0.033798570334646026,0.24972999479797034,-0.06752733541837883,-0.002794240063478357,0.012148649387419639,-0.0002292107941176592
20.605738162994385,-0.029387022375509865,-0.00996988178890494,0.2478341439749083,0.00018965052547559045,-0.0009035912378972357,0.010999144656123862,-0.033798570334646026,0.24972999479797034,-0.06752733541837883,-0.0027662976628435735,0.012027162893545442,-0.0002269186861764826
20.616495609283447,-0.029381731532322774,-0.009944919994211668,0.24810053272475535,0.00018823486083947605,-0.0008674668724381325,0.01113641530068895,-0.03386613275239367,0.25000284564503905,-0.06753713507026057,-0.002801439943087613,0.012160530315865238,-0.00023375914450226705
20.62193727493286,-0.029381731532322774,-0.009944919994211668,0.24810053272475535,0.0001863525122310813,-0.0008587922037137512,0.01102505114768206,-0.03386613275239367,0.25000284564503905,-0.06753713507026057,-0.0027734255436567368,0.012038925012706585,-0.0002314215530572444
20.627374410629272,-0.029376195809322193,-0.009928696062217156,0.24836494415824084,0.00018789026932035128,-0.0008125102328941002,0.011400619118581682,-0.03393373974208894,0.25027558516695114,-0.06754729145870371,-0.0028700343126914917,0.012420159295889745,-0.000247787004561357
20.635105848312378,-0.029376195809322193,-0.009928696062217156,0.24836494415824084,0.00018601136662714775,-0.0008043851305651592,0.011286612927395865,-0.03393373974208894,0.25027558516695114,-0.06754729145870371,-0.0028413339695645768,0.012295957702930847,-0.0002453091345157434
20.653389930725098,-0.029362517539096227,-0.009919985058417173,0.2486205174158439,0.00019010725153192172,-0.0007887169508478842,0.011313459887146264,-0.03400146030962025,0.25054850655582706,-0.06755777319363802,-0.0028499586206210377,0.012322265331504401,-0.00024858875356737495
20.675988912582397,-0.029335428880737306,-0.009917633814301004,0.24886226063372663,0.00019928327958788623,-0.0007767989325581627,0.011307308059029554,-0.03406920048537046,0.2508213039281831,-0.06756852469139804,-0.0028514339138930055,0.012319754918271053,-0.0002508603802542033
20.680464506149292,-0.029335428880737306,-0.009917633814301004,0.24886226063372663,0.00019729044679200737,-0.0007690309432325811,0.01119423497843926,-0.03406920048537046,0.2508213039281831,-0.06756852469139804,-0.0028229195747540756,0.012196557369088343,-0.0002483517764516612
20.687589645385742,-0.029267090472352545,-0.009781052916760773,0.24902560657543782,0.0002651133885643304,-0.0005565247651251742,0.011308991086522452,-0.03413690178277448,0.25109417064474615,-0.06757827110251957,-0.0028897078869559666,0.012457555141807816,-0.00025954716487843805
20.70476269721985,-0.02923118236052876,-0.00969990815253792,0.24922700953233076,0.0002765930419162305,-0.0004999514618181703,0.011312530675959956,-0.03420458665990122,0.25136644374191974,-0.06758815802488072,-0.002900224231967369,0.012491526306374632,-0.00026270892406821117
20.713979244232178,-0.02923118236052876,-0.00969990815253792,0.24922700953233076,0.00027382711149706823,-0.0004949519471999886,0.011199405369200357,-0.03420458665990122,0.25136644374191974,-0.06758815802488072,-0.0028712219896476956,0.012366611043310886,-0.00026008183482752905
20.73037338256836,-0.029205431633907722,-0.00965479810658419,0.24944346649897553,0.0002824272637209578,-0.00045896008650915044,0.011219069366621051,-0.034272456590792075,0.251638836455437,-0.06759799909299956,-0.0028839086706870898,0.012409097436859086,-0.00026348381328201184
20.73588228225708,-0.029205431633907722,-0.00965479810658419,0.24944346649897553,0.0002796029910837482,-0.00045437048564405893,0.01110687867295484,-0.034272456590792075,0.251638836455437,-0.06759799909299956,-0.002855069583980219,0.012285006462490495,-0.0002608489751491917
20.760108709335327,-0.02917948510917634,-0.00963919476180276,0.24966556354175995,0.0002860560406690337,-0.000440829448256205,0.011087413348621825,-0.034340404040010215,0.251910895562877,-0.06760786544867704,-0.00285456571857013,0.01227445488354872,-0.00026231304452728916
20.765512943267822,-0.02917948510917634,-0.00963919476180276,0.24966556354175995,0.0002831954802623434,-0.00043642115377364295,0.010976539215135606,-0.034340404040010215,0.251910895562877,-0.06760786544867704,-0.0028260200613844286,0.012151710334713232,-0.00025968991408201626
20.770114421844482,-0.02914601379658814,-0.009647030694964323,0.2498857633346958,0.000351589235082267,-0.0004331177046522667,0.011345754859101243,-0.03440848772474033,0.25218290550038386,-0.06761778795829872,-0.00294572031216865,0.012621329173814184,-0.00027865675680452493
20.77515435218811,-0.02914601379658814,-0.009647030694964323,0.2498857633346958,0.0003480733427314443,-0.00042878652760574404,0.01123229731051023,-0.03440848772474033,0.25218290550038386,-0.06761778795829872,-0.0029162631090469634,0.012495115882076042,-0.0002758701892364797
20.791258573532104,-0.029139586089940783,-0.009677253860592606,0.25013453409939834,0.0003499458257200439,-0.00044039481587496577,0.01127471954784697,-0.03447657205360968,0.25245439786145246,-0.06762789901253942,-0.0029293777960677126,0.012538749316865487,-0.00027938999906146225
20.79559636116028,-0.029139586089940783,-0.009677253860592606,0.25013453409939834,0.00034644636746284345,-0.00043599086771621613,0.0111619723523685,-0.03447657205360968,0.25245439786145246,-0.06762789901253942,-0.0029000840181070352,0.012413361823696832,-0.0002765960990708476
20.818959712982178,-0.029141249343532488,-0.009723238100418051,0.25039515048954203,0.00034405303162294665,-0.00044962251908775433,0.011162175001706683,-0.03454487567764474,0.25272610106109833,-0.06763822971564792,-0.0029003185481569754,0.012405522820084119,-0.00027825189365153854
20.824087381362915,-0.029141249343532488,-0.009723238100418051,0.25039515048954203,0.0003406125013067172,-0.0004451262938968768,0.011050553251689616,-0.03454487567764474,0.25272610106109833,-0.06763822971564792,-0.0028713153626754055,0.012281467591883278,-0.00027546937471502314
20.83211088180542,-0.029140601545158462,-0.00977982427943378,0.2506576695275966,0.00034480576438263705,-0.000505745380549202,0.011268237762539627,-0.034613301530270375,0.25299765405563424,-0.06764878874519682,-0.0029278840048383597,0.012497099952244696,-0.0002858748092990952
20.83781933784485,-0.029140601545158462,-0.00977982427943378,0.2506576695275966,0.0003413577067388107,-0.00050068792674371,0.011155555384914232,-0.034613301530270375,0.25299765405563424,-0.06764878874519682,-0.002898605164789976,0.012372128952722248,-0.0002830160612061043
20.855418920516968,-0.02913036681690342,-0.00984273950300593,0.2509143779767238,0.000347266866835116,-0.0005282710526890353,0.011190391395268963,-0.03468190775043272,0.2532693670453598,-0.06765959350550492,-0.0029086008443799595,0.012402793704493608,-0.0002863251145227997
20.859750986099243,-0.02913036681690342,-0.00984273950300593,0.2509143779767238,0.0003437941981667648,-0.0005229883421621449,0.011078487481316273,-0.03468190775043272,0.2532693670453598,-0.06765959350550492,-0.00287951483593616,0.012278765767448671,-0.0002834618633775717
20.889810800552368,-0.029081583922989394,-0.010045181591626472,0.25114971517198215,0.00036433733325844835,-0.0005812626130926177,0.011047043306278766,-0.03475091151861395,0.25354085122791464,-0.0676710702951829,-0.002873675174640378,0.01224629276656563,-0.0002844452289485497
20.89369249343872,-0.029081583922989394,-0.010045181591626472,0.25114971517198215,0.0003606939599258639,-0.0005754499869616915,0.010936572873215977,-0.03475091151861395,0.25354085122791464,-0.0676710702951829,-0.002844938422893974,0.012123829838899973,-0.0002816007766590642
20.92566227912903,-0.02906371803537578,-0.010206852179070951,0.2514089727921643,0.00036842709446442787,-0.000617890814807535,0.010909062870579954,-0.034819930496245384,0.25381218264972333,-0.06768291839594295,-0.002838077853272683,0.012087462744977929,-0.0002824907996037273
20.934709310531616,-0.02906371803537578,-0.010206852179070951,0.2514089727921643,0.0003647428235197836,-0.0006117119066594597,0.010799972241874154,-0.034819930496245384,0.25381218264972333,-0.06768291839594295,-0.0028096970747399563,0.011966588117528149,-0.00027966589160769004
20.94050431251526,-0.029055995176325903,-0.010339813045320069,0.2516753668151842,0.0004000663871875661,-0.0008244772034703529,0.011155062497892911,-0.03488914047552224,0.25408370726221907,-0.06769521574628296,-0.002901030570922874,0.012315471881826967,-0.00029808984723965454
20.94535517692566,-0.029055995176325903,-0.010339813045320069,0.2516753668151842,0.00039606572331569046,-0.0008162324314356493,0.011043511872913981,-0.03488914047552224,0.25408370726221907,-0.06769521574628296,-0.002872020265213645,0.012192317163008698,-0.000295108948767258
20.9506413936615,-0.029048180160394885,-0.010446007391946538,0.25193994469548747,0.0004286848859513485,-0.0009979489616243537,0.011436551054229485,-0.034958491787984124,0.25435529839555965,-0.06770791689626976,-0.002974492777365827,0.012584166216227481,-0.00031618477800331553
20.954633474349976,-0.029048180160394885,-0.010446007391946538,0.25193994469548747,0.000424398037091835,-0.0009879694720081101,0.011322185543687191,-0.034958491787984124,0.25435529839555965,-0.06770791689626976,-0.002944747849592169,0.012458324554065207,-0.0003130229302232824
20.977473258972168,-0.029005335325529888,-0.010588803623695867,0.25243798800548634,0.00044514667746204056,-0.0010345359286273031,0.011427994077997654,-0.03509753691381613,0.25489878736482763,-0.06773438994970347,-0.0029761788461484615,0.012571698442647395,-0.00032148346408787567
20.986352920532227,-0.029005335325529888,-0.010588803623695867,0.25243798800548634,0.00044069521068742016,-0.0010241905693410302,0.011313714137217677,-0.03509753691381613,0.25489878736482763,-0.06773438994970347,-0.002946417057686977,0.012445981458220921,-0.00031826862944699694
20.99019980430603,-0.029001807246787026,-0.010635872288872236,0.2526991676886826,0.00045631486676004496,-0.0011243473061458534,0.011881264280793228,-0.035167067889952434,0.25517030735908186,-0.06774817926734554,-0.0030976991228289764,0.013027339677714016,-0.00035093136623488597
21.0122332572937,-0.029004615803020956,-0.010670427730070002,0.2529646423086324,0.00045167660430517093,-0.0011270946838443541,0.011883147620872116,-0.03523672607519373,0.2554420850054407,-0.0677623245967229,-0.0030983368700079044,0.013020414013364881,-0.00035384198565578147
21.016629219055176,-0.029004615803020956,-0.010670427730070002,0.2529646423086324,0.0004471598382621192,-0.0011158237370059107,0.011764316144663394,-0.03523672607519373,0.2554420850054407,-0.0677623245967229,-0.003067353501307825,0.012890209873231232,-0.00035030356579922366
21.0332088470459,-0.029004186949214493,-0.01069434199981122,0.25322618492373017,0.0004437284536787186,-0.001116696816446342,0.011804612917949977,-0.03530644701397635,0.25571389543959644,-0.06777677880361924,-0.003078732139492865,0.01292525019486435,-0.00035551858274435286
21.037096977233887,-0.029004186949214493,-0.01069434199981122,0.25322618492373017,0.00043929116914193144,-0.0011055298482818786,0.011686566788770477,-0.03530644701397635,0.25571389543959644,-0.06777677880361924,-0.0030479448180979365,0.012795997692915706,-0.00035196339691690934
21.05556559562683,-0.028993782242527594,-0.010709508320215893,0.25347753730664396,0.0004406155839255753,-0.001099986349979132,0.011705921762638266,-0.03537625394963437,0.25598589001694333,-0.06779149815975509,-0.003055262964827838,0.01281531163304945,-0.00035641369108349976
21.064260721206665,-0.028993782242527594,-0.010709508320215893,0.25347753730664396,0.00043620942808631955,-0.0010889864864793407,0.011588862545011883,-0.03537625394963437,0.25598589001694333,-0.06779149815975509,-0.0030247103351795594,0.012687158516718956,-0.00035284955417266476
21.074894189834595,-0.028968957918839015,-0.010717750109892808,0.2537141896065297,0.0004544625544648208,-0.0010797112272551502,0.011695703891460813,-0.03544606049184093,0.2562578216144977,-0.06780642831490401,-0.003060111182321745,0.012816018722437148,-0.0003633617782411907
21.0854754447937,-0.028968957918839015,-0.010717750109892808,0.2537141896065297,0.0004499179289201726,-0.0010689141149825985,0.011578746852546205,-0.03544606049184093,0.2562578216144977,-0.06780642831490401,-0.003029510070498527,0.012687858535212777,-0.0003597281604587788
21.094989776611328,-0.028966699513531376,-0.010725262520868464,0.25396942699275055,0.00044700529300571213,-0.0010619923566709405,0.011731310155634181,-0.035515805784738445,0.2565295303876324,-0.06782163469767492,-0.003072520477983092,0.012846558357617313,-0.00037211348600138283
21.100564002990723,-0.028966699513531376,-0.010725262520868464,0.25396942699275055,0.000442535240075655,-0.0010513724331042312,0.011613997054077839,-0.035515805784738445,0.2565295303876324,-0.06782163469767492,-0.003041795273203261,0.01271809277404114,-0.000368392351141369
21.12051272392273,-0.028969606049528415,-0.010731689360363778,0.25422880851314084,0.00043622278426043437,-0.0010424154267419708,0.011627902484135142,-0.03558563553453007,0.25680145240411445,-0.06783706448701311,-0.00304638194559463,0.01272722234831682,-0.00037244315377644874
21.125438451766968,-0.028969606049528415,-0.010731689360363778,0.25422880851314084,0.00043186055641783,-0.001031991272474551,0.01151162345929379,-0.03558563553453007,0.25680145240411445,-0.06783706448701311,-0.0030159181261386835,0.01259995012483365,-0.00036871872223868425
21.15520215034485,-0.02895663367033577,-0.010742379652803913,0.25472988381578304,0.0004312027781642408,-0.0010223239267386202,0.011564902989329042,-0.03572542539136863,0.2573454321875384,-0.06786840102860504,-0.0030327255059962987,0.012656716815092249,-0.00037555997841856294
21.16199040412903,-0.02895663367033577,-0.010742379652803913,0.25472988381578304,0.00042689075038259837,-0.001012100687471234,0.011449253959435753,-0.03572542539136863,0.2573454321875384,-0.06786840102860504,-0.003002398250936336,0.012530149646941326,-0.0003718043786343773
21.178905963897705,-0.028929340191715752,-0.010773805432720544,0.25496037981208125,0.0004400400069627302,-0.0010164100843531555,0.011471344930792191,-0.035795378435080905,0.25761736388504897,-0.0678842046798118,-0.0030137285272684735,0.012565606470757653,-0.00037742900598801806
21.184923887252808,-0.028929340191715752,-0.010773805432720544,0.25496037981208125,0.00043563960689310286,-0.0010062459835096238,0.01135663148148427,-0.035795378435080905,0.25761736388504897,-0.0678842046798118,-0.0029835912419957887,0.012439950406050077,-0.00037365471592813786
21.19791531562805,-0.028924506876861645,-0.010800952250636407,0.25521032757033674,0.0004363448771020489,-0.0010136991360905367,0.011435754583530973,-0.03586526915633428,0.2578890465662216,-0.0679001616409289,-0.0030075528945815028,0.012524675467299361,-0.000382200852901963
21.20532989501953,-0.028924506876861645,-0.010800952250636407,0.25521032757033674,0.00043198142833102837,-0.0010035621447296312,0.011321397037695663,-0.03586526915633428,0.2578890465662216,-0.0679001616409289,-0.0029774773656356876,0.012399428712626368,-0.0003783788443729434
21.224008321762085,-0.02892494969822515,-0.01082530588342172,0.2554651277978767,0.0004281810339952753,-0.0010045525350816163,0.011344768164071014,-0.03593524727364691,0.258160887005724,-0.06791620646921533,-0.002985167266214021,0.01242097154340045,-0.00038318508789902565
21.231107711791992,-0.02892494969822515,-0.01082530588342172,0.2554651277978767,0.00042389922365532255,-0.0009945070097308,0.011231320482430304,-0.03593524727364691,0.258160887005724,-0.06791620646921533,-0.0029553155935518804,0.012296761827966447,-0.0003793532370200354
21.238168716430664,-0.02892154242416183,-0.010846873516800486,0.2557167204074511,0.00042595619040382743,-0.0010091968809228967,0.011475736998414142,-0.0360052696321023,0.2584326853085366,-0.06793229286190093,-0.003024930136886651,0.01255872286604824,-0.000398341721528145
21.2442569732666,-0.02892154242416183,-0.010846873516800486,0.2557167204074511,0.00042169662849978915,-0.0009991049121136676,0.01136097962843,-0.0360052696321023,0.2584326853085366,-0.06793229286190093,-0.0029946808355177847,0.012433135637387757,-0.0003943583043128635
21.262593984603882,-0.028907906822888137,-0.010865837198765172,0.2559589465132855,0.00042527442710205387,-0.0009965571014084443,0.011379630193774717,-0.0360753711297625,0.2587045604579513,-0.0679483827452012,-0.003002963538161316,0.012457070072212903,-0.0003991892609176171
21.275202751159668,-0.028907906822888137,-0.010865837198765172,0.2559589465132855,0.00042102168283103335,-0.0009865915303943597,0.01126583389183697,-0.0360753711297625,0.2587045604579513,-0.0679483827452012,-0.0029729339027797026,0.012332499371490774,-0.0003951973683084409
21.280505418777466,-0.028842935014980222,-0.010687817738898278,0.25619309550322006,0.000492363126907933,-0.0006229670591978828,0.0115902061737245,-0.03614529203569297,0.25897654065231857,-0.06796305069057165,-0.003075064433104811,0.012722086394841344,-0.00041890684057612105
21.28661274909973,-0.028842935014980222,-0.010687817738898278,0.25619309550322006,0.00048743949563885363,-0.000616737388605904,0.011474304111987256,-0.03614529203569297,0.25897654065231857,-0.06796305069057165,-0.0030443137887737628,0.01259486553089293,-0.0004147177721703598
21.299076795578003,-0.02881787855020861,-0.010577714696962032,0.2564449675119556,0.000489877956966892,-0.0005178412380116839,0.011560383498975814,-0.03621521466458609,0.2592482845455434,-0.06797764717931264,-0.003069970111855634,0.012686939083458906,-0.00042228146921667787
21.309099435806274,-0.02881787855020861,-0.010577714696962032,0.2564449675119556,0.00048497917739722307,-0.0005126628256315671,0.011444779663986056,-0.03621521466458609,0.2592482845455434,-0.06797764717931264,-0.0030392704107370778,0.012560069692624317,-0.0004180586545245111
21.32698702812195,-0.028807067265305034,-0.01051063167534339,0.2567009526178111,0.00048039870969797155,-0.00046769166594817264,0.01147288726807708,-0.03628527457346938,0.25952028298382185,-0.06799185874482874,-0.0030480444696277115,0.012586528833309718,-0.0004218229972158595
21.332648515701294,-0.028807067265305034,-0.01051063167534339,0.2567009526178111,0.0004755947226009918,-0.0004630147492886909,0.01135815839539631,-0.03628527457346938,0.25952028298382185,-0.06799185874482874,-0.0030175640249314344,0.01246066354497662,-0.0004176047672437009
21.347801446914673,-0.028798817576698374,-0.010479280300808361,0.25695313904563527,0.00047250928675739075,-0.00043491971421363276,0.011410694467616504,-0.036355424806369156,0.2597922674018123,-0.06800575112113359,-0.003033683211677597,0.012515549849975455,-0.00042259683108000214
21.35994005203247,-0.028798817576698374,-0.010479280300808361,0.25695313904563527,0.00046778419388981686,-0.0004305705170714964,0.011296587522940339,-0.036355424806369156,0.2597922674018123,-0.06800575112113359,-0.003003346379560821,0.0123903943514757,-0.0004183708627692021
21.37107491493225,-0.028784747655946505,-0.01047677238527159,0.25719552137987545,0.00047391384919505793,-0.0004194029527959292,0.01140128352535359,-0.03642571374085626,0.2600643831612421,-0.06801934677827803,-0.0030364380167383805,0.012510872186056413,-0.00042639714475101235
21.380794048309326,-0.028784747655946505,-0.01047677238527159,0.25719552137987545,0.00046917471070310736,-0.0004152089232679699,0.011287270690100054,-0.03642571374085626,0.2600643831612421,-0.06801934677827803,-0.0030060736365709966,0.012385763464195848,-0.00042213317330350224
21.386466026306152,-0.02877580376803694,-0.010296372719808594,0.25739327972408904,0.0004371758098023561,-8.969130949839429e-05,0.01151837183721697,-0.03649564307568699,0.26033650064849473,-0.06803237478220017,-0.003099302050603729,0.01274166348623893,-0.0004408809079692238
21.402514219284058,-0.02877580376803694,-0.010296372719808594,0.25739327972408904,0.0004328040517043325,-8.879439640341034e-05,0.0114031881188448,-0.03649564307568699,0.26033650064849473,-0.06803237478220017,-0.0030683090300976917,0.01261424685137654,-0.0004364720988895315
21.408033847808838,-0.028786747403483876,-0.010204269257098776,0.2576214852335092,0.00038489564971905997,8.029367669098684e-05,0.011699998061761118,-0.036565659425676585,0.2606083650646668,-0.06804525366026955,-0.0031644756900566368,0.012980645529339429,-0.0004554402489653384
21.419445753097534,-0.028800932755106663,-0.010170112370521994,0.2578609633552182,0.00036359801729552235,0.00011040647273361027,0.011792325750544513,-0.036635822581538115,0.26088038097443395,-0.06805791228423416,-0.0031943133535640173,0.013089200594656096,-0.00046197831845506027
21.4237539768219,-0.028800932755106663,-0.010170112370521994,0.2578609633552182,0.00035996203712256714,0.00010930240800627417,0.011674402493039068,-0.036635822581538115,0.26088038097443395,-0.06805791228423416,-0.0031623702200283773,0.012958308588709534,-0.00045735853527050966
21.443000316619873,-0.02880905991020054,-0.010182054040617165,0.25810259981913725,0.00035219183154965185,0.00010327567709819918,0.011683263727078525,-0.03670610158471879,0.2611523480889315,-0.06807039102102344,-0.003167262033982535,0.012970033989190426,-0.00045926864339940486
21.454944849014282,-0.02880905991020054,-0.010182054040617165,0.25810259981913725,0.0003486699132341553,0.00010224292032721719,0.01156643108980774,-0.03670610158471879,0.2611523480889315,-0.06807039102102344,-0.0031355894136427093,0.012840333649298522,-0.0004546759569654108
21.48842763900757,-0.02876576055331184,-0.010141968607845048,0.2585644090629903,0.00035556714440949076,0.00011663360656522423,0.011588542580229462,-0.0368467401068842,0.26169635399465263,-0.06809581789475154,-0.0031462367462964055,0.012874403603063071,-0.0004577232102403247
21.492231845855713,-0.02876576055331184,-0.010141968607845048,0.2585644090629903,0.00035201147296539585,0.00011546727049957198,0.011472657154427168,-0.0368467401068842,0.26169635399465263,-0.06809581789475154,-0.0031147743788334415,0.01274565956703244,-0.0004531459781379215
21.520259857177734,-0.028757666735483977,-0.010167100270518049,0.25906878967132696,0.0003513692732141011,0.00010831345137315865,0.01153800181909352,-0.03698745916939253,0.26223965747068617,-0.06812264598563525,-0.003133833216201212,0.012812046005672104,-0.000458186403630697
21.525968313217163,-0.028757666735483977,-0.010167100270518049,0.25906878967132696,0.0003478555804819601,0.00010723031685942706,0.011422621800902585,-0.03698745916939253,0.26223965747068617,-0.06812264598563525,-0.0031024948840392,0.012683925545615383,-0.00045360453959439
21.541637897491455,-0.028756621147267274,-0.010239416080931972,0.2593238005966173,0.00034995469201920917,6.287020008450962e-05,0.011471795688641487,-0.03705800315477369,0.26251121395967925,-0.06813640518453987,-0.0031164896269444925,0.012730387945289032,-0.00045784932632759887
21.550076246261597,-0.028756621147267274,-0.010239416080931972,0.2593238005966173,0.0003464551450990171,6.224149808366451e-05,0.011357077731755073,-0.03705800315477369,0.26251121395967925,-0.06813640518453987,-0.0030853247306750473,0.012603084065836141,-0.00045327083306432285
21.559120893478394,-0.02874694533530668,-0.010336886229552403,0.2595710363730611,0.000365726914466373,-3.976021717253775e-05,0.011518444673957516,-0.03712869768997714,0.2627827901259271,-0.0681503511491409,-0.003132633222028661,0.012777314981925459,-0.0004641571502266144
