Time (seconds),Orientation X,Orientation Y,Orientation Z,Angular Velocity X,Angular Velocity Y,Angular Velocity Z,Position X,Position Y,Position Z,Linear Velocity X,Linear Velocity Y,Linear Velocity Z
0.015235185623168945,0.0033914992988447936,0.06732761305690033,0.0042340299194089746,0.0,0.0,0.0,-0.022906957124961356,-0.12015071253191278,-0.7759697622366324,0.0,0.0,0.0
0.018625736236572266,0.0033914992988447936,0.06732761305690033,0.0042340299194089746,0.0,0.0,0.0,-0.022906957124961356,-0.12015071253191278,-0.7759697622366324,0.0,0.0,0.0
0.022171497344970703,7.771561172376096e-16,0.0,0.0,-0.009564940206521419,-0.18988197737695622,-0.011941103165073191,0.0,0.0,0.0,0.06460378018898191,0.33885732529280155,2.18844343573706
0.02621936798095703,7.771561172376096e-16,0.0,0.0,-0.009469290804456205,-0.18798315760318665,-0.011821692133422459,0.0,0.0,0.0,0.06395774238709209,0.33546875203987353,2.1665590013796896
0.04010486602783203,0.0034557860015811772,0.06726303594976574,0.003962371254848701,-0.006885824364548202,-0.13766211367546416,-0.008849871227936956,-0.023058028825172966,-0.12053187430852821,-0.7764621840866232,0.0839766506121659,0.24336947880536602,1.5861439110531093
0.044081687927246094,0.0034557860015811772,0.06726303594976574,0.003962371254848701,-0.00681696612090272,-0.13628549253870953,-0.008761372515657586,-0.023058028825172966,-0.12053187430852821,-0.7764621840866232,0.08313688410604424,0.24093578401731236,1.570282471942578
0.04878401756286621,7.771561172376096e-16,0.0,0.0,-0.014097889929030345,-0.27796457886782033,-0.017100159238555075,0.0,0.0,0.0,0.13134084586050085,0.494850171317209,3.2058083875584256
0.05597567558288574,7.771561172376096e-16,0.0,0.0,-0.013956911029740041,-0.2751849330791421,-0.016929157646169524,0.0,0.0,0.0,0.13002743740189585,0.4899016696040369,3.173750303682841
0.059331655502319336,0.0034009808897365918,0.06651827850986708,0.003966703839909877,-0.0036832500256216063,-0.07422487003206088,-0.004940058040047792,-0.023215564165362555,-0.1209140845913978,-0.7769666072696894,0.21210643448233743,0.11680619007360249,0.8285539839517173
0.06390166282653809,7.771561172376096e-16,0.0,0.0,-0.011088376910665103,-0.21903660799025942,-0.01357052066005918,0.0,0.0,0.0,0.2607852103091735,0.38021994612885596,2.520411468286703
0.06899166107177734,7.771561172376096e-16,0.0,0.0,-0.010977493141558452,-0.21684624191035684,-0.013434815453458588,0.0,0.0,0.0,0.2581773582060818,0.3764177466675674,2.4952073536038357
0.07514715194702148,0.0035385525270307727,0.06603612418882995,0.004011640195419306,-0.005119106769159049,-0.10739775012038556,-0.006783293808255441,-0.023384584426941097,-0.12129228652354147,-0.7774633079786565,0.30021229893932044,0.1711236366391705,1.2081393132450966
0.07964539527893066,0.0035385525270307727,0.06603612418882995,0.004011640195419306,-0.005067915701467458,-0.1063237726191817,-0.006715460870172886,-0.023384584426941097,-0.12129228652354147,-0.7774633079786565,0.2972101759499272,0.1694124002727788,1.1960579201126456
0.08749771118164062,7.771561172376096e-16,0.0,0.0,-0.009523617299980951,-0.1893581756489353,-0.011757168723353074,0.0,0.0,0.0,0.32401856789021743,0.32218517243973027,2.1742043585244266
0.09209418296813965,7.771561172376096e-16,0.0,0.0,-0.009428381126981142,-0.18746459389244596,-0.011639597036119543,0.0,0.0,0.0,0.32077838221131527,0.31896332071533295,2.152462314939182
0.09612822532653809,0.0037522289160320846,0.0656493666307433,0.004096471220897778,-3.268552408852883e-05,-0.02285153125328912,-0.0013684459666469164,-0.023563125754392063,-0.12167250803707431,-0.77795238577857,0.38451076522024674,0.00690585862059806,0.20389495894596554
0.10105252265930176,0.0037522289160320846,0.0656493666307433,0.004096471220897778,-3.235866884764354e-05,-0.02262301594075623,-0.0013547615069804473,-0.023563125754392063,-0.12167250803707431,-0.77795238577857,0.38066565756804427,0.006836800034392079,0.20185600935650588
0.10819625854492188,7.771561172376096e-16,0.0,0.0,-0.005284509384273701,-0.11429459342971272,-0.00707556813804639,0.0,0.0,0.0,0.40984331918618605,0.17708898977190335,1.2888368163091641
0.11481285095214844,7.771561172376096e-16,0.0,0.0,-0.0052316642904309645,-0.11315164749541559,-0.0070048124566659264,0.0,0.0,0.0,0.4057448859943242,0.1753180998741843,1.2759484481460726
0.12013506889343262,0.003973549443628632,0.06529063146980649,0.004207189816675236,0.0022866176463881803,0.010655475634708228,0.0009701915774291631,-0.023749462910128864,-0.12205164104329862,-0.7784296598371663,0.451579551186772,-0.06158257343128942,-0.19831971611474075
0.12487459182739258,0.003973549443628632,0.06529063146980649,0.004207189816675236,0.0022637514699242983,0.010548920878361146,0.0009604896616548714,-0.023749462910128864,-0.12205164104329862,-0.7784296598371663,0.4470637556749043,-0.06096674769697653,-0.19633651895359333
0.13332915306091309,7.771561172376096e-16,0.0,0.0,-0.002458774464618177,-0.0667819022850022,-0.0040253519673833,0.0,0.0,0.0,0.47068382827348226,0.0840048064257376,0.7263483814362093
0.13775253295898438,7.771561172376096e-16,0.0,0.0,-0.0024341867199719953,-0.06611408326215218,-0.003985098447709467,0.0,0.0,0.0,0.46597698999074744,0.08316475836148023,0.7190848976218471
0.1665647029876709,0.004200995741331263,0.06452853109532444,0.0040183572581794615,-0.0009517819102213291,-0.04305666647007418,-0.0025505738741973733,-0.02394454158549757,-0.12243227283372768,-0.7788939521469769,0.47027746811569326,0.03870290600297274,0.44176092962531344
0.17304182052612305,0.004200995741331263,0.06452853109532444,0.0040183572581794615,-0.0009422640911191159,-0.04262609980537344,-0.0025250681354553996,-0.02394454158549757,-0.12243227283372768,-0.7788939521469769,0.46557469343453634,0.038315876942943014,0.4373433203290603
0.1780991554260254,7.771561172376096e-16,0.0,0.0,-0.009239579731296658,-0.16979378378527732,-0.010445419906208734,0.0,0.0,0.0,0.5082651121376691,0.2800212396121322,1.9730971825556551
0.1841576099395752,7.771561172376096e-16,0.0,0.0,-0.009147183933983692,-0.16809584594742455,-0.010340965707146647,0.0,0.0,0.0,0.5031824610162924,0.2772210272160109,1.9533662107300986
0.18953514099121094,0.004021031348674458,0.06396150934330759,0.003976097483120521,-0.0015782446285088902,-0.0474727396339612,-0.002843647126181393,-0.024144388589317885,-0.12281893902594516,-0.7793734353347671,0.5450323831436256,0.04022432625613043,0.48551179395499044
0.19475865364074707,0.004021031348674458,0.06396150934330759,0.003976097483120521,-0.0015624621822238013,-0.04699801223762159,-0.002815210654919579,-0.024144388589317885,-0.12281893902594516,-0.7793734353347671,0.5395820593121893,0.039822082993569125,0.48065667601544054
0.20288896560668945,7.771561172376096e-16,0.0,0.0,-0.0064925658000037495,-0.1251984565851062,-0.007677519701369544,0.0,0.0,0.0,0.563882994133199,0.19048687123441743,1.4344522374387279
0.2078256607055664,7.771561172376096e-16,0.0,0.0,-0.006427640142003712,-0.12394647201925514,-0.007600744504355848,0.0,0.0,0.0,0.558244164191867,0.18858200252207324,1.4201077150643406
0.2128748893737793,0.004074197428091663,0.06393700194488165,0.003993679918277145,0.0017055863819167103,0.00392025826209752,0.0003847480931806792,-0.024320047057963094,-0.12319627696380567,-0.7798444441723761,0.6022583451252586,-0.0635895077160166,-0.13752269911899373
0.2179396152496338,0.004074197428091663,0.06393700194488165,0.003993679918277145,0.001688530518097543,0.003881055679476545,0.00038090061224887236,-0.024320047057963094,-0.12319627696380567,-0.7798444441723761,0.5962357616740059,-0.06295361263885643,-0.1361474721278038
0.22298169136047363,0.004217208065125529,0.06422838658367147,0.004056458089937848,0.001957936107330068,0.004420478513137192,0.0004936528588949,-0.024480759133084486,-0.12357864160923246,-0.7803080920499166,0.5900111581866267,-0.06308515727383274,-0.13572101431986106
0.22810602188110352,0.004217208065125529,0.06422838658367147,0.004056458089937848,0.0019383567462567673,0.00437627372800582,0.000488716330305951,-0.024480759133084486,-0.12357864160923246,-0.7803080920499166,0.5841110466047604,-0.062454305701094406,-0.13436380417666244
0.23325514793395996,7.771561172376096e-16,0.0,0.0,-0.0062711702005571026,-0.12040397035457201,-0.00739412536022718,0.0,0.0,0.0,0.6258134588293331,0.17816949225991835,1.38239834186035
0.24177217483520508,7.771561172376096e-16,0.0,0.0,-0.006208458498551532,-0.11919993065102628,-0.007320184106624908,0.0,0.0,0.0,0.6195553242410398,0.17638779733731916,1.3685743584417465
0.24707627296447754,0.004378628646162712,0.06475094064054779,0.00415113523489943,0.002108806400683807,0.004069260785844089,0.0005792968373674549,-0.024628772061197797,-0.1239570874885766,-0.7807606165999206,0.6612539665937598,-0.06552492161258819,-0.11602135120356039
0.25806379318237305,0.004378628646162712,0.06475094064054779,0.00415113523489943,0.0020877183366769685,0.0040285681779856485,0.0005735038689937803,-0.024628772061197797,-0.1239570874885766,-0.7807606165999206,0.6546414269278222,-0.06486967239646231,-0.11486113769152478
0.2609856128692627,7.771561172376096e-16,0.0,0.0,-0.012919123469383871,-0.21762341014550138,-0.013639593976941956,0.0,0.0,0.0,0.7323875929697395,0.36002521598942755,2.558459956139501
0.2645409107208252,7.771561172376096e-16,0.0,0.0,-0.012789932234690033,-0.21544717604404637,-0.013503198037172537,0.0,0.0,0.0,0.7250637170400421,0.35642496382953326,2.532875356578106
0.2686471939086914,0.004237405963000185,0.06481616391243591,0.005304710058015407,-0.0023427106222471752,-0.05544639669341514,-0.0004496462779153918,-0.024773059155056818,-0.12434435371868768,-0.7812233995298483,0.7791687736481903,0.04198141612509049,0.6063732012210847
0.27236008644104004,0.004237405963000185,0.06481616391243591,0.005304710058015407,-0.0023192835160247035,-0.05489193272648099,-0.0004451498151362379,-0.024773059155056818,-0.12434435371868768,-0.7812233995298483,0.7713770859117084,0.04156160196383958,0.6003094692088738
0.27564120292663574,7.771561172376096e-16,0.0,0.0,-0.015210615299547984,-0.2518860271781623,-0.016608091584805224,0.0,0.0,0.0,0.83916523418229,0.42011562711533124,2.9752745692135156
0.2811849117279053,7.771561172376096e-16,0.0,0.0,-0.015058509146552504,-0.24936716690638064,-0.01644201066895717,0.0,0.0,0.0,0.8307735818404671,0.41591447084417793,2.9455218235213803
0.2857680320739746,0.0037919643763707333,0.06490037047230716,0.006063052421375935,-0.006634162752654469,-0.10526610644603565,-0.003048497796733147,-0.02490476703696386,-0.12472767320409459,-0.7817014835290744,0.8771551803455669,0.13314060813296863,1.2115127728912207
0.2995765209197998,0.0037919643763707333,0.06490037047230716,0.006063052421375935,-0.006567821125127924,-0.10421344538157529,-0.0030180128187658156,-0.02490476703696386,-0.12472767320409459,-0.7817014835290744,0.8683836285421113,0.13180920205163893,1.1993976451623085
0.304793119430542,7.771561172376096e-16,0.0,0.0,-0.013771179180634422,-0.2275825922227686,-0.014610449245965215,0.0,0.0,0.0,0.9074411834825611,0.3695888150725436,2.6858925440177837
0.31635451316833496,0.003644089502286189,0.06507411854798227,0.006588438771641826,-0.010481520845935701,-0.16902106232415798,-0.008765690316969122,-0.02501291988240668,-0.1251054326252418,-0.7821805526489976,0.9200389017597026,0.255217613971506,1.9828885847644062
0.32709789276123047,7.771561172376096e-16,0.0,0.0,-0.013768645269484892,-0.22790221845315806,-0.014810590412901205,0.0,0.0,0.0,0.9341206835582122,0.369114299703872,2.691117891299954
0.3446927070617676,0.003628847975150752,0.0652377022892402,0.006932272063688933,-0.011568505691019231,-0.18854539528993203,-0.010722532688151192,-0.02510773569383541,-0.12548109996907716,-0.7826561121979151,0.9390304376683429,0.29249183163186987,2.219645878213663
0.3514714241027832,7.771561172376096e-16,0.0,0.0,-0.016806116771406254,-0.28289895219190375,-0.020841832560277437,0.0,0.0,0.0,0.9666792006283212,0.47467730988445334,3.3520279443387304
0.36821722984313965,7.771561172376096e-16,0.0,0.0,-0.016638055603692192,-0.2800699626699847,-0.02063341423467466,0.0,0.0,0.0,0.9570124086220381,0.4699305367856088,3.318507664895343
0.37496209144592285,0.0036714862946073427,0.06551544223056845,0.0072438066487163335,-0.011028292350089522,-0.18013540605868172,-0.00968733912310288,-0.025272884552415248,-0.12622590311816384,-0.7835801845169456,0.9847181197158423,0.27382252262277434,2.1242675054135756
0.3796963691711426,0.0036714862946073427,0.06551544223056845,0.0072438066487163335,-0.010918009426588627,-0.1783340519980949,-0.00959046573187185,-0.025272884552415248,-0.12622590311816384,-0.7835801845169456,0.9748709385186839,0.2710842973965466,2.10302483035944
0.38367795944213867,7.771561172376096e-16,0.0,0.0,-0.020029984812211063,-0.34109662848975597,-0.027687810896072668,0.0,0.0,0.0,1.0285965768998047,0.5853972929567905,4.050002667229595
0.3870091438293457,7.771561172376096e-16,0.0,0.0,-0.01982968496408895,-0.3376856622048584,-0.02741093278711194,0.0,0.0,0.0,1.0183106111308067,0.5795433200272226,4.009502640557299
0.39013218879699707,0.0032884499524425854,0.06425592449628002,0.007315562429568626,-0.009101760822802526,-0.12856112931863295,-0.003712369103496479,-0.025359341239474094,-0.12660250301658935,-0.7840369524559931,1.085261104089337,0.16012464582412017,1.4601351644026779
0.3945934772491455,0.0032884499524425854,0.06425592449628002,0.007315562429568626,-0.0090107432145745,-0.12727551802544662,-0.003675245412461514,-0.025359341239474094,-0.12660250301658935,-0.7840369524559931,1.0744084930484437,0.15852339936587898,1.445533812758651
0.40645766258239746,7.771561172376096e-16,0.0,0.0,-0.011692381047757015,-0.18016233865372985,-0.009804582094744099,0.0,0.0,0.0,1.0850391089736504,0.26364798105738063,2.0919219547632903
0.4353318214416504,0.0022968388224354434,0.06732066893126946,0.007180239367343369,-0.010779992048620407,-0.15504551870703506,-0.00721980084979921,-0.025504222267443196,-0.12734257402510238,-0.7849814424717728,1.0833419928127794,0.216283206849405,1.7992526133297413
0.4570319652557373,0.0022968388224354434,0.06732066893126946,0.007180239367343369,-0.010672192128134203,-0.1534950635199647,-0.007147602841301218,-0.025504222267443196,-0.12734257402510238,-0.7849814424717728,1.0725085728846517,0.21412037478091095,1.781260087196444
0.46355342864990234,0.002066804181100957,0.06825518471456385,0.007091163600042272,-0.01092763529545488,-0.15052827016329223,-0.007198982557302066,-0.02558885795946535,-0.12770806429631107,-0.7854455671066332,1.0616985348342256,0.21141801269517263,1.7627296267966774
0.469005823135376,0.002066804181100957,0.06825518471456385,0.007091163600042272,-0.010818358942500331,-0.14902298746165932,-0.007126992731729045,-0.02558885795946535,-0.12770806429631107,-0.7854455671066332,1.0510815494858834,0.2093038325682209,1.7451023305287106
0.47368884086608887,0.0018871872496589916,0.06892245943826335,0.00699994763017833,-0.011105084104146942,-0.1461090709040141,-0.007235680144004876,-0.02567570497373227,-0.12807045572643452,-0.7859014880354208,1.0404473052237153,0.20643618736569194,1.7266685580250793
0.4771115779876709,7.771561172376096e-16,0.0,0.0,-0.0165077118852777,-0.34601448013349845,-0.027614638712478178,0.0,0.0,0.0,1.1050579562130949,0.5785473790830142,4.005521790857282
0.4845237731933594,0.0018871872496589916,0.06892245943826335,0.00699994763017833,-0.013796577630463505,-0.24956911634417872,-0.0178946670672082,-0.02567570497373227,-0.12807045572643452,-0.7859014880354208,1.131242654057206,0.3979680242665954,2.905602461917876
0.48996448516845703,7.771561172376096e-16,0.0,0.0,-0.017127252095171335,-0.37375254319640117,-0.030581587331263375,0.0,0.0,0.0,1.1671220382415004,0.6293811681848451,4.321029239609353
0.49378418922424316,7.771561172376096e-16,0.0,0.0,-0.016955979574219623,-0.3700150177644371,-0.03027577145795074,0.0,0.0,0.0,1.1554508178590854,0.6230873565029966,4.27781894721326
0.4969673156738281,0.0013613543108733962,0.06953439838488092,0.0069439395549930494,-0.012509636143161515,-0.14786800571629652,-0.008158173318484948,-0.025761121925410607,-0.1284376796192696,-0.7863591518214944,1.2319711166974163,0.20997238076551433,1.7654423629772276
0.5008964538574219,0.0013613543108733962,0.06953439838488092,0.0069439395549930494,-0.0123845397817299,-0.14638932565913354,-0.008076591585300098,-0.025761121925410607,-0.1284376796192696,-0.7863591518214944,1.2196514055304422,0.2078726569578592,1.7477879393474554
0.5113019943237305,7.771561172376096e-16,0.0,0.0,-0.013568991934895615,-0.2117498310102087,-0.014669135506140726,0.0,0.0,0.0,1.2322120119811035,0.32922594243525694,2.4860220331740113
0.5152106285095215,0.0005712878053054853,0.07402417558061188,0.005622746941041307,-0.011971697326672217,-0.02024603543619133,-0.00013699216511040523,-0.02582180412629352,-0.12880053721919393,-0.7868198758102675,1.3010230667822864,-0.004787284872153574,0.4488782863166483
0.5246775150299072,0.0005712878053054853,0.07402417558061188,0.005622746941041307,-0.011851980353405494,-0.020043575081829416,-0.00013562224345930118,-0.02582180412629352,-0.12880053721919393,-0.7868198758102675,1.2880128361144636,-0.0047394120234320386,0.44438950345348177
0.529820442199707,7.771561172376096e-16,0.0,0.0,-0.012844282823730213,-0.1637770764384529,-0.011067236205901367,0.0,0.0,0.0,1.325341087677351,0.24575006102713304,1.9698523129715908
0.5338931083679199,7.771561172376096e-16,0.0,0.0,-0.01271583999549291,-0.16213930567406837,-0.010956563843842353,0.0,0.0,0.0,1.3120876768005776,0.2432925604168617,1.9501537898418748
0.5397534370422363,0.00011291062016137096,0.07696809302727911,0.0048389412078158524,-0.012396012162754393,-0.02918041039735661,-0.0025898824756614616,-0.02588650196373411,-0.12916034165510523,-0.7872729792952354,1.3571548963842772,0.020276203031028006,0.5878229066826248
0.5438556671142578,0.00011291062016137096,0.07696809302727911,0.0048389412078158524,-0.012272052041126849,-0.028888606293383044,-0.002563983650904847,-0.02588650196373411,-0.12916034165510523,-0.7872729792952354,1.3435833474204344,0.020073441000717725,0.5819446776157986
0.5470423698425293,7.771561172376096e-16,0.0,0.0,-0.012503649540902667,-0.2701286596713357,-0.017723133926401624,0.0,0.0,0.0,1.4113803874555055,0.4251829996068538,3.0466191752881837
0.5505709648132324,7.771561172376096e-16,0.0,0.0,-0.01237861304549364,-0.26742737307462233,-0.017545902587137608,0.0,0.0,0.0,1.3972665835809506,0.42093116961078525,3.016152983535302
0.5544555187225342,-0.000177586320907321,0.07882421966545293,0.004341257939740133,-0.012711987055055963,-0.061836055312888605,-0.006194751213826269,-0.025948335796489468,-0.12951811862811835,-0.787719806192955,1.474936167232895,0.08360986824488775,0.959086231542833
0.5599155426025391,-0.000177586320907321,0.07882421966545293,0.004341257939740133,-0.012584867184505404,-0.061217694759759717,-0.006132803701688006,-0.025948335796489468,-0.12951811862811835,-0.787719806192955,1.460186805560566,0.08277376956243887,0.9494953692274046
0.5638265609741211,7.771561172376096e-16,0.0,0.0,-0.012004951811776346,-0.26214949479319594,-0.01717154609973814,0.0,0.0,0.0,1.5119316874589708,0.4131081649041187,2.954104496243699
0.5672597885131836,7.771561172376096e-16,0.0,0.0,-0.011884902293658583,-0.259527999845264,-0.01699983063874076,0.0,0.0,0.0,1.496812370584381,0.40897708325507753,2.924563451281262
0.5727415084838867,-0.00038238129173365145,0.07980054661022207,0.004068332721744853,-0.01246361041296577,-0.11135697530547484,-0.009408196890397257,-0.026006305759333073,-0.12987440805606695,-0.7881588998630925,1.5482103821415893,0.16847601456078137,1.458187860204226
0.5781207084655762,-0.00038238129173365145,0.07980054661022207,0.004068332721744853,-0.012338974308836112,-0.11024340555242008,-0.009314114921493285,-0.026006305759333073,-0.12987440805606695,-0.7881588998630925,1.5327282783201734,0.16679125441517356,1.4436059816021838
0.5833537578582764,7.771561172376096e-16,0.0,0.0,-0.011484880031852412,-0.261634366115986,-0.01699527975803873,0.0,0.0,0.0,1.567097269750646,0.4133044659346222,2.93528775236221
0.5876870155334473,7.771561172376096e-16,0.0,0.0,-0.011370031231533888,-0.25901802245482614,-0.016825326960458343,0.0,0.0,0.0,1.5514262970531396,0.409171421275276,2.905934874838588
0.5915777683258057,7.771561172376096e-16,0.0,0.0,-0.011256330919218549,-0.25642784223027787,-0.01665707369085376,0.0,0.0,0.0,1.5359120340826082,0.4050797070625232,2.876875526090202
0.5949811935424805,7.771561172376096e-16,0.0,0.0,-0.011143767610026363,-0.2538635638079751,-0.016490502953945222,0.0,0.0,0.0,1.5205529137417821,0.401028909991898,2.8481067708293
0.5999717712402344,-0.0011878660625339484,0.0793190258905715,0.0027717379964838232,-0.013412547484830766,-0.0923873648367558,-0.010771655747067621,-0.02612865596391057,-0.13058675297182717,-0.7890470602214138,1.5777242020399869,0.1372030561777099,1.2390366578514218
0.6051640510559082,-0.0011878660625339484,0.0793190258905715,0.0027717379964838232,-0.013278422009982459,-0.09146349118838824,-0.010663939189596945,-0.02612865596391057,-0.13058675297182717,-0.7890470602214138,1.561946960019587,0.1358310256159328,1.2266462912729075
0.6089105606079102,7.771561172376096e-16,0.0,0.0,-0.00997504381154889,-0.3022633195378812,-0.01795548725194828,0.0,0.0,0.0,1.6160688205861558,0.4830284874971982,3.3204656377498414
0.6128077507019043,7.771561172376096e-16,0.0,0.0,-0.0098752933734334,-0.2992406863425024,-0.0177759323794288,0.0,0.0,0.0,1.5999081323802942,0.4781982026222262,3.287260981372343
0.6158115863800049,-0.0012730177142712125,0.07882821970910697,0.0025978048757154355,-0.014014514319405282,-0.033823073320821795,-0.008949880824955183,-0.02619054074950892,-0.13094194969847453,-0.7894817517480981,1.7028498535421488,0.04080623089162344,0.6268418551808788
0.6191022396087646,-0.0012730177142712125,0.07882821970910697,0.0025978048757154355,-0.013874369176211229,-0.03348484258761358,-0.00886038201670563,-0.02619054074950892,-0.13094194969847453,-0.7894817517480981,1.6858213550067274,0.04039816858270721,0.6205734366290699
0.6231863498687744,7.771561172376096e-16,0.0,0.0,-0.010618624147004947,-0.22616197153405865,-0.015132539073031793,0.0,0.0,0.0,1.733091039779969,0.3606073470767477,2.5474246020199622
0.6279928684234619,7.771561172376096e-16,0.0,0.0,-0.010512437905534897,-0.22390035181871806,-0.014981213682301474,0.0,0.0,0.0,1.7157601293821694,0.3570012736059802,2.5219503559997625
0.6327388286590576,-0.001276988789106468,0.07810464146859813,0.002612695499604897,-0.01309799934287042,-0.057090560532869344,-0.009326308013490645,-0.026258422505741424,-0.13129235033916498,-0.7899072309238507,1.7726013116964534,0.07889286739896911,0.8327301534737777
0.6370899677276611,-0.001276988789106468,0.07810464146859813,0.002612695499604897,-0.012967019349441717,-0.05651965492754065,-0.009233044933355737,-0.026258422505741424,-0.13129235033916498,-0.7899072309238507,1.7548752985794889,0.07810393872497942,0.8244028519390398
0.6423685550689697,7.771561172376096e-16,0.0,0.0,-0.010418162531689092,-0.20391950360423952,-0.01409032567859081,0.0,0.0,0.0,1.7870717156702618,0.3260492002397005,2.312595615783168
0.6496670246124268,7.771561172376096e-16,0.0,0.0,-0.010313980906372202,-0.20188030856819714,-0.013949422421804901,0.0,0.0,0.0,1.769200998513559,0.3227887082373035,2.289469659625336
0.6575024127960205,-0.0014923493509218211,0.07769496101386221,0.0027446477930675854,-0.012115468303969888,-0.1007024603996627,-0.01030704138616564,-0.02633304025468126,-0.13164946784219236,-0.7903331786855846,1.79584351591022,0.15303294196840775,1.2580707451282183
0.6612129211425781,-0.0014923493509218211,0.07769496101386221,0.0027446477930675854,-0.011994313620930189,-0.09969543579566607,-0.010203970972303984,-0.02633304025468126,-0.13164946784219236,-0.7903331786855846,1.7778850807511177,0.15150261254872366,1.245490037676936
0.6651501655578613,7.771561172376096e-16,0.0,0.0,-0.008084030862599017,-0.2960318263331232,-0.01707291782976919,0.0,0.0,0.0,1.8269881338265972,0.48435714532379437,3.2403608080605286
0.6688275337219238,7.771561172376096e-16,0.0,0.0,-0.008003190553973027,-0.293071508069792,-0.0169021886514715,0.0,0.0,0.0,1.8087182524883312,0.47951357387055643,3.2079571999799232
0.6726691722869873,-0.0014651138996577067,0.07735991006106865,0.0030751842957546065,-0.011736932054871066,-0.08876862132101207,-0.00872829008623721,-0.02641949943783782,-0.13199934754308262,-0.7907532705156216,1.8801107725298518,0.13410194039694795,1.1178025637940419
0.67655348777771,-0.0014651138996577067,0.07735991006106865,0.0030751842957546065,-0.011619562734322356,-0.08788093510780196,-0.008641007185374838,-0.02641949943783782,-0.13199934754308262,-0.7907532705156216,1.8613096648045533,0.13276092099297848,1.1066245381561015
0.6812970638275146,7.771561172376096e-16,0.0,0.0,-0.008414739699563986,-0.25008565018815765,-0.015037436775976284,0.0,0.0,0.0,1.8983918899147108,0.40970300991199127,2.762556486148461
0.6866321563720703,-0.0013069419753169768,0.07679599718692141,0.0034517893930931984,-0.010780300464897146,-0.10363977952660622,-0.008417091429708007,-0.026466237345856142,-0.13234713478662719,-0.7911604881552786,1.9428784360965936,0.15945192161022004,1.2522035958999467
0.6900277137756348,-0.0013069419753169768,0.07679599718692141,0.0034517893930931984,-0.010672497460248174,-0.10260338173134015,-0.008332920515410926,-0.026466237345856142,-0.13234713478662719,-0.7911604881552786,1.9234496517356277,0.15785740239411783,1.2396815599409472
0.6934592723846436,7.771561172376096e-16,0.0,0.0,-0.006757176671817336,-0.325370690639722,-0.01830854639856954,0.0,0.0,0.0,1.9813411506081648,0.5419552799953362,3.532827438784418
0.6965150833129883,7.771561172376096e-16,0.0,0.0,-0.006689604905099163,-0.3221169837333248,-0.018125460934583844,0.0,0.0,0.0,1.9615277391020831,0.5365357271953829,3.4974991643965736
0.6996016502380371,-0.0010959265755329716,0.07608564493777197,0.003863461140425477,-0.010173341653412224,-0.07239007860704,-0.005427189088152214,-0.02648272959607691,-0.13269125554342984,-0.791554141951755,2.0496593315441736,0.10404046324526389,0.898376517371656
0.703357458114624,-0.0010959265755329716,0.07608564493777197,0.003863461140425477,-0.010071608236878101,-0.0716661778209696,-0.005372917197270692,-0.02648272959607691,-0.13269125554342984,-0.791554141951755,2.029162738228732,0.10300005861281125,0.8893927521979395
0.7072820663452148,7.771561172376096e-16,0.0,0.0,-0.007178443810260792,-0.2648176436808601,-0.015163383709115045,0.0,0.0,0.0,2.0763497686896764,0.44007069826168255,2.8973985900637333
0.7112462520599365,7.771561172376096e-16,0.0,0.0,-0.007106659372158184,-0.2621694672440515,-0.015011749872023895,0.0,0.0,0.0,2.0555862710027797,0.4356699912790657,2.868424604163096
0.7150471210479736,-0.0008895164808552409,0.07529593670888335,0.004291140870812602,-0.009375890441038735,-0.061445872859017675,-0.003571738182478851,-0.026472838269137596,-0.1330349548024584,-0.7919311892488123,2.120828493087589,0.08312078304653958,0.7564849545388732
0.7182574272155762,-0.0008895164808552409,0.07529593670888335,0.004291140870812602,-0.009282131536628347,-0.060831414130427496,-0.0035360208006540625,-0.026472838269137596,-0.1330349548024584,-0.7919311892488123,2.099620208156713,0.08228957521607419,0.7489201049934845
0.7277319431304932,7.771561172376096e-16,0.0,0.0,-0.008250458580878481,-0.13969516735916682,-0.00802980056069224,0.0,0.0,0.0,2.1065651046039453,0.22188013804811865,1.5772848898996759
0.732712984085083,7.771561172376096e-16,0.0,0.0,-0.008167953995069697,-0.13829821568557515,-0.007949502555085317,0.0,0.0,0.0,2.085499453557906,0.21966133666763746,1.561512041000679
0.7369844913482666,-0.0008478753329718943,0.07222387049871094,0.004387583579036053,-0.01007123030496752,0.03216763593333982,0.002401738036376092,-0.026461617697492376,-0.1333795332483292,-0.7922937688597245,2.1353480058449237,-0.09323518200947276,-0.3088851954589238
0.7405133247375488,-0.0008478753329718943,0.07222387049871094,0.004387583579036053,-0.009970518001917845,0.031845959574006426,0.002377720656012331,-0.026461617697492376,-0.1333795332483292,-0.7922937688597245,2.1139945257864743,-0.09230283018937803,-0.30579634350433454
0.7435441017150879,7.771561172376096e-16,0.0,0.0,-0.007073261767313545,-0.2067740016959197,-0.012122818158387116,0.0,0.0,0.0,2.1801642634699747,0.34870382761346197,2.3114221956885888
0.7468514442443848,7.771561172376096e-16,0.0,0.0,-0.00700252914964041,-0.2047062616789605,-0.012001589976803246,0.0,0.0,0.0,2.158362620835275,0.34521678933732736,2.288307973731703
0.7506933212280273,-0.0012181038554658012,0.06495559633224775,0.004664753031046497,-0.010103099534821983,-0.03358664257791369,0.0002602853601812137,-0.02648757248568281,-0.1337301992415897,-0.7926429662885459,2.2002972597700428,-0.0037938979848791687,0.20166006919762536
0.754387617111206,-0.0012181038554658012,0.06495559633224775,0.004664753031046497,-0.010002068539473762,-0.03325077615213455,0.00025768250657940155,-0.02648757248568281,-0.1337301992415897,-0.7926429662885459,2.1782942871723425,-0.003755959005030377,0.1996434685056491
0.7622594833374023,7.771561172376096e-16,0.0,0.0,-0.008354633530125033,-0.11543440175183078,-0.005670748362503279,0.0,0.0,0.0,2.190159747010432,0.16616533005765502,1.204578482491251
0.7667367458343506,7.771561172376096e-16,0.0,0.0,-0.008271087194823782,-0.11428005773431248,-0.005614040878878246,0.0,0.0,0.0,2.168258149540328,0.16450367675707847,1.1925326976663386
0.7701976299285889,-0.0013184384715841729,0.05996577509227675,0.004994828946475742,-0.01199791872789252,0.06012995855854231,0.008874333636771304,-0.026486639206455397,-0.13407802640686764,-0.7929619025037828,2.2055829920706467,-0.2214849221407719,-1.1116390752965808
0.7738707065582275,-0.0013184384715841729,0.05996577509227675,0.004994828946475742,-0.011877939540613594,0.05952865897295688,0.00878559030040359,-0.026486639206455397,-0.13407802640686764,-0.7929619025037828,2.1835271621499404,-0.21927007291936418,-1.100522684543615
0.7864739894866943,7.771561172376096e-16,0.0,0.0,-0.010713052968951803,0.011353884219208396,0.004734617029627035,0.0,0.0,0.0,2.182707557126412,-0.11069395830676976,-0.4603465448459927
0.7907352447509766,7.771561172376096e-16,0.0,0.0,-0.010605922439262285,0.011240345377016313,0.004687270859330765,0.0,0.0,0.0,2.160880481555148,-0.10958701872370206,-0.4557430793975328
0.793956995010376,-0.0012849977574622188,0.05650345859313287,0.005359313538712972,-0.014488371491431545,0.18650919138007407,0.02127518703009664,-0.026464709672960902,-0.13443159848371572,-0.7932568210671079,2.194096291454681,-0.5225149511421291,-2.9146840707644754
0.797295093536377,-0.0012849977574622188,0.05650345859313287,0.005359313538712972,-0.01434348777651723,0.18464409946627333,0.021062435159795674,-0.026464709672960902,-0.13443159848371572,-0.7932568210671079,2.1721553285401343,-0.5172898016307078,-2.8855372300568307
0.8040616512298584,7.771561172376096e-16,0.0,0.0,-0.012301010851566237,0.09929366552174569,0.012931515465299978,0.0,0.0,0.0,2.1895448134986775,-0.3134463172197546,-1.6843622574500525
0.8084678649902344,7.771561172376096e-16,0.0,0.0,-0.012178000743050574,0.09830072886652823,0.012802200310646978,0.0,0.0,0.0,2.167649365363691,-0.310311854047557,-1.667518634875552
0.8168959617614746,-0.0011806027907177018,0.05435147446562833,0.005739026715206544,-0.013457014797153782,0.16180615347519894,0.019483576527539875,-0.026423724999696852,-0.13478572208563874,-0.7935280899958941,2.164906600790172,-0.4659852052995611,-2.5928962106341276
0.8243203163146973,-0.0011806027907177018,0.05435147446562833,0.005739026715206544,-0.013322444649182244,0.16018809194044695,0.019288740762264476,-0.026423724999696852,-0.13478572208563874,-0.7935280899958941,2.14325753478227,-0.4613253532465655,-2.5669672485277863
0.8294053077697754,7.771561172376096e-16,0.0,0.0,-0.010867480232922192,0.05170014258655131,0.007809646158609502,0.0,0.0,0.0,2.173789107718923,-0.19164632079123528,-0.9807677364034715
0.8324859142303467,7.771561172376096e-16,0.0,0.0,-0.01075880543059297,0.0511831411606858,0.007731549697023407,0.0,0.0,0.0,2.1520512166417336,-0.18972985758332292,-0.9709600590394367
0.8408157825469971,-0.0011265771512585473,0.05374471501206497,0.005760085430856523,-0.012003672311267746,0.11519179551070358,0.014569211978684842,-0.026364763170217992,-0.13514581146675203,-0.7937783075331146,2.1491899960982375,-0.34896345769955545,-1.914712054228755
0.8453257083892822,-0.0011265771512585473,0.05374471501206497,0.005760085430856523,-0.011883635588155068,0.11403987755559654,0.014423519858897994,-0.026364763170217992,-0.13514581146675203,-0.7937783075331146,2.127698096137255,-0.34547382312255986,-1.8955649336864675
0.8490545749664307,7.771561172376096e-16,0.0,0.0,-0.008743567101943857,-0.03123202579410532,-0.001167997541086976,0.0,0.0,0.0,2.177125611099091,0.020412256296802878,0.25212954582902425
0.8576154708862305,7.771561172376096e-16,0.0,0.0,-0.008656131430924419,-0.030919705536164268,-0.0011563175656761062,0.0,0.0,0.0,2.1553543549881002,0.02020813373383485,0.249608250370734
0.8620202541351318,-0.002316557802800731,0.05644493002288237,0.006405649127300683,-0.013828756941254728,0.09753411710766591,0.013397729917008452,-0.026275805313921378,-0.13552704691965686,-0.7939796358893524,2.173997207823802,-0.2834348804821792,-1.556684759314897
0.8658194541931152,-0.002316557802800731,0.05644493002288237,0.006405649127300683,-0.01369046937184218,0.09655877593658925,0.013263752617838367,-0.026275805313921378,-0.13552704691965686,-0.7939796358893524,2.152257235745564,-0.2806005316773574,-1.541117911721748
0.8694438934326172,7.771561172376096e-16,0.0,0.0,-0.007162071678175347,-0.06014105453735079,-0.004542375078866168,0.0,0.0,0.0,2.203230858185768,0.09613103277854723,0.6649207918851774
0.8723297119140625,7.771561172376096e-16,0.0,0.0,-0.007090450961393594,-0.05953964399197728,-0.004496951328077507,0.0,0.0,0.0,2.18119854960391,0.09516972245076176,0.6582715839663256
0.8757433891296387,-0.002901541641750562,0.05886235056307723,0.006969951937684368,-0.015519300407754101,0.11348667325819328,0.015965742233280785,-0.02614522708879789,-0.13588565687839915,-0.7941325565904324,2.217068738414318,-0.2970240872443817,-1.676339054616316
0.8799898624420166,-0.002901541641750562,0.05886235056307723,0.006969951937684368,-0.01536410740367656,0.11235180652561134,0.015806084810947977,-0.02614522708879789,-0.13588565687839915,-0.7941325565904324,2.1948980510301745,-0.2940538463719379,-1.6595756640701527
0.8926131725311279,7.771561172376096e-16,0.0,0.0,-0.012911907852292268,0.06459840283800093,0.010126530877045917,0.0,0.0,0.0,2.193660933655795,-0.1834666954752302,-1.013879813250953
0.8955082893371582,7.771561172376096e-16,0.0,0.0,-0.012782788773769345,0.06395241880962092,0.010025265568275458,0.0,0.0,0.0,2.171724324319237,-0.1816320285204779,-1.0037410151184434
0.8988339900970459,-0.003134333259188986,0.06117418992023818,0.007507204161267884,-0.022079540803124388,0.2472566536574518,0.032498313107891745,-0.025985583864224303,-0.1362581524959996,-0.7942500824955953,2.2150179142937563,-0.5819885583882988,-3.383596670574457
0.9028761386871338,-0.003134333259188986,0.06117418992023818,0.007507204161267884,-0.021858745395093145,0.2447840871208773,0.032173329976812826,-0.025985583864224303,-0.1362581524959996,-0.7942500824955953,2.1928677351508186,-0.5761686728044157,-3.3497607038687125
0.9066131114959717,7.771561172376096e-16,0.0,0.0,-0.013252798922160039,0.07863639332175304,0.011762598053577402,0.0,0.0,0.0,2.2404755120190702,-0.2057852468607383,-1.1908794691589746
0.9095571041107178,7.771561172376096e-16,0.0,0.0,-0.013120270932938438,0.07785002938853551,0.011644972073041628,0.0,0.0,0.0,2.2180707568988796,-0.20372739439213092,-1.178970674467385
0.9122109413146973,-0.0031121859860621525,0.06332704716835333,0.008008651303860942,-0.024716185400940553,0.31569598983170255,0.04170615077598318,-0.025808695219036053,-0.13661893007172146,-0.7943391954519223,2.284225355567668,-0.7071307213027103,-4.162223755974882
0.9149503707885742,-0.0031121859860621525,0.06332704716835333,0.008008651303860942,-0.02446902354693115,0.3125390299333855,0.04128908926822335,-0.025808695219036053,-0.13661893007172146,-0.7943391954519223,2.261383102011991,-0.7000594140896832,-4.120601518415133
0.9249231815338135,7.771561172376096e-16,0.0,0.0,-0.021103662453901845,0.24591394151876966,0.03284571277980866,0.0,0.0,0.0,2.264648329442225,-0.5560674204710211,-3.282890670497524
0.9299890995025635,7.771561172376096e-16,0.0,0.0,-0.020892625829362826,0.24345480210358197,0.03251725565201057,0.0,0.0,0.0,2.2420018461478026,-0.5505067462663109,-3.2500617637925484
0.934657096862793,-0.0034352559407745736,0.06434906331653845,0.007707685515812731,-0.028042863845760355,0.3788717958695682,0.04870384375217135,-0.02563245997633197,-0.13699610743807372,-0.7944185714144789,2.2720155171834637,-0.8326213679742537,-4.9204795771226415
0.9416654109954834,-0.0034352559407745736,0.06434906331653845,0.007707685515812731,-0.02776243520730275,0.37508307791087253,0.048216805314649634,-0.02563245997633197,-0.13699610743807372,-0.7944185714144789,2.249295362011629,-0.8242951542945112,-4.871274781351415
0.9469606876373291,7.771561172376096e-16,0.0,0.0,-0.020997414307090227,0.24981062008772487,0.03317886229990227,0.0,0.0,0.0,2.275208680074795,-0.5573384155332208,-3.3223220552587325
0.9507672786712646,7.771561172376096e-16,0.0,0.0,-0.020787440164019323,0.2473125138868476,0.03284707367690325,0.0,0.0,0.0,2.252456593274047,-0.5517650313778886,-3.289098834706145
0.9536628723144531,-0.0038607801702911435,0.0703697380418684,0.007984643762850038,-0.03391285988454964,0.4878629159179757,0.06009375590275018,-0.02542315021261554,-0.1373637493660054,-0.7945177098258662,2.3315993665275156,-1.010091135037211,-6.001417008015699
0.9563937187194824,-0.0038607801702911435,0.0703697380418684,0.007984643762850038,-0.03357373128570414,0.48298428675879596,0.05949281834372268,-0.02542315021261554,-0.1373637493660054,-0.7945177098258662,2.3082833728622405,-0.9999902236868389,-5.941402837935542
0.9638190269470215,7.771561172376096e-16,0.0,0.0,-0.02803850588160125,0.3833843200317292,0.048144607578376554,0.0,0.0,0.0,2.3194390507664764,-0.8049963182966066,-4.811975706424454
0.9673235416412354,7.771561172376096e-16,0.0,0.0,-0.027758120822785236,0.37955047683141185,0.04766316150259279,0.0,0.0,0.0,2.296244660258812,-0.7969463551136405,-4.7638559493602095
0.9714779853820801,-0.0037818161922315192,0.07469926439397091,0.008283582985641464,-0.03658360233039365,0.555560667009835,0.06712562041899185,-0.025228232891866972,-0.13773039817446892,-0.7946184709786884,2.352802980639254,-1.113342363126004,-6.629451118108677
0.9781632423400879,-0.0037818161922315192,0.07469926439397091,0.008283582985641464,-0.03621776630708971,0.5500050603397366,0.06645436421480193,-0.025228232891866972,-0.13773039817446892,-0.7946184709786884,2.329274950832861,-1.1022089394947439,-6.56315660692759
0.9857614040374756,7.771561172376096e-16,0.0,0.0,-0.030878310793334866,0.44619272399009996,0.054887732257674446,0.0,0.0,0.0,2.3391852758268037,-0.9099187965101732,-5.45172146016868
0.9898674488067627,7.771561172376096e-16,0.0,0.0,-0.030569527685401516,0.44173079675019894,0.0543388549350977,0.0,0.0,0.0,2.3157934230685355,-0.9008196085450714,-5.397204245566993
0.9926838874816895,-0.003398899122408276,0.07793954356821359,0.008609999285891231,-0.04233190672050617,0.7140443271356407,0.08436598568212432,-0.025050174938429613,-0.13809302599895415,-0.794724781287562,2.4195541187994563,-1.3726897540961227,-8.16513936693574
0.9955933094024658,-0.003398899122408276,0.07793954356821359,0.008609999285891231,-0.04190858765330111,0.7069038838642843,0.08352232582530307,-0.025050174938429613,-0.13809302599895415,-0.794724781287562,2.3953585776114616,-1.3589628565551615,-8.083487973266383
1.007084608078003,7.771561172376096e-16,0.0,0.0,-0.03853169934000376,0.6320100101058662,0.07519447746957486,0.0,0.0,0.0,2.3932042467722643,-1.2252014093831283,-7.3110647850865735
1.0107731819152832,7.771561172376096e-16,0.0,0.0,-0.03814638234660372,0.6256899100048076,0.07444253269487912,0.0,0.0,0.0,2.3692722043045418,-1.212949395289297,-7.2379541372357075
1.0172152519226074,-0.0028325177710890174,0.08022892215925805,0.008935777556549633,-0.04216182474717654,0.7439720520329107,0.08756907981372843,-0.024897801737450445,-0.1384558168630484,-0.7948348014560359,2.4040585232071354,-1.4123365264327687,-8.399201905691912
1.023233413696289,-0.0028325177710890174,0.08022892215925805,0.008935777556549633,-0.04174020649970478,0.7365323315125816,0.08669338901559114,-0.024897801737450445,-0.1384558168630484,-0.7948348014560359,2.380017937975064,-1.398213161168441,-8.315209886634992
1.0279145240783691,7.771561172376096e-16,0.0,0.0,-0.03527185169081805,0.5577783512104614,0.0667374424186274,0.0,0.0,0.0,2.4094055702580386,-1.0884554430782225,-6.534095687796015
1.0329227447509766,7.771561172376096e-16,0.0,0.0,-0.03491913317390987,0.5522005676983568,0.06607006799444114,0.0,0.0,0.0,2.385311514555458,-1.0775708886474402,-6.468754730918055
1.036731243133545,-0.002710850272700195,0.07968592206394605,0.009086277127114174,-0.04168783976516487,0.7559104273378232,0.08926726671312177,-0.02479416582797823,-0.13882552181891997,-0.7949539478570496,2.4594732052508883,-1.4257989086132885,-8.49105231187932
1.0404751300811768,-0.002710850272700195,0.07968592206394605,0.009086277127114174,-0.04127096136751322,0.748351323064445,0.08837459404599055,-0.02479416582797823,-0.13882552181891997,-0.7949539478570496,2.4348784731983795,-1.4115409195271555,-8.406141788760527
1.0449168682098389,7.771561172376096e-16,0.0,0.0,-0.03475512231626923,0.5614652431904847,0.06703426812734298,0.0,0.0,0.0,2.4663505520782865,-1.0848777693403724,-6.532344180152248
1.0489180088043213,7.771561172376096e-16,0.0,0.0,-0.03440757109310654,0.5558505907585799,0.06636392544606955,0.0,0.0,0.0,2.4416870465575036,-1.0740289916469687,-6.467020738350725
1.0540292263031006,-0.0022586641677658803,0.07488117211997491,0.009711802275627984,-0.03848252894571702,0.6967956764861744,0.08470124296550366,-0.02476290388292663,-0.1391859321546099,-0.7950832107472238,2.4827297831348414,-1.3321708386890347,-7.957889997918468
1.0589563846588135,-0.0022586641677658803,0.07488117211997491,0.009711802275627984,-0.03809770365625985,0.6898277197213126,0.08385423053584862,-0.02476290388292663,-0.1391859321546099,-0.7950832107472238,2.4579024853034928,-1.3188491303021443,-7.8783110979392825
1.064993143081665,7.771561172376096e-16,0.0,0.0,-0.03397520839160864,0.5588874205069196,0.06692791132216641,0.0,0.0,0.0,2.474343660611506,-1.075096613730635,-6.482458203717424
1.0693230628967285,7.771561172376096e-16,0.0,0.0,-0.03363545630769255,0.5532985463018505,0.06625863220894475,0.0,0.0,0.0,2.449600224005391,-1.0643456475933286,-6.417633621680249
1.0727126598358154,-0.001573436558139878,0.07156080614782896,0.010166099140942176,-0.03794105943579913,0.7588844856957382,0.09558810489455766,-0.02476307811962286,-0.13955003948592679,-0.795213747019561,2.51583749331504,-1.4618001010081871,-8.699511948833985
1.0754978656768799,-0.001573436558139878,0.07156080614782896,0.010166099140942176,-0.03756164884144114,0.7512956408387808,0.09463222384561208,-0.02476307811962286,-0.13955003948592679,-0.795213747019561,2.4906791183818893,-1.4471820999981053,-8.612516829345646
1.087932825088501,7.771561172376096e-16,0.0,0.0,-0.03592069926583531,0.686234602624069,0.08551048357447508,0.0,0.0,0.0,2.485686407574143,-1.3204863184152607,-7.886893194916149
1.0929434299468994,7.771561172376096e-16,0.0,0.0,-0.03556149227317696,0.6793722565978283,0.08465537873873033,0.0,0.0,0.0,2.4608295434984018,-1.307281455231108,-7.808024262966987
1.1004624366760254,-0.0007810558733127146,0.06906533313278738,0.010516408728528506,-0.03624465268534143,0.7644328648243105,0.09779525840909174,-0.02480687602689192,-0.13991040136685318,-0.7953466949788471,2.4743602241191787,-1.4794848476283433,-8.787692896785048
1.105463981628418,-0.0007810558733127146,0.06906533313278738,0.010516408728528506,-0.035882206158488014,0.7567885361760673,0.09681730582500082,-0.02480687602689192,-0.13991040136685318,-0.7953466949788471,2.4496166218779867,-1.4646899991520599,-8.699815967817198
1.1095218658447266,7.771561172376096e-16,0.0,0.0,-0.03359859809592648,0.5790202965133768,0.06993314264001631,0.0,0.0,0.0,2.486252993465962,-1.1052565209615968,-6.652814386202152
1.1128120422363281,7.771561172376096e-16,0.0,0.0,-0.03326261211496722,0.5732300935482431,0.06923381121361614,0.0,0.0,0.0,2.4613904635313024,-1.0942039557519807,-6.5862862423401305
1.1156549453735352,2.4701036057815435e-05,0.06730405907734183,0.010773107738611641,-0.03284309933301733,0.8042419088525553,0.10643621386002566,-0.024896088550283996,-0.14027478932793194,-0.795479349997013,2.532274065714538,-1.5767946838193936,-9.318267696053706
1.1197583675384521,2.4701036057815435e-05,0.06730405907734183,0.010773107738611641,-0.03251466833968716,0.7961994897640298,0.10537185172142541,-0.024896088550283996,-0.14027478932793194,-0.795479349997013,2.5069513250573925,-1.5610267369811996,-9.225085019093168
1.1297807693481445,7.771561172376096e-16,0.0,0.0,-0.0322141674812393,0.721083872056881,0.09356910523349729,0.0,0.0,0.0,2.506722253272863,-1.4054552188139224,-8.339132853487277
1.134361982345581,7.771561172376096e-16,0.0,0.0,-0.03189202580642691,0.7138730333363121,0.09263341418116232,0.0,0.0,0.0,2.4816550307401344,-1.3914006666257832,-8.255741524952404
1.1404478549957275,0.0004457733187378371,0.06757613234710012,0.011025742826352238,-0.03084063324017799,0.817772006602405,0.10982402638407396,-0.025022075330485078,-0.14064419186292598,-0.7956145757845434,2.501541260234197,-1.6091888557947152,-9.480273521229286
1.1455919742584229,0.0004457733187378371,0.06757613234710012,0.011025742826352238,-0.03053222690777621,0.809594286536381,0.10872578612023322,-0.025022075330485078,-0.14064419186292598,-0.7956145757845434,2.476525847631855,-1.593096967236768,-9.385470786016993
1.1487905979156494,7.771561172376096e-16,0.0,0.0,-0.03162054567467946,0.5902320629554749,0.07316825601727431,0.0,0.0,0.0,2.5299882208244058,-1.1374637789392956,-6.804250695277117
1.1523773670196533,7.771561172376096e-16,0.0,0.0,-0.031304340217932665,0.5843297423259202,0.07243657345710157,0.0,0.0,0.0,2.5046883386161616,-1.1260891411499026,-6.736208188324346
1.1555898189544678,0.000533421342841628,0.06809242795667267,0.010352691270960734,-0.029330816429852528,0.7904504815275564,0.10393896622672812,-0.02519052872375477,-0.14101725487621808,-0.795764315834409,2.565396442685165,-1.555158787405058,-9.145485933239428
1.158402919769287,0.000533421342841628,0.06809242795667267,0.010352691270960734,-0.029037508265554002,0.7825459767122808,0.10289957656446083,-0.02519052872375477,-0.14101725487621808,-0.795764315834409,2.5397424782583133,-1.5396071995310074,-9.054031073907034
1.1659185886383057,7.771561172376096e-16,0.0,0.0,-0.02945687885176334,0.6841198942416132,0.08809577053058167,0.0,0.0,0.0,2.547862401249787,-1.336580116465576,-7.904683716579274
1.1697306632995605,7.771561172376096e-16,0.0,0.0,-0.029162310063245704,0.677278695299197,0.08721481282527585,0.0,0.0,0.0,2.5223837772372892,-1.3232143153009202,-7.825636879413481
1.1732182502746582,0.0009106168402101634,0.06872296494253599,0.00997980973720857,-0.026259664365294685,0.8675560907021925,0.11495789295790151,-0.025394487295810314,-0.1413877767124443,-0.7959236981224679,2.5771667458615295,-1.7174996770305477,-10.028924548789973
1.1775102615356445,0.0009106168402101634,0.06872296494253599,0.00997980973720857,-0.025997067721641738,0.8588805297951706,0.1138083140283225,-0.025394487295810314,-0.1413877767124443,-0.7959236981224679,2.5513950784029142,-1.7003246802602423,-9.928635303302073
1.187314748764038,7.771561172376096e-16,0.0,0.0,-0.026665872633598677,0.7801983444543381,0.10249141224640006,0.0,0.0,0.0,2.5517820102497164,-1.5391142215771558,-9.01755361657991
1.1937365531921387,7.771561172376096e-16,0.0,0.0,-0.02639921390726269,0.7723963610097947,0.10146649812393606,0.0,0.0,0.0,2.526264190147219,-1.5237230793613843,-8.927378080414112
1.196742057800293,0.0014118777848270644,0.06984525637748507,0.009742954659868065,-0.021437582040752308,0.9970635113177604,0.1328688676514254,-0.025631836980897924,-0.1417627936955189,-0.796091172207794,2.596148522097949,-1.983951685422085,-11.485867858173114
1.2001543045043945,0.0014118777848270644,0.06984525637748507,0.009742954659868065,-0.021223206220344785,0.9870928762045827,0.13154017897491113,-0.025631836980897924,-0.1417627936955189,-0.796091172207794,2.5701870368769697,-1.9641121685678642,-11.371009179591383
1.2077558040618896,7.771561172376096e-16,0.0,0.0,-0.022868341608007423,0.885338423870379,0.11740762895516377,0.0,0.0,0.0,2.578204614607917,-1.757977852186488,-10.210017342678686
1.2142002582550049,7.771561172376096e-16,0.0,0.0,-0.02263965819192735,0.8764850396316752,0.11623355266561212,0.0,0.0,0.0,2.5524225684618376,-1.740398073664623,-10.107917169251898
1.219336986541748,0.0019501269624127172,0.07088320171239403,0.009611310625418189,-0.018616823773409213,1.0057130861836532,0.13378217494885813,-0.025903905468933112,-0.14213876709839438,-0.7962616006228103,2.5836922763807295,-2.002758891477243,-11.556203254421183
1.229004144668579,0.0019501269624127172,0.07088320171239403,0.009611310625418189,-0.01843065553567512,0.9956559553218166,0.13244435319936956,-0.025903905468933112,-0.14213876709839438,-0.7962616006228103,2.5578553536169224,-1.9827313025624707,-11.440641221876971
1.2376275062561035,7.771561172376096e-16,0.0,0.0,-0.02050779533464175,0.9035003588930693,0.11997424387583223,0.0,0.0,0.0,2.5623160199441632,-1.7980741077607763,-10.402857548318751
1.240797758102417,7.771561172376096e-16,0.0,0.0,-0.020302717381295333,0.8944653553041386,0.11877450143707391,0.0,0.0,0.0,2.5366928597447216,-1.7800933666831684,-10.298828972835564
1.2453198432922363,0.002454834589430046,0.0722512960032482,0.00955710559112002,-0.014671144555675798,1.045294993854017,0.1387210455613425,-0.026205983876955437,-0.1425194093211734,-0.796432928498479,2.5776074575905272,-2.081819355735549,-11.955967497072058
1.2496337890625,0.002454834589430046,0.0722512960032482,0.00955710559112002,-0.014524433110119039,1.0348420439154769,0.13733383510572905,-0.026205983876955437,-0.1425194093211734,-0.796432928498479,2.5518313830146218,-2.061001162178193,-11.836407822101338
1.2531793117523193,7.771561172376096e-16,0.0,0.0,-0.021302948134664098,0.8207118335283643,0.10900507599664797,0.0,0.0,0.0,2.6002259620625936,-1.6384210553419418,-9.47173763283676
1.2564547061920166,0.0024706410793836103,0.07456431649508576,0.01044012143188797,-0.013546884906178329,1.040154599406652,0.13978941967710481,-0.02652804470463169,-0.14290965353253296,-0.7966045808021873,2.670014344087266,-2.0644365706648853,-11.807469741210296
1.2704741954803467,7.771561172376096e-16,0.0,0.0,-0.015173706414896848,0.9765668674099657,0.1309446626045381,0.0,0.0,0.0,2.6622364624770816,-1.9418557858823342,-11.12118277556294
1.2739617824554443,7.771561172376096e-16,0.0,0.0,-0.01502196935074788,0.966801198735866,0.12963521597849273,0.0,0.0,0.0,2.6356140978523106,-1.922437228023511,-11.00997094780731
1.2767436504364014,0.0027647888511334166,0.07631531889307955,0.01100707746767298,-0.004933144122906293,1.231464389434931,0.167906081037572,-0.026828955849069976,-0.14329045009119812,-0.7967754200684342,2.72570397288043,-2.4263298953015457,-13.761845734613008
1.2794837951660156,0.0027647888511334166,0.07631531889307955,0.01100707746767298,-0.00488381268167723,1.2191497455405818,0.1662270202271963,-0.026828955849069976,-0.14329045009119812,-0.7967754200684342,2.698446933151626,-2.40206659634853,-13.624227277266877
1.2886309623718262,7.771561172376096e-16,0.0,0.0,-0.007857537484918591,1.1235276983029419,0.1525314317089751,0.0,0.0,0.0,2.700792807570716,-2.2213958475045477,-12.616922519091842
1.2940852642059326,7.771561172376096e-16,0.0,0.0,-0.0077789621100694045,1.1122924213199123,0.15100611739188535,0.0,0.0,0.0,2.6737848794950088,-2.1991818890295023,-12.490753293900923
1.2986490726470947,0.0031747715041391925,0.07764506717563283,0.011422165160130254,-0.0007447641623080821,1.2713016754762805,0.1745237612748023,-0.027119195616327373,-0.1436782307988236,-0.7969442931571256,2.7195914745827974,-2.4976302662774676,-14.11055357275293
1.306100845336914,0.0031747715041391925,0.07764506717563283,0.011422165160130254,-0.0007373165206850013,1.2585886587215176,0.17277852366205426,-0.027119195616327373,-0.1436782307988236,-0.7969442931571256,2.6923955598369695,-2.472653963614693,-13.969448037025401
1.3093500137329102,7.771561172376096e-16,0.0,0.0,-0.0105009712531108,1.0070337261737612,0.13589661968475636,0.0,0.0,0.0,2.748936639937414,-2.005727410658593,-11.37698966131753
1.3121702671051025,7.771561172376096e-16,0.0,0.0,-0.01039596154057969,0.9969633889120235,0.1345376534879088,0.0,0.0,0.0,2.72144727353804,-1.9856701365520073,-11.263219764704354
1.3149054050445557,0.003617025742718716,0.07883664521438653,0.011716144132618022,0.00293228812083798,1.2752302058329472,0.17602793786657261,-0.027399203267708058,-0.1440624137867761,-0.7971095234408738,2.8175870655111606,-2.503200824638125,-14.0620781831733
1.3180904388427734,0.003617025742718716,0.07883664521438653,0.011716144132618022,0.0029029652396296004,1.2624779037746177,0.17426765848790687,-0.027399203267708058,-0.1440624137867761,-0.7971095234408738,2.789411194856049,-2.4781688163917437,-13.921457401341566
1.337024211883545,7.771561172376096e-16,0.0,0.0,0.0009635790328745234,1.2082150185629874,0.16633702131673114,0.0,0.0,0.0,2.7759881570080953,-2.37729959222718,-13.361244053483974
1.3422746658325195,7.771561172376096e-16,0.0,0.0,0.0009539432425457781,1.1961328683773575,0.16467365110356383,0.0,0.0,0.0,2.7482282754380143,-2.353526596304908,-13.227631612949134
1.3478307723999023,0.0034143877720384944,0.07909260483587265,0.012108969692118728,0.00708969229699334,1.3265241095672193,0.18482089846462418,-0.027678165281624128,-0.14446211946641074,-0.7972722292331498,2.7812523065062775,-2.5949619519178015,-14.528983273886947
1.3525803089141846,0.0034143877720384944,0.07909260483587265,0.012108969692118728,0.007018795374023407,1.3132588684715472,0.18297268947997794,-0.027678165281624128,-0.14446211946641074,-0.7972722292331498,2.7534397834412148,-2.5690123323986236,-14.383693441148077
1.3576569557189941,7.771561172376096e-16,0.0,0.0,0.00022293217968349932,1.1443293376774435,0.1572906637003181,0.0,0.0,0.0,2.7804259507471665,-2.258760125043995,-12.669386352149871
1.3609414100646973,7.771561172376096e-16,0.0,0.0,0.00022070285788666432,1.132886044300669,0.15571775706331492,0.0,0.0,0.0,2.752621691239695,-2.236172523793555,-12.542692488628372
1.364980936050415,0.0036592346816467433,0.08701957691298684,0.01208271513490095,0.009277070262505226,1.3369774515342534,0.18407179971411583,-0.027901705611382666,-0.14484422072371597,-0.7974263180342837,2.8234230951325308,-2.5797784704719264,-14.388724485529915
1.368274211883545,0.0036592346816467433,0.08701957691298684,0.01208271513490095,0.009184299559880173,1.323607677018911,0.18223108171697466,-0.027901705611382666,-0.14484422072371597,-0.7974263180342837,2.7951888641812053,-2.553980685767207,-14.244837240674615
1.3709592819213867,7.771561172376096e-16,0.0,0.0,-0.004535622517734615,0.9862847954854042,0.13540914346136082,0.0,0.0,0.0,2.8711512318461283,-1.9889978897793918,-11.132535915473987
1.3746697902679443,7.771561172376096e-16,0.0,0.0,-0.004490266292557269,0.9764219475305501,0.13405505202674722,0.0,0.0,0.0,2.842439719527667,-1.9691079108815979,-11.021210556319247
1.3840279579162598,0.004032056476430754,0.09209502556989407,0.012096969163349632,-0.00013676751556679183,1.065069114804094,0.14564114443270182,-0.028082996066721058,-0.14523667130841247,-0.7975754300028686,2.8605887998099067,-2.1081509497798465,-11.761879146918375
1.3888521194458008,0.004032056476430754,0.09209502556989407,0.012096969163349632,-0.0001353998404111239,1.0544184236560532,0.1441847329883748,-0.028082996066721058,-0.14523667130841247,-0.7975754300028686,2.8319829118118074,-2.087069440282048,-11.644260355449191
1.3928475379943848,7.771561172376096e-16,0.0,0.0,-0.010225745691223004,0.8133726675565561,0.11246578448310368,0.0,0.0,0.0,2.873951078119535,-1.7026907190170948,-9.5315927749507
1.4015271663665771,0.0044694352127522385,0.09540495858836848,0.012120808951533354,-0.00497414886043787,0.9151571937108294,0.12530579013742174,-0.02822772995966776,-0.14562029137545351,-0.7977184896969797,2.89829744304104,-1.8576680344194163,-10.353605107609392
1.405322551727295,7.771561172376096e-16,0.0,0.0,-0.016700379474719546,0.654634681747948,0.09211708460199244,0.0,0.0,0.0,2.943688286489111,-1.455414131512729,-8.148257477784632
1.4100654125213623,0.0044694352127522385,0.09540495858836848,0.012120808951533354,-0.007109874955805907,0.8492432132429545,0.11675181657035563,-0.02822772995966776,-0.14562029137545351,-0.7977184896969797,3.0114007177023785,-1.7556347211823544,-9.745522971179533
1.4138233661651611,0.004909949548444811,0.0972406196102892,0.012156680734456478,-0.00589305992789796,0.8456423711671314,0.11563560239975021,-0.028342502157148404,-0.14601143064709549,-0.7978551580887996,2.9810051800969686,-1.7391174786471628,-9.648454869085812
1.419058084487915,0.004909949548444811,0.0972406196102892,0.012156680734456478,-0.0058341293286189805,0.83718594745546,0.1144792463757527,-0.028342502157148404,-0.14601143064709549,-0.7978551580887996,2.951195128295999,-1.7217263038606911,-9.551970320394954
1.4236962795257568,7.771561172376096e-16,0.0,0.0,-0.016361693777512808,0.6191622324273358,0.08712451527148223,0.0,0.0,0.0,2.982789926353913,-1.3897067751652332,-7.736266037673946
1.4286019802093506,7.771561172376096e-16,0.0,0.0,-0.01619807683973768,0.6129706101030624,0.0862532701187674,0.0,0.0,0.0,2.952962027090374,-1.3758097074135809,-7.658903377297206
1.4366958141326904,7.771561172376096e-16,0.0,0.0,-0.016036096071340305,0.6068409040020318,0.08539073741757973,0.0,0.0,0.0,2.92343240681947,-1.362051610339445,-7.582314343524234
1.4405806064605713,7.771561172376096e-16,0.0,0.0,-0.015875735110626902,0.6007724949620115,0.08453683004340393,0.0,0.0,0.0,2.8941980827512754,-1.3484310942360507,-7.506491200088992
1.4447104930877686,0.005305989200281471,0.097762407885665,0.012201758418979892,-0.0028691935967830075,0.8314841202285768,0.1132364820314823,-0.028435600506946157,-0.1463998832211828,-0.79798515935609,2.9808562323173113,-1.699970600836042,-9.359449471785135
1.4502525329589844,0.005305989200281471,0.097762407885665,0.012201758418979892,-0.0028405016608151774,0.823169279026291,0.11210411721116748,-0.028435600506946157,-0.1463998832211828,-0.79798515935609,2.9510476699941384,-1.6829708948276816,-9.265854977067283
1.4572277069091797,7.771561172376096e-16,0.0,0.0,-0.010419059908731949,0.6747799233824335,0.09348995184444232,0.0,0.0,0.0,2.9623040626367887,-1.4562541145797936,-8.029160213929135
1.4609665870666504,7.771561172376096e-16,0.0,0.0,-0.010314869309644628,0.6680321241486092,0.0925550523259979,0.0,0.0,0.0,2.9326810220104207,-1.4416915734339957,-7.948868611789844
1.4671006202697754,0.00547585854740436,0.098550802021805,0.012269714886644828,-0.0012847090304128304,0.8220141253275464,0.1116321892358513,-0.028506224275301008,-0.14679678942406582,-0.7981384341746885,2.982090725762033,-1.673910902985414,-9.167621369250282
1.472151517868042,0.00547585854740436,0.098550802021805,0.012269714886644828,-0.001271861940108702,0.8137939840742708,0.1105158673434928,-0.028506224275301008,-0.14679678942406582,-0.7981384341746885,2.9522698185044125,-1.65717179395556,-9.075945155557779
1.4758164882659912,7.771561172376096e-16,0.0,0.0,-0.01620021501522299,0.5367567317671835,0.07593236217779004,0.0,0.0,0.0,3.0005273509352883,-1.2400598983758016,-6.807437052549799
1.4789738655090332,7.771561172376096e-16,0.0,0.0,-0.01603821286507076,0.5313891644495117,0.07517303855601214,0.0,0.0,0.0,2.9705220774259353,-1.2276592993920434,-6.739362682024301
1.48179292678833,0.00581362822947001,0.09827908653569628,0.012352030998715869,0.004744737038762395,0.8746987215305047,0.11823742202873866,-0.02858041377746186,-0.14718489059537668,-0.7982891833768685,3.111087848035356,-1.7543720013661086,-9.497249538576817
1.4873688220977783,0.00581362822947001,0.09827908653569628,0.012352030998715869,0.004697289668374771,0.8659517343151996,0.11705504780845127,-0.02858041377746186,-0.14718489059537668,-0.7982891833768685,3.0799769695550023,-1.7368282813524476,-9.402277043191049
1.490945816040039,7.771561172376096e-16,0.0,0.0,-0.011602515420121097,0.5825389237820076,0.08135262168813645,0.0,0.0,0.0,3.12907784894861,-1.307983510260743,-7.076522275828969
1.4969310760498047,7.771561172376096e-16,0.0,0.0,-0.011486490265919885,0.5767135345441875,0.08053909547125508,0.0,0.0,0.0,3.097787070459124,-1.2949036751581358,-7.005757053070679
1.510120153427124,0.006580875992677552,0.09574032795365664,0.01253039197244889,-0.006381984462378861,0.6435370173403124,0.08923428716836386,-0.028748158523418468,-0.14797415190780805,-0.7985863963597667,3.101529302428448,-1.3982133921128534,-7.539818787527499
1.5176832675933838,0.006580875992677552,0.09574032795365664,0.01253039197244889,-0.006318164617755072,0.6371016471669093,0.08834194429668021,-0.028748158523418468,-0.14797415190780805,-0.7985863963597667,3.0705140094041634,-1.3842312581917249,-7.4644205996522235
1.5229318141937256,7.771561172376096e-16,0.0,0.0,-0.018793455988561338,0.44831760239627877,0.063584502335493,0.0,0.0,0.0,3.0945824299022036,-1.088455368230172,-5.868238228580134
1.529693841934204,7.771561172376096e-16,0.0,0.0,-0.018605521428675723,0.44383442637231596,0.06294865731213807,0.0,0.0,0.0,3.0636366056031816,-1.0775708145478704,-5.809555846294333
1.534292459487915,7.771561172376096e-16,0.0,0.0,-0.018419466214388967,0.4393960821085928,0.06231917073901669,0.0,0.0,0.0,3.0330002395471496,-1.0667951064023917,-5.75146028783139
1.556680679321289,7.771561172376096e-16,0.0,0.0,-0.018235271552245077,0.43500212128750687,0.06169597903162652,0.0,0.0,0.0,3.002670237151678,-1.0561271553383678,-5.693945684953076
1.5601708889007568,0.006746264956101422,0.09475982499276482,0.01213165966702728,0.0012761925031453715,0.7021539191923676,0.09583813439128727,-0.02884391504721369,-0.14837704567818494,-0.7987287353653993,3.1015240288497834,-1.4864034286868306,-7.9203741484340195
1.564258337020874,0.006746264956101422,0.09475982499276482,0.01213165966702728,0.0012634305781139177,0.6951323800004439,0.0948797530473744,-0.02884391504721369,-0.14837704567818494,-0.7987287353653993,3.0705087885612854,-1.4715393943999624,-7.841170406949679
1.5680506229400635,7.771561172376096e-16,0.0,0.0,-0.016538645504627338,0.43830584369795395,0.06194059422678915,0.0,0.0,0.0,3.1158631425580996,-1.0655638242984145,-5.65656536096013
1.5719451904296875,7.771561172376096e-16,0.0,0.0,-0.016373259049581063,0.4339227852609744,0.06132118828452126,0.0,0.0,0.0,3.0847045111325184,-1.0549081860554304,-5.599999707350529
1.575730323791504,0.007016394576609278,0.09285311298805246,0.011631822460141413,0.002327190496222979,0.674893574552633,0.09143826077548628,-0.028956269238292632,-0.14877784395007562,-0.7988712886473902,3.1685965232368636,-1.45244327228278,-7.649960380657882
1.5792343616485596,0.007016394576609278,0.09285311298805246,0.011631822460141413,0.0023039185912607494,0.6681446388071066,0.09052387816773141,-0.028956269238292632,-0.14877784395007562,-0.7988712886473902,3.136910558004495,-1.4379188395599523,-7.573460776851303
1.5837135314941406,7.771561172376096e-16,0.0,0.0,-0.013383618299579384,0.4541633663593983,0.06364993790531683,0.0,0.0,0.0,3.170187961122618,-1.091384700405221,-5.714200836960097
1.5885732173919678,7.771561172376096e-16,0.0,0.0,-0.01324978211658359,0.4496217326958043,0.06301343852626366,0.0,0.0,0.0,3.1384860815113917,-1.0804708534011689,-5.657058828590496
1.5924890041351318,0.007372054827797515,0.09085985955264576,0.011362035378227407,0.005709212935736152,0.6771602647362965,0.09139927493681256,-0.029079704581577707,-0.14918730415030965,-0.7990091593401036,3.2137512012422818,-1.4658767413856855,-7.636630860795475
1.5953433513641357,7.771561172376096e-16,0.0,0.0,-0.02017534248500709,0.35206768617755674,0.05067920932155664,0.0,0.0,0.0,3.283492340453823,-0.9285509955664969,-4.760993492166778
1.5982892513275146,7.771561172376096e-16,0.0,0.0,-0.019973589060157018,0.34854700931578114,0.05017241722834107,0.0,0.0,0.0,3.250657417049285,-0.9192654856108319,-4.71338355724511
1.6010634899139404,0.007746814045565747,0.08884824577703503,0.01122998322601187,0.008150255749806302,0.6653232723401905,0.09015020797939441,-0.029219751383225058,-0.14960009215644407,-0.7991401342224459,3.3624788410341893,-1.4718464224375412,-7.540822966048493
1.6049082279205322,0.007746814045565747,0.08884824577703503,0.01122998322601187,0.00806875319230824,0.6586700396167886,0.08924870589960046,-0.029219751383225058,-0.14960009215644407,-0.7991401342224459,3.3288540526238473,-1.4571279582131658,-7.465414736388008
1.6119353771209717,7.771561172376096e-16,0.0,0.0,-0.003036054967479853,0.5256476492377201,0.07237536671167909,0.0,0.0,0.0,3.337146743048842,-1.2296679411226725,-6.253542477627731
1.6150972843170166,7.771561172376096e-16,0.0,0.0,-0.0030056944178050546,0.5203911727453429,0.0716516130445623,0.0,0.0,0.0,3.303775275618354,-1.2173712617114458,-6.191007052851453
1.6181340217590332,0.008093009046424479,0.08690297723382027,0.01119520685016201,0.023674704220218577,0.8013594405136273,0.10780100008791119,-0.029378778892722404,-0.1500220498020951,-0.7992611620149408,3.3969790334461893,-1.7206791376787018,-8.755700080710898
1.6285152435302734,0.008093009046424479,0.08690297723382027,0.01119520685016201,0.023437957178016392,0.793345846108491,0.10672299008703208,-0.029378778892722404,-0.1500220498020951,-0.7992611620149408,3.3630092431117276,-1.7034723463019148,-8.668143079903789
1.6324141025543213,7.771561172376096e-16,0.0,0.0,0.0024461996233272054,0.5625190316737491,0.07694170107012063,0.0,0.0,0.0,3.4047313978675855,-1.3016531285117816,-6.531474314130182
1.6364471912384033,7.771561172376096e-16,0.0,0.0,0.0024217376270939334,0.5568938413570116,0.07617228405941942,0.0,0.0,0.0,3.37068408388891,-1.2886365972266638,-6.4661595709888795
1.640824794769287,0.007988426488302463,0.08547305838597508,0.011729314813109548,0.020645921303919075,0.746575701200905,0.102204478782076,-0.02955463725072278,-0.15045597477468153,-0.7993770983819367,3.421369849618601,-1.6341265121043846,-8.224031160208492
1.6450676918029785,0.007988426488302463,0.08547305838597508,0.011729314813109548,0.020439462090879885,0.739109944188896,0.10118243399425524,-0.02955463725072278,-0.15045597477468153,-0.7993770983819367,3.387156151122415,-1.6177852469833407,-8.141790848606407
1.6482861042022705,7.771561172376096e-16,0.0,0.0,-0.00458594828941088,0.4661436238561789,0.06372619744756791,0.0,0.0,0.0,3.4451144534820375,-1.1341223238998703,-5.576610764217128
1.6529436111450195,7.771561172376096e-16,0.0,0.0,-0.004540088806516771,0.4614821876176171,0.06308893547309223,0.0,0.0,0.0,3.410663308947217,-1.1227811006608717,-5.520844656574957
1.6564829349517822,0.007636175114352842,0.08403946015755027,0.011896822927123043,0.017080549418582634,0.6943123262646163,0.096071311184393,-0.029739744055035225,-0.15089261120943046,-0.7994940471222277,3.4771335586105887,-1.5552279111142073,-7.720505821266873
1.6615760326385498,0.007636175114352842,0.08403946015755027,0.011896822927123043,0.016909743924396807,0.6873692030019701,0.09511059807254907,-0.029739744055035225,-0.15089261120943046,-0.7994940471222277,3.4423622230244826,-1.5396756320030653,-7.643300763054205
1.6730942726135254,7.771561172376096e-16,0.0,0.0,0.01011100937831851,0.6075334435552846,0.08383081084106825,0.0,0.0,0.0,3.4337582955736896,-1.3932756915704805,-6.872756459896568
1.6772332191467285,7.771561172376096e-16,0.0,0.0,0.010009899284535325,0.6014581091197317,0.08299250273265757,0.0,0.0,0.0,3.3994207126179528,-1.3793429346547756,-6.804028895297602
1.6826529502868652,0.007623187101422043,0.08270018600020987,0.012084825789495999,0.023975418870011117,0.7480344663275948,0.10446041034134469,-0.029907467910072056,-0.15132922386284656,-0.7996002339527024,3.428778893397696,-1.6560618624141132,-8.208828094336655
1.687762975692749,0.007623187101422043,0.08270018600020987,0.012084825789495999,0.023735664681311004,0.7405541216643189,0.10341580623793124,-0.029907467910072056,-0.15132922386284656,-0.7996002339527024,3.3944911044637194,-1.639501243789972,-8.126739813393288
1.6928479671478271,7.771561172376096e-16,0.0,0.0,0.008506764452240006,0.5705127397962202,0.07861597246841279,0.0,0.0,0.0,3.419361371722293,-1.3255064709597075,-6.473001269503186
1.6977179050445557,7.771561172376096e-16,0.0,0.0,0.008421696807717606,0.5648076123982579,0.07782981274372866,0.0,0.0,0.0,3.38516775800507,-1.3122514062501105,-6.408271256808154
1.7014775276184082,0.007786614855297787,0.08152487910851003,0.012254614593776275,0.029048640873334176,0.7760027898378115,0.10964684660255197,-0.03006431876514195,-0.15176948244049632,-0.7996958437826883,3.439661076992822,-1.719421287199423,-8.4677011522834
1.7049901485443115,0.007786614855297787,0.08152487910851003,0.012254614593776275,0.028758154464600835,0.7682427619394333,0.10855037813652645,-0.03006431876514195,-0.15176948244049632,-0.7996958437826883,3.405264466222894,-1.7022270743274288,-8.383024140760567
1.7100095748901367,7.771561172376096e-16,0.0,0.0,0.012957615225549434,0.5981416165390386,0.08305050157734598,0.0,0.0,0.0,3.4311077472975717,-1.3828406050005293,-6.705992229110666
1.7142460346221924,7.771561172376096e-16,0.0,0.0,0.01282803907329394,0.5921602003736482,0.08221999656157251,0.0,0.0,0.0,3.396796669824596,-1.369012198950524,-6.638932306819559
1.7180488109588623,0.00803644640934025,0.08052528582454807,0.01240325117356533,0.03383286170480438,0.7979925346928242,0.11401410130460249,-0.030213330030222776,-0.1522114700474188,-0.7997779987346847,3.447615322715328,-1.7725164080770701,-8.672183816694515
1.72298264503479,0.00803644640934025,0.08052528582454807,0.01240325117356533,0.03349453308775634,0.7900126093458959,0.11287396029155647,-0.030213330030222776,-0.1522114700474188,-0.7997779987346847,3.4131391694881748,-1.7547912439962994,-8.58546197852757
1.7370381355285645,7.771561172376096e-16,0.0,0.0,0.027441931433964215,0.7248215008707015,0.10292073236569044,0.0,0.0,0.0,3.4005035271188717,-1.6289500847892895,-7.930592709919525
1.7417290210723877,7.771561172376096e-16,0.0,0.0,0.027167512119624572,0.7175732858619945,0.10189152504203353,0.0,0.0,0.0,3.366498491847683,-1.6126605839413966,-7.851286782820329
1.7466249465942383,0.007835373342937782,0.08008508777652934,0.012116897183107394,0.042899702473847875,0.8739725245161324,0.1256215507814823,-0.030356454724646473,-0.15266383848289727,-0.7998648655385348,3.3977774072638063,-1.9211676983340102,-9.403897083941164
1.75087308883667,0.007835373342937782,0.08008508777652934,0.012116897183107394,0.04247070544910939,0.8652327992709711,0.12436533527366747,-0.030356454724646473,-0.15266383848289727,-0.7998648655385348,3.363799633191168,-1.90195602135067,-9.309858113101752
1.7552831172943115,0.007906474816621795,0.07342159492463424,0.011512568164684715,0.04224217243408273,0.8414772664100687,0.12168479054703263,-0.030543651979598442,-0.15310762945597364,-0.7999382772379151,3.329738664424337,-1.8839393113677312,-9.21694917607479
1.7607951164245605,7.771561172376096e-16,0.0,0.0,0.027475635934339503,0.6998592889019984,0.09958156749410355,0.0,0.0,0.0,3.3518542980978574,-1.5873284131466916,-7.673512624332168
1.7657818794250488,7.771561172376096e-16,0.0,0.0,0.027200879574996107,0.6928606960129785,0.09858575181916251,0.0,0.0,0.0,3.3183357551168786,-1.5714551290152248,-7.596777498088846
1.7711255550384521,0.007906474816621795,0.07342159492463424,0.011512568164684715,0.04172481909016071,0.8233311383897395,0.11914418141265155,-0.030543651979598442,-0.15310762945597364,-0.7999382772379151,3.334513384104964,-1.8540502040909206,-9.0157644150131
1.7756950855255127,0.008206707172196893,0.06907065430972588,0.011201120425228337,0.04199288611630364,0.8055829431698387,0.11720874049119823,-0.03071480997748443,-0.1535579269881129,-0.7999968817387567,3.3007921403253424,-1.8364920573846661,-8.925752879064143
1.7794232368469238,0.008206707172196893,0.06907065430972588,0.011201120425228337,0.041572957255140604,0.7975271137381403,0.11603665308628625,-0.03071480997748443,-0.1535579269881129,-0.7999968817387567,3.267784218922089,-1.8181271368108194,-8.836495350273502
1.7837603092193604,7.771561172376096e-16,0.0,0.0,0.022234999812119814,0.630295440174339,0.08904983160296501,0.0,0.0,0.0,3.3059256007160482,-1.4458869201412146,-6.903575330493821
1.7897155284881592,7.771561172376096e-16,0.0,0.0,0.022012649813998617,0.6239924857725956,0.08815933328693536,0.0,0.0,0.0,3.2728663447088877,-1.4314280509398023,-6.834539577188883
1.7956209182739258,0.00861835401652235,0.06629337117485429,0.011050299215494526,0.03638657100648502,0.730011655707625,0.10598996660865265,-0.030875314394438164,-0.1540034940159476,-0.8000406188295563,3.274697064375541,-1.6894733703707068,-8.119247043707492
1.802107572555542,0.00861835401652235,0.06629337117485429,0.011050299215494526,0.03602270529642017,0.7227115391505488,0.10493006694256612,-0.030875314394438164,-0.1540034940159476,-0.8000406188295563,3.2419500937317856,-1.6725786366669997,-8.038054573270417
1.8082821369171143,7.771561172376096e-16,0.0,0.0,0.02170464492624518,0.6081191631627904,0.08598428229725597,0.0,0.0,0.0,3.2595346296567156,-1.4064368834437895,-6.661970279094094
1.8129229545593262,7.771561172376096e-16,0.0,0.0,0.021487598476982728,0.6020379715311625,0.0851244394742834,0.0,0.0,0.0,3.2269392833601485,-1.3923725146093515,-6.595350576303153
1.8180241584777832,0.009052308013479934,0.06505712783918606,0.011015124300839724,0.03901815701743616,0.7235504818534323,0.10586638068222769,-0.031023717103458495,-0.154453289948734,-0.8000705325083315,3.232445699893399,-1.695293499659824,-8.095736792313419
1.8223681449890137,0.009052308013479934,0.06505712783918606,0.011015124300839724,0.0386279754472618,0.716314977034898,0.10480771687540541,-0.031023717103458495,-0.154453289948734,-0.8000705325083315,3.200121242894465,-1.6783405646632257,-8.014779424390285
1.8271584510803223,7.771561172376096e-16,0.0,0.0,0.019344556677177153,0.573341867318098,0.08076502497665465,0.0,0.0,0.0,3.2328835685612325,-1.3391283058187349,-6.264444971385769
1.8397367000579834,7.771561172376096e-16,0.0,0.0,0.01915111111040538,0.567608448644917,0.0799573747268881,0.0,0.0,0.0,3.20055473287562,-1.3257370227605476,-6.201800521671911
1.844235897064209,0.009423070851828344,0.06457949690988571,0.01081922533969051,0.03990349474049351,0.7054679702244533,0.10320481497949488,-0.031167718169630307,-0.15490165100180056,-0.800084755392581,3.210263048254599,-1.6733693708111148,-7.915632516251836
1.849740743637085,0.009423070851828344,0.06457949690988571,0.01081922533969051,0.03950445979308857,0.6984132905222088,0.10217276682969993,-0.031167718169630307,-0.15490165100180056,-0.800084755392581,3.178160417772053,-1.6566356771030037,-7.836476191089318
1.8545844554901123,7.771561172376096e-16,0.0,0.0,0.019655180224639975,0.5581026946286419,0.07881439803167002,0.0,0.0,0.0,3.2107255772238625,-1.3202698448429704,-6.1063105383130365
1.8599684238433838,7.771561172376096e-16,0.0,0.0,0.019458628422393574,0.5525216676823556,0.07802625405135331,0.0,0.0,0.0,3.1786183214516237,-1.3070671463945407,-6.045247432929906
1.8648245334625244,0.00958758500880622,0.0654753597694844,0.010546836297584494,0.03900738765700934,0.6818273442609264,0.09896468636075334,-0.03130429606088303,-0.1553550624219484,-0.8000826306371703,3.186750027996956,-1.6295746997027196,-7.630034777923185
1.8697712421417236,0.00958758500880622,0.0654753597694844,0.010546836297584494,0.03861731378043925,0.6750090708183171,0.09797503949714581,-0.03130429606088303,-0.1553550624219484,-0.8000826306371703,3.1548825277169863,-1.6132789527056923,-7.553734430143953
1.8742175102233887,7.771561172376096e-16,0.0,0.0,0.01666792215758327,0.5209998437582718,0.07327464045060915,0.0,0.0,0.0,3.193739479792675,-1.2477406402355122,-5.67874951331208
1.877737283706665,7.771561172376096e-16,0.0,0.0,0.016501242936007438,0.515789845320689,0.07254189404610306,0.0,0.0,0.0,3.161802084994748,-1.235263233833157,-5.621962018178959
1.8820292949676514,0.009967744863583877,0.0665245389226583,0.010514856176117682,0.039560179041424635,0.6656281360139444,0.09631514376407732,-0.03138770472924715,-0.15579634767181516,-0.8000703279056434,3.177099596802171,-1.6043380119357313,-7.426995048338269
1.8867301940917969,0.009967744863583877,0.0665245389226583,0.010514856176117682,0.03916457725101039,0.658971854653805,0.09535199232643654,-0.03138770472924715,-0.15579634767181516,-0.8000703279056434,3.1453286008341492,-1.588294631816374,-7.352725097854886
1.8936913013458252,7.771561172376096e-16,0.0,0.0,0.024453736988550613,0.5568161054529321,0.07929332347728417,0.0,0.0,0.0,3.1589654184312126,-1.3486019638743147,-6.129854360690787
1.8973736763000488,7.771561172376096e-16,0.0,0.0,0.024209199618665106,0.5512479443984029,0.07850039024251133,0.0,0.0,0.0,3.1273757642469002,-1.3351159442355716,-6.06855581708388
1.9002330303192139,0.010426112331806847,0.06784723064206857,0.010620672051677433,0.06043028168880342,0.7830171383230095,0.11485899283474058,-0.03143402594059288,-0.1562412445603364,-0.8000501501752415,3.169965002055868,-1.8971546112127404,-8.80125411948642
1.902984380722046,0.010426112331806847,0.06784723064206857,0.010620672051677433,0.05982597887191538,0.7751869669397794,0.11371040290639317,-0.03143402594059288,-0.1562412445603364,-0.8000501501752415,3.138265352035309,-1.878183065100613,-8.713241578291555
1.9064176082611084,7.771561172376096e-16,0.0,0.0,0.028859465848652108,0.5698157147211103,0.08163834938494106,0.0,0.0,0.0,3.1984409351390757,-1.4043156254048847,-6.2957942006471
1.9099094867706299,7.771561172376096e-16,0.0,0.0,0.028570871190165586,0.5641175575738991,0.08082196589109165,0.0,0.0,0.0,3.166456525787685,-1.390272469150836,-6.232836258640629
1.9230101108551025,7.771561172376096e-16,0.0,0.0,0.02828516247826393,0.5584763819981602,0.08001374623218074,0.0,0.0,0.0,3.134791960529808,-1.3763697444593275,-6.170507896054223
1.928213119506836,7.771561172376096e-16,0.0,0.0,0.02800231085348129,0.5528916181781786,0.07921360876985893,0.0,0.0,0.0,3.10344404092451,-1.362606047014734,-6.108802817093681
1.9365043640136719,0.011127032899953647,0.0714513062720902,0.010143077478680596,0.04114250818444611,0.6335395192560739,0.09065495279520959,-0.031445554965905995,-0.157124552283714,-0.7999934721661354,3.101411547757738,-1.549171866697984,-7.010730071079011
1.9401414394378662,0.011127032899953647,0.0714513062720902,0.010143077478680596,0.04073108310260165,0.6272041240635131,0.0897484032672575,-0.031445554965905995,-0.157124552283714,-0.7999934721661354,3.0703974322801604,-1.533680148031004,-6.940622770368221
1.9438304901123047,7.771561172376096e-16,0.0,0.0,0.010161451712922546,0.4272472772245757,0.06135583073129529,0.0,0.0,0.0,3.124933693836451,-1.0924219750378694,-4.702654647569657
1.9469962120056152,7.771561172376096e-16,0.0,0.0,0.010059837195793321,0.42297480445232993,0.060742272423982335,0.0,0.0,0.0,3.0936843568980863,-1.0814977552874907,-4.655628101093961
1.9559502601623535,7.771561172376096e-16,0.0,0.0,0.009959238823835388,0.4187450564078066,0.06013484969974251,0.0,0.0,0.0,3.0627475133291053,-1.0706827777346157,-4.609071820083021
1.9606351852416992,7.771561172376096e-16,0.0,0.0,0.009859646435597034,0.4145576058437286,0.05953350120274509,0.0,0.0,0.0,3.0321200381958144,-1.0599759499572696,-4.562981101882191
1.9723243713378906,0.011822910247375919,0.07290951768161576,0.010688341301655278,0.019875449853391375,0.4727855065026919,0.06808195192027994,-0.031414236280377934,-0.15800215832654477,-0.799880241420887,3.0232973211883607,-1.1926024462256528,-5.200191671264658
1.9752094745635986,0.011822910247375919,0.07290951768161576,0.010688341301655278,0.01967669535485746,0.468057651437665,0.06740113240107713,-0.031414236280377934,-0.15800215832654477,-0.799880241420887,2.993064347976477,-1.1806764217633963,-5.148189754552011
1.9787533283233643,7.771561172376096e-16,0.0,0.0,-0.013881804471542667,0.2576419554062864,0.03656689995563332,0.0,0.0,0.0,3.0517779838883525,-0.7230212421275285,-2.839616296112659
1.982564926147461,7.771561172376096e-16,0.0,0.0,-0.01374298642682724,0.2550655358522236,0.03620123095607699,0.0,0.0,0.0,3.021260204049469,-0.7157910297062532,-2.8112201331515325
1.998016119003296,0.012311653708108551,0.07394954493845163,0.01103248410924966,-0.005637463857367976,0.300374968467767,0.042979433782128484,-0.03138090170818198,-0.1584392590270241,-0.7998107142596337,3.0078250346735316,-0.8175241925296924,-3.299573304140215
2.0025219917297363,0.012311653708108551,0.07394954493845163,0.01103248410924966,-0.005581089218794296,0.29737121878308936,0.0425496394443072,-0.03138090170818198,-0.1584392590270241,-0.7998107142596337,2.977746784326796,-0.8093489506043955,-3.2665775710988125
2.0057146549224854,7.771561172376096e-16,0.0,0.0,-0.04408761003785366,0.06277412362645299,0.007568402455911165,0.0,0.0,0.0,3.0462599904871386,-0.30499497428326244,-0.7287596199998485
2.008518934249878,7.771561172376096e-16,0.0,0.0,-0.04364673393747512,0.06214638239018846,0.007492718431352053,0.0,0.0,0.0,3.015797390582267,-0.3019450245404298,-0.72147202379985
2.0136666297912598,0.012786415092594133,0.0750366834102716,0.011397828560359381,-0.018371161429963322,0.20729244270802893,0.029559404846237144,-0.031344283561708944,-0.15887674652555636,-0.7997352782322573,3.037609687052181,-0.6273619562745528,-2.264096379815658
2.0174624919891357,7.771561172376096e-16,0.0,0.0,-0.05187259017652336,0.007539308888048768,-0.0007631711267461275,0.0,0.0,0.0,3.089808462312813,-0.2025358755227301,-0.1345947436786603
2.022855043411255,7.771561172376096e-16,0.0,0.0,-0.051353864274758125,0.00746391579916828,-0.0007555394154786662,0.0,0.0,0.0,3.058910377689685,-0.2005105167675028,-0.13324879624187372
2.0424885749816895,0.012744475528020136,0.07613020866512146,0.011778051276574579,-0.04434914727100146,0.046164882747498914,0.005250962848892151,-0.03131344797655441,-0.15932325896840616,-0.7996894258719459,3.0423718518141643,-0.2848299942330317,-0.5382288749999955
2.0485806465148926,0.012744475528020136,0.07613020866512146,0.011778051276574579,-0.04390565579829145,0.04570323392002393,0.005198453220403229,-0.03131344797655441,-0.15932325896840616,-0.7996894258719459,3.0119481332960225,-0.28198169429070136,-0.5328465862499956
2.0537021160125732,7.771561172376096e-16,0.0,0.0,-0.06835101089948348,-0.10340294823759894,-0.01785093719678846,0.0,0.0,0.0,3.0429701817344204,0.031927076790385645,1.033927137138879
2.0565850734710693,7.771561172376096e-16,0.0,0.0,-0.06766750079048864,-0.10236891875522294,-0.017672427824820577,0.0,0.0,0.0,3.0125404799170763,0.03160780602248179,1.0235878657674902
2.059373617172241,0.013028288642081533,0.07719355429274222,0.012165232772266337,-0.020270063842917296,0.17547867052147587,0.02613005267576681,-0.03128798976546052,-0.15975847745322966,-0.7996458229306941,3.084207818856639,-0.5788869762121834,-1.8469500085211816
2.062608242034912,0.013028288642081533,0.07719355429274222,0.012165232772266337,-0.020067363204488122,0.1737238838162611,0.025868752149009144,-0.03128798976546052,-0.15975847745322966,-0.7996458229306941,3.0533657406680725,-0.5730981064500617,-1.8284805084359699
2.0666041374206543,7.771561172376096e-16,0.0,0.0,-0.05247086807162814,-0.02119547527504345,-0.00483425785317779,0.0,0.0,0.0,3.101132405830145,-0.1675606689321042,0.19097235971611148
2.0711710453033447,7.771561172376096e-16,0.0,0.0,-0.05194615939091186,-0.020983520522293016,-0.0047859152746460125,0.0,0.0,0.0,3.0701210817718434,-0.16588506224278315,0.18906263611895036
2.0762412548065186,0.013454282018128354,0.07820143809692102,0.012539840335023755,-0.024890748918153602,0.13346340892522668,0.01999433477274524,-0.03127652269269923,-0.1602023716273483,-0.7996111594299709,3.0968664562757464,-0.501368952182611,-1.3856751026136447
2.0798816680908203,0.013454282018128354,0.07820143809692102,0.012539840335023755,-0.024641841428972067,0.1321287748359744,0.019794391425017786,-0.03127652269269923,-0.1602023716273483,-0.7996111594299709,3.065897791712989,-0.4963552626607849,-1.3718183515875082
2.083754777908325,7.771561172376096e-16,0.0,0.0,-0.0591330954589794,-0.07110116456869081,-0.012780223758270013,0.0,0.0,0.0,3.1159918111711002,-0.07776447203720799,0.706419551498551
2.087754011154175,7.771561172376096e-16,0.0,0.0,-0.0585417645043896,-0.0703901529230039,-0.012652421520687313,0.0,0.0,0.0,3.0848318930593894,-0.07698682731683591,0.6993553559835655
2.0940256118774414,0.013931523151902377,0.07913662560494374,0.012890199074854941,-0.0357426828098823,0.05649624825318221,0.008027386686331194,-0.03128567973844968,-0.16064297683832557,-0.7995833208606336,3.1014876152256154,-0.3500915040037014,-0.578965447231537
2.0974905490875244,0.013931523151902377,0.07913662560494374,0.012890199074854941,-0.03538525598178347,0.05593128577065039,0.007947112819467882,-0.03128567973844968,-0.16064297683832557,-0.7995833208606336,3.070472739073359,-0.3465905889636644,-0.5731757927592216
2.1011688709259033,7.771561172376096e-16,0.0,0.0,-0.0729060749815414,-0.15977131547266538,-0.027176053888491192,0.0,0.0,0.0,3.1248222323656036,0.09360430339531295,1.6063280166455798
2.105679512023926,7.771561172376096e-16,0.0,0.0,-0.072177014231726,-0.15817360231793873,-0.02690429334960628,0.0,0.0,0.0,3.0935740100419475,0.09266826036135982,1.590264736479124
2.1199398040771484,0.01438889110221992,0.0799884618619675,0.01320919340292412,-0.06136506427505674,-0.10050012458047164,-0.017372331147960288,-0.03132073027546237,-0.16109170536192405,-0.7995611818772497,3.0839362121240677,-0.02927958923744993,1.0153291979771542
2.123689651489258,0.01438889110221992,0.0799884618619675,0.01320919340292412,-0.06075141363230617,-0.09949512333466692,-0.017198607836480685,-0.03132073027546237,-0.16109170536192405,-0.7995611818772497,3.053096850002827,-0.02898679334507543,1.0051759059973826
2.132530450820923,7.771561172376096e-16,0.0,0.0,-0.07641945395934768,-0.1889766763869376,-0.03196779721904152,0.0,0.0,0.0,3.0579933684306844,0.1535170343430589,1.8995233442062192
2.137075185775757,7.771561172376096e-16,0.0,0.0,-0.0756552594197542,-0.18708690962306823,-0.031648119246851104,0.0,0.0,0.0,3.0274134347463777,0.15198186399962832,1.880528110764157
2.1414742469787598,7.771561172376096e-16,0.0,0.0,-0.07489870682555666,-0.18521604052683754,-0.03133163805438259,0.0,0.0,0.0,2.997139300398914,0.15046204535963204,1.8617228296565154
2.1457293033599854,7.771561172376096e-16,0.0,0.0,-0.0741497197573011,-0.18336388012156918,-0.031018321673838764,0.0,0.0,0.0,2.967167907394925,0.14895742490603572,1.8431056013599503
2.151095390319824,0.014323352116430207,0.0794541930543418,0.013341175876535676,-0.046715863260244184,-0.03346295570050273,-0.005846118932660328,-0.031397656936298826,-0.16154867438319556,-0.799572206370596,2.993107707642517,-0.1748908912649007,0.33897940666076964
2.155381441116333,0.014323352116430207,0.0794541930543418,0.013341175876535676,-0.04624870462764174,-0.0331283261434977,-0.005787657743333725,-0.031397656936298826,-0.16154867438319556,-0.799572206370596,2.963176630566092,-0.1731419823522517,0.3355896125941619
2.1599483489990234,0.0145703914928549,0.07939345321604825,0.013519156290535732,-0.045229521223153726,-0.032929044649553305,-0.0053629226157806045,-0.03150555282126272,-0.16199795133306122,-0.7995978235445613,2.933299963531896,-0.17239192711639031,0.3321728367773768
2.1636593341827393,0.0145703914928549,0.07939345321604825,0.013519156290535732,-0.04477722601092219,-0.032599754203057774,-0.005309293389622798,-0.03150555282126272,-0.16199795133306122,-0.7995978235445613,2.903966963896577,-0.1706680078452264,0.328851108409603
2.166609764099121,7.771561172376096e-16,0.0,0.0,-0.09371341441347479,-0.30136489071992345,-0.05107717120806541,0.0,0.0,0.0,2.9817102164559413,0.3801042522478251,3.0356687384844947
2.169663429260254,7.771561172376096e-16,0.0,0.0,-0.09277628026934004,-0.2983512418127242,-0.05056639949598476,0.0,0.0,0.0,2.951893114291382,0.37630320972534687,3.00531205109965
2.173908233642578,0.014946497735345862,0.07974814471675228,0.013705482372004283,-0.05663724177727974,-0.10749536229840909,-0.017773070069196567,-0.031647617769178314,-0.1624557851659988,-0.7996379399729165,2.9924621937991254,-0.03827509757894998,1.0972102965465027
2.177457809448242,0.014946497735345862,0.07974814471675228,0.013705482372004283,-0.05607086935950694,-0.10642040867542499,-0.0175953393685046,-0.031647617769178314,-0.1624557851659988,-0.7996379399729165,2.962537571861134,-0.03789234660316048,1.0862381935810377
2.1819727420806885,7.771561172376096e-16,0.0,0.0,-0.08861474705095113,-0.28198817500534334,-0.04777528159441462,0.0,0.0,0.0,3.00300763354007,0.32230542332476686,2.8464718723624283
2.1869585514068604,7.771561172376096e-16,0.0,0.0,-0.08772859958044162,-0.2791682932552899,-0.047297528778470474,0.0,0.0,0.0,2.9729775572046693,0.3190823690915192,2.818007153638804
2.1963937282562256,0.015362898172000686,0.08020531575455424,0.01389005671609996,-0.07056873783934689,-0.19136991989705604,-0.03210298871468004,-0.03182614678661199,-0.16291300618185572,-0.799686058886356,2.974936753904167,0.130232319076925,1.9449410554341768
2.199733018875122,7.771561172376096e-16,0.0,0.0,-0.11586952286878716,-0.42964290975319747,-0.0733777895033615,0.0,0.0,0.0,3.0404954934418598,0.6167971053253852,4.320269908146491
2.202651262283325,0.015362898172000686,0.08020531575455424,0.01389005671609996,-0.06206649328191962,-0.15050540492805936,-0.02504669098368323,-0.03182614678661199,-0.16291300618185572,-0.799686058886356,3.112546370915456,0.010361305633791895,1.5454071094433854
2.207368850708008,7.771561172376096e-16,0.0,0.0,-0.09401097983968106,-0.3190137317301407,-0.05423935362585784,0.0,0.0,0.0,3.1488836528330637,0.3555888056722055,3.225069243701596
2.219803810119629,7.771561172376096e-16,0.0,0.0,-0.09307087004128424,-0.3158235944128393,-0.05369696008959926,0.0,0.0,0.0,3.117394816304733,0.35203291761548344,3.19281855126458
2.2249252796173096,7.771561172376096e-16,0.0,0.0,-0.0921401613408714,-0.3126653584687109,-0.05315999048870327,0.0,0.0,0.0,3.0862208681416856,0.3485125884393286,3.1608903657519343
2.2361412048339844,0.01575118887933766,0.08068319643286533,0.014066413706697464,-0.07717516673352985,-0.2376024224336799,-0.040086925270027544,-0.032041313509104816,-0.163378720381534,-0.7997367426746099,3.082132050306335,0.18815387896524743,2.4185563018090326
2.241673707962036,0.01575118887933766,0.08068319643286533,0.014066413706697464,-0.07640341506619455,-0.2352263982093431,-0.03968605601732727,-0.032041313509104816,-0.163378720381534,-0.7997367426746099,3.051310729803272,0.18627234017559496,2.394370738790942
2.246931552886963,7.771561172376096e-16,0.0,0.0,-0.10559688081185428,-0.3863271127477017,-0.06604238789158746,0.0,0.0,0.0,3.081737634937331,0.49514285960300164,3.8914622732055477
2.2500081062316895,7.771561172376096e-16,0.0,0.0,-0.10454091200373573,-0.3824638416202247,-0.06538196401267159,0.0,0.0,0.0,3.050920258587958,0.4901914310069716,3.8525476504734923
2.2531628608703613,0.015657165733529436,0.0798841462866632,0.013786542391586436,-0.05386512738127836,-0.12542094874004384,-0.02102730557326988,-0.03230399283039182,-0.1638537400632019,-0.79980039961309,3.1128930599703684,-0.07368262677221282,1.2868505111599435
2.2559802532196045,0.015657165733529436,0.0798841462866632,0.013786542391586436,-0.053326476107465576,-0.12416673925264339,-0.02081703251753718,-0.03230399283039182,-0.1638537400632019,-0.79980039961309,3.0817641293706646,-0.07294580050449069,1.273982006048344
2.258826971054077,7.771561172376096e-16,0.0,0.0,-0.10779397588977632,-0.40354349255252614,-0.06903846847309938,0.0,0.0,0.0,3.164424516841182,0.5033719299980841,4.070794962620006
2.262455701828003,7.771561172376096e-16,0.0,0.0,-0.10671603613087856,-0.39950805762700087,-0.06834808378836839,0.0,0.0,0.0,3.1327802716727704,0.49833821069810325,4.030087012993806
2.2658610343933105,0.01584895777859777,0.07950494596095374,0.013681662319079094,-0.05910728996364631,-0.16204107838531592,-0.027487433594213025,-0.032584754168436314,-0.16432116766045973,-0.7998643025295241,3.185458871039614,-0.026294567319269047,1.6484097286798458
2.2707669734954834,0.01584895777859777,0.07950494596095374,0.013681662319079094,-0.05851621706400985,-0.16042066760146276,-0.027212559258270895,-0.032584754168436314,-0.16432116766045973,-0.7998643025295241,3.153604282329218,-0.026031621646076357,1.6319256313930472
2.2775237560272217,7.771561172376096e-16,0.0,0.0,-0.0813874229267503,-0.276483332084168,-0.047189216654948185,0.0,0.0,0.0,3.1702934917104737,0.21742309499485143,2.7994010270045906
2.281442403793335,7.771561172376096e-16,0.0,0.0,-0.0805735486974828,-0.27371849876332627,-0.0467173244883987,0.0,0.0,0.0,3.138590556793369,0.21524886404490293,2.771407016734545
2.2848596572875977,0.016159752344017276,0.07938542158597434,0.013659998630572118,-0.03247909912726108,-0.03867363827179393,-0.006276533092253081,-0.03288671422186195,-0.16479756513052587,-0.7999264948602565,3.1897519988497054,-0.3068492588542251,0.41040521033792254
2.2878992557525635,0.016159752344017276,0.07938542158597434,0.013659998630572118,-0.03215430813598847,-0.03828690188907599,-0.00621376776133055,-0.03288671422186195,-0.16479756513052587,-0.7999264948602565,3.1578544788612084,-0.30378076626568284,0.4063011582345433
2.2945363521575928,7.771561172376096e-16,0.0,0.0,-0.05618038840958145,-0.15751269416041389,-0.026732917136021037,0.0,0.0,0.0,3.1758257857169716,-0.05244527679498387,1.6074737588004675
2.2985596656799316,7.771561172376096e-16,0.0,0.0,-0.05561858452548563,-0.15593756721880975,-0.026465587964660826,0.0,0.0,0.0,3.144067527859802,-0.05192082402703403,1.591399021212463
2.3036251068115234,0.016508129882497592,0.07948878140505085,0.01369968140602243,-0.022472680522141755,0.0025455182351398487,0.0008444545854205156,-0.03320818642771395,-0.16527304630603565,-0.7999827058088309,3.167818883207701,-0.40364936324093814,0.001381300344854175
2.3077869415283203,0.016508129882497592,0.07948878140505085,0.01369968140602243,-0.022247953716920336,0.00252006305278845,0.0008360100395663104,-0.03320818642771395,-0.16527304630603565,-0.7999827058088309,3.1361406943756243,-0.39961286960852876,0.0013674873414056333
2.316166400909424,7.771561172376096e-16,0.0,0.0,-0.04172618413214285,-0.09236660511382616,-0.015521473295338439,0.0,0.0,0.0,3.144409751543433,-0.1983808110161272,0.9560487031823836
2.3213601112365723,7.771561172376096e-16,0.0,0.0,-0.04130892229082142,-0.0914429390626879,-0.015366258562385054,0.0,0.0,0.0,3.1129656540279984,-0.19639700290596593,0.9464882161505597
2.327576160430908,0.016826471122607406,0.0803843015962312,0.013787206836549984,-0.013826434810996411,0.038788841402762134,0.006967419665832026,-0.033543344190409004,-0.16575677064280725,-0.8000328681875972,3.127389798820054,-0.4826668511108686,-0.34568765549156144
2.332038402557373,0.016826471122607406,0.0803843015962312,0.013787206836549984,-0.013688170462886447,0.03840095298873451,0.006897745469173705,-0.033543344190409004,-0.16575677064280725,-0.8000328681875972,3.0961159008318537,-0.4778401825997599,-0.34223077893664583
2.33864164352417,7.771561172376096e-16,0.0,0.0,-0.03903342882737712,-0.08371767443625643,-0.014050686341153891,0.0,0.0,0.0,3.1159530458064966,-0.22203842500606602,0.8727675900784251
2.3427553176879883,7.771561172376096e-16,0.0,0.0,-0.03864309453910335,-0.08288049769189386,-0.013910179477742353,0.0,0.0,0.0,3.0847935153484314,-0.21981804075600536,0.8640399141776408
2.347790002822876,0.01687726726262038,0.08451713515791048,0.014591589717081006,-0.0047346720283031815,0.0858180605934328,0.015211051936162725,-0.03387008949620127,-0.16624614919281677,-0.8000892752385986,3.115816227937944,-0.5745727084408797,-0.7281811494555912
2.3520450592041016,0.01687726726262038,0.08451713515791048,0.014591589717081006,-0.004687325308020149,0.08495987998749847,0.015058941416801098,-0.03387008949620127,-0.16624614919281677,-0.8000892752385986,3.084658065658565,-0.5688269813564709,-0.7208993379610353
2.3565587997436523,7.771561172376096e-16,0.0,0.0,-0.04203131915227486,-0.10313383357117885,-0.017418693801672783,0.0,0.0,0.0,3.128849226315245,-0.19482744567346255,1.0588733821724072
2.360001802444458,7.771561172376096e-16,0.0,0.0,-0.04161100596075211,-0.10210249523546706,-0.017244506863656056,0.0,0.0,0.0,3.0975607340520925,-0.19287917121672793,1.0482846483506831
2.3628435134887695,0.017157631104682002,0.08743009863634703,0.015131324891388045,0.01918292167825711,0.20658562631125366,0.03617517078929847,-0.03417163114652832,-0.16672891379104673,-0.8001460715055613,3.182980824160159,-0.8258967472233039,-1.7675985508659373
2.365570068359375,0.017157631104682002,0.08743009863634703,0.015131324891388045,0.018991092461474537,0.20451977004814112,0.035813419081405486,-0.03417163114652832,-0.16672891379104673,-0.8001460715055613,3.151151015918557,-0.8176377797510708,-1.7499225653572779
2.378420114517212,7.771561172376096e-16,0.0,0.0,0.0054489873937926675,0.1344358294805567,0.023679977078051105,0.0,0.0,0.0,3.146232119300832,-0.6797117405569248,-1.1097438086908358
2.3835599422454834,7.771561172376096e-16,0.0,0.0,0.005394497519854741,0.13309147118575115,0.023443177307270593,0.0,0.0,0.0,3.1147697981078233,-0.6729146231513556,-1.0986463706039273
2.3887341022491455,0.01751800938797826,0.08925962064814633,0.015535956407285232,0.039197273974953636,0.3042709167738673,0.05323479110737189,-0.034462507665021944,-0.16721763426635314,-0.8002009938565182,3.1496608195135716,-1.0164193035949347,-2.6283157338306884
2.3929405212402344,0.01751800938797826,0.08925962064814633,0.015535956407285232,0.0388053012352041,0.3012282076061286,0.052702443196298174,-0.034462507665021944,-0.16721763426635314,-0.8002009938565182,3.118164211318436,-1.0062551105589854,-2.6020325764923813
2.398524284362793,7.771561172376096e-16,0.0,0.0,0.007044124034964988,0.13836025348779457,0.02435196696975696,0.0,0.0,0.0,3.1487017125653844,-0.6967213415738462,-1.1429267557076586
2.401444911956787,7.771561172376096e-16,0.0,0.0,0.006973682794615338,0.1369766509529166,0.024108447300059392,0.0,0.0,0.0,3.1172146954397304,-0.6897541281581078,-1.131497488150582
2.41386342048645,7.771561172376096e-16,0.0,0.0,0.006903945966669185,0.13560688444338745,0.0238673628270588,0.0,0.0,0.0,3.086042548485333,-0.6828565868765267,-1.1201825132690761
2.4191107749938965,7.771561172376096e-16,0.0,0.0,0.006834906507002493,0.13425081559895358,0.023628689198788213,0.0,0.0,0.0,3.05518212300048,-0.6760280210077615,-1.1089806881363853
2.423980236053467,0.018149503940007077,0.091867022571665,0.016067309230188398,0.04403865740941395,0.321567835566948,0.05638847524717257,-0.03502048873694005,-0.16819889198615973,-0.8002935662239293,3.097711413244349,-1.0444840754987283,-2.7347881171043285
2.430236339569092,0.018149503940007077,0.091867022571665,0.016067309230188398,0.04359827083531981,0.3183521572112785,0.05582459049470084,-0.03502048873694005,-0.16819889198615973,-0.8002935662239293,3.0667342991119053,-1.034039234743741,-2.707440235933285
2.4457478523254395,7.771561172376096e-16,0.0,0.0,0.03146162151559492,0.25594357873163043,0.044908032358979735,0.0,0.0,0.0,3.058644050493873,-0.9152639691326823,-2.1644306190047407
2.4498748779296875,7.771561172376096e-16,0.0,0.0,0.031147005300438974,0.2533841429443141,0.04445895203538994,0.0,0.0,0.0,3.028057609988934,-0.9061113294413554,-2.1427863128146933
2.452744960784912,0.018468971095580478,0.09263686671749442,0.016160682185791836,0.09518549316575517,0.5736175224989661,0.10032173411712575,-0.03529877541024813,-0.16869168353535635,-0.8003500957803557,3.122860942531302,-1.53626235012563,-4.8985179892777175
2.456413984298706,0.018468971095580478,0.09263686671749442,0.016160682185791836,0.09423363823409761,0.5678813472739764,0.09931851677595449,-0.03529877541024813,-0.16869168353535635,-0.8003500957803557,3.091632333105989,-1.5208997266243738,-4.84953280938494
2.4616782665252686,7.771561172376096e-16,0.0,0.0,0.05820775142509253,0.3862300788099985,0.06762659341317882,0.0,0.0,0.0,3.127769358913654,-1.1852449852371691,-3.2806970790574272
2.466787576675415,7.771561172376096e-16,0.0,0.0,0.057625673910841606,0.3823677780218985,0.06695032747904703,0.0,0.0,0.0,3.0964916653245176,-1.1733925353847974,-3.2478901082668528
2.4714672565460205,0.01886592105544384,0.09311205833981315,0.016243766486030778,0.09736397196413643,0.5775151002125943,0.1009921013325554,-0.03556745990651847,-0.16918608791363715,-0.8004019128002223,3.142429503813646,-1.5554245231293518,-4.918616598151041
2.4763002395629883,7.771561172376096e-16,0.0,0.0,0.057354562846572386,0.37908034744296226,0.06637195154540271,0.0,0.0,0.0,3.1845983908364586,-1.1898047235196247,-3.213306440030207
2.4793829917907715,7.771561172376096e-16,0.0,0.0,0.05678101721810666,0.37528954396853265,0.06570823202994867,0.0,0.0,0.0,3.152752406928094,-1.1779066762844286,-3.181173375629905
2.482431650161743,0.019248890404900066,0.09322761797484543,0.01631407147921742,0.11935209655936166,0.6773354840511482,0.11856344756025347,-0.0358296339195284,-0.16968252232063688,-0.8004494914349226,3.2386441543303515,-1.7731786136104581,-5.7637380882063525
2.485177755355835,0.019248890404900066,0.09322761797484543,0.01631407147921742,0.11815857559376804,0.6705621292106367,0.11737781308465094,-0.0358296339195284,-0.16968252232063688,-0.8004494914349226,3.206257712787048,-1.7554468274743535,-5.706100707324289
2.494580030441284,7.771561172376096e-16,0.0,0.0,0.09650440184187978,0.5647021892801375,0.09885283927940344,0.0,0.0,0.0,3.2123025443383573,-1.5574227167157022,-4.79770373724175
2.5002646446228027,7.771561172376096e-16,0.0,0.0,0.09553935782346099,0.5590551673873361,0.0978643108866094,0.0,0.0,0.0,3.1801795188949735,-1.5418484895485451,-4.749726699869332
2.5042824745178223,0.019554690885049957,0.09331184543394068,0.01637946114028047,0.14325374717777167,0.7857090060237875,0.13765260308424881,-0.03608446310111424,-0.1701822419516876,-0.8004908430565136,3.236957367015013,-1.9888933314590327,-6.685963404212471
2.5085387229919434,0.019554690885049957,0.09331184543394068,0.01637946114028047,0.14182120970599396,0.7778519159635495,0.13627607705340633,-0.03608446310111424,-0.1701822419516876,-0.8004908430565136,3.2045877933448628,-1.9690043981444423,-6.619103770170346
2.511599063873291,7.771561172376096e-16,0.0,0.0,0.07650589711195263,0.46516669179381814,0.08139162776735101,0.0,0.0,0.0,3.2904518623753094,-1.3932251845253116,-3.937220971020133
2.5154600143432617,7.771561172376096e-16,0.0,0.0,0.0757408381408331,0.46051502487588,0.0805777114896775,0.0,0.0,0.0,3.2575473437515563,-1.3792929326800585,-3.8978487613099317
2.519073963165283,0.019741384429306286,0.09335069132416088,0.016443360722466355,0.12960895270267175,0.7142164968884309,0.12527163991092247,-0.03633253326668147,-0.17068529899094947,-0.8005246484593908,3.322798781705395,-1.8814416514932009,-6.06433132277873
2.5241849422454834,0.019741384429306286,0.09335069132416088,0.016443360722466355,0.12831286317564503,0.7070743319195466,0.12401892351181323,-0.03633253326668147,-0.17068529899094947,-0.8005246484593908,3.289570793888341,-1.8626272349782689,-6.003688009550943
2.5410985946655273,7.771561172376096e-16,0.0,0.0,0.11535787092801429,0.6448110796106705,0.11305678876539928,0.0,0.0,0.0,3.2781562730782796,-1.7430852675721804,-5.470350254766351
2.5460503101348877,7.771561172376096e-16,0.0,0.0,0.11420429221873414,0.6383629688145638,0.11192622087774529,0.0,0.0,0.0,3.245374710347497,-1.7256544148964585,-5.415646752218687
2.550663948059082,0.019718614075439525,0.09134745530973999,0.014503080770849155,0.15580208800827697,0.8299737565702008,0.14224219699747584,-0.03659247417980632,-0.17119203005433528,-0.8005689422170211,3.2862629569250448,-2.1135798625933564,-7.089327092305287
2.5557878017425537,0.019718614075439525,0.09134745530973999,0.014503080770849155,0.1542440671281942,0.8216740190044988,0.1408197750275011,-0.03659247417980632,-0.17119203005433528,-0.8005689422170211,3.253400327355794,-2.092444063967423,-7.018433821382234
2.5603928565979004,7.771561172376096e-16,0.0,0.0,0.10988212767820707,0.6150938321691192,0.10791774880738614,0.0,0.0,0.0,3.3003278621729732,-1.6997715433769218,-5.209792575782121
2.5635154247283936,7.771561172376096e-16,0.0,0.0,0.108783306401425,0.608942893847428,0.10683857131931228,0.0,0.0,0.0,3.2673245835512437,-1.6827738279431526,-5.1576946500242995
2.575065851211548,7.771561172376096e-16,0.0,0.0,0.10769547333741075,0.6028534649089536,0.10577018560611916,0.0,0.0,0.0,3.2346513377157313,-1.665946089663721,-5.106117703524056
2.578594446182251,7.771561172376096e-16,0.0,0.0,0.10661851860403665,0.596824930259864,0.10471248375005797,0.0,0.0,0.0,3.202304824338574,-1.6492866287670838,-5.055056526488816
2.582946300506592,0.020022005676364873,0.08839656987678983,0.012504334483969114,0.15156032032228414,0.7939805984615108,0.13239870693395098,-0.037096340417054924,-0.17220900404143752,-0.8006296346125445,3.2422575448613418,-2.0652086832113907,-6.836540199110357
2.586745500564575,0.020022005676364873,0.08839656987678983,0.012504334483969114,0.1500447171190613,0.7860407924768957,0.13107471986461147,-0.037096340417054924,-0.17220900404143752,-0.8006296346125445,3.209834969412728,-2.0445565963792767,-6.768174797119253
2.5999746322631836,7.771561172376096e-16,0.0,0.0,0.13340948549450385,0.7113607535357628,0.12031185232364197,0.0,0.0,0.0,3.2057780220284418,-1.893936950993814,-6.095291095722225
2.6033918857574463,7.771561172376096e-16,0.0,0.0,0.1320753906395588,0.7042471460004052,0.11910873380040556,0.0,0.0,0.0,3.1737202418081574,-1.8749975814838757,-6.034338184765003
2.607344388961792,0.02015124172618141,0.08742021410945809,0.012122552310313216,0.1817381291792281,0.9183815075239676,0.1485882156778413,-0.03733608037032616,-0.1727212735842439,-0.8006475552411484,3.21880961017575,-2.3338952624049716,-7.991216429532159
2.6108672618865967,0.02015124172618141,0.08742021410945809,0.012122552310313216,0.1799207478874358,0.909197692448728,0.1471023335210629,-0.03733608037032616,-0.1727212735842439,-0.8006475552411484,3.186621514073993,-2.310556309780922,-7.911304265236837
2.6142683029174805,7.771561172376096e-16,0.0,0.0,0.11887132395073718,0.6430661405363988,0.10998765813863452,0.0,0.0,0.0,3.2645336874657316,-1.7796024966449133,-5.478066270927848
2.619176149368286,7.771561172376096e-16,0.0,0.0,0.11768261071122982,0.6366354791310348,0.10888778155724818,0.0,0.0,0.0,3.231888350591074,-1.7618064716784643,-5.42328560821857
2.623703718185425,0.020203680677813494,0.08701440528099534,0.012018054478126143,0.16112947006050118,0.8224570485775865,0.13434307118234054,-0.0375649319056124,-0.17323804485632172,-0.8006569849034035,3.2654454688129437,-2.162393077258202,-7.130105348918664
2.6278817653656006,0.020203680677813494,0.08701440528099534,0.012018054478126143,0.15951817535989618,0.8142324780918107,0.13299964047051713,-0.0375649319056124,-0.17323804485632172,-0.8006569849034035,3.2327910141248144,-2.14076914648562,-7.058804295429478
2.6351141929626465,7.771561172376096e-16,0.0,0.0,0.12998813991199276,0.6857786754379076,0.1150527414879901,0.0,0.0,0.0,3.2524026932868257,-1.8798318606601065,-5.881178575070111
2.6403911113739014,7.771561172376096e-16,0.0,0.0,0.12868825851287283,0.6789208886835285,0.1139022140731102,0.0,0.0,0.0,3.2198786663539574,-1.8610335420535056,-5.8223667893194095
2.6453967094421387,0.02023310277201376,0.0855234053125061,0.012274566257368101,0.16782232562484584,0.8429871982514994,0.13728486964209294,-0.037798219370798004,-0.17375490936945445,-0.8006825760190043,3.2443174131425954,-2.2217478047684214,-7.357171045907584
2.650526523590088,0.02023310277201376,0.0855234053125061,0.012274566257368101,0.16614410236859736,0.8345573262689844,0.135912020945672,-0.037798219370798004,-0.17375490936945445,-0.8006825760190043,3.2118742390111694,-2.1995303267207373,-7.283599335448508
2.6568117141723633,7.771561172376096e-16,0.0,0.0,0.1322909521084858,0.6901404530306229,0.11502355457448848,0.0,0.0,0.0,3.239894037968382,-1.9010837256051334,-5.936844014529038
2.661015272140503,7.771561172376096e-16,0.0,0.0,0.13096804258740094,0.6832390485003167,0.1138733190287436,0.0,0.0,0.0,3.2074950975886978,-1.882072888349082,-5.877475574383748
2.6650779247283936,0.02038214292014024,0.08453359820720628,0.012595059013883506,0.17982790651511416,0.8844815459817913,0.14373664358620722,-0.038013845470527184,-0.1742702099378104,-0.800701976225036,3.2425664255010576,-2.332157109537369,-7.781546963276654
2.6697139739990234,0.02038214292014024,0.08453359820720628,0.012595059013883506,0.178029627449963,0.8756367305219733,0.14229927715034515,-0.038013845470527184,-0.1742702099378104,-0.800701976225036,3.210140761246047,-2.308835538441995,-7.703731493643887
2.6732285022735596,7.771561172376096e-16,0.0,0.0,0.11825536633012546,0.6263542054968715,0.10503915908057986,0.0,0.0,0.0,3.2862013671417705,-1.7898905663945262,-5.348431169624908
2.6804871559143066,7.771561172376096e-16,0.0,0.0,0.1170728126668242,0.6200906634419028,0.10398876748977405,0.0,0.0,0.0,3.2533393534703525,-1.7719916607305808,-5.294946857928658
2.683382511138916,0.02056149436274852,0.08389445146611074,0.012966907225560731,0.18691753089362295,0.9036450543718069,0.1477340830788737,-0.038218015253683124,-0.17478665740611682,-0.8007176108448927,3.312294186959737,-2.4144716645016318,-7.996220440580823
2.686678409576416,0.02056149436274852,0.08389445146611074,0.012966907225560731,0.1850483555846867,0.8946086038280888,0.14625674224808496,-0.038218015253683124,-0.17478665740611682,-0.8007176108448927,3.2791712450901396,-2.3903269478566154,-7.916258236175015
2.6901848316192627,7.771561172376096e-16,0.0,0.0,0.1245583411580638,0.6464030948197161,0.1078137227661777,0.0,0.0,0.0,3.3553738715598773,-1.8679478666522666,-5.553521112413131
2.694648504257202,7.771561172376096e-16,0.0,0.0,0.12331275774648316,0.639939063871519,0.10673558553851593,0.0,0.0,0.0,3.3218201328442785,-1.8492683879857439,-5.497985901289
2.701831579208374,0.02071517036788001,0.0835553207936837,0.01336370512703941,0.15091849167150018,0.7498621693248878,0.1242726647167082,-0.03841165215446774,-0.17530310362950546,-0.8007265671120181,3.3247202108424077,-2.0977691601523567,-6.553175759414042
2.7050492763519287,0.02071517036788001,0.0835553207936837,0.01336370512703941,0.14940930675478517,0.7423635476316389,0.12302993806954111,-0.03841165215446774,-0.17530310362950546,-0.8007265671120181,3.2914730087339836,-2.0767914685508333,-6.487644001819902
2.710876226425171,7.771561172376096e-16,0.0,0.0,0.11236459096437423,0.5915453064981087,0.09886533350506418,0.0,0.0,0.0,3.324478960429824,-1.7551747368581023,-5.048589720826169
2.715125799179077,7.771561172376096e-16,0.0,0.0,0.11124094505473049,0.5856298534331276,0.09787668017001354,0.0,0.0,0.0,3.291234170825526,-1.7376229894895212,-4.998103823617908
2.7188053131103516,0.02080199135582052,0.08346585382396039,0.01376733255900262,0.16666315333999618,0.8066129021140185,0.13431408522184485,-0.03859598507495598,-0.1758211695213075,-0.8007273188818705,3.3279132559795057,-2.2430460438670785,-7.115359688106404
2.723440647125244,0.02080199135582052,0.08346585382396039,0.01376733255900262,0.1649965218065962,0.7985467730928782,0.1329709443696264,-0.03859598507495598,-0.1758211695213075,-0.8007273188818705,3.2946341234197107,-2.220615583428408,-7.044206091225339
2.7375969886779785,7.771561172376096e-16,0.0,0.0,0.14865208819192555,0.7316012601320161,0.12191602978891264,0.0,0.0,0.0,3.28895187787802,-2.074209846179427,-6.408132496276521
2.742313861846924,7.771561172376096e-16,0.0,0.0,0.1471655673100063,0.7242852475306959,0.12069686949102351,0.0,0.0,0.0,3.2560623590992397,-2.053467747717633,-6.344051171313756
2.7472586631774902,0.020505164844099765,0.08505231122934132,0.012092233528721155,0.18716203840945386,0.889045890329483,0.14394433833634926,-0.038761016625495054,-0.17634280256668317,-0.8007211081576755,3.2781330713841803,-2.4225698002616576,-7.8932845762160895
2.753030300140381,0.020505164844099765,0.08505231122934132,0.012092233528721155,0.1852904180253593,0.8801554314261881,0.14250489495298577,-0.038761016625495054,-0.17634280256668317,-0.8007211081576755,3.2453517406703383,-2.398344102259041,-7.814351730453929
2.757225275039673,7.771561172376096e-16,0.0,0.0,0.13455720982335875,0.6686057957260375,0.11225432542462704,0.0,0.0,0.0,3.30529690872904,-1.953993896714341,-5.827445640355885
2.7604761123657227,7.771561172376096e-16,0.0,0.0,0.13321163772512518,0.6619197377687771,0.11113178217038078,0.0,0.0,0.0,3.2722439396417493,-1.9344539577471977,-5.769171183952325
2.763213872909546,0.02047057367930511,0.08629539197901333,0.011285900569020017,0.20665075627376514,0.9705048491598287,0.15124357494716437,-0.038895372134130905,-0.17686065356664754,-0.8007071984016562,3.3418505460993324,-2.6206754137357655,-8.624031853482716
2.7668564319610596,0.02047057367930511,0.08629539197901333,0.011285900569020017,0.20458424871102748,0.9607998006682305,0.1497311391976927,-0.038895372134130905,-0.17686065356664754,-0.8007071984016562,3.308432040638339,-2.594468659598408,-8.537791534947889
2.7705535888671875,7.771561172376096e-16,0.0,0.0,0.1471699861133859,0.7177816603005863,0.11770793762693003,0.0,0.0,0.0,3.380551186359301,-2.0901546258061856,-6.286675949459209
2.7789247035980225,7.771561172376096e-16,0.0,0.0,0.14569828625225204,0.7106038436975805,0.11653085825066073,0.0,0.0,0.0,3.346745674495708,-2.069253079548124,-6.223809189964617
2.783130645751953,0.020551661088690623,0.08777595930662196,0.010924628379996876,0.193104697931386,0.9121929230110734,0.14133982125861644,-0.039002442677620756,-0.17738146358037424,-0.8006870204690798,3.3825841556255205,-2.5092411100750676,-8.057230384973973
2.787118434906006,0.020551661088690623,0.08777595930662196,0.010924628379996876,0.19117365095207212,0.9030709937809626,0.13992642304603028,-0.039002442677620756,-0.17738146358037424,-0.8006870204690798,3.3487583140692654,-2.484148698974317,-7.976658081124233
2.791595697402954,7.771561172376096e-16,0.0,0.0,0.14335962235514726,0.6979920079905506,0.11412691784814118,0.0,0.0,0.0,3.4023829846867684,-2.063124357614788,-6.108550921633858
2.794917345046997,7.771561172376096e-16,0.0,0.0,0.1419260261315958,0.6910120879106451,0.11298564866965977,0.0,0.0,0.0,3.368359154839901,-2.04249311403864,-6.04746541241752
2.799427032470703,0.020677865275415395,0.08905517259748479,0.01089722056001154,0.186358868982166,0.8815772335640899,0.13601981850267703,-0.039087920534019126,-0.17790153984057047,-0.800658516678631,3.401380078339628,-2.4531054821231226,-7.754758660242722
2.802307367324829,0.020677865275415395,0.08905517259748479,0.01089722056001154,0.18449528029234433,0.872761461228449,0.13465962031765025,-0.039087920534019126,-0.17790153984057047,-0.800658516678631,3.367366277556232,-2.4285744273018914,-7.6772110736402945
2.81544828414917,7.771561172376096e-16,0.0,0.0,0.1669148460524536,0.796264471170055,0.12502043638587118,0.0,0.0,0.0,3.3634378152537576,-2.2689088292343143,-6.99115231465757
2.8200910091400146,7.771561172376096e-16,0.0,0.0,0.16524569759192906,0.7883018264583544,0.12377023202201247,0.0,0.0,0.0,3.32980343710122,-2.2462197409419713,-6.921240791510994
2.8247854709625244,0.020792007046738687,0.09018268344465702,0.01111022987375095,0.20788374255819414,0.9725232215521552,0.14619920395288083,-0.03915559356650386,-0.17842461216301547,-0.8006213544396181,3.3622521659533136,-2.6391418664797155,-8.550009038321475
2.829601526260376,0.020792007046738687,0.09018268344465702,0.01111022987375095,0.2058049051326122,0.9627979893366336,0.144737211913352,-0.03915559356650386,-0.17842461216301547,-0.8006213544396181,3.3286296442937804,-2.612750447814918,-8.46450894793826
2.8333232402801514,7.771561172376096e-16,0.0,0.0,0.14788010507285496,0.7108550895824993,0.1134373852135694,0.0,0.0,0.0,3.4005518441470386,-2.1072077835073086,-6.228647106753876
2.8374104499816895,7.771561172376096e-16,0.0,0.0,0.1464013040221264,0.7037465386866744,0.11230301136143371,0.0,0.0,0.0,3.3665463257055683,-2.0861357056722354,-6.1663606356863365
2.8416566848754883,0.02061153011228137,0.09113147327783759,0.01152887087238151,0.19347801147379673,0.9113262001359262,0.13833078934187518,-0.03921230259025732,-0.1789517069518261,-0.8006060795596711,3.407023336352952,-2.5254110458190433,-7.981884446991136
2.844728946685791,0.02061153011228137,0.09113147327783759,0.01152887087238151,0.19154323135905876,0.9022129381345669,0.13694748144845642,-0.03921230259025732,-0.1789517069518261,-0.8006060795596711,3.372953102989422,-2.500156935360853,-7.902065602521224
2.8525891304016113,7.771561172376096e-16,0.0,0.0,0.16340509120876018,0.7772501684671477,0.12091057481659942,0.0,0.0,0.0,3.3891108316063145,-2.247486760002975,-6.804485955376912
2.8578617572784424,7.771561172376096e-16,0.0,0.0,0.16177104029667258,0.7694776667824762,0.11970146906843343,0.0,0.0,0.0,3.355219723290251,-2.225011892402945,-6.736441095823143
2.8681280612945557,0.02069628420088956,0.09180994591205632,0.012037431458954955,0.1803127603648913,0.851211320996844,0.130229639449282,-0.039261508124929505,-0.17947024842852863,-0.8005869333579757,3.3527119402939256,-2.39364897296236,-7.4454402223512615
2.8724896907806396,0.02069628420088956,0.09180994591205632,0.012037431458954955,0.17850963276124238,0.8426992077868756,0.1289273430547892,-0.039261508124929505,-0.17947024842852863,-0.8005869333579757,3.319184820890986,-2.3697124832327363,-7.370985820127749
2.8755617141723633,7.771561172376096e-16,0.0,0.0,0.10935433262383203,0.535413990347174,0.08845402079380224,0.0,0.0,0.0,3.413796387951323,-1.7618067585829669,-4.691218548708706
2.878476858139038,7.771561172376096e-16,0.0,0.0,0.10826078929759371,0.5300598504437022,0.08756948058586422,0.0,0.0,0.0,3.3796584240718097,-1.7441886909971371,-4.644306363221619
2.8819708824157715,0.02089880436745541,0.09225634312073021,0.012599718228929798,0.16699117270699404,0.7887996128922854,0.12275454904610816,-0.03930538126058852,-0.17999290178679742,-0.8005680612915346,3.43763905875789,-2.2895740243336107,-6.878796173936623
2.893364191055298,7.771561172376096e-16,0.0,0.0,0.14697820978323203,0.6999374712893526,0.11046812801073458,0.0,0.0,0.0,3.437761322164663,-2.1086970448545044,-6.107343089518007
2.8985183238983154,7.771561172376096e-16,0.0,0.0,0.1455084276853997,0.692938096576459,0.10936344673062723,0.0,0.0,0.0,3.4033837089430166,-2.0876100744059594,-6.046269658622827
2.902513265609741,0.021139241184676437,0.09269357649484791,0.013186616539075064,0.1969683612277447,0.9180360721794738,0.14127809496582086,-0.03934498354987516,-0.18051205307186813,-0.8005475589417288,3.4500873696731436,-2.560764802571328,-7.980527903669591
2.9058539867401123,0.021139241184676437,0.09269357649484791,0.013186616539075064,0.19499867761546724,0.9088557114576791,0.13986531401616265,-0.03934498354987516,-0.18051205307186813,-0.8005475589417288,3.415586495976412,-2.5351571545456144,-7.900722624632895
2.909611463546753,7.771561172376096e-16,0.0,0.0,0.13678955133560072,0.6530761399607123,0.10337232172859692,0.0,0.0,0.0,3.486141812414602,-2.0293979521324226,-5.691169821825952
2.912583351135254,7.771561172376096e-16,0.0,0.0,0.13542165582224472,0.6465453785611052,0.10233859851131095,0.0,0.0,0.0,3.451280394290456,-2.0091039726110984,-5.634258123607692
2.9455149173736572,0.02135569728060113,0.09306205896347423,0.013775093005445826,0.14055231068677781,0.6683391512847239,0.1054981575175545,-0.03938278949663779,-0.18103505772819126,-0.8005242973037635,3.4266022185548994,-2.0491546375283614,-5.8198715572118696
2.9492926597595215,0.02135569728060113,0.09306205896347423,0.013775093005445826,0.13914678757991003,0.6616557597718766,0.10444317594237895,-0.03938278949663779,-0.18103505772819126,-0.8005242973037635,3.3923361963693504,-2.028663091153078,-5.761672841639751
2.953345775604248,7.771561172376096e-16,0.0,0.0,0.08506573939422199,0.42543298678666625,0.06941231612818247,0.0,0.0,0.0,3.4555795352979546,-1.5617199503770847,-3.728972429530198
2.957076072692871,7.771561172376096e-16,0.0,0.0,0.08421508200027977,0.4211786569187996,0.06871819296690064,0.0,0.0,0.0,3.421023739944975,-1.5461027508733138,-3.691682705234896
2.959996461868286,0.021018252403230762,0.09900856134046389,0.012472407525114002,0.15534365542542117,0.7559921008701056,0.11073904334371863,-0.039379382321669446,-0.18156227295949487,-0.8005227362918147,3.5148225842592797,-2.209828639415255,-6.382572251970323
2.9626471996307373,0.021018252403230762,0.09900856134046389,0.012472407525114002,0.15379021887116695,0.7484321798614045,0.10963165291028144,-0.039379382321669446,-0.18156227295949487,-0.8005227362918147,3.4796743584166867,-2.1877303530211023,-6.31874652945062
2.9660465717315674,0.021038879207104892,0.10283687125070044,0.011950006557713895,0.15217063030626035,0.7522247831198752,0.10711885867312446,-0.039366481216649644,-0.18208156619004537,-0.8005194226986475,3.4448944916499142,-2.1673804188676455,-6.255514328037724
2.9720470905303955,0.021038879207104892,0.10283687125070044,0.011950006557713895,0.15064892400319774,0.7447025352886764,0.10604767008639321,-0.039366481216649644,-0.18208156619004537,-0.8005194226986475,3.410445546733415,-2.145706614678969,-6.192959184757346
2.9780995845794678,7.771561172376096e-16,0.0,0.0,0.11438175753403412,0.5673472532453705,0.08524325566196284,0.0,0.0,0.0,3.4413828424804978,-1.8234122991044734,-4.808402232670812
2.9834909439086914,7.771561172376096e-16,0.0,0.0,0.11323793995869379,0.5616737807129167,0.08439082310534321,0.0,0.0,0.0,3.4069690140556927,-1.8051781761134287,-4.760318210344104
2.9868617057800293,0.02122542838379203,0.10545448514589403,0.011817162568124085,0.1750747918307501,0.8689076362466872,0.11860475348522011,-0.03934220366169823,-0.18260540708863582,-0.8005166278962214,3.499500822691378,-2.37924186587183,-7.075031676658754
2.989845037460327,0.02122542838379203,0.10545448514589403,0.011817162568124085,0.17332404391244258,0.8602185598842204,0.11741870595036791,-0.03934220366169823,-0.18260540708863582,-0.8005166278962214,3.4645058144644643,-2.355449447213112,-7.0042813598921665
2.994189977645874,7.771561172376096e-16,0.0,0.0,0.12273989304100405,0.6089099602898975,0.08904699242678757,0.0,0.0,0.0,3.520407926088847,-1.9116235582208447,-5.09182738823155
2.9995005130767822,7.771561172376096e-16,0.0,0.0,0.121512494110594,0.6028208606869986,0.0881565225025197,0.0,0.0,0.0,3.4852038468279587,-1.8925073226386362,-5.040909114349235
3.0027360916137695,0.021485927355826124,0.10712598124655023,0.011972632141966408,0.18670257958305203,0.9278802150057277,0.12427802181480085,-0.039310824707380294,-0.18312634807831715,-0.8005114809341743,3.586336302134267,-2.4927125208011267,-7.451069481472421
3.0220348834991455,7.771561172376096e-16,0.0,0.0,0.17370225203266623,0.8630922484049532,0.11683141691525456,0.0,0.0,0.0,3.5708425171367013,-2.3728953376216184,-6.961760033612033
3.0264601707458496,7.771561172376096e-16,0.0,0.0,0.17196522951233956,0.8544613259209037,0.11566310274610202,0.0,0.0,0.0,3.5351340919653342,-2.349166384245402,-6.892142433275913
3.0308520793914795,0.021748301479862606,0.10784278022646183,0.012325890762004025,0.21976459784052133,1.0914654909446162,0.14257146977880966,-0.03927814564188573,-0.1836516432611512,-0.8005012377641844,3.6011593708426357,-2.783477233133696,-8.635714042972289
3.0366878509521484,0.021748301479862606,0.10784278022646183,0.012325890762004025,0.2175669518621161,1.08055083603517,0.14114575508102156,-0.03927814564188573,-0.1836516432611512,-0.8005012377641844,3.5651477771342095,-2.755642460802359,-8.549356902542566
3.042433977127075,7.771561172376096e-16,0.0,0.0,0.17754265038208655,0.882066225365798,0.11828351419066664,0.0,0.0,0.0,3.5978521698156882,-2.4084765503071015,-7.070748714389607
3.047283887863159,7.771561172376096e-16,0.0,0.0,0.17576722387826568,0.8732455631121401,0.11710067904875997,0.0,0.0,0.0,3.5618736481175315,-2.3843917848040306,-7.000041227245711
3.0521318912506104,0.021734568723306133,0.10869099942295167,0.014103314491477793,0.21884155150888135,1.0887105568976037,0.14502064716968355,-0.03924101759278816,-0.18418088522008386,-0.8004933705824414,3.618845357885321,-2.776364930872766,-8.571932281725395
3.0584189891815186,0.021734568723306133,0.10869099942295167,0.014103314491477793,0.21665313599379254,1.0778234513286276,0.14357044069798672,-0.03924101759278816,-0.18418088522008386,-0.8004933705824414,3.5826569043064675,-2.748601281564038,-8.48621295890814
3.0626978874206543,7.771561172376096e-16,0.0,0.0,0.16369182637875093,0.8130288945087252,0.1091745822904143,0.0,0.0,0.0,3.6385385634093335,-2.2906752934867156,-6.530557634797737
3.0654337406158447,7.771561172376096e-16,0.0,0.0,0.16205490811496343,0.8048986055636379,0.10808283646751016,0.0,0.0,0.0,3.6021531777752402,-2.2677685405518484,-6.465252058449759
3.068140745162964,0.021965841731424858,0.10888978397882619,0.015414890028902624,0.24157881723134678,1.199101562877322,0.16394646372005062,-0.0392124667228394,-0.18470316767662873,-0.800483146895383,3.731661469803773,-2.992403795286343,-9.340835683051614
3.0716514587402344,0.021965841731424858,0.10888978397882619,0.015414890028902624,0.2391630290590333,1.1871105472485488,0.16230699908285012,-0.0392124667228394,-0.18470316767662873,-0.800483146895383,3.694344855105735,-2.9624797573334796,-9.247427326221098
3.075270652770996,7.771561172376096e-16,0.0,0.0,0.17607876514691534,0.8743719473745305,0.11809187711060753,0.0,0.0,0.0,3.7657472603263984,-2.4225115901957457,-6.943181205161857
3.0816125869750977,7.771561172376096e-16,0.0,0.0,0.1743179774954462,0.8656282279007852,0.11691095833950146,0.0,0.0,0.0,3.7280897877231345,-2.3982864742937884,-6.873749393110239
3.0859243869781494,0.022302146610966054,0.10851306855284905,0.016476877882775336,0.22429831596155234,1.1086373022618043,0.1539553045544124,-0.03919601473702161,-0.18522954754165305,-0.8004702983462825,3.7935580497511,-2.845315889974152,-8.650779735731787
3.0888469219207764,0.022302146610966054,0.10851306855284905,0.016476877882775336,0.22205533280193682,1.0975509292391863,0.15241575150886827,-0.03919601473702161,-0.18522954754165305,-0.8004702983462825,3.755622469253589,-2.8168627310744103,-8.56427193837447
3.0959815979003906,7.771561172376096e-16,0.0,0.0,0.18857597154109937,0.9344829228762885,0.12779751385635726,0.0,0.0,0.0,3.773003588385798,-2.529075379562447,-7.356685768953963
3.09930419921875,7.771561172376096e-16,0.0,0.0,0.18669021182568837,0.9251380936475256,0.1265195387177937,0.0,0.0,0.0,3.73527355250194,-2.5037846257668224,-7.283118911264424
3.1020963191986084,0.02266509989084795,0.10762647221686415,0.017322586221310644,0.2659985459234505,1.3013517822397689,0.1872953241848454,-0.039195679490512926,-0.1857534287871375,-0.8004526663297731,3.853410516081702,-3.209010491750022,-10.060469977004507
3.1072490215301514,0.02266509989084795,0.10762647221686415,0.017322586221310644,0.263338560464216,1.288338264417371,0.18542237094299693,-0.039195679490512926,-0.1857534287871375,-0.8004526663297731,3.814876410920885,-3.176920386832522,-9.959865277234462
3.1153829097747803,7.771561172376096e-16,0.0,0.0,0.23284014990571644,1.1431362796729858,0.16227133849913494,0.0,0.0,0.0,3.8249157683000616,-2.9167814006404753,-8.876170651839995
3.122178316116333,7.771561172376096e-16,0.0,0.0,0.23051174840665928,1.1317049168762559,0.1606486251141436,0.0,0.0,0.0,3.786666610617061,-2.8876135866340706,-8.787408945321596
3.1272470951080322,0.022991497187683254,0.10648587944910973,0.017988939214896832,0.2735656754288417,1.3304697821557145,0.19453182828200444,-0.0392124797035006,-0.18628105542961138,-0.8004294079121302,3.8323308025820815,-3.2625374881349836,-10.269466773543828
3.133443593978882,0.022991497187683254,0.10648587944910973,0.017988939214896832,0.27083001867455325,1.3171650843341574,0.1925865099991844,-0.0392124797035006,-0.18628105542961138,-0.8004294079121302,3.7940074945562605,-3.2299121132536337,-10.16677210580839
3.1414499282836914,7.771561172376096e-16,0.0,0.0,0.23940508449230863,1.1709913936120395,0.16819226107953297,0.0,0.0,0.0,3.805044239976474,-2.9649458958724315,-9.065359211192794
3.1451027393341064,0.02261664253392294,0.10520566354720227,0.01868698379620589,0.29892675340888925,1.447294360975237,0.21766815511540674,-0.039246814671503046,-0.18681811878473356,-0.8004101731202968,3.8796255097927363,-3.496248341538202,-11.153510427848982
3.1493852138519287,7.771561172376096e-16,0.0,0.0,0.24312539688326273,1.1871558258730646,0.17185552495921885,0.0,0.0,0.0,3.9324744343874625,-3.0250471414480145,-9.172938695823497
3.1567773818969727,0.02261664253392294,0.10520566354720227,0.01868698379620589,0.2712895547017547,1.3176047112326807,0.19541640556976592,-0.039246814671503046,-0.18681811878473356,-0.8004101731202968,3.948806211987202,-3.2719888690579464,-10.157857219690493
3.1626389026641846,7.771561172376096e-16,0.0,0.0,0.22999171945711672,1.124943394468662,0.1615814642578707,0.0,0.0,0.0,3.976274859960453,-2.920549442888707,-8.690745358594198
3.167494058609009,7.771561172376096e-16,0.0,0.0,0.22769180226254554,1.1136939605239753,0.159965649615292,0.0,0.0,0.0,3.9365121113608486,-2.8913439484598196,-8.603837905008255
3.1725780963897705,0.022602508731267307,0.10376979907480201,0.019186509936717114,0.26987267488969785,1.3066660451818373,0.19610471726733478,-0.0393070366948215,-0.18734129667617105,-0.8003861631605956,3.975482512644087,-3.2664480260007247,-10.083319715108072
3.181164503097534,0.022602508731267307,0.10376979907480201,0.019186509936717114,0.26717394814080087,1.293599384730019,0.19414367009466144,-0.0393070366948215,-0.18734129667617105,-0.8003861631605956,3.9357276875176463,-3.2337835457407174,-9.98248651795699
3.186027765274048,7.771561172376096e-16,0.0,0.0,0.21802618513670133,1.0672885093557856,0.15275029919741492,0.0,0.0,0.0,3.9771948352121513,-2.81622836053625,-8.236881240144251
3.190592050552368,7.771561172376096e-16,0.0,0.0,0.2158459232853343,1.0566156242622278,0.15122279620544077,0.0,0.0,0.0,3.9374228868600296,-2.7880660769308876,-8.154512427742809
3.195932149887085,0.02275196722612144,0.10233307864214693,0.01954373010493245,0.2562933516961933,1.2376808820213339,0.18630863296078914,-0.03939235347050108,-0.18787195529624146,-0.8003587062660797,3.9701600801096175,-3.146020485890973,-9.563423853084368
3.2005810737609863,0.02275196722612144,0.10233307864214693,0.01954373010493245,0.2537304181792313,1.2253040732011204,0.18444554663118126,-0.03939235347050108,-0.18787195529624146,-0.8003587062660797,3.930458479308521,-3.114560281032063,-9.467789614553524
3.213388681411743,7.771561172376096e-16,0.0,0.0,0.23342869784218911,1.1331508032985977,0.16734162145135303,0.0,0.0,0.0,3.9219108903140802,-2.9367268966943776,-8.748202892270749
3.2183995246887207,7.771561172376096e-16,0.0,0.0,0.23109441086376722,1.1218192952656119,0.1656682052368395,0.0,0.0,0.0,3.8826917814109394,-2.9073596277274336,-8.660720863348041
3.222709894180298,0.022969729040359616,0.10150509140482729,0.01979325177239475,0.28207293320398913,1.3460915668849083,0.20993160453961382,-0.03949823418185274,-0.1883960073944731,-0.8003287260439873,3.9312707783196568,-3.35789072424291,-10.420542718452996
3.2266950607299805,0.022969729040359616,0.10150509140482729,0.01979325177239475,0.2792522038719492,1.3326306512160593,0.20783228849421767,-0.03949823418185274,-0.1883960073944731,-0.8003287260439873,3.89195807053646,-3.324311817000481,-10.316337291268466
3.2312581539154053,7.771561172376096e-16,0.0,0.0,0.22612161485329701,1.096856353220732,0.16237713553353356,0.0,0.0,0.0,3.9395987080357466,-2.8781996213454084,-8.459256797836842
3.2352399826049805,7.771561172376096e-16,0.0,0.0,0.22386039870476404,1.0858877896885246,0.16075336417819822,0.0,0.0,0.0,3.9002027209553893,-2.8494176251319545,-8.374664229858473
3.247352123260498,0.023187141256768296,0.10073520156318085,0.01995648123261053,0.2407655133354529,1.1581976962602145,0.17562225844473942,-0.03962567295010577,-0.1889258266946529,-0.8002934006301431,3.8916521171855183,-2.9921733948244196,-8.94797100777444
3.2517383098602295,0.023187141256768296,0.10073520156318085,0.01995648123261053,0.23835785820209837,1.1466157192976123,0.173866035860292,-0.03962567295010577,-0.1889258266946529,-0.8002934006301431,3.852735596013663,-2.9622516608761753,-8.858491297696695
3.255065441131592,7.771561172376096e-16,0.0,0.0,0.16628318730776995,0.8323806198923427,0.11214632995538779,0.0,0.0,0.0,3.933306856002878,-2.3647951416814643,-6.364550733385717
3.2581911087036133,7.771561172376096e-16,0.0,0.0,0.16462035543469225,0.8240568136934192,0.1110248666558339,0.0,0.0,0.0,3.893973787442849,-2.3411471902646497,-6.30090522605186
3.2612245082855225,0.023253627378474476,0.10264225381356572,0.020316094300324536,0.23963278768011093,1.154189911939613,0.1768892903057328,-0.03975409148008738,-0.18945394631695972,-0.8002812899807021,3.9809405200988235,-3.003476065459849,-8.861143763077024
3.2639856338500977,0.023253627378474476,0.10264225381356572,0.020316094300324536,0.23723645980330982,1.142648012820217,0.1751203974026755,-0.03975409148008738,-0.18945394631695972,-0.8002812899807021,3.941131114897835,-2.9734413048052506,-8.772532325446253
3.267230749130249,7.771561172376096e-16,0.0,0.0,0.16320677221060936,0.8149238207389959,0.11076403907685345,0.0,0.0,0.0,4.0242242082094375,-2.3598942072718465,-6.218696491802239
3.271914005279541,7.771561172376096e-16,0.0,0.0,0.16157470448850328,0.8067745825316059,0.10965639868608491,0.0,0.0,0.0,3.983981966127343,-2.3362952651991282,-6.156509526884217
3.2759768962860107,0.023512951554851315,0.10380146531307215,0.02052235888992998,0.21783142194588678,1.054193545918472,0.15907154878963486,-0.0398924811532943,-0.18997889677598231,-0.8002689375989062,4.039939575115377,-2.826727606032487,-8.053222780983482
3.280475616455078,0.023512951554851315,0.10380146531307215,0.02052235888992998,0.2156531077264279,1.0436516104592872,0.1574808333017385,-0.0398924811532943,-0.18997889677598231,-0.8002689375989062,3.999540179364223,-2.798460329972162,-7.972690553173647
3.284698247909546,7.771561172376096e-16,0.0,0.0,0.15781340418102754,0.787393344499531,0.10730514868761387,0.0,0.0,0.0,4.0540178131254265,-2.320569314463591,-5.997773536385154
3.28829026222229,7.771561172376096e-16,0.0,0.0,0.15623527013921726,0.7795194110545357,0.10623209720073773,0.0,0.0,0.0,4.013477634994172,-2.297363621318955,-5.937795801021302
3.2911617755889893,0.023840158872051466,0.10437943575104523,0.020635738198591776,0.2376958946195568,1.1352239553102739,0.17703340896644743,-0.040041251536191445,-0.19050549744991804,-0.8002600418855009,4.1098338218962285,-3.0041012596250893,-8.648842178722816
3.2940049171447754,0.023840158872051466,0.10437943575104523,0.020635738198591776,0.23531893567336123,1.1238717157571712,0.17526307487678294,-0.040041251536191445,-0.19050549744991804,-0.8002600418855009,4.0687354836772665,-2.9740602470288384,-8.562353756935588
3.2967689037323,7.771561172376096e-16,0.0,0.0,0.14671294400689094,0.7349921076409589,0.09885111585292974,0.0,0.0,0.0,4.172915877898765,-2.255077886621706,-5.5814193466667374
3.3001744747161865,7.771561172376096e-16,0.0,0.0,0.14524581456682203,0.7276421865645493,0.09786260469440045,0.0,0.0,0.0,4.1311867191197775,-2.2325271077554887,-5.52560515320007
3.304149627685547,0.024162181349421732,0.10444938543601796,0.020679181438194083,0.2045763792020581,0.983121402635587,0.1489050746847283,-0.04020033498497574,-0.1910325551317448,-0.8002506681850116,4.188145137013927,-2.739282987124934,-7.471420526775029
3.3152968883514404,7.771561172376096e-16,0.0,0.0,0.18085517238092794,0.879590589607663,0.12886511528149272,0.0,0.0,0.0,4.1823266576957225,-2.5405184087520696,-6.6788163464092
3.320142984390259,7.771561172376096e-16,0.0,0.0,0.17904662065711865,0.8707946837115864,0.1275764641286778,0.0,0.0,0.0,4.140503391118766,-2.5151132246645487,-6.612028182945108
3.325314998626709,0.024423703538921343,0.10421334310766296,0.020673450987102306,0.224478962475306,1.063581431868175,0.1662724591190728,-0.04036791001651241,-0.19156293972884697,-0.8002398586552268,4.173909591214925,-2.8980249911959137,-8.083811079275947
3.33001446723938,0.024423703538921343,0.10421334310766296,0.020673450987102306,0.22223417285055294,1.0529456175494933,0.16460973452788205,-0.04036791001651241,-0.19156293972884697,-0.8002398586552268,4.132170495302776,-2.8690447412839544,-8.002972968483187
3.336777448654175,7.771561172376096e-16,0.0,0.0,0.18389801971116515,0.8883223723837131,0.13239509097622681,0.0,0.0,0.0,4.15053830824226,-2.5571020889932803,-6.739678330063583
3.3417961597442627,7.771561172376096e-16,0.0,0.0,0.1820590395140535,0.879439148659876,0.13107114006646456,0.0,0.0,0.0,4.109032925159838,-2.5315310681033476,-6.672281546762948
3.347219944000244,0.024594441897716132,0.10338409108086866,0.021228351503975045,0.22558398783681488,1.0612572266254956,0.16889980166088925,-0.040547292438504176,-0.19209546262428626,-0.8002603668298972,4.137503046166421,-2.8965472186557215,-8.072128352475803
3.351381301879883,0.024594441897716132,0.10338409108086866,0.021228351503975045,0.22332814795844674,1.0506446543592407,0.16721080364428034,-0.040547292438504176,-0.19209546262428626,-0.8002603668298972,4.096128015704756,-2.867581746469164,-7.991407068951045
3.3592214584350586,7.771561172376096e-16,0.0,0.0,0.18972503129173324,0.9082733778810748,0.13846225733191955,0.0,0.0,0.0,4.1068841880668625,-2.5938910989147947,-6.890773116970905
3.3639345169067383,7.771561172376096e-16,0.0,0.0,0.1878277809788159,0.899190644102264,0.13707763475860035,0.0,0.0,0.0,4.065815346186194,-2.5679521879256466,-6.821865385801196
3.373027801513672,0.024879275356480945,0.10246165068919227,0.021509862190396845,0.2133095566941421,1.002877109798704,0.15936152569592008,-0.040716603009431744,-0.19262528005749444,-0.8002799106088542,4.065573398164973,-2.7759087524116826,-7.628401442841255
3.3777010440826416,0.024879275356480945,0.10246165068919227,0.021509862190396845,0.21117646112720068,0.9928483387007169,0.15776791043896088,-0.040716603009431744,-0.19262528005749444,-0.8002799106088542,4.024917664183323,-2.7481496648875656,-7.552117428412843
3.3806681632995605,7.771561172376096e-16,0.0,0.0,0.12521476148596788,0.6375961820856808,0.0836961364975842,0.0,0.0,0.0,4.121894530827043,-2.07146850359725,-4.779434960286722
3.3840532302856445,7.771561172376096e-16,0.0,0.0,0.1239626138711082,0.6312202202648239,0.08285917513260836,0.0,0.0,0.0,4.080675585518772,-2.0507538185612773,-4.731640610683855
3.388279676437378,0.025179751002673573,0.10147183129065324,0.02164554908710348,0.1822996393652253,0.8649958546220629,0.13324512228703883,-0.0408798038805751,-0.1931591350989192,-0.8003017806881048,4.124470410648438,-2.534719621042077,-6.566380429653594
3.3938400745391846,0.025179751002673573,0.10147183129065324,0.02164554908710348,0.18047664297157306,0.8563458960758422,0.13191267106416843,-0.0408798038805751,-0.1931591350989192,-0.8003017806881048,4.0832257065419535,-2.509372424831656,-6.500716625357058
3.3981223106384277,7.771561172376096e-16,0.0,0.0,0.11987140309966898,0.6108225195883804,0.08004624012868701,0.0,0.0,0.0,4.137857134647466,-2.033207973462389,-4.5668218916254855
3.4023640155792236,7.771561172376096e-16,0.0,0.0,0.11867268906867229,0.6047142943924966,0.07924577772740014,0.0,0.0,0.0,4.096478563300991,-2.012875893727765,-4.5211536727092305
3.4053008556365967,0.02543437138381776,0.10070800230250589,0.02167565048559638,0.20409051294323083,0.9415799432081183,0.15225934977180094,-0.041034669147073745,-0.1936940970081619,-0.8003224739864636,4.174593344733702,-2.721220533916518,-7.184428796494806
3.4081413745880127,0.02543437138381776,0.10070800230250589,0.02167565048559638,0.20204960781379852,0.9321641437760372,0.15073675627408292,-0.041034669147073745,-0.1936940970081619,-0.8003224739864636,4.132847411286365,-2.6940083285773526,-7.112584508529857
3.4118154048919678,7.771561172376096e-16,0.0,0.0,0.13080167135108617,0.6487347950771414,0.09023245974681321,0.0,0.0,0.0,4.203207371269704,-2.1398703699783255,-4.863135656350905
3.4158060550689697,7.771561172376096e-16,0.0,0.0,0.1294936546375753,0.6422474471263699,0.08933013514934508,0.0,0.0,0.0,4.161175297557007,-2.118471666278542,-4.814504299787396
3.420348882675171,0.025601079178196866,0.100080595222695,0.02163157031426338,0.1845536613059705,0.8561296020583447,0.1360538076067087,-0.041181083179880146,-0.19423403694151764,-0.8003394103172821,4.195112552067921,-2.569692392514751,-6.517349754924719
3.434049129486084,0.025601079178196866,0.100080595222695,0.02163157031426338,0.1827081246929108,0.8475683060377612,0.13469326953064162,-0.041181083179880146,-0.19423403694151764,-0.8003394103172821,4.153161426547242,-2.5439954685896033,-6.452176257375472
3.4411072731018066,7.771561172376096e-16,0.0,0.0,0.14460935421431553,0.6972981219420741,0.10269866020535401,0.0,0.0,0.0,4.16997530002184,-2.24336412149729,-5.253731109431019
3.445946216583252,7.771561172376096e-16,0.0,0.0,0.1431632606721724,0.6903251407226534,0.10167167360330047,0.0,0.0,0.0,4.128275547021622,-2.220930480282317,-5.201193798336709
3.4491560459136963,0.02539502911302399,0.0959497217291211,0.021438517156803075,0.22084807476296958,0.9823465730020787,0.1674451657841864,-0.04134932113396779,-0.19478171037772277,-0.8003775257628927,4.183231534902426,-2.86839170101324,-7.628044526438861
3.4526185989379883,0.02539502911302399,0.0959497217291211,0.021438517156803075,0.2186395940153399,0.9725231072720579,0.16577071412634453,-0.04134932113396779,-0.19478171037772277,-0.8003775257628927,4.141399219553401,-2.8397077840031075,-7.551764081174473
3.4559147357940674,7.771561172376096e-16,0.0,0.0,0.13940837189878885,0.671700370486976,0.09907166285137553,0.0,0.0,0.0,4.2254330559506235,-2.220371315953943,-5.048017393116867
3.4611010551452637,7.771561172376096e-16,0.0,0.0,0.13801428817980096,0.6649833667821062,0.09808094622286177,0.0,0.0,0.0,4.183178725391117,-2.1981676027944035,-4.997537219185698
3.4643566608428955,0.025392389558437378,0.09298664725740592,0.02124637557538618,0.21463004503766525,0.943953647752386,0.16236103610984204,-0.04150909023978404,-0.19532170220734255,-0.8004119721442535,4.2285722664117475,-2.8380124401309064,-7.3919685061542
3.469296932220459,0.025392389558437378,0.09298664725740592,0.02124637557538618,0.2124837445872886,0.9345141112748622,0.1607374257487436,-0.04150909023978404,-0.19532170220734255,-0.8004119721442535,4.18628654374763,-2.8096323157295973,-7.318048821092658
3.4768548011779785,7.771561172376096e-16,0.0,0.0,0.17676161972989873,0.8021360785096445,0.13101845588830832,0.0,0.0,0.0,4.19934536387138,-2.5231011039744877,-6.185823810354119
3.4821109771728516,7.771561172376096e-16,0.0,0.0,0.17499400353259975,0.7941147177245481,0.12970827132942525,0.0,0.0,0.0,4.157351910232666,-2.497870092934743,-6.123965572250578
3.4850144386291504,0.025458264000558218,0.0910757147567618,0.02105781440404813,0.26092652246475123,1.099853349416694,0.20093777359408863,-0.041656782090602584,-0.195868231630188,-0.8004456853549453,4.207919639996072,-3.2169925528966834,-8.803859195733239
3.4876954555511475,0.025458264000558218,0.0910757147567618,0.02105781440404813,0.25831725724010374,1.088854815922527,0.19892839585814773,-0.041656782090602584,-0.195868231630188,-0.8004456853549453,4.165840443596111,-3.1848226273677165,-8.715820603775907
3.498121976852417,7.771561172376096e-16,0.0,0.0,0.23131725064899922,0.9906162186671834,0.1767427167687337,0.0,0.0,0.0,4.164134752905175,-2.9651186187380008,-7.860960819976556
3.5047123432159424,7.771561172376096e-16,0.0,0.0,0.22900407814250923,0.9807100564805116,0.17497528960104636,0.0,0.0,0.0,4.122493405376123,-2.9354674325506207,-7.782351211776791
3.508490800857544,0.02552838457137497,0.08991729144618152,0.020879442464464843,0.2942770140907996,1.208876488968385,0.22848470445268537,-0.041789547346743366,-0.19641225548559416,-0.8004740482996718,4.149343065951643,-3.4794595674144766,-9.810997576179414
3.512584686279297,0.02552838457137497,0.08991729144618152,0.020879442464464843,0.2913342439498916,1.196787724078701,0.2261998574081585,-0.041789547346743366,-0.19641225548559416,-0.8004740482996718,4.107849635292127,-3.4446649717403317,-9.71288760041762
3.5158822536468506,7.771561172376096e-16,0.0,0.0,0.21100509244289717,0.9121421986693905,0.16062014569223984,0.0,0.0,0.0,4.193499550185417,-2.8145905952987205,-7.18829035431764
3.5204169750213623,7.771561172376096e-16,0.0,0.0,0.2088950415184682,0.9030207766826965,0.15901394423531745,0.0,0.0,0.0,4.151564554683563,-2.7864446893457333,-7.116407450774464
3.524850845336914,0.02555507150785977,0.08924868774058313,0.020714888492897734,0.2644421284457038,1.0952790175823635,0.20414345832058436,-0.04190711271850725,-0.19696188312889454,-0.8004936974032203,4.166644889834458,-3.2484493324645225,-8.840398629310751
3.528893232345581,0.02555507150785977,0.08924868774058313,0.020714888492897734,0.2617977071612468,1.0843262274065397,0.2021020237373785,-0.04190711271850725,-0.19696188312889454,-0.8004936974032203,4.124978440936114,-3.215964839139877,-8.751994643017644
3.535935878753662,7.771561172376096e-16,0.0,0.0,0.22289355295239233,0.9467568985814472,0.170667502817749,0.0,0.0,0.0,4.143233436818464,-2.9041349194952004,-7.52783705922902
3.540605306625366,7.771561172376096e-16,0.0,0.0,0.22066461742286841,0.9372893295956327,0.16896082778957153,0.0,0.0,0.0,4.1018011024502785,-2.8750935703002485,-7.45255868863673
3.5454306602478027,0.025143525994320588,0.08858691549849675,0.02041959067263907,0.27056508704096127,1.1115028061909786,0.20958851326957537,-0.04201445879506319,-0.19751709288030672,-0.8005192790272208,4.111591918484076,-3.2969318037702147,-9.027807418097392
3.5506367683410645,0.025143525994320588,0.08858691549849675,0.02041959067263907,0.26785943617055163,1.1003877781290687,0.2074926281368796,-0.04201445879506319,-0.19751709288030672,-0.8005192790272208,4.070475999299235,-3.2639624857325127,-8.937529343916419
3.56419038772583,7.771561172376096e-16,0.0,0.0,0.24662968932290472,1.0240235615455324,0.19035191751189048,0.0,0.0,0.0,4.060769939802649,-3.0855927150941143,-8.257522680138633
3.5679399967193604,7.771561172376096e-16,0.0,0.0,0.24416339242967566,1.013783325930077,0.18844839833677157,0.0,0.0,0.0,4.0201622404046224,-3.054736787943173,-8.174947453337246
3.5713915824890137,0.025109302030926584,0.08827334057981757,0.019762720900615423,0.31446890635750313,1.259392695466446,0.24382084557142902,-0.04210343125443974,-0.19806261405278786,-0.8005359243944085,4.050376375030539,-3.6556281457219697,-10.399660711160914
3.5758378505706787,0.025109302030926584,0.08827334057981757,0.019762720900615423,0.3113242172939281,1.2467987685117816,0.24138263711571473,-0.04210343125443974,-0.19806261405278786,-0.8005359243944085,4.009872611280233,-3.61907186426475,-10.295664104049305
3.579627752304077,7.771561172376096e-16,0.0,0.0,0.24195780077176876,1.0014135529156853,0.18682307639356674,0.0,0.0,0.0,4.0808676132274595,-3.0602749463442547,-8.080420705440137
3.582723379135132,7.771561172376096e-16,0.0,0.0,0.23953822276405107,0.9913994173865285,0.18495484562963108,0.0,0.0,0.0,4.040058937095185,-3.0296721968808122,-7.999616498385735
3.5878658294677734,0.025142137661086195,0.08838793331836386,0.01936731504035695,0.28603419783644357,1.1533644450815244,0.22076694441846872,-0.04212601198841835,-0.1986110707322101,-0.8005463405119564,4.047193644363657,-3.4243203626949184,-9.467677297278037
3.5918056964874268,0.025142137661086195,0.08838793331836386,0.01936731504035695,0.28317385585807914,1.1418308006307092,0.21855927497428404,-0.04212601198841835,-0.1986110707322101,-0.8005463405119564,4.00672170792002,-3.3900771590679692,-9.373000524305256
3.5989484786987305,7.771561172376096e-16,0.0,0.0,0.2451427553179765,1.0066680878482257,0.18925915672534915,0.0,0.0,0.0,4.02563152631833,-3.078117971503327,-8.158493884930671
3.601869583129883,7.771561172376096e-16,0.0,0.0,0.24269132776479674,0.9966014069697434,0.18736656515809566,0.0,0.0,0.0,3.9853752110551466,-3.0473367917882936,-8.076908946081364
3.604678153991699,0.02519967108140681,0.08878457776618401,0.01913098575612425,0.3299885920893777,1.3027555199484473,0.2536093426990912,-0.042093487790256526,-0.19915394455714683,-0.8005450838668025,4.03393310538825,-3.797047715924479,-10.830456379032535
3.608691453933716,0.02519967108140681,0.08878457776618401,0.01913098575612425,0.32668870616848394,1.2897279647489628,0.2510732492721003,-0.042093487790256526,-0.19915394455714683,-0.8005450838668025,3.993593774334368,-3.7590772387652343,-10.72215181524221
3.623544454574585,7.771561172376096e-16,0.0,0.0,0.30645577184758926,1.217055169087634,0.2356823007081001,0.0,0.0,0.0,3.9819978931277706,-3.587403159325699,-10.075951606370525
3.6288070678710938,7.771561172376096e-16,0.0,0.0,0.30339121412911335,1.2048846173967576,0.23332547770101908,0.0,0.0,0.0,3.9421779141964928,-3.551529127732442,-9.97519209030682
3.6344664096832275,0.025236074203427335,0.08939161447595444,0.01902014632887612,0.34494919101159477,1.350789853947209,0.2646006299795722,-0.04201160526935254,-0.19969904455709014,-0.8005300690831284,3.9476510129803217,-3.9042231280493946,-11.281923134558436
3.6391494274139404,0.025236074203427335,0.08939161447595444,0.01902014632887612,0.3414996991014788,1.3372819554077369,0.26195462367977645,-0.04201160526935254,-0.19969904455709014,-0.8005300690831284,3.9081745028505184,-3.8651808967689005,-11.169103903212852
3.644045829772949,7.771561172376096e-16,0.0,0.0,0.2865446685243858,1.1413432274137931,0.22048993169248418,0.0,0.0,0.0,3.95489372389674,-3.4186805698180667,-9.42247763952491
3.647082567214966,7.771561172376096e-16,0.0,0.0,0.28367922183914196,1.1299297951396552,0.21828503237555932,0.0,0.0,0.0,3.915344786657773,-3.384493764119886,-9.328252863129661
3.664868116378784,7.771561172376096e-16,0.0,0.0,0.2808424296207505,1.1186304971882586,0.21610218205180373,0.0,0.0,0.0,3.876191338791195,-3.3506488264786873,-9.234970334498364
3.6695759296417236,7.771561172376096e-16,0.0,0.0,0.278034005324543,1.107444192216376,0.2139411602312857,0.0,0.0,0.0,3.837429425403283,-3.3171423382139005,-9.14262063115338
3.6732349395751953,0.02511355753881021,0.0905639102433727,0.01984698495219585,0.34388850911000124,1.3438790817527508,0.2660431563131685,-0.041758905815306196,-0.2007811061968908,-0.8005117006486558,3.8712063381756945,-3.887112033486545,-11.226403924615111
3.6767730712890625,0.02511355753881021,0.0905639102433727,0.01984698495219585,0.3404496240189012,1.3304402909352233,0.2633827247500368,-0.041758905815306196,-0.2007811061968908,-0.8005117006486558,3.8324942747939374,-3.8482409131516797,-11.11413988536896
3.6796746253967285,7.771561172376096e-16,0.0,0.0,0.250493036702904,1.0050138083303746,0.1923476745173803,0.0,0.0,0.0,3.93808843286503,-3.1177806923142906,-8.244091807733463
3.6824283599853516,7.771561172376096e-16,0.0,0.0,0.24798810633587498,0.9949636702470708,0.1904241977722065,0.0,0.0,0.0,3.89870754853638,-3.0866028853911476,-8.161650889656128
3.6864960193634033,0.025246580423001635,0.09134633383728225,0.020136818349699586,0.30757482937222563,1.2095813469488836,0.2380246376721109,-0.041604587581401904,-0.2013193386554373,-0.800489864435423,3.926348180835433,-3.5998816819843245,-10.036474608165856
3.691467523574829,0.025246580423001635,0.09134633383728225,0.020136818349699586,0.3044990810785034,1.1974855334793948,0.2356443912953898,-0.041604587581401904,-0.2013193386554373,-0.800489864435423,3.8870846990270786,-3.5638828651644814,-9.936109862084196
3.704362154006958,7.771561172376096e-16,0.0,0.0,0.28187494796047147,1.114670079557394,0.21767151040450924,0.0,0.0,0.0,3.8804789005004983,-3.372117546719209,-9.215955582418877
3.7095491886138916,7.771561172376096e-16,0.0,0.0,0.27905619848086677,1.1035233787618202,0.21549479530046414,0.0,0.0,0.0,3.841674111495493,-3.3383963712520166,-9.123796026594688
3.7168185710906982,0.025399547735778568,0.09218880425537743,0.020379895584444453,0.31120608407439976,1.2193060755886809,0.24137509745222102,-0.04143618724058579,-0.20185412397000377,-0.8004590011335178,3.8416015248422646,-3.610406716208551,-10.127145497260134
3.721902847290039,0.025399547735778568,0.09218880425537743,0.020379895584444453,0.30809402323365576,1.207113014832794,0.23896134647769882,-0.04143618724058579,-0.20185412397000377,-0.8004590011335178,3.803185509593842,-3.5743026490464653,-10.025874042287533
3.7270071506500244,7.771561172376096e-16,0.0,0.0,0.25525203640112126,1.0144319213776574,0.19664484358818557,0.0,0.0,0.0,3.846332581999392,-3.143100909125254,-8.357411093218612
3.7313854694366455,7.771561172376096e-16,0.0,0.0,0.25269951603711005,1.0042876021638807,0.1946783951523037,0.0,0.0,0.0,3.8078692561793983,-3.1116699000340016,-8.273836982286426
3.736523389816284,0.025518134696944382,0.09305418486031462,0.020582846457373048,0.29983879207485004,1.1753572736022684,0.23279226791889934,-0.04126012962834314,-0.20239047059500284,-0.8004188573682527,3.8256098282409345,-3.513881926422533,-9.739540798841949
3.7417948246002197,0.025518134696944382,0.09305418486031462,0.020582846457373048,0.2968404041541015,1.1636037008662456,0.23046434523971035,-0.04126012962834314,-0.20239047059500284,-0.8004188573682527,3.787353729958525,-3.4787431071583077,-9.64214539085353
3.7541749477386475,7.771561172376096e-16,0.0,0.0,0.273259818463304,1.0768034802546949,0.21153398148774352,0.0,0.0,0.0,3.782807914174304,-3.2804755003792745,-8.899188479729903
3.757941722869873,7.771561172376096e-16,0.0,0.0,0.27052722027867093,1.066035445452148,0.20941864167286608,0.0,0.0,0.0,3.7449798350325607,-3.2476707453754816,-8.810196594932604
3.7613577842712402,0.02511437398600628,0.09379319057345716,0.020656111159814625,0.341340456777028,1.3299403858015164,0.2677920778566785,-0.04108533796214604,-0.2029318953594663,-0.8003976731402586,3.793656845962497,-3.867609036705661,-11.05107461428145
3.7643661499023438,0.02511437398600628,0.09379319057345716,0.020656111159814625,0.33792705220925773,1.3166409819435012,0.26511415707811176,-0.04108533796214604,-0.2029318953594663,-0.8003976731402586,3.755720277502872,-3.8289329463386044,-10.940563868138636
3.7672083377838135,7.771561172376096e-16,0.0,0.0,0.2461849603911339,0.9734710871857106,0.18978621854226457,0.0,0.0,0.0,3.862718395049948,-3.076644740578101,-8.015026057623613
3.7716939449310303,7.771561172376096e-16,0.0,0.0,0.24372311078722256,0.9637363763138536,0.18788835635684192,0.0,0.0,0.0,3.8240912110994483,-3.04587829317232,-7.934875797047377
3.7763657569885254,0.025013454894404055,0.09454216818773896,0.02075351993321664,0.294827106480787,1.1564662461299475,0.23043232131073738,-0.04092622274920678,-0.2034589239121943,-0.8003725350581409,3.8503753786930583,-3.49344226216894,-9.558379158138246
3.7814159393310547,0.025013454894404055,0.09454216818773896,0.02075351993321664,0.29187883541597914,1.144901583668648,0.22812799809763,-0.04092622274920678,-0.2034589239121943,-0.8003725350581409,3.8118716249061277,-3.4585078395472504,-9.462795366556863
3.787116050720215,7.771561172376096e-16,0.0,0.0,0.24507765040906074,0.9675923561042946,0.18943774552590148,0.0,0.0,0.0,3.8455518963523523,-3.066984255881318,-7.964032510229215
3.790571451187134,7.771561172376096e-16,0.0,0.0,0.24262687390497012,0.9579164325432517,0.18754336807064245,0.0,0.0,0.0,3.8070963773888287,-3.036314413322505,-7.884392185126923
3.7942709922790527,0.025041399833759186,0.09527240242630829,0.02085071051143569,0.3078884594472456,1.205862188361065,0.2420281963612945,-0.04078768102274468,-0.20399010680746257,-0.8003465880268626,3.8523607286346366,-3.6111174544990323,-9.955705521546971
3.800051689147949,0.025041399833759186,0.09527240242630829,0.02085071051143569,0.3048095748527731,1.1938035664774542,0.23960791439768156,-0.04078768102274468,-0.20399010680746257,-0.8003465880268626,3.8138371213482904,-3.575006279954042,-9.8561484663315
3.8036580085754395,7.771561172376096e-16,0.0,0.0,0.2323239255617806,0.9176837123634701,0.1793946869653556,0.0,0.0,0.0,3.8887993277259896,-2.9736099650435865,-7.538297747536609
3.807910203933716,7.771561172376096e-16,0.0,0.0,0.2300006863061628,0.9085068752398354,0.17760074009570204,0.0,0.0,0.0,3.8499113344487297,-2.9438738653931504,-7.462914770061243
3.8168816566467285,0.02511406886117058,0.09596858175983732,0.020941259129762867,0.25569399297274054,1.0063928677299927,0.19916683770231924,-0.04067397415170001,-0.2045134940311818,-0.800316755301845,3.8464833259460955,-3.1646412291685473,-8.274839567213466
3.8223512172698975,0.02511406886117058,0.09596858175983732,0.020941259129762867,0.25313705304301315,0.9963289390526928,0.19717516932529605,-0.04067397415170001,-0.2045134940311818,-0.800316755301845,3.8080184926866347,-3.1329948168768618,-8.19209117154133
3.827568531036377,7.771561172376096e-16,0.0,0.0,0.20246966849225678,0.8024231343079582,0.1550654077919841,0.0,0.0,0.0,3.8478979168080576,-2.709674846284767,-6.576207015284698
3.8321399688720703,7.771561172376096e-16,0.0,0.0,0.2004449718073342,0.7943989029648786,0.15351475371406426,0.0,0.0,0.0,3.809418937639977,-2.6825780978219194,-6.510444945131851
3.837010622024536,0.02516667091192558,0.09662010309040249,0.02102050770164556,0.2501105345580894,0.9848268777476962,0.19513707817018952,-0.0405867572270057,-0.20503973559249142,-0.8002815473036197,3.837101434097415,-3.1177944652814706,-8.07813654440516
3.852766275405884,0.02516667091192558,0.09662010309040249,0.02102050770164556,0.2476094292125085,0.9749786089702192,0.19318570738848762,-0.0405867572270057,-0.20503973559249142,-0.8002815473036197,3.7987304197564407,-3.086616520628656,-7.997355178961108
3.856799602508545,7.771561172376096e-16,0.0,0.0,0.18273653378982252,0.7256744782139167,0.1391368085607203,0.0,0.0,0.0,3.8613715947125438,-2.5473865892968557,-5.933209436486528
3.8609530925750732,7.771561172376096e-16,0.0,0.0,0.18090916845192428,0.7184177334317775,0.1377454404751131,0.0,0.0,0.0,3.8227578787654184,-2.521912723403887,-5.873877342121663
3.8646981716156006,0.024756105832043962,0.09701891996166419,0.021421322859304755,0.24520310306977458,0.9702906251520103,0.19356657287585827,-0.04053003264665352,-0.2055680235910661,-0.8002676678546149,3.870832446227582,-3.0981433154092213,-7.938802469261698
3.8677709102630615,0.024756105832043962,0.09701891996166419,0.021421322859304755,0.24275107203907684,0.9605877189004901,0.19163090714709968,-0.04053003264665352,-0.2055680235910661,-0.8002676678546149,3.832124121765306,-3.067161882255129,-7.859414444569081
3.870802402496338,7.771561172376096e-16,0.0,0.0,0.15866045969402065,0.6309450001299768,0.11905196327100931,0.0,0.0,0.0,3.9274995207757217,-2.358381900380981,-5.140972969920259
3.8748204708099365,7.771561172376096e-16,0.0,0.0,0.15707385509708044,0.624635550128677,0.11786144363829922,0.0,0.0,0.0,3.8882245255679644,-2.334798081377171,-5.089563240221056
3.8791768550872803,0.02463576957665882,0.09743242347470663,0.021678939832280298,0.21205407258729567,0.8420435310490495,0.16644643693740918,-0.040507915113545685,-0.20608684050304815,-0.8002492434724169,3.924189052760903,-2.8294768923015643,-6.864290480964643
3.8840491771698,0.02463576957665882,0.09743242347470663,0.021678939832280298,0.20993353186142272,0.833623095738559,0.1647819725680351,-0.040507915113545685,-0.20608684050304815,-0.8002492434724169,3.884947162233294,-2.8011821233785485,-6.795647576154996
3.8877956867218018,7.771561172376096e-16,0.0,0.0,0.14207760568213956,0.5652250068776123,0.10526978727388539,0.0,0.0,0.0,3.9542194358014946,-2.223093390174991,-4.591704971531711
3.892049789428711,7.771561172376096e-16,0.0,0.0,0.14065682962531817,0.5595727568088362,0.10421708940114653,0.0,0.0,0.0,3.9146772414434796,-2.200862456273241,-4.545787921816394
3.8979716300964355,0.024638704313864734,0.09792226794235205,0.021853964145132816,0.18085675784990274,0.7193348519799696,0.14007892415565237,-0.0405227096969324,-0.20660833559320094,-0.8002289100248958,3.9311390625691307,-2.560826699518362,-5.843264382546949
3.901167392730713,0.024638704313864734,0.09792226794235205,0.021853964145132816,0.1790481902714037,0.7121415034601699,0.13867813491409584,-0.0405227096969324,-0.20660833559320094,-0.8002289100248958,3.8918276719434393,-2.535218432523178,-5.78483173872148
3.9056646823883057,7.771561172376096e-16,0.0,0.0,0.12247203479690531,0.4872839064186345,0.08869772093505118,0.0,0.0,0.0,3.943014131147603,-2.05045991388638,-3.9476252501880738
3.908445358276367,7.771561172376096e-16,0.0,0.0,0.12124731444893626,0.48241106735444816,0.08781074372570068,0.0,0.0,0.0,3.9035839898361266,-2.0299553147475162,-3.908148997686193
3.9121243953704834,0.024681770513918865,0.09853781413806775,0.021962001352778062,0.1871224239585903,0.7454228376935108,0.14662760752942777,-0.04057392484935384,-0.2071252932638004,-0.8002026380906672,3.955147864308814,-2.6259912864549113,-6.03050400921065
3.9166109561920166,0.024681770513918865,0.09853781413806775,0.021962001352778062,0.1852511997190044,0.7379686093165757,0.14516133145413349,-0.04057392484935384,-0.2071252932638004,-0.8002026380906672,3.915596385665726,-2.599731373590362,-5.9701989691185435
3.921567440032959,7.771561172376096e-16,0.0,0.0,0.13360175242256536,0.5317830412711496,0.09940007836761534,0.0,0.0,0.0,3.9583007206648793,-2.155846501031266,-4.296040716137043
3.9316964149475098,7.771561172376096e-16,0.0,0.0,0.1322657348983397,0.5264652108584381,0.09840607758393918,0.0,0.0,0.0,3.9187177134582303,-2.1342880360209535,-4.253080308975672
3.936713218688965,0.02470253675236568,0.09919654763536485,0.022017563378507507,0.1801826691806609,0.7189291380356637,0.1413096482826401,-0.040659402005268235,-0.20764480988808462,-0.8001677935478079,3.946793532689505,-2.5660037269954605,-5.795491251430266
3.94193172454834,0.02470253675236568,0.09919654763536485,0.022017563378507507,0.17838084248885427,0.7117398466553071,0.1398965517998137,-0.040659402005268235,-0.20764480988808462,-0.8001677935478079,3.9073255973626098,-2.540343689725506,-5.737536338915963
3.946025848388672,7.771561172376096e-16,0.0,0.0,0.11626046947592059,0.46233239663203296,0.0847191363932017,0.0,0.0,0.0,3.967563948929343,-2.0077626050919153,-3.725731102973376
3.9489309787750244,7.771561172376096e-16,0.0,0.0,0.11509786478116138,0.45770907266571265,0.08387194502926967,0.0,0.0,0.0,3.9278883094400494,-1.987684979040996,-3.6884737919436423
3.9522218704223633,0.024465581130400805,0.0997512401004023,0.02360625494362757,0.18829020627937698,0.7562450916674317,0.1547653197143657,-0.04077814604949997,-0.20816654202378412,-0.8001434573032201,3.9910557550701276,-2.6594631835567606,-6.067834925146899
3.9550564289093018,0.024465581130400805,0.0997512401004023,0.02360625494362757,0.18640730421658322,0.7486826407507574,0.15321766651722205,-0.04077814604949997,-0.20816654202378412,-0.8001434573032201,3.951145197519426,-2.632868551721193,-6.00715657589543
3.962042808532715,7.771561172376096e-16,0.0,0.0,0.1495242621959642,0.5984162268067936,0.11789652301074449,0.0,0.0,0.0,3.970001810618798,-2.308579329782274,-4.8017944584725765
3.965961456298828,7.771561172376096e-16,0.0,0.0,0.14802901957400458,0.5924320645387257,0.11671755778063704,0.0,0.0,0.0,3.9303017925126102,-2.2854935364844513,-4.753776513887851
3.969708204269409,0.02443602412351229,0.10026323073030323,0.024490851689264508,0.2117680190539507,0.8541084245837831,0.18091600562229554,-0.04094560243404499,-0.20868105041190196,-0.8001074904112618,3.9810702905185864,-2.871437787272538,-6.828417931520034
3.9734508991241455,0.02443602412351229,0.10026323073030323,0.024490851689264508,0.2096503388634112,0.8455673403379452,0.1791068455660726,-0.04094560243404499,-0.20868105041190196,-0.8001074904112618,3.9412595876134007,-2.8427234093998126,-6.760133752204834
3.9788875579833984,7.771561172376096e-16,0.0,0.0,0.16260706806463768,0.6526909899600299,0.13226816179501955,0.0,0.0,0.0,3.9771608995877794,-2.4304555558843153,-5.220842703915818
3.984252691268921,7.771561172376096e-16,0.0,0.0,0.1609809973839913,0.6461640800604297,0.13094548017706936,0.0,0.0,0.0,3.9373892905919017,-2.406151000325472,-5.16863427687666
3.991481065750122,0.024484795918642804,0.10092008715904323,0.025003862597969443,0.1932443576261102,0.7793190120058916,0.1642272915901261,-0.041153388433100506,-0.20919874716254006,-0.8000619804763316,3.9449609190660233,-2.698419428368754,-6.2168648478181865
3.9964661598205566,0.024484795918642804,0.10092008715904323,0.025003862597969443,0.1913119140498491,0.7715258218858326,0.16258501867422484,-0.041153388433100506,-0.20919874716254006,-0.8000619804763316,3.905511309875363,-2.6714352340850667,-6.1546961993400044
4.000287771224976,7.771561172376096e-16,0.0,0.0,0.12532949709866753,0.4997332505148603,0.09553163033156907,0.0,0.0,0.0,3.974142154552208,-2.0973110982150915,-3.9996292641980613
4.0041680335998535,7.771561172376096e-16,0.0,0.0,0.12407620212768085,0.4947359180097117,0.09457631402825338,0.0,0.0,0.0,3.9344007330066857,-2.0763379872329404,-3.9596329715560805
4.008606910705566,0.02454396125177956,0.10158459862605562,0.025234356126472193,0.178128615986832,0.7186405774973874,0.15047906353094376,-0.04139627756778117,-0.20971362498978313,-0.8000031823242965,3.971993578084214,-2.571954305104382,-5.710984652007918
4.013625860214233,0.02454396125177956,0.10158459862605562,0.025234356126472193,0.17634732982696366,0.7114541717224135,0.1489742728956343,-0.04139627756778117,-0.20971362498978313,-0.8000031823242965,3.932273642303372,-2.5462347620533383,-5.653874805487838
4.0188047885894775,7.771561172376096e-16,0.0,0.0,0.1271918876242742,0.5081897872855229,0.0987594768388596,0.0,0.0,0.0,3.9728830357890277,-2.1158360843761113,-4.05260880044211
4.023902654647827,7.771561172376096e-16,0.0,0.0,0.12591996874803144,0.5031078894126677,0.09777188207047101,0.0,0.0,0.0,3.9331542054311375,-2.09467772353235,-4.012082712437689
4.028679847717285,0.02456411431618282,0.10208194681759641,0.025259533908318487,0.17608032434967605,0.711762850277403,0.14966942606844974,-0.041669137670362795,-0.2102316648853884,-0.799928172842552,3.9655161208712446,-2.554650739853528,-5.635905901599812
4.032806158065796,0.02456411431618282,0.10208194681759641,0.025259533908318487,0.1743195211061793,0.704645221774629,0.14817273180776525,-0.041669137670362795,-0.2102316648853884,-0.799928172842552,3.9258609596625322,-2.5291042324549924,-5.579546842583814
4.040237188339233,7.771561172376096e-16,0.0,0.0,0.13952019045722622,0.5602262343076425,0.11269903705199635,0.0,0.0,0.0,3.9426768594368493,-2.2209026687766675,-4.447281297455522
4.045094013214111,7.771561172376096e-16,0.0,0.0,0.13812498855265395,0.554623971964566,0.11157204668147638,0.0,0.0,0.0,3.903250090842481,-2.1986936420889007,-4.402808484480967
4.050136089324951,0.024343557545236184,0.10290712797309103,0.025094688741717115,0.18502455992030079,0.753174468809157,0.16022687348539136,-0.04196464863514646,-0.21075106039609276,-0.7998638099200301,3.932907841997368,-2.6330442665973792,-5.935254554998718
4.05539608001709,0.024343557545236184,0.10290712797309103,0.025094688741717115,0.18317431432109776,0.7456427241210654,0.15862460475053744,-0.04196464863514646,-0.21075106039609276,-0.7998638099200301,3.8935787635773944,-2.6067138239314054,-5.875902009448731
4.062579393386841,7.771561172376096e-16,0.0,0.0,0.1474535337766418,0.5949277159491742,0.1221036601175698,0.0,0.0,0.0,3.913062602755982,-2.2872569231299167,-4.703640391391211
4.06667160987854,7.771561172376096e-16,0.0,0.0,0.14597899843887538,0.5889784387896824,0.1208826235163941,0.0,0.0,0.0,3.8739319767284224,-2.2643843538986177,-4.656603987477299
4.069642782211304,0.02433947101786548,0.10350003800910572,0.024849410869777235,0.2264379539593125,0.9314361294633682,0.20330883452144066,-0.04227764944125817,-0.21126599754326744,-0.7997899474120062,3.952414537683729,-3.0178594445767217,-7.285053084888197
4.0728936195373535,0.02433947101786548,0.10350003800910572,0.024849410869777235,0.22417357441971936,0.9221217681687345,0.20127574617622626,-0.04227764944125817,-0.21126599754326744,-0.7997899474120062,3.912890392306892,-2.9876808501309546,-7.212202554039315
4.077413082122803,7.771561172376096e-16,0.0,0.0,0.1680770482935249,0.6838909369495159,0.1442798786655347,0.0,0.0,0.0,3.967307233352206,-2.4903458128051463,-5.3704233352144914
4.081162452697754,7.771561172376096e-16,0.0,0.0,0.16639627781058966,0.6770520275800207,0.14283707987887936,0.0,0.0,0.0,3.927634161018684,-2.4654423546770947,-5.316719101862346
4.085676193237305,0.024424777098335283,0.10389387161773486,0.02455079074528948,0.21884436884753383,0.9004539567558114,0.1957999407651375,-0.04260551510038236,-0.21178376582811367,-0.7997095031207763,3.9655862660761065,-2.952956441860145,-7.024169866867594
4.090491056442261,0.024424777098335283,0.10389387161773486,0.02455079074528948,0.2166559251590585,0.8914494171882533,0.1938419413574861,-0.04260551510038236,-0.21178376582811367,-0.7997095031207763,3.9259304034153453,-2.9234268774415435,-6.953928168198918
4.10029149055481,7.771561172376096e-16,0.0,0.0,0.18956722795129294,0.7765254642264735,0.16685280432941924,0.0,0.0,0.0,3.9301441890536473,-2.678096297630315,-6.068394927538316
4.103795766830444,7.771561172376096e-16,0.0,0.0,0.18767155567178,0.7687602095842088,0.16518427628612503,0.0,0.0,0.0,3.8908427471631106,-2.651315334654012,-6.007710978262933
4.107497692108154,0.024529600510619046,0.10422392644410272,0.02422664842154367,0.252056578725282,1.0426123972611534,0.22897580853522648,-0.04294303010933527,-0.21230041532104654,-0.7996222083150848,3.946030139703666,-3.250893906429929,-8.094066352430819
4.113122463226318,0.024529600510619046,0.10422392644410272,0.02422664842154367,0.24953601293802916,1.0321862732885418,0.22668605044987422,-0.04294303010933527,-0.21230041532104654,-0.7996222083150848,3.906569838306629,-3.2183849673656297,-8.013125688906511
4.1190924644470215,7.771561172376096e-16,0.0,0.0,0.2059525531520641,0.8472850049725071,0.1838385476206652,0.0,0.0,0.0,3.9394354989330296,-2.830589104440085,-6.593594021943646
4.132290601730347,7.771561172376096e-16,0.0,0.0,0.20389302762054345,0.838812154922782,0.18200016214445855,0.0,0.0,0.0,3.900041143943699,-2.802283213395684,-6.52765808172421
4.137883424758911,0.0246020837960406,0.10439784656697552,0.02389623494593707,0.24584276580459252,1.0170879882918131,0.22290676714705857,-0.043285607878582245,-0.21282009014598338,-0.7995271751120506,3.9230491921155366,-3.1896946969291626,-7.88294371556303
4.149884223937988,0.0246020837960406,0.10439784656697552,0.02389623494593707,0.24338433814654659,1.006917108408895,0.220677699475588,-0.043285607878582245,-0.21282009014598338,-0.7995271751120506,3.8838187001943814,-3.157797749959871,-7.8041142784074
4.155008792877197,7.771561172376096e-16,0.0,0.0,0.19294239088768975,0.7931276872795601,0.17184020050321797,0.0,0.0,0.0,3.929447340338417,-2.7109261298718006,-6.165888884817903
4.160125970840454,7.771561172376096e-16,0.0,0.0,0.19101296697881284,0.7851964104067645,0.1701217984981858,0.0,0.0,0.0,3.890152866935033,-2.6838168685730825,-6.104229995969724
4.165076017379761,0.024338977625046592,0.10565044794050098,0.024496202493054686,0.23827202679396844,0.9907776879935912,0.21790739300787182,-0.04362237648036634,-0.21334409468198756,-0.7994516999877023,3.922351818270058,-3.1269902512805126,-7.648150630798534
4.169471025466919,0.024338977625046592,0.10565044794050098,0.024496202493054686,0.23588930652602877,0.9808699111136553,0.2157283190777931,-0.04362237648036634,-0.21334409468198756,-0.7994516999877023,3.8831283000873573,-3.095720348767707,-7.5716691244905485
4.177946090698242,7.771561172376096e-16,0.0,0.0,0.20481207683358751,0.8464008759970514,0.18466718461927686,0.0,0.0,0.0,3.8957684515707176,-2.81303163778262,-6.552653853037688
4.182968616485596,7.771561172376096e-16,0.0,0.0,0.20276395606525163,0.8379368672370808,0.1828205127730841,0.0,0.0,0.0,3.8568107670550105,-2.784901321404794,-6.487127314507311
4.1862242221832275,7.771561172376096e-16,0.0,0.0,0.2007363165045991,0.8295574985647101,0.18099230764535323,0.0,0.0,0.0,3.8182426593844605,-2.757052308190746,-6.422256041362238
4.189693927764893,7.771561172376096e-16,0.0,0.0,0.19872895333955312,0.8212619235790629,0.1791823845688997,0.0,0.0,0.0,3.780060232790616,-2.7294817851088387,-6.358033480948616
4.192980766296387,0.024409986703676417,0.10755529843350828,0.02473603781213682,0.27100751675202556,1.1402795512900716,0.2526484037085559,-0.044290493931158706,-0.21438051346241177,-0.7992905662589849,3.851635664504207,-3.413348492015831,-8.710952569616133
4.1974875926971436,0.024409986703676417,0.10755529843350828,0.02473603781213682,0.2682974415845053,1.1288767557771708,0.25012191967147035,-0.044290493931158706,-0.21438051346241177,-0.7992905662589849,3.813119307859165,-3.3792150070956724,-8.62384304391997
4.202313661575317,7.771561172376096e-16,0.0,0.0,0.21503502597155844,0.8947248232945609,0.19636565535095518,0.0,0.0,0.0,3.8667615540936033,-2.901209318274864,-6.881410749622296
4.206918239593506,7.771561172376096e-16,0.0,0.0,0.21288467571184286,0.8857775750616154,0.19440199879744563,0.0,0.0,0.0,3.828093938552667,-2.8721972250921155,-6.812596642126072
4.210283517837524,0.024529472935359578,0.10838468055250122,0.024628894006721268,0.283645709543224,1.1989873155561837,0.2656432913478822,-0.044619678572304255,-0.2148979275472252,-0.7992061611623092,3.8976276652548285,-3.539876145133212,-9.104282942228716
4.213614463806152,0.024529472935359578,0.10838468055250122,0.024628894006721268,0.28080925244779176,1.1869974424006218,0.2629868584344034,-0.044619678572304255,-0.2148979275472252,-0.7992061611623092,3.85865138860228,-3.50447738368188,-9.013240112806429
4.216423034667969,7.771561172376096e-16,0.0,0.0,0.19066324273259466,0.7892205926115238,0.17266508098081723,0.0,0.0,0.0,3.9789345659849586,-2.704282153900206,-6.077510429345836
4.2262208461761475,7.771561172376096e-16,0.0,0.0,0.18875661030526872,0.7813283866854085,0.17093843017100907,0.0,0.0,0.0,3.939145220325109,-2.677239332361204,-6.016735325052378
4.231154680252075,0.02462652111428487,0.10891277880983052,0.024432698886947494,0.23678260176272933,0.9942618428461891,0.2187497604108664,-0.04494465841298188,-0.2154193572634059,-0.7991158665263011,3.973528035025481,-3.126674795659565,-7.565925174996142
4.235895156860352,0.02462652111428487,0.10891277880983052,0.024432698886947494,0.23441477574510203,0.9843192244177272,0.21656226280675775,-0.04494465841298188,-0.2154193572634059,-0.7991158665263011,3.9337927546752263,-3.095408047702969,-7.490265923246181
4.2401227951049805,7.771561172376096e-16,0.0,0.0,0.17381937826075827,0.7168551750715946,0.15660385500368476,0.0,0.0,0.0,4.000766332068809,-2.5549038477541735,-5.525145084770131
4.244800806045532,7.771561172376096e-16,0.0,0.0,0.17208118447815068,0.7096866233208786,0.15503781645364792,0.0,0.0,0.0,3.960758668748121,-2.5293548092766316,-5.469893633922429
4.249020099639893,0.024093905727568893,0.11244563605052448,0.02454426533921606,0.22746449489633006,0.969093221555805,0.21165894209729105,-0.04524084248067117,-0.21594787017126466,-0.7990359761611032,4.013307248654399,-3.061222249644235,-7.296917295405112
4.2527992725372314,0.024093905727568893,0.11244563605052448,0.02454426533921606,0.22518984994736677,0.959402289340247,0.20954235267631813,-0.04524084248067117,-0.21594787017126466,-0.7990359761611032,3.9731741761678547,-3.0306100271477927,-7.22394812245106
4.263913631439209,7.771561172376096e-16,0.0,0.0,0.20125977285022234,0.8486367665499701,0.18536354534336075,0.0,0.0,0.0,3.9741472945602077,-2.8060076367566547,-6.432786404498227
4.267224311828613,7.771561172376096e-16,0.0,0.0,0.1992471751217201,0.8401503988844704,0.18350990988992713,0.0,0.0,0.0,3.9344058216146056,-2.777947560389088,-6.368458540453244
4.270257472991943,0.023943105490236503,0.11457463500291941,0.0244686991894707,0.2761924986307746,1.2094889121030497,0.2623454308862911,-0.04549895003871966,-0.21646484326237325,-0.7989535824551061,4.027993823198263,-3.5265603973339794,-8.921956068042258
4.273641109466553,0.023943105490236503,0.11457463500291941,0.0244686991894707,0.2734305736444669,1.1973940229820192,0.2597219765774282,-0.04549895003871966,-0.21646484326237325,-0.7989535824551061,3.98771388496628,-3.4912947933606397,-8.832736507361835
4.277106285095215,7.771561172376096e-16,0.0,0.0,0.20159989861524824,0.8547741147521406,0.18651159946667395,0.0,0.0,0.0,4.079140191928645,-2.8316953462150147,-6.438743663613536
4.281049728393555,7.771561172376096e-16,0.0,0.0,0.19958389962909576,0.8462263736046192,0.1846464834720072,0.0,0.0,0.0,4.038348790009358,-2.8033783927528644,-6.374356226977401
4.284866094589233,0.023976334050906784,0.11580861411154755,0.024310525615028816,0.26041309581431993,1.141216682744515,0.24650073384264606,-0.04572179392018233,-0.2169870908703599,-0.7988695358122909,4.105642615411711,-3.3938543960355076,-8.390340263646893
4.306702375411987,0.023976334050906784,0.11580861411154755,0.024310525615028816,0.2578089648561767,1.1298045159170698,0.2440357265042196,-0.04572179392018233,-0.2169870908703599,-0.7988695358122909,4.064586189257594,-3.3599158520751526,-8.306436861010424
4.309612035751343,7.771561172376096e-16,0.0,0.0,0.17282835651288267,0.7204922677076531,0.15804429186354807,0.0,0.0,0.0,4.1810782355316825,-2.5805695424679405,-5.4777958867500125
4.31844687461853,7.771561172376096e-16,0.0,0.0,0.17110007294775384,0.7132873450305766,0.15646384894491258,0.0,0.0,0.0,4.139267453176366,-2.554763847043261,-5.423017927882512
4.323579788208008,0.02409755360310975,0.11644956015031964,0.02410743209539346,0.21633619724393208,0.933022814715914,0.20186558087092044,-0.04591056721427665,-0.21750345191898215,-0.798781601184392,4.178601304993953,-2.9902776199870047,-6.914817311245482
4.328940391540527,0.02409755360310975,0.11644956015031964,0.02410743209539346,0.21417283527149275,0.9236925865687549,0.19984692506221122,-0.04591056721427665,-0.21750345191898215,-0.798781601184392,4.136815291944013,-2.9603748437871347,-6.845669138133027
4.339155197143555,7.771561172376096e-16,0.0,0.0,0.1884402971279706,0.800454900751446,0.17424797526181846,0.0,0.0,0.0,4.1403922598604215,-2.717841490644381,-5.99522830312036
4.3433637619018555,7.771561172376096e-16,0.0,0.0,0.1865558941566909,0.7924503517439315,0.17250549550920027,0.0,0.0,0.0,4.098988337261817,-2.690663075737937,-5.935276020089156
4.34700870513916,0.024232602079644568,0.11658278410944675,0.023885482598487447,0.25117313207086595,1.1043738582483322,0.23631090575869126,-0.04606807229230056,-0.21802352753442814,-0.7986881859297823,4.171605296623848,-3.314746629673073,-8.052738198782825
4.35064697265625,0.024232602079644568,0.11658278410944675,0.023885482598487447,0.24866140075015727,1.093330119665849,0.23394779670110435,-0.04606807229230056,-0.21802352753442814,-0.7986881859297823,4.129889243657609,-3.2815991633763426,-7.9722108167949965
4.35440731048584,7.771561172376096e-16,0.0,0.0,0.18173216701588785,0.7723640783465751,0.16808880617717822,0.0,0.0,0.0,4.211100812727427,-2.668985458306259,-5.768508837337401
4.358786582946777,7.771561172376096e-16,0.0,0.0,0.17991484534572896,0.7646404375631093,0.16640791811540645,0.0,0.0,0.0,4.168989804600153,-2.642295603723196,-5.710823748964027
4.363862037658691,0.02414012367579604,0.11488839237500573,0.02365685172186407,0.22567818152863148,0.9833548203408302,0.21135414887620163,-0.04621198876364149,-0.2185439927623184,-0.7986109354381462,4.20601077937668,-3.0842231787547876,-7.217038540067032
4.368550777435303,0.02414012367579604,0.11488839237500573,0.02365685172186407,0.22342139971334515,0.9735212721374219,0.2092406073874396,-0.04621198876364149,-0.2185439927623184,-0.7986109354381462,4.163950671582913,-3.0533809469672395,-7.144868154666361
4.373526573181152,7.771561172376096e-16,0.0,0.0,0.17267208399417877,0.7328915487825758,0.15960434515428318,0.0,0.0,0.0,4.2151847294666505,-2.583632981762557,-5.46842807831761
4.379879713058472,7.771561172376096e-16,0.0,0.0,0.17094536315423697,0.72556263329475,0.15800830170274036,0.0,0.0,0.0,4.1730328821719835,-2.5577966519449316,-5.413743797534433
4.385036468505859,0.024295712351927096,0.11328704741972176,0.02342408397523656,0.2163502483735587,0.9379936850979755,0.20185229243561853,-0.046347956287113745,-0.2190572048435132,-0.7985280576499548,4.206091492427939,-2.994383531095251,-6.898183499028068
4.390324831008911,0.024295712351927096,0.11328704741972176,0.02342408397523656,0.21418674588982312,0.9286137482469958,0.19983376951126233,-0.046347956287113745,-0.2190572048435132,-0.7985280576499548,4.1640305775036595,-2.9644396957842982,-6.829201664037788
4.393941879272461,7.771561172376096e-16,0.0,0.0,0.14487488073760607,0.6061245812076551,0.13307521224349741,0.0,0.0,0.0,4.250527783063977,-2.3291710746461316,-4.553230900898541
4.397913217544556,7.771561172376096e-16,0.0,0.0,0.14342613193023002,0.6000633353955785,0.13174446012106245,0.0,0.0,0.0,4.2080225052333375,-2.3058793638996704,-4.507698591889556
4.402936220169067,0.02455069865359635,0.11181705556079558,0.023203551426183463,0.1908684101806878,0.8166726903684061,0.17662159904037925,-0.04646982700717246,-0.21957222523242406,-0.7984437661293347,4.24019688692592,-2.7586861677122374,-6.041998138740006
4.407871246337891,0.02455069865359635,0.11181705556079558,0.023203551426183463,0.1889597260788809,0.808505963464722,0.17485538304997544,-0.04646982700717246,-0.21957222523242406,-0.7984437661293347,4.197794918056661,-2.731099306035115,-5.9815781573526055
4.41264533996582,7.771561172376096e-16,0.0,0.0,0.13564529183968094,0.5662046016892103,0.12450377859969582,0.0,0.0,0.0,4.2531544545410425,-2.243863890990515,-4.249311375953204
4.416515350341797,7.771561172376096e-16,0.0,0.0,0.13428883892128413,0.5605425556723181,0.12325874081369886,0.0,0.0,0.0,4.210622909995632,-2.2214252520806097,-4.206818262193672
4.420174598693848,0.02482299900870888,0.11056988245561121,0.02300506583500278,0.20078228362708067,0.8571026893175104,0.1848944356912119,-0.04657553311106122,-0.22008406958645615,-0.7983564519540859,4.267492184276048,-2.8543746155784246,-6.332452762530094
4.425052642822266,0.02482299900870888,0.11056988245561121,0.02300506583500278,0.19877446079080988,0.8485316624243353,0.18304549133429976,-0.04657553311106122,-0.22008406958645615,-0.7983564519540859,4.224817262433287,-2.8258308694226404,-6.269128234904793
4.429543733596802,7.771561172376096e-16,0.0,0.0,0.14151506781308681,0.5938480656795314,0.12999125362538652,0.0,0.0,0.0,4.286275595531658,-2.307526643967383,-4.428792072873826
4.433649301528931,7.771561172376096e-16,0.0,0.0,0.14009991713495595,0.587909585022736,0.12869134108913266,0.0,0.0,0.0,4.243412839576341,-2.2844513775277093,-4.384504152145087
4.438394784927368,0.025053109229136755,0.10940484918350608,0.022832150606321364,0.19149250530896508,0.812575704480877,0.17551786247360723,-0.04666566389736602,-0.22059809905454647,-0.7982647782883142,4.275181691473898,-2.7682433051569544,-6.011954862451551
4.44350790977478,0.025053109229136755,0.10940484918350608,0.022832150606321364,0.18957758025587543,0.8044499474360682,0.17376268384887117,-0.04666566389736602,-0.22059809905454647,-0.7982647782883142,4.232429874559158,-2.7405608721053847,-5.9518353138270355
4.448588609695435,7.771561172376096e-16,0.0,0.0,0.1383714542645781,0.5810712402893583,0.127086070329624,0.0,0.0,0.0,4.281954464010365,-2.278966859228121,-4.321146077237902
4.453496932983398,7.771561172376096e-16,0.0,0.0,0.13698773972193232,0.5752605278864648,0.12581520962632775,0.0,0.0,0.0,4.239134919370262,-2.25617719063584,-4.277934616465523
4.459045886993408,0.025413291254216826,0.11128379558916145,0.02328651441095255,0.18141620775769546,0.7700570628391039,0.16652265026870677,-0.04672213718354619,-0.22110747483149049,-0.7981813574211133,4.262554104081927,-2.6683429944429693,-5.664016255560053
4.464178562164307,0.025413291254216826,0.11128379558916145,0.02328651441095255,0.1796020456801185,0.7623564922107129,0.1648574237660197,-0.04672213718354619,-0.22110747483149049,-0.7981813574211133,4.219928563041107,-2.6416595644985397,-5.6073760930044525
4.469160079956055,7.771561172376096e-16,0.0,0.0,0.1267908681635282,0.5313395756207575,0.11646302750293779,0.0,0.0,0.0,4.271520244615394,-2.1713873327304456,-3.949016862486581
4.473916530609131,7.771561172376096e-16,0.0,0.0,0.1255229594818929,0.5260261798645499,0.11529839722790841,0.0,0.0,0.0,4.22880504216924,-2.1496734594031413,-3.9095266938617153
4.478800535202026,0.025863977421005938,0.11227264484481607,0.02353134012152739,0.17722422681303523,0.750644172087477,0.16232583502623368,-0.04675016782069864,-0.22161198673507718,-0.7980904910724473,4.262658699401709,-2.623864610635493,-5.4933298858060144
4.483851432800293,7.771561172376096e-16,0.0,0.0,0.12424528926388924,0.5208551703650958,0.11411414429594632,0.0,0.0,0.0,4.312590250661658,-2.1588683329922564,-3.8583002267557758
4.4887025356292725,7.771561172376096e-16,0.0,0.0,0.12300283637125034,0.5156466186614448,0.11297300285298686,0.0,0.0,0.0,4.269464348155041,-2.137279649662334,-3.819717224488218
4.49356746673584,0.02631664957301171,0.11278868033980577,0.023689385997166856,0.17586740666996276,0.742330394133232,0.16053745878155629,-0.0467460775468122,-0.22211419880345148,-0.7979938157539855,4.303917717556245,-2.6153097947584407,-5.410294118910779
4.497498035430908,0.02631664957301171,0.11278868033980577,0.023689385997166856,0.17410873260326312,0.7349070901918997,0.15893208419374072,-0.0467460775468122,-0.22211419880345148,-0.7979938157539855,4.260878540380682,-2.589156696810856,-5.356191177721672
4.500506162643433,7.771561172376096e-16,0.0,0.0,0.08488248353459911,0.352611508151066,0.07859148615004288,0.0,0.0,0.0,4.373669025832787,-1.824884791808259,-2.6498364836727557
4.503490686416626,7.771561172376096e-16,0.0,0.0,0.08403365869925311,0.3490853930695553,0.07780557128854246,0.0,0.0,0.0,4.329932335574459,-1.8066359438901762,-2.623338118836028
4.506896018981934,0.026702850346427026,0.11298155221374957,0.023787708142329198,0.16160813133960567,0.6773728604833522,0.14688180347890153,-0.046711440471216836,-0.2226140199643,-0.7978897988159783,4.39723572643912,-2.504390108154075,-4.92336045705466
4.512014627456665,0.026702850346427026,0.11298155221374957,0.023787708142329198,0.15999205002620961,0.6705991318785187,0.14541298544411252,-0.046711440471216836,-0.2226140199643,-0.7978897988159783,4.353263369174728,-2.4793462070725343,-4.874126852484113
4.517144680023193,7.771561172376096e-16,0.0,0.0,0.10634032303832519,0.4436584533931496,0.09758952928386477,0.0,0.0,0.0,4.40078524197282,-2.0206117335260707,-3.2700607827634487
4.5237016677856445,7.771561172376096e-16,0.0,0.0,0.10527691980794193,0.4392218688592181,0.09661363399102613,0.0,0.0,0.0,4.356777389553092,-2.00040561619081,-3.237360174935814
4.529031991958618,0.026974309595100724,0.11291859666862844,0.023846122485007316,0.15482953354673512,0.6466715438422344,0.1403842185543481,-0.046650469082047334,-0.22311337178981105,-0.7977778814348763,4.383804639840138,-2.439045430653003,-4.690776150880937
4.535114765167236,0.026974309595100724,0.11291859666862844,0.023846122485007316,0.15328123821126777,0.640204828403812,0.13898037636880461,-0.046650469082047334,-0.22311337178981105,-0.7977778814348763,4.339966593441736,-2.414654976346473,-4.643868389372127
4.5412609577178955,7.771561172376096e-16,0.0,0.0,0.10786058897281231,0.4500815645250592,0.09879236983411835,0.0,0.0,0.0,4.372468339149627,-2.0274977171871846,-3.2994263076686274
4.5457985401153564,7.771561172376096e-16,0.0,0.0,0.10678198308308419,0.4455807488798086,0.09780444613577717,0.0,0.0,0.0,4.328743655758131,-2.0072227400153126,-3.2664320445919413
4.550590515136719,0.027264668484957778,0.11102554264756173,0.023393644514061052,0.1626106795391975,0.6728155118815019,0.14564477908618342,-0.046584130888486196,-0.22361005856693822,-0.7976681534424804,4.361134257384812,-2.4988030048134777,-4.886204682776011
4.554842233657837,0.027264668484957778,0.11102554264756173,0.023393644514061052,0.16098457274380554,0.6660873567626869,0.14418833129532158,-0.046584130888486196,-0.22361005856693822,-0.7976681534424804,4.317522914810964,-2.473814974765343,-4.837342635948251
4.559746503829956,7.771561172376096e-16,0.0,0.0,0.10378099435466157,0.4330410298023334,0.0950458856294736,0.0,0.0,0.0,4.369334562922019,-1.993127110342169,-3.162492434354734
4.569390058517456,7.771561172376096e-16,0.0,0.0,0.10274318441111495,0.42871061950431005,0.09409542677317886,0.0,0.0,0.0,4.325641217292798,-1.9731958392387474,-3.1308675100111865
4.575631856918335,0.027610819969122798,0.10950525245771503,0.02313252624828353,0.14595111262803068,0.5998621376043028,0.13021514759073385,-0.04649559503362034,-0.22410413008966593,-0.7975525914772279,4.338735121809015,-2.34748063638223,-4.367906311203489
4.579999208450317,0.027610819969122798,0.10950525245771503,0.02313252624828353,0.14449160150175036,0.5938635162282598,0.1289129961148265,-0.04649559503362034,-0.22410413008966593,-0.7975525914772279,4.295347770590925,-2.324005830018408,-4.3242272480914545
4.583474397659302,7.771561172376096e-16,0.0,0.0,0.06359541446603556,0.2728190094932522,0.061059069657190324,0.0,0.0,0.0,4.386187281518313,-1.6558969124621803,-1.9859945635336311
4.589930534362793,7.771561172376096e-16,0.0,0.0,0.0629594603213752,0.2700908193983197,0.06044847896061842,0.0,0.0,0.0,4.34232540870313,-1.6393379433375586,-1.9661346178982948
4.594600677490234,0.02793051371447041,0.10823107376709644,0.022974586731353937,0.12213641329558377,0.4991409963715958,0.10903860363888283,-0.04638939702090747,-0.22459775143684801,-0.7974330325041947,4.372284383421589,-2.151134736208988,-3.6412842911311563
4.600925445556641,0.02793051371447041,0.10823107376709644,0.022974586731353937,0.12091504916262792,0.49414958640787987,0.107948217602494,-0.04638939702090747,-0.22459775143684801,-0.7974330325041947,4.3285615395873736,-2.129623388846898,-3.6048714482198445
4.605925559997559,7.771561172376096e-16,0.0,0.0,0.06384614977025072,0.27275089732158686,0.060920613632808505,0.0,0.0,0.0,4.378052594743846,-1.6591419331185566,-1.9739931714810786
4.610971689224243,7.771561172376096e-16,0.0,0.0,0.0632076882725482,0.270023388348371,0.06031140749648042,0.0,0.0,0.0,4.334272068796407,-1.642550513787371,-1.9542532397662677
4.6143505573272705,0.028169886814976296,0.10720060135563236,0.022900286427489706,0.1459463910593112,0.5845909438159557,0.1274833166814408,-0.046270365291165655,-0.2250913942989292,-0.7973088731819641,4.390243384242762,-2.3581614812120826,-4.276707091572616
4.617980718612671,0.028169886814976296,0.10720060135563236,0.022900286427489706,0.14448692714871808,0.5787450343777961,0.1262084835146264,-0.046270365291165655,-0.2250913942989292,-0.7973088731819641,4.346340950400334,-2.3345798663999617,-4.23394002065689
4.6239094734191895,7.771561172376096e-16,0.0,0.0,0.09552805580717859,0.39214288541000475,0.08632060426762267,0.0,0.0,0.0,4.380921526186956,-1.9315735797504476,-2.846783876965942
4.630465745925903,7.771561172376096e-16,0.0,0.0,0.0945727752491068,0.3882214565559047,0.08545739822494644,0.0,0.0,0.0,4.337112310925087,-1.9122578439529432,-2.8183160381962824
4.635617733001709,0.02829078100846991,0.10648965236385986,0.022891774598296482,0.14853941546688096,0.591035514315926,0.12903572801646418,-0.04614467879791892,-0.2255865057210194,-0.7971803149480284,4.357970095511947,-2.3743641981377768,-4.325794680460074
4.640806198120117,7.771561172376096e-16,0.0,0.0,0.09252772044512911,0.379882086445836,0.0836248571048624,0.0,0.0,0.0,4.403327445774926,-1.915835893307535,-2.746089447694728
4.6475183963775635,7.771561172376096e-16,0.0,0.0,0.09160244324067782,0.3760832655813776,0.08278860853381377,0.0,0.0,0.0,4.359294171317177,-1.8966775343744597,-2.7186285532177807
4.65128755569458,0.02830650544918482,0.10622168121759212,0.02256351257470687,0.16578673447120634,0.6541403989054939,0.14182423756400697,-0.046021348605737845,-0.22608176150395057,-0.7970769373958578,4.403398935522754,-2.5368391889861046,-4.790168374060828
4.656710624694824,0.02830650544918482,0.10622168121759212,0.02256351257470687,0.16412886712649427,0.647598994916439,0.1404059951883669,-0.046021348605737845,-0.22608176150395057,-0.7970769373958578,4.359364946167526,-2.5114707970962433,-4.7422666903202195
4.659715175628662,7.771561172376096e-16,0.0,0.0,0.06827547796996156,0.2875870405031645,0.06390414834063854,0.0,0.0,0.0,4.468943433305153,-1.7338916893450325,-2.0419452876392077
4.662749290466309,7.771561172376096e-16,0.0,0.0,0.06759272319026194,0.2847111700981329,0.06326510685723215,0.0,0.0,0.0,4.424253998972102,-1.716552772451582,-2.0215258347628158
4.666177749633789,0.028426742954081232,0.10605443940416565,0.022441038706218705,0.14983084441404185,0.5911996351778537,0.12808762853528577,-0.04590301117026853,-0.22657158501944138,-0.7969744921034203,4.476390919426505,-2.4257184953550075,-4.308149430915439
4.669469833374023,0.028426742954081232,0.10605443940416565,0.022441038706218705,0.14833253596990142,0.5852876388260752,0.1268067522499329,-0.04590301117026853,-0.22657158501944138,-0.7969744921034203,4.43162701023224,-2.4014613104014573,-4.265067936606284
4.680362224578857,7.771561172376096e-16,0.0,0.0,0.12075141223011408,0.4820691450910015,0.104936194159284,0.0,0.0,0.0,4.429453012021416,-2.169437656161562,-3.4907372458303048
4.683623552322388,7.771561172376096e-16,0.0,0.0,0.11954389810781293,0.4772484536400915,0.10388683221769116,0.0,0.0,0.0,4.385158481901202,-2.147743279599946,-3.455829873372002
4.686551332473755,0.02855269343837005,0.10598441465423748,0.022432393989963408,0.21587181116201654,0.8344717788121001,0.17946708428776154,-0.045797060911172076,-0.2270635285346367,-0.7968761776434268,4.4542601158515644,-2.9788220521072315,-6.122085800250623
4.690199613571167,0.02855269343837005,0.10598441465423748,0.022432393989963408,0.21371309305039637,0.8261270610239791,0.1776724134448839,-0.045797060911172076,-0.2270635285346367,-0.7968761776434268,4.409717514693049,-2.949033831586159,-6.060864942248117
4.69718337059021,7.771561172376096e-16,0.0,0.0,0.1706915307736798,0.666107339532295,0.14377487822150986,0.0,0.0,0.0,4.43119687777088,-2.594412581763079,-4.859214049416332
4.700972557067871,7.771561172376096e-16,0.0,0.0,0.16898461546594298,0.659446266136972,0.14233712943929477,0.0,0.0,0.0,4.386884908993171,-2.5684684559454483,-4.810621908922169
4.7043538093566895,0.028625543682481047,0.10599866019591779,0.02250665618881846,0.25195436060278104,0.9663411593170764,0.20747683675115353,-0.04570908722606239,-0.22755404109344055,-0.7967783615467814,4.440990680663318,-3.282615956320653,-7.100706627115143
4.707708120346069,0.028625543682481047,0.10599866019591779,0.02250665618881846,0.2494348169967532,0.9566777477239057,0.205402068383642,-0.04570908722606239,-0.22755404109344055,-0.7967783615467814,4.396580773856685,-3.2497897967574465,-7.029699560843992
4.72111177444458,7.771561172376096e-16,0.0,0.0,0.2255839465888231,0.8680290576451655,0.1865566145403068,0.0,0.0,0.0,4.386716925845011,-3.047521745501058,-6.364953950185638
4.727910041809082,7.771561172376096e-16,0.0,0.0,0.22332810712293488,0.8593487670687138,0.18469104839490375,0.0,0.0,0.0,4.342849756586561,-3.0170465280460474,-6.301304410683781
4.736212253570557,0.028603474558787086,0.10608415072575221,0.022638133478373002,0.25554766269400514,0.9785334592055119,0.21011173132915986,-0.045642773434864926,-0.22804754658839518,-0.7966786090552437,4.33942053686378,-3.2887591046367453,-7.190430113250482
4.745638132095337,0.028603474558787086,0.10608415072575221,0.022638133478373002,0.2529921860670651,0.9687481246134568,0.20801061401586826,-0.045642773434864926,-0.22804754658839518,-0.7966786090552437,4.296026331495142,-3.2558715135903777,-7.118525812117977
4.750064373016357,7.771561172376096e-16,0.0,0.0,0.1858397660885298,0.7193896615598213,0.15478522707803977,0.0,0.0,0.0,4.35618466079476,-2.7080955957365127,-5.247441670789232
4.756007671356201,7.771561172376096e-16,0.0,0.0,0.1839813684276445,0.7121957649442231,0.15323737480725938,0.0,0.0,0.0,4.312622814186812,-2.6810146397791477,-5.19496725408134
4.7675864696502686,0.02848086625745235,0.10444313438127321,0.022343974910822254,0.20673898319329995,0.795275857394217,0.1710023187456609,-0.045616457964510464,-0.22854108605894782,-0.7966076998169016,4.297120727446641,-2.870990861554165,-5.825717309980423
4.770805597305298,0.02848086625745235,0.10444313438127321,0.022343974910822254,0.20467159336136695,0.7873230988202748,0.1692922955582043,-0.045616457964510464,-0.22854108605894782,-0.7966076998169016,4.254149520172175,-2.8422809529386233,-5.767460136880619
4.774817228317261,7.771561172376096e-16,0.0,0.0,0.13162914982339446,0.5190990676966198,0.11190139129728432,0.0,0.0,0.0,4.325318527826972,-2.244161964031256,-3.724040342493372
4.777781009674072,7.771561172376096e-16,0.0,0.0,0.1303128583251605,0.5139080770196537,0.11078237738431149,0.0,0.0,0.0,4.282065342548702,-2.2217203443909432,-3.6867999390684383
4.7838661670684814,0.028475922028875583,0.10344290395117715,0.022267797591735066,0.17580543309551064,0.6787611546219204,0.14626817995149605,-0.04562844293712632,-0.22903011053319286,-0.7965375173141674,4.290482529370269,-2.612782493505256,-4.948891229663953
4.789421558380127,0.028475922028875583,0.10344290395117715,0.022267797591735066,0.17404737876455553,0.6719735430757012,0.14480549815198107,-0.04562844293712632,-0.22903011053319286,-0.7965375173141674,4.2475777040765665,-2.5866546685702034,-4.899402317367314
4.794447898864746,7.771561172376096e-16,0.0,0.0,0.11565351646092586,0.45945218265014387,0.09905523630668887,0.0,0.0,0.0,4.295880582156264,-2.105128360604824,-3.2656817525842676
4.799854278564453,7.771561172376096e-16,0.0,0.0,0.11449698129631661,0.45485766082364243,0.09806468394362199,0.0,0.0,0.0,4.252921776334701,-2.0840770769987755,-3.233024935058425
4.8056724071502686,0.028484863270158915,0.10286286261729706,0.022303519529607116,0.1623108181683829,0.6271062469114596,0.13541856203026428,-0.045677312609414884,-0.22952078117307476,-0.7964691787692358,4.263060082714708,-2.496323922018761,-4.559170528725528
4.81050443649292,0.028484863270158915,0.10286286261729706,0.022303519529607116,0.16068770998669907,0.620835184442345,0.13406437640996163,-0.045677312609414884,-0.22952078117307476,-0.7964691787692358,4.220429481887561,-2.4713606827985735,-4.513578823438273
4.813316583633423,7.771561172376096e-16,0.0,0.0,0.05778861079825441,0.2488463187130724,0.053412379379978656,0.0,0.0,0.0,4.3406537881597576,-1.6304707889359502,-1.6361972849804731
4.8162760734558105,7.771561172376096e-16,0.0,0.0,0.057210724690271865,0.24635785552594167,0.05287825558617887,0.0,0.0,0.0,4.29724725027816,-1.6141660810465908,-1.6198353121306683
4.820891857147217,0.02844719030368692,0.10263415509971514,0.022418889704035563,0.1182688674844394,0.4662490534538205,0.10091953437390971,-0.04576013800360717,-0.23001030709715942,-0.7963975523194347,4.3199903609753765,-2.1449052374081474,-3.3158515574036396
4.825727701187134,0.02844719030368692,0.10263415509971514,0.022418889704035563,0.11708617880959502,0.4615865629192823,0.09991033903017062,-0.04576013800360717,-0.23001030709715942,-0.7963975523194347,4.276790457365623,-2.123456185034066,-3.282693041829603
4.830400228500366,7.771561172376096e-16,0.0,0.0,0.05503351067416158,0.2373162186334125,0.05093101380029582,0.0,0.0,0.0,4.331957000117756,-1.6099606010902223,-1.5454404356874505
4.841261863708496,7.771561172376096e-16,0.0,0.0,0.05448317556741997,0.23494305644707839,0.050421703662292865,0.0,0.0,0.0,4.288637430116578,-1.59386099507932,-1.529986031330576
4.847416639328003,0.028320663371693755,0.10269036386117047,0.022587974726941826,0.09995247190105251,0.399440266945696,0.08661740246882749,-0.04587317769493396,-0.23050261426212248,-0.796319353871933,4.294830591806061,-1.9886837794496997,-2.7986871855599973
4.851562976837158,0.028320663371693755,0.10269036386117047,0.022587974726941826,0.09895294718204199,0.39544586427623907,0.08575122844413921,-0.04587317769493396,-0.23050261426212248,-0.796319353871933,4.2518822858880005,-1.9687969416552027,-2.7707003137043973
4.855462312698364,7.771561172376096e-16,0.0,0.0,0.025333963926947117,0.1281379333593325,0.02696596761239657,0.0,0.0,0.0,4.327007029338245,-1.3579759627552632,-0.7008010444576236
4.858932971954346,7.771561172376096e-16,0.0,0.0,0.025080624287677645,0.12685655402573917,0.026696307936272607,0.0,0.0,0.0,4.283736959044862,-1.3443962031277106,-0.6937930340130474
4.862369775772095,0.028112886702497057,0.10002356968250181,0.02333572953655108,0.10662932768602665,0.4166245881480527,0.09432885490760326,-0.046038007169402,-0.23099634717385079,-0.7962615436896556,4.321594870632494,-2.0674098077401606,-2.98656932489488
4.8656370639801025,0.028112886702497057,0.10002356968250181,0.02333572953655108,0.10556303440916638,0.4124583422665722,0.09338556635852722,-0.046038007169402,-0.23099634717385079,-0.7962615436896556,4.278378921926169,-2.0467357096627588,-2.956703631645931
4.871084451675415,7.771561172376096e-16,0.0,0.0,0.05289938885681712,0.22471626128893618,0.04961332495523848,0.0,0.0,0.0,4.320109049733628,-1.6022185876253603,-1.46540560016854
4.880066633224487,7.771561172376096e-16,0.0,0.0,0.052370394968248954,0.2224690986760468,0.04911719170568609,0.0,0.0,0.0,4.276907959236292,-1.5861964017491066,-1.4507515441668546
4.884717702865601,7.771561172376096e-16,0.0,0.0,0.05184669101856646,0.22024440768928633,0.04862601978862923,0.0,0.0,0.0,4.234138879643929,-1.5703344377316155,-1.436244028725186
4.887852430343628,7.771561172376096e-16,0.0,0.0,0.051328224108380796,0.21804196361239345,0.04813975959074294,0.0,0.0,0.0,4.19179749084749,-1.5546310933542993,-1.421881588437934
4.890677213668823,0.027922631038290503,0.09784382861534623,0.024295730063732396,0.14966369528932835,0.5622379465224048,0.13366754311336454,-0.0464132381165311,-0.23197726669068536,-0.79613639732811,4.239674939360014,-2.4378842957360285,-4.2056737888993165
4.893479824066162,0.027922631038290503,0.09784382861534623,0.024295730063732396,0.14816705833643506,0.5566155670571807,0.1323308676822309,-0.0464132381165311,-0.23197726669068536,-0.79613639732811,4.197278189966413,-2.413505452778668,-4.163617051010323
4.896569728851318,7.771561172376096e-16,0.0,0.0,0.05631810144564575,0.23439295942930866,0.05237817799519778,0.0,0.0,0.0,4.305514690694155,-1.6386117735673853,-1.5454082911029356
4.900328636169434,7.771561172376096e-16,0.0,0.0,0.05575492043118929,0.23204902983501557,0.051854396215245804,0.0,0.0,0.0,4.262459543787213,-1.6222256558317114,-1.5299542081919062
4.903594493865967,0.027789604546049913,0.0982829593240326,0.024629216932155463,0.14028866156554878,0.5306692676901383,0.12675009016768493,-0.04661992351372116,-0.2324679111377275,-0.796069423314731,4.297643089697815,-2.384572781834371,-3.934672138419833
4.915374040603638,7.771561172376096e-16,0.0,0.0,0.11529437099783953,0.4419273108958796,0.10457413032387285,0.0,0.0,0.0,4.294243668470174,-2.163378279640611,-3.2195189186676565
4.9192705154418945,7.771561172376096e-16,0.0,0.0,0.11414142728786113,0.4375080377869208,0.10352838902063412,0.0,0.0,0.0,4.251301231785472,-2.141744496844205,-3.1873237294809798
4.928807973861694,0.02757486061495956,0.0994621564293814,0.0248899855219627,0.14191218164652616,0.5374187661134938,0.1285901893077921,-0.04683426936972778,-0.23296170380340267,-0.7959971259972735,4.236106815937869,-2.387268644147059,-3.984081109018588
4.933464527130127,0.02757486061495956,0.0994621564293814,0.0248899855219627,0.1404930598300609,0.5320445784523589,0.12730428741471417,-0.04683426936972778,-0.23296170380340267,-0.7959971259972735,4.19374574777849,-2.3633959577055883,-3.944240297928402
4.937729835510254,7.771561172376096e-16,0.0,0.0,0.07443896870813589,0.2935354682964657,0.06767676391747568,0.0,0.0,0.0,4.261611064674391,-1.7935841299846367,-2.038585525156571
4.942804574966431,7.771561172376096e-16,0.0,0.0,0.07369457902105453,0.290600113613501,0.06699999627830092,0.0,0.0,0.0,4.2189949540276475,-1.7756482886847902,-2.0181996699050053
4.953946590423584,0.026862185237062262,0.10054836216313878,0.02510582969722541,0.09706654363431645,0.3779366386610695,0.0888625711389599,-0.04705947487804349,-0.23346276701798213,-0.7959299020391032,4.200711319911936,-1.9863357822582752,-2.7074019480876474
4.958606958389282,0.026862185237062262,0.10054836216313878,0.02510582969722541,0.09609587819797329,0.37415727227445883,0.0879739454275703,-0.04705947487804349,-0.23346276701798213,-0.7959299020391032,4.158704206712817,-1.9664724244356924,-2.680327928606771
4.963536262512207,7.771561172376096e-16,0.0,0.0,0.04064003622927147,0.16643485427272917,0.036162413024133054,0.0,0.0,0.0,4.212585964509716,-1.473185539342681,-1.0388344573776718
4.966468811035156,7.771561172376096e-16,0.0,0.0,0.04023363586697875,0.16477050573000188,0.035800788893891725,0.0,0.0,0.0,4.1704601048646195,-1.4584536839492541,-1.028446112803895
4.971404075622559,0.026406687297196467,0.10192827644653019,0.02526686461649403,0.09333742228965056,0.36965332125858946,0.08663935652592843,-0.047267150829242155,-0.23394985685656966,-0.7958606413026998,4.1844284489328505,-1.959878325014297,-2.6197224176206544
4.974310398101807,0.026406687297196467,0.10192827644653019,0.02526686461649403,0.09240404806675405,0.36595678804600357,0.08577296296066914,-0.047267150829242155,-0.23394985685656966,-0.7958606413026998,4.142584164443522,-1.940279541764154,-2.5935251934444477
4.978222846984863,7.771561172376096e-16,0.0,0.0,0.02398599530249293,0.10177426001149892,0.02033454391703471,0.0,0.0,0.0,4.221970510362581,-1.3229140282399068,-0.5334147609746722
4.983175277709961,7.771561172376096e-16,0.0,0.0,0.023746135349468,0.10075651741138393,0.020131198477864362,0.0,0.0,0.0,4.179750805258956,-1.3096848879575076,-0.5280806133649255
4.986982583999634,0.02606819745416444,0.10339284631209683,0.0253826830228473,0.09197754797354767,0.37131325110270497,0.08659823700561668,-0.04746271532788593,-0.23444161682477527,-0.7957874025239497,4.212553498011555,-1.9660760262246288,-2.5987800970874275
4.9915361404418945,0.02606819745416444,0.10339284631209683,0.0253826830228473,0.0910577724938122,0.3676001185916779,0.08573225463556051,-0.04746271532788593,-0.23444161682477527,-0.7957874025239497,4.17042796303144,-1.9464152659623826,-2.5727922961165532
4.994767904281616,7.771561172376096e-16,0.0,0.0,0.009484749283969265,0.043997131896197916,0.006333663971565151,0.0,0.0,0.0,4.275586875397151,-1.2015218169437587,-0.08467094965423572
4.997786283493042,7.771561172376096e-16,0.0,0.0,0.009389901791129572,0.04355716057723594,0.006270327331849499,0.0,0.0,0.0,4.232831006643179,-1.1895065987743212,-0.08382424015769335
5.004498481750488,0.025778114504975358,0.10518564499499423,0.025466609347099302,0.047700879262641396,0.1998297804768393,0.04414841241180638,-0.047644923441874744,-0.23492575319389788,-0.7957094424836452,4.234614862360338,-1.557754649686499,-1.260447825499729
5.007434129714966,0.025778114504975358,0.10518564499499423,0.025466609347099302,0.04722387047001498,0.1978314826720709,0.04370692828768832,-0.047644923441874744,-0.23492575319389788,-0.7957094424836452,4.192268713736735,-1.5421771031896339,-1.2478433472447317
5.014157056808472,7.771561172376096e-16,0.0,0.0,0.008408043999986466,0.03939506033946885,0.005389618756929962,0.0,0.0,0.0,4.22121534107981,-1.1773156462494527,-0.05178902277046804
5.018024444580078,7.771561172376096e-16,0.0,0.0,0.0083239635599866,0.039001109736074166,0.005335722569360662,0.0,0.0,0.0,4.179003187669012,-1.1655424897869582,-0.05127113254276336
5.031280517578125,0.025490592050569354,0.10677563455456267,0.025521736224758028,0.027470093025118388,0.11915956466654443,0.024535228713172035,-0.04781840553216464,-0.23541293214844247,-0.7956237538942454,4.1603489325748795,-1.34657464683172,-0.6469212153843176
5.048845052719116,0.025490592050569354,0.10677563455456267,0.025521736224758028,0.027195392094867203,0.11796796901987898,0.024289876426040313,-0.04781840553216464,-0.23541293214844247,-0.7956237538942454,4.11874544324913,-1.3331089003634027,-0.6404520032304744
5.054409980773926,7.771561172376096e-16,0.0,0.0,-0.018882350866854348,-0.07508415448795416,-0.02181477647662362,0.0,0.0,0.0,4.1634861536755485,-0.8967482055322791,0.7956632804596208
5.0596723556518555,7.771561172376096e-16,0.0,0.0,-0.018693527358185805,-0.07433331294307462,-0.021596628711857385,0.0,0.0,0.0,4.121851292138793,-0.8877807234769562,0.7877066476550245
5.064093828201294,0.02475751893823121,0.1081482811595382,0.025625718393120497,0.03748723952105562,0.17100790007882077,0.036576767156894535,-0.047988857294060244,-0.23590227972560265,-0.7955533276909212,4.152010519054216,-1.456412692644053,-1.0077085794070313
5.067487001419067,0.02475751893823121,0.1081482811595382,0.025625718393120497,0.037112367125845064,0.16929782107803257,0.03621099948532559,-0.047988857294060244,-0.23590227972560265,-0.7955533276909212,4.110490413863674,-1.4418485657176126,-0.997631493612961
5.08306622505188,7.771561172376096e-16,0.0,0.0,0.0208498745893969,0.09818656907615043,0.019400240316999787,0.0,0.0,0.0,4.100188621885895,-1.2760090046040493,-0.47700500351961095
5.086259603500366,7.771561172376096e-16,0.0,0.0,0.02064137584350293,0.09720470338538893,0.019206237913829787,0.0,0.0,0.0,4.059186735667036,-1.2632489145580088,-0.47223495348441485
5.089318513870239,0.024322806030656865,0.10707176635502108,0.025062017046958603,0.09994957052279585,0.44626503196332795,0.10094536676472021,-0.04834890513477735,-0.23685434474412612,-0.7954193600831253,4.118160919739811,-2.087305989665177,-3.0513702808257426
5.0949718952178955,0.024322806030656865,0.10707176635502108,0.025062017046958603,0.09895007481756789,0.4418023816436947,0.099935913097073,-0.04834890513477735,-0.23685434474412612,-0.7954193600831253,4.076979310542413,-2.066432929768525,-3.020856578017485
5.099345684051514,7.771561172376096e-16,0.0,0.0,0.042350193788332005,0.19258112102707767,0.04163608062288787,0.0,0.0,0.0,4.146751902938442,-1.5042373246040261,-1.1720431587763716
5.116241455078125,7.771561172376096e-16,0.0,0.0,0.041926691850448686,0.1906553098168069,0.04121971981665899,0.0,0.0,0.0,4.105284383909058,-1.4891949513579859,-1.1603227271886078
5.120282888412476,7.771561172376096e-16,0.0,0.0,0.041507424931944197,0.18874875671863883,0.0408075226184924,0.0,0.0,0.0,4.064231540069967,-1.4743030018444059,-1.1487194999167218
5.128617525100708,0.024054869510125625,0.10701842500884212,0.024819291637387747,0.06995368010816246,0.31526329675265574,0.0701779399238774,-0.048721413480200065,-0.2377954001424866,-0.7952672448595605,4.059666212783312,-1.7674969384988048,-2.085459773236549
5.133350610733032,0.024054869510125625,0.10701842500884212,0.024819291637387747,0.06925414330708084,0.3121106637851292,0.06947616052463862,-0.048721413480200065,-0.2377954001424866,-0.7952672448595605,4.0190695506554786,-1.7498219691138168,-2.064605175504184
5.138570785522461,7.771561172376096e-16,0.0,0.0,0.022481019363941666,0.10398028192997416,0.021236455237335992,0.0,0.0,0.0,4.0722117710866526,-1.2767922591284404,-0.520509666711721
5.143786668777466,7.771561172376096e-16,0.0,0.0,0.02225620917030225,0.10294047911067442,0.021024090684962634,0.0,0.0,0.0,4.031489653375786,-1.264024336537156,-0.5153045700446038
5.148545265197754,0.02344276567039348,0.11466527069957413,0.024463292877994695,0.07129768125986621,0.34287555327958896,0.07222248105790902,-0.048850107865979916,-0.2382664618680909,-0.7951944877573726,4.067009799928169,-1.7908591083111953,-2.170553586275828
5.151874780654907,0.02344276567039348,0.11466527069957413,0.024463292877994695,0.07058470444726755,0.3394467977467931,0.07150025624732992,-0.048850107865979916,-0.2382664618680909,-0.7951944877573726,4.026339701928887,-1.7729505172280833,-2.1488480504130694
5.154861688613892,7.771561172376096e-16,0.0,0.0,-0.008606204715971705,-0.04784055301827583,-0.011116476177327958,0.0,0.0,0.0,4.149623720955823,-0.9575182868968117,0.5349068898441733
5.157835483551025,7.771561172376096e-16,0.0,0.0,-0.008520142668811988,-0.04736214748809307,-0.011005311415554678,0.0,0.0,0.0,4.108127483746265,-0.9479431040278437,0.5295578209457316
5.161650657653809,0.02315721828331574,0.11959542900412412,0.024290414145751754,0.05226272984560333,0.2665845312631993,0.052772646468744175,-0.04892415144573847,-0.2387291346350074,-0.7951192146884799,4.171761086572546,-1.6120792419205427,-1.5461788051926624
5.164670944213867,0.02315721828331574,0.11959542900412412,0.024290414145751754,0.051740102547147296,0.26391868595056733,0.052244920004056734,-0.04892415144573847,-0.2387291346350074,-0.7951192146884799,4.13004347570682,-1.5959584495013373,-1.5307170171407358
5.172805309295654,7.771561172376096e-16,0.0,0.0,0.02275432316579885,0.11425458958472673,0.021860995567137297,0.0,0.0,0.0,4.148888056514987,-1.2865166666605379,-0.5379282529002889
5.1775336265563965,7.771561172376096e-16,0.0,0.0,0.022526779934140862,0.11311204368887946,0.021642385611465923,0.0,0.0,0.0,4.107399175949837,-1.2736514999939326,-0.532548970371286
5.182569265365601,0.023032625160423446,0.12319063991699071,0.02422233328401486,0.06804074410339064,0.35661848480986846,0.06952777008946275,-0.04895510051759449,-0.23919140283402632,-0.7950398281246999,4.151254855578743,-1.772054667970329,-2.0954354225912706
5.18631649017334,0.023032625160423446,0.12319063991699071,0.02422233328401486,0.06736033666235673,0.3530522999617698,0.06883249238856812,-0.04895510051759449,-0.23919140283402632,-0.7950398281246999,4.109742307022955,-1.7543341212906258,-2.074481068365358
5.195113658905029,7.771561172376096e-16,0.0,0.0,0.04050487199136396,0.20948735944185456,0.04060993000398623,0.0,0.0,0.0,4.124293584131963,-1.4648948893323213,-1.149991141073015
5.200215816497803,7.771561172376096e-16,0.0,0.0,0.04009982327145032,0.20739248584743603,0.04020383070394637,0.0,0.0,0.0,4.0830506482906435,-1.450245940438998,-1.1384912296622849
5.203164100646973,0.02298899675703517,0.1255947885043864,0.024233200696335777,0.11767298083205327,0.6313113830843053,0.12199604325688115,-0.04895414946855069,-0.2396492469479297,-0.7949528563312204,4.193661267296711,-2.3102695914261875,-3.8049254990996624
5.206830978393555,0.02298899675703517,0.1255947885043864,0.024233200696335777,0.11649625102373273,0.6249982692534622,0.12077608282431235,-0.04895414946855069,-0.2396492469479297,-0.7949528563312204,4.151724654623743,-2.2871668955119255,-3.7668762441086656
5.21438455581665,7.771561172376096e-16,0.0,0.0,0.0848967070306293,0.45247635808321096,0.0874865687565502,0.0,0.0,0.0,4.175016632536991,-1.9470293358078978,-2.6767884597871854
5.218855381011963,7.771561172376096e-16,0.0,0.0,0.08404773996032301,0.44795159450237887,0.08661170306898469,0.0,0.0,0.0,4.133266466211621,-1.9275590424498188,-2.6500205751893136
5.224529027938843,0.022960732753216813,0.12699867436330123,0.024300027054610637,0.12367635245849892,0.6673116582845021,0.1285752287139522,-0.04893182437519891,-0.24010744212268562,-0.7948558831716818,4.17255833944893,-2.3635141961905197,-4.014739652534398
5.233378171920776,0.022960732753216813,0.12699867436330123,0.024300027054610637,0.12243958893391393,0.6606385417016571,0.12728947642681265,-0.04893182437519891,-0.24010744212268562,-0.7948558831716818,4.13083275605444,-2.3398790542286143,-3.974592256009054
5.238126039505005,7.771561172376096e-16,0.0,0.0,0.07285509802110134,0.38654644378253566,0.074835653333097,0.0,0.0,0.0,4.1925850625725305,-1.810763880777344,-2.260713959134151
5.24306058883667,7.771561172376096e-16,0.0,0.0,0.07212654704089032,0.3826809793447103,0.07408729679976603,0.0,0.0,0.0,4.150659211946805,-1.7926562419695706,-2.2381068195428098
5.246875524520874,0.022683539584368202,0.1232003625933604,0.0260075821347207,0.13086510333966497,0.7017963441820874,0.14151947912705476,-0.048933192771374596,-0.2405693089423838,-0.7947648654684079,4.2200148241727815,-2.452266239743349,-4.285240743405437
5.251226425170898,0.022683539584368202,0.1232003625933604,0.0260075821347207,0.12955645230626833,0.6947783807402664,0.1401042843357842,-0.048933192771374596,-0.2405693089423838,-0.7947648654684079,4.177814675931054,-2.4277435773459155,-4.242388335971382
5.255310297012329,7.771561172376096e-16,0.0,0.0,0.07271668741373247,0.3861552080445563,0.07501960218015606,0.0,0.0,0.0,4.255857117748863,-1.8143945000438915,-2.2538581683606296
5.260404586791992,7.771561172376096e-16,0.0,0.0,0.07198952053959515,0.3822936559641107,0.0742694061583545,0.0,0.0,0.0,4.213298546571374,-1.7962505550434524,-2.2313195866770235
5.264945030212402,0.022651113679072854,0.1202097691234679,0.027056977181269686,0.1211570737214008,0.6432240881681945,0.13311775789560965,-0.04892446687795428,-0.24102150944343578,-0.7946668259651245,4.2584880776778204,-2.3484120249626135,-3.9479471852037316
5.268933057785034,0.022651113679072854,0.1202097691234679,0.027056977181269686,0.1199455029841868,0.6367918472865126,0.13178658031665355,-0.04892446687795428,-0.24102150944343578,-0.7946668259651245,4.215903196901042,-2.3249279047129874,-3.908467713351694
5.272085905075073,7.771561172376096e-16,0.0,0.0,0.046902689886750615,0.24915024802596003,0.04465111952005964,0.0,0.0,0.0,4.328919669411819,-1.5372219702328245,-1.348909467847922
5.275145530700684,7.771561172376096e-16,0.0,0.0,0.04643366298788311,0.24665874554570044,0.04420460832485904,0.0,0.0,0.0,4.285630472717701,-1.5218497505304962,-1.335420373169443
5.280407428741455,0.022731799702499087,0.11766701683395968,0.027767905816215604,0.08917008685614088,0.4678130187040832,0.0965342153619442,-0.04891177877106719,-0.2414765298864985,-0.7945636668217364,4.313931268994433,-1.9995039486114716,-2.822551051289242
5.296862840652466,7.771561172376096e-16,0.0,0.0,0.07446420751217596,0.39162831215767113,0.07869423891391647,0.0,0.0,0.0,4.3005157815332815,-1.83276294421583,-2.3114669705268422
5.301107883453369,7.771561172376096e-16,0.0,0.0,0.0737195654370542,0.3877120290360944,0.0779072965247773,0.0,0.0,0.0,4.257510623717948,-1.8144353147736716,-2.2883523008215736
5.304319620132446,0.02285246446420987,0.11557025031818749,0.028215801803109015,0.14413535256947757,0.7436721615039363,0.16498038773886853,-0.04889671749361669,-0.2419267802354921,-0.7944532552100435,4.325951020606315,-2.605386814549177,-4.72357438638827
5.3111913204193115,0.02285246446420987,0.11557025031818749,0.028215801803109015,0.1426939990437828,0.736235439888897,0.16333058386147983,-0.04889671749361669,-0.2419267802354921,-0.7944532552100435,4.282691510400252,-2.5793329464036856,-4.676338642524387
5.314557075500488,7.771561172376096e-16,0.0,0.0,0.07337006740349723,0.38550214039503383,0.07786526671310551,0.0,0.0,0.0,4.385141706417838,-1.8347505951582166,-2.2691739908582944
5.318230152130127,7.771561172376096e-16,0.0,0.0,0.07263636672946226,0.3816471189910835,0.07708661404597446,0.0,0.0,0.0,4.341290289353659,-1.8164030892066345,-2.2464822509497115
5.331333875656128,0.02295232941961914,0.11409664155142492,0.02846929368090034,0.08942588652389923,0.46490257153722325,0.09804185775849686,-0.048879023742796894,-0.2423791892570621,-0.79433548172725,4.324139228080098,-1.9969381787901184,-2.8264303231435917
5.336405515670776,0.02295232941961914,0.11409664155142492,0.02846929368090034,0.08853162765866024,0.460253545821851,0.0970614391809119,-0.048879023742796894,-0.2423791892570621,-0.79433548172725,4.280897835799297,-1.9769687970022172,-2.7981660199121556
5.344974040985107,7.771561172376096e-16,0.0,0.0,0.060859520682826865,0.32249315954816526,0.06286539493212978,0.0,0.0,0.0,4.295133706992073,-1.6743275758738836,-1.843145630658099
5.348278284072876,7.771561172376096e-16,0.0,0.0,0.0602509254759986,0.3192682279526836,0.062236740982808486,0.0,0.0,0.0,4.252182369922152,-1.6575843001151447,-1.824714174351518
5.3536248207092285,0.02286294987136528,0.11035371122694501,0.029052540800831094,0.10241058438055349,0.5224777808633554,0.11595336491794773,-0.04888643043667969,-0.2428324749817733,-0.7942452356327219,4.268153059230607,-2.128615383698272,-3.2830407366144265
5.358299255371094,0.02286294987136528,0.11035371122694501,0.029052540800831094,0.10138647853674795,0.5172530030547219,0.11479383126876826,-0.04888643043667969,-0.2428324749817733,-0.7942452356327219,4.225471528638301,-2.1073292298612896,-3.250210329248282
5.361994743347168,7.771561172376096e-16,0.0,0.0,0.03850541239830717,0.21346304566029062,0.03502964257473268,0.0,0.0,0.0,4.3155036202721035,-1.429150633597545,-1.0684785686685299
5.365200042724609,7.771561172376096e-16,0.0,0.0,0.0381203582743241,0.2113284152036877,0.03467934614898535,0.0,0.0,0.0,4.272348584069382,-1.4148591272615696,-1.0577937829818445
5.377261161804199,7.771561172376096e-16,0.0,0.0,0.03773915469158086,0.20921513105165082,0.0343325526874955,0.0,0.0,0.0,4.229625098228689,-1.4007105359889538,-1.047215845152026
5.3813464641571045,7.771561172376096e-16,0.0,0.0,0.03736176314466505,0.2071229797411343,0.03398922716062055,0.0,0.0,0.0,4.187328847246402,-1.3867034306290642,-1.0367436867005058
5.384312629699707,0.02315232350930645,0.10613175638878475,0.029550541349420197,0.11504287029770101,0.562859683669714,0.13327472978013138,-0.048892960703263065,-0.24372453994792506,-0.7940586582646896,4.238986838174828,-2.2553245424153356,-3.6874698858860393
5.387212514877319,0.02315232350930645,0.10613175638878475,0.029550541349420197,0.113892441594724,0.5572310868330168,0.13194198248233008,-0.048892960703263065,-0.24372453994792506,-0.7940586582646896,4.196596969793079,-2.2327712969911824,-3.6505951870271787
5.390354633331299,7.771561172376096e-16,0.0,0.0,0.03906971483840588,0.21388743493084084,0.03657600845457884,0.0,0.0,0.0,4.3102360844335195,-1.4347741001440837,-1.0869449855217148
5.393800735473633,7.771561172376096e-16,0.0,0.0,0.03867901769002182,0.21174856058153244,0.03621024837003305,0.0,0.0,0.0,4.267133723589184,-1.420426359142643,-1.0760755356664977
5.409569978713989,0.023331614548885604,0.10514661883172632,0.029560567318332225,0.05308787381856691,0.27630936589245336,0.05459385667775564,-0.04889476859342473,-0.24416781002633284,-0.7939618014202009,4.24153998444054,-1.5725781726408887,-1.5657845117997977
5.413326263427734,0.023331614548885604,0.10514661883172632,0.029560567318332225,0.05255699508038124,0.27354627223352884,0.05404791811097808,-0.04889476859342473,-0.24416781002633284,-0.7939618014202009,4.1991245845961345,-1.5568523909144798,-1.5501266666817997
5.4166693687438965,7.771561172376096e-16,0.0,0.0,-0.01775882178872655,-0.04370700816986833,-0.03491504412928895,0.0,0.0,0.0,4.303388882531713,-0.8109215632935318,0.8402976919433365
5.4306347370147705,7.771561172376096e-16,0.0,0.0,-0.017581233570839284,-0.04326993808816965,-0.034565893687996056,0.0,0.0,0.0,4.260354993706396,-0.8028123476605965,0.8318947150239031
5.435440540313721,0.02345864309823618,0.10475071808369361,0.029472531600290286,0.03140773577310503,0.17512989720644345,0.027106727188271777,-0.048895020591398046,-0.24461323623207112,-0.793858698212077,4.273123935156569,-1.3417695125982438,-0.8183317350933991
5.4616618156433105,0.02345864309823618,0.10475071808369361,0.029472531600290286,0.03109365841537398,0.173378598234379,0.02683565991638906,-0.048895020591398046,-0.24461323623207112,-0.793858698212077,4.230392695805003,-1.3283518174722615,-0.810148417742465
5.469135046005249,7.771561172376096e-16,0.0,0.0,-0.0006075096511537099,0.0314768888635176,-0.01287016906472542,0.0,0.0,0.0,4.253515656850329,-0.9877490218430409,0.2602228744891011
5.474365234375,7.771561172376096e-16,0.0,0.0,-0.0006014345546421729,0.031162119974882423,-0.012741467374078165,0.0,0.0,0.0,4.210980500281826,-0.9778715316246105,0.25762064574421006
5.479475259780884,0.02293882946607029,0.11117025778516718,0.03022326434004981,0.04429443384066547,0.24840373766346366,0.046530984632060526,-0.04884932505931041,-0.245064179997053,-0.7937799878975139,4.23059216306766,-1.482719865159439,-1.2888023205848023
5.4846131801605225,0.02293882946607029,0.11117025778516718,0.03022326434004981,0.04385148950225881,0.24591970028682902,0.04606567478573992,-0.04884932505931041,-0.245064179997053,-0.7937799878975139,4.188286241436984,-1.4678926665078447,-1.2759142973789541
5.488348484039307,7.771561172376096e-16,0.0,0.0,-0.017997904428222536,-0.05415988154361173,-0.03530744670618365,0.0,0.0,0.0,4.2771807579040635,-0.79713812203568,0.8619195748719743
5.493064880371094,7.771561172376096e-16,0.0,0.0,-0.017817925383940312,-0.05361828272817561,-0.03495437223912182,0.0,0.0,0.0,4.234408950325022,-0.7891667408153232,0.8533003791232546
5.498744487762451,0.02274286780584211,0.11573218345744127,0.030578069454159282,0.0224032819151982,0.1506858289062087,0.019233522177526094,-0.04878834350476482,-0.24550382522838837,-0.7936960166598326,4.253870221017008,-1.2448822760886566,-0.5438775437059661
5.503273963928223,0.022698031344342163,0.11924153123489294,0.030729028683124562,0.02198494226406023,0.15691975191598875,0.019472021912460055,-0.048716506629805985,-0.24594918771802166,-0.7936095233657949,4.211434808205246,-1.2334159646999465,-0.5382098386729589
5.506428003311157,7.771561172376096e-16,0.0,0.0,-0.05019986570397039,-0.22270918664530304,-0.07815023472041031,0.0,0.0,0.0,4.323777969098492,-0.44129069322102343,1.9833409786579437
5.512304306030273,7.771561172376096e-16,0.0,0.0,-0.04969786704693069,-0.22048209477885,-0.07736873237320621,0.0,0.0,0.0,4.280540189407507,-0.4368777862888132,1.9635075688713641
5.5180442333221436,0.022726308413549338,0.12181777546290377,0.030730513145773766,-0.00960751504969902,-0.006048495889147021,-0.02305688753779328,-0.04864157107023922,-0.24638977119598912,-0.7935159772570818,4.307379039390517,-0.8928886300780908,0.570624917770945
5.523157119750977,0.022726308413549338,0.12181777546290377,0.030730513145773766,-0.009511439899202029,-0.005988010930255551,-0.022826318662415346,-0.04864157107023922,-0.24638977119598912,-0.7935159772570818,4.264305248996611,-0.8839597437773099,0.5649186685932356
5.533056974411011,7.771561172376096e-16,0.0,0.0,-0.0323725296001499,-0.1289781953382468,-0.053639433557666705,0.0,0.0,0.0,4.27079581789869,-0.6262379357848022,1.3608125393629993
5.537468194961548,7.771561172376096e-16,0.0,0.0,-0.0320488043041484,-0.12768841338486434,-0.05310303922209004,0.0,0.0,0.0,4.228087859719703,-0.6199755564269542,1.3472044139693693
5.545565843582153,0.02276516651241537,0.12358983522392532,0.030627286028447373,-0.0036150113018304474,0.026212820130403103,-0.014749564978066891,-0.048568849452064584,-0.2468355487696277,-0.7934131515176994,4.236991101607535,-0.9407254026381937,0.3605825493107069
5.55282735824585,7.771561172376096e-16,0.0,0.0,-0.034929299171438985,-0.14424773215700618,-0.05677961416141527,0.0,0.0,0.0,4.261506477892307,-0.5913951983715888,1.4496043480298637
5.55778956413269,7.771561172376096e-16,0.0,0.0,-0.03458000617972459,-0.1428052548354361,-0.056211818019801116,0.0,0.0,0.0,4.218891413113384,-0.5854812463878729,1.435108304549565
5.561269044876099,0.022281549892372236,0.12375977167322538,0.030405216306295377,0.02980279116847335,0.2143073978006912,0.031734650149680244,-0.04851263819302928,-0.2472885335208349,-0.7933126739084665,4.296492115731176,-1.3407355123700642,-0.8440137652013262
5.564228773117065,0.022281549892372236,0.12375977167322538,0.030405216306295377,0.029504763256788615,0.21216432382268427,0.03141730364818344,-0.04851263819302928,-0.2472885335208349,-0.7933126739084665,4.253527194573865,-1.3273281572463635,-0.835573627549313
5.5681235790252686,7.771561172376096e-16,0.0,0.0,-0.027998654747824564,-0.10771326050766786,-0.04696293230110456,0.0,0.0,0.0,4.335549190272332,-0.6791361163077304,1.2096298813908324
5.571961879730225,7.771561172376096e-16,0.0,0.0,-0.027718668200346318,-0.10663612790259118,-0.04649330297809351,0.0,0.0,0.0,4.292193698369609,-0.6723447551446531,1.197533582576924
5.5779993534088135,0.022086391655372645,0.12301969935214783,0.029868692204809952,0.009140693131458839,0.09819045810159013,0.0034437996956488068,-0.04847818550626769,-0.24773146748016805,-0.7932030877973608,4.317586038898361,-1.104726566822466,-0.11958605963257107
5.582125425338745,7.771561172376096e-16,0.0,0.0,-0.04447957134388258,-0.2009435423256704,-0.06898077766881226,0.0,0.0,0.0,4.391902520692251,-0.4932741902228064,1.8040268146935714
5.586119651794434,7.771561172376096e-16,0.0,0.0,-0.04403477563044375,-0.1989341069024137,-0.06829096989212415,0.0,0.0,0.0,4.3479834954853285,-0.4883414483205783,1.7859865465466356
5.589143514633179,0.022067999668638053,0.12227146183118835,0.02946046167254616,0.02938507167814642,0.20741041941016522,0.029818520454126002,-0.04845384256087332,-0.24817907352538385,-0.7930864264393178,4.439278105096813,-1.3615853056128486,-0.8374206852027306
5.5956878662109375,0.022067999668638053,0.12227146183118835,0.02946046167254616,0.029091220961364954,0.20533631521606358,0.02952033524958474,-0.04845384256087332,-0.24817907352538385,-0.7930864264393178,4.394885324045845,-1.34796945255672,-0.8290464783507033
5.601740837097168,7.771561172376096e-16,0.0,0.0,-0.0076578207906167345,0.0012805566627683007,-0.01944594586996927,0.0,0.0,0.0,4.4309861579286105,-0.92447775204257,0.4894872394500305
5.605323553085327,7.771561172376096e-16,0.0,0.0,-0.0075812425827105675,0.0012677510961406177,-0.019251486411269576,0.0,0.0,0.0,4.386676296349324,-0.9152329745221442,0.48459236705553016
5.609869003295898,0.02213357418996948,0.12150188571530174,0.0291295755093657,0.0411884794991787,0.2685594770801873,0.04502615568978767,-0.04843775693768506,-0.2486221370295876,-0.7929597700340846,4.431283961804662,-1.4913234134754028,-1.2533203107807056
5.614518642425537,0.02213357418996948,0.12150188571530174,0.0291295755093657,0.04077659470418691,0.2658738823093854,0.044575894132889794,-0.04843775693768506,-0.2486221370295876,-0.7929597700340846,4.3869711221866154,-1.4764101793406488,-1.2407871076728985
5.619536399841309,7.771561172376096e-16,0.0,0.0,-0.0037416619580894483,0.021071341688689654,-0.013922841657833196,0.0,0.0,0.0,4.439634090654362,-0.9661615085879387,0.35192786940641585
5.6239173412323,7.771561172376096e-16,0.0,0.0,-0.0037042453385085538,0.020860628271802757,-0.013783613241254863,0.0,0.0,0.0,4.395237749747818,-0.9564998935020593,0.3484085907123517
5.62867283821106,0.02221414528672704,0.12075148869888305,0.028866034174645835,0.04304536025169449,0.2745718315026112,0.04705457514366643,-0.04842802419640532,-0.24906941009482586,-0.7928220520470292,4.434699332543466,-1.5073813954704403,-1.3113006753174141
5.633350372314453,0.02221414528672704,0.12075148869888305,0.028866034174645835,0.042614906649177546,0.2718261131875851,0.04658402939222976,-0.04842802419640532,-0.24906941009482586,-0.7928220520470292,4.3903523392180315,-1.4923075815157358,-1.29818766856424
5.637832164764404,7.771561172376096e-16,0.0,0.0,-0.007376557042645171,-0.0003189231627607758,-0.018289153492847945,0.0,0.0,0.0,4.454503851254662,-0.9216483513020409,0.48377851719101717
5.6424126625061035,7.771561172376096e-16,0.0,0.0,-0.007302791472218719,-0.00031573393113316803,-0.018106261957919464,0.0,0.0,0.0,4.409958812742116,-0.9124318677890205,0.478940732019107
5.660806655883789,7.771561172376096e-16,0.0,0.0,-0.007229763557496532,-0.00031257659182183634,-0.01792519933834027,0.0,0.0,0.0,4.365859224614694,-0.9033075491111303,0.4741513246989159
5.664755821228027,7.771561172376096e-16,0.0,0.0,-0.007157465921921566,-0.00030945082590361797,-0.017745947344956867,0.0,0.0,0.0,4.322200632368547,-0.894274473620019,0.46940981145192673
5.668072462081909,0.02133465102795428,0.11737026790532659,0.028137156564216604,0.05724019035986217,0.3535766026043473,0.06726782032051351,-0.04843044777363775,-0.24997434118734488,-0.7925018242926952,4.390956916166675,-1.6894356285899694,-1.9101176112956186
5.674291133880615,0.02133465102795428,0.11737026790532659,0.028137156564216604,0.05666778845626355,0.3500408365783038,0.06659514211730838,-0.04843044777363775,-0.24997434118734488,-0.7925018242926952,4.347047347005009,-1.6725412723040698,-1.8910164351826624
5.678236722946167,7.771561172376096e-16,0.0,0.0,0.002028953858214,0.04906832466766431,-0.005383751672539641,0.0,0.0,0.0,4.426322671358851,-1.022261941435251,0.13647042361483908
5.684753179550171,7.771561172376096e-16,0.0,0.0,0.00200866431963186,0.048577641420987666,-0.005329914155814245,0.0,0.0,0.0,4.382059444645263,-1.0120393220208985,0.13510571937869068
5.6889729499816895,0.02133168722985241,0.11625679931567905,0.027971798391723528,0.05254034957028017,0.3235968982837708,0.06101087347752295,-0.048404883398182434,-0.25042738927099434,-0.7923135514277984,4.4242443071503965,-1.6349592337678343,-1.7324405442954671
5.693865537643433,0.02133168722985241,0.11625679931567905,0.027971798391723528,0.05201494607457737,0.3203609293009331,0.06040076474274772,-0.048404883398182434,-0.25042738927099434,-0.7923135514277984,4.380001864078893,-1.6186096414301558,-1.7151161388525125
5.702850103378296,7.771561172376096e-16,0.0,0.0,0.02775220530852547,0.18776119475663677,0.028663590265472095,0.0,0.0,0.0,4.390077441462021,-1.3236928899556455,-0.8161042678769426
5.7066473960876465,7.771561172376096e-16,0.0,0.0,0.027474683255440217,0.1858835828090704,0.028376954362817373,0.0,0.0,0.0,4.346176667047401,-1.310455961056089,-0.8079432251981732
5.709808588027954,0.021444902630326872,0.11546628843467915,0.02789251893244677,0.09503796408861269,0.5492866184997431,0.11632736818779724,-0.04835927001116988,-0.2508748513271517,-0.7921079292827421,4.415627785601868,-2.144036572143122,-3.2902958458626714
5.713197946548462,0.021444902630326872,0.11546628843467915,0.02789251893244677,0.09408758444772657,0.5437937523147457,0.11516409450591926,-0.04835927001116988,-0.2508748513271517,-0.7921079292827421,4.3714715077458495,-2.122596206421691,-3.2573928874040448
5.716304302215576,7.771561172376096e-16,0.0,0.0,0.024111141113812462,0.1666460017232672,0.0242206784987391,0.0,0.0,0.0,4.483435263498793,-1.2937523209398054,-0.6748600543759466
5.722694635391235,7.771561172376096e-16,0.0,0.0,0.023870029702674336,0.16497954170603454,0.023978471713751708,0.0,0.0,0.0,4.438600910863805,-1.2808147977304074,-0.6681114538321872
5.735466480255127,0.021587703945814773,0.11527235629617942,0.027879120296535737,0.04053390235095988,0.25358480147060736,0.04556726430368381,-0.04829564684702644,-0.25132603815904403,-0.79188865432189,4.42206163008289,-1.4780087463015399,-1.2776362702504613
5.756236791610718,0.021587703945814773,0.11527235629617942,0.027879120296535737,0.04012856332745028,0.2510489534559013,0.045111591660646974,-0.04829564684702644,-0.25132603815904403,-0.79188865432189,4.377841013782061,-1.4632286588385244,-1.2648599075479567
5.759971618652344,7.771561172376096e-16,0.0,0.0,-0.01807380306595409,-0.0601032884581601,-0.029985873299203172,0.0,0.0,0.0,4.463374205784726,-0.7756708649698112,0.8680706898530384
5.763740301132202,7.771561172376096e-16,0.0,0.0,-0.017893065035294548,-0.059502255573578494,-0.02968601456621114,0.0,0.0,0.0,4.418740463726879,-0.7679141563201131,0.859389982954508
5.768385887145996,0.02142048464677374,0.11567471118066219,0.028656987340897572,0.02839519301351794,0.19009194778990485,0.03229733089219218,-0.04822214757202351,-0.25177945530853657,-0.7916809101807266,4.451447242487386,-1.338261112232053,-0.8429091888821324
5.77292537689209,0.02142048464677374,0.11567471118066219,0.028656987340897572,0.02811124108338276,0.1881910283120058,0.03197435758327026,-0.04822214757202351,-0.25177945530853657,-0.7916809101807266,4.406932770062512,-1.3248785011097324,-0.834480096993311
5.7771430015563965,7.771561172376096e-16,0.0,0.0,-0.02295790096899907,-0.08795594912990234,-0.03629118397553375,0.0,0.0,0.0,4.477198290552915,-0.7146599159186356,1.0509423796660857
5.780515909194946,7.771561172376096e-16,0.0,0.0,-0.022728321959309076,-0.08707638963860333,-0.035928272135778413,0.0,0.0,0.0,4.432426307647385,-0.7075133167594493,1.0404329558694247
5.783492088317871,0.021523399485536842,0.11638158038615128,0.029168890843778227,0.04981785940638819,0.3048379760682095,0.06243885769094072,-0.048144622787869525,-0.2522249448107989,-0.7914699220214997,4.509679035958962,-1.6044614521891862,-1.6127895022377223
5.7861621379852295,0.021523399485536842,0.11638158038615128,0.029168890843778227,0.04931968081232431,0.3017895963075274,0.061814469114031316,-0.048144622787869525,-0.2522249448107989,-0.7914699220214997,4.464582245599373,-1.5884168376672942,-1.596661607215345
5.789678573608398,7.771561172376096e-16,0.0,0.0,-0.01238151691503539,-0.03219292650479583,-0.021753838667232107,0.0,0.0,0.0,4.556849558906924,-0.8552582134497402,0.6700782543747847
5.794076919555664,7.771561172376096e-16,0.0,0.0,-0.012257701745885035,-0.031870997239747866,-0.021536300280559785,0.0,0.0,0.0,4.511281063317854,-0.8467056313152428,0.6633774718310369
5.799483776092529,0.021739783794505835,0.11715291273474394,0.029544975732020407,0.02807268113118566,0.18512243294386202,0.03332259826008703,-0.048072748595611746,-0.2526731023017943,-0.7912595186424619,4.534085254342165,-1.3370016291937998,-0.7974103991389674
5.809255361557007,0.021739783794505835,0.11715291273474394,0.029544975732020407,0.027791954319873805,0.1832712086144234,0.03298937227748616,-0.048072748595611746,-0.2526731023017943,-0.7912595186424619,4.488744401798743,-1.323631612901862,-0.7894362951475777
5.81275200843811,7.771561172376096e-16,0.0,0.0,-0.034659197275982614,-0.153605094426983,-0.05183568706148691,0.0,0.0,0.0,4.581339380885603,-0.5877798572004804,1.4813674937415442
5.815986394882202,7.771561172376096e-16,0.0,0.0,-0.03431260530322279,-0.15206904348271316,-0.05131733019087204,0.0,0.0,0.0,4.535525987076747,-0.5819020586284757,1.4665538188041287
5.824183702468872,0.02197942433723586,0.11815143796314426,0.029810685604739,-0.007156499372532928,-0.006413908031724147,-0.014437721581331601,-0.04801415191437311,-0.2531177663029387,-0.7910503043992619,4.535860773005978,-0.9058409810711892,0.49314022919980816
5.831112384796143,0.02197942433723586,0.11815143796314426,0.029810685604739,-0.007084934378807599,-0.006349768951406905,-0.014293344365518285,-0.04801415191437311,-0.2531177663029387,-0.7910503043992619,4.4905021652759185,-0.8967825712604772,0.4882088269078101
5.836333274841309,7.771561172376096e-16,0.0,0.0,-0.0491130837633794,-0.23259143559405454,-0.07124926829454527,0.0,0.0,0.0,4.537562596829416,-0.4029974747124155,1.9984904321007106
5.842520475387573,7.771561172376096e-16,0.0,0.0,-0.04862195292574561,-0.230265521238114,-0.07053677561159981,0.0,0.0,0.0,4.492186970861122,-0.39896749996529135,1.9785055277797035
5.849307537078857,0.02218063454277571,0.1189653915052933,0.02998397052767533,-0.01545497174780755,-0.05268025196305759,-0.025653276152068992,-0.04797942205148965,-0.25356541902617186,-0.7908402523285384,4.503313371891185,-0.7941523474478176,0.8012122901020173
5.852363109588623,7.771561172376096e-16,0.0,0.0,-0.08789118684407718,-0.44149257042674295,-0.12352555699862487,0.0,0.0,0.0,4.615302929985828,0.043635033769444,3.381390268404647
5.856101989746094,7.771561172376096e-16,0.0,0.0,-0.0870122749756364,-0.4370776447224755,-0.12229030142863863,0.0,0.0,0.0,4.56914990068597,0.04319868343174956,3.3475763657206006
5.861096143722534,0.022555619719510322,0.1287025327769181,0.0304899361638303,-0.04097810677210729,-0.17500049121106076,-0.060016144673149065,-0.047908256368981,-0.2540044368790013,-0.7906557809611111,4.6147722863561125,-0.501398318834949,1.742531352929529
5.865066051483154,0.022555619719510322,0.1287025327769181,0.0304899361638303,-0.04056832570438621,-0.17325048629895015,-0.05941598322641757,-0.047908256368981,-0.2540044368790013,-0.7906557809611111,4.568624563492551,-0.4963843356465995,1.7251060394002338
5.869759559631348,7.771561172376096e-16,0.0,0.0,-0.08821970127697648,-0.44573191419851205,-0.12378375634736802,0.0,0.0,0.0,4.625011766664617,0.049761985419581656,3.3924281298282937
5.873911142349243,7.771561172376096e-16,0.0,0.0,-0.08733750426420672,-0.44127459505652694,-0.12254591878389434,0.0,0.0,0.0,4.578761648997971,0.04926436556538584,3.3585038485300105
5.877389192581177,0.022982758229563565,0.13495255459026612,0.03081846895459335,-0.02038469765226926,-0.04884975729887947,-0.03271199537194863,-0.04782833916445219,-0.2544463525178766,-0.7904746944629681,4.678074370104446,-0.7350362509170861,1.07012161419404
5.8822221755981445,7.771561172376096e-16,0.0,0.0,-0.06773483162058803,-0.32759368019265184,-0.09615184676159008,0.0,0.0,0.0,4.730255983598813,-0.20120700026665805,2.695003829005089
5.887027740478516,7.771561172376096e-16,0.0,0.0,-0.06705748330438216,-0.32431774339072533,-0.09519032829397418,0.0,0.0,0.0,4.682953423762824,-0.19919493026399146,2.668053790715038
5.891289234161377,0.023385356091511086,0.13921357990000816,0.031040444655101678,-0.011510947524686184,0.00560333212359132,-0.021399071101069228,-0.047755585543710635,-0.2548853857994651,-0.7902983881594391,4.7623289041896815,-0.838798044682677,0.8023698526569516
5.89470911026001,0.023385356091511086,0.13921357990000816,0.031040444655101678,-0.011395838049439323,0.005547298802355407,-0.021185080390058536,-0.047755585543710635,-0.2548853857994651,-0.7902983881594391,4.714705615147785,-0.8304100642358503,0.7943461541303821
5.899700880050659,7.771561172376096e-16,0.0,0.0,-0.05812970533453506,-0.2733943923778274,-0.08315647512213342,0.0,0.0,0.0,4.763227204680181,-0.31149470448271066,2.3696054869964374
5.903082370758057,7.771561172376096e-16,0.0,0.0,-0.05754840828118971,-0.27066044845404913,-0.0823249103709121,0.0,0.0,0.0,4.715594932633379,-0.30837975743788354,2.345909432126473
5.907126188278198,0.023703987249831374,0.14179196716651718,0.031172923682311653,0.0016449217646629793,0.08268504233105844,-0.004413801770466505,-0.047702314123173314,-0.2553279186088178,-0.790123304585689,4.806374660672584,-0.9832085799902961,0.38551043473688007
5.9102301597595215,0.023703987249831374,0.14179196716651718,0.031172923682311653,0.0016284725470163495,0.08185819190774786,-0.00436966375276184,-0.047702314123173314,-0.2553279186088178,-0.790123304585689,4.758310914065858,-0.9733764941903931,0.38165533038951127
5.920771598815918,7.771561172376096e-16,0.0,0.0,-0.020874293505163337,-0.05346950817625287,-0.03389775851443238,0.0,0.0,0.0,4.75597998906056,-0.721429197260286,1.127379044176803
5.926076889038086,7.771561172376096e-16,0.0,0.0,-0.020665550570111702,-0.05293481309449034,-0.03355878092928805,0.0,0.0,0.0,4.708420189169954,-0.7142149052876832,1.1161052537350349
5.933323621749878,0.023896287154424576,0.14308672458120894,0.031232810781006468,0.012516361654440665,0.14504451735521195,0.009875968975750438,-0.047676974517983195,-0.2557708248227524,-0.7899470059569338,4.739661065452308,-1.0861962206326625,0.024532212873122905
5.938248157501221,0.023896287154424576,0.14308672458120894,0.031232810781006468,0.012391198037896258,0.14359407218165984,0.009777209285992933,-0.047676974517983195,-0.2557708248227524,-0.7899470059569338,4.692264454797785,-1.075334258426336,0.024286890744391675
5.95432710647583,7.771561172376096e-16,0.0,0.0,-0.0025945604426233296,0.053168033408558704,-0.009745222235991965,0.0,0.0,0.0,4.674993608133655,-0.9055090603205167,0.5153367096888443
5.959283828735352,7.771561172376096e-16,0.0,0.0,-0.0025686148381970962,0.05263635307447312,-0.009647770013632045,0.0,0.0,0.0,4.628243672052319,-0.8964539697173115,0.5101833425919559
5.96463680267334,0.023592527963731798,0.14343615873026608,0.031589412577070965,0.04153075490558346,0.32006600874334973,0.049461534842062484,-0.04768826616183142,-0.2562227924711116,-0.7897882136128467,4.688259889221892,-1.4011368139717864,-0.9573742597740567
5.971908330917358,0.023592527963731798,0.14343615873026608,0.031589412577070965,0.041115447356527626,0.3168653486559162,0.04896691949364186,-0.04768826616183142,-0.2562227924711116,-0.7897882136128467,4.6413772903296735,-1.3871254458320685,-0.9478005171763161
5.975297451019287,7.771561172376096e-16,0.0,0.0,-0.028908253306547955,-0.10952866839518033,-0.04473105046081569,0.0,0.0,0.0,4.7356733911623135,-0.6172385154309016,1.3920410922931725
5.9781813621521,7.771561172376096e-16,0.0,0.0,-0.028619170773482475,-0.10843338171122853,-0.04428373995620753,0.0,0.0,0.0,4.688316657250691,-0.6110661302765925,1.3781206813702407
5.9820475578308105,0.023516105086660334,0.1428669493355944,0.03176843330044315,0.03249194300467448,0.2621794530099791,0.03832884760725571,-0.047738517012424944,-0.25666629676345765,-0.7896255554762197,4.787110809862289,-1.3170891694030928,-0.6602467336509314
5.986970901489258,0.023516105086660334,0.1428669493355944,0.03176843330044315,0.03216702357462773,0.25955765847987927,0.03794555913118315,-0.047738517012424944,-0.25666629676345765,-0.7896255554762197,4.739239701763666,-1.3039182777090619,-0.6536442663144222
5.99170994758606,7.771561172376096e-16,0.0,0.0,-0.017776668912663815,-0.044505653208849194,-0.029469398228897686,0.0,0.0,0.0,4.792581748001693,-0.749280023049816,1.0191041931702391
5.99753737449646,7.771561172376096e-16,0.0,0.0,-0.017598902223537178,-0.044060596676760704,-0.02917470424660871,0.0,0.0,0.0,4.744655930521676,-0.7417872228193179,1.0089131512385368
6.001976490020752,0.023518771035243927,0.1416302224175206,0.03184435077617672,0.03555784593087741,0.27543055357632534,0.04285284377223708,-0.04783202476059442,-0.25711783459549853,-0.7894599752000087,4.821556322800568,-1.355564936892474,-0.7642743879330859
6.005713701248169,0.023518771035243927,0.1416302224175206,0.03184435077617672,0.035202267471568634,0.27267624804056206,0.04242431533451471,-0.04783202476059442,-0.25711783459549853,-0.7894599752000087,4.773340759572562,-1.3420092875235492,-0.756631644053755
6.008671045303345,7.771561172376096e-16,0.0,0.0,-0.04467642033391493,-0.20896071147845713,-0.06567881191905728,0.0,0.0,0.0,4.887347155896104,-0.4591677482477651,1.9204244594081439
6.012008190155029,7.771561172376096e-16,0.0,0.0,-0.044229656130575785,-0.20687110436367256,-0.0650220237998667,0.0,0.0,0.0,4.838473684337143,-0.45457607076528744,1.9012202148140624
6.014998435974121,0.023530733691046392,0.13993220121634978,0.031840634070017804,0.03490427688686728,0.2631598067202614,0.04210985713212989,-0.04796928047528904,-0.2575666209920534,-0.789287180477173,4.969642577601584,-1.3736477157863647,-0.7349523536454832
6.019040822982788,0.023530733691046392,0.13993220121634978,0.031840634070017804,0.03455523411799861,0.2605282086530588,0.04168875856080859,-0.04796928047528904,-0.2575666209920534,-0.789287180477173,4.919946151825568,-1.359911238628501,-0.7276028301090284
6.025712251663208,7.771561172376096e-16,0.0,0.0,-0.0010612246785053,0.04817444851258612,-0.006454988735474995,0.0,0.0,0.0,4.9426492508729,-0.960237968321604,0.4627588883586433
6.030876398086548,7.771561172376096e-16,0.0,0.0,-0.001050612431720247,0.04769270402746026,-0.006390438848120245,0.0,0.0,0.0,4.89322275836417,-0.9506355886383879,0.4581312994750569
6.039917707443237,0.023499633610339712,0.1379482595052527,0.03177844675642508,0.024951299011509213,0.19979131009090365,0.02882152375043979,-0.048147965282358346,-0.2580217691040017,-0.7891045987521257,4.901730198965961,-1.2470367285863413,-0.41197819282448256
6.046424627304077,0.023499633610339712,0.1379482595052527,0.03177844675642508,0.024701786021394122,0.1977933969899946,0.02853330851293539,-0.048147965282358346,-0.2580217691040017,-0.7891045987521257,4.852712896976301,-1.2345663613004778,-0.40785841089623776
6.049507141113281,7.771561172376096e-16,0.0,0.0,-0.05178052246483811,-0.25170324425496093,-0.07484465845281967,0.0,0.0,0.0,4.960382846957467,-0.38517085760703873,2.1561587415199686
6.05295467376709,7.771561172376096e-16,0.0,0.0,-0.05126271724018973,-0.24918621181241132,-0.07409621186829146,0.0,0.0,0.0,4.910779018487892,-0.38131914903096836,2.134597154104769
6.056183815002441,0.02316240853475482,0.13498582069660514,0.03157531233641341,0.02097922384756437,0.17132954848280507,0.024427132732574228,-0.048373068920650596,-0.2584805607407822,-0.788930195606643,5.014680634380605,-1.234476131382858,-0.31046314581189405
6.060018539428711,0.02316240853475482,0.13498582069660514,0.03157531233641341,0.02076943160908873,0.16961625299797703,0.024182861405248484,-0.048373068920650596,-0.2584805607407822,-0.788930195606643,4.964533828036799,-1.2221313700690295,-0.3073585143537751
6.06392502784729,7.771561172376096e-16,0.0,0.0,-0.03873040965051941,-0.17762252026807465,-0.05688683344857719,0.0,0.0,0.0,5.038715988362571,-0.5482402059946386,1.71525310872307
6.068792104721069,7.771561172376096e-16,0.0,0.0,-0.03834310555401421,-0.1758462950653939,-0.056317965114091414,0.0,0.0,0.0,4.988328828478945,-0.5427578039346922,1.6981005776358393
6.080174207687378,7.771561172376096e-16,0.0,0.0,-0.037959674498474066,-0.17408783211473997,-0.0557547854629505,0.0,0.0,0.0,4.938445540194156,-0.5373302258953453,1.681119571859481
6.083838224411011,7.771561172376096e-16,0.0,0.0,-0.03758007775348932,-0.17234695379359258,-0.055197237608320994,0.0,0.0,0.0,4.889061084792214,-0.5319569236363918,1.6643083761408861
6.086743354797363,0.02307537766370393,0.1300147666590211,0.03123894046024334,0.04222547176132976,0.2769115636368331,0.052884987478603984,-0.048896080221408025,-0.25939018685554294,-0.7885742914563034,4.99507511730024,-1.4817928664436355,-1.0462723633488114
6.090607166290283,0.02307537766370393,0.1300147666590211,0.03123894046024334,0.04180321704371646,0.2741424480004648,0.052356137603817944,-0.048896080221408025,-0.25939018685554294,-0.7885742914563034,4.945124366127237,-1.4669749377791992,-1.0358096397153231
6.099041700363159,7.771561172376096e-16,0.0,0.0,0.014026972238974297,0.11725526332117844,0.014795627665674244,0.0,0.0,0.0,4.953644410267918,-1.1447716784121615,-0.09051632977481161
6.103752374649048,7.771561172376096e-16,0.0,0.0,0.013886702516584554,0.11608271068796666,0.014647671389017502,0.0,0.0,0.0,4.904107966165239,-1.13332396162804,-0.08961116647706349
6.107274055480957,0.023115287038976664,0.12787125593477222,0.031086496468073037,0.07938492227547173,0.47801911481271575,0.10277295453026565,-0.0491942481437865,-0.2598450426771528,-0.7883911434962152,4.977235865782329,-1.9111950174312295,-2.3108401186795695
6.111601114273071,0.023115287038976664,0.12787125593477222,0.031086496468073037,0.07859107305271701,0.4732389236645886,0.101745224984963,-0.0491942481437865,-0.2598450426771528,-0.7883911434962152,4.927463507124505,-1.8920830672569173,-2.2877317174927736
6.114639520645142,7.771561172376096e-16,0.0,0.0,0.0017281528363732035,0.047656785328571316,-0.0015840732175112643,0.0,0.0,0.0,5.040096932133672,-1.0179604931121609,0.3298977393013858
6.119966268539429,7.771561172376096e-16,0.0,0.0,0.0017108713080094715,0.0471802174752856,-0.0015682324853361516,0.0,0.0,0.0,4.989695962812335,-1.0077808881810393,0.3265987619083719
6.124801397323608,0.02313178933209908,0.12598028049203186,0.030944599931460166,0.049534865416811645,0.3072604835396112,0.0624469859691638,-0.04951187646913793,-0.26030340916593103,-0.7882025358094472,5.025056035341862,-1.5734224405880106,-1.2950029698135168
6.129571437835693,0.02313178933209908,0.12598028049203186,0.030944599931460166,0.04903951676264353,0.3041878787042151,0.06182251610947216,-0.04951187646913793,-0.26030340916593103,-0.7882025358094472,4.974805474988443,-1.5576882161821306,-1.2820529401153817
6.146644353866577,7.771561172376096e-16,0.0,0.0,0.03500030000516425,0.22735644910807756,0.043079326311121886,0.0,0.0,0.0,4.954057666230265,-1.3896456341392462,-0.8075640381974064
6.149708032608032,7.771561172376096e-16,0.0,0.0,0.03465029700511261,0.2250828846169968,0.04264853304801067,0.0,0.0,0.0,4.904517089567963,-1.3757491777978537,-0.7994883978154324
6.153456449508667,0.022858791921854936,0.12569279688065027,0.030192623169299913,0.0952863168648545,0.5581544070796292,0.12276971349127914,-0.049839480052203365,-0.26076354507194094,-0.7880409865327588,4.964443270231221,-2.1052467703607256,-2.878863897300769
6.15868616104126,0.022858791921854936,0.12569279688065027,0.030192623169299913,0.09433345369620595,0.5525728630088329,0.12154201635636636,-0.049839480052203365,-0.26076354507194094,-0.7880409865327588,4.914798837528909,-2.084194302657118,-2.8500752583277613
6.16217565536499,0.022826524438691324,0.125233070054101,0.029712921063595348,0.09323070826647217,0.5457433771522849,0.1189455471718875,-0.05016926379031648,-0.26121859143565007,-0.7878866108499588,4.864617996308196,-2.064617948426046,-2.8212267623965555
6.16492772102356,0.022826524438691324,0.125233070054101,0.029712921063595348,0.09229840118380746,0.5402859433807621,0.11775609170016862,-0.05016926379031648,-0.26121859143565007,-0.7878866108499588,4.8159718163451135,-2.0439717689417853,-2.79301449477259
6.175955295562744,7.771561172376096e-16,0.0,0.0,0.07067592032651125,0.4213195169004503,0.08963432745176736,0.0,0.0,0.0,4.813306475582648,-1.7866544037629257,-2.050614809809206
6.1804656982421875,7.771561172376096e-16,0.0,0.0,0.06996916112324614,0.4171063217314458,0.08873798417724968,0.0,0.0,0.0,4.765173410826821,-1.7687878597252964,-2.0301086617111137
6.185272693634033,0.022893926693717034,0.12477705726197408,0.029377769223133544,0.11689574086761376,0.6725091650621557,0.14896522340286442,-0.05050359403402536,-0.2616767330291486,-0.7877376581240351,4.799945879163922,-2.3325718753742204,-3.637048161715162
6.189175367355347,0.022893926693717034,0.12477705726197408,0.029377769223133544,0.11572678345893762,0.6657840734115342,0.14747557116883578,-0.05050359403402536,-0.2616767330291486,-0.7877376581240351,4.751946420372283,-2.3092461566204783,-3.6006776800980105
6.197024583816528,7.771561172376096e-16,0.0,0.0,0.08540236651215553,0.5001587002121595,0.10857316982089624,0.0,0.0,0.0,4.768769166991502,-1.9527742624404913,-2.5610832687607714
6.201240301132202,7.771561172376096e-16,0.0,0.0,0.08454834284703398,0.49515711321003786,0.10748743812268727,0.0,0.0,0.0,4.721081475321587,-1.9332465198160864,-2.5354724360731637
6.204852342605591,0.02298812080757353,0.12440315563965608,0.02915751173499515,0.14734587397677196,0.8346178544951204,0.18713564499567642,-0.05084146973644255,-0.2621337287678591,-0.7875894079336828,4.781889868566452,-2.6891776401493592,-4.675335187806805
6.2115559577941895,0.02298812080757353,0.12440315563965608,0.02915751173499515,0.14587241523700423,0.8262716759501691,0.18526428854571966,-0.05084146973644255,-0.2621337287678591,-0.7875894079336828,4.734070969880787,-2.6622858637478655,-4.628581835928737
6.2364137172698975,7.771561172376096e-16,0.0,0.0,0.1351658259139869,0.7679629541348908,0.17168190317744172,0.0,0.0,0.0,4.707183217652312,-2.5302095232613784,-4.265457563684117
6.241671085357666,7.771561172376096e-16,0.0,0.0,0.13381416765484702,0.7602833245935419,0.1699650841456673,0.0,0.0,0.0,4.660111385475789,-2.5049074280287646,-4.222802988047276
6.2486371994018555,0.02304989904122561,0.12445183903907477,0.02903073381088216,0.16556463017715045,0.9313336662017879,0.2099396488377579,-0.051179264411128175,-0.2625940836959428,-0.7874402931695418,4.66909387569234,-2.882558573275572,-5.303078007649829
6.254542589187622,0.02304989904122561,0.12445183903907477,0.02903073381088216,0.16390898387537894,0.9220203295397701,0.2078402523493803,-0.051179264411128175,-0.2625940836959428,-0.7874402931695418,4.6224029369354165,-2.853732987542816,-5.250047227573331
6.261532783508301,0.022899651691165344,0.12336482363047897,0.02794712563530682,0.1619808396878471,0.9112591277977378,0.20421028796645263,-0.05152952926300374,-0.26305712991700636,-0.7873041092364039,4.5756385284284,-2.8258396055591986,-5.197401283903428
6.264993667602539,0.022899651691165344,0.12336482363047897,0.02794712563530682,0.16036103129096863,0.9021465365197604,0.2021681850867881,-0.05152952926300374,-0.26305712991700636,-0.7873041092364039,4.529882143144116,-2.7975812095036066,-5.145427271064394
6.2681450843811035,7.771561172376096e-16,0.0,0.0,0.08609279646084128,0.5016667770006723,0.11146535567905069,0.0,0.0,0.0,4.648095585826711,-1.9348788334507687,-2.5957185161426097
6.270787477493286,7.771561172376096e-16,0.0,0.0,0.08523186849623286,0.49665010923066555,0.11035070212226018,0.0,0.0,0.0,4.601614629968444,-1.9155300451162611,-2.5697613309811835
6.275833368301392,0.022960929892208354,0.1226099277156422,0.027334862763302735,0.12988376455829653,0.7346732652246512,0.1634197164710867,-0.05187982787852223,-0.26351701774106234,-0.7871650351278195,4.628886520521549,-2.453957661376598,-4.093474666711994
6.280961036682129,0.022960929892208354,0.1226099277156422,0.027334862763302735,0.12858492691271356,0.7273265325724046,0.16178551930637583,-0.05187982787852223,-0.26351701774106234,-0.7871650351278195,4.5825976553163335,-2.429418084762832,-4.0525399200448735
6.284151077270508,7.771561172376096e-16,0.0,0.0,0.05532215679858955,0.3357010174279744,0.07447952941408044,0.0,0.0,0.0,4.699402298785739,-1.5790622584896346,-1.544443926302756
6.288522720336914,7.771561172376096e-16,0.0,0.0,0.05476893523060366,0.3323440072536947,0.07373473411993964,0.0,0.0,0.0,4.652408275797882,-1.5632716359047383,-1.5289994870397285
6.291450023651123,0.023101609443739006,0.122256605246074,0.02698009419689479,0.1331389628487399,0.7466629913626442,0.1651644473834094,-0.052229067776600364,-0.26398034268127135,-0.7870252701763526,4.730295044110949,-2.510679144136791,-4.184013628550487
6.294509172439575,0.023101609443739006,0.122256605246074,0.02698009419689479,0.13180757322025252,0.7391963614490178,0.16351280290957532,-0.052229067776600364,-0.26398034268127135,-0.7870252701763526,4.6829920936698395,-2.485572352695423,-4.142173492264982
6.298431634902954,7.771561172376096e-16,0.0,0.0,0.07159381739060955,0.42012109585906615,0.09309411238934608,0.0,0.0,0.0,4.769315946068703,-1.7877201501814581,-2.094294646473286
6.301805734634399,7.771561172376096e-16,0.0,0.0,0.07087787921670345,0.4159198849004755,0.09216317126545262,0.0,0.0,0.0,4.721622786608016,-1.7698429486796436,-2.073351700008553
6.304907560348511,0.023254439679339642,0.12204129188565616,0.02682230053621747,0.14513926903699584,0.8052105543997989,0.17771416247997665,-0.05257605587402919,-0.2644436302199359,-0.7868808940056058,4.790189131669277,-2.662836336877735,-4.572202770178169
6.307671308517456,0.023254439679339642,0.12204129188565616,0.02682230053621747,0.1436878763466259,0.7971584488558009,0.17593702085517687,-0.05257605587402919,-0.2644436302199359,-0.7868808940056058,4.742287240352584,-2.6362079735089576,-4.526480742476387
6.329132318496704,7.771561172376096e-16,0.0,0.0,0.13141532875777584,0.7323203459677522,0.16167949675631257,0.0,0.0,0.0,4.719362775025365,-2.48662539740597,-4.114559894741085
6.3344316482543945,7.771561172376096e-16,0.0,0.0,0.1301011754701981,0.7249971425080747,0.16006270178874946,0.0,0.0,0.0,4.6721691472751115,-2.46175914343191,-4.073414295793674
6.346767425537109,0.023366934255166217,0.12193805935595525,0.02681160168287079,0.14774257303404603,0.8165962801106167,0.18019690433886967,-0.05291788285627735,-0.26491053094429773,-0.7867308561784484,4.654194793138444,-2.6665733228523854,-4.666110996614984
6.352514028549194,0.023366934255166217,0.12193805935595525,0.02681160168287079,0.14626514730370557,0.8084303173095105,0.17839493529548098,-0.05291788285627735,-0.26491053094429773,-0.7867308561784484,4.60765284520706,-2.6399075896238613,-4.619449886648834
6.357793569564819,7.771561172376096e-16,0.0,0.0,0.10054309110967076,0.5693826425193089,0.12582702270875093,0.0,0.0,0.0,4.661808292791665,-2.1117404051737054,-3.083105289790704
6.362837314605713,7.771561172376096e-16,0.0,0.0,0.09953766019857405,0.5636888160941158,0.12456875248166342,0.0,0.0,0.0,4.615190209863749,-2.090623001121968,-3.052274236892797
6.3676087856292725,0.023157000521638733,0.12093099667289094,0.02694888143508426,0.14707448762192593,0.8114978696056341,0.17980225408326456,-0.05326278554926521,-0.2653826779808181,-0.7865937480437112,4.640857504582127,-2.6634650779642666,-4.65936465204529
6.371749401092529,0.023157000521638733,0.12093099667289094,0.02694888143508426,0.14560374274570667,0.8033828909095777,0.17800423154243192,-0.05326278554926521,-0.2653826779808181,-0.7865937480437112,4.594448929536306,-2.636830427184624,-4.612771005524837
6.376546859741211,7.771561172376096e-16,0.0,0.0,0.09587839813411872,0.543276025985626,0.12005094541491146,0.0,0.0,0.0,4.659527357684748,-2.057288667100403,-2.927038234444477
6.380834102630615,0.023173694608515847,0.12047329894581552,0.027128395898978686,0.14897228904504378,0.8188474030084022,0.18212745711117392,-0.053592063575163794,-0.2658474108255691,-0.7864532626168499,4.6910779048713875,-2.69859495226488,-4.720123906043221
6.385700225830078,0.023173694608515847,0.12047329894581552,0.027128395898978686,0.14748256615459335,0.8106589289783181,0.18030618254006217,-0.053592063575163794,-0.2658474108255691,-0.7864532626168499,4.6441671258226735,-2.6716090027422315,-4.672922666982789
6.388839483261108,7.771561172376096e-16,0.0,0.0,0.07218870807011644,0.4187886580134156,0.09208651903419517,0.0,0.0,0.0,4.768441188309084,-1.7980448390341448,-2.120972763464094
6.3920207023620605,7.771561172376096e-16,0.0,0.0,0.07146682098941529,0.41460077143328145,0.09116565384385321,0.0,0.0,0.0,4.7207567764259935,-1.7800643906438034,-2.099763035829453
6.39509129524231,0.023282755006493495,0.12035475691950051,0.02734166474273472,0.14657710227463133,0.8024141071202132,0.17929759835915443,-0.053907417950986164,-0.2663168644873424,-0.7863120778191848,4.781037874518779,-2.688150803043497,-4.622746939760402
6.3984596729278564,0.023282755006493495,0.12035475691950051,0.02734166474273472,0.14511133125188502,0.7943899660490111,0.1775046223755629,-0.053907417950986164,-0.2663168644873424,-0.7863120778191848,4.7332274957735905,-2.661269295013062,-4.576519470362798
6.402409791946411,7.771561172376096e-16,0.0,0.0,0.08471831037372612,0.48175965984187163,0.10651225734621128,0.0,0.0,0.0,4.822365584614438,-1.9604570064649587,-2.5401507669403642
6.4084250926971436,7.771561172376096e-16,0.0,0.0,0.08387112726998887,0.4769420632434529,0.10544713477274917,0.0,0.0,0.0,4.774141928768294,-1.940852436400309,-2.5147492592709604
6.41318678855896,0.023416287122851424,0.12041798279123762,0.027576313315778,0.13220877627393676,0.7250615004586145,0.16230546196578932,-0.054207835738796485,-0.26678350147305696,-0.7861679005904264,4.7949855180988274,-2.5196736671310984,-4.129773448378778
6.423052549362183,7.771561172376096e-16,0.0,0.0,0.10715178596298063,0.5957544265624819,0.13273087490398036,0.0,0.0,0.0,4.801981081542918,-2.2240634197390405,-3.291610762198995
6.427419662475586,7.771561172376096e-16,0.0,0.0,0.10608026810335082,0.5897968822968571,0.13140356615494056,0.0,0.0,0.0,4.753961270727489,-2.20182278554165,-3.258694654577005
6.431556701660156,0.023521023614870226,0.12063163486169864,0.02782394772985756,0.1618741930801904,0.8754882107462272,0.19734523315540858,-0.05449147059053004,-0.267253947244406,-0.7860202140088246,4.784839573558097,-2.8696658804823563,-5.113553772349421
6.436959266662598,0.023521023614870226,0.12063163486169864,0.02782394772985756,0.1602554511493885,0.866733328638765,0.1953717808238545,-0.05449147059053004,-0.267253947244406,-0.7860202140088246,4.7369911778225156,-2.8409692216775326,-5.062418234625927
6.442156553268433,7.771561172376096e-16,0.0,0.0,0.11339654385476632,0.6259609682286734,0.13988253603771206,0.0,0.0,0.0,4.794467264972564,-2.2983413084675908,-3.499427554872416
6.446569919586182,7.771561172376096e-16,0.0,0.0,0.11226257841621864,0.6197013585463866,0.13848371067733495,0.0,0.0,0.0,4.7465225923228385,-2.275357895382915,-3.464433279323692
6.451555252075195,0.024067378121881026,0.12160200989187168,0.02872229977686248,0.15941632772823763,0.8574239033050246,0.1947124827734758,-0.05475502958430779,-0.26771628605438536,-0.785872810910259,4.76454281218787,-2.8268360153389627,-4.995468443543771
6.456115484237671,0.024067378121881026,0.12160200989187168,0.02872229977686248,0.15782216445095526,0.8488496642719744,0.19276535794574104,-0.05475502958430779,-0.26771628605438536,-0.785872810910259,4.716897384065992,-2.798567655185573,-4.945513759108334
6.463696479797363,7.771561172376096e-16,0.0,0.0,0.1244969539942575,0.6799574199494367,0.15295046442437288,0.0,0.0,0.0,4.741955110733424,-2.4174406478594133,-3.8594232551958543
6.467700958251953,7.771561172376096e-16,0.0,0.0,0.12325198445431493,0.6731578457499423,0.15142095978012915,0.0,0.0,0.0,4.69453555962609,-2.393266241380819,-3.820829022643896
6.471068859100342,0.024638460255068297,0.12236611302885834,0.02934692080672777,0.19517619149754661,1.0297567765246336,0.2370438784049965,-0.05495449689585213,-0.2681793067920559,-0.7857158721910037,4.745056478499691,-3.222006435309976,-6.099258862401392
6.473964691162109,0.024638460255068297,0.12236611302885834,0.02934692080672777,0.19322442958257113,1.0194592087593872,0.23467343962094653,-0.05495449689585213,-0.2681793067920559,-0.7857158721910037,4.697605913714694,-3.189786370956876,-6.038266273777378
6.482187747955322,7.771561172376096e-16,0.0,0.0,0.16132953164752514,0.8604560700375827,0.19663812670129788,0.0,0.0,0.0,4.717459621509487,-2.8317575883736774,-5.022380211331221
6.486215114593506,7.771561172376096e-16,0.0,0.0,0.1597162363310499,0.8518515093372069,0.1946717454342849,0.0,0.0,0.0,4.670285025294392,-2.803440012489941,-4.9721564092179085
6.491702079772949,0.02518217389342359,0.12308072807423305,0.029833056104220386,0.20401361324377956,1.0676477548611407,0.24709580513739238,-0.055099109244617125,-0.26863605018864994,-0.7855496249313151,4.683829191458588,-3.3003675943355297,-6.3437833945813935
6.496786832809448,0.02518217389342359,0.12308072807423305,0.029833056104220386,0.20197347711134175,1.0569712773125293,0.24462484708601845,-0.055099109244617125,-0.26863605018864994,-0.7855496249313151,4.636990899544002,-3.2673639183921743,-6.280345560635579
6.5072174072265625,7.771561172376096e-16,0.0,0.0,0.17581108932190131,0.9284016125211481,0.21357705193976997,0.0,0.0,0.0,4.643445606951482,-2.9771435330310925,-5.464419991598536
6.510284662246704,7.771561172376096e-16,0.0,0.0,0.1740529784286823,0.9191175963959366,0.21144128142037227,0.0,0.0,0.0,4.597011150881967,-2.9473720977007813,-5.40977579168255
6.513887643814087,0.025635180932887008,0.12376088223874367,0.030214352845395028,0.24346235727828144,1.2534221611793908,0.2931861731302898,-0.05519237358414437,-0.2690927845540699,-0.7853718184306817,4.643581778313821,-3.7195933207810317,-7.519342353914462
6.5182530879974365,0.025635180932887008,0.12376088223874367,0.030214352845395028,0.24102773370549863,1.240887939567597,0.2902543113989869,-0.05519237358414437,-0.2690927845540699,-0.7853718184306817,4.597145960530683,-3.6823973875732214,-7.444148930375317
6.528820753097534,7.771561172376096e-16,0.0,0.0,0.2143593248984661,1.1113662627218956,0.2587604450748057,0.0,0.0,0.0,4.6034020961996,-3.390935532949751,-6.62652357690518
6.5344343185424805,7.771561172376096e-16,0.0,0.0,0.21221573164948143,1.1002526000946766,0.25617284062405765,0.0,0.0,0.0,4.557368075237604,-3.3570261776202535,-6.560258341136128
6.548358201980591,7.771561172376096e-16,0.0,0.0,0.21009357433298662,1.0892500740937299,0.25361111221781707,0.0,0.0,0.0,4.511794394485228,-3.323455915844051,-6.494655757724767
6.551378965377808,7.771561172376096e-16,0.0,0.0,0.20799263858965675,1.0783575733527926,0.2510750010956389,0.0,0.0,0.0,4.466676450540375,-3.29022135668561,-6.42970920014752
6.554696083068848,0.025854007979787087,0.12473729595500296,0.03068210416462063,0.28385389605027034,1.4436152104225801,0.34106052954805144,-0.055258901899445635,-0.27000356433968115,-0.785005592137326,4.523994655309564,-4.131338372629059,-8.714124321436739
6.558498859405518,0.025854007979787087,0.12473729595500296,0.03068210416462063,0.28101535708976766,1.4291790583183543,0.3376499242525709,-0.055258901899445635,-0.27000356433968115,-0.785005592137326,4.478754708756468,-4.090024988902768,-8.626983078222372
6.562394618988037,0.02600457168180203,0.1252582369877485,0.03161597774287903,0.2787204683240662,1.416200841997247,0.33665818415712623,-0.05525554626946745,-0.2704501770912932,-0.7848263769829883,4.433880432461082,-4.050257606965402,-8.54022844187983
6.566504240036011,7.771561172376096e-16,0.0,0.0,0.21265596537357154,1.0972461640694358,0.2563599889774632,0.0,0.0,0.0,4.52399574355111,-3.351664725404814,-6.54509684709075
6.570713520050049,7.771561172376096e-16,0.0,0.0,0.21052940571983583,1.0862737024287414,0.2537963890876886,0.0,0.0,0.0,4.478755786115599,-3.3181480781507657,-6.479645878619842
6.582107067108154,7.771561172376096e-16,0.0,0.0,0.20842411166263747,1.075410965404454,0.2512584251968117,0.0,0.0,0.0,4.433968228254443,-3.284966597369258,-6.414849419833644
6.58704948425293,7.771561172376096e-16,0.0,0.0,0.20633987054601108,1.0646568557504095,0.24874584094484356,0.0,0.0,0.0,4.389628545971899,-3.252116931395565,-6.350700925635307
6.590089797973633,0.026308631592907503,0.12589945345181805,0.0330182747739547,0.2908090931741889,1.4681104920319692,0.35485992108424824,-0.0552337229638281,-0.27089903617064026,-0.7846473851081974,4.457639866865086,-4.177200288475632,-8.84804933705085
6.593776226043701,0.026308631592907503,0.12589945345181805,0.0330182747739547,0.287901002242447,1.4534293871116495,0.35131132187340575,-0.0552337229638281,-0.27089903617064026,-0.7846473851081974,4.413063468196435,-4.1354282855908755,-8.759568843680341
6.604878902435303,0.026692794810495832,0.12853229310027853,0.034735404723490404,0.28542668666458365,1.441252412668799,0.34935160262793347,-0.05518491463314258,-0.27134072573423557,-0.7844750410287727,4.3689421292033614,-4.094468414499725,-8.671803910119943
6.609493017196655,0.026692794810495832,0.12853229310027853,0.034735404723490404,0.2825724197979378,1.4268398885421112,0.3458580866016541,-0.05518491463314258,-0.27134072573423557,-0.7844750410287727,4.325252707911328,-4.053523730354728,-8.585085871018743
6.613348960876465,7.771561172376096e-16,0.0,0.0,0.21052163157668585,1.0792359853719744,0.25231674621461186,0.0,0.0,0.0,4.425116676340437,-3.3092937602805073,-6.464778323699672
6.617170572280884,7.771561172376096e-16,0.0,0.0,0.208416415260919,1.0684436255182546,0.24979357875246574,0.0,0.0,0.0,4.380865509577033,-3.276200822677702,-6.400130540462675
6.6231849193573,7.771561172376096e-16,0.0,0.0,0.2063322511083098,1.057759189263072,0.24729564296494108,0.0,0.0,0.0,4.337056854481262,-3.243438814450925,-6.336129235058048
6.6294825077056885,7.771561172376096e-16,0.0,0.0,0.2042689285972267,1.0471815973704413,0.24482268653529166,0.0,0.0,0.0,4.29368628593645,-3.211004426306416,-6.272767942707468
6.634891986846924,0.027115001100390022,0.12997825581713598,0.03656866160881585,0.25235121510365033,1.2769884707558257,0.309975536694269,-0.05511834772386604,-0.27178464507087613,-0.7843181764876808,4.317727842631766,-3.7198925946331975,-7.64804021036872
6.643230438232422,0.027115001100390022,0.12997825581713598,0.03656866160881585,0.24982770295261383,1.2642185860482673,0.30687578132732635,-0.05511834772386604,-0.27178464507087613,-0.7843181764876808,4.274550564205448,-3.6826936686868654,-7.571559808265032
6.648431777954102,7.771561172376096e-16,0.0,0.0,0.19519862395418092,1.0016825982594584,0.23350078787942577,0.0,0.0,0.0,4.33777457925078,-3.123338576536411,-5.987928522194215
6.653243541717529,7.771561172376096e-16,0.0,0.0,0.1932466377146391,0.9916657722768638,0.2311657800006315,0.0,0.0,0.0,4.294396833458272,-3.092105190771047,-5.928049236972273
6.658554553985596,0.027266322282902926,0.13706223375026524,0.038374980395512626,0.24265339050451804,1.2398208847406962,0.3011096141079786,-0.05495902970070405,-0.2722271442407188,-0.7841649155602597,4.329352815581895,-3.6134179484623066,-7.332471434959678
6.6639244556427,0.027266322282902926,0.13706223375026524,0.038374980395512626,0.24022685659947285,1.2274226758932891,0.2980985179668988,-0.05495902970070405,-0.2722271442407188,-0.7841649155602597,4.286059287426077,-3.5772837689776833,-7.259146720610081
6.670172929763794,7.771561172376096e-16,0.0,0.0,0.19418781887273878,0.9957953221244079,0.23370257026707547,0.0,0.0,0.0,4.331154615686501,-3.105841135806593,-5.931584999285368
6.6752400398254395,7.771561172376096e-16,0.0,0.0,0.19224594068401138,0.9858373689031639,0.23136554456440472,0.0,0.0,0.0,4.287843069529636,-3.074782724448527,-5.8722691492925145
6.6794257164001465,0.0275284367833958,0.142085762896419,0.0401059556740579,0.2560916702235947,1.315436094587282,0.324869028733436,-0.05473046392008971,-0.2726634357653237,-0.7840027296406196,4.352435079143914,-3.746412262453166,-7.669595757584625
6.683361768722534,0.0275284367833958,0.142085762896419,0.0401059556740579,0.25353075352135873,1.3022817336414092,0.3216203384461016,-0.05473046392008971,-0.2726634357653237,-0.7840027296406196,4.308910728352475,-3.7089481398286344,-7.592899800008779
6.690307855606079,7.771561172376096e-16,0.0,0.0,0.21136387033077997,1.0847037973170421,0.26066521479407556,0.0,0.0,0.0,4.344614853629494,-3.2793161516395735,-6.388273820838043
6.694700002670288,7.771561172376096e-16,0.0,0.0,0.20925023162747217,1.0738567593438717,0.2580585626461348,0.0,0.0,0.0,4.3011687050931995,-3.246522990123178,-6.3243910826296625
6.699921131134033,0.02780158846952947,0.1457822202003985,0.04173302617716922,0.26040596609100386,1.3423341145393328,0.3354090234724822,-0.05444887047583043,-0.27310027677575305,-0.7838311952663362,4.3493903191711825,-3.7784751890494377,-7.748221326366154
6.703674793243408,0.02780158846952947,0.1457822202003985,0.04173302617716922,0.2578019064300938,1.3289107733939396,0.33205493323775737,-0.05444887047583043,-0.27310027677575305,-0.7838311952663362,4.305896415979471,-3.740690437158943,-7.670739113102492
6.706487417221069,7.771561172376096e-16,0.0,0.0,0.15637815224322096,0.7973077304939307,0.18035683145390416,0.0,0.0,0.0,4.456424902215757,-2.7323031282085193,-4.8071992072385905
6.711583852767944,7.771561172376096e-16,0.0,0.0,0.15481437072078874,0.7893346531889913,0.17855326313936512,0.0,0.0,0.0,4.4118606531935995,-2.704980096926434,-4.759127215166204
6.715476036071777,0.028034453370557478,0.14832992822399516,0.04323648611564338,0.2252938042937888,1.1625382814011234,0.28785316184689197,-0.0541298403622126,-0.27353516468721434,-0.7836484146875299,4.494808635845618,-3.4367357223222044,-6.705288971002307
6.719653606414795,0.028034453370557478,0.14832992822399516,0.04323648611564338,0.22304086625085093,1.1509128985871122,0.28497463022842306,-0.0541298403622126,-0.27353516468721434,-0.7836484146875299,4.449860549487162,-3.402368365098982,-6.638236081292284
6.724868297576904,7.771561172376096e-16,0.0,0.0,0.16704993275753616,0.8549575318225214,0.19921204254867553,0.0,0.0,0.0,4.509164525352289,-2.8437974816545375,-5.069083200948653
6.729803562164307,7.771561172376096e-16,0.0,0.0,0.16537943342996078,0.8464079565042962,0.19721992212318876,0.0,0.0,0.0,4.464072880098766,-2.815359506837992,-5.018392368939167
6.746069431304932,0.02818871108426837,0.14991024402980396,0.044603831576073005,0.18105561442041315,0.9301063324058315,0.22266945560523568,-0.05378718177047901,-0.27397225042022194,-0.7834548982178681,4.450531304662806,-2.969133840678165,-5.44506347640748
6.749326467514038,0.02818871108426837,0.14991024402980396,0.044603831576073005,0.179245058276209,0.9208052690817732,0.2204427610491833,-0.05378718177047901,-0.27397225042022194,-0.7834548982178681,4.406025991616178,-2.9394425022713833,-5.390612841643405
6.754634141921997,7.771561172376096e-16,0.0,0.0,0.12434326277583488,0.6291566736835694,0.134201845614215,0.0,0.0,0.0,4.463304242008456,-2.393866734230728,-3.8606272893590354
6.758473634719849,7.771561172376096e-16,0.0,0.0,0.12309983014807653,0.6228651069467337,0.13285982715807285,0.0,0.0,0.0,4.418671199588371,-2.3699280668884204,-3.822021016465445
6.761839866638184,0.027884035625008758,0.1481246163112003,0.04444053166515652,0.2047033967294582,1.0566673863203095,0.26354985607346915,-0.0534541957018862,-0.2744159417368254,-0.7832693064024452,4.521632208063524,-3.225868453562539,-6.087829943393097
6.765602350234985,0.027884035625008758,0.1481246163112003,0.04444053166515652,0.20265636276216362,1.0461007124571065,0.26091435751273445,-0.0534541957018862,-0.2744159417368254,-0.7832693064024452,4.476415885982889,-3.193609769026913,-6.026951643959166
6.770448923110962,7.771561172376096e-16,0.0,0.0,0.14309628764393126,0.7300121617018129,0.1666104580711702,0.0,0.0,0.0,4.541944499087446,-2.595467511315719,-4.350551871261704
6.773697137832642,7.771561172376096e-16,0.0,0.0,0.14166532476749194,0.7227120400847948,0.1649443534904585,0.0,0.0,0.0,4.496525054096572,-2.5695128362025614,-4.3070463525490865
6.777260065078735,0.02780434468292194,0.14667294255097515,0.0446015510246113,0.21828659585129118,1.1271490722758402,0.28847723320818475,-0.053120439868854306,-0.2748529303404996,-0.7830813677511806,4.588082437826393,-3.375896978147389,-6.440421720448768
6.782007694244385,0.02780434468292194,0.14667294255097515,0.0446015510246113,0.21610372989277826,1.1158775815530817,0.2855924608761029,-0.053120439868854306,-0.2748529303404996,-0.7830813677511806,4.542201613448129,-3.342138008365915,-6.37601750324428
6.786001443862915,7.771561172376096e-16,0.0,0.0,0.14432304354546235,0.7374625764776109,0.17105815057769258,0.0,0.0,0.0,4.629788536137417,-2.62050891224209,-4.3514900229260345
6.792104721069336,7.771561172376096e-16,0.0,0.0,0.14287981311000772,0.7300879507128348,0.16934756907191564,0.0,0.0,0.0,4.583490650776042,-2.594303823119669,-4.307975122696774
6.796484470367432,0.02780760819995561,0.14536602145828637,0.044861394506783295,0.20494233904178372,1.0546919624776587,0.27008323133730944,-0.052793053877518335,-0.27529605387801903,-0.7828940317949638,4.646853949151257,-3.246235903621219,-6.035052122604805
6.80234956741333,0.02780760819995561,0.14536602145828637,0.044861394506783295,0.20289291565136588,1.0441450428528822,0.26738239902393635,-0.052793053877518335,-0.27529605387801903,-0.7828940317949638,4.6003854096597445,-3.213773544585007,-5.974701601378757
6.805815696716309,7.771561172376096e-16,0.0,0.0,0.12063729623243417,0.6143135213921782,0.13528064380149213,0.0,0.0,0.0,4.706692820558807,-2.3873894616602787,-3.6562562987136125
6.814436912536621,7.771561172376096e-16,0.0,0.0,0.11943092327010983,0.6081703861782565,0.13392783736347721,0.0,0.0,0.0,4.659625892353219,-2.363515567043676,-3.6196937357264765
6.820396661758423,0.027828502654591372,0.14422710380455275,0.045182344038706766,0.16493069732666743,0.8440906499109255,0.2084010510212559,-0.05247877197763268,-0.27573795008507285,-0.782706688865041,4.692077005420529,-2.838785588522854,-4.884063240888518
6.828477382659912,0.027828502654591372,0.14422710380455275,0.045182344038706766,0.16328139035340075,0.8356497434118163,0.20631704051104333,-0.05247877197763268,-0.27573795008507285,-0.782706688865041,4.645156235366324,-2.8103977326376257,-4.835222608479633
6.8330934047698975,7.771561172376096e-16,0.0,0.0,0.10136181440340222,0.5148443443735193,0.106372311131229,0.0,0.0,0.0,4.712392975900359,-2.1849440383577736,-3.091240096803495
6.838128566741943,7.771561172376096e-16,0.0,0.0,0.1003481962593682,0.5096959009297841,0.1053085880199167,0.0,0.0,0.0,4.665269046141355,-2.163094597974196,-3.06032769583546
6.842200040817261,0.027816269898762437,0.14326685340911033,0.04553193477368989,0.16766461363591817,0.8564785087772204,0.21608707451720002,-0.0521838955553627,-0.27618620164879215,-0.7825194934674236,4.732843567640538,-2.8727963348010404,-4.933037071796839
6.846240758895874,0.027816269898762437,0.14326685340911033,0.04553193477368989,0.165987967499559,0.8479137236894482,0.21392620377202803,-0.0521838955553627,-0.27618620164879215,-0.7825194934674236,4.685515131964133,-2.8440683714530297,-4.883706701078871
6.853897571563721,7.771561172376096e-16,0.0,0.0,0.127999303112916,0.6523242840015977,0.15232102980871945,0.0,0.0,0.0,4.706813529410937,-2.454921198459241,-3.8128784643566114
6.858088970184326,7.771561172376096e-16,0.0,0.0,0.12671931008178683,0.6458010411615818,0.15079781951063226,0.0,0.0,0.0,4.659745394116827,-2.4303719864746487,-3.7747496797130453
6.862521409988403,0.027940346358480722,0.14019881291068637,0.0469490661663101,0.18848815941696373,0.9556447045633936,0.25521133882379304,-0.05193305733032978,-0.27663544163644505,-0.7823552494700619,4.7122210642286815,-3.078931789774654,-5.485186420495209
6.865948438644409,0.027940346358480722,0.14019881291068637,0.0469490661663101,0.1866032778227941,0.9460882575177596,0.25265922543555513,-0.05193305733032978,-0.27663544163644505,-0.7823552494700619,4.665098853586395,-3.0481424718769072,-5.430334556290257
6.869851350784302,7.771561172376096e-16,0.0,0.0,0.11314878658839152,0.5774114667040093,0.12984023488088237,0.0,0.0,0.0,4.751510192535461,-2.3088686590106056,-3.371488906345389
6.873169898986816,7.771561172376096e-16,0.0,0.0,0.1120172987225076,0.5716373520369692,0.12854183253207355,0.0,0.0,0.0,4.703995090610106,-2.2857799724204995,-3.337774017281935
6.879846811294556,0.028125792045844568,0.13809853780071532,0.04776943736914208,0.15302107577315105,0.7727509194170428,0.19880061782580027,-0.05171637452240009,-0.27708827561591054,-0.7821964990576433,4.720169310012948,-2.7104288432531183,-4.464724094353898
6.888954162597656,0.028125792045844568,0.13809853780071532,0.04776943736914208,0.15149086501541953,0.7650234102228723,0.19681261164754227,-0.05171637452240009,-0.27708827561591054,-0.7821964990576433,4.6729676169128185,-2.683324554820587,-4.420076853410359
6.893106937408447,7.771561172376096e-16,0.0,0.0,0.08224824820069374,0.4248279645626626,0.07981432004987363,0.0,0.0,0.0,4.750772443284052,-1.9892548511434807,-2.4923246410919697
6.896541357040405,7.771561172376096e-16,0.0,0.0,0.0814257657186868,0.42057968491703596,0.07901617684937488,0.0,0.0,0.0,4.703264718851211,-1.969362302632046,-2.46740139468105
6.900672435760498,0.02829600201729483,0.13667505099280122,0.04825053808115551,0.14910693972603767,0.7472198008509845,0.19502489825508504,-0.05154325171036717,-0.2775453207286712,-0.7820439991338427,4.7556814204393145,-2.6743118266627226,-4.317741866338776
6.9037864208221436,0.02829600201729483,0.13667505099280122,0.04825053808115551,0.1476158703287773,0.7397476028424746,0.19307464927253418,-0.05154325171036717,-0.2775453207286712,-0.7820439991338427,4.708124606234922,-2.6475687083960953,-4.274564447675388
6.906896352767944,7.771561172376096e-16,0.0,0.0,0.05515379132102424,0.2928708926226132,0.035994083034375596,0.0,0.0,0.0,4.8267809152337495,-1.7286448084069281,-1.7171528466338746
6.910398960113525,7.771561172376096e-16,0.0,0.0,0.054602253407814,0.289942183696387,0.03563414220403184,0.0,0.0,0.0,4.778513106081412,-1.7113583603228588,-1.6999813181675358
6.914448499679565,0.028394291441359094,0.1358315927823394,0.04846739341528695,0.12417356391445118,0.6224675442752825,0.1549639839267145,-0.05141611090709398,-0.2780081512895728,-0.7818944460277393,4.830599849354645,-2.4347657111035095,-3.5953517123500935
6.919394016265869,0.028394291441359094,0.1358315927823394,0.04846739341528695,0.12293182827530667,0.6162428688325297,0.15341434408744736,-0.05141611090709398,-0.2780081512895728,-0.7818944460277393,4.782293850861098,-2.4104180539924744,-3.5593981952265925
6.935080051422119,7.771561172376096e-16,0.0,0.0,0.10360087298962697,0.523486478426467,0.12098176587162884,0.0,0.0,0.0,4.76724918321248,-2.2090809726459986,-3.0253388979545415
6.940103054046631,7.771561172376096e-16,0.0,0.0,0.1025648642597307,0.5182516136422023,0.11977194821291255,0.0,0.0,0.0,4.719576691380356,-2.1869901629195385,-2.995085508974996
6.945085048675537,0.0283827522697456,0.13547169444775725,0.048487180700128515,0.15850987573198783,0.7849916998741788,0.21589906408648407,-0.05133515208966542,-0.27847699494076117,-0.7817453612221394,4.753061145921285,-2.767947345462856,-4.519276271017099
6.948129892349243,0.0283827522697456,0.13547169444775725,0.048487180700128515,0.15692477697466795,0.777141782875437,0.21374007344561924,-0.05133515208966542,-0.27847699494076117,-0.7817453612221394,4.7055305344620715,-2.7402678720082276,-4.474083508306928
6.9512388706207275,7.771561172376096e-16,0.0,0.0,0.06406266772025884,0.3336269065275063,0.05564410219024887,0.0,0.0,0.0,4.823594273404484,-1.8171465017329176,-1.9148659128285646
6.954433917999268,7.771561172376096e-16,0.0,0.0,0.06342204104305625,0.33029063746223125,0.05508766116834638,0.0,0.0,0.0,4.775358330670439,-1.7989750367155883,-1.8957172537002789
6.958789587020874,7.771561172376096e-16,0.0,0.0,0.06278782063262568,0.3269877310876089,0.054536784556662915,0.0,0.0,0.0,4.727604747363735,-1.7809852863484323,-1.876760081163276
6.963311672210693,7.771561172376096e-16,0.0,0.0,0.06215994242629942,0.32371785377673284,0.053991416711096286,0.0,0.0,0.0,4.680328699890097,-1.763175433484948,-1.8579924803516432
6.9683027267456055,0.027053118155316143,0.1374090703385631,0.04609403844735474,0.11574155389881291,0.595791372361979,0.14580480809280255,-0.05129432085035604,-0.2794323505686907,-0.7814979665555966,4.71848013316446,-2.347238559126361,-3.3906957805533806
6.972366809844971,0.027053118155316143,0.1374090703385631,0.04609403844735474,0.11458413835982478,0.5898334586383592,0.14434676001187452,-0.05129432085035604,-0.2794323505686907,-0.7814979665555966,4.671295331832816,-2.3237661735350974,-3.3567888227478466
6.977532386779785,7.771561172376096e-16,0.0,0.0,0.06106637705962362,0.31792597914414017,0.05367020377707747,0.0,0.0,0.0,4.723882653193677,-1.7595776091321271,-1.8103251313651925
6.9821860790252686,7.771561172376096e-16,0.0,0.0,0.06045571328902738,0.31474671935269877,0.0531335017393067,0.0,0.0,0.0,4.676643826661739,-1.741981833040806,-1.7922218800515406
6.985547780990601,0.02667152474929601,0.13878055688623,0.04514475375928832,0.13919050576044065,0.7244275109323222,0.18689352932588404,-0.05133369220936199,-0.27991588066779893,-0.7813827529653025,4.759806367315981,-2.6185295523145697,-4.0771810504600765
6.988432168960571,0.02667152474929601,0.13878055688623,0.04514475375928832,0.13779860070283623,0.7171832358229989,0.1850245940326252,-0.05133369220936199,-0.27991588066779893,-0.7813827529653025,4.7122083036428215,-2.592344256791424,-4.036409239955476
6.997632265090942,7.771561172376096e-16,0.0,0.0,0.10743012984505942,0.5591645482584504,0.134104476300136,0.0,0.0,0.0,4.720883129119013,-2.2621676013209298,-3.146724942753034
7.0071094036102295,7.771561172376096e-16,0.0,0.0,0.10635582854660883,0.5535729027758659,0.13276343153713463,0.0,0.0,0.0,4.673674297827823,-2.2395459253077203,-3.115257693325504
7.015133857727051,0.026347076099347104,0.14014852593945423,0.04430364251409503,0.1381257511631223,0.7226889617690112,0.18664658398571704,-0.051413342166242444,-0.28039546644154334,-0.7812678697682085,4.682866343502397,-2.591976892421036,-4.04872673225996
7.018613815307617,0.026347076099347104,0.14014852593945423,0.04430364251409503,0.13674449365149108,0.7154620721513211,0.18478011814585987,-0.051413342166242444,-0.28039546644154334,-0.7812678697682085,4.636037680067373,-2.5660571234968255,-4.00823946493736
7.022974729537964,7.771561172376096e-16,0.0,0.0,0.07496064355845508,0.38693326579646004,0.08133976050962073,0.0,0.0,0.0,4.707573091742582,-1.8974225068419055,-2.1766339434823037
7.029952764511108,7.771561172376096e-16,0.0,0.0,0.07421103712287053,0.3830639331384954,0.08052636290452453,0.0,0.0,0.0,4.660497360825157,-1.8784482817734864,-2.154867604047481
7.039690732955933,7.771561172376096e-16,0.0,0.0,0.07346892675164182,0.37923329380711046,0.07972109927547928,0.0,0.0,0.0,4.6138923872169055,-1.8596637989557516,-2.133318928007006
7.044804573059082,7.771561172376096e-16,0.0,0.0,0.0727342374841254,0.37544096086903933,0.0789238882827245,0.0,0.0,0.0,4.5677534633447365,-1.8410671609661942,-2.111985738726936
7.056687593460083,0.0252479365494602,0.15000739886375022,0.043178939615384375,0.09325396504390501,0.49792331077236174,0.11447131984081244,-0.05162663259324201,-0.2813740515785887,-0.7810519721935667,4.5663588762988345,-2.0760117433455862,-2.7418865392810705
7.065824747085571,0.0252479365494602,0.15000739886375022,0.043178939615384375,0.09232142539346597,0.4929440776646381,0.1133266066424043,-0.05162663259324201,-0.2813740515785887,-0.7810519721935667,4.520695287535846,-2.0552516259121303,-2.71446767388826
7.072923421859741,7.771561172376096e-16,0.0,0.0,0.05583109847037571,0.2766971675913494,0.05136657925920543,0.0,0.0,0.0,4.54821547632515,-1.6383236444712117,-1.5870444282035303
7.077051162719727,7.771561172376096e-16,0.0,0.0,0.05527278748567196,0.2739301959154359,0.05085291346661337,0.0,0.0,0.0,4.502733321561898,-1.6219404080264996,-1.571173983921495
7.081960678100586,0.024805286980745876,0.15463829078314392,0.042546761530416886,0.10524497919341388,0.5861675847026411,0.1370062200322551,-0.05171370891319744,-0.28185643995943743,-0.7809633798305942,4.572375663372546,-2.2193748586556277,-3.13068885077291
7.0895819664001465,0.024805286980745876,0.15463829078314392,0.042546761530416886,0.10419252940147974,0.5803059088556146,0.13563615783193256,-0.05171370891319744,-0.28185643995943743,-0.7809633798305942,4.526651906738821,-2.1971811100690712,-3.099381962265181
7.092941761016846,7.771561172376096e-16,0.0,0.0,0.02932083231887063,0.11424170756942609,0.007644789104823885,0.0,0.0,0.0,4.635304644093133,-1.3362995675266895,-0.7439502857897193
7.095927953720093,7.771561172376096e-16,0.0,0.0,0.02902762399568192,0.11309929049373182,0.007568341213775646,0.0,0.0,0.0,4.588951597652202,-1.3229365718514225,-0.7365107829318221
7.099497079849243,0.02452717371640623,0.1577718370248616,0.04136607414028312,0.09745773708599516,0.5540144212499335,0.12339238407477505,-0.05179236140688424,-0.28234001186939606,-0.780882343291544,4.708289320704857,-2.1547040131193445,-2.895326764770747
7.103189468383789,0.02452717371640623,0.1577718370248616,0.04136607414028312,0.0964831597151352,0.5484742770374341,0.12215846023402731,-0.05179236140688424,-0.28234001186939606,-0.780882343291544,4.661206427497809,-2.133156972988151,-2.8663734971230395
7.10621190071106,7.771561172376096e-16,0.0,0.0,0.014367880198591032,0.020986657308216916,-0.01592664904361968,0.0,0.0,0.0,4.785954234342449,-1.1776770707317585,-0.2540875045221678
7.108866214752197,7.771561172376096e-16,0.0,0.0,0.01422420139660512,0.020776790735134748,-0.01576738255318348,0.0,0.0,0.0,4.7380946919990246,-1.165900300024441,-0.2515466294769461
7.111663818359375,0.0243290335401965,0.15966103877690063,0.039878799398737896,0.10104579327881862,0.5912754601774589,0.12693657372788292,-0.05186988950809597,-0.2828197617397549,-0.7808057963039694,4.907929787363949,-2.233529909648192,-3.0119814947038823
7.114929676055908,0.0243290335401965,0.15966103877690063,0.039878799398737896,0.10003533534603043,0.5853627055756844,0.12566720799060407,-0.05186988950809597,-0.2828197617397549,-0.7808057963039694,4.85885048949031,-2.2111946105517104,-2.9818616797568436
7.119416236877441,7.771561172376096e-16,0.0,0.0,0.044808516537273545,0.22364398468099173,0.03552552802817906,0.0,0.0,0.0,4.925873678209694,-1.5587117121961647,-1.2117216288743975
7.1246044635772705,7.771561172376096e-16,0.0,0.0,0.04436043137190081,0.22140754483418182,0.03517027274789727,0.0,0.0,0.0,4.876614941427597,-1.543124595074203,-1.1996044125856535
7.140557527542114,0.024144022131049422,0.1604709233286287,0.03822304560501763,0.059051237717009195,0.31978287571070857,0.05877825932477448,-0.05195198536280002,-0.2833012151791516,-0.780728738355557,4.866570146799896,-1.7171790533998075,-1.6720628319907596
7.146122455596924,0.024144022131049422,0.1604709233286287,0.03822304560501763,0.0584607253398391,0.31658504695360146,0.05819047673152673,-0.05195198536280002,-0.2833012151791516,-0.780728738355557,4.817904445331897,-1.7000072628658094,-1.655342203670852
7.14905047416687,7.771561172376096e-16,0.0,0.0,-0.024582450922879265,-0.23463375979063572,-0.07293378865243874,0.0,0.0,0.0,4.947155919578304,-0.7154545316337975,1.0276175942307417
7.172724008560181,7.771561172376096e-16,0.0,0.0,-0.02433662641365047,-0.23228742219272935,-0.07220445076591435,0.0,0.0,0.0,4.89768436038252,-0.7082999863174595,1.0173414182884344
7.177966117858887,0.02385391887430797,0.16343308568333487,0.03742073444241184,0.02141116853570101,0.08180515458705212,-9.752603141842398e-05,-0.05201995401476877,-0.2837808271571383,-0.7806618933497529,4.971212456816544,-1.2784280220897657,-0.46676619829151345
7.184527397155762,0.02385391887430797,0.16343308568333487,0.03742073444241184,0.021197056850344,0.0809871030411816,-9.655077110423973e-05,-0.05201995401476877,-0.2837808271571383,-0.7806618933497529,4.921500332248379,-1.265643741868868,-0.4620985363085983
7.18968939781189,7.771561172376096e-16,0.0,0.0,-0.025225521704017914,-0.23643079764788524,-0.0725882812842449,0.0,0.0,0.0,4.973060120484696,-0.7032376123027051,1.0548467305770228
7.194579362869263,7.771561172376096e-16,0.0,0.0,-0.024973266486977733,-0.2340664896714064,-0.07186239847140245,0.0,0.0,0.0,4.923329519279849,-0.696205236179678,1.0442982632712525
7.198604106903076,0.023768322394760233,0.16284657812378034,0.03632706050950773,0.03433195441533601,0.17288767798633148,0.01911553195444099,-0.05206601411452834,-0.2842548293433697,-0.7805891947801286,5.033137465164197,-1.4420231864904751,-0.8858172829109825
7.203825950622559,0.023768322394760233,0.16284657812378034,0.03632706050950773,0.03398863487118265,0.17115880120646818,0.01892437663489658,-0.05206601411452834,-0.2842548293433697,-0.7805891947801286,4.982806090512555,-1.4276029546255704,-0.8769591100818727
7.2086873054504395,7.771561172376096e-16,0.0,0.0,-0.015243634848607732,-0.16553466714443138,-0.055991073704905345,0.0,0.0,0.0,5.040079888981938,-0.8286034489958349,0.737513463864984
7.2126970291137695,7.771561172376096e-16,0.0,0.0,-0.015091198500121654,-0.16387932047298706,-0.055431162967856294,0.0,0.0,0.0,4.989679090092118,-0.8203174145058766,0.7301383292263341
7.217032194137573,0.023760269523491757,0.15974937016355834,0.03514447752447441,0.03986793737722755,0.20625610270176617,0.02619152167992344,-0.05212584163172166,-0.28472736353207956,-0.7805054541937858,5.082482338410694,-1.511957363968315,-1.059616617742965
7.221972465515137,0.023760269523491757,0.15974937016355834,0.03514447752447441,0.03946925800345527,0.2041935416747485,0.025929606463124203,-0.05212584163172166,-0.28472736353207956,-0.7805054541937858,5.031657515026587,-1.4968377903286318,-1.0490204515655353
7.226812839508057,7.771561172376096e-16,0.0,0.0,-0.010013107467652244,-0.12788357366244688,-0.046936636039697055,0.0,0.0,0.0,5.089030638457396,-0.8936351893083827,0.5739597285913436
7.233692169189453,7.771561172376096e-16,0.0,0.0,-0.009912976392975722,-0.1266047379258224,-0.04646726967930009,0.0,0.0,0.0,5.038140332072822,-0.8846988374152989,0.5682201313054301
7.239014625549316,0.023749109349010287,0.1547799981604763,0.03394265926200233,0.03480673406392483,0.16546688435241377,0.017769948938140503,-0.05222778154451095,-0.285197580639452,-0.7803994635645445,5.097153221716961,-1.446611209074932,-0.8896589917128772
7.24432635307312,0.023749109349010287,0.1547799981604763,0.03394265926200233,0.03445866672328558,0.16381221550888964,0.017592249448759097,-0.05222778154451095,-0.285197580639452,-0.7803994635645445,5.046181689499791,-1.4321450969841825,-0.8807624017957484
7.24979043006897,7.771561172376096e-16,0.0,0.0,-0.009350002472522184,-0.1210942395742377,-0.04470333074415492,0.0,0.0,0.0,5.091303777414667,-0.8958734962340897,0.556281801167415
7.254431247711182,7.771561172376096e-16,0.0,0.0,-0.009256502447796962,-0.11988329717849533,-0.04425629743671337,0.0,0.0,0.0,5.04039073964052,-0.8869147612717488,0.5507189831557409
7.259016990661621,0.023676760699385832,0.14848458968108386,0.03277726050807865,0.042467305224322446,0.20511168242827393,0.027662710821045967,-0.05239777202249633,-0.2856687023158882,-0.7802574729775937,5.106601324155544,-1.5412162228254502,-1.1408429425390332
7.265936851501465,0.023676760699385832,0.14848458968108386,0.03277726050807865,0.04204263217207922,0.2030605656039912,0.027386083712835508,-0.05239777202249633,-0.2856687023158882,-0.7802574729775937,5.055535310913988,-1.5258040605971956,-1.1294345131136427
7.268726587295532,7.771561172376096e-16,0.0,0.0,-0.04324877279118805,-0.3312232734831476,-0.09038012381096625,0.0,0.0,0.0,5.192803378696262,-0.4865468910293045,1.6787464570408364
7.271872043609619,7.771561172376096e-16,0.0,0.0,-0.04281628506327617,-0.3279110407483161,-0.08947632257285658,0.0,0.0,0.0,5.1408753449093,-0.48168142211901144,1.6619589924704279
7.276637315750122,0.02393388407784507,0.14773963307571805,0.031321151500675395,0.007837517314668668,-0.014597941263924663,-0.022853620675046635,-0.052607811490477774,-0.2861305409686246,-0.7800657986555211,5.200824900575004,-1.1164058966094301,0.023297745072365483
7.28083348274231,0.02393388407784507,0.14773963307571805,0.031321151500675395,0.007759142141521982,-0.014451961851285416,-0.02262508446829617,-0.052607811490477774,-0.2861305409686246,-0.7800657986555211,5.148816651569254,-1.1052418376433357,0.023064767621641828
7.286591529846191,7.771561172376096e-16,0.0,0.0,-0.03388442407316832,-0.2708868525959114,-0.076794275230126,0.0,0.0,0.0,5.188692467565986,-0.5972665289075514,1.3775743375612781
7.292013168334961,7.771561172376096e-16,0.0,0.0,-0.03354557983243664,-0.26817798406995225,-0.07602633247782474,0.0,0.0,0.0,5.136805542890325,-0.5912938636184759,1.3637985941856654
7.295804977416992,0.024156279659833805,0.14452760449361904,0.02999645372151551,0.030496352577027264,0.1156611836216051,0.0038424858205246964,-0.052807696491318556,-0.2865917898092751,-0.7798288694032772,5.219166462215138,-1.3906650275113783,-0.6879642332731819
7.300401449203491,0.024156279659833805,0.14452760449361904,0.02999645372151551,0.03019138905125699,0.11450457178538904,0.0038040609623194496,-0.052807696491318556,-0.2865917898092751,-0.7798288694032772,5.166974797592986,-1.3767583772362646,-0.68108459094045
7.303222894668579,7.771561172376096e-16,0.0,0.0,-0.055727205929636106,-0.3988871442366767,-0.1025498879031493,0.0,0.0,0.0,5.30247044815037,-0.34722850652440207,2.089660128767875
7.305917978286743,7.771561172376096e-16,0.0,0.0,-0.05516993387033974,-0.39489827279430995,-0.1015243890241178,0.0,0.0,0.0,5.249445743668866,-0.3437562214591581,2.068763527480196
7.310878753662109,0.024308462588192598,0.1397540472950363,0.028800745987443505,-0.005616897545283994,-0.10923113772063708,-0.04245220078912798,-0.05303051511297507,-0.2870475960191474,-0.7795293528874859,5.29184229505707,-0.9568778330895057,0.49040126117619653
7.315239667892456,0.024308462588192598,0.1397540472950363,0.028800745987443505,-0.0055607285698311545,-0.10813882634343071,-0.0420276787812367,-0.05303051511297507,-0.2870475960191474,-0.7795293528874859,5.2389238721065,-0.9473090547586106,0.48549724856443455
7.320314407348633,7.771561172376096e-16,0.0,0.0,-0.05340602890334982,-0.3824490094146264,-0.09836055402448773,0.0,0.0,0.0,5.29103362406451,-0.37219589835549394,2.016739566627718
7.326956272125244,7.771561172376096e-16,0.0,0.0,-0.05287196861431632,-0.37862451932048014,-0.09737694848424286,0.0,0.0,0.0,5.238123287823865,-0.368473939371939,1.9965721709614408
7.331371068954468,0.024347711603857132,0.13386708060644728,0.02775699261595936,0.0028069936440043852,-0.07161462469381191,-0.033530540258195574,-0.05329243489863161,-0.28750558546456983,-0.7791500195621732,5.281980071710014,-1.0585402548136715,0.2265051668369995
7.340717792510986,0.024347711603857132,0.13386708060644728,0.02775699261595936,0.0027789237075643413,-0.07089847844687379,-0.03319523485561362,-0.05329243489863161,-0.28750558546456983,-0.7791500195621732,5.229160270992914,-1.0479548522655349,0.22424011516862952
7.345467805862427,7.771561172376096e-16,0.0,0.0,-0.04850706167010315,-0.3520141343570516,-0.09129889218285381,0.0,0.0,0.0,5.289062952710566,-0.4322020882952111,1.8623089340388777
7.348318338394165,7.771561172376096e-16,0.0,0.0,-0.048021991053402116,-0.34849399301348105,-0.09038590326102527,0.0,0.0,0.0,5.23617232318346,-0.427880067412259,1.843685844698489
7.351206302642822,0.02424942099194142,0.12726399156134388,0.026877901040622126,0.036425407478596954,0.09566119281916424,0.003586632273100507,-0.05360595990457637,-0.2879632655552136,-0.7786719024375148,5.312761254528361,-1.4851724152884243,-0.849630445473976
7.354848146438599,0.02424942099194142,0.12726399156134388,0.026877901040622126,0.03606115340381098,0.0947045808909726,0.003550765950369502,-0.05360595990457637,-0.2879632655552136,-0.7786719024375148,5.259633641983077,-1.47032069113554,-0.8411341410192362
7.359444618225098,7.771561172376096e-16,0.0,0.0,-0.0170560551861847,-0.18311567870584672,-0.05495981191313116,0.0,0.0,0.0,5.32366145207064,-0.8291298673502298,0.861341558024276
7.364883661270142,7.771561172376096e-16,0.0,0.0,-0.016885494634322852,-0.18128452191878824,-0.054410213793999844,0.0,0.0,0.0,5.270424837549934,-0.8208385686767274,0.8527281424440333
7.369668006896973,0.024211249297099148,0.12210532061332446,0.025840128065181555,0.03388850297002451,0.07574675887609567,0.00014363195499485226,-0.05396884563278444,-0.2884209841687568,-0.7781148212662192,5.28691613127036,-1.4541883295167868,-0.7697571943205911
7.3752171993255615,0.024211249297099148,0.12210532061332446,0.025840128065181555,0.03354961794032427,0.07498929128733471,0.00014219563544490374,-0.05396884563278444,-0.2884209841687568,-0.7781148212662192,5.234046969957656,-1.439646446221619,-0.7620596223773851
7.3809778690338135,7.771561172376096e-16,0.0,0.0,-0.008814410550897898,-0.13772436069753155,-0.04471534440066431,0.0,0.0,0.0,5.27539152017074,-0.9245773190729714,0.5962977122356726
7.386629343032837,7.771561172376096e-16,0.0,0.0,-0.00872626644538892,-0.13634711709055625,-0.04426819095665767,0.0,0.0,0.0,5.222637604969033,-0.9153315458822416,0.5903347351133159
7.3954479694366455,0.02417898376113602,0.11660667297111799,0.025063846230824617,0.018779080004418216,-0.0027559410236162873,-0.015404023564952882,-0.05435171613899707,-0.288880660725796,-0.7774752063499147,5.20284819561832,-1.2546568108738814,-0.29071809147727
7.40095853805542,0.02417898376113602,0.11660667297111799,0.025063846230824617,0.018591289204374032,-0.0027283816133801242,-0.015249983329303354,-0.05435171613899707,-0.288880660725796,-0.7774752063499147,5.150819713662137,-1.2421102427651425,-0.2878109105624973
7.40575647354126,7.771561172376096e-16,0.0,0.0,-0.03198918158136112,-0.2457361976131139,-0.06733629809615582,0.0,0.0,0.0,5.212592981646098,-0.6275954657177079,1.335504173247099
7.4101622104644775,7.771561172376096e-16,0.0,0.0,-0.031669289765547504,-0.24327883563698277,-0.06666293511519426,0.0,0.0,0.0,5.160467051829636,-0.6213195110605307,1.3221491315146279
7.415430784225464,0.024104299266287713,0.1111498432573167,0.02449516042557453,0.014398493198984778,-0.029878433843407576,-0.019503342892457053,-0.054754221543551154,-0.2893438284145972,-0.7767442274948486,5.154515410987289,-1.199031148190393,-0.15493962515346982
7.420660018920898,0.024104299266287713,0.1111498432573167,0.02449516042557453,0.01425450826699493,-0.0295796495049735,-0.019308309463532482,-0.054754221543551154,-0.2893438284145972,-0.7767442274948486,5.102970256877415,-1.187040836708489,-0.15339022890193513
7.426180362701416,7.771561172376096e-16,0.0,0.0,-0.029552526247213568,-0.23062972507243407,-0.06348775351480246,0.0,0.0,0.0,5.151126807412641,-0.6510294691573922,1.2552013827930413
7.43514084815979,7.771561172376096e-16,0.0,0.0,-0.029257000984741433,-0.22832342782170972,-0.06285287597965443,0.0,0.0,0.0,5.099615539338515,-0.6445191744658183,1.2426493689651108
7.43923807144165,0.023954487155591786,0.10592740918018986,0.024116348465342066,0.029500742894552588,0.032494433185693866,-0.003364122120306949,-0.055170012839435276,-0.28981286468533196,-0.775919354200079,5.09648324018443,-1.3896226394295392,-0.6506557805379944
7.444568872451782,0.023954487155591786,0.10592740918018986,0.024116348465342066,0.029205735465607063,0.03216948885383693,-0.0033304808991038797,-0.055170012839435276,-0.28981286468533196,-0.775919354200079,5.045518407782586,-1.3757264130352438,-0.6441492227326145
7.448843240737915,7.771561172376096e-16,0.0,0.0,-0.027128491285883006,-0.21597223952092806,-0.05971802439085931,0.0,0.0,0.0,5.124134958160636,-0.6839441279314703,1.1775765460446932
7.453570365905762,7.771561172376096e-16,0.0,0.0,-0.026857206373024176,-0.21381251712571878,-0.05912084414695072,0.0,0.0,0.0,5.0728936085790295,-0.6771046866521556,1.1658007805842463
7.458438396453857,7.771561172376096e-16,0.0,0.0,-0.026588634309293934,-0.21167439195446158,-0.05852963570548121,0.0,0.0,0.0,5.022164672493239,-0.6703336397856341,1.154142772778404
7.462399244308472,7.771561172376096e-16,0.0,0.0,-0.026322747966200995,-0.20955764803491697,-0.057944339348426396,0.0,0.0,0.0,4.971943025768306,-0.6636303033877777,1.1426013450506198
7.465368270874023,0.023126729676927155,0.1005244488217366,0.02402840053916615,0.051833786179205026,0.1311150566802391,0.023565334909128287,-0.05599587437054401,-0.2907758472646637,-0.7740071274719006,4.970851755918123,-1.6948326963073392,-1.4594581148661623
7.467996835708618,0.023126729676927155,0.1005244488217366,0.02402840053916615,0.05131544831741298,0.1298039061134367,0.023329681560037004,-0.05599587437054401,-0.2907758472646637,-0.7740071274719006,4.921143238358942,-1.6778843693442658,-1.4448635337175006
7.470616579055786,7.771561172376096e-16,0.0,0.0,-0.0374763144573984,-0.25521282405691237,-0.0686240525462686,0.0,0.0,0.0,5.085677455643965,-0.5511653188019239,1.5241002006221334
7.474421262741089,7.771561172376096e-16,0.0,0.0,-0.037101551312824416,-0.25266069581634326,-0.06793781202080591,0.0,0.0,0.0,5.034820681087525,-0.5456536656139046,1.5088591986159121
7.479123592376709,0.022814764183129357,0.0995206679185778,0.024225009123402974,0.01178746687350412,-0.038492890494055465,-0.015741396600833242,-0.0563398742621888,-0.2912568336169901,-0.7729640313446631,5.0124451356753585,-1.1958951950371217,-0.14003437091608317
7.488006114959717,0.022814764183129357,0.0995206679185778,0.024225009123402974,0.011669592204769078,-0.03810796158911491,-0.01558398263482491,-0.0563398742621888,-0.2912568336169901,-0.7729640313446631,4.9623206843186045,-1.1839362430867504,-0.13863402720692233
7.492200136184692,7.771561172376096e-16,0.0,0.0,-0.04284540777750994,-0.2750186422674438,-0.07318895951379514,0.0,0.0,0.0,5.047031261784097,-0.47763965692381616,1.7057664273992066
7.500433444976807,7.771561172376096e-16,0.0,0.0,-0.04241695369973484,-0.2722684558447694,-0.07245706991865719,0.0,0.0,0.0,4.996560949166256,-0.472863260354578,1.6887087631252145
7.503339529037476,0.022925850408627678,0.09965204056210751,0.024773448281893717,0.03689636677032137,0.07336254960777111,0.013514340736670252,-0.0566386051131839,-0.2917410300624623,-0.7718919745518266,4.9902019483998785,-1.5309209790540024,-0.9681353904530707
7.506668329238892,0.022925850408627678,0.09965204056210751,0.024773448281893717,0.03652740310261816,0.0726289241116934,0.01337919732930355,-0.0566386051131839,-0.2917410300624623,-0.7718919745518266,4.94029992891588,-1.5156117692634623,-0.95845403654854
7.510028600692749,7.771561172376096e-16,0.0,0.0,-0.03206405659060856,-0.2246568601895979,-0.06047913928890229,0.0,0.0,0.0,5.059450589326343,-0.6322489186666779,1.3482424638216448
7.5146567821502686,7.771561172376096e-16,0.0,0.0,-0.03174341602470248,-0.22241029158770192,-0.05987434789601327,0.0,0.0,0.0,5.00885608343308,-0.6259264294800111,1.3347600391834284
7.5199830532073975,0.02329033967777354,0.10060856361931216,0.02550892201033091,0.012301307693217335,-0.031295006566750855,-0.011382957316059795,-0.0569041748214813,-0.29222120180295574,-0.7708220380841144,4.9827921532792745,-1.2008840656406918,-0.11679516990491923
7.533827066421509,0.02329033967777354,0.10060856361931216,0.02550892201033091,0.012178294616285161,-0.030982056501083346,-0.011269127742899197,-0.0569041748214813,-0.29222120180295574,-0.7708220380841144,4.932964231746482,-1.1888752249842849,-0.11562721820587003
7.53889274597168,7.771561172376096e-16,0.0,0.0,-0.03392022145542059,-0.22928046336711475,-0.06151280377549945,0.0,0.0,0.0,4.995967346086633,-0.6001217127179941,1.4071847971984563
7.544818162918091,7.771561172376096e-16,0.0,0.0,-0.033581019240866386,-0.2269876587334436,-0.060897675737744454,0.0,0.0,0.0,4.946007672625767,-0.5941204955908141,1.3931129492264718
7.550356149673462,0.02379180808958445,0.10215089460030052,0.026356168117906958,0.00971590505407937,-0.040262854547685356,-0.012697093434642114,-0.05715156507804386,-0.2927037019002441,-0.7697645548311842,4.920652280953149,-1.1486700136831545,-0.001866108414373846
7.555585145950317,0.02379180808958445,0.10215089460030052,0.026356168117906958,0.009618746003538577,-0.0398602260022085,-0.012570122500295692,-0.05715156507804386,-0.2927037019002441,-0.7697645548311842,4.871445758143618,-1.137183313546323,-0.0018474473302301075
7.563029766082764,7.771561172376096e-16,0.0,0.0,-0.022435832437240812,-0.17667600511147988,-0.04784739368893878,0.0,0.0,0.0,4.899500247884231,-0.7326366821098176,1.0321587137360761
7.567894697189331,7.771561172376096e-16,0.0,0.0,-0.022211474112868404,-0.17490924506036507,-0.0473689197520494,0.0,0.0,0.0,4.8505052454053885,-0.7253103152887194,1.0218371265987154
7.572751998901367,0.02410121829309343,0.104064816292612,0.027966310932882075,0.027629173142662517,0.04108393281475517,0.010680585383738013,-0.05739453879572954,-0.2931897922094988,-0.7687412367531262,4.830752573355156,-1.3584697920565931,-0.5606824913251995
7.576329469680786,7.771561172376096e-16,0.0,0.0,-0.040016552971697594,-0.2502162602190689,-0.06759963587231943,0.0,0.0,0.0,4.94287833229277,-0.5253401969527733,1.5937643497683815
7.582212448120117,7.771561172376096e-16,0.0,0.0,-0.039616387441980615,-0.2477140976168782,-0.06692363951359624,0.0,0.0,0.0,4.8934495489698415,-0.5200867949832456,1.5778267062706977
7.5857110023498535,0.02472314625188434,0.10605160522770023,0.02918528609199888,0.031446527977253315,0.05789284573966669,0.017166587883867282,-0.05763901461404834,-0.29366699325032714,-0.7677420118618501,4.886656240716568,-1.4066169339400152,-0.6174928830619484
7.588518142700195,7.771561172376096e-16,0.0,0.0,-0.0569402926761053,-0.32047839799967653,-0.08697311111609882,0.0,0.0,0.0,5.043119684723332,-0.3464078696984385,2.1236433089928983
7.591792583465576,7.771561172376096e-16,0.0,0.0,-0.05637088974934425,-0.31727361401967974,-0.08610338000493782,0.0,0.0,0.0,4.992688487876099,-0.3429437910014541,2.1024068759029695
7.59650444984436,0.025482565382821877,0.10808505149381506,0.03019096338417672,-0.0017254999757550307,-0.0847118358207295,-0.021168026270614218,-0.057895489959087616,-0.2941479174829923,-0.766780688825065,4.975876092525122,-1.0037953355148996,0.46562305365395074
7.600912094116211,0.025482565382821877,0.10808505149381506,0.03019096338417672,-0.0017082449759974804,-0.0838647174625222,-0.020956346007908074,-0.057895489959087616,-0.2941479174829923,-0.766780688825065,4.926117331599871,-0.9937573821597506,0.4609668231174112
7.6058738231658936,7.771561172376096e-16,0.0,0.0,-0.05304939899513765,-0.30086354269225735,-0.08159444891951037,0.0,0.0,0.0,4.993540260497779,-0.3909863131238015,2.001747241985235
7.6104795932769775,7.771561172376096e-16,0.0,0.0,-0.05251890500518627,-0.29785490726533476,-0.08077850443031527,0.0,0.0,0.0,4.943604857892802,-0.38707644999256346,1.9817297695653826
7.615147590637207,0.026272857403304227,0.11013126671618698,0.031033037663318684,0.004289215194620569,-0.05894806128641972,-0.013490309761716501,-0.05816773879413485,-0.2946245216828814,-0.7658733865215477,4.929528429704402,-1.055971883604601,0.3334514062088527
7.619530916213989,0.026272857403304227,0.11013126671618698,0.031033037663318684,0.004246323042674363,-0.05835858067355552,-0.013355406664099337,-0.05816773879413485,-0.2946245216828814,-0.7658733865215477,4.880233145407358,-1.045412164768555,0.3301168921467642
7.624331712722778,7.771561172376096e-16,0.0,0.0,-0.050522178575766526,-0.2871770670324784,-0.07786328783951654,0.0,0.0,0.0,4.952593497453083,-0.42125879312454506,1.9221205546619635
7.629546642303467,7.771561172376096e-16,0.0,0.0,-0.05001695679000886,-0.2843052963621536,-0.07708465496112138,0.0,0.0,0.0,4.903067562478553,-0.4170462051932996,1.9028993491153439
7.635512113571167,0.027008373748266312,0.11217571846076023,0.031751386730866554,-0.0042422857849779005,-0.09342057254491296,-0.02308853029679824,-0.05845226484531709,-0.29510305609245413,-0.7650412745189993,4.883266984048815,-0.9410116407952582,0.6113893309732037
7.645960092544556,0.027008373748266312,0.11217571846076023,0.031751386730866554,-0.004199862927128121,-0.09248636681946383,-0.022857644993830258,-0.05845226484531709,-0.29510305609245413,-0.7650412745189993,4.834434314208327,-0.9316015243873056,0.6052754376634717
7.650808572769165,7.771561172376096e-16,0.0,0.0,-0.059862688277914446,-0.3229241431211947,-0.0881163661298581,0.0,0.0,0.0,4.9066478822826936,-0.31363487549826774,2.17712181678415
7.654019117355347,7.771561172376096e-16,0.0,0.0,-0.0592640613951353,-0.31969490168998277,-0.08723520246855952,0.0,0.0,0.0,4.857581403459867,-0.31049852674328504,2.155350598616309
7.657291889190674,0.027106194739700665,0.11152618151239706,0.03233790856797932,0.02415193539387412,0.0242718507961186,0.01244608031908237,-0.05875386499183112,-0.2955867813644087,-0.7643115019943931,4.8590054109503065,-1.2715985845312519,-0.18345982140730843
7.660515546798706,0.027106194739700665,0.11152618151239706,0.03233790856797932,0.023910416039935378,0.024029132288157413,0.012321619515891545,-0.05875386499183112,-0.2955867813644087,-0.7643115019943931,4.810415356840803,-1.2588825986859393,-0.18162522319323535
7.664859294891357,7.771561172376096e-16,0.0,0.0,-0.03873146600152341,-0.2329621932419655,-0.062248613122711086,0.0,0.0,0.0,4.8975719590497135,-0.5658059196753863,1.5797578494246074
7.668960809707642,7.771561172376096e-16,0.0,0.0,-0.038344151341508176,-0.23063257130954584,-0.061626126991483975,0.0,0.0,0.0,4.848596239459217,-0.5601478604786324,1.5639602709303613
7.679535150527954,0.027445381738520607,0.11183348004726347,0.033052324142178624,-0.012006012315601965,-0.12256695341207147,-0.029752764495280228,-0.059028654597270865,-0.2960519883773306,-0.7636929779126013,4.815253485930078,-0.8536125034312414,0.8317854484946859
7.683647632598877,0.027445381738520607,0.11183348004726347,0.033052324142178624,-0.011885952192445945,-0.12134128387795075,-0.029455236850327426,-0.059028654597270865,-0.2960519883773306,-0.7636929779126013,4.767100951070777,-0.845076378396929,0.8234675940097391
7.6883063316345215,7.771561172376096e-16,0.0,0.0,-0.07067920853920147,-0.36018089698398054,-0.10010822560712433,0.0,0.0,0.0,4.8461362476460215,-0.20114350659914515,2.4545167010945823
7.691300392150879,7.771561172376096e-16,0.0,0.0,-0.06997241645380946,-0.35657908801414073,-0.09910714335105308,0.0,0.0,0.0,4.797674885169561,-0.1991320715331537,2.4299715340836365
7.694213390350342,0.027827731142214637,0.11288268508165264,0.03381808853563397,0.026256824849959406,0.03450045108069699,0.0179776783012853,-0.0592628827812532,-0.2965178653525009,-0.7632050491346971,4.80552840624167,-1.285259983469363,-0.1933292841569929
7.697846174240112,0.027827731142214637,0.11288268508165264,0.03381808853563397,0.025994256601459813,0.03415544656989002,0.017797901518272447,-0.0592628827812532,-0.2965178653525009,-0.7632050491346971,4.7574731221792534,-1.2724073836346694,-0.19139599131542298
7.701965570449829,7.771561172376096e-16,0.0,0.0,-0.0418186226706042,-0.24021336658820147,-0.06447484773499564,0.0,0.0,0.0,4.853761422732517,-0.5398742643535615,1.6632289249618102
7.7064313888549805,7.771561172376096e-16,0.0,0.0,-0.04140043644389815,-0.23781123292231945,-0.06383009925764568,0.0,0.0,0.0,4.8052238085051915,-0.5344755217100259,1.6465966357121922
7.710872173309326,0.02816001949892842,0.11453971517363497,0.03459367839733212,0.022425831651041304,0.022493640660870035,0.014708128545112165,-0.05943448334344429,-0.29697008343552783,-0.7628544818835867,4.7955675308465135,-1.2444486388021092,-0.07366735444180095
7.714246034622192,0.02816001949892842,0.11453971517363497,0.03459367839733212,0.02220157333453089,0.022268704254261334,0.014561047259661043,-0.05943448334344429,-0.29697008343552783,-0.7628544818835867,4.747611855538048,-1.2320041524140881,-0.07293068089738294
7.719473123550415,7.771561172376096e-16,0.0,0.0,-0.031893678315814133,-0.19708114275527527,-0.05176610110594955,0.0,0.0,0.0,4.8138404857627,-0.6515474529653118,1.3872237330007418
7.7323386669158936,7.771561172376096e-16,0.0,0.0,-0.03157474153265599,-0.1951103313277225,-0.05124844009489005,0.0,0.0,0.0,4.765702080905073,-0.6450319784356586,1.3733514956707342
7.736926078796387,0.028375921231588993,0.11666378372423158,0.03534369884940049,0.030597063221340794,0.06115363240324578,0.02630900946319001,-0.059520045810179965,-0.2974194535900032,-0.7626402914043897,4.757945401396358,-1.332369350474115,-0.2890259258628467
7.741640090942383,0.028375921231588993,0.11666378372423158,0.03534369884940049,0.030291092589127384,0.06054209607921333,0.02604591936855811,-0.059520045810179965,-0.2974194535900032,-0.7626402914043897,4.710365947382394,-1.3190456569693738,-0.28613566660421824
7.7453930377960205,7.771561172376096e-16,0.0,0.0,-0.04562152542356611,-0.2509224664416318,-0.06839039743190979,0.0,0.0,0.0,4.821857781347247,-0.5133594225771992,1.7488362451717894
7.750845909118652,7.771561172376096e-16,0.0,0.0,-0.045165310169330446,-0.24841324177721547,-0.0677064934575907,0.0,0.0,0.0,4.773639203533774,-0.5082258283514273,1.7313478827200715
7.756045818328857,0.028038938047862224,0.11947836157796414,0.03593331137332314,0.009208319094626709,-0.016159017713454654,0.002074299870554658,-0.059494797428679795,-0.29786306488033726,-0.7625741925730002,4.764893276808633,-1.115615553677919,0.25964790908996016
7.760950803756714,0.028038938047862224,0.11947836157796414,0.03593331137332314,0.009116235903680442,-0.015997427536320108,0.0020535568718491114,-0.059494797428679795,-0.29786306488033726,-0.7625741925730002,4.717244344040546,-1.10445939814114,0.25705142999906055
7.765154600143433,7.771561172376096e-16,0.0,0.0,-0.057674013348447024,-0.30005283998957605,-0.083445218049396,0.0,0.0,0.0,4.81159825429473,-0.3848574967187911,2.068494065770363
7.76807427406311,7.771561172376096e-16,0.0,0.0,-0.05709727321496255,-0.29705231158968026,-0.08261076586890204,0.0,0.0,0.0,4.763482271751783,-0.38100892175160317,2.04780912511266
7.7711451053619385,0.02791103998886963,0.12250601556074509,0.03651769101029439,0.03436452767671549,0.10485258349088683,0.037133274612179856,-0.059377320926060954,-0.2982922602162328,-0.7626080035962755,4.789135868283726,-1.4154998919997837,-0.43534074166304615
7.774075508117676,0.02791103998886963,0.12250601556074509,0.03651769101029439,0.034020882399948334,0.10380405765597796,0.03676194186605806,-0.059377320926060954,-0.2982922602162328,-0.7626080035962755,4.741244509600889,-1.4013448930797858,-0.43098733424641567
7.779143333435059,7.771561172376096e-16,0.0,0.0,-0.021394310743524513,-0.13896689178889915,-0.03566358942465841,0.0,0.0,0.0,4.810997351797626,-0.7987313217393208,1.0781257946078437
7.784298419952393,7.771561172376096e-16,0.0,0.0,-0.021180367636089267,-0.13757722287101015,-0.03530695353041182,0.0,0.0,0.0,4.7628873782796495,-0.7907440085219276,1.0673445366617653
7.789592981338501,0.027831186989246217,0.12580023479585262,0.03704891503996102,0.031597049997015056,0.1014012998441158,0.03502153481327203,-0.05915576729019664,-0.29871752963113574,-0.7627298045192491,4.762604744997742,-1.3858223955953344,-0.3717093828654805
7.795240163803101,0.027831186989246217,0.12580023479585262,0.03704891503996102,0.0312810794970449,0.10038728684567465,0.034671319465139315,-0.05915576729019664,-0.29871752963113574,-0.7627298045192491,4.714978697547765,-1.3719641716393811,-0.3679922890368257
7.803203105926514,7.771561172376096e-16,0.0,0.0,-0.003982615729716952,-0.05859868968013224,-0.012202059961365988,0.0,0.0,0.0,4.74211774298294,-0.983109906310905,0.5935368718589631
7.806069374084473,7.771561172376096e-16,0.0,0.0,-0.003942789572419782,-0.05801270278333091,-0.012080039361752328,0.0,0.0,0.0,4.6946965655531105,-0.9732788072477959,0.5876015031403734
7.808828830718994,0.02773452125472414,0.12898455940181647,0.03750544435411805,0.09660382117864504,0.4099948075495623,0.12395681017326401,-0.05883121926979485,-0.29913420329326795,-0.7629117198530214,4.748058833726415,-2.1219259539478914,-2.1591386627539446
7.815829038619995,0.02773452125472414,0.12898455940181647,0.03750544435411805,0.09563778296685858,0.40589485947406667,0.12271724207153137,-0.05883121926979485,-0.29913420329326795,-0.7629117198530214,4.700578245389151,-2.1007066944084123,-2.137547276126405
7.821167469024658,7.771561172376096e-16,0.0,0.0,0.0427288289071104,0.1602207737986792,0.051234504791607016,0.0,0.0,0.0,4.763775677757366,-1.5193585147807636,-0.6870781147284537
7.827428340911865,7.771561172376096e-16,0.0,0.0,0.04230154061803929,0.15861856606069238,0.050722159743690945,0.0,0.0,0.0,4.716137920979792,-1.504164929632956,-0.6802073335811691
7.836076259613037,0.02757124413266919,0.13215891470720237,0.037881275270654505,0.07376046708179373,0.30985402370403275,0.09401885973668397,-0.05840636097730177,-0.29954902075372436,-0.7631283993183127,4.704147887559816,-1.8591549586296008,-1.5480968034517886
7.841320753097534,0.02757124413266919,0.13215891470720237,0.037881275270654505,0.0730228624109758,0.30675548346699244,0.09307867113931713,-0.05840636097730177,-0.29954902075372436,-0.7631283993183127,4.657106408684218,-1.8405634090433047,-1.5326158354172708
7.845765113830566,7.771561172376096e-16,0.0,0.0,0.010256166027288939,0.006324769685872422,0.006913409671844631,0.0,0.0,0.0,4.741952132040399,-1.1481597834591581,0.19978156255623292
7.848521709442139,7.771561172376096e-16,0.0,0.0,0.01015360436701605,0.006261521989013698,0.006844275575126185,0.0,0.0,0.0,4.694532610719994,-1.1366781856245665,0.19778374693067058
7.853022336959839,0.026927031473345384,0.13503469574172686,0.03816620165937805,0.06988157291452837,0.3062341689868,0.09157778878946352,-0.05789465134495757,-0.299966295972663,-0.7633764090703808,4.721045058288875,-1.836305528267546,-1.4855039648662516
7.8581702709198,0.026927031473345384,0.13503469574172686,0.03816620165937805,0.06918275718538308,0.303171827296932,0.09066201090156888,-0.05789465134495757,-0.299966295972663,-0.7633764090703808,4.673834607705986,-1.8179424729848705,-1.470648925217589
7.871613025665283,0.026550149158226555,0.137769823085007,0.038371028336357034,0.06818427658696208,0.3021665920806587,0.08995523331489369,-0.05734767345474386,-0.300374957787337,-0.7636186406234414,4.6275114696523625,-1.8000867773241414,-1.45605755244917
7.876451015472412,0.026550149158226555,0.137769823085007,0.038371028336357034,0.06750243382109246,0.2991449261598521,0.08905568098174475,-0.05734767345474386,-0.300374957787337,-0.7636186406234414,4.581236354955839,-1.7820859095508998,-1.4414969769246782
7.879976749420166,7.771561172376096e-16,0.0,0.0,-0.008476483413347197,-0.09460154071382171,-0.020666196923079375,0.0,0.0,0.0,4.6980785600848884,-0.9123148969882138,0.7387610540032528
7.882969617843628,7.771561172376096e-16,0.0,0.0,-0.008391718579213725,-0.09365552530668349,-0.02045953495384858,0.0,0.0,0.0,4.65109777448404,-0.9031917480183316,0.7313734434632202
7.88568902015686,0.02629089995905358,0.14007481951136075,0.03849687812398905,0.08837116306550795,0.42237516967615574,0.12130880746123437,-0.05677428337043075,-0.30078833528015486,-0.7638396898689963,4.744154505367801,-2.07255718177649,-2.059562391803206
7.8883421421051025,0.02629089995905358,0.14007481951136075,0.03849687812398905,0.08748745143485287,0.4181514179793942,0.12009571938662203,-0.05677428337043075,-0.30078833528015486,-0.7638396898689963,4.696712960314123,-2.0518316099587253,-2.038966767885174
7.897980213165283,7.771561172376096e-16,0.0,0.0,0.05933440082604422,0.26863499327992724,0.07895224892053318,0.0,0.0,0.0,4.708652102532313,-1.7192297520362814,-1.2260536947452731
7.9030022621154785,7.771561172376096e-16,0.0,0.0,0.05874105681778378,0.265948643347128,0.07816272643132785,0.0,0.0,0.0,4.66156558150699,-1.7020374545159185,-1.2137931577978205
7.908205032348633,0.02607911434780608,0.14187485677031755,0.0385543698647118,0.10827908554273084,0.5359801473137895,0.151484640428604,-0.05619074296720106,-0.3011989980301552,-0.7640234572337633,4.691639444347924,-2.301526155440625,-2.6567572208064805
7.919460296630859,0.02607911434780608,0.14187485677031755,0.0385543698647118,0.10719629468730353,0.5306203458406517,0.14996979402431795,-0.05619074296720106,-0.3011989980301552,-0.7640234572337633,4.644723049904445,-2.278510893886219,-2.6301896485984155
7.924919843673706,7.771561172376096e-16,0.0,0.0,0.058356423261694663,0.265448524123295,0.07785183863132993,0.0,0.0,0.0,4.701197806387497,-1.7040335004659932,-1.2044612955993081
7.941077709197998,7.771561172376096e-16,0.0,0.0,0.057772859029077715,0.26279403888206204,0.07707332024501662,0.0,0.0,0.0,4.654185828323622,-1.6869931654613333,-1.1924166826433151
7.946883201599121,0.02585625191628007,0.14344935935983058,0.03856072049178755,0.10173269957121317,0.5072585920293295,0.1427236893840805,-0.05560779867299949,-0.30161475784176467,-0.764161245705161,4.679443424144396,-2.223134262416062,-2.4845967297682443
7.9559197425842285,0.02585625191628007,0.14344935935983058,0.03856072049178755,0.10071537257550103,0.5021860061090363,0.1412964524902397,-0.05560779867299949,-0.30161475784176467,-0.764161245705161,4.632648989902952,-2.2009029197919014,-2.459750762470562
7.959136009216309,7.771561172376096e-16,0.0,0.0,0.019316090727093754,0.05115212102172301,0.019990690188030638,0.0,0.0,0.0,4.759217987331837,-1.2411148058832728,-0.05922696166117225
7.9621076583862305,7.771561172376096e-16,0.0,0.0,0.019122929819822818,0.050640599811505774,0.019790783286150332,0.0,0.0,0.0,4.7116258074585184,-1.2287036578244401,-0.058634692044560524
7.965170621871948,0.025324697099169846,0.1442584108717275,0.03896662030057168,0.10161207597257285,0.5211107873783708,0.1468115657258577,-0.05504220883661448,-0.30203536340495635,-0.7642769308782987,4.80408539311749,-2.2647432955606845,-2.5303588084776107
7.968508720397949,0.025324697099169846,0.1442584108717275,0.03896662030057168,0.10059595521284712,0.515899679504587,0.14534345006859914,-0.05504220883661448,-0.30203536340495635,-0.7642769308782987,4.756044539186315,-2.2420958626050775,-2.5050552203928347
7.97248649597168,7.771561172376096e-16,0.0,0.0,0.035924520749526345,0.14807967230860014,0.04592918399684552,0.0,0.0,0.0,4.846858438491316,-1.4603677037447516,-0.5586370175712063
7.9772233963012695,7.771561172376096e-16,0.0,0.0,0.03556527554203108,0.14659887558551413,0.045469892156877065,0.0,0.0,0.0,4.798389854106403,-1.445764026707304,-0.5530506473954943
7.982007741928101,0.025110252819097935,0.14163009885329336,0.0390908838912714,0.08769381765388067,0.44116103759497705,0.1267210041032484,-0.05456671865613624,-0.30245323168191146,-0.7643635860522079,4.836492805911091,-2.1029415108956413,-2.1307389148456073
7.987475633621216,0.025110252819097935,0.14163009885329336,0.0390908838912714,0.08681687947734186,0.43674942721902726,0.12545379406221593,-0.05456671865613624,-0.30245323168191146,-0.7643635860522079,4.788127877851981,-2.081912095786685,-2.109431525697151
7.991001129150391,7.771561172376096e-16,0.0,0.0,0.014723963377401408,0.030650892072580094,0.013318718711236424,0.0,0.0,0.0,4.89502404299468,-1.2031902227787938,0.07976534344709885
7.994718313217163,7.771561172376096e-16,0.0,0.0,0.014576723743627394,0.030344383151854292,0.01318553152412406,0.0,0.0,0.0,4.846073802564733,-1.191158320551006,0.07896769001262786
7.997954607009888,0.025004655093095574,0.1389894646516977,0.039090917435198456,0.09169419864232484,0.45951203667297624,0.1338428255842496,-0.0541790578760571,-0.30287795895709635,-0.7644305971027575,4.919842038152388,-2.173146080230179,-2.2628531622042027
8.001030921936035,0.025004655093095574,0.1389894646516977,0.039090917435198456,0.09077725665590158,0.4549169163062465,0.1325043973284071,-0.0541790578760571,-0.30287795895709635,-0.7644305971027575,4.870643617770864,-2.1514146194278774,-2.2402246305821607
8.004640579223633,7.771561172376096e-16,0.0,0.0,0.020597935294370373,0.06531882538197253,0.022883982574328554,0.0,0.0,0.0,4.9720319234463775,-1.2908236999406082,-0.10008505854946748
8.007858276367188,7.771561172376096e-16,0.0,0.0,0.02039195594142667,0.0646656371281528,0.02265514274858527,0.0,0.0,0.0,4.922311604211914,-1.2779154629412022,-0.0990842079639728
8.013755798339844,0.024914829232246558,0.13726286096942908,0.03901408939674324,0.06243430413270995,0.2967656523349438,0.08858195128759278,-0.053859734190895854,-0.3033016187125793,-0.7644773821378288,4.938497516884342,-1.8111264287220612,-1.3829125685159938
8.032256126403809,0.024914829232246558,0.13726286096942908,0.03901408939674324,0.06180996109138285,0.2937979958115943,0.08769613177471684,-0.053859734190895854,-0.3033016187125793,-0.7644773821378288,4.889112541715499,-1.7930151644348407,-1.3690834428308338
8.037758111953735,7.771561172376096e-16,0.0,0.0,0.015908519664754053,0.04138124182933306,0.015910061294982417,0.0,0.0,0.0,4.938112866034363,-1.2238265335372753,0.03406466152433785
8.042879343032837,7.771561172376096e-16,0.0,0.0,0.01574943446810651,0.04096742941103973,0.01575096068203259,0.0,0.0,0.0,4.888731737374019,-1.2115882682019026,0.03372401490909447
8.04597520828247,0.024790551970313587,0.13613373477142493,0.038887538672195444,0.09566826764848584,0.48028533947328406,0.14120466324536574,-0.05359356985720825,-0.30373009383581895,-0.7645031423791823,4.962618260288429,-2.24063002089048,-2.414368991319106
8.048951864242554,0.024790551970313587,0.13613373477142493,0.038887538672195444,0.09471158497200098,0.4754824860785512,0.1397926166129121,-0.05359356985720825,-0.30373009383581895,-0.7645031423791823,4.912992077685544,-2.218223720681575,-2.390225301405915
8.052723407745361,7.771561172376096e-16,0.0,0.0,0.028033948045543544,0.10977800050171121,0.03528693458171925,0.0,0.0,0.0,5.005961989025996,-1.390721079216618,-0.33929315516625813
8.05767011642456,7.771561172376096e-16,0.0,0.0,0.027753608565088107,0.1086802204966941,0.034934065235902055,0.0,0.0,0.0,4.955902369135736,-1.3768138684244517,-0.33590022361459554
8.06178092956543,0.024015572052674565,0.14376710359174646,0.04009907540169402,0.08589656309700938,0.457322531888338,0.1321300861156316,-0.05330324012773339,-0.30416387037806975,-0.7645357116526056,5.012756480550623,-2.147039712717685,-2.1756985016806025
8.066464185714722,0.024015572052674565,0.14376710359174646,0.04009907540169402,0.08503759746603928,0.4527493065694546,0.13080878525447528,-0.05330324012773339,-0.30416387037806975,-0.7645357116526056,4.962628915745117,-2.125569315590508,-2.1539415166637963
8.072229146957397,7.771561172376096e-16,0.0,0.0,0.04252940101047819,0.19884094598379462,0.05994415796701445,0.0,0.0,0.0,5.005463335140483,-1.5767057902666037,-0.8062254292360458
8.077544927597046,7.771561172376096e-16,0.0,0.0,0.042104107000373404,0.19685253652395668,0.05934471638734431,0.0,0.0,0.0,4.955408701789079,-1.5609387323639377,-0.7981631749436853
8.083213090896606,0.02357338255787192,0.14872697619515504,0.040714116187169046,0.08327216862912007,0.45727408063093195,0.1305807385514376,-0.05300420907765769,-0.30458980209364334,-0.764562235595927,4.989876899353273,-2.114221386406874,-2.1266942306238734
8.09067702293396,0.02357338255787192,0.14872697619515504,0.040714116187169046,0.08243944694282887,0.45270133982462263,0.1292749311659232,-0.05300420907765769,-0.30458980209364334,-0.764562235595927,4.939978130359741,-2.0930791725428053,-2.105427288317635
8.100805521011353,7.771561172376096e-16,0.0,0.0,0.058340740351558576,0.30133421740061406,0.08778459690527189,0.0,0.0,0.0,4.9429101051296,-1.771422844053435,-1.3295106165339976
8.106858491897583,7.771561172376096e-16,0.0,0.0,0.05775733294804299,0.29832087522660794,0.08690675093621918,0.0,0.0,0.0,4.893481004078303,-1.7537086156129007,-1.3162155103686577
8.109744548797607,7.771561172376096e-16,0.0,0.0,0.05717975961856256,0.29533766647434184,0.08603768342685698,0.0,0.0,0.0,4.8445461940375205,-1.7361715294567717,-1.303053355264971
8.1124267578125,7.771561172376096e-16,0.0,0.0,0.05660796202237693,0.2923842898095984,0.08517730659258842,0.0,0.0,0.0,4.796100732097146,-1.718809814162204,-1.2900228217123213
8.120495319366455,0.023135280293572945,0.15527030355374755,0.04109763920189435,0.08471524646942191,0.48189908980397256,0.13526105521422904,-0.05237950633077295,-0.305450243823673,-0.7645958361270851,4.813932058780253,-2.102074404170722,-2.215646781988009
8.127076864242554,0.023135280293572945,0.15527030355374755,0.04109763920189435,0.0838680940047277,0.47708009890593284,0.13390844466208676,-0.05237950633077295,-0.305450243823673,-0.7645958361270851,4.7657927381924505,-2.081053660129015,-2.193490314168129
8.132737636566162,7.771561172376096e-16,0.0,0.0,0.042159936302497474,0.1980175676061724,0.05996859683465362,0.0,0.0,0.0,4.8106654821331,-1.5206520105804944,-0.8208636813161427
8.146220207214355,7.771561172376096e-16,0.0,0.0,0.0417383369394725,0.19603739193011066,0.059368910866307086,0.0,0.0,0.0,4.762558827311769,-1.5054454904746895,-0.8126550445029813
8.149757862091064,0.023019000460155377,0.15701446743542605,0.04100949709241182,0.10638948417125602,0.6379147379341665,0.17469805346858316,-0.05206109562588342,-0.30588406756330516,-0.7645975410835494,4.869666433099835,-2.404818019734692,-2.944722398995995
8.152590990066528,0.023019000460155377,0.15701446743542605,0.04100949709241182,0.10532558932954346,0.6315355905548249,0.17295107293389733,-0.05206109562588342,-0.30588406756330516,-0.7645975410835494,4.820969768768836,-2.380769839537345,-2.915275175006035
8.155253887176514,7.771561172376096e-16,0.0,0.0,0.017828886658534437,0.035582479414003054,0.017218251529751732,0.0,0.0,0.0,4.968265543037479,-1.2082731196386642,-0.014822821718778467
8.158169031143188,7.771561172376096e-16,0.0,0.0,0.017650597791949094,0.035226654619863025,0.017046069014454216,0.0,0.0,0.0,4.918582887607104,-1.1961903884422775,-0.014674593501590682
8.16242790222168,0.022700387474205552,0.15991978950191196,0.039837615286642696,0.0707755114997526,0.4103724638655399,0.11041592582261728,-0.05173198173800076,-0.306318217979092,-0.7646226383042101,5.004732327704096,-1.9443983982083517,-1.791950612778829
8.174171924591064,0.022700387474205552,0.15991978950191196,0.039837615286642696,0.07006775638475507,0.4062687392268845,0.10931176656439111,-0.05173198173800076,-0.306318217979092,-0.7646226383042101,4.954685004427055,-1.9249544142262682,-1.7740311066510406
8.177670240402222,7.771561172376096e-16,0.0,0.0,0.004477604286315412,-0.05492760371437044,-0.005657906098340562,0.0,0.0,0.0,5.053014974345725,-1.0300886178229955,0.4293970598846313
8.180890560150146,7.771561172376096e-16,0.0,0.0,0.004432828243452258,-0.05437832767722674,-0.005601327037357156,0.0,0.0,0.0,5.002484824602268,-1.0197877316447657,0.42510308928578494
8.186074018478394,0.02267546908016857,0.16163624254866737,0.03898628954452614,0.048134330725391083,0.25799634592972615,0.06966757900784941,-0.05138595345013641,-0.30675318044652516,-0.7646384600861745,5.0673168525243755,-1.6350463431971094,-1.0391921411012617
8.189020156860352,0.02267546908016857,0.16163624254866737,0.03898628954452614,0.04765298741813717,0.25541638247042886,0.06897090321777091,-0.05138595345013641,-0.30675318044652516,-0.7646384600861745,5.016643683999131,-1.6186958797651383,-1.028800219690249
8.192582130432129,7.771561172376096e-16,0.0,0.0,-0.016483388951910385,-0.20092060509379733,-0.04117017809135756,0.0,0.0,0.0,5.110739837587333,-0.7413201045286751,1.1281585667725713
8.195618867874146,7.771561172376096e-16,0.0,0.0,-0.01631855506239128,-0.19891139904285937,-0.040758476310443985,0.0,0.0,0.0,5.05963243921146,-0.7339069034833884,1.1168769811048456
8.205990314483643,0.022801246970744416,0.16238302766371288,0.03829685138858377,0.005829265640155103,-0.04035489982863788,-0.003425616963641992,-0.05103472734821782,-0.3071903858816516,-0.7646472187921478,5.067508507141287,-1.0396963718189431,0.37616344829312376
8.213915586471558,0.022801246970744416,0.16238302766371288,0.03829685138858377,0.005770972983753552,-0.0399513508303515,-0.003391360794005572,-0.05103472734821782,-0.3071903858816516,-0.7646472187921478,5.016833422069874,-1.0292994081007536,0.3724018138101925
8.218560695648193,7.771561172376096e-16,0.0,0.0,-0.043373305228544566,-0.3891303326574796,-0.08580298276402717,0.0,0.0,0.0,5.0765327473757065,-0.35768635845081054,2.0148118039710075
8.223346471786499,7.771561172376096e-16,0.0,0.0,-0.04293957217625912,-0.3852390293309048,-0.0849449529363869,0.0,0.0,0.0,5.02576741990195,-0.35410949486630244,1.9946636859312974
8.22801399230957,0.02299787006973009,0.16231111413658733,0.03774843698279593,0.006761958410368342,-0.03364073554495406,-0.0032207931701689757,-0.05068385021047296,-0.3076299362457199,-0.7646446719499513,5.106376309949894,-1.0476400103821084,0.3539360232580189
8.232257604598999,0.02299787006973009,0.16231111413658733,0.03774843698279593,0.0066943388262646585,-0.03330432818950452,-0.0031885852384672857,-0.05068385021047296,-0.3076299362457199,-0.7646446719499513,5.055312546850395,-1.0371636102782873,0.3503966630254387
8.236266136169434,7.771561172376096e-16,0.0,0.0,-0.05074491076847271,-0.4378854318579126,-0.09732693683965377,0.0,0.0,0.0,5.131199364088837,-0.2593539963516954,2.2544357917014164
8.241240739822388,7.771561172376096e-16,0.0,0.0,-0.050237461660787984,-0.43350657753933347,-0.09635366747125723,0.0,0.0,0.0,5.079887370447948,-0.25676045638817846,2.2318914337844022
8.2457275390625,0.023200607125642373,0.16164087446852543,0.03731868102994431,0.0019735049476935704,-0.06891274862730484,-0.012215736238587363,-0.05033686492371868,-0.3080726066446132,-0.7646294721052176,5.165093322868281,-0.9806754178382835,0.523756901497104
8.250441074371338,0.023200607125642373,0.16164087446852543,0.03731868102994431,0.0019537698982166345,-0.0682236211410318,-0.012093578876201489,-0.05033686492371868,-0.3080726066446132,-0.7646294721052176,5.113442389639598,-0.9708686636599007,0.5185193324821329
8.254547834396362,7.771561172376096e-16,0.0,0.0,-0.05455946839264191,-0.46113846263460495,-0.1028439888747369,0.0,0.0,0.0,5.184878714014326,-0.2110002287853161,2.375214228195803
8.258824586868286,7.771561172376096e-16,0.0,0.0,-0.05401387370871549,-0.4565270780082589,-0.10181554898598953,0.0,0.0,0.0,5.133029926874183,-0.20889022649746294,2.3514620859138446
8.262739658355713,0.022592637859698183,0.16412081305357584,0.0369738974508058,0.00423309856194469,-0.03275921136077159,-0.006357489730521679,-0.04997147503787785,-0.30852789910489486,-0.7646113407579733,5.243583984899221,-1.039477548161492,0.3961222062781451
8.265764474868774,0.022592637859698183,0.16412081305357584,0.0369738974508058,0.0041907675763252425,-0.032431619247163875,-0.006293914833216462,-0.04997147503787785,-0.30852789910489486,-0.7646113407579733,5.191148145050229,-1.029082772679877,0.39216098421536366
8.269350528717041,7.771561172376096e-16,0.0,0.0,-0.05885253052925003,-0.48977140961267723,-0.10933566684471731,0.0,0.0,0.0,5.278586146770574,-0.15843704745473397,2.5204196848489295
8.272892951965332,7.771561172376096e-16,0.0,0.0,-0.058264005223957534,-0.48487369551655046,-0.10824231017627013,0.0,0.0,0.0,5.225800285302868,-0.15685267698018662,2.49521548800044
8.277361392974854,0.022482574613211348,0.16496150068848667,0.03670863110897694,-0.007367229737672738,-0.1108548154690136,-0.025009018279871495,-0.04960255663121136,-0.30897051891666205,-0.7645766703005951,5.31776785548063,-0.8856966780416743,0.7779732156555108
8.28405499458313,0.022482574613211348,0.16496150068848667,0.03670863110897694,-0.007293557440296011,-0.10974626731432346,-0.02475892809707278,-0.04960255663121136,-0.30897051891666205,-0.7645766703005951,5.264590176925824,-0.8768397112612576,0.7701934834989557
8.291998147964478,7.771561172376096e-16,0.0,0.0,-0.0355249659139443,-0.3163264016467398,-0.07072551767758202,0.0,0.0,0.0,5.274391208068235,-0.47909416101674623,1.7250521761548012
8.295221090316772,7.771561172376096e-16,0.0,0.0,-0.035169716254804854,-0.3131631376302724,-0.0700182625008062,0.0,0.0,0.0,5.221647295987553,-0.47430321940657877,1.7078016543932533
8.298967838287354,0.022631163434628065,0.1648920337712682,0.036528025905534535,0.02558413128541484,0.13006223654906257,0.028174535566573733,-0.04922684322735006,-0.30942039935994314,-0.7645280560113359,5.342353722229126,-1.3421916341448996,-0.3270886897964629
8.301903009414673,0.022631163434628065,0.1648920337712682,0.036528025905534535,0.025328289972560692,0.12876161418357193,0.027892790210907997,-0.04922684322735006,-0.30942039935994314,-0.7645280560113359,5.288930185006835,-1.3287697178034505,-0.32381780289849826
8.305401802062988,7.771561172376096e-16,0.0,0.0,-0.03960777270127802,-0.3438086709974224,-0.07678794019047698,0.0,0.0,0.0,5.376737541048316,-0.4311186688591404,1.8645400231308744
8.309608459472656,7.771561172376096e-16,0.0,0.0,-0.03921169497426524,-0.34037058428744815,-0.07602006078857221,0.0,0.0,0.0,5.322970165637833,-0.426807482170549,1.8458946228995656
8.314132452011108,0.022924643761712996,0.16413153711685094,0.03642392755275854,0.011853900251274307,0.025835526116878893,0.005252932984133346,-0.04884728104679928,-0.309862777087211,-0.7644643558306055,5.412491827369485,-1.146718792443367,0.15668692918099403
8.320612668991089,7.771561172376096e-16,0.0,0.0,-0.023640990858789804,-0.22770375727356007,-0.0510074789911258,0.0,0.0,0.0,5.433745991613713,-0.6570843177683815,1.3348095026845228
8.324959516525269,7.771561172376096e-16,0.0,0.0,-0.023404580950201904,-0.22542671970082448,-0.05049740420121454,0.0,0.0,0.0,5.3794085316975755,-0.6505134745906976,1.3214614076576776
8.329322814941406,0.02326921842201368,0.16287588489364474,0.03638354687827972,0.0301588872429526,0.15011369334228708,0.033392989329217054,-0.04846493324234265,-0.31030940190321515,-0.764386466271275,5.472232729870026,-1.396465391572301,-0.4236370885109406
8.33346700668335,0.02326921842201368,0.16287588489364474,0.03638354687827972,0.029857298370523075,0.1486125564088642,0.03305905943592488,-0.04846493324234265,-0.31030940190321515,-0.764386466271275,5.417510402571326,-1.382500737656578,-0.4194007176258312
8.339720010757446,7.771561172376096e-16,0.0,0.0,-0.007654137656733617,-0.1133497866078319,-0.02545723909520045,0.0,0.0,0.0,5.440841938023285,-0.8724192138502775,0.8072240719607191
8.344334363937378,7.771561172376096e-16,0.0,0.0,-0.007577596280166281,-0.11221628874175359,-0.025202666704248446,0.0,0.0,0.0,5.386433518643051,-0.8636950217117748,0.7991518312411119
8.349866151809692,0.022894090305895315,0.16995768361366134,0.03658363778236902,0.033884600916311215,0.19614412611166437,0.04118283909611953,-0.04801693893487698,-0.3107582945321615,-0.7643049997786368,5.458584291011985,-1.4490680569199452,-0.5738945674677018
8.353737831115723,0.022894090305895315,0.16995768361366134,0.03658363778236902,0.033545754907148104,0.19418268485054774,0.04077101070515833,-0.04801693893487698,-0.3107582945321615,-0.7643049997786368,5.4039984481018655,-1.4345773763507457,-0.5681556217930248
8.362832069396973,7.771561172376096e-16,0.0,0.0,0.008036017118360106,0.005355845362698175,0.00013603070372184,0.0,0.0,0.0,5.402757760769103,-1.0785226161701278,0.27795366035599134
8.369102001190186,7.771561172376096e-16,0.0,0.0,0.007955656947176504,0.005302286909071193,0.0001346703966846216,0.0,0.0,0.0,5.348730183161412,-1.0677373900084266,0.27517412375243144
8.373220920562744,0.02300900371380192,0.1736246443184216,0.036777613706258906,0.06373784864860715,0.4267788658941904,0.08942279595401488,-0.04756667864200547,-0.31119490356023566,-0.7642080326829855,5.472066532515369,-1.856252445609804,-1.5596646265038232
8.37648892402649,0.02300900371380192,0.1736246443184216,0.036777613706258906,0.06310047016212109,0.4225110772352485,0.08852856799447473,-0.04756667864200547,-0.31119490356023566,-0.7642080326829855,5.417345867190215,-1.8376899211537059,-1.5440679802387849
8.379523515701294,7.771561172376096e-16,0.0,0.0,-0.013352938933600553,-0.15386562071759818,-0.03355132192699807,0.0,0.0,0.0,5.5199206097242195,-0.7938211702904454,0.989695144813741
8.383871078491211,7.771561172376096e-16,0.0,0.0,-0.013219409544264546,-0.1523269645104222,-0.03321580870772809,0.0,0.0,0.0,5.464721403626977,-0.785882958587541,0.9797981933656036
8.387521743774414,0.02335272489968824,0.17546057737986595,0.03698682887027141,0.05088119328789357,0.32982261230989174,0.0684316604281313,-0.04710588575763608,-0.3116328268171251,-0.7640972372670293,5.6143094132312745,-1.681744991834619,-1.0958442935014996
8.391435146331787,0.02335272489968824,0.17546057737986595,0.03698682887027141,0.05037238135501463,0.3265243861867928,0.06774734382384999,-0.04710588575763608,-0.3116328268171251,-0.7640972372670293,5.558166319098961,-1.6649275419162728,-1.0848858505664847
8.403623580932617,7.771561172376096e-16,0.0,0.0,0.030708916635854618,0.17930252843136021,0.036724030184153184,0.0,0.0,0.0,5.541232675362766,-1.3925991436047394,-0.4471334869831529
8.407557487487793,7.771561172376096e-16,0.0,0.0,0.030401827469496073,0.1775095031470466,0.036356789882311655,0.0,0.0,0.0,5.485820348609138,-1.378673152168692,-0.4426621521133214
8.410878658294678,0.023796694791452397,0.17582521752323824,0.03720302428806997,0.10174933263382817,0.7051417398877141,0.14801102067950384,-0.04663888511200971,-0.31206281732057223,-0.7639729382914696,5.657294637543334,-2.360630020358211,-2.707884014451786
8.413980722427368,0.023796694791452397,0.17582521752323824,0.03720302428806997,0.10073183930748988,0.698090322488837,0.1465309104727088,-0.04663888511200971,-0.31206281732057223,-0.7639729382914696,5.600721691167901,-2.337023720154629,-2.680805174307268
8.416841983795166,7.771561172376096e-16,0.0,0.0,0.016555974834451065,0.07660695017088293,0.015042441978306398,0.0,0.0,0.0,5.7077156094789885,-1.2230057678135544,0.01605933187098829
8.420939922332764,7.771561172376096e-16,0.0,0.0,0.016390415086106554,0.07584088066917409,0.014892017558523334,0.0,0.0,0.0,5.6506384533841985,-1.2107757101354188,0.01589873855227841
8.432756900787354,0.024198052407429407,0.17497138135824217,0.03736955062785927,0.036703871116967615,0.22315025588241627,0.046366706388795774,-0.04616956862141197,-0.31249410179983356,-0.7638388927280917,5.657493307669655,-1.4791460441163982,-0.621909395954181
8.450332880020142,0.024198052407429407,0.17497138135824217,0.03736955062785927,0.036336832405797936,0.2209187533235921,0.045903039324907816,-0.04616956862141197,-0.31249410179983356,-0.7638388927280917,5.6009183745929585,-1.464354583675234,-0.6156903019946393
8.455151081085205,7.771561172376096e-16,0.0,0.0,-0.014248708220050109,-0.14443713355963667,-0.03211512594717394,0.0,0.0,0.0,5.640732441055877,-0.8011409645268622,0.9757862720258538
8.45884919166565,7.771561172376096e-16,0.0,0.0,-0.014106221137849607,-0.1429927622240403,-0.031793974687702196,0.0,0.0,0.0,5.584325116645318,-0.7931295548815936,0.9660284093055952
8.461792230606079,0.02418790973943469,0.17340481243331013,0.03743438678615987,0.06822169020812596,0.44764042075163685,0.09572033433553401,-0.045707763621972576,-0.31292526215594013,-0.7637268170070958,5.780214918873827,-1.9127931835203285,-1.6037098333735482
8.465678691864014,0.02418790973943469,0.17340481243331013,0.03743438678615987,0.0675394733060447,0.44316401654412046,0.09476313099217866,-0.045707763621972576,-0.31292526215594013,-0.7637268170070958,5.722412769685088,-1.8936652516851251,-1.5876727350398128
8.47077751159668,7.771561172376096e-16,0.0,0.0,0.019425826178077955,0.09864423534796651,0.0203977505778251,0.0,0.0,0.0,5.754832453729888,-1.261007623407631,-0.07394580499600378
8.475666999816895,7.771561172376096e-16,0.0,0.0,0.019231567916297175,0.09765779299448685,0.02019377307204685,0.0,0.0,0.0,5.697284129192589,-1.2483975471735547,-0.07320634694604375
8.490980386734009,7.771561172376096e-16,0.0,0.0,0.019039252237134204,0.09668121506454198,0.01999183534132638,0.0,0.0,0.0,5.640311287900663,-1.235913571701819,-0.07247428347658331
8.494065046310425,7.771561172376096e-16,0.0,0.0,0.018848859714762863,0.09571440291389656,0.019791916987913116,0.0,0.0,0.0,5.583908175021656,-1.2235544359848007,-0.07174954064181747
8.497817039489746,0.024793515993023454,0.16874279349892068,0.03769265903088717,0.08474129079963785,0.5444989972997648,0.12005435909647744,-0.044859026916861076,-0.3137682289754014,-0.7635036172648825,5.717872607630697,-2.0991584079902403,-2.078590598690371
8.502861499786377,0.024793515993023454,0.16874279349892068,0.03769265903088717,0.08389387789164147,0.5390540073267671,0.11885381550551266,-0.044859026916861076,-0.3137682289754014,-0.7635036172648825,5.66069388155439,-2.078166823910338,-2.0578046927034674
8.50858449935913,7.771561172376096e-16,0.0,0.0,0.03973234983443853,0.2388132032376284,0.05180355824368932,0.0,0.0,0.0,5.682470710458183,-1.509126807952336,-0.703129713636554
8.513343095779419,7.771561172376096e-16,0.0,0.0,0.03933502633609415,0.2364250712052521,0.05128552266125243,0.0,0.0,0.0,5.6256460033536015,-1.4940355398728125,-0.6960984165001884
8.519550323486328,0.025130492230587092,0.1660566113218141,0.037832594732569905,0.0794275313002028,0.5015821990580277,0.11172192935789596,-0.04447901969673285,-0.3141855315707328,-0.7633978989943015,5.681295715562383,-2.016794785366273,-1.9024916858254253
8.524368286132812,0.025130492230587092,0.1660566113218141,0.037832594732569905,0.07863325598720078,0.49656637706744744,0.110604710064317,-0.04447901969673285,-0.3141855315707328,-0.7633978989943015,5.624482758406759,-1.9966268375126102,-1.883466768967171
8.531041145324707,7.771561172376096e-16,0.0,0.0,0.04018616735875756,0.2427469512939396,0.05280243478831398,0.0,0.0,0.0,5.634894544453564,-1.5058196259442393,-0.7205979218636811
8.535729885101318,7.771561172376096e-16,0.0,0.0,0.03978430568516998,0.2403194817810002,0.05227441044043084,0.0,0.0,0.0,5.578545599009028,-1.4907614296847969,-0.7133919426450442
8.543588399887085,0.025390104421152544,0.16334132528968337,0.037964202088893284,0.07169549953073465,0.44576895345626383,0.10006130641923205,-0.04413734759556993,-0.3146054272620467,-0.7632953036902284,5.608855516478458,-1.901316040600461,-1.6645960978748509
8.550068140029907,0.025390104421152544,0.16334132528968337,0.037964202088893284,0.0709785445354273,0.44131126392170117,0.09906069335503974,-0.04413734759556993,-0.3146054272620467,-0.7632953036902284,5.552766961313674,-1.8823028801944564,-1.6479501368961023
8.554553747177124,7.771561172376096e-16,0.0,0.0,0.013665263536732676,0.07275274146648547,0.013434493417208648,0.0,0.0,0.0,5.595637002750547,-1.1621134210816186,0.070183741771221
8.559490442276001,7.771561172376096e-16,0.0,0.0,0.013528610901365349,0.07202521405182062,0.013300148483036562,0.0,0.0,0.0,5.539680632723042,-1.1504922868708025,0.06948190435350879
8.564362287521362,0.02653741203388541,0.15966564122860893,0.03802691173260009,0.06786429153570614,0.39903631048119537,0.09122157980024778,-0.04384622449804782,-0.31501117363301995,-0.7631594975844389,5.617824476804916,-1.8277958765420674,-1.4764379265234087
8.568536520004272,0.02653741203388541,0.15966564122860893,0.03802691173260009,0.06718564862034908,0.39504594737638343,0.0903093640022453,-0.04384622449804782,-0.31501117363301995,-0.7631594975844389,5.561646232036867,-1.8095179177766467,-1.4616735472581746
8.571803569793701,7.771561172376096e-16,0.0,0.0,-0.014713656923265553,-0.09761956549278233,-0.02698899198010493,0.0,0.0,0.0,5.6402371657590145,-0.8272159038811743,0.8888717683475176
8.574684619903564,7.771561172376096e-16,0.0,0.0,-0.014566520354032898,-0.09664336983785451,-0.02671910206030388,0.0,0.0,0.0,5.583834794101424,-0.8189437448423625,0.8799830506640424
8.578255414962769,0.027450804009013483,0.15644934651121192,0.038152989304892734,0.062455032582843906,0.3424589521354537,0.08039541195787483,-0.043524778579739846,-0.31542461880003086,-0.7630162115626754,5.703940593159017,-1.7535178704041965,-1.2362835224449844
8.583276271820068,0.027450804009013483,0.15644934651121192,0.038152989304892734,0.061830482257015464,0.33903436261409914,0.07959145783829609,-0.043524778579739846,-0.31542461880003086,-0.7630162115626754,5.646901187227427,-1.7359826917001544,-1.2239206872205346
8.588521718978882,7.771561172376096e-16,0.0,0.0,0.008879548436573376,0.037386612565812716,0.006060105937305479,0.0,0.0,0.0,5.6734084732034855,-1.1172925887359515,0.24294419494923636
8.60728120803833,7.771561172376096e-16,0.0,0.0,0.008790752952207641,0.037012746440154586,0.005999504877932425,0.0,0.0,0.0,5.61667438847145,-1.1061196628485919,0.24051475299974398
8.612492561340332,0.02816453773939784,0.15370763201339,0.038312610961145424,0.06274742100073666,0.33159025178035073,0.07945709488029061,-0.04318841918324976,-0.3158292677684059,-0.7628669056537006,5.677491730100227,-1.742785301190283,-1.2054247977346784
8.620652914047241,0.02816453773939784,0.15370763201339,0.038312610961145424,0.06211994679072929,0.3282743492625472,0.0786625239314877,-0.04318841918324976,-0.3158292677684059,-0.7628669056537006,5.620716812799225,-1.7253574481783802,-1.1933705497573315
8.625404119491577,7.771561172376096e-16,0.0,0.0,0.0022200272814209207,0.0014786913859948236,-0.002761765601673183,0.0,0.0,0.0,5.65540956404798,-1.043368847041589,0.4241912738910538
8.63434386253357,7.771561172376096e-16,0.0,0.0,0.0021978270086067116,0.0014639044721348753,-0.002734147945656451,0.0,0.0,0.0,5.5988554684075,-1.032935158571173,0.41994936115214326
8.639084339141846,0.028652044399899303,0.1514395823518191,0.03849029776575501,0.06261712240681616,0.3209099333430018,0.0784881891984873,-0.04284444491167252,-0.3162407405943162,-0.7627149389567659,5.668322875556733,-1.736263621177212,-1.1707074789685885
8.643098592758179,0.028652044399899303,0.1514395823518191,0.03849029776575501,0.061990951182748,0.3177008340095718,0.07770330730650242,-0.04284444491167252,-0.3162407405943162,-0.7627149389567659,5.611639646801166,-1.71890098496544,-1.1590004041789026
8.649329662322998,7.771561172376096e-16,0.0,0.0,0.015388495493506335,0.07148435904748865,0.015154699762384205,0.0,0.0,0.0,5.624282625374596,-1.194189570968969,0.07664099428650162
8.65757155418396,7.771561172376096e-16,0.0,0.0,0.015234610538571272,0.07076951545701377,0.015003152764760363,0.0,0.0,0.0,5.568039799120849,-1.1822476752592792,0.0758745843436366
8.662535190582275,0.028902660643892297,0.14962705444065433,0.038673409355859105,0.0733110675213823,0.3715082648716612,0.09276658276500435,-0.04250591807986448,-0.31665048652994343,-0.7625610518151767,5.629867508825854,-1.853166491447021,-1.4396647968382856
8.666421175003052,0.028902660643892297,0.14962705444065433,0.038673409355859105,0.07257795684616848,0.3677931822229446,0.09183891693735431,-0.04250591807986448,-0.31665048652994343,-0.7625610518151767,5.573568833737595,-1.8346348265325507,-1.4252681488699028
8.669750213623047,7.771561172376096e-16,0.0,0.0,-0.014967664553788451,-0.08534500380586946,-0.025249375229167065,0.0,0.0,0.0,5.645515407253724,-0.8651115089522569,0.8796189735502593
8.674319982528687,7.771561172376096e-16,0.0,0.0,-0.014817987908250566,-0.08449155376781076,-0.024996881476875395,0.0,0.0,0.0,5.589060253181186,-0.8564603938627343,0.8708227838147568
8.677544593811035,0.02869291257137716,0.15737604155834345,0.03899547729255738,0.07431118862131196,0.4043999130543968,0.09618387209950731,-0.04211915111937548,-0.31706540539564937,-0.7624221732131556,5.7329785925346535,-1.9000104616288929,-1.4675466743900052
8.680341482162476,7.771561172376096e-16,0.0,0.0,-0.02902061815005523,-0.1623266882518577,-0.044202471258844245,0.0,0.0,0.0,5.8262417006648874,-0.7473740957283177,1.2730944992813775
8.683199167251587,7.771561172376096e-16,0.0,0.0,-0.02873041196855468,-0.16070342136933913,-0.0437604465462558,0.0,0.0,0.0,5.767979283658239,-0.7399003547710346,1.2603635542885638
8.685994625091553,0.028588488435635048,0.162370707708501,0.039320294914220885,0.07382453513580856,0.4217412323109611,0.09733495769737016,-0.04173309508534759,-0.3174781681632834,-0.7622822991689022,5.955133419541654,-1.947627136552419,-1.437641046832857
8.68972659111023,0.028588488435635048,0.162370707708501,0.039320294914220885,0.07308628978445048,0.4175238199878515,0.09636160812039646,-0.04173309508534759,-0.3174781681632834,-0.7622822991689022,5.895582085346237,-1.9281508651868948,-1.4232646363645285
8.693794965744019,7.771561172376096e-16,0.0,0.0,0.0020853780120545368,0.014243970428035935,-0.0012506660948303494,0.0,0.0,0.0,5.939205546987414,-1.1285130797886975,0.4646457505835766
8.698330879211426,7.771561172376096e-16,0.0,0.0,0.0020645242319339914,0.014101530723755576,-0.001238159433882046,0.0,0.0,0.0,5.87981349151754,-1.1172279489908106,0.45999929307774085
8.702421426773071,0.02848979124062133,0.1657733701169438,0.03963583841110539,0.07169174595918962,0.41922012337535564,0.09567039024989739,-0.041365992372255994,-0.31789896602438505,-0.7621429501725085,5.995155499671028,-1.937460766148748,-1.3787434685353193
8.706377744674683,0.02848979124062133,0.1657733701169438,0.03963583841110539,0.07097482849959771,0.41502792214160206,0.09471368634739841,-0.041365992372255994,-0.31789896602438505,-0.7621429501725085,5.935203944674317,-1.9180861584872604,-1.364956033849966
8.709506034851074,7.771561172376096e-16,0.0,0.0,-0.020806366595625958,-0.11903921507461446,-0.03293473516743846,0.0,0.0,0.0,6.0080838595534045,-0.882698525473423,1.0849859009114835
8.71296763420105,7.771561172376096e-16,0.0,0.0,-0.020598302929669698,-0.11784882292386831,-0.032605387815764074,0.0,0.0,0.0,5.94800302095787,-0.8738715402186887,1.0741360419023687
8.715697050094604,0.028354633446569504,0.16783221920254374,0.039928783716600504,0.0834930334220213,0.4982312623791876,0.11401124717496575,-0.04103649103856793,-0.3183232123604944,-0.7620004404557985,6.155902449912949,-2.1124792467879105,-1.6842612075547367
8.720136404037476,0.028354633446569504,0.16783221920254374,0.039928783716600504,0.08265810308780108,0.4932489497553957,0.1128711347032161,-0.04103649103856793,-0.3183232123604944,-0.7620004404557985,6.094343425413819,-2.0913544543200313,-1.6674185954791894
8.725690364837646,7.771561172376096e-16,0.0,0.0,0.030778526786059357,0.1861317217602646,0.03984997551000552,0.0,0.0,0.0,6.107286884702943,-1.4972946024591773,-0.27874977745506246
8.730857610702515,7.771561172376096e-16,0.0,0.0,0.030470741518198764,0.18427040454266194,0.039451475754905464,0.0,0.0,0.0,6.046214015855914,-1.4823216564345856,-0.27596227968051185
8.740377187728882,0.02802773785435948,0.1663826237332041,0.04024568897832506,0.05960824332799376,0.3572071295331682,0.08133372273461972,-0.04077620398032077,-0.31875971690703375,-0.7618608853825575,6.0613970106715085,-1.8253189833802241,-1.061044434252013
8.745497226715088,0.02802773785435948,0.1663826237332041,0.04024568897832506,0.059012160894713825,0.35363505823783653,0.08052038550727353,-0.04077620398032077,-0.31875971690703375,-0.7618608853825575,6.0007830405647935,-1.8070657935464218,-1.0504339899094928
8.75108003616333,7.771561172376096e-16,0.0,0.0,0.008218395199036194,0.05207201468711481,0.007626586561431656,0.0,0.0,0.0,6.013814070536442,-1.218028635926109,0.3247253546887827
8.757733821868896,7.771561172376096e-16,0.0,0.0,0.00813621124704583,0.05155129454024366,0.007550320695817339,0.0,0.0,0.0,5.9536759298310775,-1.205848349566848,0.3214781011418949
8.762752056121826,0.026801680836647156,0.17960541556135723,0.04099676469894968,0.061463437665490075,0.4089413844600364,0.08917041524820149,-0.04047161704486843,-0.3192031642510188,-0.761714025295494,6.057619206651751,-1.8720416134032032,-1.1745049205757674
8.766448497772217,0.026801680836647156,0.17960541556135723,0.04099676469894968,0.06084880328883517,0.40485197061543604,0.08827871109571947,-0.04047161704486843,-0.3192031642510188,-0.761714025295494,5.997043014585233,-1.8533211972691712,-1.1627598713700098
8.769623756408691,7.771561172376096e-16,0.0,0.0,-0.024167551645892238,-0.16483682008535933,-0.04171722676149374,0.0,0.0,0.0,6.06453186155138,-0.8295055790562724,1.2477716041667797
8.77468991279602,0.026036061015074233,0.1876794801179059,0.0415658321063162,0.027466262258145704,0.20726888454377465,0.04074603514179853,-0.04017843413647985,-0.3196394988471746,-0.7615672485374883,6.177993261015585,-1.4930409580345811,-0.24201406033177064
8.778606176376343,0.026036061015074233,0.1876794801179059,0.0415658321063162,0.027191599635564247,0.20519619569833691,0.04033857479038055,-0.04017843413647985,-0.3196394988471746,-0.7615672485374883,6.116213328405429,-1.4781105484542354,-0.23959391972845293
8.78295111656189,7.771561172376096e-16,0.0,0.0,-0.03300303083608039,-0.2288052801833902,-0.055729723088148136,0.0,0.0,0.0,6.147522972454767,-0.7276702964745755,1.5155701037586582
8.787050247192383,7.771561172376096e-16,0.0,0.0,-0.032673000527719584,-0.22651722738155627,-0.05517242585726666,0.0,0.0,0.0,6.086047742730219,-0.7203935935098297,1.5004144027210715
8.791021823883057,0.025532729475974188,0.1925697628994157,0.04202156177498231,0.03194237719756792,0.26061775327746206,0.05118504017045941,-0.03990726310126714,-0.32008473481742694,-0.7614159583819786,6.256768157282916,-1.5705690217584152,-0.39778342418721824
8.79460859298706,0.025532729475974188,0.1925697628994157,0.04202156177498231,0.031622953425592244,0.2580115757446874,0.05067318976875482,-0.03990726310126714,-0.32008473481742694,-0.7614159583819786,6.194200475710087,-1.5548633315408311,-0.39380558994534604
8.798182249069214,7.771561172376096e-16,0.0,0.0,-0.04014035688256,-0.2834277879999973,-0.06742057571293149,0.0,0.0,0.0,6.243929158293501,-0.643636078181607,1.7407682654773349
8.802160024642944,7.771561172376096e-16,0.0,0.0,-0.0397389533137344,-0.28059351011999734,-0.06674636995580217,0.0,0.0,0.0,6.1814898667105656,-0.6371997173997909,1.7233605828225615
8.810855150222778,0.02521075312785053,0.1948363004620142,0.042375409211031986,-0.010347441848282068,-0.053712259863045286,-0.01734423437374659,-0.039673190363716186,-0.32052952353701747,-0.7612581288597113,6.227500754642506,-1.022729348041042,0.8463260899575432
8.815120458602905,0.02521075312785053,0.1948363004620142,0.042375409211031986,-0.010243967429799248,-0.053175137264414835,-0.017170792030009124,-0.039673190363716186,-0.32052952353701747,-0.7612581288597113,6.1652257470960805,-1.0125020545606316,0.8378628290579678
8.819180011749268,7.771561172376096e-16,0.0,0.0,-0.0722438139404738,-0.5325885755159134,-0.12138350200802854,0.0,0.0,0.0,6.2013014634521575,-0.21280854708872654,2.704710614644643
8.823375225067139,7.771561172376096e-16,0.0,0.0,-0.07152137580106906,-0.5272626897607543,-0.12016966698794826,0.0,0.0,0.0,6.139288448817636,-0.21068046161783927,2.677663508498197
8.833587408065796,0.024999502520503033,0.19501126195108173,0.04263747586587973,-0.04632608513512461,-0.3310306353081145,-0.07721639196162325,-0.03948631228591522,-0.32098291341158147,-0.7610915472319448,6.169885898546838,-0.5425552891614298,1.9189568720544985
8.840477705001831,0.024999502520503033,0.19501126195108173,0.04263747586587973,-0.04586282428377336,-0.32772032895503334,-0.07644422804200701,-0.03948631228591522,-0.32098291341158147,-0.7610915472319448,6.108187039561369,-0.5371297362698155,1.8997673033339535
8.845816373825073,7.771561172376096e-16,0.0,0.0,-0.0922314171108502,-0.6897238134318593,-0.1555451553463329,0.0,0.0,0.0,6.1210680119516,0.06948303914479959,3.3063900844454577
8.850725889205933,7.771561172376096e-16,0.0,0.0,-0.0913091029397417,-0.6828265752975406,-0.15398970379286955,0.0,0.0,0.0,6.059857331832084,0.06878820875335159,3.2733261836010032
8.855097532272339,0.023721727604780012,0.1930897852419972,0.04264841774309664,-0.03613328449998437,-0.2343113229609866,-0.05489285369345444,-0.03936067389992624,-0.32145683189362156,-0.7609145910883699,6.211136103247621,-0.7109005679529736,1.5298469894643734
8.858531951904297,0.023721727604780012,0.1930897852419972,0.04264841774309664,-0.03577195165498452,-0.23196820973137675,-0.054343925156519896,-0.03936067389992624,-0.32145683189362156,-0.7609145910883699,6.149024742215144,-0.7037915622734439,1.5145485195697297
8.863991498947144,7.771561172376096e-16,0.0,0.0,-0.07886422426893643,-0.583322163425866,-0.13191762164605322,0.0,0.0,0.0,6.1596296220829,-0.10795602411752148,2.8931351244479715
8.868126153945923,7.771561172376096e-16,0.0,0.0,-0.07807558202624706,-0.5774889417916073,-0.1305984454295927,0.0,0.0,0.0,6.098033325862071,-0.10687646387634626,2.8642037732034917
8.871695518493652,0.023106097423793638,0.19020606485419728,0.04272162981234137,-0.012560341636480815,-0.03882910237554893,-0.009602725614650878,-0.03923476755730227,-0.32191100391738386,-0.7607414732097282,6.290696552612909,-1.059756394018645,0.739475907695812
8.874828100204468,0.023106097423793638,0.19020606485419728,0.04272162981234137,-0.012434738220116006,-0.03844081135179344,-0.00950669835850437,-0.03923476755730227,-0.32191100391738386,-0.7607414732097282,6.22778958708678,-1.0491588300784584,0.7320811486188539
8.877620458602905,7.771561172376096e-16,0.0,0.0,-0.09505799743713284,-0.7192227784450882,-0.16240642543948813,0.0,0.0,0.0,6.306019326551177,0.11416114908187303,3.449129363814235
8.88031005859375,7.771561172376096e-16,0.0,0.0,-0.09410741746276151,-0.7120305506606374,-0.16078236118509326,0.0,0.0,0.0,6.242959133285665,0.11301953759105429,3.4146380701760926
8.888077735900879,0.02286182149200327,0.1866196524975927,0.042807677824986505,-0.0637343514737717,-0.4646586936042265,-0.10406452703547298,-0.03912558471305478,-0.32237940589933184,-0.7605704498649031,6.29366148517572,-0.3267600836134437,2.4170070338939684
8.89291262626648,0.02286182149200327,0.1866196524975927,0.042807677824986505,-0.06309700795903397,-0.46001210666818426,-0.10302388176511824,-0.03912558471305478,-0.32237940589933184,-0.7605704498649031,6.230724870323963,-0.3234924827773093,2.3928369635550286
8.901347875595093,7.771561172376096e-16,0.0,0.0,-0.08956875956717456,-0.6766498473734818,-0.15274220550598952,0.0,0.0,0.0,6.214801057591414,0.06192368333966497,3.2705659370936333
8.905077457427979,7.771561172376096e-16,0.0,0.0,-0.08867307197150281,-0.669883348899747,-0.15121478345092962,0.0,0.0,0.0,6.1526530470155,0.06130444650626832,3.237860277722697
8.90847134590149,0.022864042579990404,0.18263263551861944,0.04289291618375176,-0.020418062186511488,-0.12506242641441123,-0.023319825696381663,-0.03903998844102408,-0.3228401976024439,-0.7604002232483239,6.341236589370792,-0.9444348965405011,0.9997869800410943
8.911255836486816,0.022864042579990404,0.18263263551861944,0.04289291618375176,-0.02021388156464637,-0.12381180215026712,-0.023086627439417848,-0.03903998844102408,-0.3228401976024439,-0.7604002232483239,6.277824223477084,-0.934990547575096,0.9897891102406834
8.938231706619263,7.771561172376096e-16,0.0,0.0,-0.028487481424983894,-0.1902759063821815,-0.03875623665410185,0.0,0.0,0.0,6.22951816999817,-0.8059632429951227,1.261772848726092
8.943479299545288,7.771561172376096e-16,0.0,0.0,-0.028202606610734055,-0.1883731473183597,-0.03836867428756083,0.0,0.0,0.0,6.167222988298188,-0.7979036105651715,1.2491551202388311
8.950780391693115,0.02256646611673511,0.17872391020962675,0.04335452623442737,0.0029877625632605924,0.058301235458706024,0.0213958904891991,-0.03898409896785225,-0.3233184927307094,-0.7602511421750207,6.217607943619971,-1.2574251653319548,0.21093768574630012
8.953802108764648,0.02256646611673511,0.17872391020962675,0.04335452623442737,0.0029578849376279866,0.05771822310411896,0.021181931584307107,-0.03898409896785225,-0.3233184927307094,-0.7602511421750207,6.155431864183771,-1.2448509136786352,0.2088283088888371
8.956697463989258,7.771561172376096e-16,0.0,0.0,-0.07501192703039397,-0.5601369659515913,-0.12876808173941143,0.0,0.0,0.0,6.2285211244593075,-0.11572252366702362,2.8325012302048047
8.960167407989502,7.771561172376096e-16,0.0,0.0,-0.07426180776009003,-0.5545355962920754,-0.12748040092201732,0.0,0.0,0.0,6.166235913214714,-0.11456529843035339,2.8041762179027567
8.96413278579712,7.771561172376096e-16,0.0,0.0,-0.07351918968248913,-0.5489902403291547,-0.12620559691279715,0.0,0.0,0.0,6.104573554082567,-0.11341964544604985,2.7761344557237293
8.969346761703491,7.771561172376096e-16,0.0,0.0,-0.07278399778566425,-0.5435003379258632,-0.12494354094366918,0.0,0.0,0.0,6.043527818541741,-0.11228544899158935,2.748373111166492
8.974037885665894,0.021417912999153143,0.1772983459079754,0.043050624736988376,-0.02639990747034228,-0.16012105652505298,-0.03192372154518512,-0.03893467917827241,-0.32426089813685627,-0.7600634630673805,6.155478192622457,-0.8388649268443485,1.1238579817206853
8.98194932937622,0.021417912999153143,0.1772983459079754,0.043050624736988376,-0.026135908395638858,-0.15851984595980245,-0.03160448432973327,-0.03893467917827241,-0.32426089813685627,-0.7600634630673805,6.093923410696233,-0.830476277575905,1.1126194019034785
8.985269546508789,7.771561172376096e-16,0.0,0.0,-0.0903821165700458,-0.6909308857848553,-0.16095051584493775,0.0,0.0,0.0,6.150249637321817,0.15445406476255075,3.3906912715045534
8.989465236663818,7.771561172376096e-16,0.0,0.0,-0.08947829540434535,-0.6840215769270067,-0.15934101068648837,0.0,0.0,0.0,6.088747140948599,0.15290952411492523,3.3567843587895076
8.992479085922241,0.021547614003223046,0.1754678366249264,0.04298663739708139,-0.017088184862159184,-0.09497627530434272,-0.015117250780455393,-0.03897831516329716,-0.32472907863040296,-0.7600000764223528,6.29141547518888,-0.983069859715555,0.8372294130686222
8.996377229690552,0.021547614003223046,0.1754678366249264,0.04298663739708139,-0.016917303013537593,-0.09402651255129929,-0.01496607827265084,-0.03897831516329716,-0.32472907863040296,-0.7600000764223528,6.228501320436991,-0.9732391611183995,0.828857118937936
9.000689268112183,7.771561172376096e-16,0.0,0.0,-0.06671896024115473,-0.5000117417458544,-0.1145062467396912,0.0,0.0,0.0,6.256610481291384,-0.21043120088186096,2.583076211432389
9.006183624267578,7.771561172376096e-16,0.0,0.0,-0.06605177063874318,-0.49501162432839585,-0.11336118427229429,0.0,0.0,0.0,6.19404437647847,-0.20832688887304235,2.557245449318065
9.00966215133667,0.021893709685964612,0.17327966767224776,0.042926991378642476,-0.002451654501460024,0.008079412570391464,0.011178083257478641,-0.03907680195721132,-0.3251937236648354,-0.7599484182224746,6.355368555344311,-1.1911144883308595,0.3776970683899137
9.015921115875244,0.021893709685964612,0.17327966767224776,0.042926991378642476,-0.0024271379564454235,0.00799861844468755,0.011066302424903855,-0.03907680195721132,-0.3251937236648354,-0.7599484182224746,6.291814869790868,-1.1792033434475508,0.37392009770601453
9.022469282150269,7.771561172376096e-16,0.0,0.0,-0.035837737907912046,-0.2567045620730487,-0.05460010487293192,0.0,0.0,0.0,6.288572667481577,-0.6707933103981778,1.5307323951248026
9.028879404067993,7.771561172376096e-16,0.0,0.0,-0.03547936052883292,-0.2541375164523182,-0.0540541038242026,0.0,0.0,0.0,6.225686940806761,-0.664085377294196,1.5154250711735546
9.03917145729065,0.02229867447204978,0.1710233000038734,0.04269331105024771,-0.013458652465424457,-0.08542589682443189,-0.012031741689014129,-0.039231572265240135,-0.3256616013042443,-0.7599025565307154,6.237121895541695,-0.9910184555451576,0.7722478052833683
9.04797911643982,0.02229867447204978,0.1710233000038734,0.04269331105024771,-0.013324065940770213,-0.08457163785618757,-0.011911424272123987,-0.039231572265240135,-0.3256616013042443,-0.7599025565307154,6.174750676586278,-0.981108270989706,0.7645253272305347
9.052619934082031,7.771561172376096e-16,0.0,0.0,-0.06123984636166716,-0.45224568068617743,-0.10378754522657635,0.0,0.0,0.0,6.1975390755375415,-0.2695639455380676,2.394312559171178
9.056748151779175,7.771561172376096e-16,0.0,0.0,-0.06062744789805049,-0.4477232238793157,-0.10274966977431059,0.0,0.0,0.0,6.135563684782166,-0.2668683060826869,2.3703694335794663
9.060471296310425,7.771561172376096e-16,0.0,0.0,-0.060021173419069984,-0.44324599164052253,-0.10172217307656749,0.0,0.0,0.0,6.074208047934345,-0.26419962302186006,2.3466657392436714
9.064021110534668,7.771561172376096e-16,0.0,0.0,-0.05942096168487929,-0.4388135317241173,-0.10070495134580182,0.0,0.0,0.0,6.0134659674550015,-0.26155762679164146,2.3231990818512345
9.07546615600586,0.022512610146400196,0.16513842239126936,0.04148958523828433,-0.03915657233561576,-0.29013726508669646,-0.06344676998431506,-0.03965693040518978,-0.3265994805920229,-0.7598375279978514,6.015659888459007,-0.559763355458974,1.6449718369941424
9.07946252822876,0.022512610146400196,0.16513842239126936,0.04148958523828433,-0.0387650066122596,-0.2872358924358295,-0.0628123022844719,-0.03965693040518978,-0.3265994805920229,-0.7598375279978514,5.955503289574417,-0.5541657219043843,1.628522118624201
9.089199542999268,7.771561172376096e-16,0.0,0.0,-0.061498005612611956,-0.45396214898389786,-0.10479434902736597,0.0,0.0,0.0,5.936676273776177,-0.21320351917969732,2.392596736573977
9.093975067138672,7.771561172376096e-16,0.0,0.0,-0.06088302555648584,-0.44942252749405887,-0.1037464055370923,0.0,0.0,0.0,5.8773095110384155,-0.21107148398790035,2.3686707692082374
9.097102403640747,0.022988964071560807,0.16261612754620147,0.04120485612840428,0.01323552792939122,0.07505452482330222,0.029048085947409402,-0.0398697497866767,-0.32706725354990235,-0.7598078906625855,6.040054060341057,-1.3123493846180416,-0.052157564980104265
9.099851846694946,0.022988964071560807,0.16261612754620147,0.04120485612840428,0.013103172650097309,0.07430397957506919,0.028757605087935307,-0.0398697497866767,-0.32706725354990235,-0.7598078906625855,5.979653519737647,-1.2992258907718612,-0.05163598933030322
9.102870464324951,7.771561172376096e-16,0.0,0.0,-0.06318511676631798,-0.4651496472450421,-0.10803237431085563,0.0,0.0,0.0,6.051936481427765,-0.2027335214199657,2.46595269900281
9.106174945831299,7.771561172376096e-16,0.0,0.0,-0.0625532655986548,-0.46049815077259165,-0.10695205056774708,0.0,0.0,0.0,5.991417116613487,-0.20070618620576605,2.4412931720127817
9.126952409744263,7.771561172376096e-16,0.0,0.0,-0.061927732942668255,-0.4558931692648657,-0.1058825300620696,0.0,0.0,0.0,5.9315029454473525,-0.1986991243437084,2.4168802402926537
9.131441116333008,7.771561172376096e-16,0.0,0.0,-0.06130845561324157,-0.4513342375722171,-0.10482370476144891,0.0,0.0,0.0,5.872187915992879,-0.1967121331002713,2.392711437889727
9.135741949081421,0.02402136834590156,0.15852494462477676,0.040961462049430734,-0.004842540335514248,-0.0782296155582225,-0.008534698203453692,-0.040335889323186665,-0.3279985650680793,-0.7597340887491071,5.96627676331563,-1.0008429245449892,0.6258768235529648
9.140600204467773,0.02402136834590156,0.15852494462477676,0.040961462049430734,-0.0047941149321591055,-0.07744731940264027,-0.008449351221419155,-0.040335889323186665,-0.3279985650680793,-0.7597340887491071,5.9066139956824735,-0.9908344952995394,0.6196180553174352
9.145281791687012,7.771561172376096e-16,0.0,0.0,-0.05605648206287676,-0.41528651973656233,-0.09585967545201193,0.0,0.0,0.0,5.933706432794196,-0.28031212841778674,2.236234936170216
9.148961305618286,7.771561172376096e-16,0.0,0.0,-0.05549591724224799,-0.4111336545391967,-0.09490107869749181,0.0,0.0,0.0,5.874369368466254,-0.2775090071336089,2.213872586808514
9.151718616485596,0.024822112358319878,0.15706681936631736,0.04111412969962711,0.0350819430568042,0.16261537222272993,0.05515745103082774,-0.04059774127175115,-0.32846108095783344,-0.7596728617148563,6.048644084838023,-1.5358170183308935,-0.5261320210298783
9.155648708343506,0.024822112358319878,0.15706681936631736,0.04111412969962711,0.034731123626236156,0.16098921850050263,0.05460587652051946,-0.04059774127175115,-0.32846108095783344,-0.7596728617148563,5.988157643989643,-1.5204588481475845,-0.5208707008195795
9.160527229309082,7.771561172376096e-16,0.0,0.0,-0.01649659282601059,-0.16257648872478306,-0.030215990404037246,0.0,0.0,0.0,6.0114933818919765,-0.8319742158259331,1.0415166410151568
9.170973062515259,7.771561172376096e-16,0.0,0.0,-0.016331626897750483,-0.16095072383753523,-0.029913830499996873,0.0,0.0,0.0,5.951378448073057,-0.8236544736676737,1.0311014746050053
9.176193475723267,0.025665543429136586,0.15593797885560778,0.04126945699547923,0.03299550534994371,0.13936689833781082,0.049439312442364616,-0.04079285951422963,-0.3289217083241309,-0.759602294108213,6.0127157377162535,-1.4835400734000523,-0.41423716930097276
9.180176734924316,0.025665543429136586,0.15593797885560778,0.04126945699547923,0.032665550296444266,0.1379732293544327,0.04894491931794097,-0.04079285951422963,-0.3289217083241309,-0.759602294108213,5.952588580339091,-1.4687046726660518,-0.410094797607963
9.183588981628418,7.771561172376096e-16,0.0,0.0,-0.042877071854786,-0.3204015340081383,-0.07248964485145895,0.0,0.0,0.0,6.012611083182969,-0.4900729383270813,1.82011217369627
9.187544345855713,7.771561172376096e-16,0.0,0.0,-0.04244830113623814,-0.3171975186680569,-0.07176474840294436,0.0,0.0,0.0,5.952484972351139,-0.4851722089438105,1.8019110519593073
9.193452596664429,0.02647084336344332,0.1550795600877778,0.04143445849201195,0.0027793634265791956,-0.05154589407481219,-0.0009172776709104047,-0.04094580726243711,-0.3293770339916644,-0.7595219137627662,5.998186468536148,-1.0724178660121633,0.5164049427165358
9.197858095169067,0.02647084336344332,0.1550795600877778,0.04143445849201195,0.0027515697923134034,-0.05103043513406407,-0.0009081048942013006,-0.04094580726243711,-0.3293770339916644,-0.7595219137627662,5.938204603850787,-1.0616936873520417,0.5112408932893704
9.201886653900146,7.771561172376096e-16,0.0,0.0,-0.06298392022215143,-0.4354706067218882,-0.10375084073043415,0.0,0.0,0.0,5.980461406829305,-0.23347160685576196,2.391472510504802
9.20683217048645,7.771561172376096e-16,0.0,0.0,-0.06235408101992992,-0.4311159006546693,-0.10271333232312982,0.0,0.0,0.0,5.9206567927610125,-0.23113689078720434,2.367557785399754
9.209922313690186,0.027165273775378005,0.15446843739359167,0.041596690691778376,0.026178893057115953,0.0730699476765368,0.032924684539403296,-0.041065027251092484,-0.32983200473765256,-0.7594319455309769,6.060389280131888,-1.3640006429725386,-0.07861786274365867
9.21264934539795,0.027165273775378005,0.15446843739359167,0.041596690691778376,0.025917104126544792,0.07233924819977143,0.032595437694009265,-0.041065027251092484,-0.32983200473765256,-0.7594319455309769,5.9997853873305695,-1.3503606365428134,-0.07783168411622209
9.22760820388794,7.771561172376096e-16,0.0,0.0,0.007497941937856592,-0.03164632668535193,0.004462086970875381,0.0,0.0,0.0,5.9672395126832,-1.1163642666698212,0.4306270456649737
9.232950210571289,7.771561172376096e-16,0.0,0.0,0.007422962518478026,-0.03132986341849841,0.004417466101166626,0.0,0.0,0.0,5.907567117556368,-1.1052006240031231,0.42632077520832395
9.244283199310303,0.027297516004866434,0.1535961787004965,0.04184468909621013,0.031435508794600116,0.10451359609173472,0.041296198591876006,-0.04116635540425939,-0.33029143232936653,-0.7593435200704612,5.901959574186816,-1.4041499898521397,-0.23842546041138718
9.249336957931519,0.027297516004866434,0.1535961787004965,0.04184468909621013,0.031121153706654116,0.10346846013081737,0.040883236605957246,-0.04116635540425939,-0.33029143232936653,-0.7593435200704612,5.842939978444948,-1.3901084899536182,-0.2360412058072733
9.252309322357178,7.771561172376096e-16,0.0,0.0,-0.06102777385613799,-0.4143136911490881,-0.10030473015890778,0.0,0.0,0.0,5.923007578048889,-0.2649996760216011,2.320997608116216
9.25550103187561,7.771561172376096e-16,0.0,0.0,-0.06041749611757661,-0.41017055423759724,-0.0993016828573187,0.0,0.0,0.0,5.8637775022684,-0.26234967926138514,2.2977876320350537
9.259295225143433,0.027234303676413947,0.1567141936205264,0.04290467509625377,0.011965583485546175,0.006968080523924336,0.014771169571931766,-0.04124066293413064,-0.3307451308597605,-0.7592653416340209,5.969810839027161,-1.1868714884322527,0.3026322084445605
9.264017581939697,0.027234303676413947,0.1567141936205264,0.04290467509625377,0.011845927650690712,0.006898399718685093,0.01462345787621245,-0.04124066293413064,-0.3307451308597605,-0.7592653416340209,5.9101127306368895,-1.17500277354793,0.2996058863601149
9.267663478851318,7.771561172376096e-16,0.0,0.0,-0.06297103335691383,-0.4230077338726348,-0.1032021190874031,0.0,0.0,0.0,5.964126877661723,-0.2560819209722601,2.3791298768536544
9.276590347290039,7.771561172376096e-16,0.0,0.0,-0.06234132302334469,-0.4187776565339084,-0.10217009789652906,0.0,0.0,0.0,5.904485608885106,-0.2535211017625375,2.3553385780851177
9.27961277961731,0.027357278163383826,0.15892809297631388,0.04359637744778411,0.02879620334863381,0.11123857793387215,0.0430942948192438,-0.04130035559892186,-0.3311921751437881,-0.7591815638100172,6.056569842324101,-1.4167639921563395,-0.1430982985215894
9.283607482910156,0.027357278163383826,0.15892809297631388,0.04359637744778411,0.02850824131514747,0.11012619215453343,0.042663351871051365,-0.04130035559892186,-0.3311921751437881,-0.7591815638100172,5.996004143900859,-1.4025963522347762,-0.1416673155363735
9.292812585830688,7.771561172376096e-16,0.0,0.0,-0.0014965285361117457,-0.06362723275567392,-0.00512437888269527,0.0,0.0,0.0,5.980910907271605,-1.0287784580811523,0.6844892550042136
9.296169996261597,7.771561172376096e-16,0.0,0.0,-0.0014815632507506281,-0.06299096042811718,-0.005073135093868317,0.0,0.0,0.0,5.921101798198889,-1.0184906735003407,0.6776443624541715
9.299075841903687,0.027549222401051277,0.1605741541264174,0.04408243011791918,0.09333946645594107,0.49022905169425457,0.14668018320596196,-0.041349627938474104,-0.3316366437893081,-0.7590959161571593,6.084868558856109,-2.2229619435787527,-1.902416241241272
9.302579879760742,0.027549222401051277,0.1605741541264174,0.04408243011791918,0.09240607179138166,0.485326761177312,0.14521338137390233,-0.041349627938474104,-0.3316366437893081,-0.7590959161571593,6.024019873267548,-2.2007323241429653,-1.8833920788288592
9.307162523269653,7.771561172376096e-16,0.0,0.0,0.03136556878970753,0.13007714740818554,0.047566922096707154,0.0,0.0,0.0,6.054010624985345,-1.4550452227463553,-0.2080995775704404
9.312418222427368,7.771561172376096e-16,0.0,0.0,0.031051913101810456,0.12877637593410368,0.047091252875740085,0.0,0.0,0.0,5.993470518735491,-1.4404947705188917,-0.20601858179473598
9.330316543579102,0.027741073974735214,0.1617301423646812,0.04440093899060239,0.0462406543425104,0.21784912196426215,0.0714276608851452,-0.04139490707074203,-0.33207789886583355,-0.7590069587501613,5.970112807005136,-1.6236281458832158,-0.6216079317936427
9.338482141494751,0.027741073974735214,0.1617301423646812,0.04440093899060239,0.0457782477990853,0.21567063074461953,0.07071338427629374,-0.04139490707074203,-0.33207789886583355,-0.7590069587501613,5.910411678935085,-1.6073918644243836,-0.6153918524757063
9.343192100524902,7.771561172376096e-16,0.0,0.0,-0.013578293239535556,-0.12986516087831726,-0.024264079109389894,0.0,0.0,0.0,5.939195602796932,-0.8862631953247798,1.0022558261673176
9.347959756851196,7.771561172376096e-16,0.0,0.0,-0.0134425103071402,-0.12856650926953408,-0.024021438318295996,0.0,0.0,0.0,5.879803646768963,-0.877400563371532,0.9922332679056444
9.354575157165527,0.02757227449552136,0.1641048170076565,0.044966802849089535,0.028370835474080185,0.12078398819944755,0.044191688832807066,-0.0414303876528166,-0.33252283071986494,-0.7589210565437134,5.922278945077622,-1.4036146493069843,-0.14737316453962546
9.358835935592651,0.02757227449552136,0.1641048170076565,0.044966802849089535,0.028087127119339382,0.11957614831745307,0.043749771944478995,-0.0414303876528166,-0.33252283071986494,-0.7589210565437134,5.863056155626846,-1.3895785028139145,-0.14589943289422921
9.364364385604858,7.771561172376096e-16,0.0,0.0,-0.0220671705817574,-0.1784565505447458,-0.038024814379911405,0.0,0.0,0.0,5.879365925558313,-0.7742070239011563,1.2283151346387506
9.369625806808472,7.771561172376096e-16,0.0,0.0,-0.021846498875939827,-0.17667198503929835,-0.037644566236112294,0.0,0.0,0.0,5.8205722663027295,-0.7664649536621447,1.2160319832923632
9.375963926315308,0.028035398344994335,0.16753986415373798,0.04520124998777098,0.02260495716758931,0.08943159998543998,0.03404837943704782,-0.04146181223255748,-0.33295264106776484,-0.7588061275827385,5.871871350737116,-1.3185016204596849,0.025613032034404792
9.380088806152344,0.028035398344994335,0.16753986415373798,0.04520124998777098,0.022378907595913416,0.08853728398558558,0.03370789564267734,-0.04146181223255748,-0.33295264106776484,-0.7588061275827385,5.813152637229745,-1.305316604255088,0.025356901714060746
9.384308576583862,7.771561172376096e-16,0.0,0.0,-0.044283088960694265,-0.30938358372939295,-0.07374697732963059,0.0,0.0,0.0,5.8532771958872605,-0.503233213769861,1.8233199416266843
9.389575958251953,7.771561172376096e-16,0.0,0.0,-0.043840258071087324,-0.306289747892099,-0.07300950755633429,0.0,0.0,0.0,5.794744423928388,-0.49820088163216236,1.8050867422104175
9.394257068634033,0.02846477328217502,0.1698326285517417,0.04535478676489029,0.017405882329994626,0.05957730221241242,0.024609537069563522,-0.04144495861684838,-0.3333893416038494,-0.7586820119756411,5.888533564989365,-1.252736846265169,0.19268754400615262
9.398321628570557,0.02846477328217502,0.1698326285517417,0.04535478676489029,0.01723182350669468,0.0589815291902883,0.024363441698867887,-0.04144495861684838,-0.3333893416038494,-0.7586820119756411,5.829648229339472,-1.2402094778025172,0.19076066856609109
9.401407480239868,7.771561172376096e-16,0.0,0.0,-0.07518333830135887,-0.4919673012179588,-0.12285675421632575,0.0,0.0,0.0,5.9056581332830245,-0.1474270623520091,2.6474353052223742
9.404447078704834,7.771561172376096e-16,0.0,0.0,-0.07443150491834528,-0.4870476282057792,-0.12162818667416249,0.0,0.0,0.0,5.846601551950195,-0.145952791728489,2.6209609521701505
9.407410383224487,0.028858347446080117,0.17118316766196534,0.04543421608217718,0.02369850658789857,0.09549944704421792,0.03291090012486683,-0.04139983615960291,-0.3338182240503145,-0.7585481015654041,6.031103661753362,-1.3468069008231658,0.07750195743352961
9.410335302352905,0.028858347446080117,0.17118316766196534,0.04543421608217718,0.023461521522019586,0.09454445257377574,0.03258179112361816,-0.04139983615960291,-0.3338182240503145,-0.7585481015654041,5.970792625135829,-1.3333388318149342,0.07672693785919431
9.414547681808472,7.771561172376096e-16,0.0,0.0,-0.04528151690266425,-0.31278215838690193,-0.07560281909593836,0.0,0.0,0.0,6.009366054104963,-0.5275359436059466,1.8767188583086416
9.419071197509766,7.771561172376096e-16,0.0,0.0,-0.04482870173363761,-0.3096543368030329,-0.07484679090497898,0.0,0.0,0.0,5.949272393563914,-0.5222605841698871,1.8579516697255551
9.429815769195557,0.029176817971967042,0.1717684697496853,0.04545716102925174,-0.01722547655292086,-0.14669244489175845,-0.03179122843825045,-0.04133389682597907,-0.33425383541998366,-0.7584072345467346,5.957195391046683,-0.8492647618780558,1.145423802610133
9.436026334762573,0.029176817971967042,0.1717684697496853,0.04545716102925174,-0.01705322178739165,-0.14522552044284087,-0.03147331615386794,-0.04133389682597907,-0.33425383541998366,-0.7584072345467346,5.8976234371362155,-0.8407721142592752,1.1339695645840318
9.440783262252808,7.771561172376096e-16,0.0,0.0,-0.07821811675831586,-0.504864474011961,-0.12671850296708617,0.0,0.0,0.0,5.925539207973751,-0.12969689165448217,2.7169514895718656
9.445560693740845,7.771561172376096e-16,0.0,0.0,-0.0774359355907327,-0.49981582927184137,-0.12545131793741532,0.0,0.0,0.0,5.866283815894013,-0.12839992273793735,2.689781974676147
9.450650215148926,0.029390247054753547,0.17175256453632567,0.045435547295020695,-0.018914993210167194,-0.1573545761906427,-0.0349240742752123,-0.04125737646519548,-0.33468799983449643,-0.7582608222714667,5.9499732065811965,-0.8296467561871548,1.1983561871040633
9.456597089767456,0.029390247054753547,0.17175256453632567,0.045435547295020695,-0.01872584327806552,-0.15578103042873626,-0.03457483353246017,-0.04125737646519548,-0.33468799983449643,-0.7582608222714667,5.890473474515384,-0.8213502886252833,1.1863726252330227
9.461543321609497,7.771561172376096e-16,0.0,0.0,-0.07795805403584583,-0.5014624317531815,-0.1260879966796839,0.0,0.0,0.0,5.914980471736622,-0.13648431468059496,2.707515936432009
9.468375205993652,7.771561172376096e-16,0.0,0.0,-0.07717847349548737,-0.4964478074356497,-0.12482711671288706,0.0,0.0,0.0,5.855830667019256,-0.135119471533789,2.6804407770676892
9.471922159194946,0.029507818390940674,0.171930861501786,0.04627872573131265,0.006785326234690192,-0.006755023842447416,0.006895742375024161,-0.041176965704904936,-0.3351302105557508,-0.7580749577613508,6.001150654935954,-1.1433426471797996,0.5528606354350472
9.477084875106812,0.029507818390940674,0.171930861501786,0.04627872573131265,0.0067174729723432905,-0.006687473604022942,0.006826784951273919,-0.041176965704904936,-0.3351302105557508,-0.7580749577613508,5.941139148386595,-1.1319092207080017,0.5473320290806967
9.484509706497192,7.771561172376096e-16,0.0,0.0,-0.03309177378499327,-0.2381825730894158,-0.055571148446292205,0.0,0.0,0.0,5.937186209142132,-0.6692260598300495,1.5628582681111483
9.489433526992798,7.771561172376096e-16,0.0,0.0,-0.032760856047143336,-0.23580074735852163,-0.055015436961829284,0.0,0.0,0.0,5.877814347050711,-0.6625337992317489,1.5472296854300367
9.492342233657837,0.0297420147769136,0.17162265637463897,0.04676502456286835,0.06981843410911873,0.3565880749697961,0.10631072526363923,-0.04106383145928422,-0.3355708306709187,-0.7578719946166645,6.066432481209346,-1.8891134394458695,-1.029040149587125
9.495387077331543,0.0297420147769136,0.17162265637463897,0.04676502456286835,0.06912024976802754,0.3530221942200981,0.10524761801100284,-0.04106383145928422,-0.3355708306709187,-0.7578719946166645,6.005768156397252,-1.8702223050514108,-1.0187497480912537
9.49904203414917,7.771561172376096e-16,0.0,0.0,-0.012945415578227149,-0.12006940679762385,-0.023754453462086503,0.0,0.0,0.0,6.058061546291206,-0.933394786915209,1.0649834366099153
9.503038167953491,7.771561172376096e-16,0.0,0.0,-0.012815961422444877,-0.11886871272964761,-0.02351690892746564,0.0,0.0,0.0,5.997480930828294,-0.924060839046057,1.0543336022438161
9.50662636756897,0.030021261022924742,0.17095799458056757,0.04707633427228479,0.07097883951636037,0.35876502456459425,0.10791590610438806,-0.04093016590186761,-0.3360178210888992,-0.7576561864769907,6.136532347064892,-1.9162911469595534,-1.0312817530985672
9.511601686477661,0.030021261022924742,0.17095799458056757,0.04707633427228479,0.07026905112119677,0.3551773743189483,0.10683674704334417,-0.04093016590186761,-0.3360178210888992,-0.7576561864769907,6.075167023594243,-1.897128235489958,-1.0209689355675815
9.516013622283936,7.771561172376096e-16,0.0,0.0,0.0015208079520577095,-0.03586415921956826,-0.0009338399048420265,0.0,0.0,0.0,6.107186798136938,-1.1165460960345683,0.7065281753310217
9.520476818084717,7.771561172376096e-16,0.0,0.0,0.0015055998725371324,-0.03550551762737258,-0.0009245015057936062,0.0,0.0,0.0,6.046114930155569,-1.1053806350742226,0.6994628935777115
9.524805068969727,0.030295793740676306,0.17005233284236398,0.04725507037736088,0.0714860098150315,0.3577388070487681,0.10826295806475984,-0.04078450504444306,-0.33646708842754197,-0.7574314059363138,6.14910230909643,-1.9260390507441918,-1.0271619508460004
9.529847621917725,0.030295793740676306,0.17005233284236398,0.04725507037736088,0.07077114971688118,0.3541614189782804,0.10718032848411224,-0.04078450504444306,-0.33646708842754197,-0.7574314059363138,6.087611286005466,-1.9067786602367498,-1.0168903313375404
9.540205240249634,7.771561172376096e-16,0.0,0.0,0.04081366981750942,0.18643888269516642,0.06048503448637225,0.0,0.0,0.0,6.066111508261754,-1.5628610117786184,-0.27544191794329975
9.545250654220581,7.771561172376096e-16,0.0,0.0,0.04040553311933432,0.18457449386821476,0.05988018414150852,0.0,0.0,0.0,6.005450393179136,-1.547232401660832,-0.2726874987638668
9.5573091506958,0.03052303271907646,0.16900309370875954,0.047332928662478284,0.06531394753244175,0.3228814570686126,0.09853414383611724,-0.04063751379497844,-0.33692314135262513,-0.7572000329445252,6.00344997446326,-1.830795663851644,-0.8869849075400806
9.563083410263062,0.03052303271907646,0.16900309370875954,0.047332928662478284,0.06466080805711734,0.31965264249792646,0.09754880239775607,-0.04063751379497844,-0.33692314135262513,-0.7572000329445252,5.943415474718628,-1.8124877072131276,-0.8781150584646799
9.567689895629883,7.771561172376096e-16,0.0,0.0,-0.0022468000885384753,-0.050424662331392534,-0.006179489322069326,0.0,0.0,0.0,5.972199365963022,-1.0629524065253015,0.7744356314705974
9.572410583496094,7.771561172376096e-16,0.0,0.0,-0.0022243320876530904,-0.049920415708078605,-0.006117694428848633,0.0,0.0,0.0,5.912477372303392,-1.0523228824600486,0.7666912751558914
9.577511310577393,0.029794332803470876,0.1666820279968669,0.046939847848805255,0.05620984413727404,0.2773597068164747,0.08596928021181993,-0.04050607803204105,-0.3373989076383275,-0.7569096963810321,5.98763752766205,-1.7485159930536582,-0.6998810694031528
9.58795976638794,0.029794332803470876,0.1666820279968669,0.046939847848805255,0.0556477456959013,0.27458610974830994,0.08510958740970173,-0.04050607803204105,-0.3373989076383275,-0.7569096963810321,5.92776115238543,-1.7310308331231217,-0.6928822587091212
9.59304666519165,7.771561172376096e-16,0.0,0.0,-0.0034794522592419344,-0.055828994297884627,-0.008017470027779014,0.0,0.0,0.0,5.948111777229265,-1.0504501892542686,0.8020055848611661
9.59824824333191,7.771561172376096e-16,0.0,0.0,-0.003444657736649515,-0.05527070435490578,-0.007937295327501225,0.0,0.0,0.0,5.888630659456973,-1.0399456873617259,0.7939855290125545
9.60964560508728,0.029545924280359227,0.1646978638406402,0.04671880862456567,0.022513265619397545,0.08978725519852788,0.03313297501704869,-0.04034014460554657,-0.33785874657902987,-0.756612482919791,5.888696737532541,-1.346034107983927,0.13321930297711204
9.613470792770386,0.029545924280359227,0.1646978638406402,0.04671880862456567,0.022288132963203568,0.0888893826465426,0.032801645266878204,-0.04034014460554657,-0.33785874657902987,-0.756612482919791,5.829809770157215,-1.3325737669040878,0.13188710994734093
9.61861538887024,7.771561172376096e-16,0.0,0.0,-0.035365737518715315,-0.23213710924195474,-0.05833779295298428,0.0,0.0,0.0,5.849924328809162,-0.6625225253832469,1.601261891438659
9.62363052368164,7.771561172376096e-16,0.0,0.0,-0.03501208014352816,-0.22981573814953518,-0.057754415023454436,0.0,0.0,0.0,5.7914250855210705,-0.6558973001294144,1.5852492725242724
9.63388466835022,0.029545752713281463,0.1630460612507442,0.04659495696630354,-0.005848485699756614,-0.06851254766142464,-0.011736750344122478,-0.04014235972805119,-0.33832913141777865,-0.7563110684127555,5.797992036245298,-1.001539431076079,0.8440031590637724
9.637654542922974,7.771561172376096e-16,0.0,0.0,-0.0841633051612033,-0.5003247323848111,-0.13521754523860377,0.0,0.0,0.0,5.8464940662855795,-0.09406942683481145,2.841760028237044
9.642569065093994,7.771561172376096e-16,0.0,0.0,-0.08332167210959127,-0.495321485060963,-0.13386536978621774,0.0,0.0,0.0,5.788029125622724,-0.09312873256646334,2.8133424279546735
9.652422666549683,0.029692804948661937,0.16171893571049364,0.046545580628714195,-0.052354493626200274,-0.3262466173936227,-0.08528959082199569,-0.039922132863215234,-0.33879209599963106,-0.7560121362909024,5.796402633552068,-0.459272299990998,2.0306308763350063
9.656044006347656,0.029692804948661937,0.16171893571049364,0.046545580628714195,-0.05183094868993827,-0.3229841512196865,-0.08443669491377573,-0.039922132863215234,-0.33879209599963106,-0.7560121362909024,5.738438607216548,-0.454679576991088,2.010324567571656
9.660318613052368,7.771561172376096e-16,0.0,0.0,-0.1207758834260236,-0.6980790232588681,-0.19248089677122993,0.0,0.0,0.0,5.774447919374465,0.34243626525081755,3.758833473880699
9.66640043258667,7.771561172376096e-16,0.0,0.0,-0.11956812459176337,-0.6910982330262794,-0.19055608780351763,0.0,0.0,0.0,5.71670344018072,0.3390119025983094,3.7212451391418924
9.670270442962646,0.029900679613208223,0.16069846656387093,0.04654391621218175,-0.04110991247818034,-0.26894684834097105,-0.06838233203611636,-0.039694203226412074,-0.33926294597281015,-0.7557201438736004,5.826633702135445,-0.600574397101611,1.7636380648522045
9.675718069076538,0.029900679613208223,0.16069846656387093,0.04654391621218175,-0.04069881335339854,-0.2662573798575613,-0.0676985087157552,-0.039694203226412074,-0.33926294597281015,-0.7557201438736004,5.7683673651140905,-0.5945686531305948,1.7460016842036825
9.679578304290771,7.771561172376096e-16,0.0,0.0,-0.11775000575497324,-0.6798867096490728,-0.18759427018187974,0.0,0.0,0.0,5.813512148858634,0.2902430276849086,3.6862465789357404
9.684608459472656,7.771561172376096e-16,0.0,0.0,-0.11657250569742351,-0.6730878425525821,-0.18571832748006095,0.0,0.0,0.0,5.755377027370048,0.2873405974080595,3.649384113146383
9.690214157104492,0.02902105945021955,0.16264021914191412,0.04700594403341517,-0.06363613342358537,-0.3762231934109085,-0.10000727423114941,-0.039451697752138186,-0.33974809180174764,-0.7553993866268857,5.815849227287146,-0.36161431850440107,2.2874324292239505
9.69320821762085,0.02902105945021955,0.16264021914191412,0.04700594403341517,-0.06299977208934952,-0.3724609614767994,-0.09900720148883792,-0.039451697752138186,-0.33974809180174764,-0.7553993866268857,5.7576907350142745,-0.35799817531935707,2.264558104931711
9.696253061294556,7.771561172376096e-16,0.0,0.0,-0.15768192356295171,-0.902886004753588,-0.2523959714464886,0.0,0.0,0.0,5.829682705346838,0.7613963710227019,4.722826053697359
9.700689554214478,7.771561172376096e-16,0.0,0.0,-0.1561051043273222,-0.8938571447060522,-0.24987201173202372,0.0,0.0,0.0,5.771385878293369,0.7537824073124748,4.675597793160385
9.708491563796997,0.02875332539430993,0.16372409015580797,0.04737803678394996,-0.1176903105525209,-0.6750699587140504,-0.18664786404011946,-0.03919085650972589,-0.34020947460272793,-0.7550815900591075,5.799595021049058,0.2816755526334453,3.6769471761378076
9.713238000869751,0.02875332539430993,0.16372409015580797,0.04737803678394996,-0.11651340744699569,-0.6683192591269099,-0.18478138539971825,-0.03919085650972589,-0.34020947460272793,-0.7550815900591075,5.741599070838567,0.2788587971071108,3.6401777043764296
9.716842651367188,7.771561172376096e-16,0.0,0.0,-0.19511557789971168,-1.1158384649990747,-0.3143694397877137,0.0,0.0,0.0,5.792906121483558,1.2198773128890146,5.698518789632602
9.721357107162476,7.771561172376096e-16,0.0,0.0,-0.19316442212071455,-1.104680080349084,-0.31122574538983655,0.0,0.0,0.0,5.734977060268722,1.2076785397601244,5.641533601736276
9.732086420059204,0.028796649035017833,0.16451674566413724,0.04770520118865381,-0.16439354847988868,-0.9402993734067386,-0.2636509937875946,-0.03891593546833687,-0.34067848211803103,-0.7547737237961775,5.740735139960622,0.8572987167096012,4.893329165382315
9.736195087432861,0.028796649035017833,0.16451674566413724,0.04770520118865381,-0.1627496129950898,-0.9308963796726712,-0.26101448384971865,-0.03891593546833687,-0.34067848211803103,-0.7547737237961775,5.683327788561016,0.8487257295425052,4.844395873728493
9.740250587463379,0.029016456805308656,0.1650625722821474,0.04797528081887767,-0.16055893278948902,-0.9202375890293419,-0.25776473362917984,-0.03864508815153987,-0.3411340663655974,-0.7544826906626348,5.6269788599581805,0.8391101285219266,4.796797626367965
9.744874954223633,0.029016456805308656,0.1650625722821474,0.04797528081887767,-0.15895334346159412,-0.9110352131390486,-0.25518708629288805,-0.03864508815153987,-0.3411340663655974,-0.7544826906626348,5.570709071358599,0.8307190272367073,4.748829650104286
9.750226497650146,7.771561172376096e-16,0.0,0.0,-0.21158453569940538,-1.210364051586514,-0.3422827750128435,0.0,0.0,0.0,5.587214957484698,1.4598617073615126,6.111182647097429
9.755115509033203,7.771561172376096e-16,0.0,0.0,-0.20946869034241133,-1.1982604110706487,-0.33885994726271507,0.0,0.0,0.0,5.5313428079098514,1.4452630902878973,6.050070820626455
9.75877046585083,0.029303151905744746,0.16540661532454523,0.048178057417369954,-0.1272002739863652,-0.7337235810746185,-0.20365567985929553,-0.03839805212567219,-0.3415946189189006,-0.7542130355436212,5.663603854933777,0.4341059690182524,3.961246208095039
9.76417064666748,0.029303151905744746,0.16540661532454523,0.048178057417369954,-0.12592827124650152,-0.7263863452638724,-0.20161912306070257,-0.03839805212567219,-0.3415946189189006,-0.7542130355436212,5.606967816384439,0.4297649093280699,3.9216337460140887
9.767754077911377,7.771561172376096e-16,0.0,0.0,-0.20644299202762903,-1.1807097261773023,-0.3340496510169916,0.0,0.0,0.0,5.658052565115415,1.3787285220511718,5.987140463665559
9.772863388061523,7.771561172376096e-16,0.0,0.0,-0.20437856210735275,-1.1689026289155293,-0.33070915450682165,0.0,0.0,0.0,5.601472039464261,1.3649412368306602,5.927269059028903
9.775743246078491,0.028785427798983507,0.16261635226341187,0.04835061534520552,-0.10238044669160709,-0.5925456526604518,-0.15950970486517493,-0.03820533269813539,-0.34206467707162347,-0.7539049863098679,5.7765685739493495,0.08620665473442624,3.2935568465625584
9.781404256820679,0.028785427798983507,0.16261635226341187,0.04835061534520552,-0.10135664222469101,-0.5866201961338473,-0.1579146078165232,-0.03820533269813539,-0.34206467707162347,-0.7539049863098679,5.718802888209856,0.08534458818708197,3.260621278096933
9.785211324691772,7.771561172376096e-16,0.0,0.0,-0.17595356863747946,-1.0078972912440503,-0.28333770331204106,0.0,0.0,0.0,5.761968554065433,0.9829901674180751,5.208292307111695
9.789977788925171,7.771561172376096e-16,0.0,0.0,-0.17419403295110467,-0.9978183183316097,-0.28050432627892063,0.0,0.0,0.0,5.704348868524779,0.9731602657438944,5.1562093840405785
9.794939041137695,0.028757984424875847,0.1605272015434745,0.04854030402560327,-0.11448691932869573,-0.6642782707902748,-0.1798604674383506,-0.03795987326274017,-0.3425149911051148,-0.7536101856529297,5.7785335307184535,0.22828814581471202,3.610604838426483
9.800009489059448,0.028757984424875847,0.1605272015434745,0.04854030402560327,-0.11334205013540877,-0.657635488082372,-0.1780618627639671,-0.03795987326274017,-0.3425149911051148,-0.7536101856529297,5.720748195411269,0.2260052643565649,3.574498790042218
9.804011821746826,7.771561172376096e-16,0.0,0.0,-0.18406168801565426,-1.0521432361041523,-0.29756127709981356,0.0,0.0,0.0,5.758385086046305,1.0795336177725392,5.4216811960327975
9.807043313980103,7.771561172376096e-16,0.0,0.0,-0.1822210711354977,-1.0416218037431106,-0.29458566432881544,0.0,0.0,0.0,5.700801235185842,1.0687382815948139,5.36746438407247
9.809828996658325,0.02894917694518754,0.15904302729334413,0.048712529389697425,-0.07647755893672009,-0.46027542005300703,-0.11677233347350596,-0.03770093108912685,-0.34296784508159334,-0.7533298521392667,5.873961882427598,-0.25327352548327675,2.6539464596030937
9.813791990280151,0.02894917694518754,0.15904302729334413,0.048712529389697425,-0.07571278334735289,-0.45567266585247695,-0.11560461013877091,-0.03770093108912685,-0.34296784508159334,-0.7533298521392667,5.815222263603322,-0.250740790228444,2.6274069950070627
9.8180251121521,7.771561172376096e-16,0.0,0.0,-0.14334295411027737,-0.8268268969796927,-0.22952327925525182,0.0,0.0,0.0,5.846131807270217,0.5619673523948259,4.380741154934285
9.827064990997314,7.771561172376096e-16,0.0,0.0,-0.14190952456917458,-0.8185586280098958,-0.22722804646269928,0.0,0.0,0.0,5.787670489197515,0.5563476788708777,4.336933743384942
9.833820104598999,0.029229521339957515,0.15808604587841918,0.04884613806146432,-0.09722021498886739,-0.5763487821836715,-0.15264589685052268,-0.037455008957132996,-0.3434107987231706,-0.7530686581794916,5.823831304731639,0.009075682665615203,3.1971920770201723
9.839743375778198,0.029229521339957515,0.15808604587841918,0.04884613806146432,-0.09624801283897871,-0.5705852943618348,-0.15111943788201745,-0.037455008957132996,-0.3434107987231706,-0.7530686581794916,5.765592991684323,0.008984925838959051,3.1652201562499704
9.845001935958862,7.771561172376096e-16,0.0,0.0,-0.15087018009645486,-0.8655055452321614,-0.2424970502930741,0.0,0.0,0.0,5.779163800019628,0.6619460770919006,4.565649422440859
9.848915100097656,7.771561172376096e-16,0.0,0.0,-0.14936147829549032,-0.8568504897798398,-0.24007207979014336,0.0,0.0,0.0,5.721372162019431,0.6553266163209815,4.519992928216451
9.851656675338745,0.029499572887983563,0.15757671516740557,0.04892819643220492,-0.040267049039661454,-0.2735149210212625,-0.059203900945122095,-0.03724956441952316,-0.34385700105145084,-0.7528273260932252,5.894845783595996,-0.6883011357074806,1.774625735460437
9.861923933029175,0.029499572887983563,0.15757671516740557,0.04892819643220492,-0.03986437854926484,-0.2707797718110499,-0.058611861935670875,-0.03724956441952316,-0.34385700105145084,-0.7528273260932252,5.835897325760036,-0.6814181243504058,1.7568794781058326
9.867170810699463,7.771561172376096e-16,0.0,0.0,-0.0956888349420599,-0.5683967101921394,-0.1512777676760102,0.0,0.0,0.0,5.848532125866849,-0.019248467604513042,3.1741208188008128
9.870633125305176,7.771561172376096e-16,0.0,0.0,-0.0947319465926393,-0.562712743090218,-0.1497649899992501,0.0,0.0,0.0,5.79004680460818,-0.019055982928467913,3.142379610612805
9.874876737594604,0.028965159673297023,0.15764663685193736,0.04898237916910044,-0.025528722256582467,-0.185594004032467,-0.032841198811277963,-0.03710944016441554,-0.34431055636542107,-0.7526271691124051,5.881514905854623,-0.8828152351326048,1.366614778111881
9.878965616226196,0.028965159673297023,0.15764663685193736,0.04898237916910044,-0.025273435034016644,-0.18373806399214235,-0.032512786823165184,-0.03710944016441554,-0.34431055636542107,-0.7526271691124051,5.822699756796077,-0.8739870827812788,1.352948630330762
9.88643741607666,7.771561172376096e-16,0.0,0.0,-0.06378667441555852,-0.39288952139256306,-0.097743990962488,0.0,0.0,0.0,5.814138757926023,-0.404433802525688,2.3467094678785143
9.889693975448608,7.771561172376096e-16,0.0,0.0,-0.06314880767140293,-0.3889606261786374,-0.09676655105286311,0.0,0.0,0.0,5.755997370346763,-0.4003894645004311,2.323242373199729
9.894093751907349,0.028802758266879162,0.15795042753679694,0.049026668162128126,0.002946820542842843,-0.026074536759108813,0.015631021458362884,-0.03702969237303458,-0.3447513250196312,-0.7524552269823811,5.843066537396307,-1.2304055221924304,0.6179344708219532
9.899339437484741,0.028802758266879162,0.15795042753679694,0.049026668162128126,0.0029173523374144143,-0.025813791391517724,0.015474711243779256,-0.03702969237303458,-0.3447513250196312,-0.7524552269823811,5.784635872022344,-1.2181014669705061,0.6117551261137336
9.903945922851562,7.771561172376096e-16,0.0,0.0,-0.059638359258420315,-0.36844272455016475,-0.09110969809063821,0.0,0.0,0.0,5.807175511355528,-0.45751619706807933,2.2391068406013193
9.90824556350708,7.771561172376096e-16,0.0,0.0,-0.05904197566583611,-0.3647582973046631,-0.09019860110973182,0.0,0.0,0.0,5.749103756241972,-0.4529410350973985,2.216715772195306
9.913197040557861,0.028793427359658348,0.1584408028350569,0.049042014259764274,-0.0003003677599475868,-0.04112376657820238,0.009748606674182633,-0.03703312975909079,-0.345199198736216,-0.7523120382813046,5.8207558175591725,-1.1904010701447405,0.7002637393616691
9.918033838272095,0.028793427359658348,0.1584408028350569,0.049042014259764274,-0.0002973640823481109,-0.04071252891242036,0.009651120607440807,-0.03703312975909079,-0.345199198736216,-0.7523120382813046,5.762548259383581,-1.178497059443293,0.6932611019680524
9.922040224075317,7.771561172376096e-16,0.0,0.0,-0.0721632237837772,-0.43577606126093626,-0.11285500532000149,0.0,0.0,0.0,5.797358032848465,-0.3050896298771225,2.564110799572169
9.92714548110962,7.771561172376096e-16,0.0,0.0,-0.07144159154593942,-0.4314183006483269,-0.11172645526680147,0.0,0.0,0.0,5.739384452519981,-0.30203873357835126,2.5384696915764473
9.931198596954346,0.02884128464976437,0.15906335247416903,0.0490241427530612,0.00043112764695647787,-0.03465702615018662,0.010345019901005295,-0.03713053841286052,-0.3456433615907115,-0.7521917367314375,5.840571412772914,-1.2066554949433395,0.6880351882964615
9.935129880905151,0.02884128464976437,0.15906335247416903,0.0490241427530612,0.00042681637048691307,-0.034310455888684754,0.010241569701995242,-0.03713053841286052,-0.3456433615907115,-0.7521917367314375,5.782165698645185,-1.194588939993906,0.6811548364134968
9.947307109832764,7.771561172376096e-16,0.0,0.0,-0.023262055918845375,-0.16459095495893483,-0.030119711985379258,0.0,0.0,0.0,5.754835821548546,-0.8987990302134734,1.2920468240532021
9.951380729675293,7.771561172376096e-16,0.0,0.0,-0.02302943535965692,-0.16294504540934548,-0.029818514865525465,0.0,0.0,0.0,5.69728746333306,-0.8898110399113387,1.2791263558126702
9.956932306289673,0.02887339266585772,0.159771475266218,0.048974055662833,0.02921021538302037,0.12647918185170484,0.05869615195065969,-0.03732468849477839,-0.3460954141198133,-0.7520883518221281,5.756654381593315,-1.544419781370081,-0.06583821577024551
9.959965944290161,0.02887339266585772,0.159771475266218,0.048974055662833,0.028918113229190166,0.1252143900331878,0.0581091904311531,-0.03732468849477839,-0.3460954141198133,-0.7520883518221281,5.699087837777382,-1.5289755835563803,-0.06517983361254305
9.963067770004272,7.771561172376096e-16,0.0,0.0,-0.06445622267018432,-0.3911262533252525,-0.10035973972284587,0.0,0.0,0.0,5.762428312399149,-0.3979061353115989,2.3601354408196302
9.965895891189575,7.771561172376096e-16,0.0,0.0,-0.06381166044348248,-0.387214990792,-0.09935614232561742,0.0,0.0,0.0,5.704804029275158,-0.3939270739584829,2.336534086411434
9.969394445419312,0.027958872550014644,0.15687683241267766,0.04912328726769338,0.016741960435187997,0.06506190608049928,0.04204766870922094,-0.037633180814394464,-0.3465667993301931,-0.7519574632076415,5.825182836848166,-1.442062377177278,0.19794516280595342
9.979790449142456,0.027958872550014644,0.15687683241267766,0.04912328726769338,0.016574540830836117,0.06441128701969429,0.04162719202212873,-0.037633180814394464,-0.3465667993301931,-0.7519574632076415,5.766931008479684,-1.4276417534055053,0.19596571117789388
9.988253593444824,7.771561172376096e-16,0.0,0.0,-0.016627238882346847,-0.121597539966012,-0.01683285832444851,0.0,0.0,0.0,5.753728836694614,-1.0038641068386225,1.082514433862059
10.005442142486572,7.771561172376096e-16,0.0,0.0,-0.01646096649352338,-0.12038156456635188,-0.016664529741204023,0.0,0.0,0.0,5.6961915483276675,-0.9938254657702362,1.0716892895234382
10.009082555770874,0.027501900767487635,0.15534562306955346,0.04922710441040666,0.05924973813288491,0.30754749059933273,0.1187260601085602,-0.03792711470210569,-0.3470244626618599,-0.7518322919203236,5.805654495920783,-1.9951660323831726,-0.9723450855588884
10.034055233001709,0.027501900767487635,0.15534562306955346,0.04922710441040666,0.05865724075155606,0.3044720156933394,0.11753879950747459,-0.03792711470210569,-0.3470244626618599,-0.7518322919203236,5.747597950961575,-1.975214372059341,-0.9626216347032995
10.038402557373047,0.027276554146629866,0.15455887942641597,0.049298869002601504,0.05761058670976292,0.29960338228616185,0.11654073523224706,-0.03824912207187358,-0.3474940668881209,-0.7517052951023572,5.689290957546829,-1.9564968958312325,-0.9527961194199046
10.04292893409729,7.771561172376096e-16,0.0,0.0,-0.0032268624090718637,-0.04485534640830052,0.0064606881890698215,0.0,0.0,0.0,5.716900784712234,-1.1692228119268493,0.7174537412048955
10.045907258987427,0.027188309526606603,0.15438222094460727,0.049338762655901654,0.08809265837694724,0.4739457261374747,0.17205551899746024,-0.038605668396035006,-0.3479605143942217,-0.7515744851848895,5.858118651744134,-2.3957850281018764,-1.775092279310643
10.048792123794556,0.027188309526606603,0.15438222094460727,0.049338762655901654,0.08721173179317777,0.46920626887609995,0.17033496380748564,-0.038605668396035006,-0.3479605143942217,-0.7515744851848895,5.799537465226693,-2.3718271778208577,-1.7573413565175364
10.052761793136597,7.771561172376096e-16,0.0,0.0,0.01784950312348567,0.07560972160064228,0.04434226308070255,0.0,0.0,0.0,5.838793687797347,-1.471561051768929,0.15352447116711132
10.058219909667969,7.771561172376096e-16,0.0,0.0,0.017671008092250813,0.07485362438463586,0.043898840449895525,0.0,0.0,0.0,5.780405750919374,-1.4568454412512397,0.15198922645544022
10.063333988189697,0.027161608828980482,0.15468793041121712,0.049350121604193956,0.07060574069562896,0.37657977591491054,0.13995841262579628,-0.03899988710305189,-0.3484371547135643,-0.7514377124355822,5.837727774847859,-2.1642667985174198,-1.296767571963182
10.066783905029297,0.027161608828980482,0.15468793041121712,0.049350121604193956,0.06989968328867267,0.37281397815576145,0.13855882849953832,-0.03899988710305189,-0.3484371547135643,-0.7514377124355822,5.77935049709938,-2.1426241305322455,-1.2837998962435502
10.069807052612305,7.771561172376096e-16,0.0,0.0,-0.02064477455196241,-0.14259255695346928,-0.02606762133510801,0.0,0.0,0.0,5.8505612369831805,-0.9686337316845541,1.2146518274976008
10.072694540023804,7.771561172376096e-16,0.0,0.0,-0.020438326806442787,-0.1411666313839346,-0.02580694512175693,0.0,0.0,0.0,5.792055624613349,-0.9589473943677086,1.2025053092226248
10.076358795166016,0.02653661984662911,0.16692056679758863,0.05069198392344422,0.052186285994572784,0.31578254615470347,0.11279297541804027,-0.039347847793159946,-0.3489170164029494,-0.7513221501080688,5.917365220538827,-1.9576246483654045,-0.8275019516832514
10.083374261856079,0.02653661984662911,0.16692056679758863,0.05069198392344422,0.051664423134627054,0.31262472069315644,0.11166504566385987,-0.039347847793159946,-0.3489170164029494,-0.7513221501080688,5.858191568333439,-1.9380484018817505,-0.8192269321664188
10.086278200149536,7.771561172376096e-16,0.0,0.0,-0.04023370777093318,-0.26530908070211096,-0.06401448733632391,0.0,0.0,0.0,5.935107875466395,-0.7171375093514727,1.7762177997881452
10.089739799499512,7.771561172376096e-16,0.0,0.0,-0.039831370693223844,-0.26265598989508987,-0.06337434246296067,0.0,0.0,0.0,5.875756796711731,-0.709966134257958,1.7584556217902638
10.093661546707153,0.026314397533634334,0.17544788788141105,0.05151479633102503,0.02766560118922628,0.18734231171007648,0.06861614988890091,-0.039686593291204574,-0.34939361796400525,-0.7512094877682793,6.002671620447821,-1.6460933311514858,-0.1429931561877571
10.098455429077148,0.026314397533634334,0.17544788788141105,0.05151479633102503,0.027388945177334017,0.18546888859297572,0.06792998839001191,-0.039686593291204574,-0.34939361796400525,-0.7512094877682793,5.942644904243343,-1.629632397839971,-0.14156322462587953
10.102035760879517,7.771561172376096e-16,0.0,0.0,-0.04638203612561424,-0.3064182821019397,-0.0766320552578916,0.0,0.0,0.0,5.994064587575999,-0.6374666928927348,1.9580084703389273
10.111844301223755,7.771561172376096e-16,0.0,0.0,-0.0459182157643581,-0.30335409928092033,-0.07586573470531269,0.0,0.0,0.0,5.934123941700239,-0.6310920259638074,1.938428385635538
10.11694598197937,0.02631408816628176,0.18170522485298563,0.052061266307331155,0.0061202192450403176,0.055846817831982754,0.02694020627474568,-0.040026852408675935,-0.34987672209243287,-0.7511003857753386,6.025490790672967,-1.3510007091826615,0.47200221739019566
10.12225890159607,0.02631408816628176,0.18170522485298563,0.052061266307331155,0.006059017052589914,0.05528834965366292,0.02667080421199822,-0.040026852408675935,-0.34987672209243287,-0.7511003857753386,5.965235882766237,-1.3374907020908349,0.4672821952162937
10.126444816589355,7.771561172376096e-16,0.0,0.0,-0.05686498101916342,-0.3793517648172867,-0.0979683920216719,0.0,0.0,0.0,6.001206231214942,-0.4882729204448868,2.2569611147114426
10.131775140762329,7.771561172376096e-16,0.0,0.0,-0.05629633120897179,-0.37555824716911385,-0.09698870810145518,0.0,0.0,0.0,5.9411941689027925,-0.4833901912404379,2.234391503564328
10.139416217803955,0.02644859574088832,0.18599143694343268,0.05238688624444159,-0.021119666717317152,-0.1283926899906963,-0.027459263304877995,-0.04037937319537865,-0.3503615202254888,-0.7509901333527896,5.985890773081318,-0.9642746934543032,1.2465238809578492
10.1446213722229,0.02644859574088832,0.18599143694343268,0.05238688624444159,-0.02090847005014398,-0.12710876309078933,-0.027184670671829215,-0.04037937319537865,-0.3503615202254888,-0.7509901333527896,5.926031865350504,-0.9546319465197601,1.2340586421482707
10.148586988449097,7.771561172376096e-16,0.0,0.0,-0.08739417937981606,-0.5948478527806218,-0.15901558746093647,0.0,0.0,0.0,5.968595250485173,-0.06158732504779829,3.1154719908450095
10.152694463729858,7.771561172376096e-16,0.0,0.0,-0.0865202375860179,-0.5888993742528156,-0.1574254315863271,0.0,0.0,0.0,5.908909297980321,-0.06097145179732031,3.0843172709365594
10.15928053855896,0.026645680628223343,0.18861314342056462,0.05254092515862295,-0.04519743137230787,-0.2966286610267051,-0.07607539803627862,-0.04075066368592212,-0.3508534822180248,-0.7508752545869293,5.972831075166782,-0.6248977302809516,1.9338296259831151
10.166696310043335,7.771561172376096e-16,0.0,0.0,-0.08067655429420606,-0.5480029292973048,-0.14616489243442446,0.0,0.0,0.0,5.968054112055456,-0.1455307733353332,2.9270296154148268
10.171072244644165,7.771561172376096e-16,0.0,0.0,-0.07986978875126399,-0.5425229000043317,-0.1447032435100802,0.0,0.0,0.0,5.908373570934901,-0.14407546560197987,2.8977593192606785
10.176191329956055,0.02567383953270092,0.19210413845745103,0.052547026340372324,-0.028917913160168694,-0.16182723350783246,-0.040606961963373364,-0.04112972732576771,-0.35136642307913646,-0.7507345293390458,6.011872497895022,-0.8686301776959469,1.42835880678386
10.181033611297607,0.02567383953270092,0.19210413845745103,0.052547026340372324,-0.028628734028567006,-0.16020896117275413,-0.04020089234373963,-0.04112972732576771,-0.35136642307913646,-0.7507345293390458,5.9517537729160725,-0.8599438759189874,1.4140752187160213
10.186135292053223,7.771561172376096e-16,0.0,0.0,-0.0786667236521856,-0.535157556834716,-0.14279832391358632,0.0,0.0,0.0,5.972856190248776,-0.1626176431666594,2.87147799365517
10.192291259765625,7.771561172376096e-16,0.0,0.0,-0.07788005641566374,-0.5298059812663688,-0.14137034067445045,0.0,0.0,0.0,5.913127628346288,-0.1609914667349928,2.8427632137186185
10.19515872001648,0.025354848290974556,0.19390212734147905,0.05252281531084429,0.011321411152920013,0.15170765044026246,0.04321177908677626,-0.041456465016853565,-0.3518623992284386,-0.7505935551818761,6.147676289875047,-1.4564021537977043,0.2433249999681566
10.197810411453247,7.771561172376096e-16,0.0,0.0,-0.08440944511489808,-0.5810488329305985,-0.15529321619872893,0.0,0.0,0.0,6.242539229409356,-0.11490244755064682,3.0715135364039745
10.202408075332642,7.771561172376096e-16,0.0,0.0,-0.0835653506637491,-0.5752383446012925,-0.15374028403674164,0.0,0.0,0.0,6.180113837115263,-0.11375342307514036,3.0407984010399347
10.207636833190918,0.025401929660200138,0.19435085172252523,0.052469591580989204,-0.03414850378631555,-0.1977899350811405,-0.05185478131651937,-0.04175789688373246,-0.35237137208113845,-0.750449033141896,6.279363575390231,-0.8249207421259895,1.6007402255405234
10.21291470527649,0.025401929660200138,0.19435085172252523,0.052469591580989204,-0.0338070187484524,-0.1958120357303291,-0.05133623350335417,-0.04175789688373246,-0.35237137208113845,-0.750449033141896,6.2165699396363285,-0.8166715347047296,1.584732823285118
10.216670274734497,7.771561172376096e-16,0.0,0.0,-0.10110697241920355,-0.7113542675716003,-0.19053428422476407,0.0,0.0,0.0,6.265593494893994,0.12975867442431988,3.567115168429099
10.220835208892822,7.771561172376096e-16,0.0,0.0,-0.10009590269501151,-0.7042407248958843,-0.18862894138251643,0.0,0.0,0.0,6.202937559945054,0.12846108768007666,3.531444016744808
10.241519212722778,0.025689891976494156,0.19375364813243398,0.05239554047123298,-0.08667476999777447,-0.6035251343864263,-0.16141122150581827,-0.042045008862649384,-0.3528737137128037,-0.750300913170083,6.181248995095728,-0.05321926755841344,3.139854536801906
10.245089054107666,0.025689891976494156,0.19375364813243398,0.05239554047123298,-0.08580802229779673,-0.597489883042562,-0.15979710929076008,-0.042045008862649384,-0.3528737137128037,-0.750300913170083,6.119436505144771,-0.0526870748828293,3.108455991433887
10.248799562454224,7.771561172376096e-16,0.0,0.0,-0.15418544723229105,-1.113690465402434,-0.29940766160635646,0.0,0.0,0.0,6.171555478686554,0.8988515731071927,5.099468791484163
10.252565860748291,7.771561172376096e-16,0.0,0.0,-0.15264359275996814,-1.1025535607484096,-0.2964135849902929,0.0,0.0,0.0,6.109839923899688,0.8898630573761207,5.048474103569322
10.25615668296814,0.02610709268139614,0.19287330158394395,0.0521062022977729,-0.07841210188120498,-0.5543995075612546,-0.14834005884601487,-0.04232392325707095,-0.3533850068782513,-0.7501543739878259,6.27860881766979,-0.1603332525493355,2.9462678295501687
10.260700702667236,0.02610709268139614,0.19287330158394395,0.0521062022977729,-0.07762798086239293,-0.548855512485642,-0.14685665825755473,-0.04232392325707095,-0.3533850068782513,-0.7501543739878259,6.215822729493092,-0.15872992002384215,2.916805151254667
10.265802145004272,7.771561172376096e-16,0.0,0.0,-0.1280276057422521,-0.9214429775162944,-0.24752822941501673,0.0,0.0,0.0,6.236629123693149,0.5355732495738723,4.358112162337173
10.27199673652649,7.771561172376096e-16,0.0,0.0,-0.12674732968482957,-0.9122285477411315,-0.24505294712086656,0.0,0.0,0.0,6.174262832456217,0.5302175170781336,4.314531040713802
10.278103590011597,0.025645402456969668,0.19420442402610094,0.05190495015053116,-0.08348539472370611,-0.5850956459951283,-0.1576078287388381,-0.042586022533208666,-0.35390758825152135,-0.749987595532302,6.2489369061905045,-0.08766902895937168,3.065113480045543
10.28264307975769,0.025645402456969668,0.19420442402610094,0.05190495015053116,-0.08265054077646905,-0.579244689535177,-0.15603175045144974,-0.042586022533208666,-0.35390758825152135,-0.749987595532302,6.1864475371286,-0.08679233866977795,3.0344623452450876
10.286451578140259,7.771561172376096e-16,0.0,0.0,-0.14916134230927933,-1.083376114250174,-0.2907586121357256,0.0,0.0,0.0,6.236401469579479,0.8433331363844494,4.973365231427991
10.290908098220825,7.771561172376096e-16,0.0,0.0,-0.14766972888618654,-1.0725423531076723,-0.28785102601436835,0.0,0.0,0.0,6.174037454883685,0.8348998050206049,4.923631579113711
10.294901371002197,0.025809224306814125,0.19408322783110052,0.051781003073425466,-0.08156127283741992,-0.575791460100868,-0.15530192747141314,-0.04280690856267634,-0.3544147947943149,-0.7498243281901369,6.3200930204440695,-0.11178810901687752,3.030115212581371
10.299316644668579,0.025809224306814125,0.19408322783110052,0.051781003073425466,-0.08074566010904571,-0.5700335454998593,-0.153748908196699,-0.04280690856267634,-0.3544147947943149,-0.7498243281901369,6.256892090239629,-0.11067022792670875,2.999814060455557
10.304340124130249,7.771561172376096e-16,0.0,0.0,-0.13131539038359097,-0.9506853974320919,-0.2552893822447183,0.0,0.0,0.0,6.279536832276039,0.5959530341366005,4.462455302397372
10.30789303779602,7.771561172376096e-16,0.0,0.0,-0.13000223647975506,-0.941178543457771,-0.25273648842227114,0.0,0.0,0.0,6.216741463953279,0.5899935037952345,4.417830749373398
10.311151027679443,0.026298471963289122,0.19309651022633442,0.051718776575778086,-0.047982282794424624,-0.3390807241934418,-0.09146468777742445,-0.04299383177174389,-0.354928333919397,-0.7496633270241474,6.406270038528193,-0.5685973659278469,2.1138342805133594
10.314479112625122,0.026298471963289122,0.19309651022633442,0.051718776575778086,-0.04750245996648038,-0.3356899169515074,-0.0905500408996502,-0.04299383177174389,-0.354928333919397,-0.7496633270241474,6.342207338142911,-0.5629113922685685,2.0926959377082257
10.318718671798706,7.771561172376096e-16,0.0,0.0,-0.10905858267842741,-0.7877966693556934,-0.2116354703449404,0.0,0.0,0.0,6.380196354951311,0.2798998893919785,3.840026705915604
10.338904857635498,7.771561172376096e-16,0.0,0.0,-0.10796799685164314,-0.7799187026621365,-0.209519115641491,0.0,0.0,0.0,6.316394391401798,0.27710089049805875,3.8016264388564482
10.342761516571045,0.02696512150119367,0.19148691428310133,0.051700116689889324,-0.0369699705843264,-0.27560966738794523,-0.07336976632924655,-0.04315646133282343,-0.3554341094653069,-0.7495063079014289,6.462128769862467,-0.7019039346464485,1.8551934208875194
10.346303701400757,0.02696512150119367,0.19148691428310133,0.051700116689889324,-0.03660027087848313,-0.2728535707140658,-0.07263606866595408,-0.04315646133282343,-0.3554341094653069,-0.7495063079014289,6.397507482163842,-0.694884895299984,1.8366414866786442
10.349355220794678,7.771561172376096e-16,0.0,0.0,-0.12460048191525605,-0.8976383802098855,-0.24133388661267985,0.0,0.0,0.0,6.4749585487548975,0.47684144179019605,4.274449230149379
10.352309703826904,7.771561172376096e-16,0.0,0.0,-0.12335447709610349,-0.8886619964077866,-0.23892054774655305,0.0,0.0,0.0,6.4102089632673485,0.47207302737229406,4.231704737847886
10.355805158615112,0.02770091830711189,0.1902249873116993,0.05166182866949001,-0.042872536950209386,-0.33556868850877286,-0.08873418338786729,-0.043302313062970124,-0.35594338485873617,-0.7493746344290971,6.573287060723313,-0.6126697534226795,2.084549881856277
10.359177827835083,0.02770091830711189,0.1902249873116993,0.05166182866949001,-0.04244381158070729,-0.3322130016236851,-0.08784684155398861,-0.043302313062970124,-0.35594338485873617,-0.7493746344290971,6.50755419011608,-0.6065430558884527,2.063704383037714
10.364803791046143,7.771561172376096e-16,0.0,0.0,-0.0912570191229031,-0.6670107280219966,-0.1787958997883436,0.0,0.0,0.0,6.519447358173502,0.03220227588098368,3.3750608242624276
10.368500471115112,7.771561172376096e-16,0.0,0.0,-0.09034444893167407,-0.6603406207417766,-0.17700794079046014,0.0,0.0,0.0,6.454252884591767,0.03188025312217384,3.3413102160198034
10.37213683128357,0.028809906786901287,0.18462846476457148,0.05215390797003373,-0.010213685221321406,-0.14600845222390701,-0.031814477685765175,-0.04347476673260971,-0.35644335990390935,-0.7492319508423393,6.595428761854303,-1.0099217258519009,1.2847005978186639
10.37594485282898,0.029983172151115126,0.18016755948840882,0.05248178331693009,-0.0066754153077311675,-0.1561839973811804,-0.031109798236154416,-0.04360953338614358,-0.3569404450033478,-0.7490980479865965,6.5289924768656995,-1.0010958484554304,1.2721684726995148
10.378957271575928,0.029983172151115126,0.18016755948840882,0.05248178331693009,-0.006608661154653856,-0.1546221574073686,-0.03079870025379287,-0.04360953338614358,-0.3569404450033478,-0.7490980479865965,6.463702552097042,-0.9910848899708761,1.2594467879725197
10.381961107254028,7.771561172376096e-16,0.0,0.0,-0.10635886066590082,-0.7528675982132227,-0.2052066063327165,0.0,0.0,0.0,6.54424501726552,0.20710815294369445,3.7406573356197197
10.385300636291504,7.771561172376096e-16,0.0,0.0,-0.10529527205924182,-0.7453389222310904,-0.20315454026938934,0.0,0.0,0.0,6.478802567092864,0.2050370714142575,3.7032507622635227
10.388556718826294,0.031090247351892645,0.17639562173134918,0.052734447640999806,-0.00875872204127115,-0.19614367036670255,-0.039166265952265966,-0.04371342475738102,-0.35742852142129894,-0.7489733947503332,6.622994727059874,-0.9677837767930428,1.407966698625219
10.392172574996948,0.031090247351892645,0.17639562173134918,0.052734447640999806,-0.008671134820858439,-0.19418223366303553,-0.038774603292743307,-0.04371342475738102,-0.35742852142129894,-0.7489733947503332,6.556764779789275,-0.9581059390251124,1.3938870316389669
10.395694971084595,7.771561172376096e-16,0.0,0.0,-0.09684890758597697,-0.6930234503207768,-0.18809871909712217,0.0,0.0,0.0,6.6152985211301285,0.06620632187552333,3.5062660884207903
10.399105310440063,7.771561172376096e-16,0.0,0.0,-0.09588041851011721,-0.6860932158175691,-0.18621773190615096,0.0,0.0,0.0,6.549145535918827,0.06554425865676809,3.4712034275365826
10.410916328430176,0.032028707740919996,0.17330039487021565,0.052925208167891785,-0.06780396217366691,-0.5325045460373734,-0.13954552363785316,-0.043793399533637103,-0.3579143943625415,-0.7488604060571569,6.5391199067441335,-0.2588109995303877,2.814118888588
10.413988828659058,0.032028707740919996,0.17330039487021565,0.052925208167891785,-0.06712592255193024,-0.5271795005769997,-0.13815006840147462,-0.043793399533637103,-0.3579143943625415,-0.7488604060571569,6.473728707676692,-0.2562228895350838,2.78597769970212
10.419331312179565,7.771561172376096e-16,0.0,0.0,-0.12640563485112016,-0.8462894171946342,-0.23583337150156441,0.0,0.0,0.0,6.49096340865666,0.4162794392943923,4.159826328884658
10.42970585823059,7.771561172376096e-16,0.0,0.0,-0.12514157850260896,-0.8378265230226879,-0.23347503778654877,0.0,0.0,0.0,6.426053774570094,0.4121166449014484,4.118228065595812
10.434114217758179,0.03246450146940317,0.1706346387142995,0.05325279748228606,-0.05024711870940529,-0.4423776533046615,-0.11034070845187277,-0.04386950115102507,-0.3583998341331981,-0.7487839089702022,6.505338223983067,-0.46096855881167464,2.409635600429353
10.439449787139893,0.03246450146940317,0.1706346387142995,0.05325279748228606,-0.04974464752231124,-0.4379538767716149,-0.10923730136735404,-0.04386950115102507,-0.3583998341331981,-0.7487839089702022,6.440284841743236,-0.4563588732235579,2.3855392444250594
10.444879531860352,7.771561172376096e-16,0.0,0.0,-0.10903730747157234,-0.7478333823957233,-0.20622098942821404,0.0,0.0,0.0,6.4566767698937095,0.20827227408609572,3.7407245758454586
10.449994087219238,7.771561172376096e-16,0.0,0.0,-0.10794693439685661,-0.740355048571766,-0.2041587795339319,0.0,0.0,0.0,6.392110002194772,0.20618955134523476,3.703317330087004
10.454144477844238,0.03354800268147653,0.1662931737580143,0.05396149236563298,-0.02603651270975589,-0.3322827688432093,-0.07210173719174967,-0.04397242999977449,-0.3588678440897425,-0.7486966515142873,6.471807168605802,-0.7216707483687305,1.8956188393596265
10.457897186279297,0.03354800268147653,0.1662931737580143,0.05396149236563298,-0.02577614758265833,-0.32895994115477717,-0.07138071981983217,-0.04397242999977449,-0.3588678440897425,-0.7486966515142873,6.407089096919744,-0.7144540408850432,1.8766626509660302
10.460713863372803,7.771561172376096e-16,0.0,0.0,-0.14462328016381878,-0.916058122229038,-0.2622454662657376,0.0,0.0,0.0,6.499132764133867,0.5667728035165158,4.515980805422156
10.463547945022583,7.771561172376096e-16,0.0,0.0,-0.1431770473621806,-0.9068975410067477,-0.2596230116030802,0.0,0.0,0.0,6.434141436492528,0.5611050754813507,4.470820997367935
10.466802597045898,0.034376568840155254,0.16322272215023872,0.054424355200367126,-0.03612240662811246,-0.3963226565748982,-0.08980658464116198,-0.044027926536483165,-0.3593323427946171,-0.7486262202612511,6.545021895702511,-0.6281932430657371,2.168631896239736
10.478733777999878,7.771561172376096e-16,0.0,0.0,-0.0645735599557796,-0.5291629222869173,-0.1345237478406351,0.0,0.0,0.0,6.516473243075177,-0.3207405009888083,2.7743991572279105
10.484132289886475,7.771561172376096e-16,0.0,0.0,-0.0639278243562218,-0.5238712930640481,-0.13317851036222875,0.0,0.0,0.0,6.4513085106444255,-0.3175330959789202,2.7466551656556315
10.491134881973267,0.03494644798372997,0.16118438464032123,0.05475262003034295,-0.013383528726820727,-0.28845440804718725,-0.05365764991090029,-0.04404772566764765,-0.3597826221873771,-0.748569653950502,6.465787730725486,-0.8656863608419345,1.6701572084758531
10.494380474090576,0.03494644798372997,0.16118438464032123,0.05475262003034295,-0.01324969343955252,-0.28556986396671535,-0.053121073411791286,-0.04404772566764765,-0.3597826221873771,-0.748569653950502,6.401129853418231,-0.8570294972335152,1.6534556363910946
10.499136686325073,7.771561172376096e-16,0.0,0.0,-0.0865925719946288,-0.6216064953859173,-0.1677079804799431,0.0,0.0,0.0,6.429729488744752,-0.09201141471743979,3.2107988151734093
10.50441575050354,7.771561172376096e-16,0.0,0.0,-0.08572664627468252,-0.6153904304320581,-0.16603090067514367,0.0,0.0,0.0,6.365432193857305,-0.09109130057026539,3.178690827021675
10.514126777648926,0.03522274527498573,0.16002178362321867,0.05497371073870935,-0.048598504705051386,-0.4444529443011188,-0.10776101791714335,-0.044042202949026596,-0.36023053222968276,-0.7485282870424198,6.357726379832646,-0.4883851367625698,2.3905311149682955
10.517263889312744,0.03522274527498573,0.16002178362321867,0.05497371073870935,-0.04811251965800087,-0.4400084148581076,-0.10668340773797191,-0.044042202949026596,-0.36023053222968276,-0.7485282870424198,6.294149116034319,-0.4835012853949441,2.3666258038186125
10.521294355392456,7.771561172376096e-16,0.0,0.0,-0.13502264048203635,-0.8326387992916031,-0.2420119920848524,0.0,0.0,0.0,6.34048085054562,0.4151026492295406,4.200135049155267
10.527436971664429,7.771561172376096e-16,0.0,0.0,-0.133672414077216,-0.824312411298687,-0.23959187216400388,0.0,0.0,0.0,6.2770760420401635,0.41095162273724517,4.158133698663714
10.542404651641846,0.03514802114820523,0.15967070665409186,0.05499815413610352,-0.10885307860239925,-0.7093922958984729,-0.20045134491313019,-0.04402935281309211,-0.3606719814761114,-0.7485010807355575,6.250416116383424,0.14823438921435228,3.625811298793521
10.565756559371948,0.03514802114820523,0.15967070665409186,0.05499815413610352,-0.10776454781637525,-0.7022983729394882,-0.19844683146399889,-0.04402935281309211,-0.3606719814761114,-0.7485010807355575,6.18791195521959,0.14675204532220876,3.589553185805586
10.5712149143219,7.771561172376096e-16,0.0,0.0,-0.17107996851013363,-0.9878007161962399,-0.29722194115480827,0.0,0.0,0.0,6.2066969793825,0.8060550038561373,4.924951913113019
10.57651662826538,7.771561172376096e-16,0.0,0.0,-0.16936916882503228,-0.9779227090342775,-0.2942497217432602,0.0,0.0,0.0,6.144630009588675,0.7979944538175758,4.875702393981888
10.584220886230469,0.035733793901263265,0.15801764534533913,0.05499446142307938,-0.1212936009545573,-0.7630391798016629,-0.21992531899736695,-0.04403816102089712,-0.3611032729964258,-0.7484301591998672,6.151656551843814,0.2865259939584398,3.8738038774224055
10.589357376098633,0.035733793901263265,0.15801764534533913,0.05499446142307938,-0.12008066494501173,-0.7554087880036463,-0.2177260658073933,-0.04403816102089712,-0.3611032729964258,-0.7484301591998672,6.090139986325376,0.2836607340188554,3.8350658386481813
10.59460973739624,7.771561172376096e-16,0.0,0.0,-0.18691362801650613,-1.0487053773558102,-0.3202530673030496,0.0,0.0,0.0,6.113083087107874,0.9683306642828445,5.22165553906907
10.602052927017212,7.771561172376096e-16,0.0,0.0,-0.18504449173634108,-1.038218323582252,-0.3170505366300191,0.0,0.0,0.0,6.051952256236795,0.9586473576400161,5.16943898367838
10.605369329452515,0.03595906346491214,0.1573080030684522,0.05503035074266074,-0.07476612178149987,-0.5535028646440417,-0.1479461561800775,-0.043965891042314416,-0.36153125905502176,-0.7483575290417784,6.148948853321692,-0.22232790258951707,2.903937101970416
10.608272075653076,0.03595906346491214,0.1573080030684522,0.05503035074266074,-0.07401846056368487,-0.5479678359976013,-0.14646669461827672,-0.043965891042314416,-0.36153125905502176,-0.7483575290417784,6.087459364788475,-0.2201046235636219,2.8748977309507118
10.610958099365234,7.771561172376096e-16,0.0,0.0,-0.2071529819114757,-1.1281419713266199,-0.3498786655571864,0.0,0.0,0.0,6.190268698588081,1.1280683789826096,5.632265367781136
10.613725662231445,7.771561172376096e-16,0.0,0.0,-0.20508145209236092,-1.1168605516133536,-0.34637987890161454,0.0,0.0,0.0,6.128366011602201,1.1167876951927835,5.575942714103324
10.617515802383423,0.03589638994999194,0.1573460384629667,0.055090915936146116,-0.10832070994181678,-0.6905462465882719,-0.19756283794449014,-0.043849794931329164,-0.36195094067728834,-0.7482824446725235,6.2051406255899035,0.07965288737831377,3.58330083701279
10.622843742370605,0.03589638994999194,0.1573460384629667,0.055090915936146116,-0.10723750284239861,-0.6836407841223892,-0.19558720956504524,-0.043849794931329164,-0.36195094067728834,-0.7482824446725235,6.143089219334004,0.07885635850453064,3.547467828642662
10.627872228622437,7.771561172376096e-16,0.0,0.0,-0.17755120336885952,-0.9897137302754637,-0.3031889919545504,0.0,0.0,0.0,6.168861100968199,0.7978687897924244,5.000080036146261
10.63325834274292,7.771561172376096e-16,0.0,0.0,-0.17577569133517093,-0.9798165929727091,-0.3001571020350049,0.0,0.0,0.0,6.107172489958517,0.7898901018945002,4.9500792357847985
10.642444610595703,0.03555748689625894,0.15796575780604177,0.05516360593842958,-0.13531071679427623,-0.7980598467603678,-0.23710545755449935,-0.043711954498631876,-0.3623718890202072,-0.7482079331278572,6.103658960719385,0.35848615375938275,4.101461101668548
10.64982008934021,0.03555748689625894,0.15796575780604177,0.05516360593842958,-0.13395760962633346,-0.7900792482927641,-0.23473440297895437,-0.043711954498631876,-0.3623718890202072,-0.7482079331278572,6.042622371112191,0.3549012922217889,4.060446490651862
10.65281343460083,7.771561172376096e-16,0.0,0.0,-0.25140649192825665,-1.3099016018304752,-0.4166745404640826,0.0,0.0,0.0,6.128226593917541,1.5619439667587618,6.519413134267767
10.657046556472778,7.771561172376096e-16,0.0,0.0,-0.24889242700897407,-1.2968025858121706,-0.41250779505944174,0.0,0.0,0.0,6.066944327978365,1.546324527091174,6.454219002925089
10.660398721694946,0.03485299846387691,0.1591267924774961,0.05519766583680306,-0.1424319018363029,-0.8091360235418642,-0.24371999263518682,-0.04357794048950375,-0.3627932892704397,-0.7481349891134137,6.166925385959654,0.37049772767439637,4.199503068825896
10.663971424102783,0.03485299846387691,0.1591267924774961,0.05519766583680306,-0.14100758281793985,-0.8010446633064455,-0.24128279270883496,-0.04357794048950375,-0.3627932892704397,-0.7481349891134137,6.105256132100057,0.3667927503976524,4.157508038137637
10.667659759521484,7.771561172376096e-16,0.0,0.0,-0.23409270470729732,-1.2244667584933757,-0.3885246452018931,0.0,0.0,0.0,6.162354268973554,1.3467481870566784,6.144314067890939
10.672394275665283,7.771561172376096e-16,0.0,0.0,-0.23175177766022434,-1.212222090908442,-0.3846393987498742,0.0,0.0,0.0,6.100730726283818,1.3332807051861115,6.08287092721203
10.677032947540283,0.033922166833506594,0.1697619005673942,0.05581120075614772,-0.1563052096993906,-0.8341289517235437,-0.2604758056585958,-0.04340636073463003,-0.3632118300631713,-0.7480674091061987,6.172671462044791,0.48150714215581925,4.4402952466266115
10.680713653564453,0.033922166833506594,0.1697619005673942,0.05581120075614772,-0.1547421576023967,-0.8257876622063083,-0.25787104760200985,-0.04340636073463003,-0.3632118300631713,-0.7480674091061987,6.110944747424343,0.47669207073426106,4.395892294160345
10.683818340301514,7.771561172376096e-16,0.0,0.0,-0.26245589409613224,-1.364322151271101,-0.43505669173842537,0.0,0.0,0.0,6.189644447895654,1.6418075272971397,6.761411274984496
10.6870698928833,7.771561172376096e-16,0.0,0.0,-0.25983133515517093,-1.35067892975839,-0.4307061248210411,0.0,0.0,0.0,6.127748003416698,1.6253894520241683,6.6937971622346515
10.689959049224854,0.033064323765328564,0.1774553825855899,0.056260427816786626,-0.1427901884761647,-0.7229603720169457,-0.23166945684427837,-0.04322317395911489,-0.3636274550662704,-0.7479957167490758,6.299675499287805,0.263163741444842,4.088510598501328
10.69282054901123,0.033064323765328564,0.1774553825855899,0.056260427816786626,-0.14136228659140304,-0.7157307682967763,-0.2293527622758356,-0.04322317395911489,-0.3636274550662704,-0.7479957167490758,6.2366787442949265,0.26053210403039356,4.047625492516315
10.695804119110107,7.771561172376096e-16,0.0,0.0,-0.2507700041651641,-1.3033487690685552,-0.4156267090287043,0.0,0.0,0.0,6.319182606867489,1.4766930362218949,6.514198483830175
10.70241665840149,7.771561172376096e-16,0.0,0.0,-0.24826230412351244,-1.2903152813778698,-0.41147044193841725,0.0,0.0,0.0,6.255990780798815,1.461926105859676,6.449056498991873
10.70786714553833,0.03223178101477263,0.18326484831884207,0.056614142806952504,-0.18664408419789708,-0.9411764055584866,-0.3034858605968633,-0.04305233023491546,-0.36404420205423177,-0.7479230451009178,6.324997394864377,0.7339727927374958,5.039516303898759
10.713941097259521,0.03223178101477263,0.18326484831884207,0.056614142806952504,-0.1847776433559181,-0.9317646415029017,-0.30045100199089464,-0.04305233023491546,-0.36404420205423177,-0.7479230451009178,6.261747420915734,0.7266330648101209,4.989121140859772
10.717071056365967,7.771561172376096e-16,0.0,0.0,-0.28590814848648266,-1.5079653424089516,-0.478324710764231,0.0,0.0,0.0,6.3366791247334096,1.8824624477915708,7.328791644684994
10.725260972976685,7.771561172376096e-16,0.0,0.0,-0.2830490670016178,-1.492885688984862,-0.47354146365658867,0.0,0.0,0.0,6.273312333486075,1.863637823313655,7.2555037282381445
10.7305326461792,0.03140294827360032,0.18741811520825888,0.056879375805802004,-0.22064935216455733,-1.122437610761532,-0.36090980124299826,-0.04291112826318268,-0.36446182813468814,-0.7478485120624291,6.352512991964393,1.1076640821254902,5.7925294823998925
10.737886190414429,0.03140294827360032,0.18741811520825888,0.056879375805802004,-0.21844285864291177,-1.1112132346539165,-0.3573007032305683,-0.04291112826318268,-0.36446182813468814,-0.7478485120624291,6.288987862044749,1.0965874413042354,5.7346041875758935
10.743916988372803,7.771561172376096e-16,0.0,0.0,-0.26832939726571436,-1.4108694558517385,-0.44804253844367825,0.0,0.0,0.0,6.297251301043902,1.6899559031602729,6.91730716943506
10.749086856842041,7.771561172376096e-16,0.0,0.0,-0.2656461032930572,-1.3967607612932211,-0.4435621130592415,0.0,0.0,0.0,6.234278788033463,1.67305634412867,6.848134097740709
10.754359722137451,0.030200615889224132,0.1897030500022152,0.056015216819988764,-0.20571411141068138,-1.023020924779723,-0.3328935167211312,-0.042815600837906614,-0.36488664734529463,-0.7477884296463138,6.3178850604053585,0.9199457455916674,5.389273933002877
10.758628606796265,0.030200615889224132,0.1897030500022152,0.056015216819988764,-0.20365697029657456,-1.0127907155319258,-0.3295645815539199,-0.042815600837906614,-0.36488664734529463,-0.7477884296463138,6.254706209801305,0.9107462881357508,5.335381193672848
10.762625932693481,7.771561172376096e-16,0.0,0.0,-0.27717244880226505,-1.4772376988910352,-0.4664006594464485,0.0,0.0,0.0,6.299269755991992,1.814465691833757,7.152749081377806
10.769318580627441,7.771561172376096e-16,0.0,0.0,-0.2744007243142424,-1.4624653219021249,-0.461736652851984,0.0,0.0,0.0,6.236277058432073,1.7963210349154193,7.081221590564028
10.772286653518677,0.029447010739415202,0.18549057347495806,0.05585751893318667,-0.17244415788372036,-0.8228877774562497,-0.26892472042135085,-0.042809188918796,-0.36530861558583805,-0.747722701437785,6.422960772336417,0.470903229110333,4.538434100085594
10.775582790374756,0.029447010739415202,0.18549057347495806,0.05585751893318667,-0.17071971630488317,-0.8146588996816873,-0.26623547321713736,-0.042809188918796,-0.36530861558583805,-0.747722701437785,6.358731164613053,0.4661941968192297,4.493049759084737
10.779578924179077,7.771561172376096e-16,0.0,0.0,-0.24270126977268502,-1.270687392295938,-0.40335201896318384,0.0,0.0,0.0,6.402270368281559,1.3756873694540712,6.319234539538939
10.784684658050537,7.771561172376096e-16,0.0,0.0,-0.24027425707495817,-1.2579805183729786,-0.399318498773552,0.0,0.0,0.0,6.338247664598743,1.3619304957595304,6.256042194143549
10.7899489402771,0.028863580220142324,0.18229372292501264,0.055777451278044794,-0.18304242484313044,-0.8991166138961002,-0.2893707906855861,-0.042843698727062195,-0.3657367718155041,-0.747657883305772,6.410781083546953,0.6112856007649835,4.7989482654214335
10.794670820236206,0.028863580220142324,0.18229372292501264,0.055777451278044794,-0.18121200059469914,-0.8901254477571392,-0.28647708277873024,-0.042843698727062195,-0.3657367718155041,-0.747657883305772,6.346673272711484,0.6051727447573336,4.750958782767219
10.79891562461853,7.771561172376096e-16,0.0,0.0,-0.2473973137339221,-1.3106756037711833,-0.41501401213365957,0.0,0.0,0.0,6.384138632180343,1.4607314447265536,6.464797459700797
10.80220079421997,7.771561172376096e-16,0.0,0.0,-0.24492334059658288,-1.2975688477334715,-0.410863872012323,0.0,0.0,0.0,6.320297245858539,1.446124130279288,6.400149485103789
10.805326461791992,0.0283941468795508,0.17959361616072422,0.055777367117903695,-0.15163224309184956,-0.7100163303946646,-0.2283057794309547,-0.042927086696752215,-0.36616489175725364,-0.7475901778044426,6.4793262811206365,0.19029094928202284,3.986375721427077
10.809175252914429,0.0283941468795508,0.17959361616072422,0.055777367117903695,-0.15011592066093105,-0.7029161670907179,-0.22602272163664516,-0.042927086696752215,-0.36616489175725364,-0.7475901778044426,6.41453301830943,0.1883880397892026,3.946511964212806
10.813765048980713,7.771561172376096e-16,0.0,0.0,-0.2104783965036616,-1.0871758852896305,-0.34528721210356383,0.0,0.0,0.0,6.443914908239854,0.9842844669893671,5.535855983382108
10.816727876663208,7.771561172376096e-16,0.0,0.0,-0.208373612538625,-1.0763041264367341,-0.3418343399825282,0.0,0.0,0.0,6.379475759157455,0.9744416223194734,5.480497423548287
10.821874380111694,0.027984443923332724,0.1773840011957526,0.05582436042297109,-0.15191423243778848,-0.7208721211441309,-0.22994553507083892,-0.043056394945366665,-0.3665993670234438,-0.7475169576242835,6.447166623047095,0.21061289186257115,3.998050267141301
10.836156368255615,7.771561172376096e-16,0.0,0.0,-0.16998931161907924,-0.8378645961584795,-0.26673332714004433,0.0,0.0,0.0,6.412842296606773,0.4651932713832391,4.4814681527695335
10.840779066085815,7.771561172376096e-16,0.0,0.0,-0.16828941850288845,-0.8294859501968948,-0.2640659938686439,0.0,0.0,0.0,6.348713873640706,0.4605413386694067,4.436653471241838
10.847120761871338,0.02759195344322863,0.17563973289077975,0.055896614816932554,-0.12309773049299982,-0.5442308913555789,-0.17328390187870746,-0.043228678580065155,-0.3670362171657731,-0.7474349295791732,6.389560143809928,-0.1561869060504002,3.233345401796892
10.851035833358765,0.02759195344322863,0.17563973289077975,0.055896614816932554,-0.12186675318806982,-0.5387885824420231,-0.1715510628599204,-0.043228678580065155,-0.3670362171657731,-0.7474349295791732,6.325664542371829,-0.1546250369898962,3.201011947778923
10.854217529296875,7.771561172376096e-16,0.0,0.0,-0.20736898538998033,-1.0854324944615361,-0.3455173769695151,0.0,0.0,0.0,6.39827467812689,1.0005079303551045,5.518173289427881
10.86072850227356,7.771561172376096e-16,0.0,0.0,-0.20529529553608053,-1.0745781695169208,-0.34206220319981995,0.0,0.0,0.0,6.334291931345621,0.9905028510515534,5.462991556533602
10.865409135818481,0.02563569264635802,0.1755805375425341,0.056552380901880896,-0.14847263587259688,-0.6887110802948562,-0.21781951646413236,-0.043424108574127006,-0.36750287412770555,-0.7473047110231417,6.411398930880857,0.15336159582472153,3.836697801624946
10.870658874511719,0.02563569264635802,0.1755805375425341,0.056552380901880896,-0.14698790951387092,-0.6818239694919076,-0.21564132129949104,-0.043424108574127006,-0.36750287412770555,-0.7473047110231417,6.347284941572048,0.1518279798664743,3.7983308236086963
10.87500810623169,7.771561172376096e-16,0.0,0.0,-0.20446106748121812,-1.0787104501877356,-0.3435133465396717,0.0,0.0,0.0,6.383655263019662,0.9952931311418882,5.478592849581142
10.87851595878601,7.771561172376096e-16,0.0,0.0,-0.20241645680640594,-1.0679233456858581,-0.340078213074275,0.0,0.0,0.0,6.319818710389465,0.9853401998304693,5.423806921085331
10.881374597549438,0.024452177577242218,0.1754960341431763,0.05703412453067687,-0.11485445552363455,-0.4433294183250288,-0.13716245458363532,-0.04360609833203677,-0.3679394489545954,-0.7471779482489208,6.485170566200803,-0.3774194457351222,2.794874082559097
10.88509726524353,0.024452177577242218,0.1754960341431763,0.05703412453067687,-0.1137059109683982,-0.43889612414177853,-0.13579083003779896,-0.04360609833203677,-0.3679394489545954,-0.7471779482489208,6.420318860538795,-0.373645251277771,2.766925341733506
10.890076637268066,7.771561172376096e-16,0.0,0.0,-0.16167580240740184,-0.7869532811626834,-0.24897371975299024,0.0,0.0,0.0,6.443689161355698,0.369018614454091,4.2398026322722355
10.894004106521606,7.771561172376096e-16,0.0,0.0,-0.16005904438332783,-0.7790837483510565,-0.24648398255546033,0.0,0.0,0.0,6.379252269742141,0.3653284283095501,4.197404605949513
10.906975030899048,0.0237215134033892,0.17548463102169365,0.05741731872819054,-0.140170232751,-0.6360021436752781,-0.19975296935829248,-0.04378681254981748,-0.3683938593537158,-0.7470439923695361,6.3655673821132295,0.06358706288633792,3.587856134885766
10.911096572875977,0.0237215134033892,0.17548463102169365,0.05741731872819054,-0.13876853042349,-0.6296421222385253,-0.19775543966470954,-0.04378681254981748,-0.3683938593537158,-0.7470439923695361,6.3019117082920975,0.06295119225747454,3.5519775735369086
10.914462327957153,7.771561172376096e-16,0.0,0.0,-0.20785986938353623,-1.1447283530192665,-0.36637056757373987,0.0,0.0,0.0,6.368987656042321,1.156857231700438,5.736001330684952
10.917776346206665,7.771561172376096e-16,0.0,0.0,-0.20578127068970087,-1.1332810694890738,-0.36270686189800244,0.0,0.0,0.0,6.305297779481897,1.1452886593834335,5.678641317378102
10.922192811965942,0.02332145667182627,0.1755370506995997,0.057710474521443705,-0.15091775780764494,-0.7244877999853223,-0.22840862391647127,-0.043972424591736975,-0.3688329799787685,-0.7469039256363433,6.388769449562201,0.25807241025148464,3.9548164552331633
10.927877187728882,0.02332145667182627,0.1755370506995997,0.057710474521443705,-0.1494085802295685,-0.7172429219854691,-0.22612453767730656,-0.043972424591736975,-0.3688329799787685,-0.7469039256363433,6.324881755066579,0.2554916861489698,3.9152682906808316
10.933614253997803,7.771561172376096e-16,0.0,0.0,-0.1885649864708519,-1.0160405521503684,-0.32445560170800125,0.0,0.0,0.0,6.3382791230932805,0.8958315219188524,5.178007359805032
10.950889110565186,7.771561172376096e-16,0.0,0.0,-0.1866793366061434,-1.0058801466288647,-0.32121104569092124,0.0,0.0,0.0,6.274896331862347,0.8868732066996639,5.126227286206982
10.954363822937012,0.02248450522684148,0.17587214085367917,0.05793637429381099,-0.12010357507008133,-0.4896725707210021,-0.15126175501854003,-0.044166439278070575,-0.3692923058630046,-0.7467798310609388,6.398296249587182,-0.23463913497545885,2.955515369383668
10.957308292388916,0.02248450522684148,0.17587214085367917,0.05793637429381099,-0.11890253931938052,-0.4847758450137921,-0.14974913746835464,-0.044166439278070575,-0.3692923058630046,-0.7467798310609388,6.334313287091311,-0.23229274362570426,2.9259602156898317
10.964289903640747,7.771561172376096e-16,0.0,0.0,-0.14991883790629768,-0.7318357544498508,-0.23123589171264075,0.0,0.0,0.0,6.334231252103049,0.2989801532981142,3.9663388447722934
10.968151569366455,7.771561172376096e-16,0.0,0.0,-0.1484196495272347,-0.7245173969053523,-0.22892353279551433,0.0,0.0,0.0,6.270888939582018,0.2959903517651331,3.9266754563245705
10.971402883529663,0.02045098554287596,0.1781901396357087,0.058652944560613755,-0.08403477805475067,-0.16921648088554608,-0.04623664403765468,-0.04435291676205154,-0.369752824664588,-0.7466292163797325,6.411181550876978,-0.8929672018938715,1.6207937759296462
10.976288318634033,0.02045098554287596,0.1781901396357087,0.058652944560613755,-0.08319443027420316,-0.16752431607669063,-0.04577427759727813,-0.04435291676205154,-0.369752824664588,-0.7466292163797325,6.347069735368208,-0.8840375298749328,1.6045858381703497
10.980018854141235,7.771561172376096e-16,0.0,0.0,-0.13718299499326952,-0.643502051400369,-0.20254046271953555,0.0,0.0,0.0,6.402490593064529,0.11595498417372552,3.589939550810808
10.985315322875977,7.771561172376096e-16,0.0,0.0,-0.13581116504333682,-0.6370670308863653,-0.2005150580923402,0.0,0.0,0.0,6.338465687133884,0.11479543433198826,3.5540401553026997
10.98853588104248,0.0194344139121379,0.1798214919075498,0.05912866720155653,-0.07410819108217469,-0.07234130964930818,-0.014912331735463524,-0.044515178420936406,-0.3701936769080305,-0.7464842390589372,6.482732951399838,-1.0827809666245944,1.229753535691057
10.991554021835327,0.0194344139121379,0.1798214919075498,0.05912866720155653,-0.07336710917135295,-0.0716178965528151,-0.01476320841810889,-0.044515178420936406,-0.3701936769080305,-0.7464842390589372,6.41790562188584,-1.0719531569583485,1.2174560003341464
10.994317770004272,7.771561172376096e-16,0.0,0.0,-0.14295248570673777,-0.7215452672713826,-0.22855933526953653,0.0,0.0,0.0,6.514794708275373,0.2782287795716061,3.9062664557050764
10.998120307922363,7.771561172376096e-16,0.0,0.0,-0.1415229608496704,-0.7143298145986687,-0.22627374191684116,0.0,0.0,0.0,6.449646761192619,0.27544649177589003,3.8672037911480257
11.007710933685303,0.019043607510938244,0.18101633854871402,0.0594573812142393,-0.12025125056759065,-0.5184435261379042,-0.16201569503205127,-0.04466014021771087,-0.3706345435602467,-0.746341148960299,6.455493186301098,-0.12924462004995446,3.060021651908589
11.011692762374878,0.019043607510938244,0.18101633854871402,0.0594573812142393,-0.11904873806191474,-0.5132590908765252,-0.16039553808173077,-0.04466014021771087,-0.3706345435602467,-0.746341148960299,6.390938254438087,-0.12795217384945493,3.0294214353895033
11.014724969863892,7.771561172376096e-16,0.0,0.0,-0.18066268467842964,-1.1051052331335292,-0.35487770619235004,0.0,0.0,0.0,6.474314769641548,1.0956531448641296,5.460506106433295
11.018162250518799,7.771561172376096e-16,0.0,0.0,-0.17885605783164535,-1.0940541808021937,-0.3513289291304265,0.0,0.0,0.0,6.409571621945132,1.0846966134154883,5.405901045368962
11.023091554641724,0.01909385082554816,0.18183878782605084,0.05965993051643317,-0.1383321091551443,-0.7142202145037455,-0.22678449826485475,-0.04479622884582383,-0.3710635141371849,-0.7462014973164233,6.483036297342942,0.2908699851368395,3.8569996343948145
11.028130054473877,0.01909385082554816,0.18183878782605084,0.05965993051643317,-0.13694878806359284,-0.707078012358708,-0.2245166532822062,-0.04479622884582383,-0.3710635141371849,-0.7462014973164233,6.418205934369512,0.2879612852854711,3.8184296380508664
11.03434157371521,7.771561172376096e-16,0.0,0.0,-0.16631872170562098,-0.9927516974153138,-0.31831873090736906,0.0,0.0,0.0,6.426141865980008,0.8824613145466353,4.981564162919451
11.038176774978638,7.771561172376096e-16,0.0,0.0,-0.16465553448856476,-0.9828241804411606,-0.3151355435982954,0.0,0.0,0.0,6.361880447320208,0.873636701401169,4.931748521290256
11.042393922805786,0.019005539689792083,0.1824321969480445,0.05973894489778788,-0.11794169559378628,-0.5403997754820844,-0.17032696544602366,-0.04493611017071127,-0.37149777664240496,-0.7460966000353211,6.459600445748079,-0.05118111178814477,3.1353761819070476
11.049769639968872,0.019005539689792083,0.1824321969480445,0.05973894489778788,-0.11676227863784842,-0.5349957777272636,-0.16862369579156342,-0.04493611017071127,-0.37149777664240496,-0.7460966000353211,6.395004441290599,-0.050669300670263324,3.104022420087977
11.052847623825073,7.771561172376096e-16,0.0,0.0,-0.17734137246111398,-1.1223461246656925,-0.361022118431302,0.0,0.0,0.0,6.477046423704536,1.1567890658936417,5.496960471576134
11.056801319122314,7.771561172376096e-16,0.0,0.0,-0.17556795873650283,-1.1111226634190356,-0.35741189724698896,0.0,0.0,0.0,6.4122759594674905,1.1452211752347052,5.4419908668603725
11.061050415039062,0.019651309056672013,0.1787400785147812,0.06047439887932132,-0.12756406672537368,-0.6793570622618621,-0.21151479930631503,-0.04511645926678025,-0.3719150310708447,-0.7460072922203163,6.5006032267048495,0.22269427951138188,3.653638839577407
11.065381050109863,0.019651309056672013,0.1787400785147812,0.06047439887932132,-0.12628842605811993,-0.6725634916392434,-0.2093996513132519,-0.04511645926678025,-0.3719150310708447,-0.7460072922203163,6.4355971944378005,0.22046733671626806,3.617102451181633
11.069800853729248,7.771561172376096e-16,0.0,0.0,-0.16948749248349862,-1.0702451424466943,-0.3441316409459459,0.0,0.0,0.0,6.4733191950732545,1.0597367719263904,5.2688057225964755
11.072911739349365,7.771561172376096e-16,0.0,0.0,-0.16779261755866362,-1.0595426910222274,-0.34069032453648646,0.0,0.0,0.0,6.4085860031225215,1.0491394042071265,5.21611766537051
11.076372861862183,0.02051314183497282,0.1762964658849402,0.060843723340397074,-0.10684738212428346,-0.5395851562060549,-0.16149154130109536,-0.045304025956567115,-0.3723348780532159,-0.7459319800695002,6.525249439955429,-0.08269820367037406,3.0357916511326986
11.07932162284851,0.02051314183497282,0.1762964658849402,0.060843723340397074,-0.10577890830304063,-0.5341893046439943,-0.1598766258880844,-0.045304025956567115,-0.3723348780532159,-0.7459319800695002,6.459996945555875,-0.08187122163367032,3.0054337346213718
11.083224773406982,7.771561172376096e-16,0.0,0.0,-0.15727646272437196,-0.9805247508236664,-0.31416147833393826,0.0,0.0,0.0,6.511467379426767,0.8728816841921698,4.886481643767995
11.08798885345459,7.771561172376096e-16,0.0,0.0,-0.15570369809712822,-0.9707195033154298,-0.31101986355059885,0.0,0.0,0.0,6.446352705632499,0.8641528673502481,4.837616827330315
11.094469785690308,0.021466608425138367,0.17452833582890076,0.061002945557852205,-0.12102394412980946,-0.6917171984413817,-0.21378285824729237,-0.04551136667251612,-0.37274425594265465,-0.7458686724786229,6.4758548328923204,0.25502701787243065,3.6531070532113183
11.099596500396729,0.021466608425138367,0.17452833582890076,0.061002945557852205,-0.11981370468851137,-0.6848000264569679,-0.21164502966481943,-0.04551136667251612,-0.37274425594265465,-0.7458686724786229,6.411096284563397,0.2524767476937063,3.616575982679205
11.103770017623901,7.771561172376096e-16,0.0,0.0,-0.1700508613199972,-1.0961324872495257,-0.3556953309049219,0.0,0.0,0.0,6.456033312166207,1.1430697886585304,5.367556727537805
11.106998443603516,7.771561172376096e-16,0.0,0.0,-0.1683503527067972,-1.0851711623770304,-0.3521383775958727,0.0,0.0,0.0,6.391472979044545,1.1316390907719451,5.313881160262427
11.109837770462036,0.02239856361376808,0.17335328325675203,0.06099901146281982,-0.08777996954291786,-0.46377585399708576,-0.1337808213666842,-0.04574260617646559,-0.3731563885966093,-0.7458137465065161,6.537878467662247,-0.25404146984654075,2.6684899241372477
11.112569570541382,0.02239856361376808,0.17335328325675203,0.06099901146281982,-0.08690216984748868,-0.4591380954571149,-0.13244301315301737,-0.04574260617646559,-0.3731563885966093,-0.7458137465065161,6.4724996829856245,-0.25150105514807536,2.6418050248958753
11.130570411682129,7.771561172376096e-16,0.0,0.0,-0.09847621313616345,-0.5508495938520792,-0.16500533919353147,0.0,0.0,0.0,6.433186057668248,-0.04168662693109143,3.029708583662329
11.145768165588379,7.771561172376096e-16,0.0,0.0,-0.09749145100480182,-0.5453410979135584,-0.16335528580159614,0.0,0.0,0.0,6.368854197091565,-0.041269760661780515,2.999411497825706
11.151289463043213,0.023220915416827373,0.17299357349741934,0.060916892332717916,-0.05445954607396725,-0.22656717683228983,-0.05139097675622013,-0.04600033215020072,-0.3735646109000605,-0.7457635780794054,6.412293904853971,-0.7494152880761891,1.6369077452335927
11.156559467315674,0.023220915416827373,0.17299357349741934,0.060916892332717916,-0.053914950613227576,-0.22430150506396693,-0.05087706698865793,-0.04600033215020072,-0.3735646109000605,-0.7457635780794054,6.348170965805432,-0.7419211351954271,1.6205386677812568
11.161434412002563,7.771561172376096e-16,0.0,0.0,-0.10100898857540727,-0.5769211286862475,-0.1753274420020933,0.0,0.0,0.0,6.379049982483229,0.03179315208774913,3.1341220807282113
11.167739868164062,7.771561172376096e-16,0.0,0.0,-0.0999988986896532,-0.571151917399385,-0.17357416758207236,0.0,0.0,0.0,6.315259482658397,0.03147522056687164,3.1027808599209292
11.172881841659546,0.024123827631846503,0.17073862538776757,0.06015405121555799,-0.05208340604830261,-0.23339157390192705,-0.054852114583573475,-0.046306121031904936,-0.37397508681091407,-0.7457034975202437,6.363708906548769,-0.7316304505360363,1.6413928747241324
11.177801609039307,0.024123827631846503,0.17073862538776757,0.06015405121555799,-0.051562571987819585,-0.23105765816290777,-0.05430359343773774,-0.046306121031904936,-0.37397508681091407,-0.7457034975202437,6.300071817483282,-0.7243141460306759,1.624978945976891
11.183143138885498,7.771561172376096e-16,0.0,0.0,-0.09620971485014147,-0.5483907610217424,-0.16637633041427807,0.0,0.0,0.0,6.323761845902183,-0.01694370475276208,3.004777702519241
11.18835186958313,7.771561172376096e-16,0.0,0.0,-0.09524761770164006,-0.542906853411525,-0.1647125671101353,0.0,0.0,0.0,6.260524227443161,-0.016774267705234457,2.9747299254940485
11.193734645843506,0.025024194734708752,0.1695304123574459,0.05960400698676228,-0.04780575849208408,-0.22252801888879975,-0.05233446525946833,-0.046561712081596866,-0.374378348665054,-0.7456494544906165,6.302636607685609,-0.7471788097080887,1.5791727055776987
11.19871473312378,0.025024194734708752,0.1695304123574459,0.05960400698676228,-0.04732770090716324,-0.22030273869991174,-0.05181112060687365,-0.046561712081596866,-0.374378348665054,-0.7456494544906165,6.239610241608753,-0.7397070216110078,1.5633809785219217
11.204937934875488,7.771561172376096e-16,0.0,0.0,-0.08706554951013842,-0.4905164175700901,-0.14707008583962386,0.0,0.0,0.0,6.252033683760396,-0.13072516658176725,2.745923741247548
11.209259271621704,7.771561172376096e-16,0.0,0.0,-0.08619489401503704,-0.4856112533943892,-0.14559938498122763,0.0,0.0,0.0,6.189513346922792,-0.1294179149159496,2.7184645038350728
11.214171171188354,0.0258389275890211,0.16900453724515457,0.05916154789297352,-0.032728189545162205,-0.13668349413415626,-0.023698037780434528,-0.04679219619605748,-0.37478161762386997,-0.7455948927870839,6.241305871106437,-0.9307239283621971,1.1951872638205445
11.219549894332886,0.0258389275890211,0.16900453724515457,0.05916154789297352,-0.032400907649710584,-0.1353166591928147,-0.023461057402630183,-0.04679219619605748,-0.37478161762386997,-0.7455948927870839,6.178892812395373,-0.9214166890785751,1.183235391182339
11.235738754272461,7.771561172376096e-16,0.0,0.0,-0.048037829537755726,-0.23835906948274405,-0.059771051027907376,0.0,0.0,0.0,6.14600783202976,-0.6806966477638087,1.631963506364702
11.240098237991333,7.771561172376096e-16,0.0,0.0,-0.04755745124237817,-0.2359754787879166,-0.0591733405176283,0.0,0.0,0.0,6.084547753709462,-0.6738896812861705,1.615643871301055
11.243841886520386,0.026508108477177755,0.16903115470443314,0.05880870497986091,0.023726342234672612,0.21789876351838228,0.09850767229899289,-0.04700440409997624,-0.375184164057181,-0.7455359241431746,6.172533158681887,-1.7225704121928742,-0.3626627566192504
11.247742891311646,0.026508108477177755,0.16903115470443314,0.05880870497986091,0.023489078812325887,0.21571977588319846,0.09752259557600296,-0.04700440409997624,-0.375184164057181,-0.7455359241431746,6.110807827095067,-1.7053447080709454,-0.3590361290530579
11.251611232757568,7.771561172376096e-16,0.0,0.0,-0.045271584190439786,-0.2233976981785134,-0.055478261524195174,0.0,0.0,0.0,6.171210232728059,-0.7184074766810259,1.571829615151132
11.260602235794067,7.771561172376096e-16,0.0,0.0,-0.044818868348535386,-0.22116372119672828,-0.05492347890895322,0.0,0.0,0.0,6.1094981304007785,-0.7112234019142156,1.5561113189996205
11.265384197235107,0.026568035158906177,0.1694248346229486,0.05904184094275885,0.011188185638403902,0.1353477921474481,0.06909358737715854,-0.047209382630818364,-0.3755973601124863,-0.7454790775031863,6.164838689249472,-1.5313074085205052,0.004596061636564341
11.271324157714844,0.026568035158906177,0.1694248346229486,0.05904184094275885,0.011076303782019863,0.13399431422597363,0.06840265150338695,-0.047209382630818364,-0.3755973601124863,-0.7454790775031863,6.103190302356977,-1.5159943344353002,0.004550101020198698
11.274304866790771,7.771561172376096e-16,0.0,0.0,-0.07816773084365632,-0.43575009344865834,-0.13036122594236,0.0,0.0,0.0,6.200541459968484,-0.24074039820241389,2.50551713935404
11.277021884918213,7.771561172376096e-16,0.0,0.0,-0.07738605353521975,-0.4313925925141717,-0.1290576136829364,0.0,0.0,0.0,6.138536045368799,-0.23833299422038975,2.4804619679605
11.27969765663147,0.026426547824202753,0.1619577160045877,0.058003154530977215,0.022150147947509843,0.17819612274439783,0.08900464833279889,-0.04747865635969379,-0.37601215338059946,-0.7454189235632691,6.265012140296361,-1.7147886351992718,-0.29110092499776963
11.28245735168457,0.026426547824202753,0.1619577160045877,0.058003154530977215,0.021928646468034746,0.17641416151695385,0.0881146018494709,-0.04747865635969379,-0.37601215338059946,-0.7454189235632691,6.202362018893397,-1.6976407488472791,-0.2881899157477919
11.2859365940094,7.771561172376096e-16,0.0,0.0,-0.05424553292150111,-0.29084706504915525,-0.07947857258120505,0.0,0.0,0.0,6.2768010302977535,-0.5999343482300019,1.8571668499738692
11.289820909500122,7.771561172376096e-16,0.0,0.0,-0.0537030775922861,-0.2879385943986637,-0.078683786855393,0.0,0.0,0.0,6.214033019994776,-0.5939350047477019,1.8385951814741304
11.292999744415283,0.026466796970852035,0.15764888685045944,0.057369011527406186,0.03009337897080344,0.21087370740254135,0.10257486870268777,-0.04773307337389602,-0.37642230831647333,-0.7453603576417667,6.299868063752017,-1.83386722659642,-0.49248788666355026
11.29804539680481,0.026466796970852035,0.15764888685045944,0.057369011527406186,0.029792445181095407,0.20876497032851593,0.1015491200156609,-0.04773307337389602,-0.37642230831647333,-0.7453603576417667,6.236869383114497,-1.8155285543304558,-0.48756300779691475
11.302895307540894,7.771561172376096e-16,0.0,0.0,-0.025077199063277402,-0.11837791323202482,-0.017755169987684255,0.0,0.0,0.0,6.272921208693649,-1.0212305131775654,1.0541663876425191
11.306505680084229,7.771561172376096e-16,0.0,0.0,-0.024826427072644628,-0.11719413409970457,-0.017577618287807413,0.0,0.0,0.0,6.210191996606713,-1.0110182080457897,1.0436247237660938
11.309468746185303,0.026563300806330868,0.15521432839190327,0.056925871680183045,0.06506985685144,0.40780793150221406,0.17471628735409764,-0.047984874534229505,-0.3768327523469609,-0.7453013155423861,6.300372675858825,-2.3389174906016397,-1.448124061587648
11.31220006942749,0.026563300806330868,0.15521432839190327,0.056925871680183045,0.06441915828292559,0.40372985218719193,0.17296912448055665,-0.047984874534229505,-0.3768327523469609,-0.7453013155423861,6.237368949100237,-2.3155283156956235,-1.4336428209717715
11.321479797363281,7.771561172376096e-16,0.0,0.0,0.03514988093235738,0.23243083062141856,0.10989510064963559,0.0,0.0,0.0,6.226704614523786,-1.8862913510988981,-0.6161564289922856
11.334028244018555,7.771561172376096e-16,0.0,0.0,0.03479838212303381,0.23010652231520437,0.10879614964313923,0.0,0.0,0.0,6.164437568378548,-1.867428437587909,-0.6099948647023627
11.341303586959839,0.026644852492752533,0.15432079470987434,0.05663147813204948,0.07107389867531115,0.43992026178967797,0.18554847497455249,-0.04823330845581667,-0.3772420441639068,-0.7452392883767348,6.163672859680832,-2.3942941081124243,-1.6144407701017927
11.346150875091553,0.026644852492752533,0.15432079470987434,0.05663147813204948,0.07036315968855804,0.4355210591717812,0.18369299022480695,-0.04823330845581667,-0.3772420441639068,-0.7452392883767348,6.102036131084024,-2.3703511670313,-1.5982963624007747
11.350239038467407,7.771561172376096e-16,0.0,0.0,0.004483922219065781,0.05368388290979759,0.04333058341396384,0.0,0.0,0.0,6.158998599766457,-1.4238810986426964,0.24060613711621204
11.358874320983887,7.771561172376096e-16,0.0,0.0,0.004439082996875123,0.05314704408069961,0.0428972775798242,0.0,0.0,0.0,6.097408613768793,-1.4096422876562695,0.23820007574504992
11.367228031158447,0.02619339081080402,0.15429808777889725,0.05667726946099794,0.03575009026363429,0.2373216318519423,0.11031512768471029,-0.04848330465198897,-0.377660582080768,-0.7451808864081522,6.089106493500424,-1.870745889425082,-0.644460194181226
11.371299743652344,0.02619339081080402,0.15429808777889725,0.05667726946099794,0.03539258936099795,0.23494841553342288,0.10921197640786319,-0.04848330465198897,-0.377660582080768,-0.7451808864081522,6.028215428565419,-1.852038430530831,-0.6380155922394137
11.374711036682129,7.771561172376096e-16,0.0,0.0,-0.04174568364703426,-0.21971661710065035,-0.058026144201436106,0.0,0.0,0.0,6.110059160941112,-0.7264288024013013,1.552817438008712
11.379021883010864,7.771561172376096e-16,0.0,0.0,-0.04132822681056392,-0.21751945092964384,-0.057445882759421744,0.0,0.0,0.0,6.048958569331701,-0.7191645143772882,1.5372892636286248
11.383768081665039,0.026275626658028427,0.15544782073129568,0.056753479422852235,0.014446469027779331,0.1121764228806805,0.0627052806229457,-0.048728537190595576,-0.37806306544370183,-0.7451053053625678,6.082312948430061,-1.5493541557670465,-0.027153455890113865
11.389045000076294,0.026275626658028427,0.15544782073129568,0.056753479422852235,0.014302004337501537,0.1110546586518737,0.06207822781671624,-0.048728537190595576,-0.37806306544370183,-0.7451053053625678,6.02148981894576,-1.533860614209376,-0.026881921331212727
11.395864725112915,7.771561172376096e-16,0.0,0.0,-0.02436988089755017,-0.11799443369207627,-0.02176215513170232,0.0,0.0,0.0,6.032727269537125,-0.964154986796557,1.0659607206703243
11.398630619049072,7.771561172376096e-16,0.0,0.0,-0.024126182088574668,-0.11681448935515551,-0.021544533580385297,0.0,0.0,0.0,5.972399996841753,-0.9545134369285914,1.055301113463621
11.402441263198853,0.026406914052414673,0.15731057335001622,0.05683647963853483,0.04541284938612816,0.2971725049685821,0.12782280682757366,-0.04892956262489326,-0.3784675605293192,-0.7450383196750996,6.032462171167622,-1.989313420732404,-0.8841149151677519
11.406378746032715,0.026406914052414673,0.15731057335001622,0.05683647963853483,0.04495872089226688,0.29420077991889626,0.12654457875929792,-0.04892956262489326,-0.3784675605293192,-0.7450383196750996,5.972137549455946,-1.9694202865250798,-0.8752737660160743
11.412860870361328,7.771561172376096e-16,0.0,0.0,0.0037710782038327187,0.04857510026290787,0.03759726086127922,0.0,0.0,0.0,5.987900012506274,-1.3658626133794227,0.2828526675270303
11.418582916259766,7.771561172376096e-16,0.0,0.0,0.0037333674217943915,0.048089349260278795,0.03722128825266643,0.0,0.0,0.0,5.928021012381211,-1.3522039872456284,0.28002414085176003
11.428725957870483,0.026543014543271286,0.15967873916123568,0.05692496490689959,0.029864727086292023,0.2050353354844161,0.09297125951532671,-0.0490919619842223,-0.3788612721594204,-0.7449731598506977,5.915237588191718,-1.7315553797159713,-0.4471994161752172
11.438907623291016,0.026543014543271286,0.15967873916123568,0.05692496490689959,0.0295660798154291,0.20298498212957194,0.09204154692017344,-0.0490919619842223,-0.3788612721594204,-0.7449731598506977,5.856085212309801,-1.7142398259188116,-0.442727422013465
11.443627834320068,7.771561172376096e-16,0.0,0.0,-0.026962267148447825,-0.13733215649813219,-0.02947721586131684,0.0,0.0,0.0,5.901528104260989,-0.8944611263850765,1.1399622545980321
11.463362455368042,7.771561172376096e-16,0.0,0.0,-0.026692644476963345,-0.13595883493315086,-0.02918244370270367,0.0,0.0,0.0,5.842512823218379,-0.8855165151212256,1.1285626320520519
11.467405319213867,7.771561172376096e-16,0.0,0.0,-0.02642571803219371,-0.13459924658381936,-0.028890619265676633,0.0,0.0,0.0,5.784087694986195,-0.8766613499700133,1.1172770057315313
11.480014324188232,0.02628958336178042,0.16547923146111818,0.05779434990237381,-0.005311613131748143,-0.0020143246405592286,0.01723406066160298,-0.04931996871695176,-0.37965272370600994,-0.7448558789728187,5.76656277482004,-1.1844883466982625,0.5236113300407842
11.48369026184082,0.02628958336178042,0.16547923146111818,0.05779434990237381,-0.005258497000430662,-0.001994181394153636,0.01706172005498695,-0.04931996871695176,-0.37965272370600994,-0.7448558789728187,5.7088971470718395,-1.1726434632312799,0.5183752167403763
11.488560199737549,7.771561172376096e-16,0.0,0.0,-0.05918931781356834,-0.34177165583121266,-0.10178464030277742,0.0,0.0,0.0,5.753082503452578,-0.38133270584805434,2.0426891599608155
11.493741750717163,0.02565182321899921,0.16570962961194008,0.05825948101631336,-0.009091353345349378,-0.018546935030559986,0.011669581319800101,-0.049427758268255094,-0.38005002391394577,-0.7448201721569075,5.793443794251457,-1.1477790056323691,0.6043610714724024
11.498587369918823,0.02565182321899921,0.16570962961194008,0.05825948101631336,-0.009000439811895883,-0.018361465680254384,0.011552885506602101,-0.049427758268255094,-0.38005002391394577,-0.7448201721569075,5.735509356308943,-1.1363012155760455,0.5983174607576783
11.503634452819824,7.771561172376096e-16,0.0,0.0,-0.05973548370832933,-0.3465053876665992,-0.10399463081345871,0.0,0.0,0.0,5.7760875823242825,-0.37192892782750286,2.068078169828312
11.507248640060425,7.771561172376096e-16,0.0,0.0,-0.05913812887124604,-0.3430403337899332,-0.10295468450532412,0.0,0.0,0.0,5.718326706501039,-0.36820963854922784,2.047397388130029
11.511711359024048,0.025289929969141152,0.1667342304262521,0.058573443441558216,-0.0018774162280697712,0.03400586696956609,0.029325438320443778,-0.049528485691980664,-0.3804373431220842,-0.7447884653010411,5.775984969437813,-1.259153867377347,0.38048504094073454
11.51516580581665,0.025289929969141152,0.1667342304262521,0.058573443441558216,-0.0018586420657890734,0.033665808299870426,0.02903218393723934,-0.049528485691980664,-0.3804373431220842,-0.7447884653010411,5.718225119743435,-1.2465623287035736,0.3766801905313272
11.518167972564697,7.771561172376096e-16,0.0,0.0,-0.08607898070015448,-0.522050495283248,-0.16636203571082245,0.0,0.0,0.0,5.826018667189438,0.0331125306113631,2.853749823795977
11.521882772445679,7.771561172376096e-16,0.0,0.0,-0.08521819089315293,-0.5168299903304155,-0.1646984153537142,0.0,0.0,0.0,5.767758480517544,0.03278140530524947,2.825212325558017
11.526790142059326,0.025058048616204493,0.16815638505155256,0.0587584068787623,-0.033303931763632694,-0.1690007574011837,-0.04331639694607392,-0.049631488438831556,-0.38082669214513065,-0.7447612334790157,5.816273360508478,-0.7816011438135492,1.2997241898811949
11.531863927841187,0.025058048616204493,0.16815638505155256,0.0587584068787623,-0.032970892445996366,-0.16731074982717187,-0.04288323297661318,-0.049631488438831556,-0.38082669214513065,-0.7447612334790157,5.7581106269033935,-0.7737851323754137,1.2867269479823829
11.537406206130981,7.771561172376096e-16,0.0,0.0,-0.07785372483752097,-0.4690442492493454,-0.14847290748897923,0.0,0.0,0.0,5.790080217737063,-0.07891705728365972,2.6176414132637946
11.54198694229126,7.771561172376096e-16,0.0,0.0,-0.07707518758914576,-0.46435380675685195,-0.14698817841408943,0.0,0.0,0.0,5.732179415559692,-0.07812788671082312,2.5914649991311567
11.546883821487427,0.02488203643518204,0.16984040014008114,0.058840172768640314,-0.025492407402125952,-0.11287630906654489,-0.0253597825814557,-0.04974396429782624,-0.381212518990486,-0.7447345468095514,5.7834895309472785,-0.8937250545206807,1.0652118461294613
11.551531791687012,0.02488203643518204,0.16984040014008114,0.058840172768640314,-0.02523748332810469,-0.11174754597587944,-0.025106184755641144,-0.04974396429782624,-0.381212518990486,-0.7447345468095514,5.725654635637806,-0.884787803975474,1.0545597276681666
11.555347204208374,7.771561172376096e-16,0.0,0.0,-0.0901996463616152,-0.555773024755415,-0.17907218971068387,0.0,0.0,0.0,5.7987744614805345,0.12319848139532741,2.9959250774773363
11.558502912521362,7.771561172376096e-16,0.0,0.0,-0.08929764989799906,-0.5502152945078609,-0.17728146781357704,0.0,0.0,0.0,5.740786716865729,0.12196649658137414,2.965965826702563
11.561410188674927,0.024313660934512885,0.17244255232338992,0.05946163500850009,-0.004774293448003911,0.04842814675951035,0.029018305666176136,-0.04986662492165726,-0.38160803526353765,-0.7447148631811671,5.871733361841088,-1.25439135825372,0.40897302221309006
11.564269781112671,0.024313660934512885,0.17244255232338992,0.05946163500850009,-0.004726550513523871,0.047943865291915244,0.028728122609514375,-0.04986662492165726,-0.38160803526353765,-0.7447148631811671,5.813016028222677,-1.241847444671183,0.4048832919909592
11.568043947219849,7.771561172376096e-16,0.0,0.0,-0.06910056442232917,-0.4094379656416126,-0.12910822593350577,0.0,0.0,0.0,5.887012074115691,-0.21832340563950625,2.374024938856407
11.572830438613892,7.771561172376096e-16,0.0,0.0,-0.06840955877810588,-0.4053435859851965,-0.1278171436741707,0.0,0.0,0.0,5.828141953374534,-0.2161401715831112,2.350284689467843
11.577173471450806,0.023849134011076828,0.1739711104517151,0.05962165429629346,-0.012811915661123933,-0.0007149829909185446,0.010742177906159667,-0.05001529875674073,-0.38199515467195194,-0.7446977284544615,5.89806510162032,-1.1346677407542662,0.6347533749482406
11.584474086761475,0.023849134011076828,0.1739711104517151,0.05962165429629346,-0.012683796504512694,-0.0007078331610093591,0.01063475612709807,-0.05001529875674073,-0.38199515467195194,-0.7446977284544615,5.839084450604116,-1.1233210633467237,0.6284058411987582
11.589042901992798,7.771561172376096e-16,0.0,0.0,-0.06475678016405262,-0.3814802384447363,-0.11996856116832785,0.0,0.0,0.0,5.890164653239228,-0.2759954844926287,2.252079858895658
11.592549085617065,7.771561172376096e-16,0.0,0.0,-0.06410921236241209,-0.3776654360602889,-0.11876887555664457,0.0,0.0,0.0,5.831263006706836,-0.27323552964770237,2.2295590603067015
11.59746503829956,0.02360716367940072,0.1756827313602916,0.05966762471002888,-0.015446576493134967,-0.016516075518301643,0.0037943197665407102,-0.05017364522061699,-0.3823905325449827,-0.7446780281126107,5.888402975078675,-1.0843883923435949,0.712466937482569
11.60236406326294,7.771561172376096e-16,0.0,0.0,-0.06347958447219909,-0.37495845947569234,-0.11803852171405893,0.0,0.0,0.0,5.931934519030153,-0.29300034829968324,2.225395816883699
11.605606079101562,7.771561172376096e-16,0.0,0.0,-0.0628447886274771,-0.3712088748809354,-0.11685813649691834,0.0,0.0,0.0,5.8726151738398515,-0.2900703448166864,2.2031418587148623
11.610869407653809,0.023486056543709877,0.17734837258469144,0.05961073130815646,-0.017594280175200656,-0.030545803832134455,-0.0024328379872099876,-0.05035001040033253,-0.3827841487245012,-0.7446526368373793,5.923729650084607,-1.0479652692672086,0.7851036458378735
11.614604711532593,0.023486056543709877,0.17734837258469144,0.05961073130815646,-0.01741833737344865,-0.03024034579381311,-0.0024085096073378875,-0.05035001040033253,-0.3827841487245012,-0.7446526368373793,5.864492353583761,-1.0374856165745365,0.7772526093794948
11.621740341186523,7.771561172376096e-16,0.0,0.0,-0.050157936921129936,-0.2784771479643495,-0.08592397771007709,0.0,0.0,0.0,5.876408842063746,-0.49067015560015326,1.8130497091661388
11.634455919265747,7.771561172376096e-16,0.0,0.0,-0.049656357551918634,-0.275692376484706,-0.08506473793297632,0.0,0.0,0.0,5.817644753643109,-0.4857634540441517,1.7949192120744775
11.639210224151611,0.023417392509831624,0.17892580524904628,0.05947962820362528,9.534020621605743e-05,0.10340937485112328,0.0408927960082002,-0.050544375609562306,-0.3831857044578261,-0.7446177209707893,5.883167412076954,-1.3239419644640633,0.23169939828832753
11.643420934677124,0.023417392509831624,0.17892580524904628,0.05947962820362528,9.438680415389686e-05,0.10237528110261204,0.040483868048118196,-0.050544375609562306,-0.3831857044578261,-0.7446177209707893,5.824335737956185,-1.3107025448194227,0.22938240430544427
11.64778757095337,7.771561172376096e-16,0.0,0.0,-0.053534546730037554,-0.3084050759449938,-0.09613480764736634,0.0,0.0,0.0,5.881843664658899,-0.4200648980497541,1.9323318702097907
11.653378009796143,7.771561172376096e-16,0.0,0.0,-0.052999201262737175,-0.3053210251855438,-0.09517345957089268,0.0,0.0,0.0,5.823025228012311,-0.41586424906925656,1.9130085515076927
11.658007144927979,0.022903745932966797,0.18050503536057919,0.05933366145758715,-0.002991833281000243,0.08766471073226684,0.03395267427605435,-0.05075961165712416,-0.38359565372391213,-0.7445967402904317,5.894024291007743,-1.2776528832364271,0.3066157950352859
11.661975145339966,0.022903745932966797,0.18050503536057919,0.05933366145758715,-0.0029619149481902407,0.08678806362494416,0.0336131475332938,-0.05075961165712416,-0.38359565372391213,-0.7445967402904317,5.835084048097666,-1.2648763544040629,0.30354963708493304
11.665101528167725,7.771561172376096e-16,0.0,0.0,-0.07619186506708561,-0.49144044526801123,-0.15650672037626767,0.0,0.0,0.0,5.939092120307853,-0.025264436130500334,2.682169815378247
11.668572187423706,7.771561172376096e-16,0.0,0.0,-0.07542994641641476,-0.48652604081533113,-0.154941653172505,0.0,0.0,0.0,5.879701199104774,-0.02501179176919533,2.655348117224465
11.671373844146729,0.022508147922622013,0.1807663995900369,0.059327861154819195,0.0056630602764464605,0.16355174011540757,0.05836768621948987,-0.05099551189660223,-0.38400397510378337,-0.744570573496062,6.034273141626037,-1.4559386125440041,0.00565724406689716
11.674460411071777,0.022508147922622013,0.1807663995900369,0.059327861154819195,0.005606429673681996,0.1619162227142535,0.057784009357294976,-0.05099551189660223,-0.38400397510378337,-0.744570573496062,5.9739304102097766,-1.441379226418564,0.005600671626228189
11.6781907081604,7.771561172376096e-16,0.0,0.0,-0.05478838885061582,-0.3242927598286822,-0.10183709122017359,0.0,0.0,0.0,6.050897407737467,-0.3975461520415693,2.001553443317754
11.682325601577759,7.771561172376096e-16,0.0,0.0,-0.054240504962109665,-0.3210498322303954,-0.10081872030797186,0.0,0.0,0.0,5.990388433660092,-0.39357069052115357,1.9815379088845764
11.687480449676514,0.022398359282109884,0.18130187132811515,0.05921699268304966,-0.010247044026827704,0.03387204119897974,0.015065776630312624,-0.05123233568574207,-0.3844136604022516,-0.7445375210904863,6.046802221288881,-1.1681111927786483,0.5360403607075603
11.692044019699097,0.022398359282109884,0.18130187132811515,0.05921699268304966,-0.010144573586559427,0.033533320786989944,0.014915118864009497,-0.05123233568574207,-0.3844136604022516,-0.7445375210904863,5.986334199075992,-1.1564300808508619,0.5306799571004848
11.695497751235962,7.771561172376096e-16,0.0,0.0,-0.07489576345085079,-0.49174689998059173,-0.15669203955815694,0.0,0.0,0.0,6.074809936538532,-0.031827154141615965,2.6811212611190904
11.698445796966553,7.771561172376096e-16,0.0,0.0,-0.07414680581634228,-0.4868294309807858,-0.15512511916257538,0.0,0.0,0.0,6.014061837173147,-0.03150888260019981,2.6543100485078996
11.703303098678589,0.02243851070061519,0.18192921735731749,0.059046964706299165,-0.027209914803469265,-0.10741323303446587,-0.032010563472108164,-0.051470808041559395,-0.3848225414974995,-0.7444917573350228,6.077899116512001,-0.8582582269851317,1.114907397634974
11.708820104598999,0.02243851070061519,0.18192921735731749,0.059046964706299165,-0.02693781565543457,-0.10633910070412121,-0.03169045783738708,-0.051470808041559395,-0.3848225414974995,-0.7444917573350228,6.017120125346882,-0.8496756447152803,1.1037583236586241
11.711752891540527,7.771561172376096e-16,0.0,0.0,-0.10317761170067669,-0.7256044992903375,-0.23270752631444752,0.0,0.0,0.0,6.132450278497075,0.47096055169051865,3.6312336708807926
11.716694593429565,7.771561172376096e-16,0.0,0.0,-0.10214583558366992,-0.7183484542974342,-0.23038045105130303,0.0,0.0,0.0,6.071125775712104,0.46625094617361346,3.5949213341719846
11.721961975097656,0.022522527696864265,0.18315552582293704,0.05884014077898907,-0.05836588901479501,-0.3634485190319468,-0.11637002551608658,-0.051705793499173716,-0.38523271126772407,-0.7444322722213145,6.12609713317516,-0.30200558618674955,2.1641823501523656
11.726900339126587,0.022522527696864265,0.18315552582293704,0.05884014077898907,-0.05778223012464706,-0.35981403384162736,-0.11520632526092571,-0.051705793499173716,-0.38523271126772407,-0.7444322722213145,6.064836161843409,-0.29898553032488207,2.142540526650842
11.732080221176147,7.771561172376096e-16,0.0,0.0,-0.10068518109462646,-0.7098060410597092,-0.22764785393958648,0.0,0.0,0.0,6.10400820733938,0.44771375230095845,3.558275784694168
11.739515781402588,7.771561172376096e-16,0.0,0.0,-0.09967832928368019,-0.7027079806491121,-0.22537137540019062,0.0,0.0,0.0,6.042968125265986,0.44323661477794885,3.522693026847226
11.744053363800049,0.0223724578497205,0.18448570687365745,0.05847539882332829,-0.049376749096712004,-0.2891082136405357,-0.09424859944238384,-0.05193994395233847,-0.3856466747069523,-0.7443647799953437,6.118734582935089,-0.448303674272067,1.8685255434333212
11.747391939163208,0.0223724578497205,0.18448570687365745,0.05847539882332829,-0.048882981605744884,-0.2862171315041303,-0.09330611344796,-0.05193994395233847,-0.3856466747069523,-0.7443647799953437,6.057547237105738,-0.44382063752934636,1.849840287998988
11.751932382583618,7.771561172376096e-16,0.0,0.0,-0.09766788075886979,-0.6896714579222379,-0.2211609115795387,0.0,0.0,0.0,6.111365754799304,0.40997662697977993,3.4707517644477046
11.754788398742676,7.771561172376096e-16,0.0,0.0,-0.09669120195128109,-0.6827747433430156,-0.21894930246374333,0.0,0.0,0.0,6.050252097251311,0.40587686070998213,3.4360442468032275
11.763920545578003,7.771561172376096e-16,0.0,0.0,-0.09572428993176828,-0.6759469959095854,-0.2167598094391059,0.0,0.0,0.0,5.989749576278799,0.40181809210288233,3.401683804335195
11.76889944076538,7.771561172376096e-16,0.0,0.0,-0.09476704703245059,-0.6691875259504896,-0.21459221134471482,0.0,0.0,0.0,5.92985208051601,0.3977999111818535,3.3676669662918433
11.78064775466919,0.02175467681288044,0.1828762922325155,0.05796977704854717,-0.07530210081430393,-0.5068339159690087,-0.16310322815613373,-0.05235572001097299,-0.38646782691274273,-0.7441877792614594,5.92192806563191,0.050931418868857214,2.7085034260599077
11.783631324768066,0.02175467681288044,0.1828762922325155,0.05796977704854717,-0.07454907980616089,-0.5017655768093187,-0.1614721958745724,-0.05235572001097299,-0.38646782691274273,-0.7441877792614594,5.862708784975591,0.05042210468016864,2.6814183917993084
11.78742265701294,7.771561172376096e-16,0.0,0.0,-0.1311836216926474,-0.9791015646181394,-0.3127582837220334,0.0,0.0,0.0,5.942174896638414,1.0692635963056265,4.617470375223445
11.790580987930298,7.771561172376096e-16,0.0,0.0,-0.12987178547572092,-0.9693105489719579,-0.3096307008848131,0.0,0.0,0.0,5.882753147672029,1.0585709603425701,4.57129567147121
11.79473328590393,0.021813192594367148,0.18284135207574986,0.05775593128129235,-0.07604024667969059,-0.5192796998116332,-0.1674404953936212,-0.052471931816174155,-0.3868685962307647,-0.7440916817724944,5.969039546311568,0.0767802286581849,2.7561209008034844
11.809780597686768,0.021813192594367148,0.18284135207574986,0.05775593128129235,-0.07527984421289369,-0.5140869028135169,-0.165766090439685,-0.052471931816174155,-0.3868685962307647,-0.7440916817724944,5.909349150848453,0.07601242637160305,2.7285596917954495
11.814425706863403,7.771561172376096e-16,0.0,0.0,-0.12148652888492645,-0.9025672493973131,-0.28844550986010975,0.0,0.0,0.0,5.963217335418758,0.908103762686383,4.303156103410626
11.818055629730225,7.771561172376096e-16,0.0,0.0,-0.12027166359607719,-0.89354157690334,-0.28556105476150867,0.0,0.0,0.0,5.90358516206457,0.8990227250595192,4.26012454237652
11.822110652923584,0.021947636015548853,0.1829986694868454,0.05756291605074689,-0.06494438350141618,-0.43331732563139413,-0.14075085281966018,-0.05253945826540554,-0.38725922099462007,-0.743987014373944,5.993330741719223,-0.1056711331317769,2.4060311256097755
11.827155828475952,0.021947636015548853,0.1829986694868454,0.05756291605074689,-0.06429493966640201,-0.4289841523750802,-0.13934334429146358,-0.05253945826540554,-0.38725922099462007,-0.743987014373944,5.933397434302031,-0.10461442180045913,2.3819708143536777
11.838935136795044,7.771561172376096e-16,0.0,0.0,-0.08228435426005443,-0.5800503508916794,-0.18681773440101468,0.0,0.0,0.0,5.918666637702691,0.22519399818458216,2.989756115791303
11.844023942947388,0.021838951708739264,0.18402710328148494,0.05775825760366195,-0.03854584237610798,-0.2126186557589127,-0.07144895225000021,-0.05256440518510294,-0.3876517582853807,-0.7438976338018763,5.97926356939326,-0.5711312547178622,1.5165918198553405
11.856636047363281,0.021838951708739264,0.18402710328148494,0.05775825760366195,-0.0381603839523469,-0.21049246920132358,-0.07073446272750021,-0.05256440518510294,-0.3876517582853807,-0.7438976338018763,5.919470933699327,-0.5654199421706836,1.501425901656787
11.861665964126587,7.771561172376096e-16,0.0,0.0,-0.08119689762136431,-0.574252651113067,-0.18485656821164864,0.0,0.0,0.0,5.964779753264784,0.2109264506355839,2.965357853497566
11.867548942565918,7.771561172376096e-16,0.0,0.0,-0.08038492864515066,-0.5685101246019363,-0.18300800252953214,0.0,0.0,0.0,5.905131955732136,0.20881718612922806,2.9357042749625903
11.872571229934692,0.021985252212704396,0.18000450013654395,0.057989082262369526,-0.03580570252663097,-0.20441363245123767,-0.06571443345159696,-0.0526051038115217,-0.38803495196563415,-0.7437803787726778,5.961177422274414,-0.598653861421743,1.4437215219330497
11.877413749694824,0.021985252212704396,0.18000450013654395,0.057989082262369526,-0.03544764550136466,-0.20236949612672528,-0.06505728911708099,-0.0526051038115217,-0.38803495196563415,-0.7437803787726778,5.90156564805167,-0.5926673228075257,1.429284306713719
11.881983518600464,7.771561172376096e-16,0.0,0.0,-0.08320337476281767,-0.5942486523892838,-0.19130390393884691,0.0,0.0,0.0,5.9576654490434136,0.26239408781777906,3.042601949276966
11.886070251464844,7.771561172376096e-16,0.0,0.0,-0.08237134101518949,-0.588306165865391,-0.18939086489945844,0.0,0.0,0.0,5.898088794552979,0.25977014693960127,3.012175929784196
11.891119718551636,7.771561172376096e-16,0.0,0.0,-0.08154762760503759,-0.582423104206737,-0.18749695625046386,0.0,0.0,0.0,5.83910790660745,0.25717244547020524,2.982054170486354
11.8961501121521,7.771561172376096e-16,0.0,0.0,-0.08073215132898721,-0.5765988731646696,-0.18562198668795923,0.0,0.0,0.0,5.780716827541375,0.2546007210155032,2.9522336287814905
11.900874137878418,0.02262081459715814,0.17611932240204164,0.058158005449182905,-0.03204021633628102,-0.19801670474786454,-0.06065465604711681,-0.052521243254110214,-0.3887813254523968,-0.7435093492776654,5.838967463750909,-0.606560223412844,1.3683280186237883
11.903976202011108,0.02262081459715814,0.17611932240204164,0.058158005449182905,-0.031719814172918206,-0.1960365377003859,-0.06004810948664564,-0.052521243254110214,-0.3887813254523968,-0.7435093492776654,5.7805777891134,-0.6004946211787155,1.3546447384375504
11.907173871994019,7.771561172376096e-16,0.0,0.0,-0.10214417071961396,-0.7448500900300423,-0.2413238249974532,0.0,0.0,0.0,5.887020490692656,0.6213372475429821,3.666258026896232
11.910443782806396,7.771561172376096e-16,0.0,0.0,-0.10112272901241781,-0.7374015891297419,-0.23891058674747867,0.0,0.0,0.0,5.828150285785729,0.6151238750675523,3.6295954466272695
11.914266586303711,0.022901736923808022,0.17548222035167785,0.05814745361237055,-0.04020327745731145,-0.2709869229017077,-0.08441464710416471,-0.052413167328139845,-0.38914642647234104,-0.7433604300874908,5.91218012759522,-0.4535229515370448,1.6731070329629065
11.918041706085205,0.022901736923808022,0.17548222035167785,0.05814745361237055,-0.03980124468273833,-0.26827705367269067,-0.08357050063312306,-0.052413167328139845,-0.38914642647234104,-0.7433604300874908,5.8530583263192675,-0.44898772202167436,1.6563759626332775
11.930983304977417,7.771561172376096e-16,0.0,0.0,-0.05709945131560226,-0.4011897546176837,-0.12766545226100648,0.0,0.0,0.0,5.835027504920648,-0.14380360314440477,2.2142083315524177
11.935996532440186,7.771561172376096e-16,0.0,0.0,-0.05652845680244624,-0.3971778570715068,-0.12638879773839642,0.0,0.0,0.0,5.776677229871441,-0.14236556711296072,2.1920662482368933
11.940438985824585,0.02296117709188407,0.1766861627848271,0.0585397033265307,-0.0042773691317574344,0.004515962669739748,0.006648455677339571,-0.052265679471554236,-0.3895083309450662,-0.7432114472464512,5.843232996549156,-1.0562063812898828,0.5183958344032473
11.944333791732788,0.02296117709188407,0.1766861627848271,0.0585397033265307,-0.00423459544043986,0.004470803043042351,0.006581971120566175,-0.052265679471554236,-0.3895083309450662,-0.7432114472464512,5.784800666583664,-1.0456443174769838,0.5132118760592148
11.948327779769897,7.771561172376096e-16,0.0,0.0,-0.06168159817347247,-0.4379542054369173,-0.1400533995823308,0.0,0.0,0.0,5.857813541287371,-0.0599512753789706,2.3689051787596886
11.959319114685059,7.771561172376096e-16,0.0,0.0,-0.06106478219173774,-0.43357466338254813,-0.13865286558650747,0.0,0.0,0.0,5.799235405874497,-0.059351762625180896,2.3452161269720917
11.96461033821106,0.023121680137494702,0.17851420586914435,0.059379176463162105,-0.016755961302902272,-0.09186098328602021,-0.025044322170967276,-0.052099486561164955,-0.38986526425229656,-0.7430443850345505,5.84773756476177,-0.8281687301678101,0.9356524914938951
11.969605445861816,0.023121680137494702,0.17851420586914435,0.059379176463162105,-0.016588401689873248,-0.09094237345316002,-0.0247938789492576,-0.052099486561164955,-0.38986526425229656,-0.7430443850345505,5.789260189114152,-0.819887042866132,0.9262959665789561
11.974705457687378,7.771561172376096e-16,0.0,0.0,-0.06175904027005334,-0.44005999274316004,-0.14097542796124554,0.0,0.0,0.0,5.833523206353225,-0.047248250360678146,2.3739794032143933
11.978529214859009,7.771561172376096e-16,0.0,0.0,-0.06114144986735281,-0.43565939281572846,-0.13956567368163308,0.0,0.0,0.0,5.775187974289692,-0.04677576785707136,2.3502396091822493
11.981443643569946,0.023323613868203384,0.1803324436616336,0.059863694170988316,0.019498046226426813,0.18745463712336163,0.06723454123266465,-0.05189785063938602,-0.39021611311316806,-0.7428639800879266,5.915174245347912,-1.4450464153864448,-0.18837834047496171
11.98431134223938,0.023323613868203384,0.1803324436616336,0.059863694170988316,0.019303065764162543,0.18558009075212803,0.066562195820338,-0.05189785063938602,-0.39021611311316806,-0.7428639800879266,5.856022502894433,-1.4305959512325803,-0.1864945570702121
11.989267110824585,0.023497087872306716,0.1820955320450653,0.06013415135655909,0.019403492929238292,0.1872848182891446,0.06645569747246875,-0.05167729797393727,-0.39056549460502443,-0.742676524179851,5.797787342558393,-1.4170082761774652,-0.18416424434020162
11.993452310562134,0.023497087872306716,0.1820955320450653,0.06013415135655909,0.01920945799994591,0.18541197010625315,0.06579114049774407,-0.05167729797393727,-0.39056549460502443,-0.742676524179851,5.739809469132809,-1.4028381934156906,-0.1823226018967996
12.006692886352539,7.771561172376096e-16,0.0,0.0,0.0012710899615572709,0.04602944157494926,0.01971666087967191,0.0,0.0,0.0,5.721440868922669,-1.093833595350475,0.38041016154427054
12.012276411056519,7.771561172376096e-16,0.0,0.0,0.001258379061941698,0.04556914715919977,0.01951949427087519,0.0,0.0,0.0,5.664226460233443,-1.0828952593969703,0.37660605992882784
12.017737627029419,0.023594867452676232,0.18376003379608874,0.060235308824347016,0.04445021635585318,0.38159535771811076,0.12962081410298276,-0.051450292024410205,-0.3909140495947207,-0.7424840612285744,5.718030792336048,-1.820314906639615,-0.9678947564345548
12.023013353347778,0.023594867452676232,0.18376003379608874,0.060235308824347016,0.04400571419229465,0.37777940414092964,0.12832460596195294,-0.051450292024410205,-0.3909140495947207,-0.7424840612285744,5.660850484412688,-1.8021117575732188,-0.9582158088702093
12.028173446655273,7.771561172376096e-16,0.0,0.0,-0.0021600034108520197,0.017883953216893123,0.01030837614629486,0.0,0.0,0.0,5.703950044827144,-1.0265189716191019,0.4902629291506895
12.032953262329102,7.771561172376096e-16,0.0,0.0,-0.0021384033767434993,0.017705113684724192,0.01020529238483191,0.0,0.0,0.0,5.646910544378872,-1.016253781902911,0.48536029985918255
12.037151336669922,0.023330889388854407,0.18586144827147438,0.06010907766330569,0.0534581979941584,0.46025830785162414,0.1532857388246331,-0.051229446128535756,-0.39126759807474665,-0.7423128072061674,5.7383477487283585,-1.9799867649239151,-1.262997748431666
12.042534351348877,0.023330889388854407,0.18586144827147438,0.06010907766330569,0.052923616014216815,0.4556557247731079,0.15175288143638677,-0.051229446128535756,-0.39126759807474665,-0.7423128072061674,5.680964271241075,-1.9601868972746759,-1.2503677709473493
12.047588348388672,7.771561172376096e-16,0.0,0.0,0.0062311367711298665,0.08334776836940083,0.03130161128816404,0.0,0.0,0.0,5.725518847235477,-1.1664104591561113,0.2308997413295626
12.06306529045105,7.771561172376096e-16,0.0,0.0,0.006168825403418568,0.08251429068570683,0.0309885951752824,0.0,0.0,0.0,5.668263658763123,-1.1547463545645502,0.22859074391626696
12.066274166107178,0.022992998632303887,0.184963006151874,0.06081196989691642,0.07776151424683848,0.6580997849397306,0.22019047724976956,-0.05104456339135552,-0.3916251900337797,-0.742109531362071,5.802596630123863,-2.4175972404961197,-2.05463513570818
12.069764375686646,0.022992998632303887,0.184963006151874,0.06081196989691642,0.0769838991043701,0.6515187870903333,0.21798857247727185,-0.05104456339135552,-0.3916251900337797,-0.742109531362071,5.744570663822624,-2.3934212680911586,-2.0340887843510984
12.073687314987183,7.771561172376096e-16,0.0,0.0,0.017602399644465652,0.17351272979264643,0.06079234508085918,0.0,0.0,0.0,5.817243114720934,-1.3711917466346029,-0.12202978794428421
12.085657596588135,7.771561172376096e-16,0.0,0.0,0.017426375648020995,0.17177760249471996,0.06018442163005058,0.0,0.0,0.0,5.759070683573724,-1.3574798291682568,-0.12080949006484136
12.090882539749146,0.022832140780465894,0.18486339136732682,0.06115032266768769,0.060950464346055035,0.523869209023067,0.17661796092567045,-0.0508275310425194,-0.3919768093202916,-0.7419034654301276,5.8187055983502605,-2.127021780885337,-1.5201173494316476
12.094368934631348,0.022832140780465894,0.18486339136732682,0.06115032266768769,0.06034095970259448,0.5186305169328363,0.17485178131641374,-0.0508275310425194,-0.3919768093202916,-0.7419034654301276,5.760518542366758,-2.1057515630764834,-1.504916175937331
12.09720492362976,7.771561172376096e-16,0.0,0.0,-0.020771016018069945,-0.13840384360895464,-0.04251930309311314,0.0,0.0,0.0,5.882136658129945,-0.7025419673790196,1.1261638161435599
12.100492715835571,7.771561172376096e-16,0.0,0.0,-0.020563305857889246,-0.13701980517286508,-0.04209411006218201,0.0,0.0,0.0,5.823315291548646,-0.6955165477052294,1.1149021779821242
12.105347633361816,0.022755522526289887,0.1850343667539911,0.06129772176436319,0.026513406685099855,0.24547811699305683,0.084585869287792,-0.05059776683735722,-0.3923308346093206,-0.7416953536549348,5.891729891827978,-1.5319983140331055,-0.4030335014561004
12.110513687133789,0.022755522526289887,0.1850343667539911,0.06129772176436319,0.026248272618248858,0.24302333582312627,0.08374001059491408,-0.05059776683735722,-0.3923308346093206,-0.7416953536549348,5.832812592909699,-1.5166783308927745,-0.3990031664415394
12.115509748458862,7.771561172376096e-16,0.0,0.0,-0.019561134065988764,-0.12976737694991375,-0.03978948189335711,0.0,0.0,0.0,5.875759778761559,-0.716231285629557,1.0895470124986129
12.120766639709473,7.771561172376096e-16,0.0,0.0,-0.019365522725328876,-0.12846970318041462,-0.03939158707442354,0.0,0.0,0.0,5.817002180973943,-0.7090689727732614,1.0786515423736267
12.126352071762085,0.022706911580634072,0.18541773018340058,0.06129742404288274,0.02148194650725867,0.20478166793648692,0.07074750780035857,-0.050366830427459264,-0.3926849167577723,-0.7414868435522761,5.8697226965221745,-1.4357006232347862,-0.24138031064387433
12.131678104400635,0.022706911580634072,0.18541773018340058,0.06129742404288274,0.021267127042186085,0.20273385125712204,0.07004003272235498,-0.050366830427459264,-0.3926849167577723,-0.7414868435522761,5.811025469556952,-1.4213436170024383,-0.2389665075374356
12.136742353439331,7.771561172376096e-16,0.0,0.0,-0.0237832119794229,-0.16542423786943045,-0.05169988121193017,0.0,0.0,0.0,5.85237088941965,-0.6317241655333254,1.227582676326454
12.145023584365845,7.771561172376096e-16,0.0,0.0,-0.02354537985962867,-0.16376999549073615,-0.05118288239981087,0.0,0.0,0.0,5.793847180525453,-0.6254069238779922,1.2153068495631894
12.148699760437012,0.02263581411705423,0.18831227165480524,0.06039873989931955,0.03826442097471168,0.3501181190506141,0.11362668061880163,-0.05013269916887582,-0.3930404971970924,-0.7412902332297556,5.911623241942203,-1.734972542497013,-0.7847892304811657
12.152166843414307,0.02263581411705423,0.18831227165480524,0.06039873989931955,0.03788177676496456,0.34661693786010794,0.11249041381261361,-0.05013269916887582,-0.3930404971970924,-0.7412902332297556,5.852507009522781,-1.717622817072043,-0.776941338176354
12.157307147979736,7.771561172376096e-16,0.0,0.0,-0.0065329805641014885,-0.023193811412201892,-0.006134804033618241,0.0,0.0,0.0,5.891510594647782,-0.9358216679570943,0.6729415215859733
12.165502071380615,7.771561172376096e-16,0.0,0.0,-0.006467650758460473,-0.022961873298079874,-0.006073455993282058,0.0,0.0,0.0,5.832595488701304,-0.9264634512775234,0.6662121063701135
12.169286966323853,0.022658537405372648,0.18989239166377225,0.06091258175070985,0.053462722803297905,0.4789788748364294,0.1549232692988269,-0.049926154138078785,-0.3934025953045013,-0.7410751595109331,5.947825505808771,-2.002068045488075,-1.270315701573782
12.173082828521729,0.022658537405372648,0.18989239166377225,0.06091258175070985,0.05292809557526493,0.47418908608806515,0.15337403660583865,-0.049926154138078785,-0.3934025953045013,-0.7410751595109331,5.888347250750683,-1.9820473650331942,-1.2576125445580442
12.176057577133179,7.771561172376096e-16,0.0,0.0,-0.023770772679919366,-0.16890049886989533,-0.05292518046722433,0.0,0.0,0.0,5.997296965712889,-0.6397534770235984,1.2461830293425682
12.179051160812378,7.771561172376096e-16,0.0,0.0,-0.023533064953120172,-0.16721149388119638,-0.052395928662552084,0.0,0.0,0.0,5.93732399605576,-0.6333559422533624,1.2337211990491426
12.182024002075195,0.022810393921633355,0.19133200280192272,0.06110449168752897,0.05343153545908584,0.478060416293894,0.15367042688918678,-0.04972293869654664,-0.39375939942497296,-0.7408667932835771,6.102641165235771,-2.0099280556260464,-1.2342353980405596
12.186063528060913,0.022810393921633355,0.19133200280192272,0.06110449168752897,0.052897220104494984,0.47327981213095505,0.1521337226202949,-0.04972293869654664,-0.39375939942497296,-0.7408667932835771,6.0416147535834135,-1.9898287750697858,-1.221893044060154
12.18986964225769,7.771561172376096e-16,0.0,0.0,-0.0075626757166196365,-0.034149418388322195,-0.00993059500115348,0.0,0.0,0.0,6.1118382456533675,-0.9353861224695739,0.7368433973654631
12.198134660720825,7.771561172376096e-16,0.0,0.0,-0.00748704895945344,-0.033807924204438976,-0.009831289051141945,0.0,0.0,0.0,6.050719863196834,-0.9260322612448781,0.7294749633918085
12.202366352081299,0.02302102582898695,0.192500016241863,0.061166584290132275,0.04698929807452107,0.4214310441712529,0.13481108218318566,-0.049534698899906394,-0.39412182602824525,-0.7406612559798635,6.150286260939987,-1.8895801625289153,-1.0019437399534086
12.205727338790894,0.02302102582898695,0.192500016241863,0.061166584290132275,0.046519405093775855,0.4172167337295403,0.1334629713613538,-0.049534698899906394,-0.39412182602824525,-0.7406612559798635,6.0887833983305875,-1.870684360903626,-0.9919243025538744
12.208692073822021,7.771561172376096e-16,0.0,0.0,-0.03159531104692468,-0.23625466008408064,-0.07418548959829055,0.0,0.0,0.0,6.194975247286303,-0.52261141243124,1.5162325509271244
12.211554050445557,7.771561172376096e-16,0.0,0.0,-0.031279357936455435,-0.23389211348323982,-0.07344363470230764,0.0,0.0,0.0,6.13302549481344,-0.5173852983069276,1.5010702254178532
12.214237213134766,0.023235895805061964,0.19342574551649003,0.06112351135690595,0.05563234333684138,0.48933393944721737,0.15509477194711135,-0.04937103488693442,-0.394484634768623,-0.7404583347042063,6.3270631141788956,-2.0484798547457883,-1.231610949357647
12.217799663543701,0.023235895805061964,0.19342574551649003,0.06112351135690595,0.05507601990347297,0.4844406000527452,0.15354382422764024,-0.04937103488693442,-0.394484634768623,-0.7404583347042063,6.263792483037107,-2.02799505619833,-1.2192948398640706
12.245815515518188,7.771561172376096e-16,0.0,0.0,0.04623142097834095,0.41055465796306595,0.13019091228776997,0.0,0.0,0.0,6.218777093809756,-1.8669074531944858,-0.9428021174023367
12.25109052658081,7.771561172376096e-16,0.0,0.0,0.04576910676855754,0.4064491113834353,0.12888900316489227,0.0,0.0,0.0,6.156589322871658,-1.848238378662541,-0.9333740962283132
12.254189491271973,0.02315698933540488,0.19539627637595897,0.05976685398290199,0.12003633722529325,1.0329057647447435,0.32046082611054916,-0.049230743895472905,-0.39485430929111065,-0.7402660036879888,6.3228008664534965,-3.161053627158919,-3.2757623206304043
12.25760006904602,0.02315698933540488,0.19539627637595897,0.05976685398290199,0.11883597385304032,1.022576707097296,0.3172562178494437,-0.049230743895472905,-0.39485430929111065,-0.7402660036879888,6.259572857788961,-3.12944309088733,-3.2430046974241002
12.261329889297485,7.771561172376096e-16,0.0,0.0,0.05556154086122252,0.48847508756608904,0.15384308118366846,0.0,0.0,0.0,6.328969398479646,-2.039507002552641,-1.2258516510043562
12.26610779762268,7.771561172376096e-16,0.0,0.0,0.0550059254526103,0.48359033669042817,0.15230465037183177,0.0,0.0,0.0,6.265679704494849,-2.0191119325271147,-1.2135931344943127
12.27102255821228,7.771561172376096e-16,0.0,0.0,0.0544558661980842,0.4787544333235239,0.15078160386811346,0.0,0.0,0.0,6.2030229074499,-1.9989208132018437,-1.2014572031493695
12.27605152130127,7.771561172376096e-16,0.0,0.0,0.053911307536103355,0.47396688899028866,0.14927378782943232,0.0,0.0,0.0,6.140992678375401,-1.9789316050698251,-1.1894426311178758
12.279593467712402,0.02239349655739743,0.19706448479992586,0.05886290381119194,0.11659589679291452,1.0256006428617401,0.3139690634856681,-0.049017604653804774,-0.3956054774269916,-0.7398942272304664,6.283730320016187,-3.124585156481886,-3.2343475066678495
12.282532215118408,0.02239349655739743,0.19706448479992586,0.05886290381119194,0.11542993782498537,1.0153446364331227,0.3108293728508114,-0.049017604653804774,-0.3956054774269916,-0.7398942272304664,6.220893016816025,-3.093339304917067,-3.202004031601171
12.285617589950562,7.771561172376096e-16,0.0,0.0,0.04169613749265545,0.36648602288366816,0.11694068123427459,0.0,0.0,0.0,6.317554912140387,-1.780210071983851,-0.7719148182307953
12.288889646530151,7.771561172376096e-16,0.0,0.0,0.0412791761177289,0.3628211626548315,0.11577127442193184,0.0,0.0,0.0,6.254379363018983,-1.7624079712640124,-0.7641956700484873
12.292966604232788,0.0224144885686421,0.19747116508666632,0.05859873373278746,0.09584485164392387,0.8435520724362744,0.2583450840697393,-0.048937640680668804,-0.3959845015227141,-0.7397362974800181,6.370239779854919,-2.7582742709186614,-2.5428783040308574
12.297020673751831,0.0224144885686421,0.19747116508666632,0.05859873373278746,0.09488640312748463,0.8351165517119117,0.2557616332290419,-0.048937640680668804,-0.3959845015227141,-0.7397362974800181,6.30653738205637,-2.7306915282094746,-2.517449520990549
12.308686017990112,7.771561172376096e-16,0.0,0.0,0.07472294232924473,0.6574851994698774,0.20297083685866169,0.0,0.0,0.0,6.285423312613155,-2.363930848482741,-1.8581434627767135
12.312782764434814,7.771561172376096e-16,0.0,0.0,0.07397571290595228,0.6509103474751786,0.20094112849007506,0.0,0.0,0.0,6.222569079487023,-2.340291539997913,-1.8395620281489464
12.315901041030884,0.02252850405028649,0.19767306531361978,0.05842560986120188,0.14548260663103266,1.2783189200744207,0.38629678268669343,-0.04889075192037552,-0.3963619169151505,-0.7395949189966337,6.394255523286152,-3.643449703007965,-4.155957005129531
12.319279670715332,0.02252850405028649,0.19767306531361978,0.05842560986120188,0.14402778056472232,1.2655357308736765,0.38243381485982647,-0.04889075192037552,-0.3963619169151505,-0.7395949189966337,6.330312968053291,-3.6070152059778855,-4.114397435078236
12.327633619308472,7.771561172376096e-16,0.0,0.0,0.11562001092080071,1.0162580588478598,0.3086717589843299,0.0,0.0,0.0,6.325533961875894,-3.0964844889576666,-3.1879296994536572
12.349598407745361,7.771561172376096e-16,0.0,0.0,0.1144638108115927,1.0060954782593812,0.3055850413944866,0.0,0.0,0.0,6.262278622257135,-3.06551964406809,-3.1560504024591207
12.354587078094482,0.02220606193091277,0.1976043107090203,0.0585612832584541,0.1578321598861722,1.3921406938190195,0.41991775177965635,-0.0488894531234441,-0.39675327452416326,-0.7394916264939637,6.345612216062802,-3.864362954327492,-4.583971735370386
12.357805252075195,0.02220606193091277,0.1976043107090203,0.0585612832584541,0.15625383828731046,1.3782192868808294,0.41571857426185976,-0.0488894531234441,-0.39675327452416326,-0.7394916264939637,6.2821560939021746,-3.825719324784217,-4.538132018016682
12.360825538635254,7.771561172376096e-16,0.0,0.0,0.08116826992253659,0.7101802651328875,0.21766825257349806,0.0,0.0,0.0,6.381204779879378,-2.4738342136726246,-2.044335251854406
12.363689661026001,7.771561172376096e-16,0.0,0.0,0.08035658722331122,0.7030784624815586,0.2154915700477631,0.0,0.0,0.0,6.3173927320805845,-2.4490958715358984,-2.023891899335862
12.37306547164917,0.022061414578100846,0.1965187582719449,0.058308283117486,0.10308316233279037,0.9056495631447409,0.27552677897864064,-0.0489545617746868,-0.39713839794245676,-0.7393742572489697,6.331033047303033,-2.866228928264194,-2.7802470964431745
12.378108024597168,0.022061414578100846,0.1965187582719449,0.058308283117486,0.10205233070946247,0.8965930675132935,0.27277151118885423,-0.0489545617746868,-0.39713839794245676,-0.7393742572489697,6.2677227168300025,-2.837566638981552,-2.7524446254787427
12.382127523422241,7.771561172376096e-16,0.0,0.0,0.04614582400442999,0.3987135512784883,0.12498023055540194,0.0,0.0,0.0,6.326838190456421,-1.8211613320177757,-0.8854514060604337
12.386627435684204,0.02217771292190595,0.19564295020285416,0.05821717259713587,0.09496913317945328,0.829497004198273,0.2531044453595532,-0.04899847389829943,-0.3975197561118517,-0.7392793449449193,6.422071223149146,-2.7240795584719897,-2.4945207894546546
12.3927161693573,0.02217771292190595,0.19564295020285416,0.05821717259713587,0.09401944184765874,0.8212020341562902,0.25057340090595764,-0.04899847389829943,-0.3975197561118517,-0.7392793449449193,6.357850510917655,-2.69683876288727,-2.469575581560108
12.397801399230957,7.771561172376096e-16,0.0,0.0,0.04946723091682875,0.4282621744375264,0.13358479386353614,0.0,0.0,0.0,6.390626497376546,-1.8881559474188516,-0.9911021926534789
12.402806043624878,7.771561172376096e-16,0.0,0.0,0.04897255860766046,0.42397955269315113,0.13224894592490077,0.0,0.0,0.0,6.3267202324027805,-1.8692743879446632,-0.9811911707269441
12.412347793579102,0.022395339158977845,0.19496195091943663,0.058209954171371626,0.07195372595675643,0.624064909108749,0.19193198946602683,-0.04904476584873529,-0.3978936236756185,-0.7391973875337777,6.337582224080314,-2.2855261672572116,-1.734280492527006
12.417399168014526,0.022395339158977845,0.19496195091943663,0.058209954171371626,0.07123418869718887,0.6178242600176616,0.19001266957136656,-0.04904476584873529,-0.3978936236756185,-0.7391973875337777,6.2742064018395105,-2.2626709055846392,-1.7169376876017357
12.43225908279419,7.771561172376096e-16,0.0,0.0,0.05545087265521927,0.4804461055672119,0.14894007450387164,0.0,0.0,0.0,6.2444690801604565,-1.9722811376045475,-1.2023244165350029
12.43699598312378,7.771561172376096e-16,0.0,0.0,0.05489636392866708,0.4756416445115398,0.14745067375883292,0.0,0.0,0.0,6.182024389358852,-1.952558326228502,-1.1903011723696528
12.442452192306519,0.022606186304721804,0.19446247531236052,0.05825977593698557,0.0957794377124246,0.8272910563611742,0.252753187450173,-0.04910028462720453,-0.39826525440337507,-0.7391257273794463,6.248944696481736,-2.694591445988922,-2.512350561674676
12.446497678756714,0.022606186304721804,0.19446247531236052,0.05825977593698557,0.09482164333530035,0.8190181457975624,0.2502256555756713,-0.04910028462720453,-0.39826525440337507,-0.7391257273794463,6.186455249516919,-2.667645531529033,-2.4872270560579293
12.453816413879395,7.771561172376096e-16,0.0,0.0,0.06298532134028444,0.5451229319088817,0.16811978588130078,0.0,0.0,0.0,6.191679181307843,-2.096796828239968,-1.4524456755352948
12.45890212059021,7.771561172376096e-16,0.0,0.0,0.06235546812688159,0.5396717025897929,0.16643858802248776,0.0,0.0,0.0,6.129762389494765,-2.0758288599575683,-1.437921218779942
12.463691711425781,0.022634996945321118,0.1949668525980717,0.05833719134770051,0.10899064122088525,0.9413386769967699,0.286574149884025,-0.049172496531690965,-0.3986334550433268,-0.7390764482741996,6.215610957371414,-2.923445400694882,-2.942964734109564
12.468997955322266,0.022634996945321118,0.1949668525980717,0.05833719134770051,0.1079007348086764,0.9319252902268021,0.28370840838518474,-0.049172496531690965,-0.3986334550433268,-0.7390764482741996,6.1534548477977,-2.894210946687933,-2.9135350867684684
12.473366260528564,7.771561172376096e-16,0.0,0.0,0.05500530009035446,0.476284538732949,0.14732481463075872,0.0,0.0,0.0,6.20448683075344,-1.9527102218831822,-1.1924931191000698
12.47629451751709,7.771561172376096e-16,0.0,0.0,0.05445524708945092,0.4715216933456195,0.14585156648445113,0.0,0.0,0.0,6.142441962445906,-1.9331831196643503,-1.180568187909069
12.47948670387268,0.02240067494521663,0.19799878690971237,0.058923194978130616,0.1240841508329254,1.0870672157732464,0.32897874981845154,-0.04926235111212354,-0.3990013254223128,-0.7390367545418312,6.307675362822954,-3.2175660231078917,-3.4480132278999966
12.483023166656494,0.02240067494521663,0.19799878690971237,0.058923194978130616,0.12284330932459614,1.0761965436155139,0.325688962320267,-0.04926235111212354,-0.3990013254223128,-0.7390367545418312,6.244598609194724,-3.185390362876813,-3.4135330956209966
12.487943410873413,7.771561172376096e-16,0.0,0.0,0.0760873089854236,0.6630179944072243,0.20267542570886182,0.0,0.0,0.0,6.282274383203075,-2.3425984085506997,-1.8773650972606972
12.491688251495361,7.771561172376096e-16,0.0,0.0,0.07532643589556937,0.6563878144631521,0.2006486714517732,0.0,0.0,0.0,6.2194516393710435,-2.319172424465193,-1.8585914462880901
12.496694564819336,0.02230368590054591,0.200119182715679,0.05933708209391053,0.11912429020858246,1.0495575721605546,0.3171666922021653,-0.049365048096366354,-0.39935734815821305,-0.7390009908586139,6.3042968099037235,-3.127916573863927,-3.293038916638414
12.50044846534729,0.02230368590054591,0.200119182715679,0.05933708209391053,0.11793304730649663,1.039061996438949,0.31399502528014367,-0.049365048096366354,-0.39935734815821305,-0.7390009908586139,6.241253841804686,-3.0966374081252876,-3.26010852747203
12.506404638290405,7.771561172376096e-16,0.0,0.0,0.0793073798758622,0.6926851910045798,0.21123224227783552,0.0,0.0,0.0,6.261721784809576,-2.395177829813233,-1.9867761909114852
12.511567115783691,7.771561172376096e-16,0.0,0.0,0.07851430607710358,0.685758339094534,0.20911991985505715,0.0,0.0,0.0,6.199104566961481,-2.3712260515151007,-1.9669084290023704
12.516910076141357,0.022241551417956282,0.20161994661406774,0.05965108659079342,0.11935693101210962,1.0562570022734996,0.3186729826342449,-0.049480258547702535,-0.3997120091455014,-0.7389694650670376,6.27644736259873,-3.1276558147543643,-3.30852358965379
12.52184534072876,0.022241551417956282,0.20161994661406774,0.05965108659079342,0.11816336170198852,1.0456944322507646,0.31548625280790243,-0.049480258547702535,-0.3997120091455014,-0.7389694650670376,6.213682888972743,-3.0963792566068205,-3.275438353757252
12.52729845046997,7.771561172376096e-16,0.0,0.0,0.07619481479424792,0.6655035999590497,0.20294227210383903,0.0,0.0,0.0,6.242283750861112,-2.332417178448318,-1.887549927193912
12.53251838684082,7.771561172376096e-16,0.0,0.0,0.07543286664630544,0.6588485639594592,0.20091284938280063,0.0,0.0,0.0,6.179860913352501,-2.3090930066638347,-1.868674427921973
12.537166833877563,0.022155504188542362,0.202595951997408,0.05987371252480291,0.1223407013075424,1.0880958540015266,0.3277074096296154,-0.04961148588094902,-0.4000592460230782,-0.7389402881136683,6.279230981525247,-3.183341536233239,-3.414553912882372
12.542075395584106,0.022155504188542362,0.202595951997408,0.05987371252480291,0.12111729429446698,1.0772148954615113,0.32443033553331924,-0.04961148588094902,-0.4000592460230782,-0.7389402881136683,6.216438671709994,-3.151508120870907,-3.380408373753548
12.551184177398682,7.771561172376096e-16,0.0,0.0,0.09558288621475572,0.8440244735461485,0.25545417720150876,0.0,0.0,0.0,6.208739840202005,-2.680791339405272,-2.5353648694699293
12.5595862865448,7.771561172376096e-16,0.0,0.0,0.09462705735260817,0.8355842288106871,0.2528996354294937,0.0,0.0,0.0,6.1466524417999855,-2.6539834260112194,-2.51001122077523
12.564243078231812,0.021933564655424023,0.20401838137544176,0.06006460869227789,0.14078094957270298,1.2653377010200924,0.37935345112540164,-0.04976075637595959,-0.40040586293971087,-0.7389284033133017,6.247797017625893,-3.523617640016124,-4.04664614002707
12.567579746246338,0.021933564655424023,0.20401838137544176,0.06006460869227789,0.13937314007697596,1.2526843240098915,0.3755599166141476,-0.04976075637595959,-0.40040586293971087,-0.7389284033133017,6.185319047449634,-3.4883814636159625,-4.0061796786268
12.57128357887268,7.771561172376096e-16,0.0,0.0,0.07876084545219568,0.689327024975431,0.20963551893081508,0.0,0.0,0.0,6.2578152226080395,-2.3724394497191117,-1.9710806383705648
12.575560569763184,7.771561172376096e-16,0.0,0.0,0.07797323699767372,0.6824337547256767,0.20753916374150694,0.0,0.0,0.0,6.195237070381959,-2.3487150552219207,-1.951369831986859
12.57990574836731,0.021748921512236227,0.2045458710309555,0.06005651585931486,0.1272465024298672,1.1463515653532461,0.3436779200847712,-0.049941835164403134,-0.40074669642942073,-0.7389032535414184,6.308011315000591,-3.2861442845051076,-3.6056731882915356
12.584975719451904,7.771561172376096e-16,0.0,0.0,0.08307651166164415,0.7314422161475759,0.22178579891600053,0.0,0.0,0.0,6.343436369495729,-2.4628509245094765,-2.1122052775034783
12.590135335922241,7.771561172376096e-16,0.0,0.0,0.08224574654502771,0.7241277939861,0.21956794092684054,0.0,0.0,0.0,6.280002005800771,-2.4382224152643817,-2.0910832247284437
12.593770980834961,0.021640328391272026,0.20469679735292964,0.06005656857063929,0.14094595675143956,1.2799139905852792,0.3825604743722557,-0.050100973982081125,-0.4010766565077789,-0.738891985978126,6.425860404681792,-3.562960148185492,-4.070783347628762
12.596608638763428,0.021640328391272026,0.20469679735292964,0.06005656857063929,0.13953649718392516,1.2671148506794263,0.37873486962853314,-0.050100973982081125,-0.4010766565077789,-0.738891985978126,6.361601800634975,-3.5273305467036367,-4.0300755141524744
12.600136518478394,7.771561172376096e-16,0.0,0.0,0.07680024153639314,0.6742175780092327,0.20471334793629795,0.0,0.0,0.0,6.440000187965476,-2.3551798845445644,-1.8953383108417285
12.606917142868042,7.771561172376096e-16,0.0,0.0,0.07603223912102922,0.6674754022291404,0.20266621445693497,0.0,0.0,0.0,6.375600186085821,-2.3316280856991187,-1.8763849277333113
12.61176085472107,0.021536580551100967,0.20455829361687258,0.06004332214907678,0.11973488481005211,1.0831178706671871,0.3246009355881885,-0.050250394272110276,-0.40140119315187645,-0.7388863750821625,6.46793189297249,-3.1713186576025527,-3.3594147651511386
12.615233421325684,0.021536580551100967,0.20455829361687258,0.06004332214907678,0.11853753596195159,1.0722866919605152,0.3213549262323066,-0.050250394272110276,-0.40140119315187645,-0.7388863750821625,6.403252574042765,-3.139605471026527,-3.325820617499627
12.618509769439697,7.771561172376096e-16,0.0,0.0,0.051618667696058065,0.43721535382098353,0.13487842669843522,0.0,0.0,0.0,6.492593232480106,-1.8830612355262093,-1.0373491392007672
12.622041702270508,7.771561172376096e-16,0.0,0.0,0.051102481019097486,0.4328432002827737,0.13352964243145088,0.0,0.0,0.0,6.427667300155305,-1.8642306231709471,-1.0269756478087595
12.626742839813232,0.021386550960659525,0.20432779834183287,0.060018303243764795,0.09608374560970519,0.8631495699314029,0.2598619641066069,-0.05039649937982021,-0.4017201174355066,-0.7388855684085184,6.52354988092066,-2.7351837293907484,-2.5642694385105718
12.63590669631958,0.021386550960659525,0.20432779834183287,0.060018303243764795,0.09512290815360813,0.8545180742320889,0.25726334446554083,-0.05039649937982021,-0.4017201174355066,-0.7388855684085184,6.458314382111453,-2.707831892096841,-2.538626744125466
12.639780521392822,7.771561172376096e-16,0.0,0.0,0.03896384042085662,0.3185154206338209,0.09975779043463728,0.0,0.0,0.0,6.523826166241334,-1.6437420668734246,-0.6058606790979726
12.64418649673462,7.771561172376096e-16,0.0,0.0,0.03857420201664805,0.3153302664274827,0.09876021253029091,0.0,0.0,0.0,6.458587904578921,-1.6273046462046903,-0.5998020723069929
12.647945642471313,0.021086597215892164,0.2020778647873113,0.05950414799536354,0.09428258002502354,0.8497402266470024,0.25606428666143854,-0.05056721933574914,-0.40203945981606565,-0.7388927924505778,6.590034996502438,-2.7236581715568784,-2.530059193990102
12.652398109436035,0.021086597215892164,0.2020778647873113,0.05950414799536354,0.09333975422477331,0.8412428243805324,0.25350364379482415,-0.05056721933574914,-0.40203945981606565,-0.7388927924505778,6.524134646537414,-2.6964215898413095,-2.5047586020502006
12.656954288482666,7.771561172376096e-16,0.0,0.0,0.04612503849885099,0.38930554182543525,0.12036762046334082,0.0,0.0,0.0,6.569879323268696,-1.7870524998118835,-0.8579731850790824
12.661746501922607,7.771561172376096e-16,0.0,0.0,0.04566378811386248,0.3854124864071809,0.11916394425870741,0.0,0.0,0.0,6.504180530036009,-1.7691819748137647,-0.8493934532282915
12.666491031646729,0.020278922308654277,0.20240362272062953,0.06013188719847282,0.08794884116482166,0.8081625446544796,0.24471170934079556,-0.05074972714383696,-0.40236335169346427,-0.7389081494268619,6.5941186000836876,-2.6324690021955415,-2.3758141193306836
12.669875621795654,7.771561172376096e-16,0.0,0.0,0.027153908293554803,0.2020657569145935,0.06460087359135513,0.0,0.0,0.0,6.678120907713665,-1.4173346365879942,-0.16890198632723052
12.672717809677124,7.771561172376096e-16,0.0,0.0,0.026882369210619254,0.20004509934544756,0.06395486485544158,0.0,0.0,0.0,6.611339698636528,-1.4031612902221142,-0.16721296646395822
12.678290843963623,0.01971952800699474,0.20251886586285306,0.06047824858722925,0.06199737234112133,0.5614353175130746,0.17183474292877393,-0.05093613723119064,-0.402673981822845,-0.7389367430426229,6.676777674918537,-2.1389488333774107,-1.472802251527098
12.685108661651611,0.01971952800699474,0.20251886586285306,0.06047824858722925,0.06137739861771011,0.5558209643379439,0.17011639549948618,-0.05093613723119064,-0.402673981822845,-0.7389367430426229,6.610009898169351,-2.1175593450436367,-1.458074229011827
12.689661502838135,7.771561172376096e-16,0.0,0.0,0.01745104859579421,0.1054441072479641,0.03557895171499281,0.0,0.0,0.0,6.6557874930153345,-1.2119382694736527,0.17952983601113837
12.694365501403809,7.771561172376096e-16,0.0,0.0,0.017276538109836266,0.10438966617548447,0.03522316219784288,0.0,0.0,0.0,6.589229618085181,-1.1998188867789161,0.17773453765102698
12.69811749458313,0.019265891720860663,0.20273506010955045,0.06070281758146629,0.068452191555941,0.6436853981327344,0.19665911802786593,-0.051144586274967076,-0.40298936644938943,-0.73897065929941,6.7184155560253584,-2.301504523044331,-1.7664508439874187
12.703243255615234,0.019265891720860663,0.20273506010955045,0.06070281758146629,0.06776766964038158,0.6372485441514071,0.19469252684758726,-0.051144586274967076,-0.40298936644938943,-0.73897065929941,6.651231400465105,-2.2784894778138876,-1.7487863355475446
12.7064790725708,7.771561172376096e-16,0.0,0.0,0.007550494927200939,0.00434166911533973,0.005149027313553822,0.0,0.0,0.0,6.742776810297353,-1.0103023492779075,0.5524235969076594
12.710926055908203,7.771561172376096e-16,0.0,0.0,0.007474989977928929,0.0042982524241863326,0.005097537040418284,0.0,0.0,0.0,6.675349042194379,-1.0001993257851285,0.5468993609385828
12.7143394947052,0.01886264669733886,0.20270545511669877,0.060827465146803227,0.06266019292667373,0.5981005595680244,0.18324652002378775,-0.05138722846606544,-0.4033006784573891,-0.7390028605172582,6.822152915592598,-2.2143448023240944,-1.5943651948580744
12.719346284866333,0.01886264669733886,0.20270545511669877,0.060827465146803227,0.06203359099740699,0.5921195539723442,0.18141405482354986,-0.05138722846606544,-0.4033006784573891,-0.7390028605172582,6.753931386436673,-2.1922013543008534,-1.5784215429094937
12.727445602416992,7.771561172376096e-16,0.0,0.0,0.03812407475914352,0.33592362374191687,0.10449795072549313,0.0,0.0,0.0,6.7498384409171095,-1.6723353153077425,-0.6502112423257147
12.73666000366211,7.771561172376096e-16,0.0,0.0,0.03774283401155208,0.3325643875044977,0.1034529712182382,0.0,0.0,0.0,6.682340056507939,-1.655611962154665,-0.6437091299024575
12.741540670394897,0.018456794947715936,0.2025323384846609,0.06087806871158338,0.07518154014282609,0.7442073320890136,0.22715154057755665,-0.0516681204543969,-0.4036183993317625,-0.7390264086730804,6.764032195937457,-2.4952009138414772,-2.1315368815384605
12.746233224868774,0.018456794947715936,0.2025323384846609,0.06087806871158338,0.07442972474139783,0.7367652587681234,0.22488002517178107,-0.0516681204543969,-0.4036183993317625,-0.7390264086730804,6.696391873978082,-2.4702489047030625,-2.110221512723076
12.750077962875366,7.771561172376096e-16,0.0,0.0,0.02568008898698801,0.20261960950701596,0.06428995795412668,0.0,0.0,0.0,6.763814538578472,-1.3957521289198225,-0.16694304681875582
12.752866268157959,7.771561172376096e-16,0.0,0.0,0.025423288097118128,0.2005934134119458,0.06364705837458541,0.0,0.0,0.0,6.696176393192687,-1.3817946076306242,-0.16527361635056825
12.75611138343811,0.017149711783610553,0.21283641216028878,0.060559156712959084,0.07801682887924417,0.8544545095250881,0.24962693724186552,-0.05190693348587946,-0.4039402601830757,-0.7390556430842513,6.875708409337261,-2.654323139115311,-2.410020375477539
12.760814666748047,0.017149711783610553,0.21283641216028878,0.060559156712959084,0.07723666059045173,0.8459099644298371,0.24713066786944687,-0.05190693348587946,-0.4039402601830757,-0.7390556430842513,6.8069513252438885,-2.627779907724158,-2.3859201717227636
12.765503883361816,7.771561172376096e-16,0.0,0.0,0.03989163548706824,0.3835660697532285,0.11551378805785048,0.0,0.0,0.0,6.849576065981463,-1.7400783497253596,-0.7859861072788494
12.77014684677124,7.771561172376096e-16,0.0,0.0,0.03949271913219756,0.3797304090556962,0.11435865017727198,0.0,0.0,0.0,6.781080305321648,-1.722677566228106,-0.778126246206061
12.774012327194214,0.016289579406420306,0.21939030820981348,0.06035425181139924,0.0812389429077929,0.9434959540897019,0.26935154661484384,-0.05215443060027577,-0.40425852463118184,-0.73907843265833,6.93229837910874,-2.7848803150195467,-2.655689986846233
12.777118682861328,0.016289579406420306,0.21939030820981348,0.06035425181139924,0.08042655347871497,0.9340609945488049,0.2666580311486954,-0.05215443060027577,-0.40425852463118184,-0.73907843265833,6.862975395317653,-2.7570315118693514,-2.6291330869777707
12.783096075057983,7.771561172376096e-16,0.0,0.0,0.052370304352262934,0.5576869007831049,0.16302057620533916,0.0,0.0,0.0,6.8815984581186775,-2.053148665581312,-1.366385441476521
12.78694772720337,7.771561172376096e-16,0.0,0.0,0.0518466013087403,0.5521100317752738,0.16139037044328577,0.0,0.0,0.0,6.8127824735374904,-2.032617178925499,-1.352721587061756
12.79117488861084,0.0156683660225067,0.22371989332740577,0.060204236720743175,0.08839406326049257,1.0758327235966703,0.30219884174999806,-0.05241500829241968,-0.4045846291794558,-0.7390886515400302,6.952027632680194,-2.99924394634876,-3.06295453481658
12.795416831970215,0.0156683660225067,0.22371989332740577,0.060204236720743175,0.08751012262788764,1.0650743963607034,0.29917685333249805,-0.05241500829241968,-0.4045846291794558,-0.7390886515400302,6.882507356353392,-2.9692515068852723,-3.032324989468414
12.8099524974823,7.771561172376096e-16,0.0,0.0,0.07585576536446396,0.9005126442348593,0.2547667977102954,0.0,0.0,0.0,6.849741868949735,-2.6612197380388167,-2.493536096273427
12.813511371612549,7.771561172376096e-16,0.0,0.0,0.07509720771081932,0.8915075177925107,0.2522191297331925,0.0,0.0,0.0,6.781244450260238,-2.6346075406584286,-2.468600735310693
12.81729507446289,0.015205251280923085,0.226183472022266,0.06009971654606308,0.11453240215455396,1.4803758335640993,0.4085353010748139,-0.05269649150385542,-0.40491276461435305,-0.7390800036429884,6.94927917393758,-3.710953511354546,-4.36967178038745
12.822309732437134,0.015205251280923085,0.226183472022266,0.06009971654606308,0.11338707813300841,1.4655720752284582,0.40444994806406576,-0.05269649150385542,-0.40491276461435305,-0.7390800036429884,6.879786382198204,-3.6738439762410007,-4.325975062583575
12.83483076095581,0.014425309252763531,0.22700476725487218,0.05981477293025505,0.11159108334295244,1.4515540997733394,0.40025630230943443,-0.05300570089877182,-0.40525540273128735,-0.7390684555281307,6.810729605363515,-3.63736424374711,-4.2827599145160065
12.840584516525269,0.014425309252763531,0.22700476725487218,0.05981477293025505,0.1104751725095229,1.437038558775606,0.39625373928634006,-0.05300570089877182,-0.40525540273128735,-0.7390684555281307,6.74262230930988,-3.600990601309639,-4.239932315370846
12.845115423202515,7.771561172376096e-16,0.0,0.0,0.07753284327437723,0.9216541743896078,0.26027618328662505,0.0,0.0,0.0,6.79218304859445,-2.670556175880918,-2.566361776001888
12.850820541381836,7.771561172376096e-16,0.0,0.0,0.07675751484163346,0.9124376326457118,0.2576734214537588,0.0,0.0,0.0,6.724261218108506,-2.643850614122109,-2.5406981582418693
12.854732513427734,0.012170119702676674,0.22707678614519922,0.059765341581762985,0.1070998749378614,1.4837795364484316,0.4078721694782237,-0.053342536777172336,-0.40562131430475323,-0.7390237193492786,6.885930312905243,-3.680016895793287,-4.381032812117731
12.858273983001709,0.012170119702676674,0.22707678614519922,0.059765341581762985,0.10602887618848278,1.4689417410839474,0.40379344778344145,-0.053342536777172336,-0.40562131430475323,-0.7390237193492786,6.817071009776191,-3.643216726835354,-4.337222483996554
12.861221551895142,7.771561172376096e-16,0.0,0.0,0.06367991821248137,0.6838656275346678,0.1969940385359272,0.0,0.0,0.0,6.929871597401183,-2.230662986264658,-1.7866188896171917
12.86414885520935,7.771561172376096e-16,0.0,0.0,0.06304311903035656,0.6770269712593212,0.19502409815056793,0.0,0.0,0.0,6.860572881427172,-2.2083563564020117,-1.7687527007210198
12.866913795471191,0.01079833358302075,0.22618343244944805,0.05976026942332277,0.10146717929525263,1.4882976392516944,0.40920970013131175,-0.053642236185290335,-0.40596532976857425,-0.7389810498832636,7.112662188580245,-3.687164105391462,-4.393251129994719
12.87076473236084,7.771561172376096e-16,0.0,0.0,0.07241171147667169,0.8860681574998105,0.2499338877490422,0.0,0.0,0.0,7.180832152752458,-2.596093599485113,-2.4303542963510556
12.875249147415161,7.771561172376096e-16,0.0,0.0,0.07168759436190497,0.8772074759248124,0.24743454887155178,0.0,0.0,0.0,7.109023831224934,-2.570132663490262,-2.406050753387545
12.904407024383545,7.771561172376096e-16,0.0,0.0,0.07097071841828592,0.8684354011655643,0.24496020338283625,0.0,0.0,0.0,7.037933592912684,-2.5444313368553595,-2.3819902458536695
12.90942645072937,7.771561172376096e-16,0.0,0.0,0.07026101123410307,0.8597510471539086,0.2425106013490079,0.0,0.0,0.0,6.967554256983557,-2.518987023486806,-2.3581703433951327
12.914401531219482,0.009963145610973452,0.22457682425927136,0.059792666075551844,0.08958450045980064,1.3025569354929118,0.3602698143518363,-0.05392160594195106,-0.406323096649477,-0.7389307160085408,7.073220477041965,-3.327310536293709,-3.804041733827124
12.918190956115723,0.009963145610973452,0.22457682425927136,0.059792666075551844,0.08868865545520263,1.2895313661379828,0.3566671162083179,-0.05392160594195106,-0.406323096649477,-0.7389307160085408,7.002488272271545,-3.2940374309307723,-3.766001316488853
12.923228740692139,0.009525502722785968,0.2224882813039973,0.059847259515042356,0.08707479342477256,1.2724663602742077,0.3532751643092215,-0.05418566495887179,-0.4066705718628215,-0.7388701174940476,6.931884949102293,-3.261753061752556,-3.7283377812320704
12.934001922607422,0.009525502722785968,0.2224882813039973,0.059847259515042356,0.08620404549052484,1.2597416966714656,0.3497424126661293,-0.05418566495887179,-0.4066705718628215,-0.7388701174940476,6.86256609961127,-3.2291355311350305,-3.6910544034197494
12.93784785270691,7.771561172376096e-16,0.0,0.0,0.06057425711410894,0.6686410943929407,0.19063306121135407,0.0,0.0,0.0,6.934831363715681,-2.1394391753608923,-1.732969791264696
12.942179441452026,7.771561172376096e-16,0.0,0.0,0.059968514542967845,0.6619546834490113,0.18872673059924053,0.0,0.0,0.0,6.865483050078524,-2.1180447836072833,-1.715640093352049
12.946568727493286,7.771561172376096e-16,0.0,0.0,0.05936882939753817,0.6553351366145213,0.18683946329324813,0.0,0.0,0.0,6.796828219577739,-2.0968643357712105,-1.6984836924185285
12.951576948165894,7.771561172376096e-16,0.0,0.0,0.058775141103562786,0.648781785248376,0.18497106866031565,0.0,0.0,0.0,6.728859937381961,-2.075895692413498,-1.681498855494343
12.95898151397705,0.008864723094847994,0.21936864901842942,0.05990035010641104,0.0701593585032977,0.9385552940058657,0.26401786377038333,-0.054445931408004467,-0.4070355776962714,-0.7388126674413193,6.773491068200682,-2.6148430063946,-2.6532960748638548
12.962198257446289,0.008864723094847994,0.21936864901842942,0.05990035010641104,0.06945776491826472,0.929169741065807,0.2613776851326795,-0.054445931408004467,-0.4070355776962714,-0.7388126674413193,6.7057561575186755,-2.588694576330654,-2.6267631141152163
12.96634030342102,7.771561172376096e-16,0.0,0.0,0.047361389343789896,0.39026381349766626,0.11414854072668706,0.0,0.0,0.0,6.770145546895149,-1.5801155499400612,-0.8168053164514177
12.970729351043701,7.771561172376096e-16,0.0,0.0,0.046887775450352,0.3863611753626896,0.1130070553194202,0.0,0.0,0.0,6.702444091426197,-1.5643143944406606,-0.8086372632869036
12.973709106445312,0.008421355035548816,0.2107170610076993,0.060409696198829,0.07468079808872677,1.089659839055404,0.3146107264893286,-0.05474876512810491,-0.40739500880912294,-0.7387515864665772,6.890549710501712,-2.93892740156387,-3.260576662598307
12.97653579711914,0.008421355035548816,0.2107170610076993,0.060409696198829,0.0739339901078395,1.07876324066485,0.3114646192244353,-0.05474876512810491,-0.40739500880912294,-0.7387515864665772,6.821644213396694,-2.909538127548231,-3.227970895972324
12.979243516921997,7.771561172376096e-16,0.0,0.0,0.042093370721844936,0.2897670920542418,0.08524824686724106,0.0,0.0,0.0,6.955622862018975,-1.3758741850082055,-0.46737496431020586
12.982314348220825,7.771561172376096e-16,0.0,0.0,0.04167243701462649,0.28686942113369934,0.08439576439856865,0.0,0.0,0.0,6.886066633398785,-1.3621154431581235,-0.4627012146671038
12.987102746963501,0.008474306689007309,0.20419294593107554,0.060727387152100167,0.05895329203251391,0.7104333548303955,0.21037371615589875,-0.05501850818703293,-0.4077524487259429,-0.73869360676051,6.965075335967364,-2.214118965810709,-1.9900652562278054
12.99211072921753,0.008474306689007309,0.20419294593107554,0.060727387152100167,0.05836375911218877,0.7033290212820915,0.20826997899433977,-0.05501850818703293,-0.4077524487259429,-0.73869360676051,6.89542458260769,-2.1919777761526023,-1.9701646036655274
12.997425317764282,7.771561172376096e-16,0.0,0.0,0.04183475413381335,0.312083587203812,0.09192182550487518,0.0,0.0,0.0,6.929993888422592,-1.4028256056312092,-0.5605273111302704
13.00318717956543,7.771561172376096e-16,0.0,0.0,0.04141640659247522,0.3089627513317739,0.09100260724982642,0.0,0.0,0.0,6.860693949538366,-1.388797349574897,-0.5549220380189678
13.00843358039856,0.008820063459045168,0.19910407228427432,0.060929083521208,0.057813888719017506,0.6853791482666365,0.20622759536925594,-0.05526671313345237,-0.4081054028768275,-0.7386373771883165,6.91920226764528,-2.1658744859825987,-1.9481471140538185
13.011448383331299,0.008820063459045168,0.19910407228427432,0.060929083521208,0.05723574983182733,0.6785253567839701,0.20416531941556337,-0.05526671313345237,-0.4081054028768275,-0.7386373771883165,6.850010244968827,-2.1442157411227725,-1.9286656429132802
13.014130115509033,7.771561172376096e-16,0.0,0.0,0.023773965371805886,-0.07070567096436464,-0.02507681273426185,0.0,0.0,0.0,6.987596020864171,-0.6009758208133482,0.8449504104668333
13.024950742721558,7.771561172376096e-16,0.0,0.0,0.023536225718087826,-0.069998614254721,-0.024826044606919232,0.0,0.0,0.0,6.917720060655529,-0.5949660626052147,0.8365009063621649
13.035281419754028,0.009323430421553326,0.19531426298824184,0.06103280639665507,0.03232585803991446,0.11976377542085982,0.03450140900802055,-0.0554946684585553,-0.40845788574957587,-0.7385803785957809,6.91008417434233,-0.9913074788433404,0.11769515077235293
13.048501253128052,0.009323430421553326,0.19531426298824184,0.06103280639665507,0.032002599459515314,0.11856613766665122,0.03415639491794035,-0.0554946684585553,-0.40845788574957587,-0.7385803785957809,6.840983332598907,-0.981394404054907,0.1165181992646294
13.053706169128418,7.771561172376096e-16,0.0,0.0,0.01376983400688363,-0.25786912038842424,-0.08344509482516341,0.0,0.0,0.0,6.87919321888924,-0.1868264203318003,1.5343583932354279
13.058903455734253,7.771561172376096e-16,0.0,0.0,0.013632135666814794,-0.25529042918454,-0.08261064387691178,0.0,0.0,0.0,6.810401286700348,-0.1849581561284823,1.5190148093030735
13.063510417938232,0.009193834880255146,0.19262365581804977,0.06112695231479119,0.03345220742384039,0.16537672760032895,0.05089932148735457,-0.05571000875690089,-0.40881923799277375,-0.7385367256251357,6.875416816252178,-1.0856224010089819,-0.08982897888136354
13.068848371505737,0.009193834880255146,0.19262365581804977,0.06112695231479119,0.03311768534960199,0.16372296032432565,0.05039032827248102,-0.05571000875690089,-0.40881923799277375,-0.7385367256251357,6.806662648089657,-1.074766176998892,-0.0889306890925499
13.07264232635498,7.771561172376096e-16,0.0,0.0,0.008553655851356121,-0.34562630980695713,-0.11123028499688256,0.0,0.0,0.0,6.8854349033841045,0.013535789547094668,1.8585730477841784
13.077308416366577,7.771561172376096e-16,0.0,0.0,0.00846811929284256,-0.34217004670888757,-0.11011798214691373,0.0,0.0,0.0,6.8165805543502636,0.013400431651623721,1.8399873173063366
13.082191944122314,0.009015329757326853,0.19074223094742715,0.0606859601036712,0.0268441292401142,0.05183452845024711,0.01524984084531597,-0.05592379875222915,-0.40917144674291406,-0.7385034536002643,6.871069503803385,-0.8384827650476518,0.3177745559502334
13.085668325424194,0.009015329757326853,0.19074223094742715,0.0606859601036712,0.026575687947713058,0.051316183165744635,0.015097342436862811,-0.05592379875222915,-0.40917144674291406,-0.7385034536002643,6.8023588087653515,-0.8300979373971753,0.31459681039073106
13.08892011642456,7.771561172376096e-16,0.0,0.0,-0.0014142669392952709,-0.5357729022906048,-0.1716768183228448,0.0,0.0,0.0,6.906313674231235,0.4364986910416794,2.5825176283044216
13.09184455871582,7.771561172376096e-16,0.0,0.0,-0.0014001242699023181,-0.5304151732676987,-0.16996005013961635,0.0,0.0,0.0,6.837250537488923,0.43213370413126256,2.556692452021377
13.094778060913086,0.009243181892495265,0.18974343204896923,0.06039311683251678,0.0301229104451774,0.12170435234072574,0.03761332434023626,-0.056119498498906135,-0.409519838903576,-0.7384706661377841,6.970177219106725,-0.991781310266667,0.02776391363426578
13.098656415939331,0.009243181892495265,0.18974343204896923,0.06039311683251678,0.029821681340725627,0.12048730881731848,0.0372371910968339,-0.056119498498906135,-0.409519838903576,-0.7384706661377841,6.900475446915658,-0.9818634971640003,0.02748627449792312
13.102648973464966,7.771561172376096e-16,0.0,0.0,0.006372434559315739,-0.3559603900302718,-0.11439941794723654,0.0,0.0,0.0,6.972030967755206,0.05366318653129132,1.8768295109195337
13.108071088790894,7.771561172376096e-16,0.0,0.0,0.006308710213722582,-0.35240078612996906,-0.11325542376776418,0.0,0.0,0.0,6.902310658077654,0.053126554665978404,1.8580612158103382
13.113548278808594,0.0096725428730563,0.18947494779904508,0.060163123493216154,0.023905304155692905,-0.00294218920614997,-0.0022798235543363826,-0.056302657110801554,-0.40986344145096365,-0.738439238557552,6.940487312181264,-0.708893599941563,0.4990171190110495
13.121939659118652,0.0096725428730563,0.18947494779904508,0.060163123493216154,0.023666251114135974,-0.00291276731408847,-0.0022570253187930186,-0.056302657110801554,-0.40986344145096365,-0.738439238557552,6.871082439059451,-0.7018046639421474,0.494026947820939
13.126882791519165,7.771561172376096e-16,0.0,0.0,0.003861949929079466,-0.3861931131630263,-0.12394497911909026,0.0,0.0,0.0,6.916272381528676,0.13437070287840802,1.9829557045516206
13.137056350708008,7.771561172376096e-16,0.0,0.0,0.0038233304297886715,-0.38233118203139604,-0.12270552932789935,0.0,0.0,0.0,6.847109657713389,0.13302699584962394,1.9631261475061044
13.141090154647827,0.010183421743329537,0.1897846321534876,0.05998359359892216,0.029030304615136036,0.09197764416914223,0.027223829036680497,-0.056477828216648186,-0.41020557528068863,-0.7384057921945946,6.924373193377401,-0.9040422609238956,0.12398149020549387
13.14586591720581,0.010183421743329537,0.1897846321534876,0.05998359359892216,0.028740001568984676,0.09105786772745081,0.026951590746313692,-0.056477828216648186,-0.41020557528068863,-0.7384057921945946,6.855129461443627,-0.8950018383146566,0.12274167530343894
13.150330543518066,7.771561172376096e-16,0.0,0.0,0.005643477046336165,-0.33493785555086053,-0.10767092450235093,0.0,0.0,0.0,6.913078850798218,0.03273857055342844,1.7754170502971498
13.15546441078186,7.771561172376096e-16,0.0,0.0,0.005587042275872803,-0.33158847699535193,-0.10659421525732742,0.0,0.0,0.0,6.843948062290236,0.03241118484789415,1.7576628797941782
13.160041093826294,0.010051526417229013,0.19079433966118278,0.05981512275475798,0.027493641877018048,0.0886108532935938,0.025167084589959712,-0.056650552647062334,-0.41055561112100225,-0.73838130584566,6.905320000580767,-0.8813753098801982,0.13643856074375904
13.164975643157959,0.010051526417229013,0.19079433966118278,0.05981512275475798,0.027218705458247866,0.08772474476065786,0.024915413744060116,-0.056650552647062334,-0.41055561112100225,-0.73838130584566,6.836266800574959,-0.8725615567813962,0.13507417513632144
13.168959379196167,7.771561172376096e-16,0.0,0.0,0.0017151117019560888,-0.3920856896031361,-0.12548204886831776,0.0,0.0,0.0,6.91010871666747,0.16674341239660784,1.9872129687453468
13.171944618225098,7.771561172376096e-16,0.0,0.0,0.001697960584936528,-0.3881648327071047,-0.12422722837963458,0.0,0.0,0.0,6.841007629500796,0.16507597827264175,1.9673408390578933
13.1748206615448,0.009903597741303536,0.19097048352180074,0.05841402646786596,0.03611578129471108,0.2797210126832365,0.08012056066639042,-0.05684152983950507,-0.41089562728136986,-0.7383725262169967,6.9809227848431386,-1.2910061955210212,-0.6043049161166985
13.17760705947876,0.009903597741303536,0.19097048352180074,0.05841402646786596,0.03575462348176397,0.27692380255640414,0.07931935505972652,-0.05684152983950507,-0.41089562728136986,-0.7383725262169967,6.9111135569947075,-1.278096133565811,-0.5982618669555315
13.181545495986938,7.771561172376096e-16,0.0,0.0,0.010251063795322663,-0.21073451042371094,-0.06979164518030496,0.0,0.0,0.0,6.986327535518807,-0.22201886307780638,1.282506658973575
13.185709953308105,7.771561172376096e-16,0.0,0.0,0.010148553157369436,-0.20862716531947384,-0.06909372872850192,0.0,0.0,0.0,6.916464260163619,-0.21979867444702833,1.2696815923838392
13.191042184829712,0.010076635655537469,0.19168110087035323,0.05757781332419639,0.02894466352857248,0.15293543457200665,0.03957791624352737,-0.05703610228707393,-0.4112369223985656,-0.7383646613539391,6.9608699578387,-1.00297726015294,-0.11923080269286612
13.19641923904419,0.010076635655537469,0.19168110087035323,0.05757781332419639,0.028655216893286754,0.15140608022628657,0.0391821370810921,-0.05703610228707393,-0.4112369223985656,-0.7383646613539391,6.891261258260313,-0.9929474875514107,-0.11803849466593747
13.200186014175415,7.771561172376096e-16,0.0,0.0,0.0016173049949025457,-0.3589812055300405,-0.11406673393648796,0.0,0.0,0.0,6.973767565841697,0.10872998945334944,1.8433456073358967
13.203322887420654,7.771561172376096e-16,0.0,0.0,0.0016011319449535202,-0.3553913934747401,-0.11292606659712308,0.0,0.0,0.0,6.9040298901832795,0.10764268955881595,1.8249121512625377
13.207642793655396,0.010393308163952439,0.19269525232183374,0.05704154280308611,0.025644226539348634,0.09422602705224553,0.020246668402506524,-0.05724509233310765,-0.41157402830003037,-0.7383553272438191,6.976841420658519,-0.8642066326308594,0.10840243339489986
13.210972547531128,0.010393308163952439,0.19269525232183374,0.05704154280308611,0.025387784273955147,0.09328376678172308,0.02004420171848146,-0.05724509233310765,-0.41157402830003037,-0.7383553272438191,6.907073006451934,-0.8555645663045508,0.10731840906095086
13.214369058609009,7.771561172376096e-16,0.0,0.0,-0.005466047243707271,-0.4749819836998499,-0.1480978176854474,0.0,0.0,0.0,7.00654314382608,0.36474637431492685,2.280109258720207
13.223621368408203,7.771561172376096e-16,0.0,0.0,-0.0054113867712701985,-0.4702321638628514,-0.14661683950859294,0.0,0.0,0.0,6.936477712387819,0.36109891057177756,2.257308166133005
13.228543996810913,0.010752370951130996,0.1939127095356551,0.05673564408679767,0.016485470589351545,-0.07160876252439419,-0.029895893695077155,-0.0574718916624648,-0.4119137662994531,-0.7383395825814193,6.9931274378228085,-0.49568041616216907,0.74486402371357
13.237785339355469,0.010752370951130996,0.1939127095356551,0.05673564408679767,0.01632061588345803,-0.07089267489915024,-0.029596934758126383,-0.0574718916624648,-0.4119137662994531,-0.7383395825814193,6.92319616344458,-0.49072361200054737,0.7374153834764343
13.242709636688232,7.771561172376096e-16,0.0,0.0,-0.005677930882430536,-0.4639713211414612,-0.1445166809793609,0.0,0.0,0.0,6.970675049630142,0.35067609901287516,2.2294218167335536
13.248189926147461,7.771561172376096e-16,0.0,0.0,-0.005621151573606231,-0.4593316079300466,-0.1430715141695673,0.0,0.0,0.0,6.90096829913384,0.3471693380227464,2.207127598566218
13.251676797866821,0.011053238756969822,0.1953855419082817,0.056391959823020296,0.02613464526268389,0.10560793718725275,0.02008571218821978,-0.05771776571625903,-0.41225318645497394,-0.7383146144031856,7.012556325756736,-0.8624335464670664,0.08236671872403445
13.25602674484253,0.011053238756969822,0.1953855419082817,0.056391959823020296,0.025873298810057052,0.10455185781538022,0.01988485506633758,-0.05771776571625903,-0.41225318645497394,-0.7383146144031856,6.942430762499169,-0.8538092110023957,0.0815430515367941
13.26109790802002,7.771561172376096e-16,0.0,0.0,0.0038183065218576062,-0.28178108905053734,-0.09151522651372572,0.0,0.0,0.0,6.986822089859963,-0.032334969874578734,1.5366354444580683
13.265474081039429,0.011825622519620828,0.19017261406978667,0.05545537253078556,0.03080287248226283,0.15560046789464654,0.036121086648913225,-0.058037719309968226,-0.41259255827986163,-0.7382855370924274,7.052106098127284,-0.9948456644949729,-0.15424213024141165
13.269271612167358,7.771561172376096e-16,0.0,0.0,-0.0006454474508298114,-0.3467351424368378,-0.11027019128648871,0.0,0.0,0.0,7.134415171659244,0.1015785691235197,1.791420068414666
13.272724390029907,7.771561172376096e-16,0.0,0.0,-0.0006389929763215132,-0.3432677910124694,-0.10916748937362382,0.0,0.0,0.0,7.063071019942651,0.1005627834322845,1.7735058677305193
13.276010513305664,0.012514788325199944,0.18733286536799446,0.054977269227905544,0.03745114267754834,0.23023743028040256,0.05922548438950327,-0.058349373811720326,-0.41293450021855255,-0.7382505781072409,7.165544198567455,-1.1850284921402725,-0.47526602056693856
13.279444694519043,0.012514788325199944,0.18733286536799446,0.054977269227905544,0.03707663125077285,0.22793505597759853,0.05863322954560824,-0.058349373811720326,-0.41293450021855255,-0.7382505781072409,7.09388875658178,-1.1731782072188697,-0.4705133603612692
13.28515625,7.771561172376096e-16,0.0,0.0,0.0147945163276723,-0.10233351922086525,-0.038209314234102905,0.0,0.0,0.0,7.1251100844008315,-0.4384656161615924,0.8267478563770538
13.289561033248901,7.771561172376096e-16,0.0,0.0,0.014646571164395576,-0.1013101840286566,-0.03782722109176188,0.0,0.0,0.0,7.0538589835568235,-0.4340809599999765,0.8184803778132833
13.29324722290039,0.013112249620681731,0.18581311281431834,0.05475882594631345,0.05007138870287814,0.40378200863987307,0.11110234967806304,-0.0586644999765725,-0.41327770340094516,-0.7382066825392548,7.133845160005124,-1.5769037676490978,-1.1782177958345514
13.29670524597168,0.013112249620681731,0.18581311281431834,0.05475882594631345,0.049570674815849355,0.3997441885534743,0.1099913261812824,-0.0586644999765725,-0.41327770340094516,-0.7382066825392548,7.062506708405072,-1.5611347299726068,-1.1664356178762059
13.30822491645813,7.771561172376096e-16,0.0,0.0,0.03769248135845382,0.23444602801207381,0.06135635016683043,0.0,0.0,0.0,7.042807143092601,-1.1867651144680251,-0.513948519929303
13.313091278076172,7.771561172376096e-16,0.0,0.0,0.03731555654486928,0.23210156773195306,0.06074278666516213,0.0,0.0,0.0,6.972379071661675,-1.1748974633233449,-0.5088090347300099
13.316065549850464,0.013582570895835857,0.18543548405568275,0.054731877768005976,0.08260927988818585,0.8532457163966667,0.2441531013635276,-0.05898053975382692,-0.4136261536830935,-0.738150931940119,7.087078729904787,-2.5871410431232906,-2.9676236033768877
13.319779872894287,0.013582570895835857,0.18543548405568275,0.054731877768005976,0.08178318708930399,0.8447132592327,0.24171157034989232,-0.05898053975382692,-0.4136261536830935,-0.738150931940119,7.01620794260574,-2.5612696326920577,-2.937947367343119
13.333237409591675,7.771561172376096e-16,0.0,0.0,0.07087244505122436,0.6984730904960402,0.19862439815780117,0.0,0.0,0.0,6.989873007091744,-2.2283004245576046,-2.3600641455183604
13.352604389190674,7.771561172376096e-16,0.0,0.0,0.07016372060071212,0.6914883595910798,0.19663815417622316,0.0,0.0,0.0,6.919974277020827,-2.2060174203120284,-2.3364635040631767
13.355999231338501,0.013590334307168349,0.18590818975056647,0.05487205310185376,0.10949438450144718,1.232193016625522,0.3563053647500013,-0.05930260062133227,-0.4139833068895624,-0.7381081846681756,7.012188032701968,-3.4325751243811418,-4.471717190006027
13.358954906463623,0.013590334307168349,0.18590818975056647,0.05487205310185376,0.1083994406564327,1.2198710864592668,0.35274231110250126,-0.05930260062133227,-0.4139833068895624,-0.7381081846681756,6.942066152374949,-3.39824937313733,-4.427000018105966
13.361738443374634,7.771561172376096e-16,0.0,0.0,0.05849146890863481,0.5397876099385202,0.152084205496129,0.0,0.0,0.0,7.085693143953089,-1.8770104853844394,-1.7310382736966696
13.365012407302856,7.771561172376096e-16,0.0,0.0,0.05790655421954846,0.5343897338391349,0.15056336344116772,0.0,0.0,0.0,7.014836212513558,-1.858240380530595,-1.713727890959703
13.368754386901855,0.013655786170744913,0.186295248326518,0.0549382562928418,0.09382096975992502,1.0268979583464954,0.2958737528217875,-0.05962497692726117,-0.4143363689985332,-0.7380736828275424,7.090888225040441,-2.9734846130572627,-3.6548830620743784
13.372039079666138,0.013655786170744913,0.186295248326518,0.0549382562928418,0.09288276006232576,1.0166289787630305,0.2929150152935696,-0.05962497692726117,-0.4143363689985332,-0.7380736828275424,7.0199793427900365,-2.94374976692669,-3.6183342314536344
13.37699580192566,7.771561172376096e-16,0.0,0.0,0.06440389948474397,0.6306190597128184,0.17915000745805004,0.0,0.0,0.0,7.070070688960943,-2.078404289538315,-2.093115102617553
13.380432367324829,7.771561172376096e-16,0.0,0.0,0.06375986048989653,0.6243128691156902,0.17735850738346953,0.0,0.0,0.0,6.999369982071333,-2.057620246642932,-2.0721839515913776
13.385663270950317,0.013806293696228971,0.18735767303274622,0.05511627698890625,0.08951596875613006,0.9762443244864929,0.28095156818004396,-0.059893407649818875,-0.4146874148251359,-0.7380530080653984,7.0347471427406685,-2.8490274702086844,-3.45215409132697
13.389304161071777,7.771561172376096e-16,0.0,0.0,0.05070070372165978,0.45188883728121976,0.12676072773910682,0.0,0.0,0.0,7.128901772864743,-1.6815645789453184,-1.3905101066046957
13.392938375473022,7.771561172376096e-16,0.0,0.0,0.05019369668444318,0.44736994890840753,0.12549312046171576,0.0,0.0,0.0,7.057612755136096,-1.6647489331558651,-1.3766050055386487
13.395709037780762,0.013974078104768006,0.18888121297990879,0.055353616596924796,0.100127635882419,1.1246148856180012,0.3240229715537584,-0.0601226211123386,-0.4150364781207295,-0.7380387812442952,7.188726820344151,-3.1828509115483765,-4.006793561665232
13.39913272857666,0.013974078104768006,0.18888121297990879,0.055353616596924796,0.09912635952359482,1.1133687367618212,0.3207827418382208,-0.0601226211123386,-0.4150364781207295,-0.7380387812442952,7.116839552140709,-3.1510224024328926,-3.9667256260485795
13.410463809967041,7.771561172376096e-16,0.0,0.0,0.08580257653031619,0.9355420335446716,0.26872378124916396,0.0,0.0,0.0,7.098731071239082,-2.7532307408106824,-3.27571825862198
13.415575981140137,7.771561172376096e-16,0.0,0.0,0.08494455076501302,0.9261866132092249,0.2660365434366723,0.0,0.0,0.0,7.0277437605266915,-2.7256984334025756,-3.2429610760357606
13.419528722763062,0.014111844936519865,0.1907113828157795,0.055624703149261344,0.11979651527281723,1.3994034947638176,0.4041005370817192,-0.06031903671962904,-0.41538678418989405,-0.7380261001840998,7.10139047121162,-3.7754172965164203,-5.063422291429356
13.424165487289429,0.014111844936519865,0.1907113828157795,0.055624703149261344,0.11859855012008906,1.3854094598161795,0.400059531710902,-0.06031903671962904,-0.41538678418989405,-0.7380261001840998,7.030376566499504,-3.7376631235512563,-5.0127880685150625
13.432165384292603,7.771561172376096e-16,0.0,0.0,0.09977253133980915,1.1331630674920372,0.32652716226320955,0.0,0.0,0.0,7.035472567476127,-3.1810463270672455,-4.040115685205317
13.4365553855896,7.771561172376096e-16,0.0,0.0,0.09877480602641106,1.1218314368171167,0.3232618906405775,0.0,0.0,0.0,6.965117841801366,-3.149235863796573,-3.9997145283532634
13.440529346466064,0.013670359663346367,0.19317765916638707,0.055602352525772045,0.1321868925098289,1.5967217308915984,0.4599459801624511,-0.06048943728997636,-0.4157452248174251,-0.7380223124117723,7.042796727304898,-4.189158396469662,-5.802812893325827
13.444639921188354,0.013670359663346367,0.19317765916638707,0.055602352525772045,0.13086502358473062,1.5807545135826824,0.45534652036082657,-0.06048943728997636,-0.4157452248174251,-0.7380223124117723,6.972368760031849,-4.147266812504966,-5.744784764392569
13.448785305023193,7.771561172376096e-16,0.0,0.0,0.09657906604031422,1.0989402803740345,0.3166622852669232,0.0,0.0,0.0,7.0485650636796455,-3.1028828546619494,-3.906989566982758
13.452617406845093,7.771561172376096e-16,0.0,0.0,0.09561327537991107,1.0879508775702942,0.313495662414254,0.0,0.0,0.0,6.978079413042849,-3.07185402611533,-3.8679196713129302
13.468182563781738,7.771561172376096e-16,0.0,0.0,0.09465714262611197,1.0770713687945912,0.31036070579011144,0.0,0.0,0.0,6.90829861891242,-3.0411354858541766,-3.8292404745998008
13.47250771522522,7.771561172376096e-16,0.0,0.0,0.09371057119985085,1.0663006551066452,0.3072570987322103,0.0,0.0,0.0,6.839215632723296,-3.010724130995635,-3.790948069853803
13.475314378738403,0.013071393290669985,0.19637273214459133,0.05328970566701796,0.13934617799603025,1.7553037511082357,0.49405305105273434,-0.060826430449479794,-0.4164496652242391,-0.7380207793675526,6.99003618307567,-4.498833040465999,-6.362635355208757
13.478668212890625,0.013071393290669985,0.19637273214459133,0.05328970566701796,0.13795271621606994,1.7377507135971533,0.489112520542207,-0.060826430449479794,-0.4164496652242391,-0.7380207793675526,6.920135821244913,-4.453844710061339,-6.299009001656669
13.493174314498901,7.771561172376096e-16,0.0,0.0,0.12756222687837104,1.585000700844268,0.44748533274322505,0.0,0.0,0.0,6.892866080562825,-4.122220403182494,-5.7272531527221595
13.497045278549194,7.771561172376096e-16,0.0,0.0,0.12628660460958732,1.5691506938358253,0.4430104794157928,0.0,0.0,0.0,6.823937419757196,-4.080998199150669,-5.669980621194938
13.5014488697052,0.013057628796454036,0.19809134472093254,0.05288572854430694,0.15467596633364797,2.0032996414336806,0.5586771925838986,-0.06099079143827911,-0.41680063369223463,-0.7380159213193472,6.898253978578838,-5.008673712284612,-7.276272210042341
13.506109237670898,0.013057628796454036,0.19809134472093254,0.05288572854430694,0.1531292066703115,1.9832666450193437,0.5530904206580596,-0.06099079143827911,-0.41680063369223463,-0.7380159213193472,6.829271438793049,-4.958586975161766,-7.2035094879419175
13.50963044166565,7.771561172376096e-16,0.0,0.0,0.11451506221585085,1.4008668991945235,0.39736734177729577,0.0,0.0,0.0,6.934188772812417,-3.725313269336022,-5.035555149475646
13.51326060295105,7.771561172376096e-16,0.0,0.0,0.11336991159369235,1.3868582302025783,0.39339366835952283,0.0,0.0,0.0,6.864846885084293,-3.6880601366426617,-4.985199597980889
13.51747179031372,0.013111495438320048,0.1997757785478542,0.052764970240156514,0.14337112600485968,1.8473826428993516,0.5147568645175569,-0.06115375337839267,-0.41715479451305426,-0.7380047666653106,6.947885901523122,-4.664907083031105,-6.673998258351514
13.538489580154419,7.771561172376096e-16,0.0,0.0,0.1356991301593736,1.7338580142394717,0.48450438682148567,0.0,0.0,0.0,6.907503229044106,-4.419781008826591,-6.256124891973163
13.54245662689209,7.771561172376096e-16,0.0,0.0,0.13434213885777987,1.716519434097077,0.4796593429532708,0.0,0.0,0.0,6.838428196753664,-4.375583198738325,-6.193563643053431
13.546170473098755,0.013169926533847735,0.20140795361937056,0.05284320461995982,0.16846040812890578,2.2416705943157393,0.6171497524834326,-0.06131634292093242,-0.41750935215897084,-0.7379852604649803,6.944681652695408,-5.482436725195509,-8.10274865704968
13.550201654434204,0.013169926533847735,0.20140795361937056,0.05284320461995982,0.16677580404761672,2.219253888372582,0.6109782549585983,-0.06131634292093242,-0.41750935215897084,-0.7379852604649803,6.875234836168454,-5.427612357943554,-8.021721170479184
13.570922613143921,7.771561172376096e-16,0.0,0.0,0.15875219794125395,2.099861236095974,0.5793661752613519,0.0,0.0,0.0,6.83607394821163,-5.171844904736022,-7.585349945437687
13.574340343475342,7.771561172376096e-16,0.0,0.0,0.15716467596184142,2.0788626237350143,0.5735725135087384,0.0,0.0,0.0,6.767713208729513,-5.120126455688662,-7.50949644598331
13.578038930892944,0.012568986602512603,0.20427455866947727,0.05395789197191088,0.18957623733918025,2.610378257489686,0.7137246257547856,-0.06163257507680028,-0.418236410265477,-0.737934714417259,6.878950333312981,-6.225130506586785,-9.41389622753513
13.58120083808899,0.012568986602512603,0.20427455866947727,0.05395789197191088,0.18768047496578844,2.584274474914789,0.7065873794972377,-0.06163257507680028,-0.418236410265477,-0.737934714417259,6.810160829979852,-6.1628792015209175,-9.319757265259778
13.584043264389038,7.771561172376096e-16,0.0,0.0,0.14158445298507724,1.8397690909057658,0.5096911063318963,0.0,0.0,0.0,6.958890085775779,-4.62984406113955,-6.630415988179093
13.587405443191528,7.771561172376096e-16,0.0,0.0,0.14016860845522647,1.821371399996708,0.5045941952685773,0.0,0.0,0.0,6.889301184918021,-4.583545620528154,-6.564111828297302
13.602122783660889,0.012542616862887879,0.20388805712775218,0.05618992186613855,0.14728926164046227,1.9416936243017773,0.5377276526327172,-0.0617690491670092,-0.4186052173179863,-0.7378848108432765,6.8644324462536135,-4.828486038968368,-6.9960107086219505
13.606932878494263,0.012542616862887879,0.20388805712775218,0.05618992186613855,0.14581636902405765,1.9222766880587594,0.53235037610639,-0.0617690491670092,-0.4186052173179863,-0.7378848108432765,6.795788121791078,-4.780201178578684,-6.926050601535731
13.611208200454712,7.771561172376096e-16,0.0,0.0,0.11502096014171645,1.4261587095101151,0.39559835681842853,0.0,0.0,0.0,6.872308363480474,-3.7532794158350002,-5.130873737245113
13.615023374557495,7.771561172376096e-16,0.0,0.0,0.11387075054029928,1.411897122415014,0.39164237325024426,0.0,0.0,0.0,6.803585279845668,-3.7157466216766504,-5.079564999872662
13.618029594421387,0.012572934138814202,0.2027450900913949,0.05896993538217858,0.15455511223163015,2.0721968539830744,0.5838857051313618,-0.06190838281216865,-0.4189766647778609,-0.7378071373057391,6.943826325986522,-5.103217033813648,-7.465016029476918
13.625664949417114,0.012572934138814202,0.2027450900913949,0.05896993538217858,0.15300956110931385,2.051474885443244,0.5780468480800482,-0.06190838281216865,-0.4189766647778609,-0.7378071373057391,6.8743880627266565,-5.052184863475511,-7.3903658691821486
13.630642175674438,7.771561172376096e-16,0.0,0.0,0.12621854005744582,1.6236145999195748,0.4537868644367581,0.0,0.0,0.0,6.930027482378471,-4.159875555085801,-5.83409613115041
13.636279106140137,7.771561172376096e-16,0.0,0.0,0.12495635465687135,1.607378453920379,0.4492489957923905,0.0,0.0,0.0,6.860727207554686,-4.118276799534943,-5.775755169838906
13.641278505325317,0.01227237072485748,0.20254944235994454,0.060787848334820906,0.1482544822833435,1.996452237833693,0.5663468131558138,-0.06206478528959213,-0.41935796723363417,-0.737713742635907,6.915197340611003,-4.933991735931998,-7.1832665888239315
13.649237871170044,0.01227237072485748,0.20254944235994454,0.060787848334820906,0.14677193746051007,1.9764877154553562,0.5606833450242557,-0.06206478528959213,-0.41935796723363417,-0.737713742635907,6.846045367204893,-4.884651818572678,-7.111433922935692
13.653592109680176,7.771561172376096e-16,0.0,0.0,0.11711933410148324,1.4915451915351645,0.41547035956057987,0.0,0.0,0.0,6.920123695331715,-3.8727024150998117,-5.346076742118012
13.657292604446411,7.771561172376096e-16,0.0,0.0,0.11594814076046842,1.476629739619813,0.41131565596497405,0.0,0.0,0.0,6.850922458378398,-3.8339753909488135,-5.292615974696832
13.660329103469849,0.012571703230753021,0.19169511559510125,0.062054278686011585,0.15619062633429986,2.093166512356306,0.6115637661373072,-0.062319922124512504,-0.4197363309991948,-0.7375788709616421,6.956007789264917,-5.207503460400016,-7.654152942245306
13.663084506988525,0.012571703230753021,0.19169511559510125,0.062054278686011585,0.15462872007095688,2.072234847232743,0.6054481284759341,-0.062319922124512504,-0.4197363309991948,-0.7375788709616421,6.886447711372268,-5.155428425796016,-7.577611412822852
13.665910959243774,7.771561172376096e-16,0.0,0.0,0.10860369381705703,1.3732943712859358,0.3798453474780972,0.0,0.0,0.0,7.038071381577425,-3.6188452321704894,-4.892278142397789
13.670724391937256,7.771561172376096e-16,0.0,0.0,0.10751765687888647,1.3595614275730765,0.3760468940033162,0.0,0.0,0.0,6.967690667761651,-3.5826567798487843,-4.843355360973811
13.674470663070679,0.013061712560998591,0.18515544790896227,0.06279612519532579,0.14130838321943598,1.8402051283780763,0.5399094372768998,-0.0625753904673396,-0.4201198307733694,-0.737420106796969,7.024168024814441,-4.692698164420341,-6.752274444223022
13.678385019302368,0.013061712560998591,0.18515544790896227,0.06279612519532579,0.13989529938724163,1.8218030770942955,0.5345103429041308,-0.0625753904673396,-0.4201198307733694,-0.737420106796969,6.953926344566296,-4.645771182776138,-6.684751699780792
13.693955183029175,7.771561172376096e-16,0.0,0.0,0.13010740919901595,1.6846682184995152,0.4888341766184981,0.0,0.0,0.0,6.924576376214303,-4.329489827379322,-6.144293166395676
13.697616577148438,7.771561172376096e-16,0.0,0.0,0.1288063351070258,1.6678215363145201,0.48394583485231313,0.0,0.0,0.0,6.8553306124521605,-4.286194929105529,-6.082850234731719
13.700655460357666,0.013642205840390782,0.1810414482665657,0.06316251326023506,0.17241044069144207,2.2468932586810544,0.6869541577821967,-0.0628284082254846,-0.42049717843663853,-0.7372411532666632,6.930721651865509,-5.658172803305741,-8.434602694959908
13.704094886779785,0.013642205840390782,0.1810414482665657,0.06316251326023506,0.17068633628452765,2.224424326094244,0.6800846162043748,-0.0628284082254846,-0.42049717843663853,-0.7372411532666632,6.8614144353468545,-5.601591075272683,-8.350256668010308
13.707791090011597,7.771561172376096e-16,0.0,0.0,0.1320707723313636,1.7123762573606514,0.5023989206470802,0.0,0.0,0.0,6.962781226253518,-4.40792890411519,-6.272163687790259
13.711926937103271,7.771561172376096e-16,0.0,0.0,0.13075006460804997,1.6952524947870449,0.49737493144060946,0.0,0.0,0.0,6.893153413990983,-4.363849615074038,-6.209442050912357
13.716996908187866,0.01421580246077974,0.17895531320496028,0.06325780458271882,0.1574817819842855,2.031271042492275,0.6171707390472079,-0.06306780123386381,-0.4208765142623939,-0.7370477073010402,6.906749097047921,-5.169689084385827,-7.592881794016966
13.722036600112915,0.01421580246077974,0.17895531320496028,0.06325780458271882,0.15590696416444264,2.0109583320673523,0.6109990316567357,-0.06306780123386381,-0.4208765142623939,-0.7370477073010402,6.837681606077442,-5.117992193541969,-7.516952976076796
13.737196922302246,7.771561172376096e-16,0.0,0.0,0.14497091540372434,1.8728068555929183,0.5631631440981981,0.0,0.0,0.0,6.8109053578979015,-4.789195141174728,-6.9556145522144694
13.7424795627594,7.771561172376096e-16,0.0,0.0,0.1435212062496871,1.854078787036989,0.5575315126572161,0.0,0.0,0.0,6.742796304318922,-4.741303189762981,-6.8860584066923245
13.74893307685852,0.014421214928928014,0.1786853547600697,0.06315846091420634,0.1644322922000686,2.112418706352809,0.6498229720416162,-0.06329510622618213,-0.4212559480740608,-0.7368718124359068,6.739509168767324,-5.362038566536136,-7.952500612024279
13.753797054290771,0.014421214928928014,0.1786853547600697,0.06315846091420634,0.16278796927806793,2.091294519289281,0.6433247423212001,-0.06329510622618213,-0.4212559480740608,-0.7368718124359068,6.672114077079651,-5.308418180870775,-7.872975605904036
13.758208274841309,7.771561172376096e-16,0.0,0.0,0.1284679701056314,1.665311474533325,0.4937146571256934,0.0,0.0,0.0,6.748879541662276,-4.300369396299756,-6.123797038696377
13.762709856033325,7.771561172376096e-16,0.0,0.0,0.1271832904045751,1.6486583597879918,0.48877751055443647,0.0,0.0,0.0,6.681390746245653,-4.257365702336758,-6.0625590683094135
13.767817735671997,0.014863057013676777,0.17965068592108785,0.06292717473499866,0.15500974889554864,1.9838846171915878,0.6070860109808675,-0.06350047634763017,-0.42162482930214684,-0.7367017146048488,6.696640955092159,-5.06033618986931,-7.435569546714216
13.773077249526978,0.014863057013676777,0.17965068592108785,0.06292717473499866,0.15345965140659315,1.964045771019672,0.6010151508710587,-0.06350047634763017,-0.42162482930214684,-0.7367017146048488,6.629674545541237,-5.009732827970617,-7.361213851247074
13.77872109413147,7.771561172376096e-16,0.0,0.0,0.1255900686282955,1.6260927116866455,0.4835079983908611,0.0,0.0,0.0,6.675890600840628,-4.212582987000257,-5.982282792333296
13.784360885620117,7.771561172376096e-16,0.0,0.0,0.12433416794201255,1.609831784569779,0.4786729184069525,0.0,0.0,0.0,6.609131694832222,-4.1704571571302544,-5.922459964409963
13.78932785987854,0.015369203138488002,0.18154747386300835,0.06260557677688736,0.1540336142434735,1.9592426568616088,0.5999298800487871,-0.06368898271370485,-0.42199433921258767,-0.7365418059043021,6.629968987533874,-4.999844449428338,-7.336609979964698
13.793530941009521,0.015369203138488002,0.18154747386300835,0.06260557677688736,0.15249327810103877,1.9396502302929928,0.5939305812482992,-0.06368898271370485,-0.42199433921258767,-0.7365418059043021,6.563669297658535,-4.949846004934054,-7.263243880165051
13.798115730285645,7.771561172376096e-16,0.0,0.0,0.11744618712940458,1.5242759350553197,0.45144066644070124,0.0,0.0,0.0,6.636946257803127,-3.9799250046160104,-5.584121455574718
13.803004026412964,7.771561172376096e-16,0.0,0.0,0.11627172525811053,1.5090331757047664,0.44692625977629424,0.0,0.0,0.0,6.570576795225096,-3.9401257545698503,-5.528280241018971
13.807939052581787,0.015846029756898285,0.18419607048093015,0.062226512461083225,0.14721832052955197,1.8671851818396203,0.568548552384856,-0.06386808553546709,-0.42235904898970417,-0.7363914766379381,6.596106877936192,-4.779011053735847,-6.9549152832429995
13.812096118927002,0.015846029756898285,0.18419607048093015,0.062226512461083225,0.14574613732425645,1.8485133300212242,0.5628630668610075,-0.06386808553546709,-0.42235904898970417,-0.7363914766379381,6.53014580915683,-4.731220943198488,-6.88536613041057
13.81516146659851,7.771561172376096e-16,0.0,0.0,0.09259460579975445,1.229130386032323,0.3542345838772605,0.0,0.0,0.0,6.67319946239275,-3.3060583420625944,-4.4142026643087595
13.81904411315918,7.771561172376096e-16,0.0,0.0,0.0916686597417569,1.2168390821719999,0.35069223803848787,0.0,0.0,0.0,6.606467467768822,-3.2729977586419685,-4.370060637665672
13.829423666000366,0.01623135607865129,0.1872392196610857,0.061812860398569806,0.10638979138853553,1.3850630671355952,0.4067378429628379,-0.06404728320969756,-0.42272604707312733,-0.7362487724274988,6.585860054744762,-3.6585407642468923,-5.0304904756066575
13.83768630027771,0.01623135607865129,0.1872392196610857,0.061812860398569806,0.10532589347465018,1.3712124364642393,0.4026704645332095,-0.06404728320969756,-0.42272604707312733,-0.7362487724274988,6.520001454197314,-3.6219553566044236,-4.980185570850591
13.842628002166748,7.771561172376096e-16,0.0,0.0,0.07142695415870612,0.9786040859301706,0.2735596051037006,0.0,0.0,0.0,6.584407159805661,-2.7303097644688767,-3.4405148623473023
13.847307682037354,7.771561172376096e-16,0.0,0.0,0.07071268461711906,0.9688180450708689,0.2708240090526636,0.0,0.0,0.0,6.518563088207604,-2.703006666824188,-3.406109713723829
13.851672887802124,0.016048552670414728,0.19192450021207455,0.061128076631170744,0.10677026838306647,1.3987987154244121,0.40815058043541586,-0.06422889503731721,-0.42309742876294026,-0.7361312160749951,6.569511870102961,-3.671328221781227,-5.045576485390951
13.856013774871826,0.016048552670414728,0.19192450021207455,0.061128076631170744,0.1057025656992358,1.384810728270168,0.4040690746310617,-0.06422889503731721,-0.42309742876294026,-0.7361312160749951,6.503816751401931,-3.6346149395634146,-4.995120720537042
13.858656883239746,7.771561172376096e-16,0.0,0.0,0.043927058480158,0.6448308341053582,0.16875494321505383,0.0,0.0,0.0,6.681783735764694,-1.9975117652263068,-2.1600729012910658
13.863481521606445,7.771561172376096e-16,0.0,0.0,0.04348778789535642,0.6383825257643047,0.16706739378290328,0.0,0.0,0.0,6.614965898407047,-1.9775366475740437,-2.138472172278155
13.869983911514282,0.016176909505503868,0.19910186832334714,0.06099250414295641,0.06793131585608667,0.9381966848560503,0.25919685334590614,-0.06440587339911523,-0.4234579047215495,-0.7360133386111506,6.634603624444304,-2.626891051236332,-3.239605866556702
13.875583410263062,0.016176909505503868,0.19910186832334714,0.06099250414295641,0.06725200269752579,0.9288147180074898,0.2566048848124471,-0.06440587339911523,-0.4234579047215495,-0.7360133386111506,6.56825758819986,-2.600622140723969,-3.207209807891135
13.879475355148315,7.771561172376096e-16,0.0,0.0,0.025014378378361325,0.4079523471591424,0.09732411892387977,0.0,0.0,0.0,6.668060072610316,-1.4865791736629579,-1.2840180760275495
13.883590698242188,7.771561172376096e-16,0.0,0.0,0.024764234594577713,0.403872823687551,0.09635087773464096,0.0,0.0,0.0,6.601379471884212,-1.4717133819263284,-1.2711778952672739
13.887467384338379,0.016388827071294937,0.20477262187310927,0.060756566227024474,0.06679194461052454,0.928049733219968,0.2521103140693942,-0.06456843969457228,-0.42382150767920984,-0.7359071562359081,6.689661505833559,-2.580970200394467,-3.1397767300977018
13.890942335128784,0.016388827071294937,0.20477262187310927,0.060756566227024474,0.06612402516441929,0.9187692358877683,0.24958921092870026,-0.06456843969457228,-0.42382150767920984,-0.7359071562359081,6.6227648907752235,-2.5551604983905225,-3.1083789627967247
13.894519329071045,7.771561172376096e-16,0.0,0.0,0.019645466416182818,0.3371102864383956,0.0772396170582495,0.0,0.0,0.0,6.737047583055703,-1.3447550342151602,-1.0199610873000022
13.914853572845459,7.771561172376096e-16,0.0,0.0,0.01944901175202099,0.3337391835740116,0.076467220887667,0.0,0.0,0.0,6.669677107225146,-1.3313074838730086,-1.0097614764270022
13.919063091278076,0.016603883775300015,0.20941717657550205,0.06049212529501477,0.05869818731997467,0.8278866701814831,0.21940574481233244,-0.06473612864523652,-0.42418055403771093,-0.7358066526816467,6.752887213761151,-2.3545470900302723,-2.730991854229787
13.924556016921997,0.016603883775300015,0.20941717657550205,0.06049212529501477,0.05811120544677492,0.8196078034796682,0.21721168736420912,-0.06473612864523652,-0.42418055403771093,-0.7358066526816467,6.68535834162354,-2.3310016191299696,-2.703681935687489
13.929783582687378,7.771561172376096e-16,0.0,0.0,0.02576792239245644,0.4108100190783047,0.09932199177425671,0.0,0.0,0.0,6.742340844735276,-1.4962612487826041,-1.2690939047237362
13.939476013183594,7.771561172376096e-16,0.0,0.0,0.025510243168531878,0.40670191888752166,0.09832877185651415,0.0,0.0,0.0,6.674917436287923,-1.481298636294778,-1.2564029656764988
13.94343638420105,0.016759920323282218,0.213107814426091,0.060207153785172905,0.0675742069289004,0.9407355308940055,0.2493695079473321,-0.06491869992617014,-0.42454440534614857,-0.7357087861209407,6.774037829992395,-2.5696332981552388,-3.083004064175709
13.946403980255127,0.016759920323282218,0.213107814426091,0.060207153785172905,0.0668984648596114,0.9313281755850654,0.24687581286785876,-0.06491869992617014,-0.42454440534614857,-0.7357087861209407,6.70629745169247,-2.5439369651736863,-3.052174023533952
13.950585842132568,7.771561172376096e-16,0.0,0.0,0.02615182864224639,0.41241457542635784,0.10043493048047653,0.0,0.0,0.0,6.79447322448178,-1.5032933209945978,-1.2623670470031707
13.95507287979126,7.771561172376096e-16,0.0,0.0,0.025890310355823926,0.4082904296720943,0.09943058117567176,0.0,0.0,0.0,6.726528492236962,-1.4882603877846519,-1.249743376533139
13.959876298904419,0.016593784825349744,0.21553437741894943,0.060113464174498143,0.060177184821184365,0.852917855124621,0.22358351477472294,-0.06513163294616132,-0.42491274927196604,-0.735635694981732,6.79930632263381,-2.383508501821826,-2.7532944370886865
13.963993787765503,0.016593784825349744,0.21553437741894943,0.060113464174498143,0.05957541297297252,0.8443886765733748,0.2213476796269757,-0.06513163294616132,-0.42491274927196604,-0.735635694981732,6.731313259407472,-2.3596734168036075,-2.7257614927177998
13.967176675796509,7.771561172376096e-16,0.0,0.0,0.006845293249160049,0.158778721383814,0.03026967605845529,0.0,0.0,0.0,6.868630739991387,-1.001085488686203,-0.38728310025904333
13.970146179199219,7.771561172376096e-16,0.0,0.0,0.0067768403166684485,0.15719093416997584,0.02996697929787074,0.0,0.0,0.0,6.799944432591473,-0.991074633799341,-0.3834102692564529
13.973002672195435,7.771561172376096e-16,0.0,0.0,0.006709071913501764,0.15561902482827608,0.029667309504892034,0.0,0.0,0.0,6.731944988265558,-0.9811638874613476,-0.3795761665638884
13.975749492645264,7.771561172376096e-16,0.0,0.0,0.006641981194366747,0.1540628345799933,0.029370636409843113,0.0,0.0,0.0,6.664625538382902,-0.9713522485867342,-0.3757804048982495
13.979411363601685,0.016696416602660552,0.21858908712949568,0.059728160909362484,0.05217087809718466,0.7494550029680902,0.19218524713330445,-0.06562628226227497,-0.42564653918216877,-0.7354958158048542,6.786679266702224,-2.157803362807737,-2.3597314246014847
13.984382629394531,0.016696416602660552,0.21858908712949568,0.059728160909362484,0.051649169316212815,0.7419604529384093,0.1902633946619714,-0.06562628226227497,-0.42564653918216877,-0.7354958158048542,6.718812474035202,-2.1362253291796596,-2.3361341103554696
13.989438772201538,7.771561172376096e-16,0.0,0.0,0.018110634457019513,0.30221704848277814,0.07023086765420061,0.0,0.0,0.0,6.781419500989002,-1.273022654386505,-0.8581148533686866
13.993282794952393,7.771561172376096e-16,0.0,0.0,0.017929528112449317,0.29919487799795036,0.06952855897765861,0.0,0.0,0.0,6.713605305979112,-1.26029242784264,-0.8495337048349998
13.996921300888062,0.01677689583347524,0.21936504537763002,0.05948655404972796,0.06385953189555736,0.8991016169105042,0.23232497877874142,-0.06591896615553978,-0.42601766228755317,-0.7354215419103495,6.837316112486601,-2.452717039173622,-2.841174174492949
13.999815702438354,0.01677689583347524,0.21936504537763002,0.05948655404972796,0.06322093657660179,0.8901106007413991,0.230001728990954,-0.06591896615553978,-0.42601766228755317,-0.7354215419103495,6.768942951361735,-2.4281898687818857,-2.8127624327480194
14.008133172988892,7.771561172376096e-16,0.0,0.0,0.042418056654760186,0.617469402064268,0.1561817060836075,0.0,0.0,0.0,6.7805071431925095,-1.891711792543377,-1.9004458744869424
14.012065172195435,7.771561172376096e-16,0.0,0.0,0.04199387608821258,0.6112947080436254,0.15461988902277143,0.0,0.0,0.0,6.712702071760584,-1.8727946746179434,-1.881441415742073
14.016195297241211,0.01681015233265893,0.21975752088295078,0.05922660349811489,0.08227525301715174,1.1372661856410415,0.2964751679126959,-0.06624303888674443,-0.4263959906633866,-0.7353365790367667,6.813797372899732,-2.916607396794687,-3.6244997035099074
14.020914077758789,0.01681015233265893,0.21975752088295078,0.05922660349811489,0.08145250048698023,1.125893523784631,0.29351041623356894,-0.06624303888674443,-0.4263959906633866,-0.7353365790367667,6.7456593991707345,-2.88744132282674,-3.588254706474808
14.040047883987427,7.771561172376096e-16,0.0,0.0,0.07185239872242824,0.9997815800773887,0.2596214063034043,0.0,0.0,0.0,6.712823746822932,-2.635717370114166,-3.168059404148546
14.04479193687439,7.771561172376096e-16,0.0,0.0,0.07113387473520395,0.9897837642766149,0.25702519224037024,0.0,0.0,0.0,6.645695509354702,-2.609360196413024,-3.1363788101070607
14.047867059707642,0.01674373458781195,0.21778742932394274,0.058940112240023115,0.1248715303719384,1.6881094387776927,0.4461224457674767,-0.06661638003031423,-0.426780754543868,-0.7352538761058195,6.799593668173775,-4.011229298867808,-5.471906970130441
14.052233457565308,0.01674373458781195,0.21778742932394274,0.058940112240023115,0.12362281506821902,1.6712283443899159,0.44166122130980195,-0.06661638003031423,-0.426780754543868,-0.7352538761058195,6.7315977314920366,-3.97111700587913,-5.417187900429136
14.056294202804565,7.771561172376096e-16,0.0,0.0,0.08115342994443046,1.118192266932906,0.29209856134612955,0.0,0.0,0.0,6.828331395573703,-2.880414627561551,-3.552378237508603
14.062954187393188,0.017250168420588546,0.2038161687940675,0.05938066980085521,0.10624310936559365,1.4130413359001606,0.3783379469177497,-0.06711091839192695,-0.42717187947627994,-0.7351437263830429,6.845336422170364,-3.5115794472499604,-4.6109927988959605
14.066896915435791,0.017250168420588546,0.2038161687940675,0.05938066980085521,0.10518067827193772,1.398910922541159,0.3745545674485722,-0.06711091839192695,-0.42717187947627994,-0.7351437263830429,6.776883057948661,-3.476463652777461,-4.564882870907001
14.070057392120361,7.771561172376096e-16,0.0,0.0,0.04954796442287483,0.7400312188395611,0.18292385213889745,0.0,0.0,0.0,6.921458519353885,-2.090093160203457,-2.193180728873171
14.072907447814941,7.771561172376096e-16,0.0,0.0,0.049052484778646085,0.7326309066511655,0.18109461361750848,0.0,0.0,0.0,6.852243934160346,-2.0691922286014224,-2.1712489215844393
14.076312780380249,0.017660388848911652,0.19461034314939857,0.059515822688119925,0.10042294123068621,1.2967916386214773,0.35405609145673944,-0.06761552201639891,-0.42756963132429915,-0.7350227682585286,6.928912558615285,-3.340593395482711,-4.290618703872017
14.079133033752441,0.017660388848911652,0.19461034314939857,0.059515822688119925,0.09941871181837934,1.2838237222352624,0.35051553054217205,-0.06761552201639891,-0.42756963132429915,-0.7350227682585286,6.859623433029133,-3.3071874615278842,-4.247712516833297
14.087007522583008,7.771561172376096e-16,0.0,0.0,0.07599717833028448,1.0238451977678769,0.27142982141451694,0.0,0.0,0.0,6.876893752669856,-2.7311347782223923,-3.271812557403786
14.095340967178345,7.771561172376096e-16,0.0,0.0,0.07523720654698163,1.013606745790198,0.2687155232003718,0.0,0.0,0.0,6.808124815143158,-2.7038234304401683,-3.239094431829748
14.10067367553711,0.017974706388715758,0.1882621251337713,0.05950840877959188,0.10819135878294375,1.3565035323123011,0.3776197110085065,-0.0681332958113011,-0.42797031667801716,-0.7348880142108605,6.822970644537386,-3.5027428392081497,-4.574330513351836
14.105569839477539,0.017974706388715758,0.1882621251337713,0.05950840877959188,0.10710944519511431,1.3429384969891782,0.3738435138984214,-0.0681332958113011,-0.42797031667801716,-0.7348880142108605,6.754740938092012,-3.467715410816068,-4.528587208218318
14.110365152359009,7.771561172376096e-16,0.0,0.0,0.06855444336733021,0.9369129878721788,0.24600804849151214,0.0,0.0,0.0,6.829276636728057,-2.540561942322248,-2.950788166764749
14.114083290100098,7.771561172376096e-16,0.0,0.0,0.06786889893365691,0.927543857993457,0.24354796800659703,0.0,0.0,0.0,6.760983870360777,-2.5151563228990255,-2.9212802850971014
14.116943120956421,0.0181576832343616,0.18450758036178555,0.05940225582668923,0.13068236786062926,1.5634379753466265,0.44882496787876636,-0.06864971553468631,-0.42837705704729384,-0.7347397068514037,6.836563393657083,-4.03165691318093,-5.442520103073745
14.120778799057007,0.0181576832343616,0.18450758036178555,0.05940225582668923,0.12937554418202296,1.5478035955931602,0.44433671819997866,-0.06864971553468631,-0.42837705704729384,-0.7347397068514037,6.768197759720512,-3.9913403440491204,-5.388094902043008
14.136691808700562,7.771561172376096e-16,0.0,0.0,0.11667119851177583,1.416377926540357,0.4025639851988931,0.0,0.0,0.0,6.743656405470124,-3.6822276711789135,-4.872491297592028
14.142107009887695,7.771561172376096e-16,0.0,0.0,0.11550448652665807,1.4022141472749534,0.39853834534690413,0.0,0.0,0.0,6.676219841415422,-3.6454053944671245,-4.823766384616107
14.14724349975586,0.01789213785268388,0.181467651485907,0.05915977765602643,0.14918283627894632,1.7414831757325537,0.5097284595084475,-0.06917248231997299,-0.4287927724860978,-0.7345977588152581,6.683984419302574,-4.467544096572107,-6.195961837706034
14.152636289596558,0.01789213785268388,0.181467651485907,0.05915977765602643,0.14769100791615686,1.7240683439752282,0.504631174913363,-0.06917248231997299,-0.4287927724860978,-0.7345977588152581,6.617144575109548,-4.422868655606385,-6.134002219328973
14.15807819366455,7.771561172376096e-16,0.0,0.0,0.11333564641791088,1.3733641352351713,0.390873322282835,0.0,0.0,0.0,6.678083937369227,-3.5906937518281823,-4.722771148640669
14.162958145141602,7.771561172376096e-16,0.0,0.0,0.11220228995373177,1.3596304938828196,0.38696458906000664,0.0,0.0,0.0,6.611303097995535,-3.5547868143099004,-4.675543437154262
14.16822862625122,0.017003008885400846,0.18260041219516232,0.059131222899052704,0.14334109586993182,1.6924929057049696,0.4952881598211702,-0.06967226143491348,-0.4292127635780593,-0.7344473053216475,6.618492149779367,-4.3555569185408,-6.013615498299452
14.172346115112305,0.017003008885400846,0.18260041219516232,0.059131222899052704,0.1419076849112325,1.67556797664792,0.49033527822295847,-0.06967226143491348,-0.4292127635780593,-0.7344473053216475,6.552307228281574,-4.312001349355392,-5.953479343316458
14.179106950759888,7.771561172376096e-16,0.0,0.0,0.11533933691916816,1.3887267309640947,0.39797051389141525,0.0,0.0,0.0,6.5898368924749375,-3.634029690368129,-4.807618326904908
14.18958306312561,7.771561172376096e-16,0.0,0.0,0.11418594354997648,1.3748394636544539,0.3939908087525011,0.0,0.0,0.0,6.523938523550188,-3.5976893934644476,-4.759542143635859
14.193766593933105,7.771561172376096e-16,0.0,0.0,0.11304408411447671,1.3610910690179092,0.39005090066497605,0.0,0.0,0.0,6.458699138314686,-3.5617124995298033,-4.7119467221995
14.196627855300903,0.01615712806124094,0.18772121031231667,0.058869153508588595,0.1683821932739751,2.0035586711998166,0.5918958512347678,-0.07049650561810007,-0.4300369202552107,-0.7341473906231029,6.539625719841347,-5.067547769146651,-7.215468366352209
14.19933009147644,0.01615712806124094,0.18772121031231667,0.058869153508588595,0.16669837134123536,1.9835230844878184,0.5859768927224202,-0.07049650561810007,-0.4300369202552107,-0.7341473906231029,6.474229462642934,-5.016872291455184,-7.143313682688686
14.212936639785767,7.771561172376096e-16,0.0,0.0,0.1531568639103231,1.8257239806277326,0.5368518134679334,0.0,0.0,0.0,6.461297887396217,-4.650652127367667,-6.532326079928728
14.236162185668945,7.771561172376096e-16,0.0,0.0,0.15162529527121987,1.8074667408214553,0.5314832953332541,0.0,0.0,0.0,6.396684908522254,-4.60414560609399,-6.467002819129441
14.24181318283081,0.015953981947136854,0.19098894920890103,0.0587134007003273,0.1783411958485054,2.127365963221143,0.6300676486979478,-0.07082322656293506,-0.4304437306886456,-0.7339938652940821,6.4101089158471085,-5.339134821891408,-7.693453108961679
14.246538162231445,0.015953981947136854,0.19098894920890103,0.0587134007003273,0.17655778389002036,2.1060923035889316,0.6237669722109683,-0.07082322656293506,-0.4304437306886456,-0.7339938652940821,6.346007826688638,-5.285743473672493,-7.616518577872061
14.249603986740112,7.771561172376096e-16,0.0,0.0,0.12275406133006823,1.462070253231563,0.4260199694062037,0.0,0.0,0.0,6.513556491298977,-3.8288796143286357,-5.146237671447546
14.253596782684326,7.771561172376096e-16,0.0,0.0,0.12152652071676755,1.4474495506992473,0.42175976971214163,0.0,0.0,0.0,6.448420926385987,-3.790590818185349,-5.09477529473307
14.256781578063965,0.015621182881943097,0.1946255834358294,0.05850395695086873,0.16936050677959702,2.0440836516192897,0.6012398667708645,-0.07110435532029749,-0.4308529311654866,-0.7338585756165518,6.528939330780013,-5.139243050060125,-7.334255512695469
14.261920928955078,0.015621182881943097,0.1946255834358294,0.05850395695086873,0.16766690171180104,2.0236428151030967,0.5952274681031559,-0.07110435532029749,-0.4308529311654866,-0.7338585756165518,6.463649937472213,-5.087850619559524,-7.2609129575685145
14.273336172103882,7.771561172376096e-16,0.0,0.0,0.15230573848083934,1.83291016457749,0.5380244612316323,0.0,0.0,0.0,6.4613023919054955,-4.6595356229194484,-6.5454278366098
14.276461124420166,7.771561172376096e-16,0.0,0.0,0.15078268109603093,1.814581062931715,0.5326442166193159,0.0,0.0,0.0,6.396689367986441,-4.612940266690254,-6.479973558243702
14.27916431427002,0.01610034708746839,0.1917914116921963,0.058282151545646504,0.20883540305059697,2.5059355920679875,0.7429228735504165,-0.07169759051955675,-0.43165483605597654,-0.7335849483435494,6.493610640854819,-6.20430555903207,-9.112864078140742
14.283045053482056,0.01610034708746839,0.1917914116921963,0.058282151545646504,0.206747049020091,2.480876236147308,0.7354936448149123,-0.07169759051955675,-0.43165483605597654,-0.7335849483435494,6.428674534446271,-6.142262503441749,-9.021735437359334
14.297773599624634,7.771561172376096e-16,0.0,0.0,0.1937481892864373,2.3258499968973623,0.688567829488799,0.0,0.0,0.0,6.41306712908927,-5.78776625669519,-8.43344791282627
14.30336046218872,7.771561172376096e-16,0.0,0.0,0.19181070739357292,2.3025914969283887,0.6816821511939111,0.0,0.0,0.0,6.348936457798377,-5.729888594128238,-8.349113433698008
14.307239055633545,0.016396438553619823,0.19274094904582995,0.05817078957467411,0.23216678756527193,2.776500751338697,0.824844414631698,-0.07195234975807754,-0.4320500940541617,-0.7334498657112103,6.398674395347834,-6.815431741359221,-10.145067648303169
14.31182312965393,0.016396438553619823,0.19274094904582995,0.05817078957467411,0.2298451196896192,2.74873574382531,0.816595970485381,-0.07195234975807754,-0.4320500940541617,-0.7334498657112103,6.334687651394356,-6.747277423945629,-10.043616971820137
14.315131664276123,7.771561172376096e-16,0.0,0.0,0.17798866041374442,2.1386915415742584,0.6326096062289568,0.0,0.0,0.0,6.488815753910249,-5.373939233772074,-7.7263387573141635
14.341270208358765,7.771561172376096e-16,0.0,0.0,0.17620877380960698,2.117304626158516,0.6262835101666672,0.0,0.0,0.0,6.423927596371146,-5.320199841434353,-7.649075369741022
14.346116304397583,0.01666217141875014,0.194357794621279,0.0580660366363296,0.20882935468823144,2.497192130625657,0.739840910097916,-0.07218490083546096,-0.43244746558382424,-0.7333135609580579,6.452235949027659,-6.182937335208006,-9.07617262138229
14.349399089813232,0.01666217141875014,0.194357794621279,0.0580660366363296,0.20674106114134913,2.4722202093194006,0.7324425009969368,-0.07218490083546096,-0.43244746558382424,-0.7333135609580579,6.387713589537382,-6.121107961855926,-8.985410895168465
14.352460861206055,7.771561172376096e-16,0.0,0.0,0.15025361297321072,1.8127092863017331,0.5354695712930692,0.0,0.0,0.0,6.55959834300019,-4.647487495313134,-6.500493710386985
14.355282306671143,7.771561172376096e-16,0.0,0.0,0.1487510768434786,1.7945821934387158,0.5301148755801385,0.0,0.0,0.0,6.494002359570188,-4.601012620360003,-6.435488773283115
14.358215808868408,0.016830682840400978,0.19528103288760557,0.05781493330926707,0.2046375910752242,2.442328843354634,0.7218987447362295,-0.07241602672862757,-0.43284370085764795,-0.7331910477138796,6.583652536258281,-6.0699207250057485,-8.854292066343474
14.361682891845703,0.016830682840400978,0.19528103288760557,0.05781493330926707,0.20259121516447195,2.4179055549210875,0.7146797572888672,-0.07241602672862757,-0.43284370085764795,-0.7331910477138796,6.517816010895698,-6.009221517755691,-8.765749145680038
14.367632865905762,0.017143193562470845,0.19704830372727697,0.05763711859637501,0.2009738400383955,2.396712290979987,0.7072155203967687,-0.07264186800198624,-0.4332362321546322,-0.7330700421204603,6.4521876978127946,-5.949762136882706,-8.677959201800316
14.372939825057983,0.017143193562470845,0.19704830372727697,0.05763711859637501,0.19896410163801154,2.372745168070187,0.7001433651928011,-0.07264186800198624,-0.4332362321546322,-0.7330700421204603,6.387665820834666,-5.890264515513879,-8.591179609782314
14.37706184387207,7.771561172376096e-16,0.0,0.0,0.1553851464150015,1.8709793749489552,0.5533145285232026,0.0,0.0,0.0,6.500018023479002,-4.780332625479854,-6.726843029170629
14.380369663238525,7.771561172376096e-16,0.0,0.0,0.1538312949508515,1.8522695811994656,0.5477813832379705,0.0,0.0,0.0,6.4350178432442116,-4.732529299225056,-6.659574598878923
14.38327169418335,0.017498149502833366,0.19916274479311008,0.05749761058902669,0.21258920156454436,2.5200343460650267,0.7404324373681257,-0.07286835045377221,-0.4336299804547731,-0.7329497311993097,6.535186199015647,-6.221131909584702,-9.100668409527295
14.388442754745483,0.017498149502833366,0.19916274479311008,0.05749761058902669,0.2104633095488989,2.4948340026043763,0.7330281129944445,-0.07286835045377221,-0.4336299804547731,-0.7329497311993097,6.469834337025491,-6.158920590488855,-9.009661725432021
14.393862962722778,7.771561172376096e-16,0.0,0.0,0.1760755065526759,2.1024408235105394,0.6196177500117696,0.0,0.0,0.0,6.539574285984636,-5.297306768792034,-7.567311220006598
14.399092197418213,7.771561172376096e-16,0.0,0.0,0.17431475148714914,2.081416415275434,0.6134215725116519,0.0,0.0,0.0,6.47417854312479,-5.244333701104114,-7.491638107806532
14.403898477554321,0.01783327925158407,0.2014749042598623,0.057387137481666683,0.20967572347127703,2.4797931816434184,0.7266876744054176,-0.07309907136279438,-0.4340234941031062,-0.7328270144052529,6.511772036724279,-6.120681346243075,-8.930086402735046
14.40915584564209,7.771561172376096e-16,0.0,0.0,0.1736584209107138,2.0717713611884836,0.610265158330764,0.0,0.0,0.0,6.585695506059659,-5.23392173362839,-7.4468808278882275
14.413696765899658,7.771561172376096e-16,0.0,0.0,0.17192183670160666,2.0510536475765986,0.6041625067474563,0.0,0.0,0.0,6.519838550999062,-5.181582516292106,-7.372412019609345
14.418956279754639,0.018102600595800933,0.2038612974247447,0.057298337156461876,0.2046213899072864,2.418147941215881,0.7070631503693277,-0.07333604144489024,-0.43441949446296435,-0.7326992825477926,6.550974978269892,-5.979711842537009,-8.68096435245291
14.42505955696106,0.018102600595800933,0.2038612974247447,0.057298337156461876,0.20257517600821354,2.393966461803722,0.6999925188656344,-0.07333604144489024,-0.43441949446296435,-0.7326992825477926,6.485465228487193,-5.9199147241116385,-8.594154708928382
14.432733058929443,7.771561172376096e-16,0.0,0.0,0.17695836938115395,2.1043576173709275,0.618322205381593,0.0,0.0,0.0,6.516181075495926,-5.2945861925908915,-7.553369746711761
14.437203884124756,7.771561172376096e-16,0.0,0.0,0.17518878568734242,2.083314041197218,0.612138983327777,0.0,0.0,0.0,6.451019264740967,-5.241640330664983,-7.477836049244643
14.441264152526855,0.018144205595420123,0.20622058123988374,0.05720663318041446,0.2181241051737983,2.5703797902607413,0.7469113165568277,-0.07358387711116084,-0.4348189072168311,-0.732582543720769,6.514916056377964,-6.291351994546179,-9.19300627549744
14.444417238235474,0.018144205595420123,0.20622058123988374,0.05720663318041446,0.21594286412206032,2.5446759923581337,0.7394422033912594,-0.07358387711116084,-0.4348189072168311,-0.732582543720769,6.449766895814184,-6.2284384746007175,-9.101076212742466
14.44749641418457,7.771561172376096e-16,0.0,0.0,0.15485791158948103,1.8495027060878475,0.5462622526115897,0.0,0.0,0.0,6.624241855661966,-4.754026577802688,-6.630914158738777
14.451074361801147,7.771561172376096e-16,0.0,0.0,0.15330933247358622,1.831007679026969,0.5407996300854737,0.0,0.0,0.0,6.557999437105346,-4.706486312024661,-6.56460501715139
14.47367262840271,7.771561172376096e-16,0.0,0.0,0.15177623914885036,1.8126976022366992,0.535391633784619,0.0,0.0,0.0,6.492419442734293,-4.659421448904414,-6.498958966979876
14.476649284362793,7.771561172376096e-16,0.0,0.0,0.15025847675736184,1.7945706262143322,0.5300377174467727,0.0,0.0,0.0,6.42749524830695,-4.61282723441537,-6.433969377310077
14.479388952255249,0.018604690513665298,0.21088159042336918,0.057080820525892494,0.21666445333364442,2.5463590581813236,0.7330867562108946,-0.07409356425018558,-0.43561160637510427,-0.7323443109408596,6.563851541863934,-6.204434587806526,-9.019987695866945
14.483456373214722,0.018604690513665298,0.21088159042336918,0.057080820525892494,0.21449780880030797,2.52089546759951,0.7257558886487856,-0.07409356425018558,-0.43561160637510427,-0.7323443109408596,6.498213026445295,-6.142390241928461,-8.929787818908276
14.49056601524353,7.771561172376096e-16,0.0,0.0,0.18618457858613952,2.1990729990941724,0.6382118395359284,0.0,0.0,0.0,6.537446500778028,-5.468260939420133,-7.810417951196561
14.495221376419067,7.771561172376096e-16,0.0,0.0,0.1843227328002781,2.1770822691032308,0.6318297211405691,0.0,0.0,0.0,6.472072035770248,-5.413578330025931,-7.732313771684595
14.50014853477478,0.018851513040209756,0.21301866921080292,0.05703104183506185,0.22073992188115982,2.5876471941841657,0.7412597675336189,-0.07436032223405001,-0.4360089181343308,-0.7322180345555561,6.521451081296585,-6.271304011526768,-9.12800880077248
14.50418472290039,0.018851513040209756,0.21301866921080292,0.05703104183506185,0.2185325226623482,2.561770722242324,0.7338471698582827,-0.07436032223405001,-0.4360089181343308,-0.7322180345555561,6.456236570483619,-6.2085909714115,-9.036728712764756
14.507421970367432,7.771561172376096e-16,0.0,0.0,0.15811404339934182,1.8781289640952081,0.5503372981796089,0.0,0.0,0.0,6.62137651512461,-4.799654310948748,-6.6845076686710545
14.510910987854004,7.771561172376096e-16,0.0,0.0,0.15653290296534839,1.859347674454256,0.5448339251978128,0.0,0.0,0.0,6.5551627499733645,-4.75165776783926,-6.6176625919843435
14.550734996795654,7.771561172376096e-16,0.0,0.0,0.1549675739356949,1.8407541977097135,0.5393855859458346,0.0,0.0,0.0,6.48961112247363,-4.704141190160867,-6.5514859660645
14.55646800994873,7.771561172376096e-16,0.0,0.0,0.15341789819633797,1.8223466557326164,0.5339917300863762,0.0,0.0,0.0,6.424715011248894,-4.6570997782592585,-6.485971106403855
14.560382604598999,0.01915768342279823,0.2165069355522979,0.05694447084227929,0.2008228435282628,2.3571994458381473,0.6741189069030931,-0.07491264890623489,-0.436812872750966,-0.7319367785541057,6.50896622758452,-5.760967197085355,-8.273735385448264
14.563403844833374,0.01915768342279823,0.2165069355522979,0.05694447084227929,0.19881461509298018,2.333627451379766,0.6673777178340621,-0.07491264890623489,-0.436812872750966,-0.7319367785541057,6.443876565308675,-5.703357525114502,-8.19099803159378
14.573990106582642,7.771561172376096e-16,0.0,0.0,0.17872972820717964,2.1057742844253697,0.6069130254195484,0.0,0.0,0.0,6.450201824464835,-5.233701550099637,-7.417685556336939
14.580078840255737,0.019788726348933937,0.2131294954866515,0.05767440099753271,0.209442992472698,2.4347556579714538,0.6955670413794478,-0.07523359483027073,-0.4372159473066191,-0.7317669693085409,6.475924452754118,-5.9222450623209,-8.534418777645584
14.596192836761475,0.019788726348933937,0.2131294954866515,0.05767440099753271,0.20734856254797102,2.4104081013917393,0.6886113709656533,-0.07523359483027073,-0.4372159473066191,-0.7317669693085409,6.411165208226577,-5.863022611697691,-8.449074589869127
14.60136103630066,7.771561172376096e-16,0.0,0.0,0.1669856761381412,1.9739176682822164,0.5701304928506105,0.0,0.0,0.0,6.492623776991746,-4.958418959067846,-6.9486807547797325
14.606295824050903,7.771561172376096e-16,0.0,0.0,0.1653158193767598,1.9541784915993943,0.5644291879221044,0.0,0.0,0.0,6.427697539221828,-4.908834769477167,-6.8791939472319354
14.611494302749634,0.02034117772541645,0.21129509999310922,0.05806623969826952,0.20279175818281878,2.3410923492634303,0.6704834199061246,-0.07554931658483056,-0.4376232033108584,-0.7315888690847285,6.465412191307462,-5.728923474353331,-8.204840008311931
14.61665940284729,0.02034117772541645,0.21129509999310922,0.05806623969826952,0.2007638406009906,2.317681425770796,0.6637785857070634,-0.07554931658483056,-0.4376232033108584,-0.7315888690847285,6.400758069394388,-5.671634239609798,-8.122791608228813
14.621734857559204,7.771561172376096e-16,0.0,0.0,0.15867865470417747,1.878196887404906,0.5427348145853315,0.0,0.0,0.0,6.485602800213513,-4.752683421387155,-6.600138419712501
14.626776456832886,7.771561172376096e-16,0.0,0.0,0.1570918681571357,1.8594149185308568,0.5373074664394781,0.0,0.0,0.0,6.420746772211378,-4.705156587173283,-6.534137035515376
14.631896257400513,0.020816234112279754,0.21020580131697292,0.05828653218882803,0.19617924043303298,2.251394967579219,0.6457797094176887,-0.07586840479331933,-0.43803147096014355,-0.7313975792167507,6.457562889308701,-5.542007560034136,-7.884161710285675
14.645996332168579,0.020816234112279754,0.21020580131697292,0.05828653218882803,0.19421744802870264,2.2288810179034266,0.6393219123235118,-0.07586840479331933,-0.43803147096014355,-0.7313975792167507,6.392987260415613,-5.4865874844337945,-7.805320093182819
14.655853986740112,7.771561172376096e-16,0.0,0.0,0.17115845112252964,1.9933510155203136,0.573800498186072,0.0,0.0,0.0,6.406021339269455,-4.987364924354122,-6.985307865477147
14.67244815826416,7.771561172376096e-16,0.0,0.0,0.16944686661130434,1.9734175053651104,0.5680624932042113,0.0,0.0,0.0,6.341961125876761,-4.93749127511058,-6.915454786822376
14.686310529708862,0.021175929249225824,0.2098775792488231,0.05838134122396761,0.18302823248309638,2.105084250483046,0.604496842219343,-0.07618631898677945,-0.43844448859505003,-0.7311933181694352,6.315360119841816,-5.215030629719751,-7.368840294554521
14.696568012237549,7.771561172376096e-16,0.0,0.0,0.16055357743815254,1.8794241594010228,0.5415360164601315,0.0,0.0,0.0,6.32648041457616,-4.735441634281355,-6.582312931245604
14.701057434082031,7.771561172376096e-16,0.0,0.0,0.15894804166377102,1.8606299178070125,0.5361206562955302,0.0,0.0,0.0,6.263215610430398,-4.688087217938541,-6.516489801933148
14.70451283454895,0.021057201743270904,0.21018088282476993,0.058483407088461,0.2182985360629788,2.4502914151896706,0.700011632361955,-0.07650422654496677,-0.4388652434136542,-0.7309949173125126,6.3477333828257425,-5.953631557118441,-8.547374497329603
14.709188222885132,0.02038090043812814,0.21037764163107456,0.05801186967653883,0.21456276764513388,2.42617441810228,0.6921668374776543,-0.07682685746662984,-0.4392902443922403,-0.7308096523763983,6.283445635058665,-5.894953889029367,-8.461644879105082
14.714193105697632,7.771561172376096e-16,0.0,0.0,0.17169510670303878,1.9815678836183883,0.5693346236418516,0.0,0.0,0.0,6.374114987577989,-4.958281013050967,-6.916835095614652
14.723402500152588,0.020076035214907768,0.21096971084893007,0.05766454531262121,0.19177767276289512,2.190833184949577,0.6262561926364655,-0.07714953792762506,-0.43970542185227435,-0.73062437473788,6.365850790769752,-5.4012554738358345,-7.634234070943612
14.728423595428467,0.020076035214907768,0.21096971084893007,0.05766454531262121,0.18985989603526618,2.1689248531000813,0.6199936307101008,-0.07714953792762506,-0.43970542185227435,-0.73062437473788,6.3021922828620545,-5.347242919097476,-7.557891730234176
14.73889446258545,7.771561172376096e-16,0.0,0.0,0.168788066325329,1.9457530456883227,0.5587222810729509,0.0,0.0,0.0,6.31285054026204,-4.873838295886582,-6.784544076318011
14.74625301361084,7.771561172376096e-16,0.0,0.0,0.1671001856620757,1.9262955152314396,0.5531350582622213,0.0,0.0,0.0,6.24972203485942,-4.825099912927716,-6.716698635554831
14.751380681991577,0.019954821781138832,0.21179817126698153,0.057368138671503296,0.20434515944869414,2.320082226205403,0.6594832880499164,-0.07747322921642633,-0.4401245692292712,-0.7304407398876478,6.287569879547759,-5.6621406516867046,-8.061968147622789
14.757027387619019,0.019954821781138832,0.21179817126698153,0.057368138671503296,0.2023017078542072,2.296881403943349,0.6528884551694172,-0.07747322921642633,-0.4401245692292712,-0.7304407398876478,6.224694180752281,-5.6055192451698375,-7.981348466146561
14.762864589691162,0.019925163023612687,0.2128914002410412,0.05712005417332366,0.20013119871430216,2.2757861874677183,0.6459655238321523,-0.07779682851064854,-0.44053911763557047,-0.7302570281969696,6.161798263505069,-5.550134579222538,-7.901335060826549
14.76828670501709,0.019925163023612687,0.2128914002410412,0.05712005417332366,0.19812988672715914,2.253028325593041,0.6395058685938309,-0.07779682851064854,-0.44053911763557047,-0.7302570281969696,6.100180280870019,-5.494633233430313,-7.822321710218283
14.771864175796509,7.771561172376096e-16,0.0,0.0,0.1404523592890195,1.6354089043187168,0.4734447841168973,0.0,0.0,0.0,6.256641689663803,-4.208260720985815,-5.702832265595499
14.779855012893677,0.019779826196360727,0.2132674518124978,0.05710446439916177,0.16380096976185832,1.885944815934011,0.5401727671885049,-0.07813097320296947,-0.44095985167494545,-0.7300961659776181,6.259008692433515,-4.735139320726118,-6.5518569791151
14.784584045410156,0.019779826196360727,0.2132674518124978,0.05710446439916177,0.16216296006423972,1.867085367774671,0.5347710395166199,-0.07813097320296947,-0.44095985167494545,-0.7300961659776181,6.196418605509179,-4.6877879275188565,-6.486338409323949
14.790646314620972,7.771561172376096e-16,0.0,0.0,0.12791357094234143,1.4966197580474625,0.4352268122507012,0.0,0.0,0.0,6.2633351578145335,-3.913525901580816,-5.217146842847972
14.807626247406006,0.01870940688873348,0.21357993985386936,0.05714516534991803,0.137652975250475,1.6074372973979814,0.4645290739036506,-0.07846548312134814,-0.4413897926841582,-0.7299315882252635,6.2311986334135545,-4.141932934315552,-5.591584481620425
14.812347650527954,0.01870940688873348,0.21357993985386936,0.05714516534991803,0.13627644549797027,1.5913629244240015,0.4598837831646141,-0.07846548312134814,-0.4413897926841582,-0.7299315882252635,6.168886647079419,-4.100513604972396,-5.535668636804221
14.819523811340332,0.018168710644076196,0.21413386725022313,0.057151293498849266,0.13414580865160483,1.5761987356352807,0.45538217904326267,-0.07872879422463691,-0.4418012619728228,-0.729786910487249,6.106763507259873,-4.060055877287053,-5.480186254840376
14.824725151062012,0.018168710644076196,0.21413386725022313,0.057151293498849266,0.13280435056508877,1.5604367482789279,0.45082835725283005,-0.07872879422463691,-0.4418012619728228,-0.729786910487249,6.045695872187275,-4.019455318514183,-5.4253843922919724
14.829767227172852,7.771561172376096e-16,0.0,0.0,0.09544212144884202,1.1201385393250398,0.3329713414468055,0.0,0.0,0.0,6.141382518785797,-3.1030319019388095,-3.923736866789561
14.836677551269531,7.771561172376096e-16,0.0,0.0,0.0944877002343536,1.1089371539317894,0.32964162803233743,0.0,0.0,0.0,6.079968693597938,-3.0720015829194214,-3.884499498121665
14.852129936218262,0.01790556403726033,0.2148559183144838,0.057143803193252046,0.10513039634558993,1.2368916380997652,0.3633257836073294,-0.07893476793663758,-0.44221603489971956,-0.7296530772220876,6.052951408617213,-3.335425014001367,-4.314498088210165
14.857073068618774,0.01790556403726033,0.2148559183144838,0.057143803193252046,0.10407909238213403,1.2245227217187675,0.3596925257712561,-0.07893476793663758,-0.44221603489971956,-0.7296530772220876,5.992421894531041,-3.3020707638613533,-4.271353107328063
14.862134456634521,7.771561172376096e-16,0.0,0.0,0.06766151552221872,0.7877775003378826,0.2431941532910318,0.0,0.0,0.0,6.0884524605005685,-2.395344990489999,-2.7870328965219127
14.873205184936523,0.017812894810088103,0.2156878376041856,0.05713062792159964,0.08307498434716806,0.9747268692408194,0.29236733326694636,-0.07908992821502633,-0.4426209046840086,-0.7295261875559623,6.075095902629614,-2.78226322139785,-3.4134701692243183
14.877684354782104,7.771561172376096e-16,0.0,0.0,0.04247593943075843,0.48344430485746215,0.16189630207294864,0.0,0.0,0.0,6.190917681279369,-1.7662643870229315,-1.7506269954126723
14.882601976394653,0.01760579943958407,0.2151619423997577,0.05643202373863981,0.07785263209338965,0.9161423914583946,0.27503204810636067,-0.07921682770155061,-0.44303123690681256,-0.7294170697075091,6.23553935573157,-2.674093919277193,-3.20614189099076
14.887495517730713,0.01760579943958407,0.2151619423997577,0.05643202373863981,0.07707410577245576,0.9069809675438106,0.27228172762529707,-0.07921682770155061,-0.44303123690681256,-0.7294170697075091,6.173183962174254,-2.6473529800844213,-3.174080472080852
14.89857029914856,7.771561172376096e-16,0.0,0.0,0.06040616658925663,0.7036301745407643,0.21860348142500108,0.0,0.0,0.0,6.182981143950527,-2.2208433500740674,-2.483710804011034
14.902562856674194,0.01772147298009604,0.2151345356951384,0.05601336832150647,0.10418837328972348,1.2354327857323337,0.35671190188626056,-0.0793114960801921,-0.4434299517992468,-0.729315094706519,6.252417642913305,-3.3397741699274555,-4.272802950015718
14.905452489852905,0.01772147298009604,0.2151345356951384,0.05601336832150647,0.10314648955682625,1.2230784578750105,0.353144782867398,-0.0793114960801921,-0.4434299517992468,-0.729315094706519,6.189893466484172,-3.3063764282281807,-4.230074920515561
14.908100366592407,7.771561172376096e-16,0.0,0.0,0.035187917686374595,0.39836825351932736,0.1380726409955327,0.0,0.0,0.0,6.42752318773067,-1.598650300762583,-1.4334348781464126
14.911580085754395,7.771561172376096e-16,0.0,0.0,0.03483603850951085,0.3943845709841341,0.1366919145855774,0.0,0.0,0.0,6.363247955853363,-1.5826637977549571,-1.4191005293649483
14.930370330810547,0.018000640693153637,0.2154062097910359,0.05574260247490809,0.044067457759731914,0.5050779794172381,0.16499070885023237,-0.07937569767484147,-0.44383269295921735,-0.7292185191404932,6.3276093656113845,-1.8096318501141142,-1.7902050341676883
14.935609340667725,0.018000640693153637,0.2154062097910359,0.05574260247490809,0.043626783182134594,0.5000271996230657,0.16334080176173005,-0.07937569767484147,-0.44383269295921735,-0.7292185191404932,6.2643332719552705,-1.791535531612973,-1.7723029838260114
14.941013097763062,7.771561172376096e-16,0.0,0.0,0.009879172194851606,0.09640388445393377,0.05855212326940848,0.0,0.0,0.0,6.348579772132421,-0.952279236782341,-0.40511419104707347
14.945115804672241,0.018351233690297793,0.2159055071690692,0.05558809358995941,0.05450995559618735,0.6216912009913421,0.19345786383165947,-0.07941519217756288,-0.44423044275463164,-0.7291231372339075,6.414099254256654,-2.0563565574627822,-2.1650001944449233
14.953640937805176,0.018351233690297793,0.2159055071690692,0.05558809358995941,0.053964856040225474,0.6154742889814286,0.19152328519334288,-0.07941519217756288,-0.44423044275463164,-0.7291231372339075,6.349958261714088,-2.0357929918881545,-2.143350192500474
14.959036827087402,0.018701047852133227,0.21656872153366177,0.05552092331551577,0.05402152846002674,0.6105672198917997,0.1894286460683853,-0.07943598750426356,-0.4446325998253698,-0.7290257628851228,6.2863399007632665,-2.016172619888237,-2.12173941320024
14.964134216308594,0.018701047852133227,0.21656872153366177,0.05552092331551577,0.05348131317542647,0.6044615476928817,0.18753435960770146,-0.07943598750426356,-0.4446325998253698,-0.7290257628851228,6.223476501755634,-1.9960108936893544,-2.1005220190682374
14.968347072601318,7.771561172376096e-16,0.0,0.0,0.008556075702760749,0.0843506871658547,0.053869751299705115,0.0,0.0,0.0,6.349797865845652,-0.9206323965363035,-0.349038206137249
14.972813606262207,7.771561172376096e-16,0.0,0.0,0.008470514945733141,0.08350718029419615,0.05333105378670806,0.0,0.0,0.0,6.286299887187195,-0.9114260725709404,-0.34554782407587653
14.978195428848267,0.018873927037078846,0.21716812926618848,0.05611302709991513,0.04345557795616803,0.486193640079298,0.15706172854866057,-0.07945111356869425,-0.4450374731517081,-0.7289458061270345,6.322761637142674,-1.7534495346264203,-1.6859156019097639
14.982996940612793,0.018873927037078846,0.21716812926618848,0.05611302709991513,0.04302102217660635,0.48133170367850503,0.15549111126317397,-0.07945111356869425,-0.4450374731517081,-0.7289458061270345,6.259534020771246,-1.7359150392801561,-1.6690564458906663
14.986920595169067,7.771561172376096e-16,0.0,0.0,-0.005512115472591637,-0.07696593811594621,0.010924050902633903,0.0,0.0,0.0,6.3994313119335455,-0.5843136492385095,0.20545772580032629
14.990077495574951,7.771561172376096e-16,0.0,0.0,-0.005456994317865721,-0.07619627873478675,0.010814810393607564,0.0,0.0,0.0,6.33543699881421,-0.5784705127461244,0.20340314854232303
14.992995977401733,0.01922243917476235,0.21789423305821834,0.056494267718597016,0.060462091204480636,0.6711669856562025,0.20428082540476233,-0.07945933861742596,-0.4454366926100965,-0.7288634171857531,6.456215174114482,-2.1444633109805205,-2.275776264377517
14.996311664581299,0.01922243917476235,0.21789423305821834,0.056494267718597016,0.05985747029243583,0.6644553157996405,0.2022380171507147,-0.07945933861742596,-0.4454366926100965,-0.7288634171857531,6.391653022373338,-2.123018677870715,-2.2530185017337416
14.999051809310913,7.771561172376096e-16,0.0,0.0,-0.010892286452130563,-0.13738166169753396,-0.005956931600956644,0.0,0.0,0.0,6.617718761183298,-0.4761929968248013,0.42945664644018855
15.0025794506073,7.771561172376096e-16,0.0,0.0,-0.010783363587609257,-0.13600784508055863,-0.005897362284947078,0.0,0.0,0.0,6.551541573571464,-0.4714310668565533,0.42516207997578664
15.00771951675415,0.01962741799456909,0.21868632468032734,0.05677030180586694,0.02750961676392612,0.2908065338257392,0.10460824798410828,-0.07946714704425936,-0.4458401625645732,-0.7287793752363954,6.591302590612152,-1.3605234638823698,-0.9849885431495095
15.012720823287964,0.01962741799456909,0.21868632468032734,0.05677030180586694,0.02723452059628686,0.2878984684874818,0.1035621655042672,-0.07946714704425936,-0.4458401625645732,-0.7287793752363954,6.52538956470603,-1.346918229243546,-0.9751386577180143
15.017714500427246,7.771561172376096e-16,0.0,0.0,-0.01234236402447184,-0.1529069551336525,-0.011157821844523547,0.0,0.0,0.0,6.619271201508874,-0.44063969999229347,0.49401700132109605
15.02249026298523,7.771561172376096e-16,0.0,0.0,-0.01221894038422712,-0.15137788558231596,-0.011046243626078311,0.0,0.0,0.0,6.553078489493785,-0.4362333029923705,0.4890768313078851
15.027512788772583,0.020019612169885126,0.2195072564630652,0.05696050043450337,0.027762899357882807,0.2871814471575195,0.1024742894521836,-0.07947986473272145,-0.44624320428870107,-0.7286897082470936,6.596139365134221,-1.3479783480086114,-0.9539885389545715
15.033400535583496,7.771561172376096e-16,0.0,0.0,-0.0065168917748313245,-0.08851084263782982,0.004705406118528502,0.0,0.0,0.0,6.665169959564641,-0.576580096530583,0.29318898889685585
15.039483547210693,7.771561172376096e-16,0.0,0.0,-0.006451722857083011,-0.08762573421145152,0.004658352057343217,0.0,0.0,0.0,6.598518259968994,-0.5708142955652771,0.29025709900788726
15.04333758354187,0.02034707441734733,0.22032731418491794,0.057083413812370476,0.046406988999990344,0.4849299139101606,0.15272509417047292,-0.07950204661416804,-0.44665174502956445,-0.7285916848737505,6.675215331990381,-1.7606620915104734,-1.5860884183973987
15.051729917526245,0.02034707441734733,0.22032731418491794,0.057083413812370476,0.04594291910999044,0.480080614771059,0.1511978432287682,-0.07950204661416804,-0.44665174502956445,-0.7285916848737505,6.608463178670477,-1.7430554705953687,-1.5702275342134246
15.05666208267212,7.771561172376096e-16,0.0,0.0,0.004229651461417572,0.028564608161677774,0.03394883628249537,0.0,0.0,0.0,6.703569513250085,-0.8200353181785411,-0.07730042287152727
15.061534404754639,7.771561172376096e-16,0.0,0.0,0.004187354946803396,0.028278962080060997,0.033609347919670414,0.0,0.0,0.0,6.636533818117584,-0.8118349649967557,-0.076527418642812
15.066725254058838,0.020202912286039456,0.2231407978290277,0.05773841371494311,0.04306572566197857,0.4578695607090684,0.14450440435699083,-0.07952400207569281,-0.4470683464158389,-0.7284851176981132,6.679356197184295,-1.6920526337229638,-1.4663444726664971
15.069575548171997,0.020202912286039456,0.2231407978290277,0.05773841371494311,0.04263506840535878,0.45329086510197775,0.14305936031342092,-0.07952400207569281,-0.4470683464158389,-0.7284851176981132,6.612562635212452,-1.6751321073857341,-1.4516810279398322
15.072303295135498,7.771561172376096e-16,0.0,0.0,-0.031855748508028955,-0.36928272259587547,-0.07004194354077622,0.0,0.0,0.0,6.837974322034077,-0.019415176972359838,1.2334834906707135
15.07649564743042,7.771561172376096e-16,0.0,0.0,-0.03153719102294866,-0.3655898953699167,-0.06934152410536847,0.0,0.0,0.0,6.769594578813736,-0.01922102520263624,1.2211486557640063
15.081263780593872,0.020334915988576764,0.22521539598104381,0.05813520725253343,0.011425722999660565,0.11040053842296238,0.05327635351886956,-0.07949646773596647,-0.4474714111228511,-0.7283793496189263,6.823483631603428,-0.987231938687152,-0.30429320154643347
15.086553812026978,0.020334915988576764,0.22521539598104381,0.05813520725253343,0.011311465769663959,0.10929653303873275,0.05274358998368086,-0.07949646773596647,-0.4474714111228511,-0.7283793496189263,6.755248795287393,-0.9773596193002805,-0.3012502695309691
15.090250492095947,0.02058526869973372,0.22682108874094312,0.05839179709365547,0.01182505484850239,0.11255903274222931,0.052882010415998326,-0.07943795197374719,-0.44787833143611355,-0.7282718345636958,6.687718845725405,-0.9686856363093423,-0.29790356880360797
15.093186378479004,0.02058526869973372,0.22682108874094312,0.05839179709365547,0.011706804300017366,0.11143344241480702,0.05235319031183834,-0.07943795197374719,-0.44787833143611355,-0.7282718345636958,6.6208416572681505,-0.9589987799462489,-0.2949245331155719
15.09968876838684,7.771561172376096e-16,0.0,0.0,-0.020068267940674556,-0.23850815699320518,-0.037970857895723235,0.0,0.0,0.0,6.676800556251255,-0.2606184584629896,0.8280311173774091
15.10309362411499,7.771561172376096e-16,0.0,0.0,-0.01986758526126781,-0.23612307542327313,-0.037591149316766,0.0,0.0,0.0,6.610032550688742,-0.2580122738783597,0.8197508062036349
15.105725049972534,7.771561172376096e-16,0.0,0.0,-0.019668909408655132,-0.2337618446690404,-0.03721523782359834,0.0,0.0,0.0,6.543932225181854,-0.25543215113957607,0.8115532981415986
15.108368873596191,7.771561172376096e-16,0.0,0.0,-0.01947222031456858,-0.23142422622235,-0.036843085445362356,0.0,0.0,0.0,6.478492902930036,-0.2528778296281803,0.8034377651601826
15.111483573913574,0.02087108877485298,0.22801411094000945,0.05853923949198833,0.047730838640504335,0.5029479596805083,0.15147035946160584,-0.0793587096075163,-0.44827873164381254,-0.7281599958120456,6.605754556202057,-1.7365145100784638,-1.518929167986343
15.116825580596924,0.02087108877485298,0.22801411094000945,0.05853923949198833,0.04725353025409929,0.4979184800837032,0.14995565586698978,-0.0793587096075163,-0.44827873164381254,-0.7281599958120456,6.539697010640037,-1.7191493649776792,-1.5037398763064795
15.134742498397827,7.771561172376096e-16,0.0,0.0,0.035132178449313725,0.3656773892598818,0.11578349337102131,0.0,0.0,0.0,6.518592652962497,-1.4517592955320073,-1.0822932927140165
15.140397548675537,7.771561172376096e-16,0.0,0.0,0.034780856664820586,0.36202061536728297,0.1146256584373111,0.0,0.0,0.0,6.453406726432872,-1.4372417025766873,-1.0714703597868764
15.145914554595947,0.02112626531667236,0.22885360959838302,0.05860344456323249,0.07272603821173199,0.7732152796340666,0.2197026784066738,-0.07926941193747362,-0.44868248854678705,-0.7280416159253269,6.498375402839133,-2.2630005691553596,-2.36676940438882
15.151939392089844,0.02112626531667236,0.22885360959838302,0.05860344456323249,0.07199877782961467,0.7654831268377259,0.21750565162260704,-0.07926941193747362,-0.44868248854678705,-0.7280416159253269,6.433391648810741,-2.240370563463806,-2.3431017103449316
15.15694284439087,0.02109011577468754,0.22920034918516471,0.05953104331225197,0.07139908555950021,0.7585033548190745,0.2171852710423631,-0.07918391607419409,-0.44908909206978564,-0.7279251776587542,6.369121267369903,-2.218781114281626,-2.319393749806787
15.160723686218262,0.02109011577468754,0.22920034918516471,0.05953104331225197,0.0706850947039052,0.7509183212708838,0.21501341833193946,-0.07918391607419409,-0.44908909206978564,-0.7279251776587542,6.305430054696203,-2.1965933031388096,-2.296199812308719
15.164135694503784,7.771561172376096e-16,0.0,0.0,0.008166800144098471,0.07166296980387199,0.0383881998856391,0.0,0.0,0.0,6.474449973928192,-0.8584257243631184,-0.13981633116220804
15.16852855682373,7.771561172376096e-16,0.0,0.0,0.008085132142657487,0.07094634010583327,0.03800431788678271,0.0,0.0,0.0,6.40970547418891,-0.8498414671194872,-0.13841816785058597
15.172472476959229,0.02125491958752997,0.22938049075995987,0.060019885116288016,0.061897156075524276,0.651842190401101,0.18980759245836082,-0.07912655242976419,-0.4494899393525492,-0.7277996557114259,6.498200250176877,-2.0188024710866728,-1.963198239002388
15.176673650741577,0.02125491958752997,0.22938049075995987,0.060019885116288016,0.06127818451476903,0.6453237684970901,0.18790951653377722,-0.07912655242976419,-0.4494899393525492,-0.7277996557114259,6.433218247675108,-1.998614446375806,-1.9435662566123642
15.179950952529907,7.771561172376096e-16,0.0,0.0,-0.0041895327629787385,-0.061035994661809645,0.0028923126656985043,0.0,0.0,0.0,6.610324167455282,-0.6071038943853806,0.2965976229980307
15.183019876480103,7.771561172376096e-16,0.0,0.0,-0.004147637435348951,-0.06042563471519155,0.0028633895390415194,0.0,0.0,0.0,6.544220925780729,-0.6010328554415267,0.2936316467680504
15.185660362243652,0.021495576761215624,0.2294191969654251,0.06026679042086181,0.07730149906710433,0.8090308613690893,0.23107605598620892,-0.07909926897140346,-0.44989565942663756,-0.7276644437858835,6.706200771281669,-2.355879886874198,-2.436002112805316
15.18890905380249,0.021495576761215624,0.2294191969654251,0.06026679042086181,0.07652848407643328,0.8009405527553984,0.22876529542634683,-0.07909926897140346,-0.44989565942663756,-0.7276644437858835,6.639138763568852,-2.332321088005456,-2.4116420916772627
15.204066753387451,7.771561172376096e-16,0.0,0.0,0.061581906988300364,0.6415762561512006,0.18671778967710054,0.0,0.0,0.0,6.6249315932862265,-2.012187891609517,-1.9074630862586488
15.207977771759033,7.771561172376096e-16,0.0,0.0,0.06096608791841736,0.6351604935896886,0.18485061178032952,0.0,0.0,0.0,6.558682277353364,-1.9920660126934215,-1.8883884553960624
15.211645364761353,0.021743462948618744,0.22935468810914894,0.060328478810793264,0.11964180285620007,1.2541636866483024,0.3474927641751868,-0.07910556735622258,-0.4503004709456148,-0.727516639810681,6.656398082883221,-3.2414437793964437,-3.8318990597291855
15.216236352920532,0.021743462948618744,0.22935468810914894,0.060328478810793264,0.11844538482763807,1.2416220497818193,0.34401783653343493,-0.07910556735622258,-0.4503004709456148,-0.727516639810681,6.58983410205439,-3.2090293416024793,-3.7935800691318935
15.220378160476685,7.771561172376096e-16,0.0,0.0,0.0647634098999004,0.6754507718611622,0.1949202899951638,0.0,0.0,0.0,6.71492862172028,-2.0897314345040465,-1.9991246089744812
15.2252357006073,7.771561172376096e-16,0.0,0.0,0.06411577580090139,0.6686962641425506,0.19297108709521216,0.0,0.0,0.0,6.647779335503078,-2.068834120159006,-1.9791333628847363
15.235895872116089,0.02194516476257091,0.22921992883302178,0.060254649170737376,0.08406074533406856,0.8770339177974344,0.24756452795878786,-0.0791458489076044,-0.4507105367003999,-0.7273542146948092,6.63731590562552,-2.4853556432637562,-2.6342700288494845
15.250904083251953,7.771561172376096e-16,0.0,0.0,0.06859803231204417,0.7155338983411303,0.20494109382863512,0.0,0.0,0.0,6.623677778207029,-2.1601927877279343,-2.12328981372973
15.256359815597534,0.02194968820101761,0.22926112808800095,0.05920387312028984,0.10814439259997899,1.1285991889010545,0.31140850404313664,-0.07922672032610835,-0.451122117173675,-0.7272143159095555,6.667566854226781,-2.9936606928815364,-3.420488157703123
15.267733097076416,7.771561172376096e-16,0.0,0.0,0.08776360376479576,0.9157344982752739,0.25623919357790503,0.0,0.0,0.0,6.670551573913907,-2.567073288193667,-2.7468773867529475
15.272858142852783,0.02194968820101761,0.22926112808800095,0.05920387312028984,0.12971424509050739,1.3539119442229335,0.369195522261741,-0.07922672032610835,-0.451122117173675,-0.7272143159095555,6.7210776320744285,-3.4516445998430694,-4.122909827679749
15.27782678604126,7.771561172376096e-16,0.0,0.0,0.08424067988515044,0.8789568619284898,0.24634855655739402,0.0,0.0,0.0,6.8133202866417255,-2.509189909818719,-2.6180732850283293
15.283111810684204,0.0221476835755622,0.2292164734500918,0.05844699143375865,0.12530476373082078,1.3038766682618883,0.3544748891713573,-0.07935074356933998,-0.45153396167988313,-0.7270628998550078,6.859089929093512,-3.367842914416302,-3.952430868254079
15.287023067474365,0.0221476835755622,0.2292164734500918,0.05844699143375865,0.12405171609351257,1.2908379015792695,0.3509301402796437,-0.07935074356933998,-0.45153396167988313,-0.7270628998550078,6.790499029802577,-3.334164485272139,-3.912906559571538
15.291388511657715,7.771561172376096e-16,0.0,0.0,0.07207710946686931,0.7528593033075436,0.2135352845575791,0.0,0.0,0.0,6.904364187596226,-2.2664860290541617,-2.208281683427785
15.296430826187134,7.771561172376096e-16,0.0,0.0,0.07135633837220061,0.7453307102744682,0.21139993171200333,0.0,0.0,0.0,6.835320545720264,-2.24382116876362,-2.1861988665935073
15.299582242965698,0.02241215695050326,0.22912777494800377,0.05782875783818451,0.14176049290807335,1.4649401531910242,0.39278675726682233,-0.07951842044629875,-0.4519504088278445,-0.7269022153676147,6.957898699952082,-3.7053669574038155,-4.445137439929393
15.303276538848877,0.02241215695050326,0.22912777494800377,0.05782875783818451,0.1403428879789926,1.450290751659114,0.3888588896941541,-0.07951842044629875,-0.4519504088278445,-0.7269022153676147,6.888319712952561,-3.6683132878297773,-4.400686065530099
15.306716203689575,7.771561172376096e-16,0.0,0.0,0.07378149171435458,0.7696538294648267,0.2168470663647394,0.0,0.0,0.0,7.050617238739506,-2.3176928100091727,-2.2433854712328443
15.311192750930786,7.771561172376096e-16,0.0,0.0,0.07304367679721104,0.7619572911701785,0.21467859570109202,0.0,0.0,0.0,6.980111066352111,-2.294515881909081,-2.220951616520516
15.315874338150024,0.02266883719946196,0.22919670156976596,0.057327814133791316,0.12073450430966715,1.2439082225265943,0.3349856089560478,-0.07972572238945305,-0.45236990388790055,-0.726728736604631,7.038819965467618,-3.2717969688314827,-3.733471698923733
15.321000576019287,0.02266883719946196,0.22919670156976596,0.057327814133791316,0.11952715926657047,1.2314691403013283,0.33163575286648733,-0.07972572238945305,-0.45236990388790055,-0.726728736604631,6.968431765812942,-3.239078999143168,-3.6961369819344956
15.335527896881104,7.771561172376096e-16,0.0,0.0,0.10272760838862792,1.0613850268900311,0.28885732612417153,0.0,0.0,0.0,6.95362730050185,-2.8952956900555895,-3.158925949071799
15.34027624130249,7.771561172376096e-16,0.0,0.0,0.10170033230474164,1.0507711766211307,0.28596875286292983,0.0,0.0,0.0,6.884091027496831,-2.8663427331550335,-3.127336689581081
15.345057964324951,0.022867241937102913,0.22934454532063867,0.05692266709144287,0.14850550904040746,1.519890880000779,0.40215123240266293,-0.07996835781511269,-0.452795018908361,-0.726540211100118,6.941011837743455,-3.8181312513575936,-4.5981117914090035
15.348598957061768,0.022867241937102913,0.22934454532063867,0.05692266709144287,0.14702045395000338,1.5046919712007714,0.3981297200786363,-0.07996835781511269,-0.452795018908361,-0.726540211100118,6.87160171936602,-3.7799499388440174,-4.552130673494913
15.351698875427246,7.771561172376096e-16,0.0,0.0,0.07178301027363573,0.7498044547986114,0.21052208056719957,0.0,0.0,0.0,7.060854940026043,-2.281482881397266,-2.162869547056789
15.355656147003174,7.771561172376096e-16,0.0,0.0,0.07106518017089937,0.7423064102506253,0.20841685976152757,0.0,0.0,0.0,6.990246390625782,-2.258668052583293,-2.141240851586221
15.36721420288086,0.02261305201926777,0.23269950845330434,0.0565794932816233,0.08991928238887345,0.9362143579686826,0.2552851221612897,-0.0802221700043343,-0.4532271232987868,-0.7263559398677187,6.974348349336448,-2.6419717760677996,-2.7410040077062616
15.371701717376709,0.02261305201926777,0.23269950845330434,0.0565794932816233,0.08902008956498471,0.9268522143889958,0.25273227093967676,-0.0802221700043343,-0.4532271232987868,-0.7263559398677187,6.904604865843083,-2.6155520583071215,-2.713593967629199
15.379202365875244,7.771561172376096e-16,0.0,0.0,0.0579817594459974,0.6073445062617211,0.17477214626299262,0.0,0.0,0.0,6.942512462619446,-1.9851459540747824,-1.7180671748025795
15.385352849960327,0.022653355046079928,0.2348359938688599,0.056313944120499615,0.09423376635949958,0.9830881517244109,0.26458460663561034,-0.08047052254633064,-0.4536465081162754,-0.7261716330174598,6.976770175836789,-2.728824826117654,-2.8676780265515864
15.390397071838379,0.022653355046079928,0.2348359938688599,0.056313944120499615,0.09329142869590458,0.9732572702071668,0.26193876056925425,-0.08047052254633064,-0.4536465081162754,-0.7261716330174598,6.907002474078421,-2.7015365778564777,-2.8390012462860708
15.395253896713257,7.771561172376096e-16,0.0,0.0,0.04571620049053702,0.480007173363848,0.14337130900971146,0.0,0.0,0.0,7.0036179014991236,-1.740481958443762,-1.3154541060181624
15.40042781829834,7.771561172376096e-16,0.0,0.0,0.04525903848563165,0.4752071016302095,0.14193759591961433,0.0,0.0,0.0,6.933581722484132,-1.7230771388593245,-1.3022995649579807
15.405152559280396,0.022821327863940994,0.23629687727139162,0.05610453775481681,0.09310820252628672,0.9705816580181093,0.25926449191034984,-0.08072122890718428,-0.45407159501138333,-0.7259864944667849,7.000963218403247,-2.7009654914294674,-2.807460206936729
15.408633470535278,0.022821327863940994,0.23629687727139162,0.05610453775481681,0.09217712050102385,0.9608758414379281,0.25667184699124634,-0.08072122890718428,-0.45407159501138333,-0.7259864944667849,6.930953586219214,-2.6739558365151725,-2.7793856048673615
15.412698984146118,7.771561172376096e-16,0.0,0.0,0.03512141383680887,0.37004438918886273,0.11610402183403648,0.0,0.0,0.0,7.060195172389815,-1.5303301021925801,-0.965872737741974
15.416871309280396,7.771561172376096e-16,0.0,0.0,0.03477019969844078,0.3663439452969741,0.11494298161569612,0.0,0.0,0.0,6.989593220665917,-1.5150268011706542,-0.9562140103645542
15.423587799072266,0.02303595143444277,0.23718628440194386,0.05593876341689762,0.06872010277237534,0.7158207498581362,0.19707926375671064,-0.0809776509331508,-0.454491736499367,-0.7257977139661428,7.016442501919814,-2.2007538429116194,-2.0141651836587853
15.42795729637146,0.02303595143444277,0.23718628440194386,0.05593876341689762,0.06803290174465158,0.7086625423595548,0.19510847111914353,-0.0809776509331508,-0.454491736499367,-0.7257977139661428,6.946278076900615,-2.178746304482503,-1.9940235318221975
15.431901454925537,7.771561172376096e-16,0.0,0.0,0.008947335922945998,0.10021499001084866,0.05133052359313753,0.0,0.0,0.0,7.08212562994018,-1.0046427510270854,-0.13389937890798498
15.436069011688232,7.771561172376096e-16,0.0,0.0,0.008857862563716538,0.09921284011074018,0.05081721835720615,0.0,0.0,0.0,7.011304373640778,-0.9945963235168146,-0.13256038511890514
15.442391157150269,0.02323496791666358,0.23757440223162551,0.05580655579449692,0.04552099750776315,0.4740020088313719,0.13858059280224289,-0.08124100083905493,-0.45491739924697894,-0.7256036245471736,7.043970182413412,-1.7301283790997926,-1.264917343928086
15.445867776870728,0.02323496791666358,0.23757440223162551,0.05580655579449692,0.04506578753268552,0.4692619887430582,0.13719478687422046,-0.08124100083905493,-0.45491739924697894,-0.7256036245471736,6.973530480589278,-1.7128270953087945,-1.2522681704888052
15.45169472694397,7.771561172376096e-16,0.0,0.0,0.004740121935292184,0.05685281174526924,0.04004965561960182,0.0,0.0,0.0,7.043218029622686,-0.9149861126817281,0.005509087669727464
15.455888748168945,7.771561172376096e-16,0.0,0.0,0.004692720715939262,0.056284283627816546,0.0396491590634058,0.0,0.0,0.0,6.972785849326459,-0.9058362515549109,0.005453996793030189
15.459672927856445,0.022747424086960386,0.24262018833452137,0.056871946694866254,0.06475769612825509,0.6968648546097316,0.18954137306127017,-0.08147992232161504,-0.4553495119679619,-0.7254323587596031,7.08240018074621,-2.1426134349137964,-1.8879991037006632
15.462886810302734,0.022747424086960386,0.24262018833452137,0.056871946694866254,0.06411011916697254,0.6898962060636342,0.18764595933065747,-0.08147992232161504,-0.4553495119679619,-0.7254323587596031,7.011576178938748,-2.1211873005646584,-1.8691191126636566
15.465660095214844,7.771561172376096e-16,0.0,0.0,-0.01855437597039103,-0.19185044032664123,-0.019301196196336107,0.0,0.0,0.0,7.235263343656616,-0.4580615009382476,0.765359427220577
15.469531536102295,7.771561172376096e-16,0.0,0.0,-0.01836883221068712,-0.18993193592337482,-0.019108184234372747,0.0,0.0,0.0,7.16291071022005,-0.4534808859288651,0.7577058329483712
15.474323987960815,0.02263305220544478,0.2453588936294958,0.05746413812329824,0.02904131320186432,0.32393683221242164,0.10098840697919764,-0.0817069975222094,-0.45576789042317045,-0.7252603554386785,7.235864038813175,-1.4334307993206723,-0.7443848883590943
15.479702472686768,0.02263305220544478,0.2453588936294958,0.05746413812329824,0.028750900069845677,0.3206974638902974,0.09997852290940566,-0.0817069975222094,-0.45576789042317045,-0.7252603554386785,7.163505398425043,-1.4190964913274655,-0.7369410394755034
15.484600305557251,7.771561172376096e-16,0.0,0.0,-0.017746948899456508,-0.18346350431613156,-0.01834690335902185,0.0,0.0,0.0,7.2586930998978305,-0.4743554188965605,0.7512064509746814
15.489160299301147,7.771561172376096e-16,0.0,0.0,-0.01756947941046194,-0.18162886927297026,-0.018163434325431632,0.0,0.0,0.0,7.186106168898852,-0.4696118647075949,0.7436943864649346
15.493898153305054,0.022701748178531385,0.2467233206283527,0.057816371913342685,0.030521892312086546,0.34093651895920296,0.10404891659472551,-0.08192717187810523,-0.4561935038170884,-0.7250903083972713,7.261624586501031,-1.4617556153975675,-0.7749645241376337
15.497478246688843,0.022701748178531385,0.2467233206283527,0.057816371913342685,0.03021667338896568,0.33752715376961095,0.10300842742877825,-0.08192717187810523,-0.4561935038170884,-0.7250903083972713,7.189008340636021,-1.4471380592435918,-0.7672148788962574
15.500425577163696,7.771561172376096e-16,0.0,0.0,-0.04711027347128189,-0.5029558759017061,-0.094186872815111,0.0,0.0,0.0,7.395089026293747,0.11515263685930499,1.7006167755324944
15.504392623901367,7.771561172376096e-16,0.0,0.0,-0.04663917073656907,-0.49792631714268903,-0.09324500408695989,0.0,0.0,0.0,7.32113813603081,0.11400111049071195,1.6836106077771693
15.508353233337402,0.02286060351286512,0.2471629288237678,0.05798799205393402,0.011547134741818156,0.131105715723684,0.05409923684229406,-0.0821431055542345,-0.45661400071110547,-0.7249180227461015,7.424100049026393,-1.0809216949236586,-0.14045563425113872
15.513014078140259,0.02286060351286512,0.2471629288237678,0.05798799205393402,0.011431663394399974,0.12979465856644717,0.05355824447387112,-0.0821431055542345,-0.45661400071110547,-0.7249180227461015,7.349859048536129,-1.070112477974422,-0.13905107790862734
15.528688430786133,7.771561172376096e-16,0.0,0.0,-0.0032673726403047113,-0.02918949963372297,0.01602719984703179,0.0,0.0,0.0,7.328766517433294,-0.7680985245074268,0.3248261709986343
15.53498387336731,7.771561172376096e-16,0.0,0.0,-0.0032346989139016642,-0.028897604637385742,0.015866927848561474,0.0,0.0,0.0,7.255478852258961,-0.7604175392623524,0.321577909288648
15.540024757385254,0.023039721103320282,0.2468812382928744,0.05802767435638074,0.04250336362295406,0.46114919446946023,0.13082234203205645,-0.08235575538494752,-0.4570412851465828,-0.7247418935316291,7.320332514385166,-1.691819520788877,-1.1012109083743034
15.544047832489014,0.023039721103320282,0.2468812382928744,0.05802767435638074,0.04207832998672452,0.4565377025247656,0.1295141186117359,-0.08235575538494752,-0.4570412851465828,-0.7247418935316291,7.247129189241314,-1.6749013255809884,-1.0901987992905604
15.547499895095825,7.771561172376096e-16,0.0,0.0,-0.02508435149847143,-0.26319789709648744,-0.039876682954011006,0.0,0.0,0.0,7.413227601219408,-0.3341865063610543,1.0201491608048967
15.551485300064087,7.771561172376096e-16,0.0,0.0,-0.024833507983486713,-0.26056591812552254,-0.039477916124470894,0.0,0.0,0.0,7.3390953252072135,-0.33084464129744373,1.0099476691968476
15.556267261505127,0.022743310521155042,0.24651284563579628,0.0579613092541457,0.022975458443069714,0.25754545701604714,0.08212509520005881,-0.08256819200657707,-0.4574745875011056,-0.7245843890295542,7.409546032826773,-1.3177984475868045,-0.49670914527290055
15.564018249511719,0.022743310521155042,0.24651284563579628,0.0579613092541457,0.022745703858639017,0.2549700024458867,0.08130384424805823,-0.08256819200657707,-0.4574745875011056,-0.7245843890295542,7.335450572498505,-1.3046204631109364,-0.49174205382017155
15.570778131484985,7.771561172376096e-16,0.0,0.0,-0.011126291074392215,-0.11225003740208395,-0.005252272969120175,0.0,0.0,0.0,7.384240495231163,-0.6148248872477741,0.5850644794201123
15.574116230010986,7.771561172376096e-16,0.0,0.0,-0.011015028163648292,-0.1111275370280631,-0.0051997502394289736,0.0,0.0,0.0,7.310398090278851,-0.6086766383752963,0.5792138346259111
15.57730484008789,0.022767098315585415,0.24566912419692677,0.05782126801902659,0.06049644672801507,0.6604420831124184,0.17618915150797482,-0.08278659204300977,-0.4579001505173892,-0.7244247457067375,7.450440963557725,-2.0889744623721413,-1.670786091033404
15.580124616622925,0.022767098315585415,0.24566912419692677,0.05782126801902659,0.059891482260734916,0.6538376622812941,0.17442725999289507,-0.08278659204300977,-0.4579001505173892,-0.7244247457067375,7.3759365539221475,-2.06808471774842,-1.6540782301230699
15.5828115940094,0.022933452728196364,0.24455924817098612,0.05763521231955074,0.059935343133252085,0.6431959489434507,0.1718655347526956,-0.08300489550934069,-0.4583324987159904,-0.724265133009114,7.301150655544717,-2.0489481342843594,-1.6371331440138417
15.586325407028198,0.022933452728196364,0.24455924817098612,0.05763521231955074,0.05933598970191956,0.6367639894540161,0.17014687940516862,-0.08300489550934069,-0.4583324987159904,-0.724265133009114,7.2281391489892695,-2.0284586529415156,-1.6207618125737033
15.590087175369263,7.771561172376096e-16,0.0,0.0,-0.0022219236947077503,-0.019721430159474362,0.015232328108428783,0.0,0.0,0.0,7.376511684013771,-0.7897776709915936,0.32077737130222883
15.603881597518921,7.771561172376096e-16,0.0,0.0,-0.002199704457760673,-0.01952421585787962,0.015080004827344496,0.0,0.0,0.0,7.302746567173633,-0.7818798942816776,0.31756959758920655
15.607663631439209,0.023152621137457825,0.24337185794412572,0.05742561594909831,0.05903967356602683,0.6241656724978107,0.1667671236328612,-0.08322015819754948,-0.4587630155084161,-0.7241034856982207,7.404002810585229,-2.0300393312222247,-1.5770581424435854
15.610511302947998,0.023152621137457825,0.24337185794412572,0.05742561594909831,0.05844927683036656,0.6179240157728326,0.1650994523965326,-0.08322015819754948,-0.4587630155084161,-0.7241034856982207,7.329962782479377,-2.0097389379100026,-1.5612875610191497
15.61353349685669,7.771561172376096e-16,0.0,0.0,-0.01874387122929136,-0.1935372985900693,-0.02656455149771303,0.0,0.0,0.0,7.53202655194759,-0.4716614672757635,0.8502784121596665
15.620560646057129,7.771561172376096e-16,0.0,0.0,-0.018556432516998445,-0.1916019256041686,-0.026298905982735897,0.0,0.0,0.0,7.456706286428114,-0.4669448526030059,0.8417756280380698
15.631447553634644,0.023356624902001657,0.24219192503368017,0.05720782758965679,0.0030829971374232157,0.03277572778376647,0.026511445293898993,-0.08343010785155607,-0.45920010910028924,-0.7239387777162439,7.441735289089228,-0.8990953200466889,0.17640083759744973
15.636889696121216,0.023356624902001657,0.24219192503368017,0.05720782758965679,0.0030521671660489833,0.032447970505928805,0.026246330840960005,-0.08343010785155607,-0.45920010910028924,-0.7239387777162439,7.367317936198336,-0.890104366846222,0.17463682922147525
15.647196531295776,7.771561172376096e-16,0.0,0.0,-0.019639651117446325,-0.20285836437758636,-0.029520879192087176,0.0,0.0,0.0,7.374591144780422,-0.4356736321299267,0.8752775326688745
15.650871515274048,7.771561172376096e-16,0.0,0.0,-0.019443254606271863,-0.2008297807338105,-0.029225670400166305,0.0,0.0,0.0,7.300845233332618,-0.4313168958086274,0.8665247573421858
15.655823230743408,7.771561172376096e-16,0.0,0.0,-0.019248822060209145,-0.1988214829264724,-0.02893341369616464,0.0,0.0,0.0,7.227836780999292,-0.42700372685054117,0.8578595097687639
15.659728288650513,0.0230096061522998,0.24158860034788399,0.0577163337458547,0.03986623965267722,0.4218223475041911,0.1191548394807712,-0.08363531806706555,-0.4596467003110153,-0.7237990628636494,7.319400192017848,-1.6409493995219968,-0.9826207198007391
15.663390398025513,7.771561172376096e-16,0.0,0.0,-0.023363987277060766,-0.2420938139874726,-0.03964077759605067,0.0,0.0,0.0,7.474586365299469,-0.3693979825441629,1.0036594617236059
15.666574001312256,0.0230096061522998,0.24158860034788399,0.0577163337458547,0.04914500878758613,0.5191798409902146,0.14204811089253902,-0.08363531806706555,-0.4596467003110153,-0.7237990628636494,7.600811406718953,-1.8599865694158395,-1.2534165151308698
15.670838832855225,7.771561172376096e-16,0.0,0.0,-0.005298410845802036,-0.05247888094022146,0.0052967657990576344,0.0,0.0,0.0,7.720907915365295,-0.7636261974038729,0.4562516530197984
15.675323486328125,7.771561172376096e-16,0.0,0.0,-0.005245426737344016,-0.051954092130819245,0.005243798141067058,0.0,0.0,0.0,7.643698836211642,-0.7559899354298342,0.4516891364896004
15.681013822555542,0.023044485557469695,0.24007680819819074,0.05796787805214421,0.03530460910778706,0.37046812484231956,0.10706210335554238,-0.08401291753597888,-0.46052396964945197,-0.7235283392325997,7.6767315893105526,-1.5859116176127508,-0.8098645157142661
15.684147596359253,0.023044485557469695,0.24007680819819074,0.05796787805214421,0.03495156301670919,0.36676344359389634,0.10599148232198695,-0.08401291753597888,-0.46052396964945197,-0.7235283392325997,7.599964273417447,-1.5700525014366233,-0.8017658705571235
15.686909914016724,7.771561172376096e-16,0.0,0.0,-0.04882241140133476,-0.506017877129721,-0.10492075667318275,0.0,0.0,0.0,7.828103864303872,0.1128131608093823,1.8255317875931643
15.689629793167114,7.771561172376096e-16,0.0,0.0,-0.04833418728732141,-0.5009576983584239,-0.10387154910645092,0.0,0.0,0.0,7.749822825660833,0.11168502920128848,1.8072764697172325
15.70032000541687,0.023162324737023423,0.23937536166987863,0.05790840806809928,-0.0261839933483897,-0.2720280007286425,-0.0486632748496829,-0.08418784205895061,-0.4609619836549242,-0.7233969975142865,7.729927667056214,-0.33568122186602867,1.1201824821473747
15.705279111862183,0.023162324737023423,0.23937536166987863,0.05790840806809928,-0.025922153414905804,-0.2693077207213561,-0.04817664210118607,-0.08418784205895061,-0.4609619836549242,-0.7233969975142865,7.652628390385652,-0.33232440964736837,1.108980657325901
15.70951771736145,7.771561172376096e-16,0.0,0.0,-0.08030902890730252,-0.8313649174220166,-0.18431624343451186,0.0,0.0,0.0,7.774723662730656,0.7585310044861093,2.804577159821244
15.712409019470215,7.771561172376096e-16,0.0,0.0,-0.0795059386182295,-0.8230512682477964,-0.18247308100016674,0.0,0.0,0.0,7.696976426103349,0.7509456944412483,2.7765313882230314
15.725356817245483,0.023249691495103107,0.23890007865363555,0.057775558819962006,-0.060754395899019466,-0.6303105532898736,-0.13602643083155525,-0.08435367046893967,-0.461406769728581,-0.7232669329151121,7.667175822047914,0.37461910392313835,2.1964782678350465
15.729591369628906,0.023249691495103107,0.23890007865363555,0.057775558819962006,-0.06014685194002927,-0.6240074477569749,-0.13466616652323968,-0.08435367046893967,-0.461406769728581,-0.7232669329151121,7.590504063827434,0.37087291288390695,2.174513485156696
15.734412908554077,7.771561172376096e-16,0.0,0.0,-0.10776586210167219,-1.1132524919548035,-0.25314755087531543,0.0,0.0,0.0,7.689550779833849,1.324134099148268,3.65284321051063
15.73981523513794,7.771561172376096e-16,0.0,0.0,-0.10668820348065547,-1.1021199670352555,-0.2506160753665623,0.0,0.0,0.0,7.61265527203551,1.3108927581567853,3.6163147784055236
15.744408369064331,0.022784743532340446,0.2376917090231846,0.05781596274637021,-0.05601522700688373,-0.5736052371688067,-0.12223515530277365,-0.08452340180463179,-0.4618593116378791,-0.7231581347649777,7.667167727269803,0.2579324936182348,2.022762144303217
15.749572515487671,0.022784743532340446,0.2376917090231846,0.05781596274637021,-0.055455074736814894,-0.5678691847971187,-0.12101280374974592,-0.08452340180463179,-0.4618593116378791,-0.7231581347649777,7.590496049997104,0.25535316868205243,2.0025345228601847
15.754606246948242,7.771561172376096e-16,0.0,0.0,-0.10016464606431362,-1.0343883264748328,-0.23465974188519967,0.0,0.0,0.0,7.682505096167324,1.1703283435930651,3.4191335594235044
15.765962600708008,7.771561172376096e-16,0.0,0.0,-0.09916299960367048,-1.0240444432100844,-0.23231314446634768,0.0,0.0,0.0,7.60568004520565,1.1586250601571344,3.3849422238292695
15.769604206085205,0.02261902757328804,0.23695154359938972,0.05772428944057405,-0.03605857804893985,-0.36312519353698924,-0.0714767106138291,-0.084694305307254,-0.46230028851785937,-0.7230525210318495,7.6924912345414445,-0.16533250529996257,1.3866069695359902
15.773251295089722,0.02261902757328804,0.23695154359938972,0.05772428944057405,-0.035697992268450454,-0.35949394160161935,-0.0707619435076908,-0.084694305307254,-0.46230028851785937,-0.7230525210318495,7.61556632219603,-0.16367918024696296,1.3727408998406303
15.77746033668518,7.771561172376096e-16,0.0,0.0,-0.08908015238584133,-0.9188574292418479,-0.20719787119947347,0.0,0.0,0.0,7.74063058846735,0.9363080983186278,3.076868980348267
15.781389713287354,7.771561172376096e-16,0.0,0.0,-0.08818935086198292,-0.9096688549494294,-0.20512589248747873,0.0,0.0,0.0,7.663224282582676,0.9269450173354415,3.0461002905447843
15.78615665435791,0.022578791320363886,0.23635911118735242,0.057558518969314694,-0.03994209036818538,-0.40474243473565735,-0.08232944683304863,-0.08486939888659965,-0.46274779887656636,-0.7229504346932522,7.709823012047101,-0.08571683230048954,1.514936270124146
15.791526794433594,0.022578791320363886,0.23635911118735242,0.057558518969314694,-0.03954266946450352,-0.4006950103883008,-0.08150615236471814,-0.08486939888659965,-0.46274779887656636,-0.7229504346932522,7.63272478192663,-0.08485966397748465,1.4997869074229044
15.805728912353516,7.771561172376096e-16,0.0,0.0,-0.05504542883455166,-0.5631133163765405,-0.12121921438845762,0.0,0.0,0.0,7.616155803518399,0.2418190669322305,1.9938331392141813
15.808649778366089,7.771561172376096e-16,0.0,0.0,-0.05449497454620614,-0.5574821832127751,-0.12000702224457305,0.0,0.0,0.0,7.539994245483215,0.23940087626290818,1.9738948078220395
15.811380624771118,7.771561172376096e-16,0.0,0.0,-0.053950024800744074,-0.5519073613806473,-0.11880695202212732,0.0,0.0,0.0,7.464594303028383,0.2370068675002791,1.9541558597438191
15.815382719039917,7.771561172376096e-16,0.0,0.0,-0.053410524552736635,-0.5463882877668409,-0.11761888250190605,0.0,0.0,0.0,7.389948359998099,0.2346367988252763,1.934614301146381
15.821123123168945,0.02258211506123444,0.2357868009429254,0.05734086997368461,-0.013537525121973301,-0.13017492516075302,-0.016552740487492293,-0.08505036746779374,-0.4631905927773912,-0.7228466405575601,7.417446767346304,-0.6016867794864281,0.6691210402985823
15.834126710891724,0.02258211506123444,0.2357868009429254,0.05734086997368461,-0.013402149870753569,-0.1288731759091455,-0.01638721308261737,-0.08505036746779374,-0.4631905927773912,-0.7228466405575601,7.343272299672841,-0.5956699116915638,0.6624298298955965
15.839085817337036,7.771561172376096e-16,0.0,0.0,-0.05880478968444633,-0.6030467145068403,-0.1318507641701112,0.0,0.0,0.0,7.441342988441322,0.34430705475640266,2.113420221922186
15.855233669281006,7.771561172376096e-16,0.0,0.0,-0.05821674178760187,-0.597016247361772,-0.1305322565284101,0.0,0.0,0.0,7.366929558556909,0.3408639842088386,2.0922860197029642
15.859351396560669,0.022340186680716474,0.23552038251577245,0.05673584754289355,-0.0033808922692843066,-0.019079156240459083,0.008557440012063017,-0.08542502381808505,-0.46408698071099935,-0.7226453469476621,7.433753043297629,-0.8268829440150882,0.33419866907707174
15.863344430923462,0.022340186680716474,0.23552038251577245,0.05673584754289355,-0.0033470833465914637,-0.018888364678054492,0.008471865611942386,-0.08542502381808505,-0.46408698071099935,-0.7226453469476621,7.359415512864652,-0.8186141145749374,0.330856682386301
15.867217063903809,7.771561172376096e-16,0.0,0.0,-0.06100094512143226,-0.6268655109933711,-0.13811743489023318,0.0,0.0,0.0,7.506407775947105,0.38794786819124527,2.1935791869679457
15.871729373931885,7.771561172376096e-16,0.0,0.0,-0.060390935670217936,-0.6205968558834374,-0.13673626054133084,0.0,0.0,0.0,7.431343698187634,0.3840683895093328,2.171643395098266
15.876797676086426,7.771561172376096e-16,0.0,0.0,-0.059787026313515755,-0.614390887324603,-0.13536889793591753,0.0,0.0,0.0,7.357030261205757,0.38022770561423946,2.1499269611472833
15.882312059402466,7.771561172376096e-16,0.0,0.0,-0.059189156050380595,-0.608246978451357,-0.13401520895655836,0.0,0.0,0.0,7.2834599585937,0.3764254285580971,2.1284276915358107
15.887261390686035,0.0223195454352806,0.23546879062190418,0.056396755856147576,-0.013501181490996335,-0.12640570989011285,-0.018726823004830043,-0.08561518762318358,-0.46453218243668065,-0.7225465307591846,7.327287116028866,-0.5968986758720328,0.6619922781852445
15.892428398132324,0.0223195454352806,0.23546879062190418,0.056396755856147576,-0.013366169676086372,-0.12514165279121173,-0.018539554774781742,-0.08561518762318358,-0.46453218243668065,-0.7225465307591846,7.254014244868577,-0.5909296891133125,0.6553723554033921
15.897711753845215,0.022372297271116965,0.23537782176713204,0.0560722544778916,-0.013201038742867988,-0.12405395325355194,-0.018976614500345046,-0.08580761662009412,-0.4649795726406078,-0.7224441942414757,7.18102623680758,-0.58584081775636,0.6489350237267216
15.90254545211792,0.022372297271116965,0.23537782176713204,0.0560722544778916,-0.013069028355439308,-0.12281341372101642,-0.018786848355341595,-0.08580761662009412,-0.4649795726406078,-0.7224441942414757,7.109215974439504,-0.5799824095787964,0.6424456734894544
15.906527280807495,7.771561172376096e-16,0.0,0.0,-0.06912432449990225,-0.7127152354841528,-0.15941933868002664,0.0,0.0,0.0,7.253621826562738,0.5935712504817805,2.4503739942432112
15.910334348678589,7.771561172376096e-16,0.0,0.0,-0.06843308125490322,-0.7055880831293113,-0.15782514529322636,0.0,0.0,0.0,7.181085608297111,0.5876355379769627,2.4258702543007793
15.914824962615967,0.022424771799563033,0.23547850729176667,0.05577014511251522,-0.01781176607389589,-0.17415288451310384,-0.03205419794116829,-0.08600025738120086,-0.4654267739086285,-0.7223364709778133,7.237444964984401,-0.48897614165678194,0.8093131437047036
15.919453620910645,0.022424771799563033,0.23547850729176667,0.05577014511251522,-0.01763364841315693,-0.1724113556679728,-0.031733655961756604,-0.08600025738120086,-0.4654267739086285,-0.7223364709778133,7.165070515334556,-0.4840863802402141,0.8012200122676566
15.924771070480347,7.771561172376096e-16,0.0,0.0,-0.05962935607465204,-0.6135283150825911,-0.13629769981105416,0.0,0.0,0.0,7.255151964391407,0.3960364543786963,2.151634368916771
15.93065094947815,7.771561172376096e-16,0.0,0.0,-0.05903306251390552,-0.6073930319317652,-0.1349347228129436,0.0,0.0,0.0,7.182600444747493,0.3920760898349093,2.130118025227603
15.939714193344116,7.771561172376096e-16,0.0,0.0,-0.05844273188876646,-0.6013191016124475,-0.13358537558481418,0.0,0.0,0.0,7.110774440300018,0.38815532893656024,2.108816844975327
15.944904804229736,7.771561172376096e-16,0.0,0.0,-0.057858304569878796,-0.595305910596323,-0.13224952182896604,0.0,0.0,0.0,7.039666695897018,0.3842737756471946,2.0877286765255736
15.950214862823486,0.022431252784157883,0.23562528431416274,0.05549200991095261,-0.015036773752268508,-0.14561898273136642,-0.026423453003659253,-0.08619286338242715,-0.46587665960733793,-0.7222210470353907,7.077651908716272,-0.5259177515177755,0.720469743503481
15.955184698104858,0.022431252784157883,0.23562528431416274,0.05549200991095261,-0.014886406014745822,-0.14416279290405276,-0.02615921847362266,-0.08619286338242715,-0.46587665960733793,-0.7222210470353907,7.006875389629109,-0.5206585740025977,0.7132650460684462
15.966639041900635,7.771561172376096e-16,0.0,0.0,-0.034320726451320324,-0.34842939978550075,-0.07434388466940983,0.0,0.0,0.0,7.012055698375944,-0.10872710911312267,1.3366539339098507
15.969604253768921,7.771561172376096e-16,0.0,0.0,-0.03397751918680712,-0.34494510578764576,-0.07360044582271573,0.0,0.0,0.0,6.941935141392184,-0.10763983802199144,1.3232873945707522
15.972474813461304,0.022158835516286043,0.2366098283027735,0.05430038039462337,0.04355568826527471,0.48276809052740355,0.11629860073741406,-0.08637969916744911,-0.46632849764904805,-0.7221000105514053,7.076661889188422,-1.7841819674402206,-1.180220154753674
15.975966215133667,0.022158835516286043,0.2366098283027735,0.05430038039462337,0.04312013138262196,0.4779404096221295,0.11513561473003991,-0.08637969916744911,-0.46632849764904805,-0.7221000105514053,7.005895270296538,-1.7663401477658185,-1.1684179532061372
15.980775117874146,7.771561172376096e-16,0.0,0.0,-0.003389846550588181,-0.018863560309310412,0.001067896316655853,0.0,0.0,0.0,7.115460867785356,-0.7789576173821637,0.3448561929376246
15.985709190368652,7.771561172376096e-16,0.0,0.0,-0.0033559480850822994,-0.01867492470621731,0.0010572173534892945,0.0,0.0,0.0,7.044306259107502,-0.771168041208342,0.34140763100824834
15.990098476409912,0.022107690051730123,0.23724238708186435,0.0535105180366628,0.04704500564602851,0.5220151885316172,0.12295831266678076,-0.0865649332018138,-0.4667778188430581,-0.7219697938877947,7.108723252305594,-1.86158912036563,-1.290272871890514
15.994672298431396,0.022107690051730123,0.23724238708186435,0.0535105180366628,0.046574555589568224,0.516795036646301,0.12172872954011295,-0.0865649332018138,-0.4667778188430581,-0.7219697938877947,7.037636019782537,-1.8429732291619738,-1.277370143171609
15.998635292053223,7.771561172376096e-16,0.0,0.0,-0.009676518335193202,-0.08701729653030033,-0.014514053991148676,0.0,0.0,0.0,7.185692847882209,-0.646702038150154,0.5571824021914944
16.002490043640137,7.771561172376096e-16,0.0,0.0,-0.00957975315184127,-0.08614712356499732,-0.014368913451237189,0.0,0.0,0.0,7.113835919403387,-0.6402350177686524,0.5516105781695795
16.005321264266968,0.02215366049424317,0.2376468493453551,0.052936694553542954,0.0687637806539027,0.7540938262362274,0.17274958807292048,-0.08674875308434547,-0.46723032378597973,-0.7218281676321083,7.252900779522927,-2.3380290771345544,-1.9775800753340498
16.00878071784973,0.02215366049424317,0.2376468493453551,0.052936694553542954,0.06807614284736369,0.7465528879738652,0.17102209219219128,-0.08674875308434547,-0.46723032378597973,-0.7218281676321083,7.180371771727698,-2.314648786363209,-1.9578042745807092
16.0122230052948,7.771561172376096e-16,0.0,0.0,0.0030380003234177916,0.04871256286430237,0.015528390377691575,0.0,0.0,0.0,7.360577087156759,-0.934177173151999,0.1587170919024723
16.016011953353882,7.771561172376096e-16,0.0,0.0,0.0030076203201836135,0.04822543723565934,0.01537310647391466,0.0,0.0,0.0,7.286971316285191,-0.924835401420479,0.15712992098344758
16.021011352539062,0.02223179945399871,0.23800200281237335,0.052535824263076195,0.04744648654489984,0.5238043934140914,0.12030365117335975,-0.08693062283476229,-0.46768303688549734,-0.72167383681583,7.3335414694924,-1.8817169001284242,-1.2732294922372986
16.03572988510132,0.02223179945399871,0.23800200281237335,0.052535824263076195,0.04697202167945084,0.5185663494799504,0.11910061466162615,-0.08693062283476229,-0.46768303688549734,-0.72167383681583,7.260206054797476,-1.86289973112714,-1.2604971973149257
16.040244102478027,7.771561172376096e-16,0.0,0.0,-0.0027461010814977677,-0.013846921706804793,0.001531020868491495,0.0,0.0,0.0,7.380174744792617,-0.8082483231572695,0.3507765506442706
16.045299530029297,0.022294473837518803,0.23830312220231076,0.052268161474527404,0.04138143576151737,0.4576722957962662,0.10490590059814678,-0.08711024570140131,-0.4681390808224319,-0.7215055741146048,7.4246837647103865,-1.7565750716121329,-1.0652983536584215
16.04964327812195,7.771561172376096e-16,0.0,0.0,-0.010357808528913666,-0.09551617240876858,-0.016472791617811414,0.0,0.0,0.0,7.5509785879592535,-0.661278589653983,0.6063753859740966
16.052428483963013,0.022294473837518803,0.23830312220231076,0.052268161474527404,0.069791823994483,0.7610422581610996,0.17135548598613987,-0.08711024570140131,-0.4681390808224319,-0.7215055741146048,7.690214694154837,-2.3906443475580934,-1.9636391991675888
16.055301904678345,7.771561172376096e-16,0.0,0.0,-0.008494710902114025,-0.07590415733923084,-0.012260291529925138,0.0,0.0,0.0,7.916471236216251,-0.7375331088204384,0.5669611121164719
16.059605598449707,7.771561172376096e-16,0.0,0.0,-0.008409763793092885,-0.07514511576583853,-0.012137688614625887,0.0,0.0,0.0,7.837306523854088,-0.730157777732234,0.5612915009953072
16.063809156417847,0.021727751076936117,0.24069209314353984,0.05192764901842964,0.04336328696887765,0.4981976853097608,0.11151629900749445,-0.08727724584629813,-0.4686030863417367,-0.7213487351844112,7.905249830154654,-1.8733211138001324,-1.1430455990487713
16.06906294822693,0.021727751076936117,0.24069209314353984,0.05192764901842964,0.04292965409918888,0.4932157084566632,0.11040113601741951,-0.08727724584629813,-0.4686030863417367,-0.7213487351844112,7.826197331853107,-1.854587902662131,-1.1316151430582837
16.077022790908813,7.771561172376096e-16,0.0,0.0,0.015203648382795854,0.18590057376461988,0.04406009536694522,0.0,0.0,0.0,7.857582306765005,-1.2473330439867065,-0.21406407717885545
16.08023762702942,7.771561172376096e-16,0.0,0.0,0.015051611898967896,0.1840415680269737,0.04361949441327576,0.0,0.0,0.0,7.779006483697355,-1.2348597135468395,-0.2119234364070669
16.08434820175171,0.02156183366690142,0.24220661317064143,0.05172112287229221,0.06735564319394263,0.7714292519047771,0.16900785288701153,-0.08743359551329787,-0.46905411312411704,-0.7211878190422072,7.8532327389862155,-2.3998582997700955,-1.94653690277206
16.08723211288452,0.02156183366690142,0.24220661317064143,0.05172112287229221,0.06668208676200321,0.7637149593857293,0.1673177743581414,-0.08743359551329787,-0.46905411312411704,-0.7211878190422072,7.774700411596354,-2.3758597167723945,-1.9270715337443394
16.09041142463684,7.771561172376096e-16,0.0,0.0,-0.0018039206046164824,-0.005743087432030336,0.0029643472349221156,0.0,0.0,0.0,7.97196134103555,-0.8767688789650461,0.36057635006704825
16.09418511390686,7.771561172376096e-16,0.0,0.0,-0.0017858813985703176,-0.0056856565577100325,0.0029347037625728945,0.0,0.0,0.0,7.892241727625195,-0.8680011901753956,0.35697058656637776
16.10661816596985,0.02160013919889268,0.2431456978167473,0.051598205876341285,0.015605136547590947,0.18993516659058826,0.04440619305615107,-0.08758058281607484,-0.4695112608498216,-0.7210248293984544,7.86399883054339,-1.2489678622852003,-0.22061014674741464
16.1107394695282,0.02160013919889268,0.2431456978167473,0.051598205876341285,0.015449085182115038,0.18803581492468238,0.04396213112558956,-0.08758058281607484,-0.4695112608498216,-0.7210248293984544,7.785358842237956,-1.2364781836623482,-0.21840404527994048
16.11445951461792,7.771561172376096e-16,0.0,0.0,-0.042769592199520326,-0.4674540881425766,-0.09518066348564849,0.0,0.0,0.0,7.9429340744448105,0.03799834554814718,1.7219952909783152
16.11846947669983,7.771561172376096e-16,0.0,0.0,-0.042341896277525125,-0.46277954726115084,-0.094228856850792,0.0,0.0,0.0,7.8635047337003625,0.03761836209266571,1.704775338068532
16.1218159198761,0.021747651917035666,0.24370471855627648,0.051541006333467296,0.02306888619780864,0.27009823101244707,0.06073070802755319,-0.08771948778145186,-0.469961982253528,-0.7208579925114021,7.97381024013703,-1.4120738210518553,-0.44414607855005594
16.126118659973145,0.021747651917035666,0.24370471855627648,0.051541006333467296,0.022838197335830555,0.26739724870232257,0.06012340094727766,-0.08771948778145186,-0.469961982253528,-0.7208579925114021,7.894072137735659,-1.3979530828413367,-0.4397046177645554
16.1308696269989,7.771561172376096e-16,0.0,0.0,-0.023165395871645848,-0.24823485890763164,-0.0489631289062698,0.0,0.0,0.0,7.99976643341039,-0.3947812892468754,1.0819793062283876
16.13954997062683,7.771561172376096e-16,0.0,0.0,-0.02293374191292939,-0.24575251031855533,-0.048473497617207095,0.0,0.0,0.0,7.919768769076287,-0.39083347635440663,1.0711595131661036
16.14895248413086,0.02192657184716611,0.2440730521886283,0.051534525681049555,0.0006155001654926939,0.01628778707637965,0.006820545166893899,-0.0878503330509876,-0.4704170448981661,-0.7206872980958351,7.907881882801668,-0.9033649543819229,0.301965187850494
16.15334391593933,0.02192657184716611,0.2440730521886283,0.051534525681049555,0.000609345163837767,0.016124909205615854,0.0067523397152249596,-0.0878503330509876,-0.4704170448981661,-0.7206872980958351,7.828803063973651,-0.8943313048381036,0.29894553597198903
16.157649993896484,7.771561172376096e-16,0.0,0.0,-0.050316801443690634,-0.5508469146536029,-0.11299375474783133,0.0,0.0,0.0,7.954529763037192,0.2070609828432214,1.9696073829502083
16.161481618881226,7.771561172376096e-16,0.0,0.0,-0.049813633429253726,-0.5453384455070669,-0.11186381720035302,0.0,0.0,0.0,7.874984465406819,0.20499037301478917,1.9499113091207063
16.16433310508728,0.021665759586642637,0.24564242694289373,0.05261329230758824,0.026665089942906964,0.3215689639448992,0.07376664570316138,-0.08796777128490851,-0.4708761171301956,-0.7205353987723334,8.01980328477434,-1.5009040604159924,-0.5704111555681299
16.168556928634644,0.021665759586642637,0.24564242694289373,0.05261329230758824,0.026398439043477894,0.3183532743054502,0.07302897924612976,-0.08796777128490851,-0.4708761171301956,-0.7205353987723334,7.939605251926597,-1.4858950198118326,-0.5647070440124486
16.172112226486206,7.771561172376096e-16,0.0,0.0,-0.03480491102378784,-0.3757496615332902,-0.0756869210471946,0.0,0.0,0.0,8.107636489490067,-0.14660099612682376,1.467592725738561
16.17754626274109,7.771561172376096e-16,0.0,0.0,-0.03445686191354996,-0.3719921649179573,-0.07493005183672265,0.0,0.0,0.0,8.026560124595166,-0.1451349861655555,1.4529167984811755
16.18584370613098,0.021712177433701872,0.2465120042921415,0.05326936799931115,-0.007944983180374381,-0.07117831600869318,-0.009981014729371102,-0.08806628055493536,-0.47132675767427373,-0.7203822247666505,8.023309798809487,-0.7297960330681439,0.5791780399648079
16.18903613090515,0.021712177433701872,0.2465120042921415,0.05326936799931115,-0.007865533348570637,-0.07046653284860624,-0.00988120458207739,-0.08806628055493536,-0.47132675767427373,-0.7203822247666505,7.9430767008213925,-0.7224980727374625,0.5733862595651598
16.193692207336426,7.771561172376096e-16,0.0,0.0,-0.054418796013386055,-0.5992033574328377,-0.12419066908753071,0.0,0.0,0.0,8.052788620482588,0.2970100279756971,2.1148396809408636
16.197401523590088,7.771561172376096e-16,0.0,0.0,-0.05387460805325219,-0.5932113238585093,-0.1229487623966554,0.0,0.0,0.0,7.972260734277762,0.2940399276959401,2.093691284131455
16.201194763183594,0.021905507417465737,0.24690962517199647,0.05370092283418501,0.004412948450349452,0.06364098328165058,0.019850804075277173,-0.0881506480915706,-0.4717820308801155,-0.720230091126404,8.060797821044728,-0.9925116540355332,0.1939051895542363
16.205180644989014,0.021905507417465737,0.24690962517199647,0.05370092283418501,0.004368818965845958,0.06300457344883408,0.0196522960345244,-0.0881506480915706,-0.4717820308801155,-0.720230091126404,7.980189842834281,-0.9825865374951779,0.19196613765869394
16.209068775177002,7.771561172376096e-16,0.0,0.0,-0.05201430838441035,-0.572659828734885,-0.11865925969937612,0.0,0.0,0.0,8.127105270805906,0.2406298474092038,2.0424281001058984
16.213087797164917,7.771561172376096e-16,0.0,0.0,-0.05149416530056625,-0.5669332304475361,-0.11747266710238236,0.0,0.0,0.0,8.045834218097847,0.23822354893511175,2.0220038191048393
16.219950437545776,0.022159460649449618,0.2471107147535689,0.053959486310500564,-0.018689231137893447,-0.20118279081476964,-0.03767006061268213,-0.08822340008889534,-0.4722344024306961,-0.7200770788764398,8.058188221816794,-0.4745655233667825,0.963651514684841
16.22448706626892,0.022159460649449618,0.2471107147535689,0.053959486310500564,-0.018502338826514513,-0.19917096290662195,-0.03729336000655531,-0.08822340008889534,-0.4722344024306961,-0.7200770788764398,7.977606339598625,-0.46981986813311466,0.9540149995379926
16.229275703430176,7.771561172376096e-16,0.0,0.0,-0.06459240353375642,-0.7132148317359839,-0.14960277107668055,0.0,0.0,0.0,8.082065157898658,0.5210344884036711,2.448195124493952
16.234225034713745,7.771561172376096e-16,0.0,0.0,-0.06394647949841886,-0.706082683418624,-0.14810674336591373,0.0,0.0,0.0,8.00124450631967,0.5158241435196343,2.4237131732490127
16.244640350341797,0.022416056474932416,0.2469024362944759,0.054086348032317336,-0.04178480906373415,-0.4619647715072567,-0.09469604656351449,-0.08828906400162145,-0.4726915276575063,-0.7199197378583618,7.982043264451373,0.041980250686801834,1.7156854776341104
16.248831748962402,0.022416056474932416,0.2469024362944759,0.054086348032317336,-0.041366960973096806,-0.4573451237921841,-0.09374908609787934,-0.08828906400162145,-0.4726915276575063,-0.7199197378583618,7.902222831806859,0.04156044817993382,1.6985286228577692
16.25283432006836,7.771561172376096e-16,0.0,0.0,-0.09695743440424724,-1.0696312604501792,-0.22794060756555265,0.0,0.0,0.0,8.043781479291898,1.2221145632716346,3.4801865557013123
16.257060527801514,7.771561172376096e-16,0.0,0.0,-0.09598786006020477,-1.0589349478456773,-0.22566120148989713,0.0,0.0,0.0,7.963343664498979,1.2098934176389182,3.4453846901442993
16.262155055999756,0.022151574203435737,0.2466877057783295,0.0544975666819804,-0.05154687125379774,-0.5641246927621708,-0.11643184428382561,-0.08835179476574005,-0.47315654740574525,-0.7197736175664292,8.007149303907845,0.23910912158006947,2.0129131372143156
16.266711711883545,0.022151574203435737,0.2466877057783295,0.0544975666819804,-0.05103140254125976,-0.5584834458345491,-0.11526752584098734,-0.08835179476574005,-0.47315654740574525,-0.7197736175664292,7.9270778108687665,0.23671803036426878,1.9927840058421724
16.272629737854004,7.771561172376096e-16,0.0,0.0,-0.08795176947941338,-0.9697398131717361,-0.20620225769098838,0.0,0.0,0.0,7.9970997111071584,1.0338683745993857,3.1890955353967323
16.277791500091553,7.771561172376096e-16,0.0,0.0,-0.08707225178461925,-0.9600424150400187,-0.2041402351140785,0.0,0.0,0.0,7.917128713996087,1.023529690853392,3.157204580042765
16.282843828201294,0.022228044559668623,0.24614967215879807,0.054676834661385815,-0.04220588195952323,-0.4632415026944719,-0.09387776423026367,-0.08838351706558081,-0.4736091190733958,-0.7196284777175144,7.961303355929927,0.04564054929345818,1.716185379212664
16.29405450820923,0.022228044559668623,0.24614967215879807,0.054676834661385815,-0.041783823139928,-0.45860908766752717,-0.09293898658796103,-0.08838351706558081,-0.4736091190733958,-0.7196284777175144,7.881690322370628,0.045184143800523595,1.6990235254205373
16.300119161605835,7.771561172376096e-16,0.0,0.0,-0.07801778197924976,-0.8598989076822051,-0.18216616641488703,0.0,0.0,0.0,7.948608898630443,0.8256658332686875,2.8686278581596016
16.311400890350342,7.771561172376096e-16,0.0,0.0,-0.07723760415945725,-0.851299918605383,-0.18034450475073815,0.0,0.0,0.0,7.869122809644138,0.8174091749360006,2.8399415795780056
16.31442880630493,0.022458168989726864,0.2454442959469586,0.05473045912632446,-0.0022948438451980413,-0.03218220109845338,0.0022118407970680987,-0.08839339530754987,-0.47406736915634473,-0.7194845513484366,7.994199874123788,-0.807362107131238,0.4604191610750026
16.318012952804565,0.022458168989726864,0.2454442959469586,0.05473045912632446,-0.0022718954067460608,-0.031860379087468846,0.0021897223890974178,-0.08839339530754987,-0.47406736915634473,-0.7194845513484366,7.91425787538255,-0.7992884860599256,0.45581496946425254
16.330803155899048,7.771561172376096e-16,0.0,0.0,-0.019808060251337235,-0.22344200872825953,-0.0406230974824056,0.0,0.0,0.0,7.9042255325292645,-0.42064678064943717,1.0137846749049326
16.341835975646973,7.771561172376096e-16,0.0,0.0,-0.019609979648823862,-0.22120758864097695,-0.04021686650758154,0.0,0.0,0.0,7.825183277203972,-0.4164403128429428,1.0036468281558832
16.35051918029785,0.022748623358800294,0.2446735178312916,0.05469836795670565,0.006784539134019753,0.0627823879960801,0.02317859801534236,-0.08838593578523678,-0.4745203325537057,-0.719338539475711,7.817281284460047,-0.9767367892885803,0.1740218603795357
16.354620218276978,7.771561172376096e-16,0.0,0.0,-0.04875371027354409,-0.5344590714480093,-0.11043007507270174,0.0,0.0,0.0,7.954629362265851,0.19010431205662837,1.9263218216938447
16.358916759490967,7.771561172376096e-16,0.0,0.0,-0.04826617317080865,-0.5291144807335292,-0.10932577432197471,0.0,0.0,0.0,7.8750830686431925,0.18820326893606207,1.9070586034769061
16.361992120742798,0.0230273782115792,0.2439079308367111,0.05461196531878601,0.027093474794201433,0.2692800131242291,0.06934650860493824,-0.0883653352172561,-0.47497838652216523,-0.7191886255043873,7.993107067791153,-1.4094996329262597,-0.4253170542903315
16.36473321914673,0.0230273782115792,0.2439079308367111,0.05461196531878601,0.02682254004625942,0.2665872129929868,0.06865304351888886,-0.0883653352172561,-0.47497838652216523,-0.7191886255043873,7.913175997113242,-1.395404636596997,-0.4210638837474282
16.367383241653442,7.771561172376096e-16,0.0,0.0,-0.060340714182215996,-0.6564781282688734,-0.13811462464409657,0.0,0.0,0.0,8.167495500266785,0.41090545700555947,2.297043047224596
16.3713538646698,7.771561172376096e-16,0.0,0.0,-0.05973730704039384,-0.6499133469861846,-0.1367334783976556,0.0,0.0,0.0,8.085820545264117,0.40679640243550386,2.2740726167523504
16.37546706199646,0.022934970148405093,0.24782914233682662,0.055255608365568344,-0.003380464323958804,-0.04089232444843427,-0.0010287802992011985,-0.08830576285228292,-0.4754373590802226,-0.7190564187686188,8.158177584466243,-0.791535286093687,0.5226010536356918
16.379516124725342,0.022934970148405093,0.24782914233682662,0.055255608365568344,-0.003346659680719216,-0.04048340120394993,-0.0010184924962091866,-0.08830576285228292,-0.4754373590802226,-0.7190564187686188,8.07659580862158,-0.78361993323275,0.5173750430993348
16.386757850646973,7.771561172376096e-16,0.0,0.0,-0.03498377879318076,-0.38230243070014813,-0.07731001929513501,0.0,0.0,0.0,8.117770067284683,-0.11925880569221281,1.5051364389997075
16.39074182510376,7.771561172376096e-16,0.0,0.0,-0.03463394100524895,-0.37847940639314664,-0.07653691910218366,0.0,0.0,0.0,8.036592366611837,-0.11806621763529068,1.4900850746097105
16.3943190574646,0.023136570847961644,0.25002228106763974,0.05557431851020893,0.030389692229040872,0.3242319762945689,0.0795840795374144,-0.08822593383718212,-0.47588724140200594,-0.7189243759912366,8.136363676330346,-1.4918372511940918,-0.5114277815214159
16.397541284561157,0.023136570847961644,0.25002228106763974,0.05557431851020893,0.030085795306750464,0.3209896565316232,0.07878823874204026,-0.08822593383718212,-0.47588724140200594,-0.7189243759912366,8.055000039567043,-1.476918878682151,-0.5063135037062018
16.400586128234863,7.771561172376096e-16,0.0,0.0,-0.04620113394369836,-0.5033536309749864,-0.104519091162915,0.0,0.0,0.0,8.264205255831797,0.10077863221053662,1.859870440913153
16.403892040252686,7.771561172376096e-16,0.0,0.0,-0.04573912260426138,-0.4983200946652366,-0.10347390025128585,0.0,0.0,0.0,8.181563203273479,0.09977084588843126,1.8412717365040214
16.407718181610107,0.023458423425094594,0.25131916405408355,0.055735620055064654,0.01602918537499954,0.16351067299919925,0.04323141087201361,-0.08812965463538106,-0.4763392416827223,-0.7187910618231305,8.270408086393212,-1.1885678130703479,-0.033445117306706074
16.413799285888672,0.023458423425094594,0.25131916405408355,0.055735620055064654,0.015868893521249545,0.16187556626920727,0.04279909676329348,-0.08812965463538106,-0.4763392416827223,-0.7187910618231305,8.18770400552928,-1.1766821349396444,-0.03311066613363901
16.419037342071533,7.771561172376096e-16,0.0,0.0,-0.02907439223033287,-0.3195378981184274,-0.0640340531207884,0.0,0.0,0.0,8.274075742422461,-0.2555336173013033,1.3394681536678896
16.42467951774597,7.771561172376096e-16,0.0,0.0,-0.028783648308029538,-0.31634251913724315,-0.06339371258958051,0.0,0.0,0.0,8.191334984998237,-0.2529782811282903,1.3260734721312106
16.4364173412323,0.02380849172258699,0.2518837321606159,0.05578363611287103,-0.008212245838190576,-0.09858757921232347,-0.01523509068899348,-0.08802376265949903,-0.4767872149986092,-0.7186523620627524,8.165386972083006,-0.6706814608096815,0.7080429683076787
16.441208124160767,0.02380849172258699,0.2518837321606159,0.05578363611287103,-0.00813012337980867,-0.09760170342020023,-0.015082739782103545,-0.08802376265949903,-0.4767872149986092,-0.7186523620627524,8.083733102362176,-0.6639746462015846,0.7009625386246019
16.44543981552124,7.771561172376096e-16,0.0,0.0,-0.06431117611863454,-0.691857499635308,-0.14675541121957453,0.0,0.0,0.0,8.21090660001498,0.46937112483507126,2.392215619198832
16.449438095092773,7.771561172376096e-16,0.0,0.0,-0.06366806435744819,-0.6849389246389549,-0.1452878571073788,0.0,0.0,0.0,8.12879753401483,0.46467741358672054,2.3682934630068435
16.454251766204834,0.024117285281863847,0.25187160157831046,0.055753514567391076,-0.012929736300867543,-0.1548473036014243,-0.028011705052368857,-0.08791375741575387,-0.47723813469996457,-0.7185058017518949,8.184028291784848,-0.5660741881423268,0.8706001398581666
16.45921516418457,0.024117285281863847,0.25187160157831046,0.055753514567391076,-0.012800438937858868,-0.15329883056541005,-0.027731588001845168,-0.08791375741575387,-0.47723813469996457,-0.7185058017518949,8.102188008867,-0.5604134462609035,0.861894138459585
16.467010021209717,7.771561172376096e-16,0.0,0.0,-0.04361243152861713,-0.474891206542595,-0.09898029804831693,0.0,0.0,0.0,8.133950439166757,0.05743813951528065,1.775044255101287
16.470425605773926,7.771561172376096e-16,0.0,0.0,-0.04317630721333096,-0.47014229447716904,-0.09799049506783376,0.0,0.0,0.0,8.052610934775089,0.056863758120127846,1.7572938125502742
16.473506450653076,0.024362290094729715,0.25450792732410465,0.054809965473256686,0.03633210869387584,0.36065695976864076,0.08089504169242732,-0.08778992100377811,-0.4776837376561673,-0.7183864355653572,8.193105661342654,-1.5491987085305559,-0.5615812956858073
16.477922439575195,0.024362290094729715,0.25450792732410465,0.054809965473256686,0.03596878760693708,0.35705039017095436,0.08008609127550305,-0.08778992100377811,-0.4776837376561673,-0.7183864355653572,8.111174604729229,-1.5337067214452502,-0.5559654827289492
16.482344150543213,7.771561172376096e-16,0.0,0.0,-0.019487875785945616,-0.2221070961567238,-0.044671233254389264,0.0,0.0,0.0,8.228605734140704,-0.4380554023240708,1.074273941448884
16.48832082748413,7.771561172376096e-16,0.0,0.0,-0.01929299702808616,-0.21988602519515657,-0.044224520921845374,0.0,0.0,0.0,8.146319676799296,-0.4336748483008301,1.0635312020343952
16.493247032165527,0.024757222896001487,0.2558122698789427,0.05419945885429592,0.03115611289650086,0.3016015906478941,0.06624047478123099,-0.08767782791660253,-0.47812978461305516,-0.7182610925179895,8.205604217288338,-1.434967030237679,-0.3853313531468918
16.498090267181396,0.024757222896001487,0.2558122698789427,0.05419945885429592,0.030844551767535852,0.29858557474141517,0.06557807003341867,-0.08767782791660253,-0.47812978461305516,-0.7182610925179895,8.123548175115454,-1.420617359935302,-0.38147803961542287
16.502013206481934,7.771561172376096e-16,0.0,0.0,-0.03257275422272208,-0.35649364845605896,-0.07323804072064664,0.0,0.0,0.0,8.265813036345897,-0.18760623427463985,1.4532625785056446
16.505874395370483,7.771561172376096e-16,0.0,0.0,-0.03224702668049486,-0.3529287119714984,-0.07250566031344018,0.0,0.0,0.0,8.183154905982438,-0.18573017193189345,1.4387299527205881
16.509247541427612,0.025175226525292447,0.25625126724427144,0.05376182721530115,0.04270970518931898,0.410280894068005,0.08760125021706693,-0.08757654013778388,-0.47857557430087344,-0.7181326629570876,8.308442634069102,-1.6547651964978212,-0.6748088913484183
16.512250185012817,0.025175226525292447,0.25625126724427144,0.05376182721530115,0.042282608137425785,0.40617808512732495,0.08672523771489625,-0.08757654013778388,-0.47857557430087344,-0.7181326629570876,8.225358207728412,-1.6382175445328429,-0.668060802434934
16.515068531036377,7.771561172376096e-16,0.0,0.0,-0.047466462183807186,-0.5071094086143271,-0.10489867394357145,0.0,0.0,0.0,8.453841985101317,0.07623708298291354,1.8866840140079604
16.51991581916809,7.771561172376096e-16,0.0,0.0,-0.04699179756196911,-0.5020383145281838,-0.10384968720413575,0.0,0.0,0.0,8.369303565250304,0.0754747121530844,1.8678171738678808
16.536407947540283,0.025541987147780637,0.2560144990268149,0.0534642456966348,-0.031034498836362914,-0.3417835715421887,-0.07039315156228847,-0.08748871721991314,-0.4790236223023181,-0.7179977248906065,8.327954561507735,-0.22655254106890596,1.4200036947149703
16.540309190750122,0.025541987147780637,0.2560144990268149,0.0534642456966348,-0.030724153847999282,-0.3383657358267668,-0.06968922004666558,-0.08748871721991314,-0.4790236223023181,-0.7179977248906065,8.244675015892657,-0.2242870156582169,1.4058036577678206
16.545119762420654,7.771561172376096e-16,0.0,0.0,-0.08351244626495452,-0.8671735030242635,-0.18013139687647028,0.0,0.0,0.0,8.344095875680875,0.7737286131429132,2.8842869947836247
16.54983139038086,7.771561172376096e-16,0.0,0.0,-0.08267732180230497,-0.8585017679940209,-0.17833008290770558,0.0,0.0,0.0,8.260654916924066,0.7659913270114841,2.8554441248357882
16.55390739440918,0.025805996696217224,0.2552735921889676,0.05327600094011828,-0.018538548603627122,-0.22363279569747108,-0.045840333876041806,-0.08741681838289884,-0.47947397023195415,-0.717854618564877,8.348273285095823,-0.4621974140340528,1.0911426470027428
16.558576345443726,0.025805996696217224,0.2552735921889676,0.05327600094011828,-0.018353163117590852,-0.22139646774049637,-0.04538193053728139,-0.08741681838289884,-0.47947397023195415,-0.717854618564877,8.264790552244865,-0.45757543989371224,1.0802312205327154
16.562850952148438,7.771561172376096e-16,0.0,0.0,-0.07854009005461587,-0.8163686533294507,-0.16956180181540026,0.0,0.0,0.0,8.386645246427175,0.6686800463585176,2.7487754965727653
16.565815925598145,7.771561172376096e-16,0.0,0.0,-0.07775468915406972,-0.8082049667961563,-0.16786618379724624,0.0,0.0,0.0,8.302778793962903,0.6619932458949325,2.721287741607038
16.569158792495728,0.02600263579661152,0.2578516876555774,0.05291016304896166,0.0008082933927506669,-0.028773965597962192,-0.007909718295546181,-0.08734224658165628,-0.4799228875099484,-0.7177348866093596,8.433329776164959,-0.8347575475900917,0.5790875074125243
16.573636531829834,0.02600263579661152,0.2578516876555774,0.05291016304896166,0.0008002104588231602,-0.02848622594198257,-0.00783062111259072,-0.08734224658165628,-0.4799228875099484,-0.7177348866093596,8.34899647840331,-0.8264099721141908,0.5732966323383991
16.57949185371399,7.771561172376096e-16,0.0,0.0,-0.04361634221063647,-0.4685728629050633,-0.09811483312977724,0.0,0.0,0.0,8.414673798201886,0.0014894901113402526,1.7933457849307617
16.583393096923828,7.771561172376096e-16,0.0,0.0,-0.0431801787885301,-0.46388713427601264,-0.09713368479847947,0.0,0.0,0.0,8.330527060219866,0.00147459521022685,1.7754123270814541
16.587613344192505,0.026296313816038364,0.2589897551355075,0.052721117617298266,0.019561511832676334,0.1544355774847349,0.028761890514397134,-0.08727373590189196,-0.4803702995993418,-0.7176151175392445,8.418501863460012,-1.1804844773890835,0.08330841852594273
16.59162998199463,0.026296313816038364,0.2589897551355075,0.052721117617298266,0.01936589671434957,0.15289122170988756,0.028474271609253164,-0.08727373590189196,-0.4803702995993418,-0.7176151175392445,8.334316844825413,-1.1686796326151927,0.0824753343406833
16.594569206237793,7.771561172376096e-16,0.0,0.0,-0.07029461350511526,-0.7297877277588982,-0.15118132972681422,0.0,0.0,0.0,8.54790146643901,0.47735099003373693,2.523162552083683
16.598472118377686,7.771561172376096e-16,0.0,0.0,-0.06959166737006411,-0.7224898504813092,-0.14966951642954607,0.0,0.0,0.0,8.46242245177462,0.47257748013339956,2.497930926562846
16.601831912994385,0.026586959237290254,0.25922337227794484,0.05263672203302136,0.010236941240054517,0.056280341267098244,0.008493665940249001,-0.08721668897311384,-0.48082002537128227,-0.7174954786812427,8.593487242689802,-1.0187544328585867,0.37071064407560694
16.605106830596924,0.026586959237290254,0.25922337227794484,0.05263672203302136,0.010134571827653972,0.05571753785442726,0.008408729280846511,-0.08721668897311384,-0.48082002537128227,-0.7174954786812427,8.507552370262903,-1.0085668885300008,0.3670035376348509
16.608886003494263,7.771561172376096e-16,0.0,0.0,-0.06031803846497133,-0.6307658423306739,-0.13095642152214432,0.0,0.0,0.0,8.653259325537428,0.2738078193401413,2.261885111756105
16.612210750579834,7.771561172376096e-16,0.0,0.0,-0.05971485808032161,-0.6244581839073672,-0.12964685730692288,0.0,0.0,0.0,8.566726732282055,0.2710697411467399,2.2392662606385443
16.61683964729309,0.026815343153729635,0.2587584807989033,0.05263054465339715,-0.0011873973434238377,-0.05920678720928585,-0.014650412446486835,-0.08717567488190056,-0.4812717722999623,-0.7173717101517075,8.63682785590295,-0.811965448182562,0.691460549533006
16.621698141098022,0.026815343153729635,0.2587584807989033,0.05263054465339715,-0.0011755233699895994,-0.05861471933719299,-0.014503908322021968,-0.08717567488190056,-0.4812717722999623,-0.7173717101517075,8.55045957734392,-0.8038457937007364,0.6845459440376759
16.631412744522095,7.771561172376096e-16,0.0,0.0,-0.028766895081525454,-0.3243888850699398,-0.06853559921522218,0.0,0.0,0.0,8.554691712012698,-0.300396713949361,1.416147211484882
16.635162115097046,7.771561172376096e-16,0.0,0.0,-0.0284792261307102,-0.32114499621924036,-0.06785024322306996,0.0,0.0,0.0,8.469144794892571,-0.2973927468098674,1.4019857393700332
16.63850498199463,0.026941143218737747,0.2577802707804653,0.05268080286787872,0.052398494428807715,0.45320176567190773,0.09041994467521565,-0.0871541687205105,-0.4817278753101529,-0.7172410889010459,8.597849418538779,-1.7919146654640163,-0.7239394139309374
16.642955780029297,0.026941143218737747,0.2577802707804653,0.05268080286787872,0.05187450948451964,0.44866974801518866,0.08951574522846349,-0.0871541687205105,-0.4817278753101529,-0.7172410889010459,8.51187092435339,-1.7739955188093761,-0.716700019791628
16.647102117538452,7.771561172376096e-16,0.0,0.0,-0.013619995927110884,-0.177522901311084,-0.03843323442608414,0.0,0.0,0.0,8.636947763658595,-0.5944401681150564,1.0202853739098308
16.651293992996216,7.771561172376096e-16,0.0,0.0,-0.013483795967839775,-0.17574767229797317,-0.038048902081823294,0.0,0.0,0.0,8.55057828602201,-0.5884957664339058,1.0100825201707324
16.654998540878296,0.026900864067867375,0.25696846665114115,0.05171595076348583,0.05926682379342773,0.5196665604738855,0.10193283494458903,-0.08715158396853767,-0.4821864852281539,-0.7171043284551211,8.657191046460092,-1.9350618487728213,-0.9054272969318592
16.66209101676941,0.026900864067867375,0.25696846665114115,0.05171595076348583,0.05867415555549345,0.5144698948691466,0.10091350659514314,-0.08715158396853767,-0.4821864852281539,-0.7171043284551211,8.570619135995491,-1.9157112302850932,-0.8963730239625406
16.66738224029541,7.771561172376096e-16,0.0,0.0,0.007246877901479917,0.02367482528613435,0.0021652559742455224,0.0,0.0,0.0,8.649622644651565,-0.9852592485466595,0.4678619869766869
16.67076349258423,7.771561172376096e-16,0.0,0.0,0.007174409122465118,0.023438077033273004,0.0021436034145030673,0.0,0.0,0.0,8.56312641820505,-0.9754066560611929,0.46318336710692004
16.673585176467896,0.027016704310955236,0.25590240038387096,0.05122857770215195,0.10284940855321222,0.9301174787214713,0.18367538104360023,-0.08713139234777703,-0.4826436378745275,-0.7169662987039893,8.727699853913654,-2.743126462344208,-2.0425158660323333
16.677502632141113,0.027016704310955236,0.25590240038387096,0.05122857770215195,0.10182091446768009,0.9208163039342566,0.18183862723316424,-0.08713139234777703,-0.4826436378745275,-0.7169662987039893,8.640422855374517,-2.7156951977207657,-2.02209070737201
16.680684328079224,7.771561172376096e-16,0.0,0.0,0.01588980089568702,0.10731255337923662,0.019009953684364145,0.0,0.0,0.0,8.827870666873114,-1.171599961058894,0.2515394275168741
16.68442153930664,7.771561172376096e-16,0.0,0.0,0.01573090288673015,0.10623942784544425,0.018819854147520503,0.0,0.0,0.0,8.739591960204383,-1.1598839614483052,0.24902403324170533
16.689789533615112,0.027172825080559588,0.254595599704971,0.050990815145940276,0.06619366444488846,0.5794614405067893,0.11362209750250467,-0.08710969468796244,-0.48310388742690125,-0.7168229930531402,8.782102335182614,-2.0836331572874984,-1.0678970376751746
16.695961952209473,0.027172825080559588,0.254595599704971,0.050990815145940276,0.06553172780043957,0.5736668261017214,0.11248587652747961,-0.08710969468796244,-0.48310388742690125,-0.7168229930531402,8.694281311830787,-2.0627968257146234,-1.0572180672984228
16.70123863220215,7.771561172376096e-16,0.0,0.0,0.013380346485435277,0.08543813623174035,0.014726741632673693,0.0,0.0,0.0,8.772422784302801,-1.1266236887198107,0.3118276119534318
16.706496715545654,7.771561172376096e-16,0.0,0.0,0.013246543020580924,0.08458375486942295,0.014579474216346956,0.0,0.0,0.0,8.684698556459773,-1.1153574518326126,0.3087093358338975
16.709481954574585,0.027304843808514615,0.2531567926748135,0.05094118558724783,0.10458026687671394,0.9317664678703181,0.18507725304924644,-0.08709142020850007,-0.483566066039891,-0.716672123507985,8.827914629246063,-2.7878883161540413,-2.0575918192946263
16.712385177612305,0.027304843808514615,0.2531567926748135,0.05094118558724783,0.1035344642079468,0.9224488031916149,0.18322648051875398,-0.08709142020850007,-0.483566066039891,-0.716672123507985,8.739635482953602,-2.7600094329925007,-2.03701590110168
16.716159343719482,7.771561172376096e-16,0.0,0.0,0.030152426195415763,0.24246212429226932,0.04642086228758016,0.0,0.0,0.0,8.882995850894876,-1.4511566001563336,-0.11775707859222084
16.721713066101074,7.771561172376096e-16,0.0,0.0,0.029850901933461606,0.24003750304934662,0.04595665366470436,0.0,0.0,0.0,8.794165892385926,-1.4366450341547703,-0.11657950780629864
16.73299264907837,0.02736066505010939,0.25188216561281185,0.05103027729741167,0.05380919842296884,0.4609451759492017,0.09073836723578156,-0.08707930305769257,-0.4840322276311419,-0.716513204674758,8.76621984137874,-1.868301649270335,-0.740783551607796
16.737693071365356,0.02736066505010939,0.25188216561281185,0.05103027729741167,0.053271106438739155,0.4563357241897097,0.08983098356342374,-0.08707930305769257,-0.4840322276311419,-0.716513204674758,8.678557642964954,-1.8496186327776316,-0.733375716091718
16.74599838256836,7.771561172376096e-16,0.0,0.0,0.019794819412723867,0.1484939473243077,0.027489729507998086,0.0,0.0,0.0,8.696619797016742,-1.2483240228867114,0.13667490641157165
16.750157594680786,7.771561172376096e-16,0.0,0.0,0.01959687121859663,0.14700900785106463,0.027214832212918105,0.0,0.0,0.0,8.609653599046576,-1.2358407826578444,0.13530815734745594
16.753095865249634,0.02714638046497408,0.2489263837939718,0.051481330576106044,0.11178987700313202,0.9927256487467434,0.2021523161211397,-0.08709782513307951,-0.4845052927042995,-0.7163736080588585,8.745765859594067,-2.936557074886471,-2.267528396284714
16.75636887550354,0.02714638046497408,0.2489263837939718,0.051481330576106044,0.1106719782331007,0.982798392259276,0.2001307929599283,-0.08709782513307951,-0.4845052927042995,-0.7163736080588585,8.658308200998126,-2.907191504137606,-2.244853112321867
16.760539531707764,7.771561172376096e-16,0.0,0.0,0.044476267328744074,0.3761185663126787,0.07469248122270064,0.0,0.0,0.0,8.780559942258582,-1.7164192019637676,-0.5047525548019747
16.76408624649048,7.771561172376096e-16,0.0,0.0,0.04403150465545663,0.37235738064955193,0.07394555641047364,0.0,0.0,0.0,8.692754342835997,-1.69925500994413,-0.49970502925395494
16.769097566604614,0.027143999953011033,0.2465577810481158,0.05186985925056206,0.09775655788470526,0.8606354659520703,0.17671148080453525,-0.0871380688039962,-0.48497169691582553,-0.7162281367582074,8.73217645202367,-2.687492194321954,-1.9028982799709269
16.781999826431274,0.027143999953011033,0.2465577810481158,0.05186985925056206,0.09677899230585821,0.8520291112925495,0.17494436599648988,-0.0871380688039962,-0.48497169691582553,-0.7162281367582074,8.644854687503434,-2.6606172723787345,-1.8838692971712176
16.787341117858887,7.771561172376096e-16,0.0,0.0,0.044992031923972345,0.3819017643026271,0.07608383983236489,0.0,0.0,0.0,8.721546590807785,-1.7260439844200066,-0.5241037020357351
16.792434215545654,7.771561172376096e-16,0.0,0.0,0.04454211160473262,0.37808274665960084,0.07532300143404123,0.0,0.0,0.0,8.634331124899708,-1.7087835445758066,-0.5188626650153777
16.796680212020874,0.027220148588370942,0.2446258341933623,0.05222884204727597,0.10820448885175754,0.9504348378636523,0.19757703803447885,-0.08719876184909114,-0.4854441521731641,-0.7160807025110506,8.693166051142816,-2.879229109907266,-2.1756682119462094
16.801608085632324,0.027220148588370942,0.2446258341933623,0.05222884204727597,0.10712244396323996,0.9409304894850158,0.19560126765413405,-0.08719876184909114,-0.4854441521731641,-0.7160807025110506,8.606234390631387,-2.8504368188081934,-2.1539115298267473
16.807021379470825,7.771561172376096e-16,0.0,0.0,0.055767326942768376,0.47962287370685525,0.09716269998342482,0.0,0.0,0.0,8.681254678576511,-1.9251694692342873,-0.8095535839339374
16.811443567276,7.771561172376096e-16,0.0,0.0,0.05520965367334069,0.4748266449697867,0.09619107298359057,0.0,0.0,0.0,8.594442131790746,-1.9059177745419444,-0.801458048094598
16.815401792526245,0.02730455551860656,0.24310703477098933,0.05255646977970543,0.12363937043013234,1.084260289354988,0.22800702722357635,-0.08727721736970909,-0.48591434157460245,-0.7159284445779641,8.660731289278647,-3.1619503900718486,-2.576148347507729
16.819539308547974,0.02730455551860656,0.24310703477098933,0.05255646977970543,0.12240297672583102,1.073417686461438,0.2257269569513406,-0.08727721736970909,-0.48591434157460245,-0.7159284445779641,8.574123976385861,-3.13033088617113,-2.5503868640326517
16.82415795326233,7.771561172376096e-16,0.0,0.0,0.06206083502902989,0.5363233979056717,0.10967771369666406,0.0,0.0,0.0,8.677349896400363,-2.0469563061326053,-0.9747996076124719
16.82970380783081,7.771561172376096e-16,0.0,0.0,0.06144022667873959,0.530960163926615,0.10858093655969742,0.0,0.0,0.0,8.59057639743636,-2.0264867430712794,-0.9650516115363471
16.83420443534851,0.027340617114899754,0.24213796593695777,0.052856724960309784,0.12157428006035462,1.06365990650584,0.22493813875734014,-0.08736918134261215,-0.48638922180731836,-0.7157712753344138,8.636353977084136,-3.1286743217633335,-2.5231065300376136
16.84718346595764,0.027340617114899754,0.24213796593695777,0.052856724960309784,0.12035853725975107,1.0530233074407818,0.22268875736976673,-0.08736918134261215,-0.48638922180731836,-0.7157712753344138,8.549990437313294,-3.0973875785457,-2.4978754647372376
16.853033542633057,7.771561172376096e-16,0.0,0.0,0.07241946681257669,0.6285874465058996,0.1301096780334544,0.0,0.0,0.0,8.613837603397855,-2.2349900329622545,-1.2493721051176878
16.863234281539917,7.771561172376096e-16,0.0,0.0,0.07169527214445091,0.6223015720408406,0.12880858125311986,0.0,0.0,0.0,8.527699227363875,-2.212640132632632,-1.236878384066511
16.867077827453613,0.026479486529072175,0.2456345771738251,0.0526527818806323,0.1398716984111773,1.2551617953121097,0.26451061618561933,-0.08743946715183099,-0.48687239454716413,-0.7156039804035563,8.603169713957532,-3.5046908562554377,-3.0602308621135785
16.87035036087036,0.026479486529072175,0.2456345771738251,0.0526527818806323,0.13847298142706552,1.2426101773589886,0.2618655100237631,-0.08743946715183099,-0.48687239454716413,-0.7156039804035563,8.517138016817958,-3.4696439476928833,-3.0296285534924428
16.87812376022339,7.771561172376096e-16,0.0,0.0,0.10302402137514602,0.9141903050117013,0.19151229055931746,0.0,0.0,0.0,8.544452131323068,-2.8086161280359914,-2.0787517755570284
16.88220238685608,7.771561172376096e-16,0.0,0.0,0.10199378116139456,0.9050484019615843,0.18959716765372428,0.0,0.0,0.0,8.459007610009836,-2.7805299667556316,-2.057964257801458
16.88717246055603,0.026068105197709943,0.2483282830614075,0.05263606296886654,0.15342398145933273,1.3956450017746431,0.29360719686683934,-0.08749627570288913,-0.48734376415436337,-0.7154343297022583,8.502417219386254,-3.769474847965696,-3.456692014356584
16.891957759857178,0.026068105197709943,0.2483282830614075,0.05263606296886654,0.1518897416447394,1.3816885517568966,0.29067112489817093,-0.08749627570288913,-0.48734376415436337,-0.7154343297022583,8.417393047192391,-3.731780099486039,-3.422125094213018
16.89706826210022,7.771561172376096e-16,0.0,0.0,0.09936195320745114,0.8819540963967368,0.1847685426650188,0.0,0.0,0.0,8.504427877702847,-2.7408500291337234,-1.987974255770305
16.903289079666138,7.771561172376096e-16,0.0,0.0,0.09836833367537663,0.8731345554327694,0.1829208572383686,0.0,0.0,0.0,8.419383598925819,-2.7134415288423863,-1.968094513212602
16.913358449935913,0.02589080905203556,0.25027967898452663,0.05270281693302484,0.12309709149271335,1.112958653048285,0.23343138344683784,-0.08754331632113149,-0.4878218166870006,-0.7152587250909758,8.399612200434737,-3.1885342459203625,-2.6487343077423287
16.918501377105713,0.02589080905203556,0.25027967898452663,0.05270281693302484,0.12186612057778622,1.101829066517802,0.23109706961236945,-0.08754331632113149,-0.4878218166870006,-0.7152587250909758,8.31561607843039,-3.156648903461159,-2.6222469646649054
16.92439556121826,7.771561172376096e-16,0.0,0.0,0.07672143236360057,0.6661893622600683,0.13937115033868153,0.0,0.0,0.0,8.380984827369808,-2.297449942532058,-1.3825253720977895
16.931051015853882,7.771561172376096e-16,0.0,0.0,0.07595421803996456,0.6595274686374676,0.1379774388352947,0.0,0.0,0.0,8.29717497909611,-2.2744754431067373,-1.3687001183768115
16.93689250946045,0.025842525062607025,0.2519666668030166,0.052835478233434846,0.11943426046435235,1.0842716488462236,0.22704624111581612,-0.08758222872017922,-0.48829440656078943,-0.71507829915813,8.327012648743548,-3.1182373969281874,-2.561731297425482
16.94307589530945,0.025842525062607025,0.2519666668030166,0.052835478233434846,0.11823991785970882,1.0734289323577613,0.22477577870465795,-0.08758222872017922,-0.48829440656078943,-0.71507829915813,8.243742522256111,-3.0870550229589053,-2.536113984451227
16.946794271469116,7.771561172376096e-16,0.0,0.0,0.04755802763200319,0.38506909902382225,0.08043513960419182,0.0,0.0,0.0,8.39684401230026,-1.7429918703854155,-0.587659890982619
