Time (seconds),Orientation X,Orientation Y,Orientation Z,Angular Velocity X,Angular Velocity Y,Angular Velocity Z,Position X,Position Y,Position Z,Linear Velocity X,Linear Velocity Y,Linear Velocity Z
0.004111528396606445,9.99200722162641e-16,-1.9553732667309454e-19,-9.79921240709984e-25,0.0,0.0,0.0,-2.147782569256167e-17,-3.3730029242188817e-12,3.148662027211724e-06,0.0,0.0,0.0
0.007249355316162109,9.99200722162641e-16,-1.9553732667309454e-19,-9.79921240709984e-25,0.0,0.0,0.0,-2.147782569256167e-17,-3.3730029242188817e-12,3.148662027211724e-06,0.0,0.0,0.0
0.028218507766723633,9.99200722162641e-16,-1.9553732667309454e-19,-9.79921240709984e-25,0.0,0.0,0.0,-2.147782569256167e-17,-3.3730029242188817e-12,3.148662027211724e-06,0.0,0.0,0.0
0.033097028732299805,9.99200722162641e-16,-1.9553732667309454e-19,-9.79921240709984e-25,0.0,0.0,0.0,-2.147782569256167e-17,-3.3730029242188817e-12,3.148662027211724e-06,0.0,0.0,0.0
0.043903350830078125,9.99200722162641e-16,-1.9553732667309454e-19,-9.79921240709984e-25,0.0,0.0,0.0,-2.147782569256167e-17,-3.3730029242188817e-12,3.148662027211724e-06,0.0,0.0,0.0
0.047055721282958984,9.99200722162641e-16,-1.9553732667309454e-19,-9.79921240709984e-25,0.0,0.0,0.0,-2.147782569256167e-17,-3.3730029242188817e-12,3.148662027211724e-06,0.0,0.0,0.0
0.06718134880065918,9.99200722162641e-16,-1.9553732667309454e-19,-9.79921240709984e-25,0.0,0.0,0.0,-2.147782569256167e-17,-3.3730029242188817e-12,3.148662027211724e-06,0.0,0.0,0.0
0.07033371925354004,9.99200722162641e-16,-1.9553732667309454e-19,-9.79921240709984e-25,0.0,0.0,0.0,-2.147782569256167e-17,-3.3730029242188817e-12,3.148662027211724e-06,0.0,0.0,0.0
0.08692741394042969,9.99200722162641e-16,-1.9553732667309454e-19,-9.79921240709984e-25,0.0,0.0,0.0,-2.147782569256167e-17,-3.3730029242188817e-12,3.148662027211724e-06,0.0,0.0,0.0
0.09037566184997559,9.99200722162641e-16,-1.9553732667309454e-19,-9.79921240709984e-25,0.0,0.0,0.0,-2.147782569256167e-17,-3.3730029242188817e-12,3.148662027211724e-06,0.0,0.0,0.0
0.10862135887145996,1.1102230246251565e-15,-2.7426436376598825e-19,-1.4900021420738085e-24,6.084848516983828e-17,-4.314827600183887e-20,-2.7956229942417654e-25,-1.881044523491505e-17,-5.1599336070666786e-12,4.158380086156159e-06,1.4619231764264467e-18,-9.793710153263355e-13,5.534006498932259e-07
0.11536455154418945,1.1102230246251565e-15,-2.7426436376598825e-19,-1.4900021420738085e-24,6.02400003181399e-17,-4.2716793241820483e-20,-2.767666764299348e-25,-1.881044523491505e-17,-5.1599336070666786e-12,4.158380086156159e-06,1.4473039446621823e-18,-9.69577305173072e-13,5.478666433942936e-07
0.12485790252685547,1.1102230246251565e-15,-2.7426436376598825e-19,-1.4900021420738085e-24,5.96376003149585e-17,-4.2289625309402276e-20,-2.739990096656354e-25,-1.881044523491505e-17,-5.1599336070666786e-12,4.158380086156159e-06,1.4328309052155605e-18,-9.598815321213413e-13,5.423879769603507e-07
0.13109421730041504,1.1102230246251565e-15,-2.7426436376598825e-19,-1.4900021420738085e-24,5.904122431180892e-17,-4.186672905630825e-20,-2.7125901956897906e-25,-1.881044523491505e-17,-5.1599336070666786e-12,4.158380086156159e-06,1.4185025961634048e-18,-9.50282716800128e-13,5.369640971907472e-07
0.14547276496887207,1.1102230246251565e-15,-2.7426436376598825e-19,-1.4900021420738085e-24,5.845081206869084e-17,-4.144806176574517e-20,-2.6854642937328925e-25,-1.881044523491505e-17,-5.1599336070666786e-12,4.158380086156159e-06,1.4043175702017706e-18,-9.407798896321266e-13,5.315944562188397e-07
0.1485445499420166,1.1102230246251565e-15,-2.7426436376598825e-19,-1.4900021420738085e-24,5.786630394800393e-17,-4.103358114808772e-20,-2.6586096507955636e-25,-1.881044523491505e-17,-5.1599336070666786e-12,4.158380086156159e-06,1.390274394499753e-18,-9.313720907358052e-13,5.262785116566513e-07
0.16794633865356445,1.1102230246251565e-15,-2.7426436376598825e-19,-1.4900021420738085e-24,5.728764090852389e-17,-4.062324533660684e-20,-2.632023554287608e-25,-1.881044523491505e-17,-5.1599336070666786e-12,4.158380086156159e-06,1.3763716505547554e-18,-9.220583698284471e-13,5.210157265400848e-07
0.1712491512298584,1.1102230246251565e-15,-2.7426436376598825e-19,-1.4900021420738085e-24,5.671476449943865e-17,-4.021701288324077e-20,-2.6057033187447317e-25,-1.881044523491505e-17,-5.1599336070666786e-12,4.158380086156159e-06,1.3626079340492078e-18,-9.128377861301626e-13,5.158055692746839e-07
0.18725156784057617,1.1102230246251565e-15,-2.7426436376598825e-19,-1.4900021420738085e-24,5.614761685444426e-17,-3.9814842754408363e-20,-2.5796462855572844e-25,-1.881044523491505e-17,-5.1599336070666786e-12,4.158380086156159e-06,1.3489818547087157e-18,-9.03709408268861e-13,5.106475135819371e-07
0.1903669834136963,1.1102230246251565e-15,-2.7426436376598825e-19,-1.4900021420738085e-24,5.558614068589983e-17,-3.941669432686428e-20,-2.5538498227017117e-25,-1.881044523491505e-17,-5.1599336070666786e-12,4.158380086156159e-06,1.3354920361616285e-18,-8.946723141861723e-13,5.055410384461177e-07
0.2085278034210205,1.1102230246251565e-15,-2.7426436376598825e-19,-1.4900021420738085e-24,5.503027927904083e-17,-3.9022527383595636e-20,-2.5283113244746944e-25,-1.881044523491505e-17,-5.1599336070666786e-12,4.158380086156159e-06,1.3221371158000122e-18,-8.857255910443106e-13,5.004856280616566e-07
0.21460509300231934,1.1102230246251565e-15,-2.7426436376598825e-19,-1.4900021420738085e-24,5.447997648625042e-17,-3.8632302109759677e-20,-2.5030282112299474e-25,-1.881044523491505e-17,-5.1599336070666786e-12,4.158380086156159e-06,1.308915744642012e-18,-8.768683351338675e-13,4.9548077178104e-07
0.22998261451721191,1.1102230246251565e-15,-2.7426436376598825e-19,-1.4900021420738085e-24,5.393517672138792e-17,-3.824597908866208e-20,-2.477997929117648e-25,-1.881044523491505e-17,-5.1599336070666786e-12,4.158380086156159e-06,1.295826587195592e-18,-8.680996517825288e-13,4.905259640632296e-07
0.23533368110656738,1.1102230246251565e-15,-2.7426436376598825e-19,-1.4900021420738085e-24,5.339582495417404e-17,-3.7863519297775454e-20,-2.4532179498264714e-25,-1.881044523491505e-17,-5.1599336070666786e-12,4.158380086156159e-06,1.282868321323636e-18,-8.594186552647035e-13,4.856207044225973e-07
0.24466609954833984,9.99200722162641e-16,-3.9881335704473907e-19,-2.1659130983168474e-24,-6.610226157059915e-17,-1.7094331618844934e-19,-9.671298824432e-25,-1.972783106556903e-17,-6.613877108398814e-12,5.303722727300418e-06,2.8703037893513084e-19,-2.408773792629821e-12,1.7080376295148783e-06
0.24784398078918457,9.99200722162641e-16,-3.9881335704473907e-19,-2.1659130983168474e-24,-6.544123895489316e-17,-1.6923388302656484e-19,-9.57458583618768e-25,-1.972783106556903e-17,-6.613877108398814e-12,5.303722727300418e-06,2.841600751457795e-19,-2.3846860547035228e-12,1.6909572532197295e-06
0.2988734245300293,9.99200722162641e-16,-3.9881335704473907e-19,-2.1659130983168474e-24,-6.478682656534422e-17,-1.6754154419629919e-19,-9.478839977825803e-25,-1.972783106556903e-17,-6.613877108398814e-12,5.303722727300418e-06,2.813184743943217e-19,-2.3608391941564874e-12,1.6740476806875321e-06
0.31694531440734863,9.99200722162641e-16,-3.9881335704473907e-19,-2.1659130983168474e-24,-6.413895829969078e-17,-1.6586612875433618e-19,-9.384051578047545e-25,-1.972783106556903e-17,-6.613877108398814e-12,5.303722727300418e-06,2.785052896503785e-19,-2.3372308022149225e-12,1.6573072038806567e-06
0.3392140865325928,9.99200722162641e-16,-3.9881335704473907e-19,-2.1659130983168474e-24,-6.349756871669386e-17,-1.6420746746679282e-19,-9.29021106226707e-25,-1.972783106556903e-17,-6.613877108398814e-12,5.303722727300418e-06,2.757202367538747e-19,-2.313858494192773e-12,1.6407341318418502e-06
0.3431367874145508,9.99200722162641e-16,-3.9881335704473907e-19,-2.1659130983168474e-24,-6.286259302952693e-17,-1.625653927921249e-19,-9.197308951644399e-25,-1.972783106556903e-17,-6.613877108398814e-12,5.303722727300418e-06,2.7296303438633594e-19,-2.2907199092508456e-12,1.6243267905234317e-06
0.3500540256500244,9.99200722162641e-16,-3.9881335704473907e-19,-2.1659130983168474e-24,-6.223396709923166e-17,-1.6093973886420365e-19,-9.105335862127955e-25,-1.972783106556903e-17,-6.613877108398814e-12,5.303722727300418e-06,2.702334040424726e-19,-2.267812710158337e-12,1.6080835226181973e-06
0.35549378395080566,9.99200722162641e-16,-3.9881335704473907e-19,-2.1659130983168474e-24,-6.161162742823934e-17,-1.593303414755616e-19,-9.014282503506676e-25,-1.972783106556903e-17,-6.613877108398814e-12,5.303722727300418e-06,2.675310700020479e-19,-2.2451345830567537e-12,1.5920026873920154e-06
0.36444640159606934,9.99200722162641e-16,-3.9881335704473907e-19,-2.1659130983168474e-24,-6.099551115395695e-17,-1.57737038060806e-19,-8.924139678471609e-25,-1.972783106556903e-17,-6.613877108398814e-12,5.303722727300418e-06,2.648557593020274e-19,-2.222683237226186e-12,1.5760826605180951e-06
0.37010908126831055,9.99200722162641e-16,-3.9881335704473907e-19,-2.1659130983168474e-24,-6.038555604241738e-17,-1.5615966768019793e-19,-8.834898281686893e-25,-1.972783106556903e-17,-6.613877108398814e-12,5.303722727300418e-06,2.622072017090071e-19,-2.200456404853924e-12,1.5603218339129141e-06
0.37836432456970215,9.99200722162641e-16,-4.984165178145106e-19,-2.711018195658811e-24,-5.978170048199321e-17,-2.752524928457919e-19,-1.5349687177311914e-24,-1.9273661539685708e-17,-8.451940252923834e-12,6.388028085395749e-06,8.097446461806224e-19,-4.40499208478794e-12,2.8581933594526817e-06
0.3875906467437744,9.99200722162641e-16,-4.984165178145106e-19,-2.711018195658811e-24,-5.918388347717328e-17,-2.72499967917334e-19,-1.5196190305538794e-24,-1.9273661539685708e-17,-8.451940252923834e-12,6.388028085395749e-06,8.016471997188161e-19,-4.360942163940061e-12,2.8296114258581547e-06
0.3971738815307617,9.99200722162641e-16,-4.984165178145106e-19,-2.711018195658811e-24,-5.859204464240155e-17,-2.6977496823816066e-19,-1.5044228402483407e-24,-1.9273661539685708e-17,-8.451940252923834e-12,6.388028085395749e-06,7.93630727721628e-19,-4.31733274230066e-12,2.801315311599573e-06
0.4047212600708008,9.99200722162641e-16,-4.984165178145106e-19,-2.711018195658811e-24,-5.800612419597753e-17,-2.6707721855577907e-19,-1.4893786118458573e-24,-1.9273661539685708e-17,-8.451940252923834e-12,6.388028085395749e-06,7.856944204444117e-19,-4.274159414877654e-12,2.7733021584835772e-06
0.4159836769104004,9.99200722162641e-16,-4.984165178145106e-19,-2.711018195658811e-24,-5.742606295401776e-17,-2.6440644637022126e-19,-1.4744848257273987e-24,-1.9273661539685708e-17,-8.451940252923834e-12,6.388028085395749e-06,7.778374762399676e-19,-4.231417820728878e-12,2.7455691368987416e-06
0.4287567138671875,9.99200722162641e-16,-4.984165178145106e-19,-2.711018195658811e-24,-5.685180232447758e-17,-2.6176238190651907e-19,-1.4597399774701248e-24,-1.9273661539685708e-17,-8.451940252923834e-12,6.388028085395749e-06,7.700591014775679e-19,-4.189103642521589e-12,2.718113445529754e-06
0.4343125820159912,9.99200722162641e-16,-4.984165178145106e-19,-2.711018195658811e-24,-5.62832843012328e-17,-2.5914475808745385e-19,-1.4451425776954235e-24,-1.9273661539685708e-17,-8.451940252923834e-12,6.388028085395749e-06,7.623585104627922e-19,-4.147212606096373e-12,2.6909323110744567e-06
0.4533264636993408,9.99200722162641e-16,-4.984165178145106e-19,-2.711018195658811e-24,-5.572045145822048e-17,-2.565533105065793e-19,-1.4306911519184693e-24,-1.9273661539685708e-17,-8.451940252923834e-12,6.388028085395749e-06,7.547349253581643e-19,-4.105740480035409e-12,2.664022987963712e-06
0.4589099884033203,9.99200722162641e-16,-4.984165178145106e-19,-2.711018195658811e-24,-5.516324694363827e-17,-2.539877774015135e-19,-1.4163842403992846e-24,-1.9273661539685708e-17,-8.451940252923834e-12,6.388028085395749e-06,7.471875761045827e-19,-4.064683075235055e-12,2.637382758084075e-06
0.4700956344604492,9.99200722162641e-16,-4.984165178145106e-19,-2.711018195658811e-24,-5.4611614474201885e-17,-2.514478996274984e-19,-1.4022203979952916e-24,-1.9273661539685708e-17,-8.451940252923834e-12,6.388028085395749e-06,7.397157003435368e-19,-4.024036244482704e-12,2.611008930503234e-06
0.47863006591796875,9.99200722162641e-16,-4.984165178145106e-19,-2.711018195658811e-24,-5.4065498329459866e-17,-2.489334206312234e-19,-1.3881981940153388e-24,-1.9273661539685708e-17,-8.451940252923834e-12,6.388028085395749e-06,7.323185433401014e-19,-3.983795882037877e-12,2.584898841198202e-06
0.48932576179504395,9.99200722162641e-16,-5.638505063052036e-19,-3.0828153203892232e-24,-5.352484334616527e-17,-3.076219557685431e-19,-1.7219299896508928e-24,-1.7853324817329288e-17,-1.015650899925404e-11,7.567206660001941e-06,2.0529476515776165e-18,-5.5376538965720575e-12,3.6615293811482826e-06
0.49286794662475586,9.99200722162641e-16,-5.638505063052036e-19,-3.0828153203892232e-24,-5.2989594912703615e-17,-3.0454573621085765e-19,-1.704710689754384e-24,-1.7853324817329288e-17,-1.015650899925404e-11,7.567206660001941e-06,2.03241817506184e-18,-5.4822773576063365e-12,3.6249140873368e-06
0.508181095123291,9.99200722162641e-16,-5.638505063052036e-19,-3.0828153203892232e-24,-5.2459698963576576e-17,-3.0150027884874905e-19,-1.68766358285684e-24,-1.7853324817329288e-17,-1.015650899925404e-11,7.567206660001941e-06,2.012093993311222e-18,-5.4274545840302735e-12,3.5886649464634318e-06
0.511371374130249,9.99200722162641e-16,-5.638505063052036e-19,-3.0828153203892232e-24,-5.193510197394081e-17,-2.984852760602616e-19,-1.6707869470282715e-24,-1.7853324817329288e-17,-1.015650899925404e-11,7.567206660001941e-06,1.9919730533781098e-18,-5.37318003818997e-12,3.5527782969987973e-06
0.5274419784545898,-1.0697933634553336e-06,0.00104213646384986,3.824051946417787e-09,-6.656833451601036e-07,0.0006484737243337028,2.3795321381576566e-09,1.247725656453394e-10,1.1392513334692392e-10,-2.599078517477533e-05,2.1839112223430596e-08,9.422981709208536e-11,-1.736433726233603e-05
0.5303277969360352,-1.0697933634553336e-06,0.00104213646384986,3.824051946417787e-09,-6.590265117085026e-07,0.0006419889870903657,2.35573681677608e-09,1.247725656453394e-10,1.1392513334692392e-10,-2.599078517477533e-05,2.162072110119629e-08,9.328751892116451e-11,-1.719069388971267e-05
0.5467514991760254,-1.2847743193151074e-05,0.0026465490823564006,-7.110889760326093e-08,-7.823772237137161e-06,0.0016124576178537346,-4.007848006478724e-08,-2.82785253962889e-06,-1.4957338297720655e-10,-0.00010084437769067274,-1.5798568184049298e-06,5.173831254732233e-10,-6.259974893234228e-05
0.549884557723999,-1.2847743193151074e-05,0.0026465490823564006,-7.110889760326093e-08,-7.74553451476579e-06,0.0015963330416751973,-3.967769526413937e-08,-2.82785253962889e-06,-1.4957338297720655e-10,-0.00010084437769067274,-1.5640582502208805e-06,5.12209294218491e-10,-6.197375144301885e-05
0.5721104145050049,-1.0089084465173174e-05,0.00457869162339483,2.1828502966558873e-09,-6.426819903870889e-06,0.002449691672786138,-1.35319599179158e-08,-1.9260074208000003e-05,-2.957121953275605e-09,-0.00025393207935813644,-8.62625977275712e-06,-6.100094112388766e-11,-0.00013026534378890914
0.5769951343536377,-1.0089084465173174e-05,0.00457869162339483,2.1828502966558873e-09,-6.362551704832179e-06,0.0024251947560582766,-1.3396640318736642e-08,-1.9260074208000003e-05,-2.957121953275605e-09,-0.00025393207935813644,-8.539997175029548e-06,-6.039093171264878e-11,-0.00012896269035102005
0.5906314849853516,3.141571880697014e-05,0.00660506559216179,3.572254610472471e-07,2.4138409159557128e-05,0.00388695180438307,1.699244523172502e-07,-7.430841530599429e-05,5.115634929539004e-09,-0.0005239598430388363,-4.7514609388789273e-05,-3.5067356836937774e-10,-0.00032595592969900794
0.59413743019104,3.141571880697014e-05,0.00660506559216179,3.572254610472471e-07,2.3897025067961557e-05,0.0038480822863392393,1.682252077940777e-07,-7.430841530599429e-05,5.115634929539004e-09,-0.0005239598430388363,-4.703946329490138e-05,-3.4716683268568396e-10,-0.00032269637040201784
0.6088399887084961,0.00013240482351090706,0.00848186515689907,8.584419208165903e-07,9.234654882333464e-05,0.005086113698387482,3.006524261460667e-07,-0.00021183391455778885,7.160690273313182e-08,-0.000943622460747267,-0.00013768319214928665,7.114791984959353e-09,-0.0006056876084421784
0.6158454418182373,0.00013240482351090706,0.00848186515689907,8.584419208165903e-07,9.142308333510129e-05,0.005035252561403607,2.9764590188460603e-07,-0.00021183391455778885,7.160690273313182e-08,-0.000943622460747267,-0.0001363063602277938,7.043644065109759e-09,-0.0005996307323577567
0.631523609161377,0.00027514360295500466,0.010107543264998319,0.0003444161391823821,0.00018247976491036133,0.006021791342797124,0.00021910561722704374,-0.0004909970155905564,2.546871001245102e-07,-0.0015332371500220627,-0.00030919155469020165,8.069765538169022e-08,-0.0009714886756491887
0.6349492073059082,0.00027514360295500466,0.010107543264998319,0.0003444161391823821,0.00018065496726125772,0.005961573429369153,0.0002169145610547733,-0.0004909970155905564,2.546871001245102e-07,-0.0015332371500220627,-0.00030609963914329964,7.989067882787331e-08,-0.0009617737888926968
0.6480262279510498,0.000491641781907675,0.011237738697075242,0.0010756038362918284,0.00034707897577221125,0.006766170655898795,0.0007731574688096262,-0.0009698338525696436,-1.4775016024201914e-06,-0.0022985132846240707,-0.0006626072461160244,-1.1439247419108137e-06,-0.0015414400749649724
0.6509213447570801,0.000491641781907675,0.011237738697075242,0.0010756038362918284,0.00034360818601448915,0.006698508949339807,0.00076542589412153,-0.0009698338525696436,-1.4775016024201914e-06,-0.0022985132846240707,-0.0006559811736548642,-1.1324854944917057e-06,-0.0015260256742153228
0.6702835559844971,0.0007825453518623758,0.011770732537432112,0.002236978228526862,0.0004936343134759447,0.006906734453174643,0.00135679770473189,-0.0017168655866356616,-1.4082239953899561e-05,-0.0032434122718791006,-0.0010294840010474505,-7.158145831609919e-06,-0.002003279978589513
0.6736860275268555,0.0007825453518623758,0.011770732537432112,0.002236978228526862,0.0004886979703411853,0.006837667108642896,0.001343229727684571,-0.0017168655866356616,-1.4082239953899561e-05,-0.0032434122718791006,-0.001019189161036976,-7.08656437329382e-06,-0.001983247178803618
0.6898007392883301,0.0011486739789168768,0.011740006561890445,0.0038432068168743486,0.000716894807102782,0.006750093926929959,0.002325176416056055,-0.002800719229099042,-4.8497982658548905e-05,-0.004365813819928658,-0.0016734393468471717,-2.660771409271077e-05,-0.0026677470190589287
0.6927511692047119,0.0011486739789168768,0.011740006561890445,0.0038432068168743486,0.0007097258590317542,0.00668259298766066,0.0023019246518954945,-0.002800719229099042,-4.8497982658548905e-05,-0.004365813819928658,-0.0016567049533787,-2.6341636951783662e-05,-0.0026410695488683395
0.7086970806121826,0.0016228542334943983,0.011276358355695763,0.005878839301970023,0.001008041637526208,0.006324856159261565,0.0035535477690581173,-0.00427985160077568,-0.00011973001591538763,-0.00565246679749559,-0.0025588247774579517,-6.664005311108604e-05,-0.003431885312654931
0.7120156288146973,0.0016228542334943983,0.011276358355695763,0.005878839301970023,0.0009979612211509458,0.00626160759766895,0.003518012291367536,-0.00427985160077568,-0.00011973001591538763,-0.00565246679749559,-0.002533236529683372,-6.597365257997518e-05,-0.003397566459528382
0.7292280197143555,0.002356364863805125,0.01078883653884294,0.008808005730327478,0.0014245522413984506,0.00591565169547008,0.005181938997178023,-0.0061672360852161,-0.00024026578625022045,-0.007076796135462647,-0.0035960232135442156,-0.0001276846891528141,-0.004202722209025175
0.734464168548584,0.002356364863805125,0.01078883653884294,0.008808005730327478,0.0014103067189844662,0.005856495178515379,0.005130119607206243,-0.0061672360852161,-0.00024026578625022045,-0.007076796135462647,-0.0035600629814087734,-0.00012640784226128598,-0.004160694986934923
0.7483260631561279,0.003341210765898561,0.010158494261756206,0.01255948257656896,0.0021232598816502764,0.005343203619054989,0.007780715458495185,-0.008408092778648265,-0.00043807544688573524,-0.008608639484777822,-0.005131402570696006,-0.0002513198474045678,-0.005240087182003802
0.7536098957061768,0.003341210765898561,0.010158494261756206,0.01255948257656896,0.0021020272828337736,0.005289771582864439,0.007702908303910233,-0.008408092778648265,-0.00043807544688573524,-0.008608639484777822,-0.005080088544989046,-0.00024880664893052213,-0.005187686310183764
0.7719871997833252,0.004596085703659426,0.009352991937769272,0.017036052657729995,0.0027789565290899203,0.0047988589613071056,0.010057553049281387,-0.010962414826155674,-0.0007122809110259963,-0.010222285061184222,-0.0064133254837551515,-0.0003759619286294849,-0.006026205867164832
0.7748908996582031,0.004596085703659426,0.009352991937769272,0.017036052657729995,0.0027511669637990213,0.004750870371694035,0.009956977518788573,-0.010962414826155674,-0.0007122809110259963,-0.010222285061184222,-0.0063491922289176,-0.00037220230934319003,-0.0059659438084931835
0.8097469806671143,0.007873182394656142,0.007307411024977115,0.02767918032526955,0.003683088730917082,0.0041176438833601435,0.012905060479778257,-0.016868485599777158,-0.0015172959163617828,-0.013596905934529972,-0.007978852336245302,-0.0005602134772376588,-0.006885156819543591
0.81449294090271,0.007873182394656142,0.007307411024977115,0.02767918032526955,0.003646257843607911,0.004076467444526542,0.012776009874980473,-0.016868485599777158,-0.0015172959163617828,-0.013596905934529972,-0.00789906381288285,-0.0005546113424652823,-0.006816305251348155
0.8288588523864746,0.009932734327156783,0.006539817434709209,0.03319839516951204,0.005064798610447883,0.0035063426616231234,0.01648275629302056,-0.02012132612175877,-0.0020372323852860634,-0.015313442689643731,-0.01008746321474815,-0.0008476860010507481,-0.007954549000163185
0.8338160514831543,0.009932734327156783,0.006539817434709209,0.03319839516951204,0.0050141506243434044,0.0034712792350068923,0.016317928730090355,-0.02012132612175877,-0.0020372323852860634,-0.015313442689643731,-0.009986588582600668,-0.0008392091410402406,-0.007875003510161554
0.8489978313446045,0.012293556327731032,0.005924729534888137,0.03885034691407066,0.0065378390687803965,0.003038993330692579,0.019870493088462556,-0.023467372990710535,-0.002631524924791771,-0.01702710605275355,-0.012097811249751485,-0.0011504244727280621,-0.008933726203310387
0.8519251346588135,0.012293556327731032,0.005924729534888137,0.03885034691407066,0.006472460678092593,0.0030086033973856533,0.01967178815757793,-0.023467372990710535,-0.002631524924791771,-0.01702710605275355,-0.01197683313725397,-0.0011389202280007815,-0.008844388941277283
0.8712420463562012,0.014935661825145014,0.005377114405622756,0.044712541716230604,0.007789877511826672,0.0027031694625790116,0.022504032878218456,-0.026864170166403148,-0.003300862167558911,-0.018725338150466647,-0.01362480879408249,-0.0014083556180207939,-0.00963988422041789
0.8744120597839355,0.014935661825145014,0.005377114405622756,0.044712541716230604,0.007711978736708405,0.0026761377679532213,0.02227899254943627,-0.026864170166403148,-0.003300862167558911,-0.018725338150466647,-0.013488560706141664,-0.0013942720618405858,-0.009543485378213711
0.8906710147857666,0.017821043108064212,0.004873354837351853,0.050842918886712586,0.009426364948456828,0.0023513663698915676,0.02581961482086388,-0.03028665717392283,-0.0040484111195200284,-0.020395812335575206,-0.015474761684394819,-0.0017509869183922808,-0.010478367131093926
0.8939287662506104,0.017821043108064212,0.004873354837351853,0.050842918886712586,0.00933210129897226,0.0023278527061926517,0.025561418672655243,-0.03028665717392283,-0.0040484111195200284,-0.020395812335575206,-0.015320014067550871,-0.001733477049208358,-0.010373583459782986
0.9083070755004883,0.020906325334721552,0.004360967865409287,0.057267726298054523,0.011404233015517115,0.0019633559407357263,0.029765869805234664,-0.03372037626533855,-0.0048741856201188925,-0.02202471612851904,-0.017579637016932582,-0.0021766376961380686,-0.011402388479188834
0.9113178253173828,0.020906325334721552,0.004360967865409287,0.057267726298054523,0.011290190685361945,0.001943722381328369,0.029468211107182316,-0.03372037626533855,-0.0048741856201188925,-0.02202471612851904,-0.017403840646763258,-0.0021548713191766877,-0.011288364594396945
0.9295139312744141,0.02405498141566982,0.003818203988978026,0.06306783019689936,0.012922841178856283,0.0016425841653218065,0.032354292972182765,-0.037143110567342104,-0.005770994416808426,-0.02360779312758341,-0.01913549748279282,-0.002527619101807614,-0.012042047309435165
0.9325642585754395,0.02405498141566982,0.003818203988978026,0.06306783019689936,0.01279361276706772,0.0016261583236685884,0.032030750042460934,-0.037143110567342104,-0.005770994416808426,-0.02360779312758341,-0.018944142507964893,-0.002502342910789538,-0.011921626836340814
0.9488070011138916,0.02730913680565585,0.0032460530037097183,0.06858979480976436,0.014686220935592359,0.0012803797032195962,0.03510220484786459,-0.040527175967738485,-0.006746503768000481,-0.025154969054493968,-0.020872209238963574,-0.0029596805425007268,-0.012746971738216163
0.9518725872039795,0.02730913680565585,0.0032460530037097183,0.06858979480976436,0.014539358726236434,0.0012675759061874002,0.034751182799385945,-0.040527175967738485,-0.006746503768000481,-0.025154969054493968,-0.020663487146573938,-0.0029300837370757195,-0.012619502020834
0.9758305549621582,0.030677192618684943,0.0026227335624682733,0.074082995029178,0.015812013928281007,0.0010119811933317821,0.036690839584971616,-0.04385372900655853,-0.007803434635930332,-0.026667502188731425,-0.021873262973773056,-0.0032572360780584717,-0.01311607420649328
0.9824819564819336,0.030677192618684943,0.0026227335624682733,0.074082995029178,0.0156538937889982,0.0010018613813984644,0.0363239311891219,-0.04385372900655853,-0.007803434635930332,-0.026667502188731425,-0.021654530344035326,-0.003224663717277887,-0.012984913464428345
0.9952144622802734,0.0341521144901823,0.0019267390270335226,0.07974351135505187,0.01825173892690148,0.00047889472473467516,0.04039479156247834,-0.047105768522829695,-0.008958402689810872,-0.028131263616105618,-0.0240556150532384,-0.003932073825600938,-0.01398153753907677
0.9999055862426758,0.0341521144901823,0.0019267390270335226,0.07974351135505187,0.018069221537632463,0.0004741057774873284,0.039990843646853555,-0.047105768522829695,-0.008958402689810872,-0.028131263616105618,-0.023815058902706014,-0.0038927530873449283,-0.013841722163686001
1.0150337219238281,0.03770898691314709,0.0011995707929428748,0.08570491820671763,0.020261904411850117,1.5887324489452037e-05,0.04352138308329584,-0.05026758471570259,-0.010223265435052177,-0.02953424240476614,-0.02573121886166072,-0.004542413966068798,-0.014604481265444924
1.020237684249878,0.03770898691314709,0.0011995707929428748,0.08570491820671763,0.020059285367731616,1.5728451244557517e-05,0.04308616925246288,-0.05026758471570259,-0.010223265435052177,-0.02953424240476614,-0.02547390667304411,-0.00449698982640811,-0.014458436452790475
1.0306015014648438,0.041123213106828524,0.00035302560559268735,0.09094231826716598,0.023189713391929587,-0.0007540547946406353,0.04769208056719045,-0.05331998891933132,-0.01160598688524965,-0.030890040599321045,-0.02827537411999443,-0.005565908899769691,-0.015572737709254566
1.0338420867919922,0.041123213106828524,0.00035302560559268735,0.09094231826716598,0.02295781625801029,-0.0007465142466942289,0.04721515976151855,-0.05331998891933132,-0.01160598688524965,-0.030890040599321045,-0.027992620378794485,-0.005510249810771994,-0.01541701033216202
1.0511391162872314,0.04449583659080765,-0.0005537572091146124,0.09581261084208945,0.024701423012885748,-0.0012316363551411178,0.04954801560414066,-0.056235094992801604,-0.01312317293645292,-0.03220160409991513,-0.029476194898407627,-0.00619985515916488,-0.01598402756145886
1.0542254447937012,0.04449583659080765,-0.0005537572091146124,0.09581261084208945,0.02445440878275689,-0.0012193199915897066,0.04905253544809925,-0.056235094992801604,-0.01312317293645292,-0.03220160409991513,-0.02918143294942355,-0.006137856607573231,-0.015824187285844272
1.0737237930297852,0.047856942586036844,-0.0014777391863541082,0.10056590376796412,0.025954736187143865,-0.0016518116745600107,0.05099019055345727,-0.05900479923573837,-0.014803924154066573,-0.03346362534657857,-0.030391911244351946,-0.006821390404681433,-0.01627253815815626
1.0798850059509277,0.047856942586036844,-0.0014777391863541082,0.10056590376796412,0.025695188825272428,-0.0016352935578144107,0.0504802886479227,-0.05900479923573837,-0.014803924154066573,-0.03346362534657857,-0.030087992131908426,-0.006753176500634619,-0.016109812776574695
1.0915014743804932,0.05121054971476343,-0.0024395338545786403,0.10541963466223365,0.028362143376697645,-0.0024001503360132083,0.05413691583191966,-0.06162573984695781,-0.0166665205132031,-0.03465680169133005,-0.03220462460500131,-0.008092956452803798,-0.01689297054592799
1.0948688983917236,0.05121054971476343,-0.0024395338545786403,0.10541963466223365,0.02807852194293067,-0.002376148832653076,0.05359554667360046,-0.06162573984695781,-0.0166665205132031,-0.03465680169133005,-0.031882578358951294,-0.00801202688827576,-0.01672404084046871
1.1085104942321777,0.05453716825304664,-0.0034157192105224083,0.11054454721435544,0.03026826948981796,-0.003034216065686209,0.05680169085192826,-0.06410171509038723,-0.01873259324168034,-0.03578735686902059,-0.03353986275781238,-0.009279579923984692,-0.017300925781320572
1.1117463111877441,0.05453716825304664,-0.0034157192105224083,0.11054454721435544,0.02996558679491978,-0.003003873905029347,0.056233673943408974,-0.06410171509038723,-0.01873259324168034,-0.03578735686902059,-0.03320446413023426,-0.009186784124744845,-0.017127916523507366
1.1304891109466553,0.05756573445408252,-0.004461776187221997,0.11486581671157807,0.03130768544569102,-0.0035042960677186077,0.057964985793860016,-0.06643126910572245,-0.021022077986969034,-0.03683979575314871,-0.034251246270643285,-0.010195932874511529,-0.01744535515707088
1.133392333984375,0.05756573445408252,-0.004461776187221997,0.11486581671157807,0.03099460859123411,-0.0034692531070414216,0.05738533593592141,-0.06643126910572245,-0.021022077986969034,-0.03683979575314871,-0.03390873380793685,-0.010093973545766414,-0.017270901605500173
1.1489944458007812,0.060478009188975036,-0.005495381473542367,0.11878186588086315,0.032582319348243696,-0.0040605726528998316,0.05930728917661383,-0.06859990883297647,-0.023538040146096114,-0.037813706999284026,-0.03514616866842174,-0.011463899972787255,-0.017620868257386
1.1517887115478516,0.060478009188975036,-0.005495381473542367,0.11878186588086315,0.03225649615476126,-0.004019966926370833,0.05871421628484769,-0.06859990883297647,-0.023538040146096114,-0.037813706999284026,-0.03479470698173752,-0.011349260973059383,-0.01744465957481214
1.170746088027954,0.06335611328336894,-0.006503776886430348,0.12257743820325503,0.03347701222046608,-0.004480822426973062,0.06011800312774959,-0.070602542280165,-0.026308351817655926,-0.038712804806670754,-0.035678372110553934,-0.01258368490979533,-0.017647900662584485
1.1741178035736084,0.06335611328336894,-0.006503776886430348,0.12257743820325503,0.03314224209826142,-0.004436014202703331,0.0595168230964721,-0.070602542280165,-0.026308351817655926,-0.038712804806670754,-0.03532158838944839,-0.012457848060697376,-0.01747142165595864
1.190911054611206,0.0662339308315856,-0.00746638670611843,0.12650467830834583,0.03455072190858495,-0.004932556905476431,0.06124840415698515,-0.07243285518077303,-0.029334076458952203,-0.039523281390309715,-0.03628186450355877,-0.01401063319219114,-0.017654925762227297
1.1949012279510498,0.0662339308315856,-0.00746638670611843,0.12650467830834583,0.0342052146894991,-0.004883231336421667,0.0606359201154153,-0.07243285518077303,-0.029334076458952203,-0.039523281390309715,-0.03591904585852318,-0.013870526860269228,-0.017478376504605025
1.2093231678009033,0.06910403372929054,-0.00832643908591757,0.13076585428476895,0.0358787324433749,-0.005401348465815208,0.06297261277584391,-0.0741021858573234,-0.03263969859842696,-0.04023844203726805,-0.037011753568610084,-0.01588160924149939,-0.017634836447702577
1.2122750282287598,0.06910403372929054,-0.00832643908591757,0.13076585428476895,0.03551994511894115,-0.005347334981157055,0.062342886648085474,-0.0741021858573234,-0.03263969859842696,-0.04023844203726805,-0.03664163603292398,-0.015722793149084396,-0.017458488083225553
1.2287712097167969,0.07171592122004751,-0.009091123427873571,0.13427415132372095,0.03676819007122041,-0.005726263131483513,0.06383754984274634,-0.07563781555722715,-0.03620791888978194,-0.04085633013726753,-0.03749151239836019,-0.01760532538199926,-0.01749769112744086
1.2331185340881348,0.07171592122004751,-0.009091123427873571,0.13427415132372095,0.0364005081705082,-0.005669000500168678,0.06319917434431888,-0.07563781555722715,-0.03620791888978194,-0.04085633013726753,-0.037116597274376585,-0.01742927212817927,-0.01732271421616645
1.2489945888519287,0.07424787311290108,-0.009721206653956555,0.13744003235824645,0.0376472863505265,-0.0059727261291626175,0.06455525721095669,-0.07702929706207777,-0.04003828553124443,-0.04138569973666772,-0.037947896530826045,-0.01954241893285446,-0.01729795693967633
1.2519361972808838,0.07424787311290108,-0.009721206653956555,0.13744003235824645,0.037270813487021236,-0.005912998867870991,0.06390970463884713,-0.07702929706207777,-0.04003828553124443,-0.04138569973666772,-0.037568417565517785,-0.019346994743525914,-0.017124977370279567
1.2727770805358887,0.07678020850179715,-0.010213949765473658,0.14056220703809705,0.03812085225032016,-0.006061986172309412,0.06476657408595515,-0.07827971048516132,-0.044126319897144196,-0.04182839781659545,-0.038063842447137806,-0.021021844276277398,-0.01701127138325371
1.276782751083374,0.07678020850179715,-0.010213949765473658,0.14056220703809705,0.037739643727816956,-0.006001366310586317,0.06411890834509561,-0.07827971048516132,-0.044126319897144196,-0.04182839781659545,-0.03768320402266643,-0.020811625833514626,-0.016841158669421173
1.2905099391937256,0.07934253709955683,-0.010534213857007294,0.14391626824749035,0.039230993726549444,-0.006137184690855725,0.06592265001960569,-0.07940459544822495,-0.04848300238396008,-0.04218004407435715,-0.038574833801484514,-0.023636807853912575,-0.016671092667674452
1.2957770824432373,0.07934253709955683,-0.010534213857007294,0.14391626824749035,0.03883868378928395,-0.006075812843947167,0.06526342351940963,-0.07940459544822495,-0.04848300238396008,-0.04218004407435715,-0.03818908546346967,-0.023400439775373448,-0.016504381740997706
1.3105299472808838,0.08194168916565077,-0.010680861374838936,0.14768805535045085,0.04020454395221822,-0.0060896158876620945,0.06717341844870306,-0.08043672017293303,-0.053102349745371195,-0.04243476037250302,-0.03896089308643446,-0.02616384216408918,-0.01625037898925554
1.3160316944122314,0.08194168916565077,-0.010680861374838936,0.14768805535045085,0.039802498512696044,-0.006028719728785474,0.06650168426421603,-0.08043672017293303,-0.053102349745371195,-0.04243476037250302,-0.03857128415557012,-0.02590220374244829,-0.016087875199362986
1.3304781913757324,0.08433199625464188,-0.010621642788517235,0.15081239734029306,0.041042820064964514,-0.005894963671338737,0.06801073353225559,-0.08141953174604741,-0.05796077746875404,-0.04259595007522002,-0.03936317151786197,-0.028863033749211793,-0.01575041181254089
1.3361361026763916,0.08433199625464188,-0.010621642788517235,0.15081239734029306,0.04063239186431487,-0.005836014034625349,0.06733062619693303,-0.08141953174604741,-0.05796077746875404,-0.04259595007522002,-0.03896953980268335,-0.028574403411719674,-0.015592907694415481
1.351714849472046,0.0866648144461617,-0.010373575305561489,0.15369013877964546,0.04169991622650753,-0.005585005476577697,0.06852009262521831,-0.08234060182774212,-0.06306154219930393,-0.042685151160221105,-0.03966418000613202,-0.03142623982280787,-0.015206960648756873
1.3569140434265137,0.0866648144461617,-0.010373575305561489,0.15369013877964546,0.041282917064242454,-0.0055291554218119205,0.06783489169896613,-0.08234060182774212,-0.06306154219930393,-0.042685151160221105,-0.0392675382060707,-0.031111977424579794,-0.015054891042269303
1.3758208751678467,0.08900099533082642,-0.009948715517849387,0.15658695723458585,0.04207903855855163,-0.005222441213050791,0.06870555011524335,-0.08320633777739611,-0.06839909869328539,-0.04270973141119217,-0.03976577466438122,-0.033507900106413885,-0.014663852299541822
1.3811554908752441,0.08900099533082642,-0.009948715517849387,0.15658695723458585,0.04165824817296611,-0.005170216800920283,0.06801849461409092,-0.08320633777739611,-0.06839909869328539,-0.04270973141119217,-0.03936811691773741,-0.03317282110534975,-0.014517213776546403
1.3920412063598633,0.09136736473991285,-0.009415825392297676,0.15974931995602093,0.04336060485372251,-0.004591932371336432,0.0702769325975838,-0.08403218700320539,-0.07398019297796549,-0.04267820312990687,-0.04053512779848995,-0.037758062449659145,-0.01387198054022577
1.3998315334320068,0.09136736473991285,-0.009415825392297676,0.15974931995602093,0.04292699880518529,-0.004546013047623068,0.06957416327160797,-0.08403218700320539,-0.07398019297796549,-0.04267820312990687,-0.040129776520505055,-0.037380481825162556,-0.013733260734823512
1.4128129482269287,0.09375974382805477,-0.008777594874723486,0.16335280618624434,0.044287277170492634,-0.003992344429796565,0.07168581887650091,-0.08484634201569974,-0.07978443395446227,-0.04259104042898597,-0.04107041026050129,-0.04129048528632719,-0.013108462570773955
1.4182522296905518,0.09375974382805477,-0.008777594874723486,0.16335280618624434,0.04384440439878771,-0.003952420985498599,0.07096896068773591,-0.08484634201569974,-0.07978443395446227,-0.04259104042898597,-0.040659706157896276,-0.04087758043346392,-0.012977377945066216
1.4305033683776855,0.0959434361976207,-0.00811423420931507,0.16623712778658284,0.045131983182288775,-0.003340361241156261,0.07264766510645985,-0.08568323821736017,-0.08579919940720071,-0.042455535761245854,-0.04173425702361168,-0.04516460514804572,-0.012265982756566518
1.434783697128296,0.0959434361976207,-0.00811423420931507,0.16623712778658284,0.04468066335046589,-0.0033069576287446984,0.07192118845539526,-0.08568323821736017,-0.08579919940720071,-0.042455535761245854,-0.04131691445337556,-0.04471295909656526,-0.012143322929000852
1.4503734111785889,0.09806270298564673,-0.007405715492603001,0.1687971184682352,0.04554698082194012,-0.002788657987938493,0.07287230057578198,-0.08651257574947281,-0.09201572604438366,-0.0423074708820237,-0.042094047027730466,-0.04807905810302288,-0.011536810606707356
1.4534943103790283,0.09806270298564673,-0.007405715492603001,0.1687971184682352,0.04509151101372072,-0.002760771408059108,0.07214357757002415,-0.08651257574947281,-0.09201572604438366,-0.0423074708820237,-0.04167310655745316,-0.04759826752199265,-0.011421442500640283
1.4709250926971436,0.10018682523667335,-0.00671313775540633,0.17130028158062535,0.04581858240089155,-0.002306490842940823,0.07288309568391392,-0.08732833412390562,-0.09843330594889754,-0.04215728748670904,-0.042341523101352196,-0.050643452272590955,-0.010853828834550768
1.4751052856445312,0.10018682523667335,-0.00671313775540633,0.17130028158062535,0.045360396576882636,-0.002283425934511415,0.07215426472707479,-0.08732833412390562,-0.09843330594889754,-0.04215728748670904,-0.04191810787033867,-0.050137017749865044,-0.010745290546205261
1.4922568798065186,0.10233486517888667,-0.006038127351496769,0.17400583560786173,0.04611863176381785,-0.0018419285186388635,0.07303486523963364,-0.08813860309626798,-0.10503773713542379,-0.04201412670369781,-0.042627265158636546,-0.0533178479333235,-0.010162769827733993
1.4959592819213867,0.10233486517888667,-0.006038127351496769,0.17400583560786173,0.04565744544617967,-0.0018235092334524749,0.0723045165872373,-0.08813860309626798,-0.10503773713542379,-0.04201412670369781,-0.04220099250705018,-0.05278466945399027,-0.010061142129456652
1.5105431079864502,0.10450237864700919,-0.005347162042560958,0.17709617570626718,0.046638388016073305,-0.0013144437262503075,0.07372974870930722,-0.08896739527890646,-0.11181882221346885,-0.04187728182259651,-0.043153386205028066,-0.0566988091181213,-0.00938474988018121
1.5135936737060547,0.10450237864700919,-0.005347162042560958,0.17709617570626718,0.04617200413591257,-0.0013012992889878045,0.07299245122221415,-0.08896739527890646,-0.11181882221346885,-0.04187728182259651,-0.04272185234297778,-0.05613182102694009,-0.009290902381379399
1.5302536487579346,0.10640917804680315,-0.00465081830661221,0.17936150899407408,0.04681248464068233,-0.0008434050050052525,0.0736480785484396,-0.0898580060927823,-0.11876505141306345,-0.041752918267848965,-0.043560979097502325,-0.05954639565579298,-0.008684196167855289
1.5335907936096191,0.10640917804680315,-0.00465081830661221,0.17936150899407408,0.0463443597942755,-0.0008349709549552,0.07291159776295521,-0.0898580060927823,-0.11876505141306345,-0.041752918267848965,-0.0431253693065273,-0.05895093169923505,-0.008597354206176735
1.5503554344177246,0.10824045382736291,-0.003973133650906468,0.1812221638462572,0.046932201871663574,-0.00038680419580800455,0.07331764286958815,-0.09076699832513263,-0.12586514728497233,-0.0416555529309758,-0.04398756117368185,-0.062398712779705025,-0.008000265223775012
1.5536916255950928,0.10824045382736291,-0.003973133650906468,0.1812221638462572,0.04646287985294694,-0.0003829361538499245,0.07258446644089227,-0.09076699832513263,-0.12586514728497233,-0.0416555529309758,-0.04354768556194503,-0.061774725651907975,-0.007920262571537261
1.576096534729004,0.11007946778466712,-0.0033148598005617678,0.18297627414997406,0.04678902825585398,-5.575909282184787e-05,0.07266012862560754,-0.09168225106365352,-0.13308903063847322,-0.04159262545020689,-0.04409842453242157,-0.06423067553087121,-0.007462692630075193
1.5794458389282227,0.11007946778466712,-0.0033148598005617678,0.18297627414997406,0.04632113797329544,-5.520150189362939e-05,0.07193352733935146,-0.09168225106365352,-0.13308903063847322,-0.04159262545020689,-0.04365744028709735,-0.0635883687755625,-0.007388065703774442
1.6173012256622314,0.11393238229740009,-0.0020224072614400176,0.18722600294279984,0.0468408107180525,0.00031517448190270566,0.07235835028834045,-0.09355616854522195,-0.1478884463943062,-0.041573687067537266,-0.04443283821427155,-0.06667586584542116,-0.0068708861966340455
1.620297908782959,0.11393238229740009,-0.0020224072614400176,0.18722600294279984,0.04637240261087198,0.0003120227370836786,0.07163476678545705,-0.09355616854522195,-0.1478884463943062,-0.041573687067537266,-0.04398850983212883,-0.06600910718696695,-0.006802177334667705
1.6505894660949707,0.11737132638122448,-0.0008486433583241161,0.18972241875615437,0.047003274208970144,0.0007522609520639815,0.0717679395498349,-0.09560957935380163,-0.1630804267666143,-0.04167317444777706,-0.045158132710876084,-0.07011622057019294,-0.006189541218305796
1.6538190841674805,0.11737132638122448,-0.0008486433583241161,0.18972241875615437,0.04653324146688044,0.0007447383425433417,0.07105026015433655,-0.09560957935380163,-0.1630804267666143,-0.04167317444777706,-0.04470655138376732,-0.06941505836449101,-0.006127645806122738
1.6737520694732666,0.11908704570311236,-0.0002238815199436298,0.19064255609443867,0.04689539583372728,0.0011024254966217402,0.07082219337045288,-0.09664828343279971,-0.1707902309172741,-0.04178237889936328,-0.045502919623644444,-0.07239941875951077,-0.005669717582414396
1.6767542362213135,0.11908704570311236,-0.0002238815199436298,0.19064255609443867,0.04642644187539001,0.0010914012416555227,0.07011397143674836,-0.09664828343279971,-0.1707902309172741,-0.04178237889936328,-0.045047890427408,-0.07167542457191566,-0.005613020406590252
1.6923720836639404,0.12086613816753748,0.0003702947131336744,0.19173676125237962,0.04706087895243911,0.0015242992177399285,0.07013879610978342,-0.09768579495986819,-0.17857068025127432,-0.041925451985656836,-0.04619772920254451,-0.07569773521904159,-0.005058932348832862
1.6980512142181396,0.12086613816753748,0.0003702947131336744,0.19173676125237962,0.04659027016291471,0.0015090562255625293,0.06943740814868558,-0.09768579495986819,-0.17857068025127432,-0.041925451985656836,-0.04573575191051906,-0.07494075786685117,-0.005008343025344534
1.7134833335876465,0.12272069451961916,0.0009083748900436736,0.19323701058114454,0.04728940617094043,0.0018958848431056326,0.06973824662644879,-0.098742763219273,-0.18640364711998386,-0.04209877025595017,-0.046924363385140604,-0.0790172112260645,-0.004461399245113716
1.7185239791870117,0.12272069451961916,0.0009083748900436736,0.19323701058114454,0.046816512109231025,0.0018769259946745762,0.0690408641601843,-0.098742763219273,-0.18640364711998386,-0.04209877025595017,-0.0464551197512892,-0.07822703911380385,-0.004416785252662579
1.7289960384368896,0.12437401765223342,0.0014578426682083697,0.1938853057654319,0.04786958910540463,0.002492370325608522,0.06900559245976963,-0.09986039137672079,-0.19429419684330235,-0.04230128352855565,-0.048488578985283526,-0.0845994742996598,-0.0036510510683693646
1.7321906089782715,0.12437401765223342,0.0014578426682083697,0.1938853057654319,0.04739089321435058,0.002467446622352437,0.06831553653517193,-0.09986039137672079,-0.19429419684330235,-0.04230128352855565,-0.04800369319543069,-0.08375347955666321,-0.003614540557685671
1.7504031658172607,0.12599169002917088,0.0020055116173158787,0.19411350600196778,0.04777123063002631,0.002818823188185148,0.06777892809705262,-0.1009920340760812,-0.20224130048118083,-0.04253929831876338,-0.04897471343776139,-0.08706003620261,-0.0031728201031239966
1.7536325454711914,0.12599169002917088,0.0020055116173158787,0.19411350600196778,0.047293518323726046,0.0027906349563032963,0.0671011388160821,-0.1009920340760812,-0.20224130048118083,-0.04253929831876338,-0.04848496630338378,-0.0861894358405839,-0.0031410919020927568
1.7745578289031982,0.12764891196728687,0.002535863038353769,0.1942421782991689,0.04758342628082258,0.0030866208910672113,0.06650981886322084,-0.1021285111292675,-0.21023715273549876,-0.0428127830126029,-0.049270488807789434,-0.08895803728937295,-0.002764936682175126
1.7795398235321045,0.12764891196728687,0.002535863038353769,0.1942421782991689,0.04710759201801435,0.003055754682156539,0.06584472067458863,-0.1021285111292675,-0.21023715273549876,-0.0428127830126029,-0.04877778391971154,-0.08806845691647922,-0.0027372873153533746
1.7919232845306396,0.1293698341491349,0.0030457988813188948,0.19457049489765282,0.04797912597358502,0.00355088834196722,0.06548088765031228,-0.10327412592818476,-0.21827285320644338,-0.04312537655577597,-0.05045248060277225,-0.09335475226927727,-0.002144665922455075
1.795759677886963,0.1293698341491349,0.0030457988813188948,0.19457049489765282,0.04749933471384917,0.003515379458547548,0.06482607877380915,-0.10327412592818476,-0.21827285320644338,-0.04312537655577597,-0.04994795579674453,-0.0924212047465845,-0.002123219263230524
1.8140108585357666,0.13116921418166375,0.0035418367039231147,0.19533788690126783,0.04798012139338982,0.003818042829943161,0.06461728882589346,-0.10445319367712246,-0.2263516046467384,-0.043467916103760676,-0.05094167574400806,-0.09570102942934389,-0.0017248217343081224
1.8189077377319336,0.13116921418166375,0.0035418367039231147,0.19533788690126783,0.04750032017945592,0.0037798624016437293,0.06397111593763452,-0.10445319367712246,-0.2263516046467384,-0.043467916103760676,-0.05043225898656798,-0.09474401913505044,-0.001707573516965041
1.8313255310058594,0.13278193916698566,0.004025632855127938,0.1953347830335447,0.048277940250506586,0.0042545932178592,0.06335766921628255,-0.10570867250531776,-0.23446475871589242,-0.0438299369311943,-0.05218848183652467,-0.09999175118002443,-0.0011396274853100628
1.8343498706817627,0.13278193916698566,0.004025632855127938,0.1953347830335447,0.04779516084800152,0.0042120472856806085,0.06272409252411973,-0.10570867250531776,-0.23446475871589242,-0.0438299369311943,-0.05166659701815943,-0.09899183366822419,-0.0011282312104569621
1.8526737689971924,0.13434813143811938,0.004499654741779079,0.19497975613872376,0.04814017168597199,0.004522160817686165,0.0619227969350532,-0.10700037869650643,-0.24262473677227112,-0.044223605782286284,-0.052704887251775745,-0.10222358344400327,-0.0007514318009853035
1.857910394668579,0.13434813143811938,0.004499654741779079,0.19497975613872376,0.047658769969112266,0.004476939209509303,0.061303568965702666,-0.10700037869650643,-0.24262473677227112,-0.044223605782286284,-0.05217783837925799,-0.10120134760956324,-0.0007439174829754504
1.8754608631134033,0.13593112413843803,0.004987768582198951,0.1945912738850808,0.048050035811416814,0.004810074977290501,0.06049041847981929,-0.10831975789117088,-0.2508205826447589,-0.04464827151589736,-0.053297416042437804,-0.10461630388579338,-0.00036325026129325366
1.8824713230133057,0.13593112413843803,0.004987768582198951,0.1945912738850808,0.04756953545330264,0.004761974227517596,0.0598855142950211,-0.10831975789117088,-0.2508205826447589,-0.04464827151589736,-0.05276444188201342,-0.10357014084693544,-0.0003596177586803211
1.8967833518981934,0.1375670991949223,0.005441668373250143,0.1944636123065212,0.0481984332044516,0.005145367430150327,0.059221461326536155,-0.10966894902186806,-0.25905187720203793,-0.045094805615990434,-0.0542742235442086,-0.10798479564566878,9.798867013932828e-05
1.902965784072876,0.1375670991949223,0.005441668373250143,0.1944636123065212,0.047716448872407086,0.005093913755848824,0.05862924671327079,-0.10966894902186806,-0.25905187720203793,-0.045094805615990434,-0.05373148130876651,-0.10690494768921209,9.7008783437935e-05
1.9147090911865234,0.1392588155766129,0.0058079095038019056,0.1948283005007097,0.04864287719744863,0.005470278903968229,0.05837646941780346,-0.11106457006013004,-0.2673143695848975,-0.045553040324079204,-0.05572371626269608,-0.11249620498026372,0.0006532273199734717
1.9206757545471191,0.1392588155766129,0.0058079095038019056,0.1948283005007097,0.04815644842547414,0.005415576114928547,0.057792704723625424,-0.11106457006013004,-0.2673143695848975,-0.045553040324079204,-0.05516647910006912,-0.11137124293046108,0.000646695046773737
1.9325141906738281,0.14072574991332962,0.006145891084684278,0.19456395091800038,0.048876903773472646,0.005779920897730676,0.0570140790896451,-0.11254017770350731,-0.2756000102227694,-0.04602324368953521,-0.05719245536950022,-0.11687159623507717,0.0011937181057619702
1.9360697269439697,0.14072574991332962,0.006145891084684278,0.19456395091800038,0.04838813473573792,0.00572212168875337,0.05644393829874865,-0.11254017770350731,-0.2756000102227694,-0.04602324368953521,-0.05662053081580522,-0.1157028802727264,0.0011817809247043505
1.951056718826294,0.14211798724994065,0.00644122311610433,0.19404618668002366,0.04880569938569391,0.0059742640630557585,0.05555041401829664,-0.11406387798820908,-0.28392111722234825,-0.04651466511706485,-0.05812389593073662,-0.11978967621867707,0.0016029552975785357
1.9551770687103271,0.14211798724994065,0.00644122311610433,0.19404618668002366,0.04831764239183697,0.0059145214224252006,0.054994909878113674,-0.11406387798820908,-0.28392111722234825,-0.04651466511706485,-0.057542656971429254,-0.1185917794564903,0.0015869257446027502
1.9736990928649902,0.14350107808595858,0.006684824140013278,0.19356429974743167,0.04856181835526169,0.006076189050889195,0.05419604436865476,-0.11562477833515152,-0.2922753175565671,-0.04702329717095407,-0.058662982701995166,-0.12166403071347635,0.001920135954713661
1.976994276046753,0.14350107808595858,0.006684824140013278,0.19356429974743167,0.04807620017170907,0.006015427160380303,0.05365408392496821,-0.11562477833515152,-0.2922753175565671,-0.04702329717095407,-0.058076352874975215,-0.12044739040634159,0.0019009345951665245
1.9950008392333984,0.14489328706831903,0.006878855801552986,0.19339197078346437,0.04835266720265908,0.006143390719825806,0.05303090159405819,-0.11721741170979451,-0.300665088208811,-0.04755077389736229,-0.05926029951227474,-0.1236401000508515,0.0022391580013826433
2.0010733604431152,0.14489328706831903,0.006878855801552986,0.19339197078346437,0.04786914053063249,0.006081956812627548,0.05250059257811761,-0.11721741170979451,-0.300665088208811,-0.04755077389736229,-0.05866769651715199,-0.12240369905034298,0.002216766421368817
2.0147831439971924,0.14629601412623924,0.007020693594449598,0.19374687897840137,0.048399388621233705,0.006203605159572743,0.05224231644769413,-0.11885417693059343,-0.3090787603105479,-0.04809037711801806,-0.060435875757122184,-0.1269655273858865,0.002664935354835179
2.020374298095703,0.14629601412623924,0.007020693594449598,0.19374687897840137,0.04791539473502137,0.006141569107977016,0.05171989328321719,-0.11885417693059343,-0.3090787603105479,-0.04809037711801806,-0.059831516999550964,-0.12569587211202765,0.002638286001286827
2.0346193313598633,0.14747819003046095,0.0071470555090248754,0.19355349289124069,0.04825129715252764,0.00625798121150608,0.05107492617894731,-0.12056011064475601,-0.31750462898096976,-0.048630241269836935,-0.06154780096679891,-0.13000632847999746,0.003071211684538599
2.039966344833374,0.14747819003046095,0.0071470555090248754,0.19355349289124069,0.04776878418100237,0.006195401399391019,0.05056417691715783,-0.12056011064475601,-0.31750462898096976,-0.048630241269836935,-0.06093232295713092,-0.12870626519519748,0.003040499567693213
2.0551979541778564,0.14858128047324867,0.0072790133185742165,0.19314920264716595,0.04800026872183622,0.006308511608032543,0.04980132162028443,-0.12229711277336718,-0.3259535231324818,-0.0491818915266582,-0.06250854835350533,-0.13263832454778574,0.003439558239661191
2.0603723526000977,0.14858128047324867,0.0072790133185742165,0.19314920264716595,0.047520266034617856,0.006245426491952218,0.049303308404081585,-0.12229711277336718,-0.3259535231324818,-0.0491818915266582,-0.06188346286997028,-0.1313119413023079,0.0034051626572645793
2.0756547451019287,0.149669746587048,0.007451777468863759,0.19280785266141068,0.0477401649187926,0.00637993477837049,0.04859695125757279,-0.12405391269113282,-0.33442780016241574,-0.04975905307346627,-0.06345715546112576,-0.13521701284644821,0.003790430135608372
2.080685615539551,0.149669746587048,0.007451777468863759,0.19280785266141068,0.04726276326960467,0.006316135430586785,0.04811098174499706,-0.12405391269113282,-0.33442780016241574,-0.04975905307346627,-0.0628225839065145,-0.13386484271798374,0.0037525258342522884
2.1015748977661133,0.15078716254637864,0.007596650014849097,0.19277762429364417,0.04731498695591653,0.0063741249759507205,0.04762122777366436,-0.12582230634118663,-0.34293587509149065,-0.05035208026249714,-0.06380687744577464,-0.1363592548482025,0.0040207803198143354
2.10598087310791,0.15078716254637864,0.007596650014849097,0.19277762429364417,0.04684183708635736,0.006310383726191213,0.047145015495927714,-0.12582230634118663,-0.34293587509149065,-0.05035208026249714,-0.06316880867131688,-0.13499566229972046,0.0039805725166161925
2.121290922164917,0.15194677189112543,0.007699081147349148,0.19326626448457696,0.047122491424426184,0.0063624380052670695,0.04699736015636279,-0.12761268422152164,-0.35147047913906476,-0.05095465481128189,-0.06475729861741629,-0.13888904161379145,0.0043601083816970565
2.152888774871826,0.15194677189112543,0.007699081147349148,0.19326626448457696,0.04665126651018192,0.006298813625214399,0.04652738655479916,-0.12761268422152164,-0.35147047913906476,-0.05095465481128189,-0.06410972563124212,-0.13750015119765355,0.004316507297880086
2.1575746536254883,0.15287734681711934,0.007831099112200207,0.19322347371525922,0.04813049555619747,0.006712933500360856,0.04599462690803793,-0.12944636775375618,-0.3600154109483769,-0.05156477696241891,-0.07081688770886582,-0.15326179702700168,0.005644553875502854
2.16117000579834,0.15287734681711934,0.007831099112200207,0.19322347371525922,0.047649190600635494,0.006645804165357247,0.045534680638957555,-0.12944636775375618,-0.3600154109483769,-0.05156477696241891,-0.07010871883177716,-0.15172917905673167,0.005588108336747825
2.1645545959472656,0.15373664424926023,0.007954316810713607,0.1929682107689832,0.04965422665286262,0.0072414426657556805,0.044358472107340396,-0.1312882957454775,-0.3685796999027717,-0.05219811681811861,-0.07961041149726404,-0.17399940417588616,0.007391285997293683
2.168388843536377,0.15373664424926023,0.007954316810713607,0.1929682107689832,0.04915768438633399,0.007169028239098123,0.04391488738626699,-0.1312882957454775,-0.3685796999027717,-0.05219811681811861,-0.07881430738229141,-0.1722594101341273,0.007317373137320745
2.1769165992736816,0.15459856962476226,0.008042811870151725,0.19275861510353418,0.04965845225064068,0.007316025075405753,0.04323988819151866,-0.1331225988548906,-0.37716548436271174,-0.052849058393950356,-0.08206977709689516,-0.18000738482465253,0.007973900746976452
2.1801469326019287,0.15459856962476226,0.008042811870151725,0.19275861510353418,0.04916186772813427,0.007242864824651696,0.04280748930960347,-0.1331225988548906,-0.37716548436271174,-0.052849058393950356,-0.0812490793259262,-0.17820731097640602,0.007894161739506687
2.1976871490478516,0.15548251458008008,0.008123322354881906,0.19284771969581685,0.04916714796485922,0.00726040429320744,0.04243403978397082,-0.1349462818446669,-0.38578098081093287,-0.05352490025625112,-0.08240034099609168,-0.18104894356438894,0.008162773056369066
2.201023817062378,0.15548251458008008,0.008123322354881906,0.19284771969581685,0.04867547648521063,0.007187800250275366,0.04200969938613111,-0.1349462818446669,-0.38578098081093287,-0.05352490025625112,-0.08157633758613077,-0.17923845412874506,0.008081145325805375
2.218207359313965,0.1563896304184521,0.008147401672977115,0.19344263197402223,0.048715132057722994,0.007153857518618041,0.04193600638176576,-0.13676868135449372,-0.39442008686370117,-0.05421301265824707,-0.08276986375168546,-0.18217879442256218,0.008354481638700008
2.2246923446655273,0.1563896304184521,0.008147401672977115,0.19344263197402223,0.048227980737145765,0.007082318943431861,0.0415166463179481,-0.13676868135449372,-0.39442008686370117,-0.05421301265824707,-0.0819421651141686,-0.18035700647833655,0.008270936822313009
2.236772298812866,0.1570980091088619,0.008156474190747534,0.1934876666793932,0.04832807397557878,0.0070725884030783705,0.04113977204560524,-0.13861177519182624,-0.4030632168643369,-0.054905425621926976,-0.08399871488730537,-0.18528567561345924,0.008693502686007687
2.241133689880371,0.1570980091088619,0.008156474190747534,0.1934876666793932,0.04784479323582299,0.007001862519047586,0.04072837432514919,-0.13861177519182624,-0.4030632168643369,-0.054905425621926976,-0.08315872773843232,-0.18343281885732465,0.00860656765914761
2.2544572353363037,0.15774891157732066,0.008173675352364346,0.1933003870554474,0.04784931845870723,0.007002690358760674,0.040182609375208546,-0.1404399080081956,-0.4117214613476055,-0.05561600100613401,-0.08492479073691261,-0.18771780560817844,0.008971290682390155
2.260451078414917,0.15774891157732066,0.008173675352364346,0.1933003870554474,0.047370825274120155,0.006932663455173067,0.03978078328145646,-0.1404399080081956,-0.4117214613476055,-0.05561600100613401,-0.08407554282954349,-0.18584062755209665,0.008881577775566253
2.2891743183135986,0.15840947438305522,0.008202840667392923,0.19314090751741794,0.047124181354127846,0.006899888869674179,0.03932871525639988,-0.14224265879082618,-0.42039252465537086,-0.056350967454016736,-0.08443152563255006,-0.18682811709715813,0.00899630901890464
2.301532030105591,0.15840947438305522,0.008202840667392923,0.19314090751741794,0.046652939540586566,0.006830889980977437,0.03893542810383588,-0.14224265879082618,-0.42039252465537086,-0.056350967454016736,-0.08358721037622456,-0.18495983592618656,0.008906345928715594
2.310610294342041,0.15912199275481428,0.008182381694603063,0.1932550322593807,0.04696970970165943,0.006805976423511942,0.03867027394957748,-0.14401457883010807,-0.42908933558995305,-0.05710264023028075,-0.08651105769316071,-0.192150474616008,0.009455024422022762
2.316145896911621,0.15912199275481428,0.008182381694603063,0.1932550322593807,0.046500012604642836,0.006737916659276822,0.038283571210081704,-0.14401457883010807,-0.42908933558995305,-0.05710264023028075,-0.08564594711622911,-0.19022896986984794,0.009360474177802534
2.3200652599334717,0.1599031065150928,0.008127930248858675,0.1938513511028633,0.04804286739485754,0.0066050406676736555,0.03940683576955009,-0.14577073094169607,-0.4377987514095479,-0.05786240214116469,-0.09347739125874115,-0.20930192260182237,0.010746541953457834
2.3241026401519775,0.1599031065150928,0.008127930248858675,0.1938513511028633,0.04756243872090896,0.006538990260996919,0.03901276741185459,-0.14577073094169607,-0.4377987514095479,-0.05786240214116469,-0.09254261734615374,-0.20720890337580414,0.010639076533923255
2.354050636291504,0.1609935835074753,0.008142689109288368,0.19370654900182693,0.04744774293828703,0.006517495348904505,0.0385752980178272,-0.14927030717938042,-0.455233664763124,-0.05939438636103426,-0.09388731348081734,-0.2106335330062427,0.010923014408030994
2.363499641418457,0.1609935835074753,0.008142689109288368,0.19370654900182693,0.04697326550890416,0.00645232039541546,0.038189545037648924,-0.14927030717938042,-0.455233664763124,-0.05939438636103426,-0.09294844034600917,-0.20852719767618028,0.010813784263950684
2.3866002559661865,0.16155159005896946,0.008135458370268717,0.19354228623695857,0.046743224511093,0.006413699549994341,0.037736873548041706,-0.15097047058110316,-0.4639691240505278,-0.06017405056827703,-0.09347034654612396,-0.21001763017314884,0.010956647069459577
2.3922088146209717,0.16155159005896946,0.008135458370268717,0.19354228623695857,0.04627579226598207,0.006349562554494398,0.03735950481256129,-0.15097047058110316,-0.4639691240505278,-0.06017405056827703,-0.09253564308066273,-0.20791745387141736,0.01084708059876498
2.4012982845306396,0.16217577635246516,0.008138742549738164,0.19366307143102296,0.046496346677603884,0.006345251732707006,0.037119302541537946,-0.15263530701219527,-0.4727245400094404,-0.0609659846686625,-0.09526624894684599,-0.21495582011476894,0.011373438230888917
2.407602071762085,0.16217577635246516,0.008138742549738164,0.19366307143102296,0.04603138321082784,0.0062817992153799355,0.03674810951612257,-0.15263530701219527,-0.4727245400094404,-0.0609659846686625,-0.09431358645737753,-0.21280626191362126,0.011259703848580029
2.42248797416687,0.1628777340032222,0.00809912986133284,0.1942757388336246,0.04604605407086427,0.006205086971388471,0.03678880108055066,-0.1542813519253751,-0.4814928334381882,-0.06175956369091025,-0.0955955327255253,-0.21625477034903465,0.01153932873068906
2.4287703037261963,0.1628777340032222,0.00809912986133284,0.1942757388336246,0.04558559353015563,0.0061430361016745864,0.03642091306974515,-0.1542813519253751,-0.4814928334381882,-0.06175956369091025,-0.09463957739827004,-0.2140922226455443,0.01142393544338217
2.436016321182251,0.1634261785590444,0.0080604872162886,0.19433329863164855,0.04588775227816438,0.006095727315496311,0.03613239206037518,-0.15593719575373965,-0.4902603879273386,-0.06254776748531006,-0.09827798807925005,-0.22340204424756388,0.012128890080558835
2.4393715858459473,0.1634261785590444,0.0080604872162886,0.19433329863164855,0.04542887475538274,0.0060347700423413475,0.035771068139771434,-0.15593719575373965,-0.4902603879273386,-0.06254776748531006,-0.09729520819845755,-0.22116802380508824,0.012007601179753247
2.455223560333252,0.1639722572085048,0.008042814409073822,0.19415828011604275,0.04531695835917074,0.006005706057580386,0.03530297201151066,-0.15757300815671682,-0.499038115475465,-0.06334655391674192,-0.09840597475770102,-0.22420040281471768,0.01225974017289092
2.461477756500244,0.1639722572085048,0.008042814409073822,0.19415828011604275,0.04486378877557903,0.005945648997004583,0.03494994229139556,-0.15757300815671682,-0.499038115475465,-0.06334655391674192,-0.09742191501012401,-0.2219583987865705,0.012137142771162011
2.486560583114624,0.16458950679694,0.008049267788392333,0.19401169787764277,0.04465890166601416,0.005917303105546251,0.03454279590202533,-0.15918220944737116,-0.507827049744138,-0.0641599116309339,-0.09775458949943343,-0.22306032631241082,0.012248371798062206
2.491961717605591,0.16458950679694,0.008049267788392333,0.19401169787764277,0.04421231264935402,0.005858130074490788,0.034197367943005076,-0.15918220944737116,-0.507827049744138,-0.0641599116309339,-0.09677704360443909,-0.22082972304928672,0.012125888080081583
2.5017855167388916,0.16532342387057328,0.00802065022433022,0.1941379821270275,0.044516590040054815,0.005832487727753681,0.033981951920008434,-0.1607657287098354,-0.5166334136420944,-0.06498243859776046,-0.09912506045842226,-0.2271249678328931,0.01259928560311326
2.50699520111084,0.16532342387057328,0.00802065022433022,0.1941379821270275,0.044071424139654265,0.005774162850476145,0.03364213240080835,-0.1607657287098354,-0.5166334136420944,-0.06498243859776046,-0.09813380985383803,-0.22485371815456417,0.012473292747082127
2.5225565433502197,0.16618238601678695,0.007973129873274127,0.19474498526630735,0.044185807468632696,0.005707657962498098,0.03369223309508328,-0.16234341318439827,-0.5254486542817189,-0.06580272183347317,-0.09924640105812058,-0.22797781371920137,0.012731136762464875
2.529090166091919,0.16618238601678695,0.007973129873274127,0.19474498526630735,0.043743949393946366,0.005650581382873117,0.033355310764132444,-0.16234341318439827,-0.5254486542817189,-0.06580272183347317,-0.09825393704753937,-0.22569803558200935,0.012603825394840226
2.5400238037109375,0.1668857010295781,0.008004103704717285,0.19478931794960272,0.04394334964415158,0.005681190717627895,0.03306538142135323,-0.16394715423735767,-0.5342647386655588,-0.06661573979439304,-0.10027541603976171,-0.23108221698863027,0.013033864380020244
2.5443060398101807,0.1668857010295781,0.008004103704717285,0.19478931794960272,0.04350391614771006,0.005624378810451616,0.0327347276071397,-0.16394715423735767,-0.5342647386655588,-0.06661573979439304,-0.0992726618793641,-0.22877139481874395,0.01290352573622004
2.5893545150756836,0.1683749650204515,0.008115810336643747,0.1944134060579286,0.0433942045844273,0.005631658516990071,0.03232686456452295,-0.16711566675095307,-0.5519286361022419,-0.06825403613499761,-0.09972964140470475,-0.23020188350865078,0.013048735741672486
2.5939223766326904,0.1683749650204515,0.008115810336643747,0.1944134060579286,0.042960262538583024,0.00557534193182017,0.03200359591887772,-0.16711566675095307,-0.5519286361022419,-0.06825403613499761,-0.0987323449906577,-0.22789986467356427,0.012918248384255761
2.6033549308776855,0.16925705849124062,0.008191268418452666,0.19450767585379902,0.04345316717529444,0.005680979555588491,0.03179107109292511,-0.16867404255213272,-0.5607776741807691,-0.0690813158684487,-0.10118431014299734,-0.23452297007513542,0.013446992271802322
2.608006238937378,0.16925705849124062,0.008191268418452666,0.19450767585379902,0.04301863550354149,0.005624169760032606,0.03147316038199586,-0.16867404255213272,-0.5607776741807691,-0.0690813158684487,-0.10017246704156736,-0.23217774037438407,0.013312522349084298
2.623318672180176,0.17024796340805795,0.008233364061016483,0.19508011762307187,0.04323241108843636,0.005626487337252645,0.03153371604493332,-0.17023599466561376,-0.569632929792349,-0.06990912707493878,-0.10129559978609913,-0.2353416251855788,0.013590402120030987
2.6269938945770264,0.17024796340805795,0.008233364061016483,0.19508011762307187,0.042800086977552,0.005570222463880119,0.031218378884483984,-0.17023599466561376,-0.569632929792349,-0.06990912707493878,-0.10028264378823813,-0.23298820893372302,0.013454498098830677
2.6387524604797363,0.1710962475025014,0.008276125972972299,0.19508626386318656,0.04308546685563443,0.005620182415938091,0.030915521482740224,-0.17183281983822027,-0.5784850688784187,-0.07073405448605496,-0.10207550084118418,-0.23779279195760245,0.013862574052374517
2.6428756713867188,0.1710962475025014,0.008276125972972299,0.19508626386318656,0.042654612187078084,0.00556398059177871,0.030606366267912823,-0.17183281983822027,-0.5784850688784187,-0.07073405448605496,-0.10105474583277234,-0.23541486403802642,0.013723948311850772
2.659991502761841,0.17194320281350978,0.008347119958823175,0.19485275799310067,0.0427144406693157,0.0056090378395305006,0.030168796184142643,-0.17342796121709783,-0.5873426794399066,-0.07157046146037722,-0.10196340049489361,-0.23796663660239797,0.013957664373632855
2.664487600326538,0.17194320281350978,0.008347119958823175,0.19485275799310067,0.042287296262622544,0.005552947461135196,0.029867108222301215,-0.17342796121709783,-0.5873426794399066,-0.07157046146037722,-0.10094376648994467,-0.23558697023637398,0.013818087729896527
2.685706615447998,0.1728562465749635,0.008445091683510883,0.19464296650316812,0.04228657897695536,0.005593285605983225,0.029474630407555685,-0.1750122559485818,-0.5962085216649302,-0.07242343374116758,-0.10147738186288234,-0.2371944649468574,0.013975868399248347
2.6892597675323486,0.1728562465749635,0.008445091683510883,0.19464296650316812,0.041863713187185805,0.005537352749923393,0.029179884103480127,-0.1750122559485818,-0.5962085216649302,-0.07242343374116758,-0.10046260804425351,-0.23482252029738881,0.013836109715255862
2.708472967147827,0.1738788030050298,0.008508436848159188,0.1946999753005533,0.04197104360490047,0.00556366783970496,0.02892119980827356,-0.17658582854722746,-0.6050807236251677,-0.07328972790075484,-0.10115760722161946,-0.23685645074653564,0.014023013598018103
2.7145700454711914,0.1738788030050298,0.008508436848159188,0.1946999753005533,0.04155133316885146,0.00550803116130791,0.028631987810190825,-0.17658582854722746,-0.6050807236251677,-0.07328972790075484,-0.10014603114940326,-0.23448788623907027,0.013882783462037921
2.7310070991516113,0.17501897004350703,0.00854783878866463,0.1952336915688096,0.04182598192560316,0.0055159849208710095,0.028671789132485748,-0.17816644231692919,-0.6139576386622562,-0.07416026353566578,-0.10113878564393879,-0.23726617702098257,0.014127875455097774
2.7360897064208984,0.17501897004350703,0.00854783878866463,0.1952336915688096,0.041407722106347127,0.005460825071662299,0.02838507124116089,-0.17816644231692919,-0.6139576386622562,-0.07416026353566578,-0.10012739778749939,-0.23489351525077273,0.013986596700546796
2.7464535236358643,0.17599249112856616,0.008656016785318726,0.1952048476407109,0.04191665212305618,0.005603221923980731,0.028083996744697127,-0.1797858517668167,-0.6228265566708622,-0.0750309257606496,-0.1023239610973768,-0.2406548123372076,0.014461126034525894
2.750129222869873,0.17599249112856616,0.008656016785318726,0.1952048476407109,0.04149748560182562,0.005547189704740924,0.027803156777250156,-0.1797858517668167,-0.6228265566708622,-0.0750309257606496,-0.10130072148640304,-0.23824826421383552,0.014316514774180635
2.7752456665039062,0.17695601241264394,0.008781772677001672,0.19493500503042518,0.04145778054845516,0.005587905551450293,0.027423182976268855,-0.18140368478721583,-0.6317018372316872,-0.07591160743971294,-0.10160624751265472,-0.23921568895577316,0.014426632266134052
2.780283212661743,0.17695601241264394,0.008781772677001672,0.19493500503042518,0.04104320274297061,0.0055320264959357905,0.027148951146506166,-0.18140368478721583,-0.6317018372316872,-0.07591160743971294,-0.10059018503752817,-0.23682353206621543,0.014282365943472711
2.7916419506073,0.17798158790729499,0.008898809141416171,0.19468291592536233,0.04151776252558853,0.0056857431774807315,0.026667027520056813,-0.18301191286314608,-0.6405808240261678,-0.07680165545648795,-0.10249036780506394,-0.24186899066119646,0.014699923450370191
2.813493251800537,0.17908688888820978,0.009034681538333738,0.19470178776332908,0.041599309171623564,0.0057386705634765636,0.026415149857308952,-0.18460899065918962,-0.6494705300164577,-0.07770360600253151,-0.1029721697857952,-0.24331041349198326,0.014844098602684751
2.8186893463134766,0.17908688888820978,0.009034681538333738,0.19470178776332908,0.04118331607990733,0.005681283857841798,0.026150998358735862,-0.18460899065918962,-0.6494705300164577,-0.07770360600253151,-0.10194244808793725,-0.24087730935706342,0.014695657616657903
2.832246780395508,0.17999053991334535,0.009211489768094185,0.1941708767017156,0.04141720851015347,0.005852804611330149,0.025512507904143628,-0.18621331167950822,-0.6583603572114076,-0.07861686312256275,-0.10335349036172545,-0.2446915250755642,0.015015265143201206
2.8365869522094727,0.17999053991334535,0.009211489768094185,0.1941708767017156,0.04100303642505194,0.005794276565216847,0.025257382825102193,-0.18621331167950822,-0.6583603572114076,-0.07861686312256275,-0.1023199554581082,-0.24224460982480855,0.014865112491769195
2.852536916732788,0.18085593940513792,0.009384719551022363,0.19337562300894556,0.041116555630814705,0.005940657125105506,0.024519334735514556,-0.1877816308607812,-0.6672517163172837,-0.0795523541469049,-0.10333658162071582,-0.24512071275505662,0.015104698765254656
2.8570992946624756,0.18085593940513792,0.009384719551022363,0.19337562300894556,0.040705390074506555,0.005881250553854451,0.02427414138815941,-0.1877816308607812,-0.6672517163172837,-0.0795523541469049,-0.10230321580450866,-0.24266950562750605,0.01495365177760211
2.8823747634887695,0.18175837782226073,0.009579919363604627,0.19253184081141225,0.04064226586087539,0.005963100211977564,0.023706768364879487,-0.18929520302101704,-0.6761517040936607,-0.0805153865282409,-0.10254405926936012,-0.24359666383580056,0.015042605383716514
2.8968403339385986,0.18175837782226073,0.009579919363604627,0.19253184081141225,0.040235843202266634,0.005903469209857788,0.023469700681230693,-0.18929520302101704,-0.6761517040936607,-0.0805153865282409,-0.10151861867666652,-0.24116069719744254,0.014892179329879348
2.9020650386810303,0.18273009928858538,0.009791876210784693,0.1918902072168912,0.041630203901909815,0.006534505068509864,0.02205246243847776,-0.1907455444839929,-0.685074770323257,-0.08150866220765093,-0.10649729796228474,-0.25505276093807505,0.01586692380693241
2.90836763381958,0.18273009928858538,0.009791876210784693,0.1918902072168912,0.041213901862890714,0.006469160017824765,0.021831937814092983,-0.1907455444839929,-0.685074770323257,-0.08150866220765093,-0.10543232498266189,-0.2525022333286943,0.015708254568863086
2.9235429763793945,0.1837824759715227,0.009953789382227376,0.19166784554246966,0.041479280399643305,0.006589534018770038,0.021478306814184427,-0.1921441919082417,-0.6940242322152962,-0.08252330850473105,-0.10641035723333196,-0.25561621308251475,0.015934141829783012
2.93727707862854,0.1845787557354189,0.01012192575483822,0.19095195680670893,0.04162348161281916,0.006747492787829804,0.020756966874463982,-0.19351514199875602,-0.7029880138728966,-0.08354913932726238,-0.10756965335562459,-0.25930741296726384,0.016197372144881515
2.942321538925171,0.1845787557354189,0.01012192575483822,0.19095195680670893,0.041207246796690966,0.006680017859951506,0.02054939720571934,-0.19351514199875602,-0.7029880138728966,-0.08354913932726238,-0.10649395682206834,-0.2567143388375912,0.016035398423432698
2.982107162475586,0.18594993001089896,0.010465062529070184,0.1890941314447061,0.04112450365871899,0.006773967290231417,0.0198878363241424,-0.19608285399604566,-0.7209650962534051,-0.0856500417803349,-0.10691546003651516,-0.25848528725866465,0.016164076181494708
2.9911577701568604,0.18594993001089896,0.010465062529070184,0.1890941314447061,0.0407132586221318,0.006706227617329102,0.019688957960900977,-0.19608285399604566,-0.7209650962534051,-0.0856500417803349,-0.10584630543615,-0.255900434386078,0.016002435419679762
2.996316432952881,0.18664856300772809,0.010570761554592403,0.18840807025194542,0.04161850161273621,0.007091889792374775,0.01818970869479055,-0.19727474348967503,-0.7299777272841856,-0.08671998216832591,-0.11034226983117586,-0.2701581806886067,0.01694531662841178
3.001512289047241,0.18664856300772809,0.010570761554592403,0.18840807025194542,0.04120231659660885,0.007020970894451027,0.018007811607842646,-0.19727474348967503,-0.7299777272841856,-0.08671998216832591,-0.1092388471328641,-0.26745659888172063,0.01677586346212766
3.014314651489258,0.187375645657727,0.010656582683435403,0.1881711122360909,0.041346556511310466,0.007087497709977264,0.017650301501473654,-0.1984273989473202,-0.7389864997366348,-0.08779339963034948,-0.11035234687490969,-0.2715617441556765,0.017055115679773525
3.0231611728668213,0.187375645657727,0.010656582683435403,0.1881711122360909,0.04093309094619736,0.0070166227328774915,0.017473798486458917,-0.1984273989473202,-0.7389864997366348,-0.08779339963034948,-0.10924882340616059,-0.2688461267141197,0.01688456452297579
3.0347208976745605,0.1878551775695333,0.010766340688112894,0.1874454124467246,0.040920303646691844,0.00713749350589237,0.016684064747254986,-0.1995711808880938,-0.7479815489476587,-0.08885810110200956,-0.11058408962180627,-0.2736562578780119,0.017219877329811315
3.0392403602600098,0.1878551775695333,0.010766340688112894,0.1874454124467246,0.04051110061022493,0.007066118570833446,0.016517224099782436,-0.1995711808880938,-0.7479815489476587,-0.08885810110200956,-0.1094782487255882,-0.27091969529923177,0.0170476785565132
3.0547947883605957,0.18825266486464368,0.010882031149005251,0.18651537889740902,0.04034645035400003,0.007148494580731746,0.015764748196174218,-0.200681287371203,-0.7569565988453076,-0.08992964326428025,-0.11015890234761624,-0.2737772024401163,0.01724807085342784
3.0589985847473145,0.18825266486464368,0.010882031149005251,0.18651537889740902,0.03994298585046003,0.0070770096349244286,0.015607100714212476,-0.200681287371203,-0.7569565988453076,-0.08992964326428025,-0.10905731332414008,-0.2710394304157151,0.01707559014489356
3.08109974861145,0.18863551099739656,0.011018291466930515,0.18561792492941856,0.039705524851541135,0.007121154847958776,0.015053228175463486,-0.20174853933396492,-0.76591479395027,-0.09101090923345496,-0.10919230248162284,-0.2722448110354282,0.017162179583835955
3.084805727005005,0.18863551099739656,0.011018291466930515,0.18561792492941856,0.039308469603025725,0.007049943299479188,0.01490269589370885,-0.20174853933396492,-0.76591479395027,-0.09101090923345496,-0.10810037945680662,-0.2695223629250739,0.016990557787997594
3.104729413986206,0.18903304356898845,0.011176299097506932,0.1850006392403565,0.039102983119166046,0.007105253576421325,0.014453215369472996,-0.20277956357531463,-0.7748408284977599,-0.09209397858473878,-0.10835535260598182,-0.2711594978453408,0.017104447875475624
3.1201796531677246,0.18903304356898845,0.011176299097506932,0.1850006392403565,0.03871195328797439,0.007034201040657112,0.014308683215778266,-0.20277956357531463,-0.7748408284977599,-0.09209397858473878,-0.107271799079922,-0.2684479028668874,0.016933403396720868
3.124378204345703,0.1894571574887937,0.011286912480257023,0.1848576130857698,0.0393012114132813,0.0073493943506267945,0.013852079859309998,-0.20379301652013732,-0.7837408326559935,-0.09316769158981583,-0.11248315905007492,-0.2862659960285319,0.018130839217729997
3.129164695739746,0.1894571574887937,0.011286912480257023,0.1848576130857698,0.03890819929914849,0.007275900407120527,0.013713559060716899,-0.20379301652013732,-0.7837408326559935,-0.09316769158981583,-0.11135832745957416,-0.2834033360682466,0.017949530825552697
3.1404666900634766,0.18963061738579734,0.011424258255559911,0.1842962808385811,0.038654927058138985,0.007384011374886122,0.013094248721540502,-0.20483013043816076,-0.7925973176592132,-0.09422709552289803,-0.11258835030488633,-0.2881436432289243,0.01828368403942162
3.168407678604126,0.18972004956065583,0.011552679374965395,0.18359490184831506,0.03829313060559917,0.007382117939571096,0.012718142454461697,-0.20586140638658468,-0.8014403245536023,-0.09528229294310238,-0.1124053412552047,-0.2883220768038871,0.018309513364648693
3.1742711067199707,0.18972004956065583,0.011552679374965395,0.18359490184831506,0.03791019929954318,0.007308296760175385,0.01259096102991708,-0.20586140638658468,-0.8014403245536023,-0.09528229294310238,-0.11128128784265265,-0.28543885603584823,0.018126418231002205
3.1856887340545654,0.18981139493058485,0.011626617925587071,0.1829816655489997,0.03759857927051288,0.007357018229279688,0.011937312567723034,-0.20689085832433832,-0.8102561798316711,-0.09632926231938123,-0.11246531332217322,-0.2900498575584035,0.018459199393907864
3.190781593322754,0.18981139493058485,0.011626617925587071,0.1829816655489997,0.03722259347780776,0.0072834480469868915,0.011817939442045804,-0.20689085832433832,-0.8102561798316711,-0.09632926231938123,-0.11134066018895149,-0.28714935898281946,0.018274607399968786
3.2056775093078613,0.18994080272468736,0.011663472296227079,0.18268698004081538,0.036932232474884,0.0072615999902493665,0.011505461409752634,-0.2079309712794086,-0.8190600023631209,-0.09737012558022277,-0.1119916240155526,-0.2899906500288151,0.018488946616013937
3.213749647140503,0.18994080272468736,0.011663472296227079,0.18268698004081538,0.036562910150135165,0.007188983990346873,0.011390406795655108,-0.2079309712794086,-0.8190600023631209,-0.09737012558022277,-0.11087170777539707,-0.2870907435285269,0.018304057149853798
3.228081464767456,0.19011981535717237,0.011638589818477275,0.18289315853021665,0.036324725192488985,0.007097789608532983,0.011417848288451864,-0.20901358750457058,-0.8278375748944198,-0.09839359457796248,-0.11162380079689463,-0.2901317141300092,0.018542455150056265
3.2354509830474854,0.19011981535717237,0.011638589818477275,0.18289315853021665,0.0359614779405641,0.007026811712447653,0.011303669805567346,-0.20901358750457058,-0.8278375748944198,-0.09839359457796248,-0.11050756278892568,-0.2872303969887091,0.0183570305985557
3.243438959121704,0.19009610750642358,0.011603082680919415,0.18261884176593185,0.03557240558278136,0.006942231497261763,0.010845073825854371,-0.2101797355479841,-0.8365999607794171,-0.09939323256147352,-0.11283740566647277,-0.2949231962306032,0.01895224622109172
3.263706922531128,0.19002087751627902,0.011603177101095426,0.18216249121741232,0.03517717048828378,0.006890670072269792,0.010512825206055069,-0.21140293109485678,-0.8453494645141031,-0.10038381078287334,-0.11308739565117927,-0.29612648440229755,0.019071790472079703
3.26863956451416,0.19002087751627902,0.011603177101095426,0.18216249121741232,0.03482539878340094,0.006821763371547094,0.010407696953994518,-0.21140293109485678,-0.8453494645141031,-0.10038381078287334,-0.11195652169466748,-0.29316521955827457,0.018881072567358905
3.2882468700408936,0.18996714095388464,0.011624731172455938,0.18176004110895036,0.03444653576896434,0.006781237306019297,0.010100642991639288,-0.21267460299829488,-0.8540987309801245,-0.10137085221173674,-0.11228431516980757,-0.29452172190860637,0.019012578805551225
3.2937848567962646,0.18996714095388464,0.011624731172455938,0.18176004110895036,0.03410207041127469,0.006713424932959104,0.009999636561722895,-0.21267460299829488,-0.8540987309801245,-0.10137085221173674,-0.11116147201810948,-0.2915765046895203,0.018822453017495713
3.3010923862457275,0.1899766911070607,0.011624821618772298,0.18163252096449276,0.03377202665380096,0.006664017182142534,0.009726196106498913,-0.21400141357258734,-0.8628346307376162,-0.10234710089703637,-0.11400271499929646,-0.3001331311917335,0.019502777175464437
3.306070566177368,0.1899766911070607,0.011624821618772298,0.18163252096449276,0.033434306387262955,0.006597377010321108,0.009628934145433924,-0.21400141357258734,-0.8628346307376162,-0.10234710089703637,-0.11286268784930349,-0.2971317998798162,0.019307749403709794
3.3293914794921875,0.1900515870981049,0.011619502137206255,0.18197354608179006,0.03313379087732032,0.006518301080930372,0.009677778522116627,-0.21539650292476326,-0.8715678883831948,-0.10330654402904757,-0.11300245232752859,-0.2977471855667918,0.019393094526078652
3.334244966506958,0.1900515870981049,0.011619502137206255,0.18197354608179006,0.03280245296854711,0.0064531180701210685,0.00958100073689546,-0.21539650292476326,-0.8715678883831948,-0.10330654402904757,-0.1118724278042533,-0.29476971371112387,0.019199163580817864
3.3653247356414795,0.1897501388725109,0.011697576074078848,0.18146237414273908,0.032373814852923836,0.006420090471106008,0.009324095145030523,-0.21843353099067037,-0.8890022378143813,-0.1051787206607314,-0.11273059284389364,-0.29717875076057215,0.01943387334209258
3.375227928161621,0.1897501388725109,0.011697576074078848,0.18146237414273908,0.032050076704394595,0.006355889566394948,0.009230854193580218,-0.21843353099067037,-0.8890022378143813,-0.1051787206607314,-0.11160328691545471,-0.2942069632529664,0.019239534608671654
3.390465259552002,0.1896275676927513,0.011724574635363938,0.18115190847803878,0.031645634955110705,0.006321708742392113,0.00893770063564189,-0.22002436499316408,-0.8977129329292985,-0.10610171514997935,-0.11254756400967222,-0.29671449916464515,0.01948792982565535
3.395911455154419,0.1896275676927513,0.011724574635363938,0.18115190847803878,0.031329178605559595,0.006258491654968191,0.008848323629285471,-0.22002436499316408,-0.8977129329292985,-0.10610171514997935,-0.1114220883695755,-0.2937473541729987,0.019293050527398797
3.4091763496398926,0.18957916225278934,0.011756952077870404,0.1811239541331029,0.030977162964900058,0.006218715755225031,0.008741206929575446,-0.22165212954464258,-0.9064217663886972,-0.10702054601798608,-0.11270147281061975,-0.29706301679752717,0.019608113776524893
3.423706531524658,0.18957916225278934,0.011756952077870404,0.1811239541331029,0.030667391335251058,0.00615652859767278,0.00865379486027969,-0.22165212954464258,-0.9064217663886972,-0.10702054601798608,-0.11157445808251355,-0.2940923866295519,0.019412032638759645
3.4420053958892822,0.18961996160364697,0.011736755449396175,0.18157190159859776,0.030386709719607937,0.006063083895302618,0.008809537835324257,-0.2233256885734618,-0.9151168396549063,-0.10792648828886443,-0.11221909716366561,-0.2956705321373055,0.01959109786327552
3.4475741386413574,0.18961996160364697,0.011736755449396175,0.18157190159859776,0.030082842622411857,0.006002453056349592,0.008721442456971014,-0.2233256885734618,-0.9151168396549063,-0.10792648828886443,-0.11109690619202896,-0.29271382681593244,0.019395186884642764
3.481389045715332,0.18939846484580367,0.011737553714136385,0.18132698364681177,0.029716013705208495,0.005943527065099683,0.008562263160914622,-0.22682046668379457,-0.9324622266209054,-0.10970011229841004,-0.11193048932970306,-0.2946555216051455,0.019611455517427472
3.487088680267334,0.18939846484580367,0.011737553714136385,0.18132698364681177,0.02941885356815641,0.005884091794448686,0.008476640529305477,-0.22682046668379457,-0.9324622266209054,-0.10970011229841004,-0.11081118443640603,-0.29170896638909405,0.019415340962253197
3.496647834777832,0.18936897320445947,0.011762058615190012,0.18115945833879388,0.029089659217357393,0.005864239950144856,0.00822009788635171,-0.2285981433112395,-0.9411285828858549,-0.11059469647046881,-0.11317100402342682,-0.29739356156783225,0.019936352970936783
3.5019924640655518,0.18936897320445947,0.011762058615190012,0.18115945833879388,0.02879876262518382,0.005805597550643408,0.008137896907488193,-0.2285981433112395,-0.9411285828858549,-0.11059469647046881,-0.11203929398319255,-0.29441962595215393,0.019736989441227416
3.5121755599975586,0.1894689120433413,0.011746376527702104,0.18125989628800523,0.028610899685738177,0.005731941726718238,0.008153090319227731,-0.23038376271027938,-0.949797959527283,-0.11149483443736838,-0.11418339826752853,-0.29955217333440143,0.020206777311940087
3.517529249191284,0.1894689120433413,0.011746376527702104,0.18125989628800523,0.028324790688880795,0.005674622309451055,0.008071559416035453,-0.23038376271027938,-0.949797959527283,-0.11149483443736838,-0.11304156428485325,-0.29655665160105743,0.020004709538820685
3.5320050716400146,0.1893830826316549,0.011754580061762497,0.1808534882518137,0.027978828085358027,0.005644459046780547,0.007712318229444,-0.23218501505053257,-0.9584597685856223,-0.11239839108442802,-0.11421495621756736,-0.2992671614835394,0.020269947642910697
3.5363540649414062,0.1893830826316549,0.011754580061762497,0.1808534882518137,0.027699039804504447,0.005588014456312742,0.00763519504714956,-0.23218501505053257,-0.9584597685856223,-0.11239839108442802,-0.11307280665539168,-0.29627448986870397,0.02006724816648159
3.555438280105591,0.18928513426848306,0.011803921063631453,0.18020560051280451,0.027364777865686765,0.005584904649484158,0.007223835380859403,-0.2339596112027203,-0.9671195829636687,-0.11332026580546273,-0.1136728933537889,-0.29762161823203664,0.02020989042651589
3.5598673820495605,0.18928513426848306,0.011803921063631453,0.18020560051280451,0.0270911300870299,0.005529055602989316,0.007151597027050809,-0.2339596112027203,-0.9671195829636687,-0.11332026580546273,-0.11253616442025101,-0.2946454020497163,0.02000779152225073
3.5852112770080566,0.18926921072544078,0.011855894175618312,0.17950666210283076,0.026808962274568037,0.005519329731547104,0.006807885189898164,-0.23568344146280612,-0.9757824758073148,-0.11426518747720611,-0.11269240470543858,-0.2949516587985569,0.020058082679060646
3.594658851623535,0.18926921072544078,0.011855894175618312,0.17950666210283076,0.026540872651822357,0.005464136434231633,0.006739806337999182,-0.23568344146280612,-0.9757824758073148,-0.11426518747720611,-0.11156548065838419,-0.2920021422105713,0.01985750185227004
3.601975440979004,0.18938412131453414,0.011909375197872461,0.17898963871964144,0.026417032349208103,0.005562084768390574,0.005976850320602837,-0.23734591518901169,-0.9844672862540587,-0.11523293582167106,-0.1148062973685426,-0.30040092704328086,0.02050488774367216
3.6191940307617188,0.18963346829615166,0.011970751914753702,0.1788648628199096,0.026292905333909232,0.005561445789378263,0.005848377082877187,-0.23895707545936049,-0.9931761561176501,-0.11622079065517407,-0.11548202270810182,-0.3022276311294788,0.020652470216167052
3.626490354537964,0.18963346829615166,0.011970751914753702,0.1788648628199096,0.02602997628057014,0.005505831331484481,0.005789893312048415,-0.23895707545936049,-0.9931761561176501,-0.11622079065517407,-0.1143272024810208,-0.299205354818184,0.02044594551400538
3.6379873752593994,0.18935803062413661,0.012069207229884693,0.17808673023629062,0.02551596361414549,0.005577619025683997,0.005067419445509247,-0.24053466476190777,-1.0019058504010765,-0.1172245979652224,-0.11588421765274474,-0.3034755608639831,0.020758141532486722
3.6475343704223633,0.18935803062413661,0.012069207229884693,0.17808673023629062,0.025260803978004034,0.005521842835427157,0.005016745251054154,-0.24053466476190777,-1.0019058504010765,-0.1172245979652224,-0.11472537547621729,-0.3004408052553432,0.020550560117161856
3.654658555984497,0.1892080898662616,0.01219457559935241,0.17714832666609334,0.024768062310242794,0.0057454552656237955,0.00367395905411288,-0.24204570816005924,-1.0106429844753375,-0.11824484815559695,-0.11783480051032849,-0.30919116710737615,0.02115896742983485
3.6608035564422607,0.1892080898662616,0.01219457559935241,0.17714832666609334,0.024520381687140366,0.005688000712967558,0.0036372194635717514,-0.24204570816005924,-1.0106429844753375,-0.11824484815559695,-0.1166564525052252,-0.3060992554363024,0.0209473777555365
3.6819541454315186,0.18921275438922508,0.012363022276813906,0.17622432354392178,0.024265312881296835,0.005751012105343629,0.003174107333287171,-0.24348041780446258,-1.0194020774336507,-0.1192961877601774,-0.11688634846999299,-0.3070180229770939,0.02100055638394631
3.686786651611328,0.18921275438922508,0.012363022276813906,0.17622432354392178,0.024022659752483865,0.005693501984290192,0.003142366259954299,-0.24348041780446258,-1.0194020774336507,-0.1192961877601774,-0.11571748498529306,-0.30394784274732295,0.020790550820106845
3.696507453918457,0.18939734891354854,0.012548359058220045,0.175544473179805,0.02394655030295253,0.005907368481685507,0.002433636665422236,-0.2448429477640097,-1.0281735650823034,-0.12037375166988368,-0.1175220437523178,-0.30959974912474664,0.021133577779651424
3.7216310501098633,0.18976262293410687,0.012686514891099763,0.1752934205778645,0.023845775170721898,0.005924797574474437,0.0023150673106238293,-0.24615149572941306,-1.0369535956086136,-0.12146553303998753,-0.11747138351259845,-0.309874885545316,0.02113228087300407
3.7275354862213135,0.18976262293410687,0.012686514891099763,0.1752934205778645,0.02360731741901468,0.005865549598729692,0.002291916637517591,-0.24615149572941306,-1.0369535956086136,-0.12146553303998753,-0.11629666967747246,-0.30677613668986287,0.02092095806427403
3.739300012588501,0.18997329603930432,0.012837527687002975,0.174567922063171,0.023530975214648538,0.006007473953533832,0.0016680414236102845,-0.2474429224232889,-1.0457139359677423,-0.1225660112257606,-0.11751278271214148,-0.31089692723546286,0.021151793335522823
3.7439637184143066,0.18997329603930432,0.012837527687002975,0.174567922063171,0.02329566546250205,0.005947399213998493,0.0016513610093741816,-0.2474429224232889,-1.0457139359677423,-0.1225660112257606,-0.11633765488502007,-0.3077879579631082,0.020940275402167596
3.769850492477417,0.19018741437492648,0.013009610784905347,0.17364856452629723,0.023135041101719312,0.005994294648813512,0.0012880739580447237,-0.24868434633743072,-1.054472913765269,-0.12367587677691812,-0.11623335670627807,-0.3079814201202222,0.02092844046243289
3.7757046222686768,0.19018741437492648,0.013009610784905347,0.17364856452629723,0.022903690690702118,0.005934351702325377,0.0012751932184642764,-0.24868434633743072,-1.054472913765269,-0.12367587677691812,-0.11507102313921529,-0.30490160591902,0.020719156057808562
3.783968925476074,0.19049660542411365,0.013162944304043168,0.17275167221478624,0.023018000100836628,0.006193186106311982,0.00020098747647232787,-0.24987448084839878,-1.0632160413977383,-0.12479127079393074,-0.11716409291479155,-0.312095644777453,0.021125647641047955
3.7890093326568604,0.19049660542411365,0.013162944304043168,0.17275167221478624,0.02278782009982826,0.006131254245248862,0.0001989776017076046,-0.24987448084839878,-1.0632160413977383,-0.12479127079393074,-0.11599245198564363,-0.30897468832967845,0.020914391164637475
3.7996628284454346,0.19093884874912748,0.013268769418381347,0.17211139738990233,0.022957287296320805,0.0062607179766522875,-0.00039136563749520264,-0.25101624698992897,-1.071949601842869,-0.12590760139515803,-0.11729748811782523,-0.31383139995504755,0.02118365244774127
3.8082916736602783,0.19093884874912748,0.013268769418381347,0.17211139738990233,0.022727714423357595,0.006198110796885765,-0.0003874519811202506,-0.25101624698992897,-1.071949601842869,-0.12590760139515803,-0.11612451323664698,-0.31069308595549705,0.020971815923263856
3.8282926082611084,0.19152015232407377,0.013357764442755998,0.17192985591050564,0.022784754299564013,0.006213715239186387,-0.00046987786960788386,-0.2521363722811058,-1.0806589054891826,-0.12701636988235715,-0.11626271546837748,-0.31180830112994506,0.02102112243187111
3.8336262702941895,0.19152015232407377,0.013357764442755998,0.17192985591050564,0.022556906756568372,0.0061515780867945225,-0.000465179090911805,-0.2521363722811058,-1.0806589054891826,-0.12701636988235715,-0.1151000883136937,-0.3086902181186456,0.0208109112075524
3.8437998294830322,0.19197410730544556,0.013455199867546955,0.17133170052129199,0.022760085389664036,0.006278885764109167,-0.0010362369734597582,-0.25326907094208917,-1.0893452219386313,-0.12810586771814186,-0.11650706111078264,-0.31387768157324053,0.021129823716580204
3.8581109046936035,0.19244328006968459,0.01357754011843199,0.17059461592208675,0.022845218472095787,0.0063776819349123685,-0.001529953757821191,-0.2543909703972796,-1.098017506453957,-0.12919012802028565,-0.11714696709566404,-0.31661328627525487,0.021297934379056974
3.862973213195801,0.19244328006968459,0.01357754011843199,0.17059461592208675,0.02261676628737483,0.006313905115563245,-0.001514654220242979,-0.2543909703972796,-1.098017506453957,-0.12919012802028565,-0.11597549742470739,-0.31344715341250234,0.021084955035266403
3.883376121520996,0.19298553594555354,0.013752549752037452,0.16994965550682886,0.022643988273192417,0.006388388531317695,-0.0018057640794726171,-0.25550143707190365,-1.106687898093618,-0.13027137714557874,-0.11607344617750714,-0.31443353866172874,0.02114387768216553
3.887808084487915,0.19298553594555354,0.013752549752037452,0.16994965550682886,0.022417548390460493,0.006324504646004518,-0.001787706438677891,-0.25550143707190365,-1.106687898093618,-0.13027137714557874,-0.11491271171573207,-0.31128920327511145,0.020932438905343874
3.9244744777679443,0.1943297170433904,0.014067856272001652,0.16979692463416257,0.02255046059470038,0.006381428957287334,-0.0018034406984198084,-0.25776932648314527,-1.1240118066040932,-0.1323893974062519,-0.11517438539169246,-0.3127532781299957,0.021039977479102242
3.928920269012451,0.1943297170433904,0.014067856272001652,0.16979692463416257,0.02232495598875338,0.006317614667714461,-0.0017854062914356103,-0.25776932648314527,-1.1240118066040932,-0.1323893974062519,-0.11402264153777554,-0.30962574534869575,0.02082957770431122
3.9395740032196045,0.19482558471632774,0.014260047257891128,0.16950737368606744,0.022546366751300177,0.006498500461128688,-0.00202081802278945,-0.2590026130039924,-1.1326613791734037,-0.13341184322886857,-0.1153977177309078,-0.3143726976637799,0.021198872234108972
3.965836524963379,0.19525526767256374,0.014432826208869928,0.16904182921859245,0.022475986136027148,0.006529541677595485,-0.0021706125529359064,-0.2602859905502603,-1.1413194714190344,-0.13441967576146657,-0.11528195429523798,-0.3144099437125573,0.02122800430746356
3.9707555770874023,0.19525526767256374,0.014432826208869928,0.16904182921859245,0.022251226274666875,0.00646424626081953,-0.002148906427406547,-0.2602859905502603,-1.1413194714190344,-0.13441967576146657,-0.1141291347522856,-0.31126584427543175,0.021015724264388923
3.9940195083618164,0.1956842843913506,0.014578807126126466,0.16863499776316143,0.022204788898831773,0.0064941517880192515,-0.0022953726951293395,-0.2616161823119499,-1.1499763697845538,-0.1354123540347781,-0.11417815016950786,-0.31173944019488453,0.021084936788262953
4.000161409378052,0.1956842843913506,0.014578807126126466,0.16863499776316143,0.021982741009843456,0.006429210270139059,-0.002272418968178046,-0.2616161823119499,-1.1499763697845538,-0.1354123540347781,-0.11303636866781278,-0.3086220457929357,0.020874087420380324
4.005434036254883,0.19613473441855864,0.014708111733326715,0.16850956538230805,0.022589693408800654,0.006702523137724201,-0.002463607951310852,-0.2629980201049969,-1.1586374753132316,-0.1363955245979732,-0.11725376882635821,-0.321347264077207,0.021921033033934643
4.025245428085327,0.19661550531924188,0.01476935304386269,0.1688461349708929,0.022604916818211484,0.0066700177122732945,-0.002267591473215166,-0.2644512023906254,-1.167295012977177,-0.13736178086093406,-0.11754109511444823,-0.32233185614581733,0.02204487332955307
4.030201196670532,0.19661550531924188,0.01476935304386269,0.1688461349708929,0.022378867650029367,0.006603317535150561,-0.0022449155584830143,-0.2644512023906254,-1.167295012977177,-0.13736178086093406,-0.11636568416330374,-0.31910853758435914,0.02182442459625754
4.0433313846588135,0.19685811779754306,0.014846219773250128,0.16867772911569337,0.022332437228438265,0.006623259144159964,-0.002344486303929501,-0.2660033397173115,-1.1759526024377174,-0.1383071447651869,-0.11747793333122206,-0.32223638263904075,0.02213853642327175
4.049582004547119,0.19685811779754306,0.014846219773250128,0.16867772911569337,0.02210911285615388,0.006557026552718364,-0.002321041440890206,-0.2660033397173115,-1.1759526024377174,-0.1383071447651869,-0.11630315399790983,-0.31901401881265035,0.021917151059039033
4.067428112030029,0.1970133780126078,0.014972012933473739,0.16830650660397528,0.02196604860591426,0.006588769283306359,-0.002497730532326873,-0.26761650259356773,-1.184608075830566,-0.13925233075655769,-0.11684638706896183,-0.32046676434856963,0.02208910177511264
4.07509183883667,0.1970133780126078,0.014972012933473739,0.16830650660397528,0.021746388119855117,0.006522881590473295,-0.0024727532270036046,-0.26761650259356773,-1.184608075830566,-0.13925233075655769,-0.1156779231982722,-0.31726209670508393,0.021868210757361513
4.088166236877441,0.19715596318127093,0.015103080759905031,0.16797292088766633,0.021625821471809175,0.006590848230216037,-0.0026918638119703604,-0.26927505019764314,-1.1932626213078377,-0.14020286570545035,-0.11688212167394421,-0.3204219738489523,0.022178933776413345
4.093933820724487,0.19715596318127093,0.015103080759905031,0.16797292088766633,0.021409563257091084,0.006524939747913876,-0.0026649451738506567,-0.26927505019764314,-1.1932626213078377,-0.14020286570545035,-0.11571330045720477,-0.3172177541104628,0.021957144438649212
4.101845026016235,0.1973331745780805,0.015193197966403863,0.1678998245343,0.021407751153075784,0.006600168441429524,-0.002719326290686396,-0.2709748850437476,-1.2019059229587268,-0.1411514009231405,-0.11850631805656908,-0.32448826151906046,0.02261223462242503
4.106791734695435,0.1973331745780805,0.015193197966403863,0.1678998245343,0.021193673641545025,0.006534166757015228,-0.0026921330277795323,-0.2709748850437476,-1.2019059229587268,-0.1411514009231405,-0.1173212548760034,-0.32124337890386984,0.02238611227620078
4.125019788742065,0.19755675492023453,0.01526490546045401,0.16828559347382013,0.02110331484722439,0.006497351219914427,-0.002451329513684551,-0.27272422006895775,-1.21054485834312,-0.14209263895478771,-0.11789057281530299,-0.32255488489480366,0.022545344011893155
4.129601001739502,0.19755675492023453,0.01526490546045401,0.16828559347382013,0.020892281698752145,0.006432377707715283,-0.0024268162185477056,-0.27272422006895775,-1.21054485834312,-0.14209263895478771,-0.11671166708714996,-0.3193293360458556,0.022319890571774224
4.143828392028809,0.197540192051286,0.015404354975301167,0.16817536707529865,0.02066260525155005,0.0064715693629106485,-0.0024698241512434924,-0.27454234104235276,-1.2191594742612821,-0.14302278443712682,-0.11782120249836839,-0.32190634617604924,0.022589988046979273
4.150091171264648,0.197540192051286,0.015404354975301167,0.16817536707529865,0.02045597919903455,0.006406853669281542,-0.0024451259097310572,-0.27454234104235276,-1.2191594742612821,-0.14302278443712682,-0.11664299047338471,-0.31868728271428876,0.02236408816650948
4.171485185623169,0.1974511137583598,0.015541652024368934,0.16785786005033435,0.020202691106719312,0.006417253297215435,-0.002561696335907247,-0.2763880550193185,-1.2277753200926091,-0.14395287201397827,-0.11700215533750372,-0.319336715567887,0.022467762659345622
4.184598207473755,0.1974511137583598,0.015541652024368934,0.16785786005033435,0.020000664195652117,0.00635308076424328,-0.0025360793725481743,-0.2763880550193185,-1.2277753200926091,-0.14395287201397827,-0.11583213378412868,-0.31614334841220815,0.022243085032752165
4.193417549133301,0.19736497645622558,0.015680823681929565,0.16757217765192328,0.01968607540936836,0.006469052569561626,-0.002816757607360511,-0.27824858883274495,-1.2363834896487476,-0.14488147716899338,-0.11838703360448857,-0.3222777095246653,0.022812967308150422
4.213056325912476,0.19730390368165568,0.015827234526015324,0.16754880660711888,0.01945193179094284,0.006476639553806437,-0.0027929928566581175,-0.28011531639770604,-1.2449981609665448,-0.1458103074655387,-0.11887424461430166,-0.32323225526337296,0.02294062763447348
4.219689607620239,0.19730390368165568,0.015827234526015324,0.16754880660711888,0.019257412473033413,0.006411873158268373,-0.0027650629280915363,-0.28011531639770604,-1.2449981609665448,-0.1458103074655387,-0.11768550216815864,-0.31999993271073923,0.022711221358128746
4.226172208786011,0.19727411261904512,0.015919319174126523,0.16797395336059553,0.01901610659468204,0.006420322218274861,-0.002071745709346727,-0.2820000357224184,-1.2536075433149285,-0.14673169226814503,-0.12160247682044294,-0.32943818751969345,0.023569771169678906
4.2319371700286865,0.19727411261904512,0.015919319174126523,0.16797395336059553,0.01882594552873522,0.0063561189960921124,-0.00205102825225326,-0.2820000357224184,-1.2536075433149285,-0.14673169226814503,-0.12038645205223851,-0.3261438056444965,0.023334073457982118
4.246097564697266,0.19702090481279655,0.016005550739390632,0.16783954818869923,0.01845338972745889,0.006347015911384232,-0.0021183851830496757,-0.28391850537768504,-1.262204477749894,-0.14763755120224903,-0.12153575603047868,-0.3286540290832126,0.02360439676171042
4.25216269493103,0.19702090481279655,0.016005550739390632,0.16783954818869923,0.0182688558301843,0.00628354575227039,-0.0020972013312191787,-0.28391850537768504,-1.262204477749894,-0.14763755120224903,-0.1203203984701739,-0.3253674887923805,0.023368352794093317
4.264575719833374,0.19670026621566908,0.016120331129849806,0.16745915610101905,0.017817289403792957,0.0063203417521562315,-0.00237095027827327,-0.28583872224288126,-1.2708013766470394,-0.14854643879695845,-0.12180046855534109,-0.3286993985990763,0.023704482779276757
4.268986225128174,0.19670026621566908,0.016120331129849806,0.16745915610101905,0.017639116509755026,0.0062571383346346696,-0.0023472407754905372,-0.28583872224288126,-1.2708013766470394,-0.14854643879695845,-0.12058246386978767,-0.32541240461308557,0.02346743795148399
4.288697957992554,0.19639331698662058,0.016234420312188077,0.16707822264321742,0.01730034378103497,0.00625757115899603,-0.0025096875129258546,-0.2877516311917128,-1.2794032744528026,-0.14946437190371878,-0.12106154327379413,-0.3263101327803359,0.023586306121846444
4.291766881942749,0.19639331698662058,0.016234420312188077,0.16707822264321742,0.01712734034322462,0.00619499544740607,-0.002484590637796596,-0.2877516311917128,-1.2794032744528026,-0.14946437190371878,-0.11985092784105619,-0.3230470314525325,0.02335044306062798
4.309859752655029,0.19615000924760903,0.0162978067877635,0.16693075206505922,0.01681822509897763,0.006164372432794576,-0.002536936868226892,-0.2896538680508117,-1.2880190161339558,-0.15038763019259188,-0.12048286015815401,-0.3243492165626851,0.023499697800591163
4.3142125606536865,0.19615000924760903,0.0162978067877635,0.16693075206505922,0.016650042847987854,0.00610272870846663,-0.002511567499544623,-0.2896538680508117,-1.2880190161339558,-0.15038763019259188,-0.11927803155657248,-0.32110572439705826,0.02326470082258525
4.326481819152832,0.19598470380644964,0.01633739619668901,0.1672177573325999,0.016349949111994694,0.006039649291241988,-0.0022505133050361417,-0.291559492110537,-1.296640273062958,-0.1513076345295203,-0.12078989624510465,-0.324581465500454,0.023598565385332365
4.332040071487427,0.19598470380644964,0.01633739619668901,0.1672177573325999,0.016186449620874746,0.005979252798329568,-0.0022280081719857803,-0.291559492110537,-1.296640273062958,-0.1513076345295203,-0.1195819972826536,-0.32133565084544946,0.023362579731479042
4.345387935638428,0.19560563958405222,0.016461108899840125,0.1669246824398235,0.015731292283944542,0.006008656652556122,-0.0024140488854955755,-0.29348770396923873,-1.3052537148125047,-0.1522216286214938,-0.1208861466274232,-0.3242604004155563,0.0236498675550941
4.352456092834473,0.19560563958405222,0.016461108899840125,0.1669246824398235,0.015573979361105097,0.0059485700860305605,-0.0023899083966406197,-0.29348770396923873,-1.3052537148125047,-0.1522216286214938,-0.11967728516114896,-0.32101779641140077,0.02341336887954316
4.367771148681641,0.19518762648568602,0.016601529407073243,0.16637363692936719,0.015134116048651353,0.005991797973442154,-0.002713799769656569,-0.2954099123484816,-1.3138753650910981,-0.15313882915866947,-0.12065341103097822,-0.32316494245838207,0.023629924293171085
4.371412992477417,0.19518762648568602,0.016601529407073243,0.16637363692936719,0.01498277488816484,0.0059318799937077326,-0.0026866617719600036,-0.2954099123484816,-1.3138753650910981,-0.15313882915866947,-0.11944687692066844,-0.31993329303379825,0.023393625050239373
4.393831491470337,0.194817090662556,0.01673489639630747,0.16582852699293868,0.014660225880533095,0.005941127598536695,-0.002895123323194911,-0.29731783418908136,-1.3225057507541873,-0.1540577449767548,-0.11972915591735887,-0.3203996746651317,0.023466311329723565
4.397444486618042,0.194817090662556,0.01673489639630747,0.16582852699293868,0.014513623621727765,0.005881716322551328,-0.0028661720899629617,-0.29731783418908136,-1.3225057507541873,-0.1540577449767548,-0.11853186435818529,-0.31719567791848036,0.02323164821642633
4.409688711166382,0.1945231759355468,0.016882585770591384,0.16554420112969778,0.01411649219436054,0.005944673052137558,-0.003055797347995598,-0.29920955691947104,-1.3311545506041151,-0.15498285220459262,-0.12003788603617971,-0.32075408741963785,0.02355682449706401
4.418171405792236,0.1945231759355468,0.016882585770591384,0.16554420112969778,0.013975327272416934,0.005885226321616183,-0.003025239374515642,-0.29920955691947104,-1.3311545506041151,-0.15498285220459262,-0.11883750717581791,-0.31754654654544145,0.02332125625209337
4.424966812133789,0.19431631179221714,0.01698443959626958,0.1657307452349423,0.013524074672319112,0.005922983160948133,-0.002706713044542319,-0.30109671815045774,-1.3398084309018288,-0.15590405630844598,-0.1224953456715418,-0.3265046859871609,0.024096777200791546
4.429884195327759,0.19431631179221714,0.01698443959626958,0.1657307452349423,0.01338883392559592,0.005863753329338652,-0.002679645914096896,-0.30109671815045774,-1.3398084309018288,-0.15590405630844598,-0.12127039221482638,-0.3232396391272893,0.023855809428783632
4.4505414962768555,0.19395099581082925,0.01708945579846901,0.16537081453205274,0.013072349627660315,0.005857486546516339,-0.002820503462157147,-0.30299914757478974,-1.3484569020583863,-0.15681307096229033,-0.12165730133449715,-0.3239945420653429,0.023952561592974014
4.4560887813568115,0.19395099581082925,0.01708945579846901,0.16537081453205274,0.012941626131383712,0.005798911681051176,-0.0027922984275355754,-0.30299914757478974,-1.3484569020583863,-0.15681307096229033,-0.12044072832115217,-0.32075459664468947,0.023713035977044272
4.470046043395996,0.19358376203126473,0.017228460728055173,0.16478474525932568,0.012536365667197069,0.005857962880962912,-0.0031711479672028886,-0.30489193670478737,-1.3571119960384341,-0.1577243423290492,-0.12159428725668626,-0.32345602631844644,0.023969380321164368
4.477408170700073,0.19358376203126473,0.017228460728055173,0.16478474525932568,0.012411002010525099,0.0057993832521532835,-0.0031394364875308597,-0.30489193670478737,-1.3571119960384341,-0.1577243423290492,-0.1203783443841194,-0.32022146605526197,0.023729686517952726
4.493413925170898,0.19329373503439254,0.017391373829730418,0.1642286052652548,0.012093415655888683,0.0058604191854524324,-0.00344288590631351,-0.3067681430309669,-1.3657767845997635,-0.15864729428031665,-0.12121861435063148,-0.32218219648660174,0.023915359218488745
4.4990394115448,0.19329373503439254,0.017391373829730418,0.1642286052652548,0.011972481499329796,0.005801814993597908,-0.0034084570472503748,-0.3067681430309669,-1.3657767845997635,-0.15864729428031665,-0.12000642820712516,-0.3189603745217357,0.023676205626303858
4.514171838760376,0.19312959538178887,0.0175121849456512,0.16394100893059366,0.011735658016223813,0.005832039764727808,-0.0035551579011292318,-0.3086258884216278,-1.3744608813138217,-0.15957537955328321,-0.12095684574069564,-0.32124736032327,0.023885258091834883
4.5202484130859375,0.19312959538178887,0.0175121849456512,0.16394100893059366,0.011618301436061575,0.005773719367080529,-0.0035196063221179393,-0.3086258884216278,-1.3744608813138217,-0.15957537955328321,-0.11974727728328868,-0.3180348867200373,0.023646405510916534
4.532553672790527,0.19311154920041845,0.017600453484900476,0.16412354327476944,0.011483783867087198,0.005771569039177007,-0.00333002394661992,-0.31048096360558236,-1.3831556178790696,-0.16049998765170556,-0.12119486951299956,-0.32159711356334636,0.023962309552110126
4.537787437438965,0.19311154920041845,0.017600453484900476,0.16412354327476944,0.011368946028416326,0.0057138533487852364,-0.003296723707153721,-0.31048096360558236,-1.3831556178790696,-0.16049998765170556,-0.11998292081786956,-0.31838114242771287,0.023722686456589023
4.552250862121582,0.19293936701860911,0.017760426109867705,0.1637604073793729,0.011124265016116524,0.005780348572321802,-0.003502169457000837,-0.31236145950583516,-1.3918501923075461,-0.1614158604937669,-0.12104869643056804,-0.3209306485438465,0.023959517275533377
4.55818772315979,0.19293936701860911,0.017760426109867705,0.1637604073793729,0.011013022365955359,0.005722545086598584,-0.003467147762430829,-0.31236145950583516,-1.3918501923075461,-0.1614158604937669,-0.11983820946626235,-0.317721342058408,0.023719922102778044
4.59147310256958,0.19270016102444273,0.018084996090616992,0.1625822416594405,0.010818486378852356,0.005789695325773005,-0.003774566777201301,-0.3160732292182002,-1.4092679630451737,-0.16325721123795514,-0.12058965147625288,-0.3195403901982817,0.023892516429905315
4.5960938930511475,0.19270016102444273,0.018084996090616992,0.1625822416594405,0.010710301515063832,0.005731798372515275,-0.003736821109429288,-0.3160732292182002,-1.4092679630451737,-0.16325721123795514,-0.11938375496149034,-0.31634498629629887,0.02365359126560626
4.616349220275879,0.19273632316435862,0.018248188885557917,0.1622693261796814,0.01061231169848647,0.005770381877193204,-0.003845283464573339,-0.3178964503574816,-1.4180056859543357,-0.1641881472676449,-0.11977707143322362,-0.31730451697866807,0.02375202646337915
4.622366189956665,0.19273632316435862,0.018248188885557917,0.1622693261796814,0.010506188581501605,0.005712678058421272,-0.0038068306299276055,-0.3178964503574816,-1.4180056859543357,-0.1641881472676449,-0.11857930071889139,-0.3141314718088814,0.023514506198745358
4.629703521728516,0.1928848534495593,0.0185766232968607,0.16246726283677457,0.010570650307827646,0.006089178667300497,-0.0034583318452981546,-0.3197154023451593,-1.4267580570591052,-0.16511399495734713,-0.12177471773525776,-0.32239002352909035,0.024215382665143604
4.634316444396973,0.1928848534495593,0.0185766232968607,0.16246726283677457,0.01046494380474937,0.006028286880627492,-0.003423748526845173,-0.3197154023451593,-1.4267580570591052,-0.16511399495734713,-0.12055697055790518,-0.31916612329379945,0.023973228838492167
4.6513965129852295,0.19287798182216925,0.018868885991494597,0.16208545990742357,0.010339337714817189,0.00615831469535901,-0.0035951359795392914,-0.3215523149270689,-1.4355196056838517,-0.1660302885472562,-0.12124287198668651,-0.3208748866480345,0.024141358270643877
4.659050941467285,0.19287798182216925,0.018868885991494597,0.16208545990742357,0.010235944337669016,0.006096731548405419,-0.0035591846197438985,-0.3215523149270689,-1.4355196056838517,-0.1660302885472562,-0.12003044326681965,-0.3176661377815541,0.02389994468793744
4.670178651809692,0.19286564527160702,0.019163359524975436,0.161453908977353,0.010093107869140165,0.006350862234047264,-0.004062031779171528,-0.32337866037359037,-1.4442885905468317,-0.16694892631927652,-0.12172029461128071,-0.3220214732233145,0.024285938429657133
4.6767473220825195,0.19286564527160702,0.019163359524975436,0.161453908977353,0.009992176790448764,0.006287353611706791,-0.004021411461379813,-0.32337866037359037,-1.4442885905468317,-0.16694892631927652,-0.1205030916651679,-0.3188012584910813,0.02404307904536056
4.689745664596558,0.19292036966427856,0.019462988997129376,0.16083466967591398,0.009908803404524043,0.006501432411313245,-0.004432574631553331,-0.3251858825501369,-1.4530753966123278,-0.16787588988620974,-0.12175592482974976,-0.32207966254793663,0.02433446795881028
4.697277784347534,0.19292036966427856,0.019462988997129376,0.16083466967591398,0.009809715370478802,0.006436418087200113,-0.004388248885237798,-0.3251858825501369,-1.4530753966123278,-0.16787588988620974,-0.12053836558145226,-0.31885886592245727,0.024091123279222176
4.711689472198486,0.19308771924489476,0.019707631321299875,0.16047135085711403,0.009810022160325674,0.006573447503952717,-0.0045790394115224195,-0.3269771262730483,-1.461879213065304,-0.1688050404467247,-0.12153861748443791,-0.32151675730279716,0.024331678153429563
4.7164270877838135,0.19308771924489476,0.019707631321299875,0.16047135085711403,0.009711921938722418,0.00650771302891319,-0.004533249017407195,-0.3269771262730483,-1.461879213065304,-0.1688050404467247,-0.12032323130959353,-0.3183015897297692,0.024088361371895267
4.7315592765808105,0.19305244437659785,0.019957515261612175,0.15955795674901718,0.009569502646760146,0.0066618193682742195,-0.005071694231885259,-0.32876840582320427,-1.47069452273706,-0.1697350680646935,-0.12121673380839806,-0.3206961074250728,0.02430648923617583
4.736405611038208,0.19305244437659785,0.019957515261612175,0.15955795674901718,0.009473807620292544,0.006595201174591477,-0.005020977289566407,-0.32876840582320427,-1.47069452273706,-0.1697350680646935,-0.12000456647031409,-0.3174891463508221,0.02406342434381407
4.751236915588379,0.19298747427616414,0.020236621522625113,0.1583882503200921,0.009308787292454572,0.006787287323262864,-0.00573612540083412,-0.33051893189307435,-1.4795144303006322,-0.1706764504040698,-0.1209104230440975,-0.32001623122640244,0.024284587568189703
4.754677057266235,0.19298747427616414,0.020236621522625113,0.1583882503200921,0.009215699419530026,0.006719414450030235,-0.005678764146825779,-0.33051893189307435,-1.4795144303006322,-0.1706764504040698,-0.11970131881365653,-0.3168160689141384,0.024041741692507806
4.78753399848938,0.19310754288577323,0.02074546467069407,0.156124684181333,0.009137424219461914,0.006874156486441306,-0.006291812972559632,-0.3338264027560006,-1.497218512271982,-0.17261741336948463,-0.12033853735843168,-0.3188311816238207,0.024207005457555476
4.790961027145386,0.19310754288577323,0.02074546467069407,0.156124684181333,0.009046049977267295,0.006805414921576893,-0.006228894842834036,-0.3338264027560006,-1.497218512271982,-0.17261741336948463,-0.11913515198484737,-0.3156428698075825,0.02396493540297992
4.807711601257324,0.19336084675055887,0.02098555459830658,0.15549748647441325,0.009089417523266,0.006926834958346967,-0.006525648111008265,-0.3353904470441274,-1.5061128864663653,-0.1736150341448523,-0.1196905149937081,-0.3176068462392593,0.02411508932935247
4.8124840259552,0.19336084675055887,0.02098555459830658,0.15549748647441325,0.008998523348033341,0.006857566608763497,-0.0064603916298981824,-0.3353904470441274,-1.5061128864663653,-0.1736150341448523,-0.11849360984377101,-0.3144307777768667,0.023873938436058947
4.827636003494263,0.19405983268115337,0.021011552969986583,0.1555334882117445,0.00936701862577588,0.006839694206894559,-0.006373024021879713,-0.33692904866756074,-1.5150266936464007,-0.17461787254436667,-0.11922530721518629,-0.3169623601629965,0.024069791306567022
4.830642461776733,0.19405983268115337,0.021011552969986583,0.1555334882117445,0.009273348439518122,0.006771297264825614,-0.006309293781660916,-0.33692904866756074,-1.5150266936464007,-0.17461787254436667,-0.11803305414303443,-0.3137927365613665,0.023829093393501352
4.872005462646484,0.19451646819744067,0.021125122621222875,0.15496510753554754,0.00928633152311002,0.006752564194637088,-0.006380677000792698,-0.33848616480409877,-1.523950939549249,-0.17561544980708754,-0.11755846192100003,-0.31273583140356365,0.02375252470744744
4.875472784042358,0.19451646819744067,0.021125122621222875,0.15496510753554754,0.00919346820787892,0.006685038552690717,-0.006316870230784771,-0.33848616480409877,-1.523950939549249,-0.17561544980708754,-0.11638287730179003,-0.309608473089528,0.023514999460372967
4.8808393478393555,0.1948960989422219,0.021330725084792647,0.15415407191844258,0.00975336799476752,0.007197784352315683,-0.007721963598581019,-0.3400361793993515,-1.5328920417340273,-0.1766130908506493,-0.12063730609937132,-0.3225883640817421,0.02453857169810543
4.885607004165649,0.1948960989422219,0.021330725084792647,0.15415407191844258,0.009655834314819846,0.0071258065087925265,-0.007644743962595209,-0.3400361793993515,-1.5328920417340273,-0.1766130908506493,-0.1194309330383776,-0.31936248044092463,0.024293185981124375
4.890061616897583,0.19525609007238243,0.02160338663372773,0.153384526572085,0.01029072293023321,0.00788941668680572,-0.00922963882648477,-0.3415787497612621,-1.5418311130523947,-0.1776017959683705,-0.12473207084583929,-0.33553462470145634,0.02559241571661916
4.893979787826538,0.19525609007238243,0.02160338663372773,0.153384526572085,0.010187815700930879,0.007810522519937663,-0.009137342438219922,-0.3415787497612621,-1.5418311130523947,-0.1776017959683705,-0.12348475013738089,-0.3321792784544418,0.02533649155945297
4.907275915145874,0.19563324891535347,0.02186371845337099,0.15289714328627305,0.010347908529579215,0.00798344830361325,-0.009392687062594262,-0.34312052875224897,-1.5507631124215007,-0.17856919724037557,-0.12442160902449358,-0.3353383083328463,0.025616703910014093
4.9129555225372314,0.19563324891535347,0.02186371845337099,0.15289714328627305,0.010244429444283422,0.007903613820577117,-0.00929876019196832,-0.34312052875224897,-1.5507631124215007,-0.17856919724037557,-0.12317739293424863,-0.33198492524951784,0.02536053687091395
4.933302164077759,0.19603136636878565,0.022106511760248703,0.15289663637060769,0.010327882958028473,0.00795772747148865,-0.009195496082969077,-0.3446882958098239,-1.5596711441895816,-0.1795079664113761,-0.12337569598010774,-0.3328839689560359,0.025468138002398555
4.937198877334595,0.19603136636878565,0.022106511760248703,0.15289663637060769,0.010224604128448188,0.007878150196773763,-0.009103541122139387,-0.3446882958098239,-1.5596711441895816,-0.1795079664113761,-0.12214193902030666,-0.3295551292664755,0.02521345662237457
4.954750299453735,0.1961979516576085,0.022402274156690143,0.15233589260774805,0.01019910025658087,0.008004411119471574,-0.009313969326197477,-0.3463184903696758,-1.568546091221394,-0.1804102002292186,-0.1226080090247487,-0.3311236190156505,0.025396086961303615
4.960185766220093,0.1961979516576085,0.022402274156690143,0.15233589260774805,0.01009710925401506,0.007924367008276858,-0.009220829632935502,-0.3463184903696758,-1.568546091221394,-0.1804102002292186,-0.1213819289345012,-0.327812382825494,0.02514212609169058
4.974541187286377,0.19627455732126323,0.022686687342443876,0.15155438980363292,0.010025662162319118,0.008098120034666187,-0.009650370083470049,-0.34797443365456965,-1.5773935229130687,-0.18129233042247372,-0.12224153898623917,-0.3304588235456466,0.025431838556734223
4.982152700424194,0.19627455732126323,0.022686687342443876,0.15155438980363292,0.009925405540695926,0.008017138834319525,-0.009553866382635348,-0.34797443365456965,-1.5773935229130687,-0.18129233042247372,-0.12101912359637677,-0.3271542353101901,0.02517752017116688
4.993972539901733,0.19633506621334101,0.02293488733249043,0.150832674085243,0.009851569659536374,0.00820797256480018,-0.010044665909062118,-0.3496478371554879,-1.5862096819564153,-0.18216043091458733,-0.12233262405489952,-0.3310498466928732,0.025589126920664815
5.002726793289185,0.19633506621334101,0.02293488733249043,0.150832674085243,0.009753053962941011,0.008125892839152177,-0.009944219249971497,-0.3496478371554879,-1.5862096819564153,-0.18216043091458733,-0.12110929781435052,-0.32773934822594447,0.025333235651458168
5.0139429569244385,0.1964063541130751,0.023150236060395814,0.15041984548967405,0.009698567350382043,0.008275229235336691,-0.010192002966532615,-0.3513397901034947,-1.5949995458522634,-0.18302145534198383,-0.12256745251469055,-0.33198954608725195,0.025780272365623472
5.019013404846191,0.1964063541130751,0.023150236060395814,0.15041984548967405,0.009601581676878222,0.008192476942983324,-0.010090082936867289,-0.3513397901034947,-1.5949995458522634,-0.18302145534198383,-0.12134177798954364,-0.32866965062637943,0.02552246964196724
5.033695220947266,0.19623821126127378,0.02335557056907342,0.14950257394837332,0.009370869972959005,0.008301012123265299,-0.010595388388035833,-0.35307042524058524,-1.6037632437767089,-0.1838814471887546,-0.12218560016338917,-0.33111437365692786,0.025797461876448956
5.038959264755249,0.19623821126127378,0.02335557056907342,0.14950257394837332,0.009277161273229416,0.008218002002032645,-0.010489434504155475,-0.35307042524058524,-1.6037632437767089,-0.1838814471887546,-0.12096374416175527,-0.3278032299203586,0.025539487257684467
5.053411960601807,0.19599608782589256,0.02354585567751595,0.14836850410931832,0.008994878200486741,0.008329713330135926,-0.011150068387292903,-0.3547973816852875,-1.612514096095756,-0.18475895876626078,-0.12183336941424544,-0.3303441137277372,0.025807740400608785
5.061581134796143,0.19599608782589256,0.02354585567751595,0.14836850410931832,0.008904929418481873,0.008246416196834567,-0.011038567703419974,-0.3547973816852875,-1.612514096095756,-0.18475895876626078,-0.12061503572010299,-0.3270406725904598,0.025549662996602697
5.077788591384888,0.19575779858315612,0.023753214088800104,0.1472370276605537,0.008648522589488854,0.008347310400202467,-0.011608223672108274,-0.3565071334594908,-1.6212683081615467,-0.18566325920194746,-0.12124677933319684,-0.32896816627269443,0.02574439250514277
5.086350679397583,0.19575779858315612,0.023753214088800104,0.1472370276605537,0.008562037363593965,0.008263837296200442,-0.01149214143538719,-0.3565071334594908,-1.6212683081615467,-0.18566325920194746,-0.12003431153986488,-0.32567848460996746,0.025486948580091342
5.096939563751221,0.19556802016262795,0.02392446496307524,0.1463398174532003,0.00827207407213969,0.00841007607809068,-0.012201956411185936,-0.3582020497696387,-1.6300443329451204,-0.18659622281315588,-0.12162880292830415,-0.3304076105303046,0.02589751585749466
5.1010448932647705,0.19556802016262795,0.02392446496307524,0.1463398174532003,0.008189353331418294,0.008325975317309773,-0.012079936847074077,-0.3582020497696387,-1.6300443329451204,-0.18659622281315588,-0.1204125148990211,-0.32710353442500156,0.025638540698919715
5.1229071617126465,0.19544237498912867,0.024051578029588037,0.14588334056935642,0.008042533959795355,0.008316247026146249,-0.01216048596676256,-0.35990109086216904,-1.6388469889775246,-0.18754632278417294,-0.12056385193504535,-0.3277141888762925,0.025698475814454075
5.1277854442596436,0.19544237498912867,0.024051578029588037,0.14588334056935642,0.007962108620197401,0.008233084555884786,-0.012038881107094933,-0.35990109086216904,-1.6388469889775246,-0.18754632278417294,-0.11935821341569489,-0.32443704698752956,0.025441491056309534
5.14307713508606,0.1950326410110917,0.024243084204847987,0.14487750823235238,0.007595544616232476,0.008318672952379706,-0.012557833515075181,-0.36163684467336105,-1.647672730930357,-0.18850230243362678,-0.12012279233065262,-0.3267564348681339,0.025635137049764816
5.148446559906006,0.1950326410110917,0.024243084204847987,0.14487750823235238,0.007519589170070151,0.008235486222855908,-0.01243225517992443,-0.36163684467336105,-1.647672730930357,-0.18850230243362678,-0.1189215644073461,-0.3234888705194525,0.025378785679267168
5.157829284667969,0.19451745522180613,0.024463626359677724,0.1436078865533432,0.0068578705500220855,0.008476390042541226,-0.013625412143428306,-0.36338188647040615,-1.6565232631706883,-0.18946988726658123,-0.12092557164336018,-0.3293527740041369,0.025842924606779602
5.165273189544678,0.19451745522180613,0.024463626359677724,0.1436078865533432,0.006789291844521864,0.008391626142115813,-0.013489158021994022,-0.36338188647040615,-1.6565232631706883,-0.18946988726658123,-0.11971631592692658,-0.3260592462640955,0.025584495360711806
5.182116508483887,0.19398986033379628,0.024664386025287897,0.14229216022780833,0.006387722080381398,0.008478267167826962,-0.014116473307109276,-0.36512507443063974,-1.6653972124420364,-0.19044469912261988,-0.12029209599932578,-0.32788427679700644,0.025724324248412842
5.18766975402832,0.19398986033379628,0.024664386025287897,0.14229216022780833,0.006323844859577584,0.008393484496148691,-0.013975308574038184,-0.36512507443063974,-1.6653972124420364,-0.19044469912261988,-0.11908917503933251,-0.32460543402903635,0.025467081005928715
5.200418472290039,0.19348891319992015,0.024851416064295157,0.14117620674159545,0.005844011917866191,0.008510698287500947,-0.014688076363943946,-0.3668637110950787,-1.6742956120547734,-0.19142722810026933,-0.1202322119197797,-0.3281015859070583,0.025729535943616055
5.205986022949219,0.19348891319992015,0.024851416064295157,0.14117620674159545,0.005785571798687529,0.008425591304625937,-0.014541195600304506,-0.3668637110950787,-1.6742956120547734,-0.19142722810026933,-0.1190298898005819,-0.3248205700479877,0.025472240584179896
5.226537466049194,0.19303205270101165,0.02502184475800968,0.14047141228666504,0.005494619712302544,0.008440498858987426,-0.014726784998846769,-0.3686098126165327,-1.6831946930839479,-0.19240773584696674,-0.11928806733014934,-0.3257555941943013,0.025537174500177246
5.234668493270874,0.19303205270101165,0.02502184475800968,0.14047141228666504,0.005439673515179519,0.008356093870397551,-0.0145795171488583,-0.3686098126165327,-1.6831946930839479,-0.19240773584696674,-0.11809518665684784,-0.3224980382523583,0.025281802755175473
5.245512008666992,0.19233818872757738,0.025241237558538594,0.13925191422097885,0.0047145157881463675,0.008535080067642713,-0.01552664381543224,-0.3703768267277319,-1.6920865480902187,-0.1933757914895219,-0.1196680076109847,-0.32719394254620077,0.0256384046830213
5.253075361251831,0.19233818872757738,0.025241237558538594,0.13925191422097885,0.004667370630264904,0.008449729266966285,-0.015371377377277918,-0.3703768267277319,-1.6920865480902187,-0.1933757914895219,-0.11847132753487485,-0.32392200312073877,0.025382020636191088
5.2617104053497314,0.1915829307885759,0.02547199756758344,0.13781008691542546,0.003702281189230055,0.008727506906549722,-0.01684414318049922,-0.3721315951264274,-1.7009645421749255,-0.1943484301798702,-0.12071385146258305,-0.3306224155086487,0.025878100406681672
5.286574840545654,0.19084693808010766,0.025695417128768515,0.1363869469765454,0.0033543741362261907,0.00876295656819543,-0.017233438743491186,-0.3738568280566147,-1.7098300103553323,-0.19532776154303447,-0.1206794844961562,-0.33076716902525416,0.025874020277905176
5.302666664123535,0.19084693808010766,0.025695417128768515,0.1363869469765454,0.0033208303948639288,0.008675327002513476,-0.017061104356056272,-0.3738568280566147,-1.7098300103553323,-0.19532776154303447,-0.11947268965119465,-0.3274594973350016,0.025615280075126125
5.312451124191284,0.19017190920029628,0.025915345709772403,0.13523659876897962,0.00256474957222749,0.008874895081206369,-0.01803162342031565,-0.37554780385319414,-1.7186649039714215,-0.1963068848509474,-0.12120907414274859,-0.3329326640669768,0.0259959597016059
5.318153619766235,0.19017190920029628,0.025915345709772403,0.13523659876897962,0.002539102076505215,0.008786146130394305,-0.017851307186112494,-0.37554780385319414,-1.7186649039714215,-0.1963068848509474,-0.1199969834013211,-0.32960333742630704,0.025736000104589842
5.323712110519409,0.18958471825072526,0.026068993305369492,0.13455839169912645,0.0014213280755013002,0.009015016531792817,-0.018850020571132355,-0.3772144166549009,-1.7274761811917385,-0.1972772206633359,-0.12389696964854004,-0.3416713815752097,0.02659952479916459
5.3280627727508545,0.18958471825072526,0.026068993305369492,0.13455839169912645,0.0014071147947462871,0.008924866366474889,-0.01866152036542103,-0.3772144166549009,-1.7274761811917385,-0.1972772206633359,-0.12265799995205463,-0.3382546677594576,0.026333529551172945
5.344578742980957,0.18880499564913633,0.026249434761802765,0.13347452139435556,0.0009038962663696112,0.008973431017206766,-0.019112672773192924,-0.3788868519518762,-1.7362405691537903,-0.19823291974944893,-0.1231419290981867,-0.34001535494967633,0.02644660801487945
5.35136342048645,0.18880499564913633,0.026249434761802765,0.13347452139435556,0.0008948573037059151,0.008883696707034698,-0.018921546045460994,-0.3788868519518762,-1.7362405691537903,-0.19823291974944893,-0.12191050980720483,-0.3366152014001796,0.026182141934730653
5.36523962020874,0.18800139838654778,0.026422472896261304,0.13225874205833688,0.00028528013768806804,0.008961337912157545,-0.019586272752462653,-0.38053513496259217,-1.7449925587344643,-0.19918460785618494,-0.12270138052930435,-0.33936657665003117,0.026365212827950412
5.386048078536987,0.18726366482505608,0.02654861851267698,0.13113810594826925,-8.42811571324221e-05,0.008958270472909686,-0.019916828692311577,-0.3821598346864096,-1.7537237057803283,-0.2001308589857011,-0.12279757909008973,-0.34004534195664626,0.026396384321059244
5.390381097793579,0.18726366482505608,0.02654861851267698,0.13113810594826925,-8.343834556109788e-05,0.008868687768180589,-0.01971766040538846,-0.3821598346864096,-1.7537237057803283,-0.2001308589857011,-0.12156960329918884,-0.3366448885370798,0.02613242047784865
5.404925107955933,0.18662998586950655,0.026653149715140358,0.1303438287489799,-0.0005310811622238796,0.008873042488653449,-0.02005263710023771,-0.3837712706746027,-1.7624572019282685,-0.2010728827500069,-0.12223358131089289,-0.33910894062083935,0.026292678509367624
5.409964084625244,0.18662998586950655,0.026653149715140358,0.1303438287489799,-0.0005257703506016408,0.008784312063766914,-0.01985211072923533,-0.3837712706746027,-1.7624572019282685,-0.2010728827500069,-0.12101124549778396,-0.33571785121463094,0.026029751724273947
5.432494163513184,0.18611821051983685,0.02670805127889285,0.13005881863108165,-0.0007507475207149611,0.008717380555631146,-0.019774970518450216,-0.3853994733087832,-1.7711736486205891,-0.20199957365247886,-0.12101991098649471,-0.33611539510847654,0.026044646578192686
5.438107013702393,0.18611821051983685,0.02670805127889285,0.13005881863108165,-0.0007432400455078115,0.008630206750074833,-0.019577220813265715,-0.3853994733087832,-1.7711736486205891,-0.20199957365247886,-0.11980971187662977,-0.3327542411573918,0.025784200112410758
5.444617033004761,0.18546334525447875,0.02676949846032278,0.12925489060442183,-0.0017662096141354098,0.008685235384732726,-0.020590977612662743,-0.38708191617264043,-1.7798768276025192,-0.2029015651540845,-0.1228995057532109,-0.3423878325685766,0.0265006582345666
5.449419260025024,0.18546334525447875,0.02676949846032278,0.12925489060442183,-0.0017485475179940557,0.0085983830308854,-0.020385067836536114,-0.38708191617264043,-1.7798768276025192,-0.2029015651540845,-0.12167051069567879,-0.33896395424289083,0.026235651652220932
5.462771654129028,0.1848256711455009,0.026872496443291396,0.12824021360822377,-0.002225300975536349,0.0086274893837866,-0.02092507827579088,-0.3887946178900725,-1.7885745888954054,-0.20379586856581472,-0.12255993107983551,-0.34188816924931265,0.026448352301073185
5.486996412277222,0.1842828422535082,0.027004274288160865,0.12725774827938127,-0.0024369370618850294,0.008617752551408685,-0.021111888116639027,-0.3905319154771901,-1.7972803400448303,-0.2046900778911966,-0.12250223997282482,-0.34195265429012545,0.026444051558056084
5.491014242172241,0.1842828422535082,0.027004274288160865,0.12725774827938127,-0.002412567691266179,0.008531575025894599,-0.020900769235472638,-0.3905319154771901,-1.7972803400448303,-0.2046900778911966,-0.12127721757309658,-0.3385331277472242,0.02617961104247552
5.509878635406494,0.18387903055934313,0.027112836984029033,0.12653336752282685,-0.002612155891053335,0.008524603068022316,-0.021066185376903964,-0.3923021089346345,-1.8059832756077536,-0.20557305734196002,-0.12157813478742656,-0.339617508701482,0.02625500115564539
5.513833284378052,0.18387903055934313,0.027112836984029033,0.12653336752282685,-0.0025860343321428016,0.008439357037342093,-0.020855523523134925,-0.3923021089346345,-1.8059832756077536,-0.20557305734196002,-0.12036235343955229,-0.33622133361446715,0.025992451144088935
5.536422252655029,0.18361680030247288,0.027212341498949546,0.12626380298245085,-0.0026807495395294425,0.008402096671177903,-0.020760441449704466,-0.3941222231582238,-1.814687794790708,-0.2064358925496079,-0.1204439524100724,-0.33658860495308474,0.026021099078450596
5.543072462081909,0.18361680030247288,0.027212341498949546,0.12626380298245085,-0.002653942044134148,0.008318075704466124,-0.02055283703520742,-0.3941222231582238,-1.814687794790708,-0.2064358925496079,-0.11923951288597168,-0.33322271890355387,0.02576088808766609
5.561073303222656,0.18280282794240138,0.027539058632402247,0.12442252337428009,-0.003107375203253562,0.008479038607826488,-0.021343260427572015,-0.39797384213331427,-1.8320710393778687,-0.20809697757628098,-0.12137057688705488,-0.3392224779324294,0.026247789022169624
5.5652875900268555,0.18280282794240138,0.027539058632402247,0.12442252337428009,-0.0030763014512210263,0.008394248221748224,-0.021129827823296296,-0.39797384213331427,-1.8320710393778687,-0.20809697757628098,-0.12015687111818434,-0.3358302531531051,0.02598531113194793
5.584941864013672,0.18249615463724217,0.027685483318609774,0.1234199014961961,-0.003214622353294893,0.008420548950949366,-0.02141738840649747,-0.3999531108205657,-1.84075524268858,-0.2089039643535023,-0.12049962759005534,-0.3367379197103327,0.02607511463093803
5.590092420578003,0.18249615463724217,0.027685483318609774,0.1234199014961961,-0.003182476129761944,0.008336343461439872,-0.021203214522432495,-0.3999531108205657,-1.84075524268858,-0.2089039643535023,-0.11929463131415478,-0.33337054051322934,0.02581436348462865
5.601641654968262,0.18230776661674922,0.027839309010183975,0.12269584747861957,-0.003332393040167966,0.008431552904343222,-0.02160074297163049,-0.4019604428485508,-1.8494368935167633,-0.20969927078328035,-0.1207484943726859,-0.3372917210613786,0.026158365242520354
5.622837781906128,0.1822436218394521,0.027948342743650014,0.12245379039969177,-0.003334358833343197,0.00840669286497495,-0.021493282463811103,-0.40400878544228097,-1.8581018689282096,-0.2104737052722265,-0.12100060788788994,-0.3378604128406631,0.026232049634778865
5.6324782371521,0.1822436218394521,0.027948342743650014,0.12245379039969177,-0.003301015245009765,0.0083226259363252,-0.02127834963917299,-0.40400878544228097,-1.8581018689282096,-0.2104737052722265,-0.11979060180901104,-0.33448180871225647,0.025969729138431076
5.638793468475342,0.1820519148757283,0.028068029504264413,0.12174679306934487,-0.003601891974240059,0.008509597759835135,-0.022158346792062918,-0.4061196959609451,-1.8667490542854215,-0.21122280766915116,-0.1235777088528913,-0.3443235975898514,0.02686319506255816
5.6423187255859375,0.1820519148757283,0.028068029504264413,0.12174679306934487,-0.0035658730544976583,0.008424501782236783,-0.021936763324142287,-0.4061196959609451,-1.8667490542854215,-0.21122280766915116,-0.12234193176436238,-0.3408803616139529,0.026594563111932576
5.660597085952759,0.1818767226055361,0.02822945455062337,0.1208677759738993,-0.003639579749585541,0.008465301630408558,-0.022186546298951466,-0.4082592040775902,-1.8753853869412278,-0.21196250685778334,-0.12285170918738263,-0.34202059929811207,0.026729560897560137
5.6664063930511475,0.1818767226055361,0.02822945455062337,0.1208677759738993,-0.0036031839520896856,0.008380648614104473,-0.02196468083596195,-0.4082592040775902,-1.8753853869412278,-0.21196250685778334,-0.1216231920955088,-0.3386003933051309,0.026462265288584533
5.681437730789185,0.1817882163616554,0.028403099351995177,0.12005338892516465,-0.003642327369801329,0.008456619909666986,-0.022272634339186314,-0.4104147852511507,-1.8840221574612532,-0.21270341208261004,-0.12252066509245801,-0.3407470597153273,0.026683441993903042
5.6883838176727295,0.1817882163616554,0.028403099351995177,0.12005338892516465,-0.003605904096103316,0.008372053710570317,-0.02204990799579445,-0.4104147852511507,-1.8840221574612532,-0.21270341208261004,-0.12129545844153343,-0.337339589118174,0.02641660757396401
5.7104127407073975,0.18182895258385195,0.02853619785445736,0.11952675389282616,-0.0035592069239878286,0.00837090523653937,-0.02206181867133047,-0.4125823890446242,-1.892658988615633,-0.2134438744639068,-0.12152821192347966,-0.33774149649943175,0.026484000623261266
5.715568542480469,0.18182895258385195,0.02853619785445736,0.11952675389282616,-0.0035236148547479504,0.008287196184173975,-0.021841200484617167,-0.4125823890446242,-1.892658988615633,-0.2134438744639068,-0.12031292980424486,-0.3343640815344374,0.026219160617028652
5.724015951156616,0.18201547144333996,0.028654527199103767,0.11947852160264398,-0.0032773674833510994,0.00836177002919339,-0.02166913971290443,-0.4147733961032803,-1.9012962797313866,-0.21417676720469137,-0.12290714281469284,-0.340861301695155,0.026830941466893313
5.736177444458008,0.18201547144333996,0.028654527199103767,0.11947852160264398,-0.0032445938085175884,0.008278152328901457,-0.021452448315775387,-0.4147733961032803,-1.9012962797313866,-0.21417676720469137,-0.1216780713865459,-0.33745268867820344,0.02656263205222438
5.752155065536499,0.18203804790108935,0.028852782299490776,0.11890106811594578,-0.0032117891136865047,0.008351883882996625,-0.021586129752826002,-0.4170111244341043,-1.9099168511978812,-0.2148982969431579,-0.12249383141528782,-0.3392673309942281,0.026762969955010187
5.756885528564453,0.18203804790108935,0.028852782299490776,0.11890106811594578,-0.0031796712225496395,0.008268365044166658,-0.021370268455297742,-0.4170111244341043,-1.9099168511978812,-0.2148982969431579,-0.12126889310113494,-0.3358746576842858,0.026495340255460083
5.787115812301636,0.18214169634764674,0.029282349463719187,0.11729570368726966,-0.0031314908620520246,0.008376566450599306,-0.02167201559044765,-0.42148346686465554,-1.9271689218635881,-0.21634407658839344,-0.12219528783430254,-0.3380084184796944,0.026722959779726958
5.791123628616333,0.18214169634764674,0.029282349463719187,0.11729570368726966,-0.0031001759534315045,0.008292800786093313,-0.02145529543454317,-0.42148346686465554,-1.9271689218635881,-0.21634407658839344,-0.12097333495595952,-0.3346283342948974,0.026455730181929687
5.811292409896851,0.18231588319473013,0.029519826007569878,0.116748976527038,-0.0029947060420935003,0.008356255028071713,-0.021500488156262643,-0.4237047676823816,-1.9358139998451507,-0.21707424695352068,-0.12135818411893026,-0.335409857987998,0.026559276855202752
5.818664789199829,0.18231588319473013,0.029519826007569878,0.116748976527038,-0.0029647589816725653,0.008272692477790996,-0.021285483274700017,-0.4237047676823816,-1.9358139998451507,-0.21707424695352068,-0.12014460227774096,-0.332055759408118,0.026293684086650726
5.831116199493408,0.1825854329158677,0.0297137497562513,0.1166468124262123,-0.0027295640032750715,0.008364679173211981,-0.021142398341350836,-0.4259325092703737,-1.9444644355757834,-0.21779981762982312,-0.12153111075246663,-0.33542448831193766,0.026632646625597944
5.835809946060181,0.1825854329158677,0.0297137497562513,0.1166468124262123,-0.0027022683632423206,0.00828103238147986,-0.020930974357937327,-0.4259325092703737,-1.9444644355757834,-0.21779981762982312,-0.12031579964494196,-0.3320702434288183,0.026366320159341965
5.84703803062439,0.18267915057222459,0.029908406820214957,0.11595615703481926,-0.0026131674337481845,0.008430738895031094,-0.021318352822626122,-0.4281887444225325,-1.9531123774085457,-0.21851464506493112,-0.12200254757876541,-0.33616280985286334,0.0267785995375668
5.850783824920654,0.18267915057222459,0.029908406820214957,0.11595615703481926,-0.002587035759410703,0.008346431506080783,-0.021105169294399862,-0.4281887444225325,-1.9531123774085457,-0.21851464506493112,-0.12078252210297775,-0.3328011817543347,0.026510813542191133
5.873233079910278,0.18274373349809225,0.030132089995750774,0.11500514103603253,-0.0025459243736716507,0.008401816834690374,-0.021306537071128496,-0.43044252472713007,-1.9617622059532818,-0.21923455366977018,-0.12101553037532381,-0.33318366559957757,0.026581889450326388
5.87804388999939,0.18274373349809225,0.030132089995750774,0.11500514103603253,-0.0025204651299349343,0.00831779866634347,-0.02109347170041721,-0.43044252472713007,-1.9617622059532818,-0.21923455366977018,-0.11980537507157057,-0.3298518289435818,0.026316070555823124
5.891623020172119,0.18284774775457624,0.03037145340409108,0.11405969369903247,-0.0024416466735818743,0.00847695296724328,-0.02155955154368789,-0.43268329400567274,-1.9704233340612423,-0.21996505580049583,-0.12097481995467656,-0.3327003939988286,0.02660335464155074
5.896893739700317,0.18284774775457624,0.03037145340409108,0.11405969369903247,-0.0024172302068460557,0.008392183437570847,-0.02134395602825101,-0.43268329400567274,-1.9704233340612423,-0.21996505580049583,-0.11976507175512979,-0.3293733900588403,0.02633732109513523
5.9132373332977295,0.18303258201230485,0.030561768636944577,0.11336436745849417,-0.002294639348549118,0.008468836109483189,-0.021544174369601744,-0.4349113759039315,-1.9790955271832797,-0.220701693519071,-0.12052391172790392,-0.3311964274788112,0.026529944320339525
5.920610666275024,0.18303258201230485,0.030561768636944577,0.11336436745849417,-0.0022716929550636268,0.008384147748388356,-0.021328732625905726,-0.4349113759039315,-1.9790955271832797,-0.220701693519071,-0.11931867261062487,-0.32788446320402304,0.02626464487713613
5.932298183441162,0.1833116674644444,0.03072480286961312,0.11313283242267441,-0.002022177299515565,0.008470373702986233,-0.0213024284256396,-0.43714082073846483,-1.9877749706628718,-0.221434443864368,-0.1208617070193581,-0.33176660283875187,0.02664573046953394
5.938673496246338,0.1833116674644444,0.03072480286961312,0.11313283242267441,-0.0020019555265204094,0.00838566996595637,-0.021089404141383206,-0.43714082073846483,-1.9877749706628718,-0.221434443864368,-0.11965308994916452,-0.32844893681036436,0.0263792731648386
5.950620412826538,0.183374637615953,0.030966396884377818,0.11235807997626578,-0.001952703473741726,0.008564327457559988,-0.021505325100903177,-0.439395379784492,-1.996441479300363,-0.22215963576350642,-0.12114770225561132,-0.33215798538056923,0.026748800629427222
5.955353736877441,0.183374637615953,0.030966396884377818,0.11235807997626578,-0.0019331764390043088,0.008478684182984388,-0.021290271849894144,-0.439395379784492,-1.996441479300363,-0.22215963576350642,-0.11993622523305521,-0.3288364055267635,0.026481312623132948
5.969533205032349,0.18337686490837796,0.031220449331060617,0.11135222979175016,-0.0019354932758050526,0.008636156626710145,-0.02176621179522277,-0.44164445851730905,-2.005114997809052,-0.2228859309426711,-0.12099504718726316,-0.33144814028671754,0.026750197194613926
5.978875637054443,0.18337686490837796,0.031220449331060617,0.11135222979175016,-0.001916138343047002,0.008549795060443044,-0.021548549677270542,-0.44164445851730905,-2.005114997809052,-0.2228859309426711,-0.11978509671539052,-0.3281336588838504,0.026482695222667788
5.9912779331207275,0.18338843729795679,0.03145960043862067,0.11036829195742488,-0.0019131943463891628,0.008728178260676183,-0.022104240789435518,-0.44387955648451655,-2.0137891464429036,-0.22361291706622297,-0.12115120432237136,-0.3316022248010876,0.026827923701477588
5.996791124343872,0.18338843729795679,0.03145960043862067,0.11036829195742488,-0.0018940624029252712,0.008640896478069421,-0.021883198381541163,-0.44387955648451655,-2.0137891464429036,-0.22361291706622297,-0.11993969227914765,-0.3282862025530767,0.026559644464462812
6.009034156799316,0.18343153554406666,0.03170858609108597,0.1096569273143601,-0.0018620328707991212,0.008811013721398019,-0.022223797036876554,-0.44609797657584016,-2.0224810063328014,-0.22434557706607908,-0.12132071500734594,-0.3318593319668977,0.026910641750951293
6.0142271518707275,0.18343153554406666,0.03170858609108597,0.1096569273143601,-0.00184341254209113,0.008722903584184039,-0.02200155906650779,-0.44609797657584016,-2.0224810063328014,-0.22434557706607908,-0.12010750785727248,-0.3285407386472287,0.02664153533344178
6.0310609340667725,0.18350360500645874,0.03191830614338918,0.10941845374679787,-0.0017916525300048804,0.008774551582048326,-0.021911469466423868,-0.4483159375416245,-2.0311732406753995,-0.22507322969196955,-0.12078177451281956,-0.33024176016566803,0.026826626235621615
6.0362207889556885,0.18350360500645874,0.03191830614338918,0.10941845374679787,-0.0017737360047048315,0.008686806066227843,-0.02169235477175963,-0.4483159375416245,-2.0311732406753995,-0.22507322969196955,-0.11957395676769136,-0.32693934256401136,0.0265583599732654
6.049288034439087,0.18334342717257657,0.0321351560059574,0.10861758837973214,-0.0018989778079524804,0.008813490071633977,-0.022067973449808254,-0.4505575829596176,-2.0398636997646196,-0.2257909806214414,-0.12080696279046674,-0.33009111595608226,0.02687962296282396
6.055001258850098,0.18334342717257657,0.0321351560059574,0.10861758837973214,-0.0018799880298729554,0.008725355170917637,-0.021847293715310172,-0.4505575829596176,-2.0398636997646196,-0.2257909806214414,-0.11959889316256207,-0.32679020479652143,0.02661082673319572
6.068842172622681,0.18310360923830443,0.03238213771515617,0.10757411226504171,-0.0020581169142625463,0.008874066615312216,-0.022359787528232634,-0.45279054454630224,-2.0485517455100073,-0.22651372678561665,-0.12068301824251947,-0.3295867081507724,0.026893505448781295
6.0769970417022705,0.18310360923830443,0.03238213771515617,0.10757411226504171,-0.0020375357451199207,0.008785325949159093,-0.022136189652950305,-0.45279054454630224,-2.0485517455100073,-0.22651372678561665,-0.11947618806009427,-0.32629084106926465,0.026624570394293483
6.096632242202759,0.18285723929120873,0.032652932815077175,0.10654697853140335,-0.0021597671738199774,0.008874913304056601,-0.022420658984834935,-0.455004619237608,-2.0572540709037246,-0.22724889506483306,-0.11987535375283012,-0.32731377883177004,0.02673942834848657
6.102666854858398,0.18285723929120873,0.032652932815077175,0.10654697853140335,-0.0021381695020817777,0.008786164171016035,-0.022196452394986587,-0.455004619237608,-2.0572540709037246,-0.22724889506483306,-0.11867660021530183,-0.3240406410434523,0.026472034065001704
6.113687038421631,0.18264837357839125,0.032880536772585865,0.10577726351736545,-0.0023302974939585887,0.008956267035353975,-0.022647541656786178,-0.45720263168581493,-2.065970600334128,-0.22798966552477307,-0.12031068072473257,-0.3284539237130524,0.026882385342782634
6.119153261184692,0.18264837357839125,0.032880536772585865,0.10577726351736545,-0.002306994519019003,0.008866704365000436,-0.022421066240218317,-0.45720263168581493,-2.065970600334128,-0.22798966552477307,-0.11910757391748525,-0.32516938447592186,0.026613561489354808
6.1291587352752686,0.1824929462308665,0.033071882913953556,0.10547073438115667,-0.0024548352539090178,0.008987218459440944,-0.02248190798340348,-0.45940157222691225,-2.0747026538957356,-0.22872821508860733,-0.12102345157658527,-0.33036336825774554,0.027094170936203157
6.134151935577393,0.1824929462308665,0.033071882913953556,0.10547073438115667,-0.0024302869013699277,0.008897346274846535,-0.022257088903569443,-0.45940157222691225,-2.0747026538957356,-0.22872821508860733,-0.11981321706081942,-0.32705973457516807,0.026823229226841126
6.150310516357422,0.18208850961321504,0.03333131159974867,0.10459517598168337,-0.002674695788351089,0.009003282813602102,-0.02255526418102131,-0.46163353919278627,-2.0834289778398016,-0.229456557370622,-0.12055438623661663,-0.3290139700742717,0.027019731032285013
6.155517816543579,0.18208850961321504,0.03333131159974867,0.10459517598168337,-0.002647948830467578,0.00891324998546608,-0.022329711539211098,-0.46163353919278627,-2.0834289778398016,-0.229456557370622,-0.11934884237425046,-0.325723830373529,0.026749533721962163
6.172023057937622,0.1816061969056657,0.03359581938269163,0.10347409536257672,-0.0029347085871971037,0.009028898769159662,-0.02276321884787185,-0.46386459802323465,-2.0921671984796073,-0.2301866809901168,-0.12004832336011044,-0.32759137115272036,0.02693459680959817
6.177773952484131,0.1816061969056657,0.03359581938269163,0.10347409536257672,-0.002905361501325133,0.008938609781468066,-0.022535586659393134,-0.46386459802323465,-2.0921671984796073,-0.2301866809901168,-0.11884784012650934,-0.32431545744119317,0.02666525084150219
6.191184759140015,0.1811286914102002,0.033834303919094616,0.10236918608047085,-0.0032570048457350766,0.009081111608086327,-0.023108419183838755,-0.4660894866022657,-2.1009141116181453,-0.23091871062105615,-0.11997815085271876,-0.3273895134974794,0.026952329557879854
6.196351051330566,0.1811286914102002,0.033834303919094616,0.10236918608047085,-0.0032244347972777256,0.008990300492005464,-0.022877334992000366,-0.4660894866022657,-2.1009141116181453,-0.23091871062105615,-0.11877836934419157,-0.32411561836250463,0.026682806262301056
6.215569972991943,0.18068473683147587,0.03407235024049735,0.10153506107535354,-0.0034375818298229303,0.009050265101452988,-0.023065696477637784,-0.46830976701429,-2.1096813984773637,-0.23165437299332114,-0.11920356858002602,-0.3252950616126118,0.026800351384859283
6.221410512924194,0.18068473683147587,0.03407235024049735,0.10153506107535354,-0.003403206011524701,0.008959762450438459,-0.022835039512861404,-0.46830976701429,-2.1096813984773637,-0.23165437299332114,-0.11801153289422577,-0.32204211099648566,0.026532347871010692
6.236063718795776,0.18028505714081225,0.034266636738740266,0.10117822391720419,-0.0036528591522651884,0.009009512943986938,-0.02283303325689722,-0.470545936183996,-2.118452334481672,-0.23238447053490982,-0.11895600148490165,-0.32462137316540907,0.026772262807212493
6.240659236907959,0.18028505714081225,0.034266636738740266,0.10117822391720419,-0.0036163305607425362,0.00891941781454707,-0.02260470292432825,-0.470545936183996,-2.118452334481672,-0.23238447053490982,-0.11776644147005264,-0.321375159433755,0.02650454017914037
6.248231410980225,0.17966573896592206,0.03446660988744907,0.10026384772740052,-0.004433807770813011,0.009158138363560988,-0.023544094104598384,-0.47282506880467096,-2.1272214473510624,-0.23310097983443132,-0.12074636381878937,-0.32937797484676884,0.02722469017182481
6.252986669540405,0.17966573896592206,0.03446660988744907,0.10026384772740052,-0.004389469693104881,0.009066556979925379,-0.0233086531635524,-0.47282506880467096,-2.1272214473510624,-0.23310097983443132,-0.11953890018060147,-0.32608419509830117,0.02695244327010656
6.271147012710571,0.1789852455795859,0.03469353132231809,0.09911569785232135,-0.004738443680726366,0.009137095017639289,-0.023687712438072023,-0.47511630703610574,-2.135991631165337,-0.2338175620981067,-0.1200783189445531,-0.3275024866844341,0.027090167970521474
6.276662826538086,0.1789852455795859,0.03469353132231809,0.09911569785232135,-0.004691059243919102,0.009045724067462896,-0.023450835313691302,-0.47511630703610574,-2.135991631165337,-0.2338175620981067,-0.11887753575510758,-0.32422746181758977,0.026819266290816258
6.293823003768921,0.17832143222493865,0.034939223567109275,0.09799349376987768,-0.005050420057042208,0.009135891523362322,-0.02384827931039606,-0.47740883971851295,-2.144771901459182,-0.23453791292536716,-0.1195203365667781,-0.3259455005549897,0.026977434642132966
6.298982381820679,0.17832143222493865,0.034939223567109275,0.09799349376987768,-0.004999915856471786,0.0090445326081287,-0.0236097965172921,-0.47740883971851295,-2.144771901459182,-0.23453791292536716,-0.11832513320111032,-0.3226860455494398,0.026707660295711637
6.310677766799927,0.17772150847131737,0.03513724536591003,0.09714016017310124,-0.005484857606744782,0.009161076353604093,-0.024076749572923797,-0.47970411992640394,-2.153558596894567,-0.2352588942922252,-0.11982585017151472,-0.3267452325250075,0.027061896782782213
6.316412448883057,0.17772150847131737,0.03513724536591003,0.09714016017310124,-0.005430009030677334,0.009069465590068052,-0.02383598207719456,-0.47970411992640394,-2.153558596894567,-0.2352588942922252,-0.11862759166979957,-0.3234777801997574,0.02679127781495439
6.332997798919678,0.1765784424143916,0.03544842764034004,0.09658190115046081,-0.006079432454598052,0.00916066381093467,-0.02390557335358952,-0.48201445122186626,-2.162352351293443,-0.23597246309566733,-0.1193405432968957,-0.3253850264603987,0.026959896848232367
6.340705871582031,0.1765784424143916,0.03544842764034004,0.09658190115046081,-0.006018638130052071,0.009069057172825322,-0.023666517620053625,-0.48201445122186626,-2.162352351293443,-0.23597246309566733,-0.11814713786392674,-0.3221311761957947,0.026690297879750042
6.350482225418091,0.1754309179488887,0.03578596870584559,0.09553679618476145,-0.007168321788086791,0.009357057920688302,-0.024445126047078863,-0.48436466861108834,-2.171135768123125,-0.23667683069069503,-0.12021815256590743,-0.3276217555378411,0.027158937201223633
6.371454954147339,0.17437446777916601,0.03610049504869302,0.0942928213836583,-0.007618698475345649,0.00943947565166264,-0.024769882048681434,-0.4867157839639729,-2.1799277774162586,-0.2373970982439719,-0.12052757739957921,-0.3284141499068236,0.027218912738399076
6.376928091049194,0.17437446777916601,0.03610049504869302,0.0942928213836583,-0.007542511490592193,0.009345080895146013,-0.02452218322819462,-0.4867157839639729,-2.1799277774162586,-0.2373970982439719,-0.11932230162558342,-0.32513000840775536,0.026946723611015085
6.388711214065552,0.17347807537752494,0.03636027408274294,0.0931000726600096,-0.008257634152302414,0.00952151026859514,-0.025252993650008142,-0.489057245346828,-2.1887271735259044,-0.23814321437459107,-0.12080263463196016,-0.3291349139801612,0.027240461860860685
6.3952956199646,0.17347807537752494,0.03636027408274294,0.0931000726600096,-0.00817505781077939,0.009426295165909189,-0.025000463713508062,-0.489057245346828,-2.1887271735259044,-0.23814321437459107,-0.11959460828564056,-0.3258435648403596,0.02696805724225208
6.413639783859253,0.1727632641481563,0.03659630182052462,0.092206654763553,-0.008498290117267415,0.009483215928615849,-0.025217737757431226,-0.491387477358526,-2.197541841436843,-0.23891910066669048,-0.12010598159403875,-0.32725940630412165,0.02704231870993384
6.419854402542114,0.1727632641481563,0.03659630182052462,0.092206654763553,-0.008413307216094741,0.00938838376932969,-0.024965560379856915,-0.491387477358526,-2.197541841436843,-0.23891910066669048,-0.11890492177809836,-0.32398681224108045,0.026771895522834502
6.432466268539429,0.1714445017962221,0.03721836508312049,0.09160698833791263,-0.009405187010094282,0.009776128148223007,-0.025129867762053327,-0.4937268988282743,-2.206360902582653,-0.2397203575152223,-0.1202018929237869,-0.3275543078160677,0.026974656891164746
6.437780380249023,0.1714445017962221,0.03721836508312049,0.09160698833791263,-0.00931113513999334,0.009678366866740777,-0.024878569084432794,-0.4937268988282743,-2.206360902582653,-0.2397203575152223,-0.11899987399454903,-0.324278764737907,0.026704910322253098
6.449110984802246,0.17026526074959344,0.03769848551058518,0.09051378272601311,-0.010296390944068968,0.01003594673703168,-0.02553664058853344,-0.49609878455651996,-2.215177128346723,-0.2405360501503369,-0.12059640119121512,-0.32861412794189915,0.02693745897842271
6.4701988697052,0.169285950468646,0.03810365810299474,0.08922568248339077,-0.010678576091633496,0.010156585152674317,-0.025865063687662712,-0.49847221008661463,-2.2239977400403053,-0.24139435347570798,-0.12088259892117578,-0.32940741746677765,0.026912607762165093
6.480447292327881,0.169285950468646,0.03810365810299474,0.08922568248339077,-0.010571790330717161,0.010055019301147574,-0.025606413050786085,-0.49847221008661463,-2.2239977400403053,-0.24139435347570798,-0.11967377293196402,-0.3261133432921099,0.026643481684543443
6.491343259811401,0.16855454214815346,0.038439273762741095,0.08800522454140008,-0.011173726070103073,0.010323926342615145,-0.026427619570991046,-0.500837989847783,-2.232815503638965,-0.24229267725965653,-0.12134677501313798,-0.3307556687930235,0.026807755897492104
6.497381925582886,0.16855454214815346,0.038439273762741095,0.08800522454140008,-0.011061988809402042,0.010220687079188993,-0.026163343375281135,-0.500837989847783,-2.232815503638965,-0.24229267725965653,-0.1201333072630066,-0.3274481121050932,0.026539678338517184
6.5108482837677,0.1680805657734437,0.038653508794455796,0.08708432267298544,-0.0113243894250603,0.010317867098024387,-0.026562835682216193,-0.503197781637918,-2.241632417071912,-0.2432238375299568,-0.12124272364360414,-0.33057472743400146,0.026595628097553326
6.5156567096710205,0.1680805657734437,0.038653508794455796,0.08708432267298544,-0.011211145530809697,0.010214688427044143,-0.02629720732539403,-0.503197781637918,-2.241632417071912,-0.2432238375299568,-0.1200302964071681,-0.32726898015966144,0.026329671816577794
6.5343639850616455,0.1677362743980973,0.039123183265881475,0.08662290531049892,-0.01129877413497108,0.010374451245719224,-0.02625539302010122,-0.5055694797311249,-2.250442857277233,-0.24416429468803155,-0.12049701825468478,-0.32860191839922315,0.02628974672491841
6.53903603553772,0.1677362743980973,0.039123183265881475,0.08662290531049892,-0.01118578639362137,0.010270706733262032,-0.02599283908990021,-0.5055694797311249,-2.250442857277233,-0.24416429468803155,-0.11929204807213793,-0.3253158992152309,0.026026849257669224
6.551448822021484,0.16726098269584966,0.039526495308965424,0.08559428482073526,-0.011488084499071934,0.010542865099634537,-0.026523610312546145,-0.5079737149187808,-2.2592304222267243,-0.24508602654231132,-0.12062914993517697,-0.32898391297010626,0.0261099501458581
6.556872129440308,0.16726098269584966,0.039526495308965424,0.08559428482073526,-0.011373203654081215,0.010437436448638192,-0.026258374209420683,-0.5079737149187808,-2.2592304222267243,-0.24508602654231132,-0.1194228584358252,-0.3256940738404052,0.02584885064439952
6.5799689292907715,0.16681830342747386,0.039845526478207,0.08433192852081846,-0.011468653959663658,0.010507256055062867,-0.02652474287669903,-0.5103781250126046,-2.268010012324666,-0.2460053365610847,-0.11958336853725117,-0.32615499536213965,0.02577353736902699
6.585173606872559,0.16681830342747386,0.039845526478207,0.08433192852081846,-0.01135396742006702,0.010402183494512239,-0.02625949544793204,-0.5103781250126046,-2.268010012324666,-0.2460053365610847,-0.11838753485187865,-0.3228934454085183,0.025515801995336717
6.613075256347656,0.16627782392672846,0.04015778098254917,0.08215326040659203,-0.011455752766290338,0.010465570726504746,-0.02676115865056945,-0.5151735429084836,-2.285541467214291,-0.24782198070192618,-0.11942764209834236,-0.32581412898973655,0.025566925384439755
6.618470191955566,0.16627782392672846,0.04015778098254917,0.08215326040659203,-0.011341195238627434,0.010360915019239698,-0.026493547064063754,-0.5151735429084836,-2.285541467214291,-0.24782198070192618,-0.11823336567735894,-0.3225559876998392,0.025311256130595358
6.6362879276275635,0.16563444686435724,0.04051685162438066,0.08107003551718074,-0.011609942629551024,0.010492553669333833,-0.02681037904362099,-0.5175780597289754,-2.2942832154128134,-0.2486994960319509,-0.11879027556599565,-0.3241311143249256,0.02530918295001368
6.643399477005005,0.16563444686435724,0.04051685162438066,0.08107003551718074,-0.011493843203255513,0.010387628132640495,-0.02654227525318478,-0.5175780597289754,-2.2942832154128134,-0.2486994960319509,-0.1176023728103357,-0.3208898031816763,0.025056091120513543
6.654911994934082,0.165022021441629,0.04080227378477742,0.07962668950197921,-0.011947988772129624,0.010611028703354872,-0.027494349368875588,-0.5199644330610238,-2.3030183521177765,-0.24954207996889016,-0.11909213038579972,-0.3251055500724882,0.025219005222272734
6.6603240966796875,0.165022021441629,0.04080227378477742,0.07962668950197921,-0.011828508884408328,0.010504918416321323,-0.02721940587518683,-0.5199644330610238,-2.3030183521177765,-0.24954207996889016,-0.11790120908194172,-0.3218544945717633,0.024966815170050005
6.673707723617554,0.16452202821826395,0.041050407932294954,0.0780635539464153,-0.012116753340659803,0.01066445213490379,-0.028087412402305494,-0.5223192374641185,-2.3117465007208082,-0.2503728639502375,-0.11898157951950647,-0.32502154056303234,0.02507851780274154
6.694311857223511,0.16419087597025284,0.04129682244421297,0.07662095091325818,-0.012176431705116992,0.010727367674787242,-0.028490523960899686,-0.5246370606716989,-2.3204838869614264,-0.25119662549647276,-0.11923592490938897,-0.32592651830891023,0.025065974430694745
6.698742866516113,0.16419087597025284,0.04129682244421297,0.07662095091325818,-0.012054667388065822,0.010620093998039369,-0.02820561872129069,-0.5246370606716989,-2.3204838869614264,-0.25119662549647276,-0.11804356566029509,-0.3226672531258211,0.0248153146863878
6.7219719886779785,0.1640499257553883,0.04148858293936195,0.07551428986359225,-0.012008581964001308,0.010632358346778484,-0.02838977849982591,-0.5269286923751441,-2.3292301278218406,-0.2520085641306856,-0.1181292317287139,-0.3231313958905626,0.024784099011275495
6.727555990219116,0.1640499257553883,0.04148858293936195,0.07551428986359225,-0.011888496144361296,0.0105260347633107,-0.02810588071482765,-0.5269286923751441,-2.3292301278218406,-0.2520085641306856,-0.11694793941142675,-0.319900081931657,0.02453625802116274
6.753838777542114,0.16349382481403085,0.04193323384910654,0.07192269075876037,-0.012018132010630551,0.010691911889539574,-0.029166973518098497,-0.5314724453845587,-2.346738504859383,-0.2535965648057799,-0.11797883139666258,-0.323238058741072,0.024686058920068737
6.759012460708618,0.16349382481403085,0.04193323384910654,0.07192269075876037,-0.011897950690524246,0.010584992770644178,-0.02887530378291751,-0.5314724453845587,-2.346738504859383,-0.2535965648057799,-0.11679904308269595,-0.32000567815366127,0.02443919833086805
6.772054433822632,0.16334618404869916,0.04218924142372686,0.06994066580500272,-0.011933568052190473,0.010793344451067909,-0.030080830449666605,-0.5336782515655519,-2.3555178567586816,-0.25438842627567737,-0.1177860562277831,-0.3234189561183997,0.02459924233444591
6.776576519012451,0.16334618404869916,0.04218924142372686,0.06994066580500272,-0.011814232371668568,0.01068541100655723,-0.02978002214516994,-0.5336782515655519,-2.3555178567586816,-0.25438842627567737,-0.11660819566550526,-0.3201847665572157,0.024353249911101448
6.79594087600708,0.16336654213564836,0.04244432160699678,0.06815437428237868,-0.011711167036736244,0.010784656390077129,-0.030389723453040245,-0.5358402634935963,-2.36432237612419,-0.255182832166362,-0.11686387003451544,-0.32145407560745215,0.02438411394476508
6.8018903732299805,0.16336654213564836,0.04244432160699678,0.06815437428237868,-0.011594055366368882,0.010676809826176357,-0.03008582621850984,-0.5358402634935963,-2.36432237612419,-0.255182832166362,-0.11569523133417028,-0.3182395348513776,0.02414027280531743
6.817134857177734,0.163559175640152,0.0427241353924949,0.06677933254650274,-0.011378655654025233,0.010830121705486785,-0.030670081450695854,-0.5379779367957899,-2.373144776185372,-0.2559779581897811,-0.11632133455969551,-0.32075168943593246,0.024250626834592715
6.825558423995972,0.163559175640152,0.0427241353924949,0.06677933254650274,-0.01126486909748498,0.010721820488431916,-0.030363380636188896,-0.5379779367957899,-2.373144776185372,-0.2559779581897811,-0.11515812121409856,-0.31754417254157313,0.024008120566246786
6.835016250610352,0.16364763283048897,0.04305164027864806,0.06491261511903089,-0.011115499800310834,0.011122353590983588,-0.03199750130210528,-0.540123549543675,-2.38197300741428,-0.25676656734896397,-0.11687239788681213,-0.32355716570257576,0.024343159951971075
6.854598760604858,0.16377012594993168,0.043403653427966656,0.06284574263124017,-0.010971955642625611,0.011277705749741402,-0.03271444283128541,-0.542253790195616,-2.3908031287039724,-0.257565400146788,-0.1170706479456718,-0.32476445664656745,0.024373417912586917
6.859160661697388,0.16377012594993168,0.043403653427966656,0.06284574263124017,-0.010862236086199354,0.011164928692243987,-0.03238729840297256,-0.542253790195616,-2.3908031287039724,-0.257565400146788,-0.11589994146621509,-0.32151681208010174,0.024129683733461048
6.882325887680054,0.1639777528327455,0.04380332242826951,0.0608149117515971,-0.010689723796680383,0.011299042148131063,-0.03292352486027478,-0.5443634164441884,-2.39963888327758,-0.25838174505714345,-0.11587984626256102,-0.3220638200131253,0.02411384378390187
6.888063907623291,0.1639777528327455,0.04380332242826951,0.0608149117515971,-0.010582826558713579,0.011186051726649753,-0.03259428961167203,-0.5443634164441884,-2.39963888327758,-0.25838174505714345,-0.11472104779993542,-0.31884318181299404,0.02387270534606285
6.89630389213562,0.1642788146121616,0.04425443672160528,0.05907378074132853,-0.010177524507751447,0.011802247394987855,-0.034333597560671204,-0.546458719116815,-2.408463716160986,-0.2592097560479214,-0.11673848691047778,-0.32622706859236067,0.024255313666827302
6.916544675827026,0.16466559255211954,0.044680126297459544,0.0578234153705242,-0.009905391822138175,0.011949670015497864,-0.03459161516756527,-0.5485594159250637,-2.4172760353723683,-0.2600382600240972,-0.11685630698418517,-0.3272641016323935,0.024265761080457623
6.921139240264893,0.16466559255211954,0.044680126297459544,0.0578234153705242,-0.009806337903916792,0.011830173315342885,-0.03424569901588962,-0.5485594159250637,-2.4172760353723683,-0.2600382600240972,-0.11568774391434332,-0.32399146061606954,0.024023103469653046
6.93696928024292,0.1647994652353993,0.04508733007804146,0.056189536474049964,-0.009655489071882378,0.012054658452891998,-0.03491089440616211,-0.5507031635046592,-2.426048587539055,-0.26086301056092603,-0.11619087383072707,-0.3262248734750947,0.02410382431593211
6.941413640975952,0.1647994652353993,0.04508733007804146,0.056189536474049964,-0.009558934181163554,0.011934111868363077,-0.03456178546210049,-0.5507031635046592,-2.426048587539055,-0.26086301056092603,-0.1150289650924198,-0.32296262474034376,0.023862786072772788
6.951066493988037,0.16482593679417729,0.04543839715835597,0.05444064674404982,-0.009489166561465001,0.012325571475216564,-0.0359896819573281,-0.5528636496345868,-2.4348058393301777,-0.2616973268366869,-0.1166011833996797,-0.32869880511691874,0.02413739718765221
6.972091436386108,0.1648164009467182,0.04569844785451531,0.05279406231608836,-0.009420906655323295,0.012389306833405923,-0.03639881946419551,-0.5550361063094673,-2.4435311729260256,-0.26254121832232913,-0.11668294612297209,-0.3295157294054217,0.024124398334502323
6.976433038711548,0.1648164009467182,0.04569844785451531,0.05279406231608836,-0.009326697588770062,0.012265413765071865,-0.03603483126955355,-0.5550361063094673,-2.4435311729260256,-0.26254121832232913,-0.11551611666174237,-0.32622057211136746,0.0238831543511573
6.993400812149048,0.16480966631623517,0.04585717238309539,0.051473732783663795,-0.009258586910729808,0.01229937509000089,-0.03644102370968608,-0.5572234253885785,-2.4522357467058007,-0.2633985098418871,-0.11590808908173895,-0.3280344418544545,0.023917150547085604
6.999043703079224,0.16480966631623517,0.04585717238309539,0.051473732783663795,-0.009166001041622511,0.012176381339100881,-0.03607661347258922,-0.5572234253885785,-2.4522357467058007,-0.2633985098418871,-0.11474900819092157,-0.32475409743591,0.023677979041614748
7.014829158782959,0.16481760796118453,0.04589971833111457,0.05065908616986648,-0.00908249612851323,0.012123785065101093,-0.03622729044832433,-0.5594457424771467,-2.460900661067686,-0.26426025448449175,-0.11528072312869009,-0.32693885051992055,0.023726674057315652
7.02056884765625,0.16481760796118453,0.04589971833111457,0.05065908616986648,-0.008991671167228097,0.012002547214450082,-0.03586501754384109,-0.5594457424771467,-2.460900661067686,-0.26426025448449175,-0.11412791589740319,-0.32366946201472135,0.023489407316742494
7.035383939743042,0.16455116751988938,0.04585497989975874,0.04940366471536573,-0.009101293598607561,0.011917027884108167,-0.03634826354070778,-0.5617331185281013,-2.4695293948461567,-0.26512102073358584,-0.11481108484765001,-0.32619701263074813,0.023552047394524243
7.04056453704834,0.16455116751988938,0.04585497989975874,0.04940366471536573,-0.009010280662621484,0.011797857605267085,-0.0359847809053007,-0.5617331185281013,-2.4695293948461567,-0.26512102073358584,-0.11366297399917351,-0.32293504250444066,0.023316526920579
7.0519468784332275,0.16418086149479685,0.04576768662523361,0.047984078437790796,-0.009273657169590934,0.011697020102635219,-0.0368653892488461,-0.564051144120004,-2.4781315494970118,-0.26599255044529607,-0.11491560174995873,-0.3271891942643327,0.023454086694821154
7.0575642585754395,0.16418086149479685,0.04576768662523361,0.047984078437790796,-0.009180920597895026,0.011580049901608866,-0.03649673535635764,-0.564051144120004,-2.4781315494970118,-0.26599255044529607,-0.11376644573245914,-0.32391730232168936,0.02321954582787294
7.0801990032196045,0.1637897456186596,0.045668063922190326,0.046629251719692226,-0.009275217564753616,0.011464892062267314,-0.03672734062075105,-0.5663867456929752,-2.4867156467786775,-0.26687507315228287,-0.11383229703864052,-0.32443564917479645,0.023166187586541223
7.084604024887085,0.1637897456186596,0.045668063922190326,0.046629251719692226,-0.00918246538910608,0.01135024314164464,-0.03636006721454354,-0.5663867456929752,-2.4867156467786775,-0.26687507315228287,-0.11269397406825411,-0.32119129268304847,0.02293452571067581
7.099263668060303,0.16342714997978203,0.0455278101032722,0.04555836853267155,-0.009353258315675341,0.011194882643172026,-0.03672598287834528,-0.5687444293331756,-2.4952815644385917,-0.26775230857146476,-0.11343362854959649,-0.3237696823333479,0.022980539837553535
7.104595184326172,0.16342714997978203,0.0455278101032722,0.04555836853267155,-0.009259725732518587,0.011082933816740305,-0.03635872304956183,-0.5687444293331756,-2.4952815644385917,-0.26775230857146476,-0.11229929226410053,-0.32053198551001444,0.022750734439177998
7.125054121017456,0.16310836842452184,0.04536650863680137,0.044956862624814055,-0.009328180233395485,0.010913769011346384,-0.03629084364516582,-0.5711408353284609,-2.5038318056318896,-0.2686105118928684,-0.11253019044157936,-0.32146665289016557,0.02272653042348647
7.130367994308472,0.16310836842452184,0.04536650863680137,0.044956862624814055,-0.00923489843106153,0.01080463132123292,-0.03592793520871416,-0.5711408353284609,-2.5038318056318896,-0.2686105118928684,-0.11140488853716356,-0.3182519863612639,0.022499265119251606
7.141014814376831,0.16355993440795355,0.04469080418726825,0.04464517737475654,-0.008712229191833527,0.010098704960338321,-0.0359209260509894,-0.5736142043940543,-2.5123528907123154,-0.2694404793356006,-0.11296216266358577,-0.32299104990424243,0.022688530275220394
7.146643877029419,0.16355993440795355,0.04469080418726825,0.04464517737475654,-0.008625106899915191,0.009997717910734939,-0.0355617167904795,-0.5736142043940543,-2.5123528907123154,-0.2694404793356006,-0.11183254103694991,-0.3197611394052,0.02246164497246819
7.167203903198242,0.16359692759437075,0.04424999454993969,0.04386608866097599,-0.008525262912616158,0.009715572296795953,-0.035601159812965834,-0.5761872102295613,-2.5208376412434186,-0.2702465605159237,-0.11214239930006215,-0.3206453966157035,0.022458705305241848
7.172451972961426,0.16359692759437075,0.04424999454993969,0.04386608866097599,-0.008440010283489997,0.009618416573827993,-0.035245148214836174,-0.5761872102295613,-2.5208376412434186,-0.2702465605159237,-0.11102097530706152,-0.3174389426495465,0.02223411825218943
7.178198337554932,0.1634479904883084,0.043974932595744864,0.04295699557843724,-0.008641514737806538,0.009168434163397467,-0.036500970180174896,-0.578831612911758,-2.5292989495743994,-0.27100411600071467,-0.11513299942772709,-0.3288148860827835,0.02287546312248787
7.201807260513306,0.1631967594219056,0.04385500832261551,0.04217817374518481,-0.008668035942261157,0.009050576225012675,-0.03646622062362978,-0.5815413790034498,-2.537726937584917,-0.27170317196821836,-0.11527797003836847,-0.3290502654532154,0.022877156304680436
7.206150770187378,0.1631967594219056,0.04385500832261551,0.04217817374518481,-0.008581355582838545,0.008960070462762548,-0.03610155841739348,-0.5815413790034498,-2.537726937584917,-0.27170317196821836,-0.11412519033798478,-0.32575976279868324,0.02264838474163363
7.223696708679199,0.1628939486913501,0.04380407747145821,0.04174890491101135,-0.008673071557518966,0.008857582080959858,-0.03598282976849619,-0.5843188617138704,-2.546126756994087,-0.2723377669961343,-0.11476538677884122,-0.3272208051064967,0.02276253742607551
7.228802442550659,0.1628939486913501,0.04380407747145821,0.04174890491101135,-0.008586340841943776,0.00876900626015026,-0.03562300147081123,-0.5843188617138704,-2.546126756994087,-0.2723377669961343,-0.11361773291105282,-0.3239485970554317,0.022534912051814755
7.242234706878662,0.16223368119500023,0.04445414963528147,0.041181063137915405,-0.00901094024632376,0.009186406760134198,-0.03563786631244834,-0.5871687810255046,-2.5544820698749025,-0.27290351987601685,-0.11485939566905069,-0.3268315949364111,0.022791831173538044
7.248733997344971,0.16223368119500023,0.04445414963528147,0.041181063137915405,-0.008920830843860523,0.009094542692532856,-0.03528148764932386,-0.5871687810255046,-2.5544820698749025,-0.27290351987601685,-0.11371080171236018,-0.323563278987047,0.022563912861802662
7.260440826416016,0.16152100216483697,0.04500713626778705,0.04032146462469759,-0.00946624265199361,0.009519722813064048,-0.035608303392025746,-0.5900747445665921,-2.562798921315887,-0.27341377115936066,-0.11534414538874012,-0.3273135690949141,0.022924676822741036
7.264735460281372,0.16152100216483697,0.04500713626778705,0.04032146462469759,-0.009371580225473674,0.009424525584933407,-0.03525222035810549,-0.5900747445665921,-2.562798921315887,-0.27341377115936066,-0.11419070393485271,-0.32404043340396493,0.022695430054513625
7.28112530708313,0.16083598855438277,0.045471749568511376,0.03939175240554631,-0.00971425865776352,0.009649071687583347,-0.03543244375285813,-0.5930150570479008,-2.571100275766068,-0.2738820682814794,-0.11504453008103001,-0.32577790371917864,0.022905990171758164
7.2859108448028564,0.16083598855438277,0.045471749568511376,0.03939175240554631,-0.009617116071185886,0.009552580970707512,-0.03507811931532955,-0.5930150570479008,-2.571100275766068,-0.2738820682814794,-0.1138940847802197,-0.3225201246819869,0.02267693027004058
7.306403875350952,0.1602407605651315,0.04577886404342681,0.0386095438879759,-0.009823041073968149,0.009630683562856856,-0.0350889121451226,-0.5959800025073936,-2.5793904946105446,-0.27432520188307796,-0.1143604103886987,-0.32326986667487806,0.02280805698495306
7.311218976974487,0.1602407605651315,0.04577886404342681,0.0386095438879759,-0.009724810663228467,0.009534376727228287,-0.03473802302367138,-0.5959800025073936,-2.5793904946105446,-0.27432520188307796,-0.1132168062848117,-0.32003716800812926,0.02257997641510353
7.325883150100708,0.15976867831305006,0.04596518879747596,0.03818632476754093,-0.009958476653985533,0.009581911285560971,-0.034660705201415946,-0.5989728832764352,-2.587679499285656,-0.2747516282170548,-0.11434504406145377,-0.322389677876928,0.022861601049646643
7.332284688949585,0.15976867831305006,0.04596518879747596,0.03818632476754093,-0.009858891887445678,0.009486092172705362,-0.034314098149401784,-0.5989728832764352,-2.587679499285656,-0.2747516282170548,-0.11320159362083923,-0.31916578109815874,0.022632985039150177
7.344611167907715,0.15908921586299157,0.046192213909728365,0.037211345137229866,-0.010333408257650601,0.009626216837526158,-0.03473147819377001,-0.6020024519337446,-2.5959563202456066,-0.27516768158181526,-0.11478179341581238,-0.32257110478019013,0.02301085375130783
7.349613904953003,0.15908921586299157,0.046192213909728365,0.037211345137229866,-0.010230074175074095,0.009529954669150896,-0.03438416341183231,-0.6020024519337446,-2.5959563202456066,-0.27516768158181526,-0.11363397548165426,-0.31934539373238824,0.02278074521379475
7.361181259155273,0.15837218051376062,0.04638915324791962,0.03597568531868077,-0.01077589031400633,0.009676361890047855,-0.035076449936079404,-0.6050415043001588,-2.60424394326845,-0.275599699890963,-0.11538699029089601,-0.3231970807562202,0.023179098076816576
7.370732069015503,0.15837218051376062,0.04638915324791962,0.03597568531868077,-0.010668131410866265,0.009579598271147375,-0.03472568543671861,-0.6050415043001588,-2.60424394326845,-0.275599699890963,-0.11423312038798705,-0.319965109948658,0.02294730709604841
7.387377500534058,0.15770662584225606,0.046535168597528036,0.034696065230203646,-0.010981035804612169,0.009623996976833624,-0.035127873867109125,-0.6080823677620575,-2.6125548282504796,-0.27606607657024446,-0.11509304973976317,-0.3216812150598335,0.02313152047422687
7.391809701919556,0.15770662584225606,0.046535168597528036,0.034696065230203646,-0.010871225446566046,0.009527757007065287,-0.03477659512843803,-0.6080823677620575,-2.6125548282504796,-0.27606607657024446,-0.11394211924236554,-0.31846440290923517,0.0229002052694846
7.401913642883301,0.1571309170411242,0.04662024147141703,0.033609684729472754,-0.01135925866887372,0.009590057020010196,-0.03547984849439625,-0.6111222178837569,-2.6209010023544717,-0.27656877915582284,-0.1160910613007207,-0.3234222332883593,0.023318253545706706
7.406319618225098,0.1571309170411242,0.04662024147141703,0.033609684729472754,-0.011245666082184984,0.009494156449810094,-0.035125050009452284,-0.6111222178837569,-2.6209010023544717,-0.27656877915582284,-0.11493015068771349,-0.32018801095547567,0.02308507101024964
7.429799318313599,0.15666110566753763,0.04659966844390473,0.032927809833398214,-0.01134006262493481,0.009409580383375905,-0.03505912462056435,-0.6141721652463743,-2.6292846202533915,-0.27710158276553043,-0.11519780049492781,-0.32050878153067924,0.02312077925744487
7.435756206512451,0.15666110566753763,0.04659966844390473,0.032927809833398214,-0.011226661998685461,0.009315484579542146,-0.034708533374358704,-0.6141721652463743,-2.6292846202533915,-0.27710158276553043,-0.11404582248997853,-0.3173036937153724,0.02288957146487042
7.448796033859253,0.15595473647165284,0.04656437327510977,0.03166940306508044,-0.011678639838226746,0.009260999994009464,-0.03531220863642003,-0.6172466774161086,-2.637694771756653,-0.27765242030549403,-0.1154675656267779,-0.32049886667877464,0.023125231910630983
7.453667402267456,0.15595473647165284,0.04656437327510977,0.03166940306508044,-0.011561853439844479,0.00916838999406937,-0.034959086550055835,-0.6172466774161086,-2.637694771756653,-0.27765242030549403,-0.11431288997051012,-0.3172938780119869,0.022893979591524675
7.482445955276489,0.15520687223393273,0.046520850646099385,0.030131683723460187,-0.011718587390449271,0.009098670177857546,-0.03513683021373074,-0.6203176120633905,-2.6461301016896326,-0.27823274285719435,-0.11432482709608452,-0.31701863707715394,0.02286494577035255
7.4875102043151855,0.15520687223393273,0.046520850646099385,0.030131683723460187,-0.011601401516544778,0.00900768347607897,-0.034785461911593436,-0.6203176120633905,-2.6461301016896326,-0.27823274285719435,-0.11318157882512367,-0.3138484507063824,0.022636296312649025
7.529216289520264,0.15452614849724,0.04646932523471336,0.02855323917398217,-0.011657423560780988,0.008931872687077121,-0.03481172378703828,-0.6233685322785985,-2.6545999586801172,-0.27884053125548774,-0.11283878841795558,-0.3127201337604879,0.02254171472949481
7.5358052253723145,0.15452614849724,0.04646932523471336,0.02855323917398217,-0.011540849325173177,0.00884255396020635,-0.03446360654916789,-0.6233685322785985,-2.6545999586801172,-0.27884053125548774,-0.11171040053377602,-0.30959293242288305,0.02231629758219986
7.542320013046265,0.15397203556763395,0.04637301478515436,0.027190850208685044,-0.012323619771853872,0.008754534430617722,-0.03619348318759919,-0.6263892436370337,-2.663099762661319,-0.27946102460018957,-0.1155809911198428,-0.3194224159611958,0.02292099583030105
7.548386812210083,0.15397203556763395,0.04637301478515436,0.027190850208685044,-0.012200383574135333,0.008666989086311545,-0.0358315483557232,-0.6263892436370337,-2.663099762661319,-0.27946102460018957,-0.11442518120864437,-0.31622819180158385,0.02269178587199804
7.556166172027588,0.15207516960973136,0.046784945744379934,0.023801847470615107,-0.014625740359961018,0.009405533781863413,-0.03971547275550472,-0.6322911498199153,-2.6801547919864563,-0.2806798844894209,-0.12138435807470595,-0.3348154311746776,0.023858225554156162
7.567899942398071,0.15207516960973136,0.046784945744379934,0.023801847470615107,-0.014479482956361407,0.009311478444044778,-0.039318318027949675,-0.6322911498199153,-2.6801547919864563,-0.2806798844894209,-0.1201705144939589,-0.3314672768629308,0.0236196432986146
7.572941541671753,0.1512723638727413,0.04696313571576378,0.021862066055515026,-0.01602213863599122,0.009840871117751048,-0.042693414568798216,-0.6351215613050827,-2.6887097679742697,-0.28128184177395477,-0.12495108310577281,-0.3450017391262158,0.024479904222137645
7.588534355163574,0.15065920884649728,0.04710874807773828,0.020052327701018925,-0.016283687929500825,0.009918140239174414,-0.043406202825697814,-0.6378555388120919,-2.6972891743413907,-0.2818797436379382,-0.12556457711216346,-0.3470193645477385,0.02459439523592338
7.59790563583374,0.15065920884649728,0.04710874807773828,0.020052327701018925,-0.016120851050205817,0.00981895883678267,-0.042972140797440835,-0.6378555388120919,-2.6972891743413907,-0.2818797436379382,-0.12430893134104182,-0.3435491709022611,0.024348451283564145
7.607189416885376,0.15025255189037678,0.04721965143573906,0.018594459778759852,-0.016436207253578083,0.009952677233141036,-0.04408717744253766,-0.6404982040365257,-2.7058990933897413,-0.2824713014484009,-0.12608420647053423,-0.34933475099177114,0.024721408371968467
7.612133979797363,0.15025255189037678,0.04721965143573906,0.018594459778759852,-0.016271845181042303,0.009853150460809626,-0.04364630566811228,-0.6404982040365257,-2.7058990933897413,-0.2824713014484009,-0.12482336440582888,-0.34584140348185344,0.02447419428824878
7.627656698226929,0.15004306674986084,0.04731284954089005,0.017670129534663265,-0.01625880856122427,0.009857575590442192,-0.04379522774993353,-0.6430706386230728,-2.714523331816967,-0.28304333448122193,-0.1253307955936014,-0.34790752134276925,0.024613043715590473
7.632049322128296,0.15004306674986084,0.04731284954089005,0.017670129534663265,-0.01609622047561203,0.00975899983453777,-0.0433572754724342,-0.6430706386230728,-2.714523331816967,-0.28304333448122193,-0.12407748763766539,-0.34442844612934154,0.024366913278434568
7.650562286376953,0.1497308540489555,0.04746714591744996,0.01625994654347134,-0.016122773523919325,0.00979967796345482,-0.04367213595592015,-0.6456120138405815,-2.7231485873502597,-0.28358401914346015,-0.12428625533839327,-0.34561676548771486,0.02446113579988774
7.654764175415039,0.1497308540489555,0.04746714591744996,0.01625994654347134,-0.015961545788680132,0.009701681183820272,-0.043235414596360947,-0.6456120138405815,-2.7231485873502597,-0.28358401914346015,-0.12304339278500934,-0.3421605978328377,0.024216524441888862
7.670324087142944,0.1494672851756785,0.04767645166824688,0.014665763674703836,-0.01599684171335744,0.00981351761373884,-0.043809389767243134,-0.648104271708129,-2.731782956027539,-0.28410925159293765,-0.1234978062767784,-0.34425831571050697,0.02438719616507205
7.674588680267334,0.1494672851756785,0.04767645166824688,0.014665763674703836,-0.015836873296223866,0.009715382437601451,-0.043371295869570704,-0.648104271708129,-2.731782956027539,-0.28410925159293765,-0.1222628282140106,-0.3408157325534019,0.02414332420342133
7.690649032592773,0.14931440038588387,0.04792610225490711,0.013133240362833476,-0.015797641903971125,0.009843341794006772,-0.043874060852178876,-0.6505525960844195,-2.7404307339320013,-0.28461937190772457,-0.12263757639157465,-0.3427645977979444,0.024312895374243887
7.698141098022461,0.14931440038588387,0.04792610225490711,0.013133240362833476,-0.015639665484931415,0.009744908376066704,-0.04343532024365709,-0.6505525960844195,-2.7404307339320013,-0.28461937190772457,-0.1214112006276589,-0.3393369518199649,0.02406976642050145
7.710724592208862,0.14929823786233315,0.0481605679467554,0.011886476006406747,-0.01552110786892534,0.00990670973844165,-0.0439734993204251,-0.6529743345169512,-2.749084084996868,-0.2851066897876491,-0.12220710556964143,-0.34278517539282527,0.024373039628228774
7.714723110198975,0.14929823786233315,0.0481605679467554,0.011886476006406747,-0.015365896790236087,0.009807642641057233,-0.04353376432722085,-0.6529743345169512,-2.749084084996868,-0.2851066897876491,-0.12098503451394502,-0.33935732363889703,0.024129309231946484
7.72776985168457,0.14942042271923053,0.04836603049909192,0.011113513561619917,-0.015133776108981693,0.009911208054333877,-0.04367893077732773,-0.6554042301487433,-2.757733477456641,-0.2855624483644743,-0.12171609257300998,-0.342557207724282,0.024436460307541617
7.7330217361450195,0.14942042271923053,0.04836603049909192,0.011113513561619917,-0.014982438347891876,0.009812095973790538,-0.04324214146955445,-0.6554042301487433,-2.757733477456641,-0.2855624483644743,-0.12049893164727989,-0.3391316356470392,0.0241920957044662
7.754044055938721,0.14939162518631088,0.04858391081477145,0.009783581036676915,-0.014862188385003746,0.009864250892071423,-0.0434316877884835,-0.6578905517049454,-2.7663542133746244,-0.285980998749638,-0.12052051623757318,-0.339817639649714,0.024304561580683608
7.758537769317627,0.14939162518631088,0.04858391081477145,0.009783581036676915,-0.014713566501153708,0.00976560838315071,-0.04299737091059866,-0.6578905517049454,-2.7663542133746244,-0.285980998749638,-0.11931531107519744,-0.33641946325321687,0.02406151596487677
7.778777122497559,0.14937521261010256,0.04876364551437199,0.008226367417700024,-0.014593686750505796,0.00981367262239752,-0.04332681375007112,-0.6604032176163861,-2.7749726046676715,-0.2863777998306442,-0.11940307985346277,-0.337289496049671,0.02419881228866397
7.786653995513916,0.14937521261010256,0.04876364551437199,0.008226367417700024,-0.014447749883000738,0.009715535896173544,-0.04289354561257041,-0.6604032176163861,-2.7749726046676715,-0.2863777998306442,-0.11820904905492814,-0.3339166010891743,0.02395682416577733
7.792003631591797,0.14945317614599457,0.04889482861166198,0.006709629626508441,-0.01422781600007142,0.010074607733192107,-0.04527339252307336,-0.662941556122951,-2.7835766928706893,-0.28675688728396814,-0.12189803516603591,-0.34657250454912664,0.02517514418316643
7.815283536911011,0.14965351942900307,0.04901108363402003,0.005485049661456375,-0.014012533798516639,0.010063207052050776,-0.0453428748270627,-0.6655144007678101,-2.7921730025408715,-0.2871249429324063,-0.1218089243334645,-0.3467796389775579,0.02526268363838308
7.820178031921387,0.14965351942900307,0.04901108363402003,0.005485049661456375,-0.013872408460531472,0.009962574981530269,-0.04488944607879208,-0.6655144007678101,-2.7921730025408715,-0.2871249429324063,-0.12059083509012986,-0.34331184258778236,0.025010056801999248
7.830605506896973,0.14997720124694894,0.04908498201794083,0.004754093535735364,-0.013440736915358036,0.00998709720344574,-0.04514089901998421,-0.6681480907916458,-2.800748488231778,-0.2874741579740851,-0.1219604755726216,-0.3480576429036327,0.02553218687051039
7.833779335021973,0.14997720124694894,0.04908498201794083,0.004754093535735364,-0.013306329546204455,0.009887226231411281,-0.04468949002978437,-0.6681480907916458,-2.800748488231778,-0.2874741579740851,-0.12074087081689538,-0.3445770664745964,0.025276865001805288
7.847490549087524,0.15013816063209873,0.04918085201697509,0.0035367693605895265,-0.013077837551176197,0.009924843906944963,-0.04512436987026638,-0.6708787640996321,-2.809304107784157,-0.28779884841860087,-0.12155603965753685,-0.34733669486077823,0.025624578550759926
7.867793560028076,0.15028163370172612,0.049326009776822125,0.0021475160359611186,-0.01289329986378385,0.009948278155856199,-0.04535091112171785,-0.6736743378819013,-2.817844099509025,-0.288117527817687,-0.12173259848337357,-0.34804783404841516,0.02577474304447834
7.873732328414917,0.15028163370172612,0.049326009776822125,0.0021475160359611186,-0.012764366865146011,0.009848795374297637,-0.04489740201050067,-0.6736743378819013,-2.817844099509025,-0.288117527817687,-0.12051527249853984,-0.344567355707931,0.025516995614033557
7.887103319168091,0.150469174777479,0.049492777948062644,0.0008333191976200516,-0.012520726629534976,0.009948573192159388,-0.04542129361890757,-0.6765259442623195,-2.8263788582834826,-0.2884371640192495,-0.12145744184894587,-0.34747459264118075,0.025876829639168614
7.893355131149292,0.150469174777479,0.049492777948062644,0.0008333191976200516,-0.012395519363239627,0.009849087460237793,-0.0449670806827185,-0.6765259442623195,-2.8263788582834826,-0.2884371640192495,-0.12024286743045641,-0.3439998467147689,0.02561806134277693
7.904008865356445,0.15073226943641818,0.0496474947797439,-0.0001737582099684902,-0.012047945599801635,0.009966647380961575,-0.04545392859583753,-0.6794371344110613,-2.8348968083632786,-0.2887545038904743,-0.12178337165141358,-0.34851986782893085,0.02613282412270166
7.907210826873779,0.15073226943641818,0.0496474947797439,-0.0001737582099684902,-0.011927466143803618,0.009866980907151959,-0.04499938930987915,-0.6794371344110613,-2.8348968083632786,-0.2887545038904743,-0.12056553793489944,-0.3450346691506415,0.025871495881474645
7.928951740264893,0.15107327100499046,0.049799685315367416,-0.0006818168962507765,-0.011657100983301544,0.00985580592028684,-0.04478072389797124,-0.682423496900224,-2.8434057528769117,-0.28906364843604015,-0.12073677213532223,-0.3454810244124941,0.02599317995640414
7.935107707977295,0.15107327100499046,0.049799685315367416,-0.0006818168962507765,-0.011540529973468529,0.009757247861083972,-0.04433291665899153,-0.682423496900224,-2.8434057528769117,-0.28906364843604015,-0.119529404413969,-0.3420262141683692,0.0257332481568401
7.944953441619873,0.15116603642330248,0.05000281617184953,-0.0017179777347283048,-0.01135673315062735,0.00994462813169759,-0.04492434111201286,-0.6855114261170377,-2.85188242558754,-0.2893618130614908,-0.12146912836264279,-0.34718003272515824,0.026317492235818776
7.949594974517822,0.15116603642330248,0.05000281617184953,-0.0017179777347283048,-0.011243165819121076,0.009845181850380615,-0.04447509770089273,-0.6855114261170377,-2.85188242558754,-0.2893618130614908,-0.12025443707901635,-0.34370823239790665,0.026054317313460588
7.964912414550781,0.15116878033451006,0.05019484055753005,-0.0029809914626657674,-0.011149200908012108,0.009933824225783157,-0.04484201701351944,-0.688656706198547,-2.860353668948134,-0.28966428687050005,-0.12109730709632673,-0.3457821042494589,0.02632954407966369
7.968837022781372,0.15116878033451006,0.05019484055753005,-0.0029809914626657674,-0.011037708898931986,0.009834485983525326,-0.044393596843384245,-0.688656706198547,-2.860353668948134,-0.28966428687050005,-0.11988633402536346,-0.3423242832069643,0.026066248638867053
7.988831996917725,0.15115227332685402,0.0503882851408484,-0.004229393729277609,-0.010950897586126019,0.00987963217565916,-0.04456387969392799,-0.6918426254670058,-2.868814378013993,-0.28997443092553626,-0.1202692249632428,-0.3431202802101816,0.026210334643703388
7.994603633880615,0.15115227332685402,0.0503882851408484,-0.004229393729277609,-0.010841388610264758,0.009780835853902568,-0.04411824089698871,-0.6918426254670058,-2.868814378013993,-0.28997443092553626,-0.11906653271361037,-0.3396890774080798,0.025948231297266353
8.009823322296143,0.1511438318599576,0.05059622081728393,-0.005224143566926538,-0.010754411065589112,0.009868452462838276,-0.04431745148452061,-0.6950565272157593,-2.877276152920872,-0.29029375855529277,-0.1199664533824126,-0.3418390883786508,0.02621353643849349
8.015064239501953,0.1511438318599576,0.05059622081728393,-0.005224143566926538,-0.01064686695493322,0.009769767938209894,-0.043874276969675406,-0.6950565272157593,-2.877276152920872,-0.29029375855529277,-0.11876678884858848,-0.33842069749486425,0.025951401074108555
8.034932374954224,0.15115417561724848,0.050761096064810586,-0.005769148436831774,-0.010541759133981591,0.009775431104637388,-0.04370256276603337,-0.6983032107035007,-2.8857260122786967,-0.29061450354685936,-0.1191947279582579,-0.33928082647597657,0.026091362565661316
8.040824174880981,0.15115417561724848,0.050761096064810586,-0.005769148436831774,-0.010436341542641775,0.009677676793591014,-0.043265537138373035,-0.6983032107035007,-2.8857260122786967,-0.29061450354685936,-0.11800278067867533,-0.3358880182112168,0.0258304489400047
8.048468112945557,0.15089842768627182,0.05092653354446764,-0.006900523320190329,-0.010702758791197897,0.009908745615391422,-0.04428188181977216,-0.7015937076636769,-2.8941561914337828,-0.2909318038324143,-0.1210670338055359,-0.34354054533610945,0.026605326579280195
8.066786050796509,0.15054343333565268,0.05111547504848256,-0.008294473487951759,-0.010808145164854207,0.009970174715411199,-0.04458411090251675,-0.7048929897378788,-2.9025769716954546,-0.291258573912179,-0.12162556444061236,-0.34469850915169736,0.02676268338494711
8.071634531021118,0.15054343333565268,0.05111547504848256,-0.008294473487951759,-0.010700063713205664,0.009870472968257087,-0.044138269793491586,-0.7048929897378788,-2.9025769716954546,-0.291258573912179,-0.12040930879620623,-0.3412515240601804,0.02649505655109764
8.090609550476074,0.15017372842708981,0.05131402545597101,-0.009689698493638106,-0.010805833322717992,0.009931854131287533,-0.04441623008827686,-0.7081898786906362,-2.9110017046007366,-0.29160037386284576,-0.12090523621348687,-0.34227908674869917,0.026629770379365536
8.095186233520508,0.15017372842708981,0.05131402545597101,-0.009689698493638106,-0.010697774989490812,0.009832535589974658,-0.04397206778739409,-0.7081898786906362,-2.9110017046007366,-0.29160037386284576,-0.119696183851352,-0.3388562958812122,0.026363472675571882
8.10631012916565,0.14984063221378718,0.051463809950992964,-0.010841022746406486,-0.01091551255080491,0.009947060587142285,-0.04454519551831962,-0.7114811240921932,-2.919427131295484,-0.29194992893639565,-0.121384871704358,-0.343046733281239,0.026772568527385982
8.110599994659424,0.14984063221378718,0.051463809950992964,-0.010841022746406486,-0.010806357425296861,0.009847589981270862,-0.04409974356313642,-0.7114811240921932,-2.919427131295484,-0.29194992893639565,-0.12017102298731441,-0.33961626594842664,0.026504842842112124
8.136693239212036,0.1495638753277874,0.051589924832070914,-0.011541266465838937,-0.010810801988089461,0.009817792051966104,-0.043919626553174634,-0.7147755150074235,-2.9278515473484226,-0.29229675750384976,-0.12019847863010594,-0.3394515631393304,0.026526576777472406
8.14190411567688,0.1495638753277874,0.051589924832070914,-0.011541266465838937,-0.010702693968208566,0.009719614131446442,-0.04348043028764289,-0.7147755150074235,-2.9278515473484226,-0.29229675750384976,-0.11899649384380488,-0.3360570475079371,0.026261311009697683
8.150517225265503,0.1490422083530079,0.05181817553318157,-0.012817115900804804,-0.011236863740869907,0.00999983867913813,-0.04448523614114528,-0.7180943122359805,-2.9362503454961706,-0.29263426839557766,-0.12154676493241112,-0.34246083816854644,0.026867054724793647
8.154756546020508,0.1490422083530079,0.05181817553318157,-0.012817115900804804,-0.011124495103461208,0.00989984029234675,-0.04404038377973383,-0.7180943122359805,-2.9362503454961706,-0.29263426839557766,-0.12033129728308702,-0.339036229786861,0.02659838417754571
8.169466495513916,0.14844777781095772,0.05207205511520552,-0.014345728738388347,-0.011442349942247985,0.010052256751347388,-0.04461145681040869,-0.7214073474320472,-2.9446513730307333,-0.292972118208689,-0.12130523067516727,-0.341368333826774,0.026837573665505925
8.175709009170532,0.14844777781095772,0.05207205511520552,-0.014345728738388347,-0.011327926442825506,0.009951734183833914,-0.0441653422423046,-0.7214073474320472,-2.9446513730307333,-0.292972118208689,-0.1200921783684156,-0.33795465048850626,0.026569197928850864
8.188201904296875,0.14786452844321019,0.052314340847334315,-0.015864111407849713,-0.011710770492284483,0.010138364489740965,-0.04490745018689456,-0.724704743431336,-2.9530512598014638,-0.29330719972290326,-0.12143217728010737,-0.3413159102366118,0.02689703448734331
8.196999549865723,0.14786452844321019,0.052314340847334315,-0.015864111407849713,-0.011593662787361637,0.010036980844843555,-0.044458375685025614,-0.724704743431336,-2.9530512598014638,-0.29330719972290326,-0.12021785550730629,-0.33790275113424567,0.026628064142469876
8.212586402893066,0.14732613401172753,0.05256768543194353,-0.017117039242345797,-0.011842129108620356,0.010160263199110507,-0.04479322044179638,-0.7279852578872473,-2.9614647372031095,-0.29364427938878523,-0.12103438660115363,-0.33993792186350885,0.026835014881452613
8.217583894729614,0.14732613401172753,0.05256768543194353,-0.017117039242345797,-0.011723707817534151,0.010058660567119402,-0.04434528823737841,-0.7279852578872473,-2.9614647372031095,-0.29364427938878523,-0.11982404273514209,-0.33653854264487376,0.026566664732638086
8.232274055480957,0.14661922639080838,0.05299773892006648,-0.01795592801476644,-0.012099289831941038,0.010295311402131016,-0.04443626812300278,-0.73126392747892,-2.9698741099059793,-0.2939777433278713,-0.12076174561421998,-0.3389169283769885,0.026800483167848718
8.241747379302979,0.14661922639080838,0.05299773892006648,-0.01795592801476644,-0.011978296933621627,0.010192358288109705,-0.043991905441772755,-0.73126392747892,-2.9698741099059793,-0.2939777433278713,-0.11955412815807778,-0.33552775909321864,0.02653247833617023
8.26775312423706,0.14495712504892697,0.05368327164760628,-0.020983537046220996,-0.01252483360959663,0.010443367591135658,-0.04467508004233473,-0.7378531394836103,-2.9866805658126836,-0.2946300167990576,-0.12076438363788138,-0.3386647549041923,0.026824338327391856
8.271907329559326,0.14495712504892697,0.05368327164760628,-0.020983537046220996,-0.012399585273500663,0.0103389339152243,-0.044228329241911384,-0.7378531394836103,-2.9866805658126836,-0.2946300167990576,-0.11955673980150255,-0.33527810735515035,0.02655609494411794
8.28872013092041,0.1441965002891639,0.05397707597944618,-0.022597182317494566,-0.012750893859204769,0.01048343363532749,-0.04471705323643006,-0.7411339065449551,-2.995097518825298,-0.2949736501513389,-0.12020464050942027,-0.3369591099144102,0.026708857400766232
8.291865110397339,0.1441965002891639,0.05397707597944618,-0.022597182317494566,-0.012623384920612721,0.010378599298974216,-0.04426988270406576,-0.7411339065449551,-2.995097518825298,-0.2949736501513389,-0.11900259410432606,-0.3335895188152661,0.02644176882675857
8.309617042541504,0.14354485779916476,0.05417491151814749,-0.02394658631365134,-0.012882671150996205,0.010444381623037057,-0.044566252411696726,-0.7444067504322391,-3.0035296695829485,-0.29533042752560257,-0.11954694917501776,-0.3350331459577469,0.026564590537411302
8.313445329666138,0.14354485779916476,0.05417491151814749,-0.02394658631365134,-0.012753844439486243,0.010339937806806686,-0.04412058988757976,-0.7444067504322391,-3.0035296695829485,-0.29533042752560257,-0.11835147968326759,-0.33168281449816944,0.026298944632037188
8.324737310409546,0.14301951230062643,0.05429363982028996,-0.024824110958539043,-0.013110433499807976,0.010402105298101606,-0.04443311402291297,-0.7476855517473329,-3.0119726737623918,-0.29569471533646696,-0.11989254255406366,-0.33589314317578806,0.026635348180802647
8.327692985534668,0.14301951230062643,0.05429363982028996,-0.024824110958539043,-0.012979329164809896,0.01029808424512059,-0.04398878288268384,-0.7476855517473329,-3.0119726737623918,-0.29569471533646696,-0.11869361712852303,-0.3325342117440302,0.02636899469899462
8.346445322036743,0.14228060239123788,0.054479248596416625,-0.026272992330826684,-0.013262445442255256,0.010353428343133802,-0.04430058228819225,-0.750995960311521,-3.0204028505534803,-0.29606053001261035,-0.1191575877268557,-0.33373797261446536,0.026460282314664962
8.352307081222534,0.14228060239123788,0.054479248596416625,-0.026272992330826684,-0.013129820987832703,0.010249894059702464,-0.04385757646531033,-0.750995960311521,-3.0204028505534803,-0.29606053001261035,-0.11796601184958713,-0.3304005928883207,0.02619567949151831
8.362529277801514,0.1415032646250272,0.05465663411923322,-0.027964421869671966,-0.013799918067731365,0.010447198724269144,-0.04503386049006418,-0.7543090312362046,-3.0288443592311984,-0.29644245471312597,-0.11980208822192026,-0.33542402895189605,0.026564552888055877
8.365991830825806,0.1415032646250272,0.05465663411923322,-0.027964421869671966,-0.013661918887054052,0.010342726737026452,-0.044583521885163534,-0.7543090312362046,-3.0288443592311984,-0.29644245471312597,-0.11860406733970105,-0.3320697886623771,0.026298907359175318
8.39464020729065,0.1407763261373138,0.05476794784485789,-0.029632210328206097,-0.013793775201726245,0.010322495037005129,-0.04470779831225618,-0.7576180709901659,-3.0372960381161076,-0.2968423930133465,-0.11848721463878412,-0.33172676309980736,0.026253360590007192
8.399556159973145,0.1407763261373138,0.05476794784485789,-0.029632210328206097,-0.013655837449708982,0.010219270086635078,-0.04426072032913362,-0.7576180709901659,-3.0372960381161076,-0.2968423930133465,-0.11730234249239628,-0.32840949546880926,0.02599082698410712
8.409966230392456,0.14014092370120243,0.05484592220190485,-0.031013735765550464,-0.014163378612120659,0.010293561739058734,-0.04511784036542826,-0.7609272708052081,-3.0457718792188424,-0.29726125910696805,-0.11905872071639749,-0.33334987876061417,0.026309781661547894
8.413136005401611,0.14014092370120243,0.05484592220190485,-0.031013735765550464,-0.014021744825999452,0.010190626121668147,-0.04466666196177398,-0.7609272708052081,-3.0457718792188424,-0.29726125910696805,-0.11786813350923352,-0.33001637997300803,0.026046683844932413
8.430309534072876,0.1391636322837547,0.054006534866216996,-0.03316406340295223,-0.014491736099452373,0.009697638399052504,-0.045485469812754434,-0.7642499554449643,-3.054251772813313,-0.29769513927587776,-0.1184615723239188,-0.3317095233669725,0.026125650651752756
8.434616804122925,0.1391636322837547,0.054006534866216996,-0.03316406340295223,-0.01434681873845785,0.009600662015061979,-0.04503061511462689,-0.7642499554449643,-3.054251772813313,-0.29769513927587776,-0.1172769566006796,-0.32839242813330277,0.02586439414523523
8.446719884872437,0.13821485200762343,0.05342689193738133,-0.03540744919693786,-0.015043744973537604,0.009168654943873748,-0.04643841428640208,-0.7675571513887479,-3.0627339297972402,-0.2981601819151021,-0.11858836165990287,-0.3322045571440373,0.026058491831945148
8.449981451034546,0.13821485200762343,0.05342689193738133,-0.03540744919693786,-0.014893307523802229,0.00907696839443501,-0.045974030143538056,-0.7675571513887479,-3.0627339297972402,-0.2981601819151021,-0.11740247804330384,-0.3288825115725969,0.025797906913625695
8.471759796142578,0.137391220749369,0.053027625040171084,-0.03760223960638673,-0.015151789177520516,0.008879544701987508,-0.046520600233583245,-0.7708288524119252,-3.071232019735816,-0.2986533340616906,-0.11758303674512947,-0.3295487575103064,0.02577838750812271
8.476672410964966,0.137391220749369,0.053027625040171084,-0.03760223960638673,-0.01500027128574531,0.008790749254967633,-0.04605539423124741,-0.7708288524119252,-3.071232019735816,-0.2986533340616906,-0.11640720637767818,-0.3262532699352033,0.025520603633041483
8.509152173995972,0.13631079826491743,0.05261855761582638,-0.04099374281897783,-0.015211885714724331,0.00865511761523049,-0.04663478054138894,-0.7772544349060286,-3.0883017169802236,-0.29967839725034384,-0.11700384824578476,-0.3283234699845442,0.025574268622745668
8.513193845748901,0.13631079826491743,0.05261855761582638,-0.04099374281897783,-0.015059766857577088,0.008568566439078185,-0.046168432735975054,-0.7772544349060286,-3.0883017169802236,-0.29967839725034384,-0.11583380976332691,-0.3250402352846988,0.02531852593651821
8.524754047393799,0.13561654047669847,0.05232591096355302,-0.04216919913021036,-0.015540502570472368,0.008311693419963533,-0.046720759418005436,-0.7804371300534565,-3.0968639946607084,-0.30017288187115865,-0.11711398424909347,-0.32930468665527757,0.025515243918355076
8.527829647064209,0.13561654047669847,0.05232591096355302,-0.04216919913021036,-0.015385097544767645,0.008228576485763897,-0.04625355182382538,-0.7804371300534565,-3.0968639946607084,-0.30017288187115865,-0.11594284440660253,-0.32601163978872477,0.025260091479171524
8.549971103668213,0.13490503227201817,0.052177107578458136,-0.043733533405631235,-0.015571607896467016,0.008133775258163443,-0.04649088268400221,-0.7836200313648797,-3.105435676802503,-0.3006383864238209,-0.11605100982972598,-0.32667968886668036,0.025253640813059086
8.554433107376099,0.13490503227201817,0.052177107578458136,-0.043733533405631235,-0.015415891817502346,0.008052437505581808,-0.04602597385716219,-0.7836200313648797,-3.105435676802503,-0.3006383864238209,-0.11489049973142872,-0.32341289197801354,0.025001104404928497
8.588460683822632,0.13384375674325416,0.052052497586646373,-0.047017833174230965,-0.015598366572864491,0.008007219406761154,-0.046521577287529384,-0.7899521538192997,-3.122615856704904,-0.3015238197631343,-0.11536466313240866,-0.32530496384850593,0.025082271292903597
8.595836877822876,0.13384375674325416,0.052052497586646373,-0.047017833174230965,-0.015442382907135847,0.007927147212693542,-0.04605636151465409,-0.7899521538192997,-3.122615856704904,-0.3015238197631343,-0.11421101650108458,-0.3220519142100209,0.02483144857997456
8.626432657241821,0.13345709272573208,0.05157416295827172,-0.049135256179025706,-0.01543531806314196,0.007741393450865971,-0.04629245413287279,-0.7963290585137733,-3.139758820175551,-0.30235489747307287,-0.11487801468293825,-0.3245228388583757,0.02496601817057914
8.629438877105713,0.13345709272573208,0.05157416295827172,-0.049135256179025706,-0.015280964882510541,0.0076639795163573115,-0.045829529591544065,-0.7963290585137733,-3.139758820175551,-0.30235489747307287,-0.11372923453610886,-0.3212776104697919,0.02471635798887335
8.648795127868652,0.13318812532172794,0.05129598053030699,-0.050504610312137134,-0.015288107060981606,0.0074947747045290836,-0.046082057674457895,-0.7996127963414336,-3.1482781759005314,-0.3027303920884244,-0.11406703119397282,-0.322538239298343,0.024785840247248843
8.65324091911316,0.13318812532172794,0.05129598053030699,-0.050504610312137134,-0.01513522599037179,0.007419826957483793,-0.04562123709771332,-0.7996127963414336,-3.1482781759005314,-0.3027303920884244,-0.11292636088203309,-0.3193128569053596,0.024537981844776353
8.667381286621094,0.13292573024092036,0.0511822660805835,-0.052082964795775746,-0.015198699475585074,0.007344627852234673,-0.04627780064106659,-0.8029319813729043,-3.156767380561809,-0.30309749808364195,-0.11383292808312963,-0.32222597721616,0.024726997884836333
8.672835350036621,0.13292573024092036,0.0511822660805835,-0.052082964795775746,-0.015046712480829224,0.007271181573712326,-0.04581502263465592,-0.8029319813729043,-3.156767380561809,-0.30309749808364195,-0.11269459880229833,-0.31900371744399836,0.02447972790598797
8.686384677886963,0.13274160126543327,0.05121742041131463,-0.05361395235575532,-0.015058854726777817,0.007303168765769251,-0.0464776571253538,-0.806270207689824,-3.1652281499198396,-0.3034575592696093,-0.11369783573379112,-0.3221689518371876,0.024689183954298314
8.689494609832764,0.13274160126543327,0.05121742041131463,-0.05361395235575532,-0.014908266179510039,0.007230137078111558,-0.046012880554100265,-0.806270207689824,-3.1652281499198396,-0.3034575592696093,-0.11256085737645322,-0.3189472623188157,0.02444229211475533
8.709458589553833,0.13268114546255683,0.05130736097588192,-0.05486396106888783,-0.01480343468612037,0.007245275373723534,-0.04617300029864797,-0.8096274064218244,-3.173657196699386,-0.30380800690434917,-0.11288612947897601,-0.32005705387503575,0.024508224510933915
8.713190078735352,0.13268114546255683,0.05130736097588192,-0.05486396106888783,-0.014655400339259167,0.007172822619986298,-0.045711270295661494,-0.8096274064218244,-3.173657196699386,-0.30380800690434917,-0.11175726818418626,-0.3168564833362854,0.024263142265824576
8.730985164642334,0.13231270949965826,0.051454304510784386,-0.0564959396327547,-0.014735692653868432,0.007249979121202623,-0.04615718585660749,-0.8130109985775114,-3.182061987996672,-0.3041469217229448,-0.11227534968887697,-0.31850052010301677,0.024370957626750466
8.74128770828247,0.13231270949965826,0.051454304510784386,-0.0564959396327547,-0.014588335727329748,0.007177479329990596,-0.045695613998041416,-0.8130109985775114,-3.182061987996672,-0.3041469217229448,-0.1111525961919882,-0.3153155149019866,0.024127248050482962
8.747112512588501,0.13194035926069192,0.05165146405754166,-0.05834923790613944,-0.015148820161536482,0.007671964797103989,-0.048370334618951606,-0.8163740257552093,-3.190440262495832,-0.3044860031465353,-0.11497793245883359,-0.3268275916452547,0.02494682077421988
8.75080919265747,0.13194035926069192,0.05165146405754166,-0.05834923790613944,-0.014997331959921117,0.007595245149132949,-0.04788663127276209,-0.8163740257552093,-3.190440262495832,-0.3044860031465353,-0.11382815313424526,-0.32355931572880214,0.024697352566477683
8.76847505569458,0.13167367186654108,0.051862548311673834,-0.06023089653020778,-0.015020618442527292,0.007713262063296482,-0.04845745419678794,-0.8197114405803637,-3.1988290239680146,-0.3048328873770793,-0.11429348136901347,-0.3251678382283708,0.024796068959072378
8.773001670837402,0.13167367186654108,0.051862548311673834,-0.06023089653020778,-0.014870412258102018,0.007636129442663517,-0.047972879654820055,-0.8197114405803637,-3.1988290239680146,-0.3048328873770793,-0.11315054655532333,-0.3219161598460871,0.024548108269481655
8.78638219833374,0.13157055647933666,0.05211983475709693,-0.061913416551661195,-0.01482355091824289,0.007836893587390746,-0.048731767613938194,-0.8230324591622591,-3.2072263325665684,-0.3051864551765812,-0.11411258050008224,-0.325102303571732,0.02475480201439293
8.789458990097046,0.13157055647933666,0.05211983475709693,-0.061913416551661195,-0.01467531540906046,0.007758524651516839,-0.04824444993779881,-0.8230324591622591,-3.2072263325665684,-0.3051864551765812,-0.11297145469508142,-0.32185128053601464,0.024507253994249002
8.809586524963379,0.1316498623592075,0.052408977307395486,-0.06319108184574697,-0.014500240931965428,0.007864936271763852,-0.04838639662288325,-0.8263584626052894,-3.215643439136172,-0.30554345203135375,-0.11322985115731696,-0.32290281020236955,0.02456244346011217
8.813743591308594,0.1316498623592075,0.052408977307395486,-0.06319108184574697,-0.014355238522645773,0.007786286909046213,-0.047902532656654416,-0.8263584626052894,-3.215643439136172,-0.30554345203135375,-0.11209755264574378,-0.31967378210034586,0.024316819025511048
8.82752275466919,0.1320436540518167,0.052673010290139,-0.06394442862038915,-0.013933493977668007,0.007926896240443577,-0.04796379424215333,-0.8297267948978082,-3.2240625672923477,-0.3058901805304496,-0.11303053825273772,-0.3227182963761126,0.024520414143669456
8.831965208053589,0.1320436540518167,0.052673010290139,-0.06394442862038915,-0.013794159037891328,0.007847627278039141,-0.047484156299731795,-0.8297267948978082,-3.2240625672923477,-0.3058901805304496,-0.11190023287021034,-0.3194911134123515,0.02427521000223276
8.846182346343994,0.1322617717343413,0.053058923027772764,-0.06528206394969041,-0.013517391227104344,0.00809742440371002,-0.047933523017256126,-0.833179905656434,-3.232470762543555,-0.30621476715042156,-0.11282464458511973,-0.3223422236256572,0.024477819994429675
8.851247310638428,0.1322617717343413,0.053058923027772764,-0.06528206394969041,-0.0133822173148333,0.008016450159672919,-0.04745418778708357,-0.833179905656434,-3.232470762543555,-0.30621476715042156,-0.11169639813926853,-0.3191188013894006,0.024233041794485377
8.863834619522095,0.13245612365317064,0.053558887690594255,-0.06686849667667123,-0.013112305125768962,0.008411102952145163,-0.04821404985875762,-0.8366929337154315,-3.2408801682645425,-0.30652471757359034,-0.11292467938505875,-0.32276285573149627,0.024503647354210862
8.870737075805664,0.13245612365317064,0.053558887690594255,-0.06686849667667123,-0.012981182074511273,0.00832699192262371,-0.04773190936017004,-0.8366929337154315,-3.2408801682645425,-0.30652471757359034,-0.11179543259120817,-0.3195352271741813,0.024258610880668753
8.88987421989441,0.13268913955378728,0.05412439159755028,-0.06844512494335155,-0.012740336765677875,0.008589163432314112,-0.048059725357252295,-0.840257959245805,-3.2492802554715214,-0.3068128683607465,-0.11224104190829823,-0.3208337326133808,0.02436312947810679
8.894564628601074,0.13268913955378728,0.05412439159755028,-0.06844512494335155,-0.012612933398021097,0.00850327179799097,-0.04757912810367977,-0.840257959245805,-3.2492802554715214,-0.3068128683607465,-0.11111863148921525,-0.317625395287247,0.024119498183325722
8.909266948699951,0.13299323747653946,0.05471406820174562,-0.06976529343641391,-0.012288930803184633,0.008871013849575726,-0.04797778837799438,-0.8438704073266448,-3.25765857080954,-0.3070702199336934,-0.11206933450592975,-0.3202861042402468,0.02434808835012702
8.912243366241455,0.13299323747653946,0.05471406820174562,-0.06976529343641391,-0.012166041495152788,0.00878230371107997,-0.047498010494214433,-0.8438704073266448,-3.25765857080954,-0.3070702199336934,-0.11094864116087046,-0.3170832431978443,0.024104607466625752
8.931993007659912,0.13336287515388093,0.05531402089614162,-0.07062263716684415,-0.011857697688940029,0.009019911115294103,-0.047441074735165414,-0.8475429377996819,-3.2660067614194683,-0.3072915359436027,-0.11140285175036878,-0.31824365893389667,0.02422852826652395
8.939874172210693,0.13336287515388093,0.05531402089614162,-0.07062263716684415,-0.011739120712050629,0.00892971200414116,-0.04696666398781376,-0.8475429377996819,-3.2660067614194683,-0.3072915359436027,-0.11028882323286508,-0.3150612223445577,0.02398624298385871
8.965771675109863,0.133604378477958,0.05659430969646768,-0.07369137039697334,-0.011541373230738384,0.009409356798036493,-0.04764798073730751,-0.855068886252829,-3.282553394407995,-0.3076213572933424,-0.11162701160604237,-0.3184665233658379,0.024334061431927106
8.97209882736206,0.133604378477958,0.05659430969646768,-0.07369137039697334,-0.011425959498431,0.009315263230056128,-0.04717150092993444,-0.855068886252829,-3.282553394407995,-0.3076213572933424,-0.11051074148998194,-0.3152818581321795,0.024090720817607835
8.985827445983887,0.1336840783136677,0.05714448280468831,-0.07528557255061602,-0.011269353293500537,0.009697456437600052,-0.04783224049768726,-0.8588732115745774,-3.2907713010525885,-0.3077582915515309,-0.11173236689305896,-0.31827602547177974,0.02441689523266879
8.98905086517334,0.1336840783136677,0.05714448280468831,-0.07528557255061602,-0.011156659760565532,0.009600481873224051,-0.04735391809271038,-0.8588732115745774,-3.2907713010525885,-0.3077582915515309,-0.11061504322412836,-0.31509326521706194,0.024172726280342102
9.010882139205933,0.13378389176841482,0.05763402491920342,-0.07656791758967885,-0.011006485860066017,0.009765774727446159,-0.04745228573326037,-0.8626895482430293,-3.298966393098386,-0.30788939678817095,-0.11097354809689136,-0.3157995029338045,0.024288420316960088
9.015578508377075,0.13378389176841482,0.05763402491920342,-0.07656791758967885,-0.010896421001465355,0.009668116980171696,-0.04697776287592777,-0.8626895482430293,-3.298966393098386,-0.30788939678817095,-0.10986381261592244,-0.31264150790446643,0.024045536113790487
9.024298667907715,0.13405848236398812,0.05818081612922706,-0.07737555473586052,-0.01047333073089231,0.010246867040095519,-0.047399086116786185,-0.8665245585960196,-3.3071242755458026,-0.30801784237122526,-0.11244901830107953,-0.3191336539707165,0.024696848649304208
9.049835443496704,0.13404492660840595,0.05856706603930659,-0.07864536240782082,-0.010381428701936559,0.01032887393081543,-0.047410408897986756,-0.8703974950947594,-3.315246407728703,-0.30814891633241875,-0.11259407061881906,-0.31921595533694064,0.024750349655664552
9.055482387542725,0.13404492660840595,0.05856706603930659,-0.07864536240782082,-0.010277614414917194,0.010225585191507276,-0.04693630480900689,-0.8703974950947594,-3.315246407728703,-0.30814891633241875,-0.11146812991263086,-0.3160237957835712,0.024502846159107906
9.070373773574829,0.1339233488886758,0.05884756042059624,-0.08006739087918807,-0.010274921979905503,0.01037862029482477,-0.04740349544442887,-0.8742848325521574,-3.3233506364409626,-0.30829324911574957,-0.1125325231373265,-0.31847068883043006,0.02476124315955975
9.074805736541748,0.1339233488886758,0.05884756042059624,-0.08006739087918807,-0.010172172760106448,0.010274834091876522,-0.04692946048998458,-0.8742848325521574,-3.3233506364409626,-0.30829324911574957,-0.11140719790595324,-0.31528598194212576,0.024513630727964152
9.08915638923645,0.13377544500217953,0.05899491805122137,-0.08140171798547141,-0.01019473032115279,0.01034118554834591,-0.04737666909924566,-0.8781859048628929,-3.331455443191045,-0.3084573823606673,-0.11255512220570661,-0.3179576365157456,0.024776013860960667
9.093509912490845,0.13377544500217953,0.05899491805122137,-0.08140171798547141,-0.01009278301794126,0.01023777369286245,-0.0469029024082532,-0.8781859048628929,-3.331455443191045,-0.3084573823606673,-0.11142957098364954,-0.3147780601505881,0.02452825372235106
9.112221717834473,0.13365500992957302,0.05902875978398684,-0.08242037273765775,-0.010070379289202893,0.010192702656200777,-0.04697312558097948,-0.8821084849175913,-3.339566679540924,-0.30863490318652076,-0.11205620117583648,-0.31610439640853927,0.024664643964298114
9.116979837417603,0.13365500992957302,0.05902875978398684,-0.08242037273765775,-0.009969675496310865,0.01009077562963877,-0.04650339432516968,-0.8821084849175913,-3.339566679540924,-0.30863490318652076,-0.11093563916407811,-0.31294335244445387,0.024417997524655132
9.133286237716675,0.13361367868649726,0.059424183638747095,-0.08291931253916714,-0.00989343943074036,0.01025302518350035,-0.04632648753539427,-0.886072943600472,-3.3476855107615964,-0.3088170354878682,-0.11184647944598257,-0.31495628269140036,0.024607318337891183
9.138237476348877,0.13361367868649726,0.059424183638747095,-0.08291931253916714,-0.009794505036432958,0.010150494931665345,-0.04586322266004033,-0.886072943600472,-3.3476855107615964,-0.3088170354878682,-0.11072801465152274,-0.3118067198644863,0.02436124515451227
9.152987718582153,0.13329894627489852,0.059738298442055894,-0.08403690935924793,-0.00992152510503547,0.010320736669583865,-0.046138839623548394,-0.8901020713252847,-3.3557894751426853,-0.30898975524155703,-0.11189249660167305,-0.3143692844558264,0.024597295786317933
9.158548593521118,0.13329894627489852,0.059738298442055894,-0.08403690935924793,-0.009822309853985115,0.010217529302888027,-0.04567745122731291,-0.8901020713252847,-3.3557894751426853,-0.30898975524155703,-0.11077357163565632,-0.3112255916112681,0.024351322828454754
9.167032241821289,0.1328859351610074,0.059951864965814596,-0.08544484939769115,-0.010245498353539738,0.01049756158027659,-0.04684244095093813,-0.894159383307245,-3.3638996491920463,-0.30916932007657366,-0.11363356375509152,-0.3180072436011153,0.024928871892681802
9.170924663543701,0.1328859351610074,0.059951864965814596,-0.08544484939769115,-0.01014304337000434,0.010392585964473823,-0.04637401654142875,-0.894159383307245,-3.3638996491920463,-0.30916932007657366,-0.1124972281175406,-0.31482717116510417,0.024679583173754984
9.191074132919312,0.13245143702406878,0.060075605624323,-0.08689255817796637,-0.010274274891615393,0.010406963411494446,-0.04661534928793139,-0.8982285847229786,-3.372014284703505,-0.3093554660194013,-0.11304218906730416,-0.3158503063899365,0.024773578674476743
9.195318698883057,0.13245143702406878,0.060075605624323,-0.08689255817796637,-0.010171532142699238,0.010302893777379502,-0.04614919579505207,-0.8982285847229786,-3.372014284703505,-0.3093554660194013,-0.11191176717663112,-0.31269180332603713,0.024525842887731974
9.212879657745361,0.13202906895118768,0.06012710478643877,-0.08812417684490292,-0.010328236773810695,0.010286123767539871,-0.046376997838970924,-0.902302994330163,-3.3801519926901378,-0.30955246547179116,-0.11270420868312347,-0.3143677317538289,0.024665345105234892
9.221479654312134,0.13202906895118768,0.06012710478643877,-0.08812417684490292,-0.010224954406072588,0.010183262529864472,-0.04591322786058121,-0.902302994330163,-3.3801519926901378,-0.30955246547179116,-0.11157716659629224,-0.31122405443629064,0.024418691654182544
9.23289966583252,0.13162823784979708,0.06006983832492222,-0.08893357776665478,-0.010495176494371669,0.010093763605706352,-0.04615242585708596,-0.906386051313305,-3.3882959756061477,-0.30974642972973143,-0.11340201775054227,-0.31550571637368885,0.02476674980278378
9.239194631576538,0.13162823784979708,0.06006983832492222,-0.08893357776665478,-0.010390224729427952,0.009992825969649288,-0.045690901598515105,-0.906386051313305,-3.3882959756061477,-0.30974642972973143,-0.11226799757303685,-0.312350659209952,0.024519082304755944
9.254369735717773,0.13094971413204995,0.0600112697373567,-0.0903663763356761,-0.01076078900114829,0.009936549493384612,-0.04616312105977167,-0.9104858914965295,-3.396431149146975,-0.3099342127853172,-0.11336192990516578,-0.31478968050476985,0.024719150125969713
9.260082721710205,0.13094971413204995,0.0600112697373567,-0.0903663763356761,-0.010653181111136806,0.009837183998450766,-0.04570148984917395,-0.9104858914965295,-3.396431149146975,-0.3099342127853172,-0.11222831060611412,-0.3116417836997222,0.024471958624710015
9.27586030960083,0.13017260140916356,0.05994033542804455,-0.09208278500107657,-0.0110707068853588,0.009787649603657675,-0.046315791133233704,-0.9145778394405443,-3.4045720129414936,-0.31012513209279546,-0.1132232385425579,-0.3138827988933681,0.024650894163149917
9.280190467834473,0.13017260140916356,0.05994033542804455,-0.09208278500107657,-0.010959999816505212,0.009689773107621098,-0.04585263322190137,-0.9145778394405443,-3.4045720129414936,-0.31012513209279546,-0.11209100615713233,-0.31074397090443445,0.02440438522151842
9.31575894355774,0.1286592114402647,0.059675329982292954,-0.09526609279147781,-0.011303481546514312,0.009596624892705062,-0.04627724821928126,-0.9227097689704112,-3.420898383679035,-0.3105403494674684,-0.11281673312256635,-0.31240809536703684,0.02452368954864711
9.329499244689941,0.1286592114402647,0.059675329982292954,-0.09526609279147781,-0.011190446731049169,0.009500658643778012,-0.045814475737088446,-0.9227097689704112,-3.420898383679035,-0.3105403494674684,-0.11168856579134068,-0.30928401441336645,0.02427845265316064
9.33443546295166,0.12796283237338182,0.05927232960797068,-0.09671841507464653,-0.012607676444601909,0.008849573260645442,-0.04829544683613991,-0.9267513265340052,-3.4290759847904075,-0.31076038881849055,-0.11714582659874717,-0.32341960148993143,0.025318887357503393
9.34172010421753,0.12796283237338182,0.05927232960797068,-0.09671841507464653,-0.01248159968015589,0.008761077528038988,-0.047812492367778514,-0.9267513265340052,-3.4290759847904075,-0.31076038881849055,-0.1159743683327597,-0.3201854054750321,0.02506569848392836
9.37532377243042,0.1262946953895839,0.05877624371131957,-0.1005084378731265,-0.012890404307324957,0.008622880070895251,-0.04845210759793414,-0.9347796673520167,-3.4454323549260133,-0.3112707967788373,-0.11670895655440867,-0.3220541741699955,0.02516606743960046
9.379124164581299,0.1262946953895839,0.05877624371131957,-0.1005084378731265,-0.012761500264251708,0.008536651270186298,-0.0479675865219548,-0.9347796673520167,-3.4454323549260133,-0.3112707967788373,-0.11554186698886458,-0.31883363242829554,0.024914406765204455
9.389979839324951,0.1255533381263157,0.05854678896856943,-0.10234212019279627,-0.013372030554986845,0.00838230647186161,-0.04916326545394141,-0.9387287814061404,-3.453645448349752,-0.31155154131031826,-0.11723960435454005,-0.3235273425130117,0.02518832624664207
9.414105653762817,0.12494364008210856,0.05834092032109529,-0.10380978701639457,-0.013511352500037854,0.008264822521740886,-0.04927537311089888,-0.9426347659413591,-3.4618947098311925,-0.3118431299469077,-0.1173262036343856,-0.32385411827040467,0.025168641177861245
9.421761989593506,0.12494364008210856,0.05834092032109529,-0.10380978701639457,-0.013376238975037475,0.008182174296523478,-0.048782619379789886,-0.9426347659413591,-3.4618947098311925,-0.3118431299469077,-0.11615294159804175,-0.3206155770877006,0.024916954766082633
9.434847354888916,0.12406568326191947,0.05824833992385599,-0.10501472721631638,-0.013940376400171652,0.008122156860538817,-0.04919608987960433,-0.9465164297095805,-3.470173438989466,-0.31212615376033653,-0.11728425294112364,-0.323999465152465,0.025101201195664148
9.438660144805908,0.12406568326191947,0.05824833992385599,-0.10501472721631638,-0.013800972636169936,0.00804093529193343,-0.04870412898080829,-0.9465164297095805,-3.470173438989466,-0.31212615376033653,-0.1161114104117124,-0.3207594705009404,0.024850189183707506
9.451184749603271,0.12316788414223548,0.05817470944053125,-0.10667441544262982,-0.014416812364368948,0.008022039780681741,-0.049519304222503384,-0.9503970764590934,-3.4784574588817305,-0.312387964793871,-0.11733401618414394,-0.3244434082983079,0.02506660709606285
9.455769777297974,0.12316788414223548,0.05817470944053125,-0.10667441544262982,-0.014272644240725258,0.007941819382874924,-0.04902411118027835,-0.9503970764590934,-3.4784574588817305,-0.312387964793871,-0.1161606760223025,-0.32119897421532484,0.02481594102510222
9.474510908126831,0.12236197469205183,0.05813480171143794,-0.10851297565689229,-0.01458633511698639,0.007924855497515459,-0.04949975065031988,-0.9542552695960757,-3.486766190007844,-0.3126531149615628,-0.11657012257609695,-0.32260761889790673,0.02487585968791406
9.480687856674194,0.12236197469205183,0.05813480171143794,-0.10851297565689229,-0.014440471765816526,0.007845606942540304,-0.049004753143816686,-0.9542552695960757,-3.486766190007844,-0.3126531149615628,-0.11540442135033598,-0.31938154270892766,0.024627101091034918
9.492646217346191,0.12170853146337403,0.05810418768288746,-0.11027540518310043,-0.014881977093685859,0.007862093934160925,-0.04996850771696258,-0.9580895772105911,-3.4950988958920437,-0.31292726846546,-0.11667717290163918,-0.3234522247306758,0.02485581402533447
9.497422695159912,0.12170853146337403,0.05810418768288746,-0.11027540518310043,-0.014733157322749,0.007783472994819315,-0.04946882263979296,-0.9580895772105911,-3.4950988958920437,-0.31292726846546,-0.11551040117262279,-0.32021770248336906,0.024607255885081124
9.527405738830566,0.12123119058751694,0.058018075961170354,-0.11173465453693408,-0.014759238338903025,0.007715680740771731,-0.04945609968942704,-0.9619085993729912,-3.5034490210014906,-0.31320361645330186,-0.1153131882448468,-0.3199196040084581,0.024549837168913267
9.533411979675293,0.12123119058751694,0.058018075961170354,-0.11173465453693408,-0.014611645955513994,0.007638523933364014,-0.048961538692532766,-0.9619085993729912,-3.5034490210014906,-0.31320361645330186,-0.11416005636239834,-0.31672040796837353,0.024304338797224132
9.53815746307373,0.12053701767816642,0.057980583248485776,-0.11376616851011542,-0.016043077395062392,0.007826786057048197,-0.05269910551803403,-0.9657351225120567,-3.5118004780792638,-0.31348422678028826,-0.11904771122344035,-0.33192055469922216,0.02523357837182388
9.543763875961304,0.12053701767816642,0.057980583248485776,-0.11376616851011542,-0.015882646621111766,0.0077485181964777146,-0.052172114462853685,-0.9657351225120567,-3.5118004780792638,-0.31348422678028826,-0.11785723411120595,-0.32860134915222994,0.02498124258810564
9.555317878723145,0.11981756319593427,0.05798178168176431,-0.11605987661035128,-0.016397572923877012,0.007828210145658213,-0.05361022048954173,-0.9695371381002466,-3.5201578885228093,-0.31378515154648773,-0.1191147749748566,-0.33286980672771893,0.0251927525859127
9.559580087661743,0.11981756319593427,0.05798178168176431,-0.11605987661035128,-0.016233597194638242,0.007749928044201631,-0.05307411828464631,-0.9695371381002466,-3.5201578885228093,-0.31378515154648773,-0.11792362722510803,-0.32954110866044173,0.024940825060053573
9.5756516456604,0.11917398341023169,0.057963256709012416,-0.1183979289428107,-0.016509922262890102,0.007772242918769932,-0.053982046418806,-0.973300452975663,-3.5285328277370374,-0.3141079225205294,-0.11845692261386878,-0.33169036414585173,0.025009394889132057
9.579355716705322,0.11917398341023169,0.057963256709012416,-0.1183979289428107,-0.016344823040261202,0.007694520489582233,-0.05344222595461794,-0.973300452975663,-3.5285328277370374,-0.3141079225205294,-0.1172723533877301,-0.3283734605043932,0.024759300940240737
9.589596033096313,0.11866665989453207,0.05787284688287472,-0.12052460444238786,-0.01673577305619492,0.007684199578241988,-0.054968178702373326,-0.9770279349543185,-3.5369291834749244,-0.3144500201269231,-0.11873069225589093,-0.3336591812205072,0.024993296439740974
9.595793724060059,0.11866665989453207,0.05787284688287472,-0.12052460444238786,-0.01656841532563297,0.007607357582459568,-0.05441849691534959,-0.9770279349543185,-3.5369291834749244,-0.3144500201269231,-0.11754338533333201,-0.3303225894083021,0.024743363475343564
9.614351987838745,0.11832762220955813,0.05774704069517896,-0.12221238417373508,-0.016613091001447873,0.0075294684384651245,-0.0547793533087471,-0.9807301971124454,-3.545336174047389,-0.3148030619921962,-0.1177971977268715,-0.3317550623972628,0.02475623667462084
9.61991834640503,0.11832762220955813,0.05774704069517896,-0.12221238417373508,-0.016446960091433396,0.007454173754080473,-0.054231559775659625,-0.9807301971124454,-3.545336174047389,-0.3148030619921962,-0.11661922574960279,-0.32843751177329017,0.02450867430787463
9.634687900543213,0.11781796780226769,0.0576690635080813,-0.12437111432810237,-0.01666832196122651,0.0074357008404434466,-0.05513893218417441,-0.9844383356319915,-3.5537422528566367,-0.31515404889652987,-0.11724007660415088,-0.3311073934068436,0.02458959781270023
9.639581680297852,0.11781796780226769,0.0576690635080813,-0.12437111432810237,-0.016501638741614245,0.007361343832039012,-0.054587542862332666,-0.9844383356319915,-3.5537422528566367,-0.31515404889652987,-0.11606767583810937,-0.32779631947277516,0.02434370183457323
9.659270286560059,0.11731843527849241,0.05760218625335688,-0.12672206567616567,-0.01662308147108546,0.007340964606358974,-0.05522636381165068,-0.988124658063577,-3.5621602643193495,-0.3155060862903226,-0.1162252389805138,-0.32899282822356946,0.024344009317968283
9.664272785186768,0.11731843527849241,0.05760218625335688,-0.12672206567616567,-0.016456850656374606,0.007267554960295384,-0.05467410017353417,-0.988124658063577,-3.5621602643193495,-0.3155060862903226,-0.11506298659070867,-0.3257028999413338,0.0241005692247886
9.677814960479736,0.11691942952650237,0.057567444019919256,-0.12905091458643161,-0.01663271275976133,0.007290342244826764,-0.055834458804006865,-0.991780885021508,-3.5705948207406077,-0.31585729613309504,-0.11579018562023752,-0.3289647864936953,0.024215382342169117
9.692704677581787,0.11666225553552444,0.05757718302126511,-0.131112036089541,-0.016674327792583085,0.007317286497694404,-0.056650700344898455,-0.9954075401711477,-3.5790286381855476,-0.31619574771306913,-0.11630885459786058,-0.33160354872353287,0.024305337786211263
9.713964700698853,0.11655856414098391,0.057583054336731374,-0.1327120629011525,-0.016575683969420576,0.007294720445390515,-0.05683299222002785,-0.9990218219256464,-3.587458880772493,-0.3165058137759981,-0.1163086369552221,-0.33243749275026185,0.02430809220973729
9.725143194198608,0.11655856414098391,0.057583054336731374,-0.1327120629011525,-0.01640992712972637,0.007221773240936609,-0.05626466229782757,-0.9990218219256464,-3.587458880772493,-0.3165058137759981,-0.11514555058566989,-0.3291131178227592,0.024065011287639916
9.737368822097778,0.11628044074960357,0.05767937910686198,-0.13484105835019214,-0.016512696622738746,0.007346159048420113,-0.05742694881574841,-1.002655751267401,-3.595851129037856,-0.31678035999501813,-0.11602271039220523,-0.3330114554363523,0.024274638044982557
9.742217302322388,0.11628044074960357,0.05767937910686198,-0.13484105835019214,-0.01634756965651136,0.007272697457935912,-0.05685267932759093,-1.002655751267401,-3.595851129037856,-0.31678035999501813,-0.11486248328828318,-0.32968134088198875,0.02403189166453273
9.754380226135254,0.11599796190034953,0.05784001010807513,-0.13720268686867151,-0.016457199886890282,0.007461781302021425,-0.058205607656236315,-1.006277140811177,-3.6042379910507667,-0.317025226454088,-0.11572777830692857,-0.3336074600862584,0.024266762109767845
9.758260726928711,0.11599796190034953,0.05784001010807513,-0.13720268686867151,-0.01629262788802138,0.007387163489001211,-0.05762355157967395,-1.006277140811177,-3.6042379910507667,-0.317025226454088,-0.11457050052385928,-0.3302713854853958,0.024024094488670166
9.772294998168945,0.11579788847151902,0.05801366262857838,-0.13955755498896705,-0.016307031141559868,0.0075452126152693606,-0.05870908989611993,-1.0098710538285367,-3.612597840171032,-0.317240556950975,-0.11514001886976785,-0.33320860279675707,0.02421432672782965
9.77707028388977,0.11579788847151902,0.05801366262857838,-0.13955755498896705,-0.016143960830144268,0.007469760489116667,-0.058121998997158725,-1.0098710538285367,-3.612597840171032,-0.317240556950975,-0.11398861868107017,-0.3298765167687895,0.02397218346055135
9.800275087356567,0.11572763122085858,0.0581562604174046,-0.141661426830197,-0.016032101929685016,0.007511814509784642,-0.05844048115693229,-1.0134428861367228,-3.6209410118936423,-0.317432516592205,-0.11387039393046333,-0.33034428983741615,0.024002346609601526
9.805350542068481,0.11572763122085858,0.0581562604174046,-0.141661426830197,-0.015871780910388166,0.007436696364686795,-0.05785607634536297,-1.0134428861367228,-3.6209410118936423,-0.317432516592205,-0.11273168999115869,-0.327040846939042,0.02376232314350551
9.827019929885864,0.11580269562853068,0.0582897580287523,-0.14331397924242284,-0.01569415405464288,0.007466227718651967,-0.05803563647536664,-1.0170116273605625,-3.629242307216097,-0.31759358214507194,-0.11269398840666509,-0.32778484250952145,0.02382603851912197
9.832065343856812,0.11580269562853068,0.0582897580287523,-0.14331397924242284,-0.01553721251409645,0.007391565441465447,-0.057455280110612975,-1.0170116273605625,-3.629242307216097,-0.31759358214507194,-0.11156704852259844,-0.32450699408442624,0.02358777813393075
9.836994886398315,0.11573974890637762,0.05844614068054257,-0.14544687662150807,-0.015599677334942344,0.007897861934249982,-0.06117346237218295,-1.0206167235468502,-3.6375012227108483,-0.3177181558768879,-0.11529333833681364,-0.3388369505377219,0.02473577232231527
9.858789682388306,0.11568416827123709,0.05860257513538872,-0.14775446909755882,-0.01549164713601719,0.007954650162388383,-0.061612694894608605,-1.0242364488396527,-3.645724696822652,-0.3178269981894691,-0.11523581428598088,-0.3394104494648163,0.024806308171057636
9.86416506767273,0.11568416827123709,0.05860257513538872,-0.14775446909755882,-0.015336730664657017,0.007875103660764498,-0.060996567945662515,-1.0242364488396527,-3.645724696822652,-0.3178269981894691,-0.11408345614312107,-0.33601634497016813,0.02455824508934706
9.871433973312378,0.11569805527345679,0.05876843695977141,-0.14998427532993025,-0.01522808428597894,0.00820311641064808,-0.06343339947084252,-1.0278714402196645,-3.653918602459321,-0.3179284849203799,-0.11622788959730143,-0.3445046552723586,0.025270695871868188
9.899832487106323,0.1158071224084115,0.058899858704765544,-0.151896451134996,-0.015051817084362637,0.008204075253905197,-0.06346915020197333,-1.0315323301361736,-3.6620651210971573,-0.3180129714827456,-0.11591258179154315,-0.3440782779175527,0.025267156607647064
9.90476679801941,0.1158071224084115,0.058899858704765544,-0.151896451134996,-0.01490129891351901,0.008122034501366145,-0.06283445869995359,-1.0315323301361736,-3.6620651210971573,-0.3180129714827456,-0.11475345597362772,-0.34063749513837716,0.025014485041570594
9.922993659973145,0.11601437712919059,0.058988077949290604,-0.15328987716672754,-0.014655554768251847,0.008125703741669581,-0.0629694054927898,-1.0352480156622523,-3.6701682477976716,-0.31807489132108024,-0.11495306402408079,-0.3419160572568526,0.025161606968254976
9.927796602249146,0.11601437712919059,0.058988077949290604,-0.15328987716672754,-0.014508999220569328,0.008044446704252885,-0.062339711437861905,-1.0352480156622523,-3.6701682477976716,-0.31807489132108024,-0.11380353338383997,-0.33849689668428407,0.024909990898572425
9.944381713867188,0.11599028241057587,0.059111368316619665,-0.15513284832213553,-0.014401965201138737,0.008104896322944657,-0.06281974776810496,-1.0390595508955325,-3.6781987104323566,-0.31810848614033105,-0.11420125077622446,-0.3402275549411096,0.025106406191224742
9.949035882949829,0.11599028241057587,0.059111368316619665,-0.15513284832213553,-0.014257945549127349,0.008023847359715211,-0.06219155029042391,-1.0390595508955325,-3.6781987104323566,-0.31810848614033105,-0.11305923826846222,-0.33682527939169854,0.024855342129312494
9.966484785079956,0.11588751550750045,0.05919276754018375,-0.15713531872988676,-0.014200676520235073,0.008062541334856685,-0.06270948436272626,-1.0429436495934192,-3.6861951189744255,-0.3181313008182683,-0.11342300689448938,-0.33830914769173254,0.025031817846999895
9.974281549453735,0.11588751550750045,0.05919276754018375,-0.15713531872988676,-0.014058669755032721,0.007981915921508119,-0.062082389519099,-1.0429436495934192,-3.6861951189744255,-0.3181313008182683,-0.11228877682554449,-0.3349260562148152,0.024781499668529897
9.984936714172363,0.11577947160635031,0.059215544678708376,-0.1590616600764927,-0.014065118896789432,0.008038365394423461,-0.06325987124588144,-1.0468879309061025,-3.694142117094254,-0.3181453391943838,-0.11366108558483368,-0.33949008762838,0.02522938737192733
9.989727973937988,0.11577947160635031,0.059215544678708376,-0.1590616600764927,-0.013924467707821539,0.007957981740479226,-0.06262727253342262,-1.0468879309061025,-3.694142117094254,-0.3181453391943838,-0.11252447472898534,-0.3360951867520962,0.024977093498208057
10.003251075744629,0.11569313319421451,0.05920174051719394,-0.16068529638161214,-0.013881308028051396,0.007944396433961004,-0.06319675670743916,-1.0508946729539872,-3.702058792957176,-0.31815474026622775,-0.11340433259253373,-0.3389576603683005,0.025273933876112983
10.007373809814453,0.11569313319421451,0.05920174051719394,-0.16068529638161214,-0.013742494947770882,0.007864952469621394,-0.06256478914036476,-1.0508946729539872,-3.702058792957176,-0.31815474026622775,-0.11227028926660838,-0.3355680837646175,0.025021194537351854
10.020150661468506,0.11564117860744293,0.05911386439879452,-0.16182273790488377,-0.013674614110521432,0.0077739105614931395,-0.06282940818238529,-1.054971647916864,-3.7099229013465873,-0.3181513270408381,-0.11332357088733966,-0.33876929874638134,0.025352109360985916
10.029934167861938,0.11564117860744293,0.05911386439879452,-0.16182273790488377,-0.013537867969416218,0.007696171455878208,-0.062201114100561436,-1.054971647916864,-3.7099229013465873,-0.3181513270408381,-0.11219033517846626,-0.3353816057589175,0.025098588267376057
10.041639566421509,0.11532550103546294,0.0590490230229876,-0.16345341844257613,-0.013712036668335596,0.007668103947430583,-0.0629626238320757,-1.0591396620678217,-3.717740355393602,-0.3181283839951616,-0.11351587866383646,-0.33916088809063144,0.025488482241559356
10.046233892440796,0.11532550103546294,0.0590490230229876,-0.16345341844257613,-0.013574916301652239,0.007591422907956277,-0.062332997593754935,-1.0591396620678217,-3.717740355393602,-0.3181283839951616,-0.1123807198771981,-0.3357692792097251,0.02523359741914376
10.063655376434326,0.11491842894565037,0.05902610326930193,-0.1652802788077086,-0.013700276602899554,0.007583142158282901,-0.06274849933261903,-1.0633625634841168,-3.7255229391903026,-0.3181059245969209,-0.11292671122682868,-0.33719312080649816,0.025406273291745506
10.069505453109741,0.11491842894565037,0.05902610326930193,-0.1652802788077086,-0.013563273836870558,0.007507310736700072,-0.06212101433929284,-1.0633625634841168,-3.7255229391903026,-0.3181059245969209,-0.1117974441145604,-0.33382118959843315,0.02515221055882805
10.088460922241211,0.1145017646373515,0.05900994768292352,-0.16706326486053114,-0.013671704535276117,0.007497005674460839,-0.062431133133613814,-1.0676272453031241,-3.733288792278157,-0.3180923462109594,-0.11222903136406212,-0.33487603113506054,0.025283200417240435
10.09932279586792,0.1145017646373515,0.05900994768292352,-0.16706326486053114,-0.013534987489923355,0.00742203561771623,-0.06180682180227767,-1.0676272453031241,-3.733288792278157,-0.3180923462109594,-0.1111067410504215,-0.3315272708237099,0.025030368413068032
10.127387523651123,0.11380910746058785,0.05887179565501564,-0.16961646673803885,-0.013673125541177097,0.0073725818169780325,-0.0620906941935997,-1.0762729445952832,-3.7487555753019537,-0.3180579233375477,-0.11211831244673807,-0.33413612933515446,0.025291766912712628
10.132790088653564,0.11380910746058785,0.05887179565501564,-0.16961646673803885,-0.013536394285765327,0.007298855998808252,-0.0614697872516637,-1.0762729445952832,-3.7487555753019537,-0.3180579233375477,-0.1109971293222707,-0.3307947680418029,0.0250388492435855
10.139303207397461,0.11325481995306041,0.0588815030507258,-0.17114845101108248,-0.014307598235723223,0.007448890335024386,-0.0631723297195,-1.080678111137733,-3.7564340520920187,-0.3180258352495264,-0.1145804221418854,-0.340194705823516,0.025891646862685597
10.156455039978027,0.11262837480461695,0.05889711354471982,-0.17287468200317366,-0.01455322999574317,0.00747264051625984,-0.06353194263099962,-1.0851150847966136,-3.7641009414140014,-0.31799025405158277,-0.1152278681074201,-0.34161810523144703,0.026049467704560826
10.161123991012573,0.11262837480461695,0.05889711354471982,-0.17287468200317366,-0.014407697695785737,0.007397914111097241,-0.06289662320468963,-1.0851150847966136,-3.7641009414140014,-0.31799025405158277,-0.1140755894263459,-0.3382019241791326,0.02578897302751522
10.177109479904175,0.11201371005472108,0.058912090815342426,-0.17455102588988433,-0.014672527151357874,0.007426534762609462,-0.06330048106543627,-1.089571755490409,-3.7717562704744476,-0.31794930101471897,-0.11486369119458242,-0.3399955536812853,0.025977479402520095
10.183765411376953,0.11201371005472108,0.058912090815342426,-0.17455102588988433,-0.014525801879844294,0.007352269414983367,-0.0626674762547819,-1.089571755490409,-3.7717562704744476,-0.31794930101471897,-0.1137150542826366,-0.33659559814447243,0.025717704608494894
10.22431206703186,0.11144351725224415,0.058945046628666065,-0.17594195569090657,-0.014528604004250616,0.007318615137517903,-0.0623779120837201,-1.0940455595208636,-3.779415295758899,-0.3179055831915813,-0.11333951599709191,-0.3352728670480515,0.02563609494103884
10.233177185058594,0.11144351725224415,0.058945046628666065,-0.17594195569090657,-0.01438331796420811,0.007245428986142724,-0.0617541329628829,-1.0940455595208636,-3.779415295758899,-0.3179055831915813,-0.11220612083712099,-0.33192013837757095,0.02537973399162845
10.238138914108276,0.11092017064550277,0.058942045183917345,-0.17685309754727851,-0.015336643263788426,0.007363345336283979,-0.06293401624079024,-1.0985429565330183,-3.7870605800551727,-0.3178496058621728,-0.11734550413979858,-0.34528317497142,0.02657208109931496
10.242960691452026,0.11092017064550277,0.058942045183917345,-0.17685309754727851,-0.015183276831150542,0.00728971188292114,-0.06230467607838234,-1.0985429565330183,-3.7870605800551727,-0.3178496058621728,-0.11617204909840059,-0.3418303432217058,0.02630636028832181
10.247664213180542,0.11017553448021854,0.05895623016599821,-0.17827417983662072,-0.016681517173020206,0.007556642659814631,-0.06464180549114758,-1.103076643263196,-3.794680808367153,-0.3177745340600987,-0.12167782418116714,-0.3559781751158262,0.02758785867300787
10.256745100021362,0.11017553448021854,0.05895623016599821,-0.17827417983662072,-0.016514702001290002,0.007481076233216484,-0.0639953874362361,-1.103076643263196,-3.794680808367153,-0.3177745340600987,-0.12046104593935547,-0.3524183933646679,0.027311980086277794
10.267328023910522,0.10937490646425915,0.05900097341520577,-0.1799055506932556,-0.017138033983383556,0.007601876661408176,-0.06486603453388694,-1.1076228903165732,-3.8022949520407274,-0.3176940419800715,-0.12221981218651912,-0.356702776824773,0.027723688836474646
10.271313905715942,0.10937490646425915,0.05900097341520577,-0.1799055506932556,-0.01696665364354972,0.007525857894794094,-0.06421737418854807,-1.1076228903165732,-3.8022949520407274,-0.3176940419800715,-0.12099761406465392,-0.3531357490565253,0.0274464519481099
10.276385068893433,0.10859696912900424,0.05904415142324841,-0.1815035446148702,-0.01839636192958917,0.007848139772610176,-0.06666370674177373,-1.112175301343095,-3.809914569383478,-0.3176188038774879,-0.12595466276818398,-0.3659248072005277,0.028580364300528995
10.281348466873169,0.10859696912900424,0.05904415142324841,-0.1815035446148702,-0.01821239831029328,0.007769658374884074,-0.065997069674356,-1.112175301343095,-3.809914569383478,-0.3176188038774879,-0.12469511614050215,-0.36226555912852243,0.028294560657523705
10.29851222038269,0.10788754792113174,0.05903469977742221,-0.18283805631062114,-0.018461895435664177,0.007766854396896874,-0.06609943094119014,-1.1167335502210105,-3.817546161389737,-0.3175442486727166,-0.12526576119155627,-0.3634751120401076,0.028425029827620865
10.303800344467163,0.10788754792113174,0.05903469977742221,-0.18283805631062114,-0.018277276481307534,0.007689185852927905,-0.06543843663177824,-1.1167335502210105,-3.817546161389737,-0.3175442486727166,-0.12401310357964071,-0.3598403609197065,0.028140779529344656
10.327815294265747,0.10727545422836075,0.059000985248031136,-0.18371107455373395,-0.018358601348738002,0.0076414826138846625,-0.06513907388202787,-1.121305369285326,-3.82518154041699,-0.31746382880998497,-0.12407436268060418,-0.3596992511832785,0.028155351916929357
10.33318567276001,0.10727545422836075,0.059000985248031136,-0.18371107455373395,-0.01817501533525062,0.007565067787745816,-0.06448768314320759,-1.121305369285326,-3.82518154041699,-0.31746382880998497,-0.12283361905379814,-0.35610225867144574,0.027873798397760063
10.342003345489502,0.10645632703659422,0.059044697742009614,-0.1851349979087761,-0.01895400133752175,0.007711812097197389,-0.06542076077564853,-1.1259046669653443,-3.832796815722345,-0.31737474893674494,-0.12517129783065756,-0.3619454658386088,0.02839996945281272
10.347461938858032,0.10645632703659422,0.059044697742009614,-0.1851349979087761,-0.018764461324146536,0.007634693976225415,-0.06476655316789204,-1.1259046669653443,-3.832796815722345,-0.31737474893674494,-0.12391958485235098,-0.3583260111802227,0.028115969758284592
10.360703468322754,0.10560016333092533,0.05908695491403656,-0.18679829564609465,-0.01924913721887169,0.007717830228122493,-0.0653491702742163,-1.130505677565859,-3.8404217618592265,-0.31728957709276867,-0.12504415757513687,-0.3610172151456997,0.02836389779601698
10.364825963973999,0.10560016333092533,0.05908695491403656,-0.18679829564609465,-0.019056645846682974,0.007640651925841268,-0.06469567857147414,-1.130505677565859,-3.8404217618592265,-0.31728957709276867,-0.1237937159993855,-0.3574070429942427,0.02808025881805681
10.376984119415283,0.10479630254623756,0.05910343039257877,-0.18844381823013778,-0.019557100105098618,0.00771216611749722,-0.06537656747009321,-1.135099045510218,-3.848058800441653,-0.3172104570675958,-0.12511038944840588,-0.36068024637474644,0.02836740737079301
10.38338828086853,0.10479630254623756,0.05910343039257877,-0.18844381823013778,-0.01936152910404763,0.007635044456322248,-0.06472280179539228,-1.135099045510218,-3.848058800441653,-0.3172104570675958,-0.12385928555392182,-0.357073443910999,0.028083733297085082
10.403340339660645,0.10408892122636214,0.059122701512770486,-0.18981942234636778,-0.019537249150358427,0.007638436754570557,-0.06475129376868884,-1.1396873746164478,-3.855723719514615,-0.31714200934870634,-0.12416611282291698,-0.3576912990132952,0.028142749622023372
10.409986972808838,0.10408892122636214,0.059122701512770486,-0.18981942234636778,-0.019341876658854843,0.007562052387024852,-0.06410378083100195,-1.1396873746164478,-3.855723719514615,-0.31714200934870634,-0.12292445169468781,-0.35411438602316225,0.02786132212580314
10.419145822525024,0.10348417684146155,0.05909200198089555,-0.19071837217374227,-0.019833257483975672,0.007567608272717085,-0.06442199471556187,-1.1442818560251942,-3.863397762674426,-0.3170731290575212,-0.1250581717775326,-0.3597123140834511,0.02831954084476316
10.427446603775024,0.10348417684146155,0.05909200198089555,-0.19071837217374227,-0.019634924909135914,0.007491932189989914,-0.06377777476840625,-1.1442818560251942,-3.863397762674426,-0.3170731290575212,-0.12380759005975726,-0.3561151909426166,0.028036345436315526
10.438063383102417,0.10271141126665119,0.059056130391835104,-0.19215884803158628,-0.020200299861187817,0.007524327550732924,-0.06447147833495134,-1.1488990502996081,-3.871065337900225,-0.31699544758253295,-0.12548174554884356,-0.36044016773715737,0.028393033667488386
10.443391799926758,0.10271141126665119,0.059056130391835104,-0.19215884803158628,-0.01999829686257594,0.007449084275225594,-0.06382676355160183,-1.1488990502996081,-3.871065337900225,-0.31699544758253295,-0.12422692809335513,-0.3568357660597858,0.0281091033308135
10.462219715118408,0.101940552979336,0.05903183434442219,-0.1938249391965127,-0.020229325289218007,0.007447477503273837,-0.06405860088299845,-1.1535162097118283,-3.878740309643727,-0.316927675264675,-0.12461815869316781,-0.3577216191430232,0.028179572506232965
10.466596126556396,0.101940552979336,0.05903183434442219,-0.1938249391965127,-0.020027032036325828,0.0073730027282410985,-0.06341801487416845,-1.1535162097118283,-3.878740309643727,-0.316927675264675,-0.12337197710623612,-0.35414440295159294,0.027897776781170634
10.491636753082275,0.10125516206791589,0.05901258515600554,-0.19546076374591032,-0.020116391738856366,0.0073521879407836875,-0.06342703523395227,-1.1581257834295584,-3.8864343731248736,-0.3168730006945942,-0.12335613060016054,-0.3539615812915878,0.027877004972053372
10.495599269866943,0.10125516206791589,0.05901258515600554,-0.19546076374591032,-0.0199152278214678,0.00727866606137585,-0.06279276488161274,-1.1581257834295584,-3.8864343731248736,-0.3168730006945942,-0.12212256929415893,-0.3504219654786719,0.027598234922332838
10.503269910812378,0.10069803504711443,0.058935501878736744,-0.19682404242541876,-0.020493561199725643,0.007269162746578131,-0.06391920886680624,-1.1627292969315477,-3.894148489062498,-0.31682416397853064,-0.1248485864010244,-0.35791240637676386,0.028156030308550222
10.522730112075806,0.10029606014696618,0.058818474097031975,-0.19771557361127712,-0.020511615763290927,0.007180710667973152,-0.06373327157740546,-1.1673380571074188,-3.9018740548593165,-0.3167696309615956,-0.12515375081332367,-0.35867456396461717,0.028205270822599892
10.530763149261475,0.10029606014696618,0.058818474097031975,-0.19771557361127712,-0.02030649960565802,0.00710890356129342,-0.06309593886163141,-1.1673380571074188,-3.9018740548593165,-0.3167696309615956,-0.12390221330519043,-0.355087818324971,0.027923218114373892
10.536978960037231,0.09973598504471759,0.05877414804049638,-0.19915393550044994,-0.021065277526170052,0.007174913750898939,-0.06474790619919117,-1.1719750974247076,-3.9095825470915893,-0.3167026539343145,-0.12755866954559622,-0.3651164527583648,0.028688408015072088
10.540313243865967,0.09973598504471759,0.05877414804049638,-0.19915393550044994,-0.02085462475090835,0.007103164613389949,-0.06410042713719925,-1.1719750974247076,-3.9095825470915893,-0.3167026539343145,-0.12628308285014025,-0.36146528823078117,0.028401523934921367
10.562628507614136,0.09917854015922184,0.05872838366104908,-0.20082566218424622,-0.020915572239254877,0.007074972169118891,-0.06419974548499909,-1.1766090498891955,-3.917303212167128,-0.3166339509087079,-0.12637508386113538,-0.3616405410357101,0.02840820600115165
10.566548585891724,0.09917854015922184,0.05872838366104908,-0.20082566218424622,-0.02070641651686233,0.007004222447427703,-0.06355774803014909,-1.1766090498891955,-3.917303212167128,-0.3166339509087079,-0.12511133302252403,-0.35802413562535296,0.028124123941140132
10.57481074333191,0.0987037988084159,0.05865060188924232,-0.2024761425505156,-0.021131009854626025,0.007000258158047473,-0.06490117466449366,-1.1812321845482288,-3.925034872073496,-0.31656381780017484,-0.12748706083716782,-0.3646965627640397,0.028628303385662253
10.577912092208862,0.0987037988084159,0.05865060188924232,-0.2024761425505156,-0.020919699756079765,0.006930255576466998,-0.06425216291784873,-1.1812321845482288,-3.925034872073496,-0.31656381780017484,-0.12621219022879615,-0.36104959713639934,0.02834202035180563
10.598728656768799,0.0983514185054852,0.058572161653398847,-0.2038555025705257,-0.02089949632365101,0.006874353428909122,-0.06426709167088276,-1.1858490785100175,-3.9327894921283884,-0.31649219294605047,-0.12637881543909502,-0.3615205621889638,0.0283713799804165
10.603397607803345,0.0983514185054852,0.058572161653398847,-0.2038555025705257,-0.020690501360414497,0.006805609894620031,-0.06362442075417393,-1.1858490785100175,-3.9327894921283884,-0.31649219294605047,-0.12511502728470406,-0.3579053565670741,0.028087666180612335
10.618200063705444,0.09812708213404207,0.05845297148946133,-0.2047621333595306,-0.020658071165856166,0.006704152482435745,-0.06359819010728913,-1.19047409229464,-3.9405461904220744,-0.31641075218748094,-0.12587337030501553,-0.36006981170891905,0.028252447653769528
10.621696949005127,0.09812708213404207,0.05845297148946133,-0.2047621333595306,-0.020451490454197602,0.006637110957611387,-0.06296220820621624,-1.19047409229464,-3.9405461904220744,-0.31641075218748094,-0.12461463660196537,-0.35646911359182987,0.027969923177231834
10.64104437828064,0.09774784962430541,0.05834215943227116,-0.20622927150875286,-0.020466916290747286,0.0065722947390632145,-0.06308558393804932,-1.1951339870103908,-3.9482910059165386,-0.3163116478665079,-0.12491887266052973,-0.3572979863890199,0.028037706807668605
10.645340204238892,0.09774784962430541,0.05834215943227116,-0.20622927150875286,-0.020262247127839812,0.006506571791672583,-0.062454728098668824,-1.1951339870103908,-3.9482910059165386,-0.3163116478665079,-0.12366968393392443,-0.35372500652512967,0.02775732973959192
10.658726930618286,0.09737327004019819,0.05825076913832292,-0.2079350404645069,-0.020377077300235625,0.006466829753030834,-0.06309578945128,-1.199796356212135,-3.956036674488832,-0.3162100695213365,-0.12466456107859938,-0.3565424502421489,0.027982292509881122
10.662725448608398,0.09737327004019819,0.05825076913832292,-0.2079350404645069,-0.02017330652723327,0.006402161455500526,-0.0624648315567672,-1.199796356212135,-3.956036674488832,-0.3162100695213365,-0.12341791546781339,-0.35297702573972745,0.02770246958478231
10.680653810501099,0.09708016120598954,0.0581715584017846,-0.20961896283175363,-0.020162458425217217,0.0063585229192905995,-0.0627741900634169,-1.2044538838673362,-3.9637996139516622,-0.31610940158282524,-0.12383729831166695,-0.35420390948642383,0.02780051464648958
10.685607194900513,0.09708016120598954,0.0581715584017846,-0.20961896283175363,-0.019960833840965045,0.006294937690097694,-0.06214644816278273,-1.2044538838673362,-3.9637996139516622,-0.31610940158282524,-0.12259892532855028,-0.3506618703915596,0.027522509500024682
10.701354265213013,0.09690758933618941,0.05804188053240166,-0.2110352075192382,-0.019901601050180143,0.006206976131327981,-0.062422710255815896,-1.2091077339911875,-3.9715729290590933,-0.3160062410707389,-0.12324428435989894,-0.35257927373795633,0.027676456941070557
10.70641827583313,0.09690758933618941,0.05804188053240166,-0.2110352075192382,-0.019702585039678342,0.0061449063700147015,-0.061798483153257734,-1.2091077339911875,-3.9715729290590933,-0.3160062410707389,-0.12201184151629994,-0.34905348100057676,0.027399692371659852
10.727813482284546,0.09687452038776055,0.057877839972978205,-0.21197905307600198,-0.019540253874380797,0.006031255833894797,-0.06162375393610294,-1.2137730619598346,-3.9793530074704515,-0.3158900363814902,-0.12217024822420819,-0.34956002652579743,0.027448045690872495
10.733011245727539,0.09687452038776055,0.057877839972978205,-0.21197905307600198,-0.01934485133563699,0.005970943275555849,-0.061007516396741915,-1.2137730619598346,-3.9793530074704515,-0.3158900363814902,-0.1209485457419661,-0.34606442626053946,0.02717356523396377
10.744720697402954,0.0966721374521362,0.05779141707185109,-0.2134874067690784,-0.019363388658098685,0.005920895003760305,-0.06168070889249482,-1.218475409875129,-3.987106767171397,-0.3157572812547292,-0.12228324957073992,-0.34989465606390374,0.027500488942142777
10.756285429000854,0.0966721374521362,0.05779141707185109,-0.2134874067690784,-0.019169754771517698,0.005861686053722702,-0.061063901803569874,-1.218475409875129,-3.987106767171397,-0.3157572812547292,-0.12106041707503253,-0.3463957095032647,0.02722548405272135
10.76451826095581,0.09645998166526125,0.0577086544989101,-0.21523825279400224,-0.01929824922236856,0.005837267970793567,-0.06257178395415346,-1.2231840637306057,-3.99486973011093,-0.3156181925985561,-0.12345572499688336,-0.3533197394585162,0.027812279123912993
10.770236492156982,0.09645998166526125,0.0577086544989101,-0.21523825279400224,-0.019105266730144874,0.005778895291085631,-0.06194606611461192,-1.2231840637306057,-3.99486973011093,-0.3156181925985561,-0.12222116774691452,-0.349786542063931,0.027534156332673865
10.784077167510986,0.09631609465428423,0.05759571602311905,-0.2169727339374662,-0.01905776649365003,0.005714040487476895,-0.06257755767710828,-1.2278900434373423,-4.002634399109647,-0.31547638323293004,-0.12313105224391338,-0.3524720898078138,0.027771951206787188
10.792670726776123,0.09631609465428423,0.05759571602311905,-0.2169727339374662,-0.018867188828713532,0.005656900082602126,-0.061951782100337194,-1.2278900434373423,-4.002634399109647,-0.31547638323293004,-0.12189974172147425,-0.34894736890973566,0.027494231694719314
10.8035249710083,0.09627761625258187,0.057485148542181216,-0.21843878176310597,-0.018758755170493663,0.00557075122243546,-0.06268363762505773,-1.232596761078043,-4.010412837716108,-0.31533279449552487,-0.12338590839614579,-0.35335888159063944,0.02787715059667858
10.807879447937012,0.09627761625258187,0.057485148542181216,-0.21843878176310597,-0.018571167618788725,0.005515043710211106,-0.06205680124880715,-1.232596761078043,-4.010412837716108,-0.31533279449552487,-0.12215204931218433,-0.34982529277473307,0.027598379090711795
10.829146146774292,0.09635031113463274,0.05734136568017507,-0.21943052138285543,-0.01837067591073267,0.005412553205141017,-0.06190578791457498,-1.2373191098217688,-4.018182001818877,-0.31518183776315895,-0.12231552379879028,-0.3503579831090716,0.02766154837432774
10.838751077651978,0.09635031113463274,0.05734136568017507,-0.21943052138285543,-0.01818696915162534,0.005358427673089606,-0.061286730035429234,-1.2373191098217688,-4.018182001818877,-0.31518183776315895,-0.12109236856080237,-0.3468544032779809,0.02738493289058446
10.842998027801514,0.09624784520049579,0.05721377663295225,-0.22100069883043738,-0.018369797622430767,0.005218374418264159,-0.06436937625338789,-1.2420838797215237,-4.02593064727978,-0.3150153335822068,-0.12689511645046295,-0.3635537267245709,0.02883696842742404
10.846502542495728,0.09624784520049579,0.05721377663295225,-0.22100069883043738,-0.01818609964620646,0.005166190674081517,-0.063725682490854,-1.2420838797215237,-4.02593064727978,-0.3150153335822068,-0.12562616528595832,-0.35991818945732523,0.0285485987431498
10.866028547286987,0.0961241409575422,0.0571126960600662,-0.22282127251763803,-0.018096006596294244,0.005116776186036933,-0.06401921192204404,-1.246858981495339,-4.033670987290585,-0.3148487840738403,-0.12589343572897546,-0.3607053958097759,0.028637911308653913
10.871713161468506,0.0961241409575422,0.0571126960600662,-0.22282127251763803,-0.0179150465303313,0.005065608424176564,-0.06337901980282361,-1.246858981495339,-4.033670987290585,-0.3148487840738403,-0.1246345013716857,-0.35709834185167816,0.028351532195567374
10.879298210144043,0.09604930192834475,0.05703595788827627,-0.22462554044927946,-0.017904071968050377,0.005044401854850167,-0.06512047690094779,-1.2516375520258032,-4.041421146437156,-0.31468537550459896,-0.1272910021877498,-0.364840130632559,0.029030401773831066
10.901068925857544,0.09605490790740774,0.0569192420008953,-0.22616495422440142,-0.017746033348782216,0.004975884160036476,-0.06517743890451656,-1.2564189283656617,-4.049170336864992,-0.3145222278859246,-0.12737311631120665,-0.36513509175657866,0.029075693669837484
10.90682339668274,0.09605490790740774,0.0569192420008953,-0.22616495422440142,-0.017568573015294395,0.004926125318436112,-0.0645256645154714,-1.2564189283656617,-4.049170336864992,-0.3145222278859246,-0.12609938514809457,-0.36148374083901286,0.02878493673313911
10.918022155761719,0.0961530746123177,0.0567738138881815,-0.2272281239744982,-0.017344187932045653,0.004785916672263967,-0.06483652985427127,-1.2612185442760717,-4.056919696475193,-0.31434821234851823,-0.12748087869527935,-0.365540575480478,0.029160025018726977
10.923731803894043,0.0961530746123177,0.0567738138881815,-0.2272281239744982,-0.017170746052725196,0.004738057505541327,-0.06418816455572855,-1.2612185442760717,-4.056919696475193,-0.31434821234851823,-0.12620606990832656,-0.36188516972567325,0.028868424768539708
10.943916082382202,0.09602602249261986,0.05671859013526624,-0.22886156605700747,-0.017084427118906842,0.004711089585746614,-0.06435311626085245,-1.2660582265119515,-4.064634182613417,-0.3141598829821318,-0.12642677646886205,-0.36251234109367725,0.02895187587345744
10.94874095916748,0.09602602249261986,0.05671859013526624,-0.22886156605700747,-0.016913582847717774,0.0046639786898891485,-0.06370958509824393,-1.2660582265119515,-4.064634182613417,-0.3141598829821318,-0.12516250870417342,-0.35888721768274046,0.028662357114722866
10.958900451660156,0.09582713926754365,0.0566788598644043,-0.23073858378045348,-0.01698821745411411,0.004692962293085029,-0.06491177335200571,-1.2709103573780491,-4.072350632884305,-0.3139682351731606,-0.12685250986292787,-0.3637441170859714,0.029117273760587745
10.964057207107544,0.09582713926754365,0.0566788598644043,-0.23073858378045348,-0.01681833527957297,0.004646032670154178,-0.06426265561848565,-1.2709103573780491,-4.072350632884305,-0.3139682351731606,-0.12558398476429858,-0.36010667591511164,0.028826101022981866
10.997009515762329,0.09546317677930637,0.056555998999831755,-0.23418157392780742,-0.016789451999542727,0.00462732221950232,-0.06466089956393294,-1.2806250609570615,-4.087781791927072,-0.3135867903272867,-0.12612709973723552,-0.3617200179149687,0.02899367754270405
11.000433444976807,0.09546317677930637,0.056555998999831755,-0.23418157392780742,-0.0166215574795473,0.0045810489973072965,-0.06401429056829361,-1.2806250609570615,-4.087781791927072,-0.3135867903272867,-0.12486582873986316,-0.35810281773581903,0.02870374076727701
11.01998257637024,0.09533311958277961,0.05647246661508376,-0.2352846889113352,-0.016540007890241182,0.004528677718393168,-0.06393708929599967,-1.2855021844601477,-4.095487726204091,-0.3133923112848193,-0.12513953440115183,-0.3589156652858652,0.028801701363579915
11.025179386138916,0.09533311958277961,0.05647246661508376,-0.2352846889113352,-0.01637460781133877,0.004483390941209236,-0.06329771840303967,-1.2855021844601477,-4.095487726204091,-0.3133923112848193,-0.12388813905714031,-0.3553265086330066,0.028513684349944116
11.038993835449219,0.094957600718131,0.056406905051616496,-0.2369621830026592,-0.016515187148711637,0.0044834071916336725,-0.06387007472336777,-1.2904211467169624,-4.10316866292091,-0.31318449628457007,-0.12482726898331464,-0.35798371809771884,0.02877825639925764
11.043312311172485,0.094957600718131,0.056406905051616496,-0.2369621830026592,-0.01635003527722452,0.004438573119717335,-0.06323137397613408,-1.2904211467169624,-4.10316866292091,-0.31318449628457007,-0.1235789962934815,-0.35440388091674163,0.028490473835265064
11.052472829818726,0.09450109083255574,0.056366514667311414,-0.23888531184911113,-0.01673617643281887,0.00451262420894528,-0.06468033225325749,-1.2953520295573804,-4.110836189038429,-0.31298145459497334,-0.12562521608018443,-0.36022153586534905,0.02902430342303083
11.056446313858032,0.09450109083255574,0.056366514667311414,-0.23888531184911113,-0.01656881466849068,0.004467497966855827,-0.06403352893072492,-1.2953520295573804,-4.110836189038429,-0.31298145459497334,-0.12436896391938258,-0.35661932050669554,0.028734060388800522
11.074198961257935,0.09404278592488206,0.05635107859854603,-0.24078654363945878,-0.01668571240091333,0.004497367922103799,-0.06445419040074542,-1.3002879172986241,-4.118508431558523,-0.31278631420412145,-0.12481134519443383,-0.3578908594002197,0.028863279487231698
11.077391624450684,0.09404278592488206,0.05635107859854603,-0.24078654363945878,-0.016518855276904196,0.004452394242882761,-0.06380964849673797,-1.3002879172986241,-4.118508431558523,-0.31278631420412145,-0.1235632317424895,-0.3543119508062175,0.02857464669235938
11.103409767150879,0.09362210794332537,0.05629623062886547,-0.2424181166889794,-0.01653144633013691,0.004436966469948253,-0.0637931952376496,-1.3052298158630982,-4.126178782614186,-0.31259380875019305,-0.12347492789997191,-0.3540716258747767,0.028570966668638093
11.111748456954956,0.09362210794332537,0.05629623062886547,-0.2424181166889794,-0.01636613186683554,0.00439259680524877,-0.06315526328527311,-1.3052298158630982,-4.126178782614186,-0.31259380875019305,-0.1222401786209722,-0.35053090961602895,0.02828525700195171
11.123020648956299,0.09326212995822768,0.056211843109365965,-0.24357068290004294,-0.016552363141024352,0.004362753743804763,-0.06353735038381546,-1.31019133238087,-4.133844256649471,-0.31239233471192657,-0.12367551007679142,-0.3546516434025003,0.028658283503746974
11.126890420913696,0.09326212995822768,0.056211843109365965,-0.24357068290004294,-0.016386839509614108,0.004319126206366716,-0.0629019768799773,-1.31019133238087,-4.133844256649471,-0.31239233471192657,-0.12243875497602351,-0.35110512696847535,0.028371700668709504
11.156663179397583,0.09196270589886245,0.056223403092667774,-0.24724085812701987,-0.016684137943644116,0.0043921947861712265,-0.06348927181897347,-1.3202126330583805,-4.149099138335759,-0.3119569428785531,-0.1232441938623716,-0.3533591715933591,0.028585354183872782
11.161438703536987,0.09196270589886245,0.056223403092667774,-0.24724085812701987,-0.016517296564207674,0.004348272838309514,-0.06285437910078373,-1.3202126330583805,-4.149099138335759,-0.3119569428785531,-0.12201175192374789,-0.3498255798774255,0.028299500642034053
11.18371033668518,0.09127266721035934,0.05620259313338964,-0.24917080770043848,-0.016680715781895984,0.004374968798520058,-0.06308130187270257,-1.3252349253415823,-4.156719840098443,-0.3117350712312713,-0.12214674366292214,-0.35018177561662955,0.028348158762517898
11.18730878829956,0.09127266721035934,0.05620259313338964,-0.24917080770043848,-0.016513908624077023,0.004331219110534857,-0.06245048885397554,-1.3252349253415823,-4.156719840098443,-0.3117350712312713,-0.12092527622629291,-0.34667995786046324,0.028064677174892718
11.198997497558594,0.09062206620593062,0.05618300087366142,-0.25082263433795304,-0.016935530077238328,0.004407181335790007,-0.06321955786621083,-1.3302653471949004,-4.164350037330911,-0.311510824291419,-0.12229058638908971,-0.3505714843906492,0.02841457527805194
11.202282667160034,0.09062206620593062,0.05618300087366142,-0.25082263433795304,-0.016766174776465945,0.0043631095224321076,-0.06258736228754873,-1.3302653471949004,-4.164350037330911,-0.311510824291419,-0.12106768052519881,-0.34706576954674273,0.028130429525271422
11.220363140106201,0.0900153385043405,0.056131730682032754,-0.2519866063594665,-0.01694948962056548,0.004363497362647338,-0.06259462946346513,-1.3353154815355306,-4.171965558430807,-0.31127760325547055,-0.12152862808887477,-0.3483488238098792,0.028258080823317395
11.225832462310791,0.0900153385043405,0.056131730682032754,-0.2519866063594665,-0.016779994724359825,0.004319862389020865,-0.061968683168830474,-1.3353154815355306,-4.171965558430807,-0.31127760325547055,-0.12031334180798602,-0.3448653355717804,0.02797550001508422
11.235210180282593,0.08918151126574085,0.056095337232290966,-0.25371034286947464,-0.017540692471601067,0.004435448549801212,-0.06315720501808272,-1.3404073377516272,-4.179554817987203,-0.3110267358483696,-0.12236822839815248,-0.35057088331935854,0.028491976969846487
11.240761995315552,0.08918151126574085,0.056095337232290966,-0.25371034286947464,-0.017365285546885056,0.0043910940643032,-0.0625256329679019,-1.3404073377516272,-4.179554817987203,-0.3110267358483696,-0.12114454611417096,-0.347065174486165,0.02820705720014802
11.254360437393188,0.08828820291398909,0.05607886936756054,-0.2556691439606521,-0.01787741214570976,0.00448472693397325,-0.06331793504633808,-1.3455127874148893,-4.187132343701913,-0.3107746672194062,-0.12217916390188814,-0.34990645339396675,0.02846900615892092
11.257611513137817,0.08828820291398909,0.05607886936756054,-0.2556691439606521,-0.01769863802425266,0.004439879664633517,-0.0626847556958747,-1.3455127874148893,-4.187132343701913,-0.3107746672194062,-0.12095737226286926,-0.3464073888600271,0.02818431609733171
11.278311014175415,0.08741761345269952,0.05608097815852209,-0.25759884949768247,-0.017959770865438693,0.004492683920088338,-0.06297513974976317,-1.3506257329912974,-4.194714053658134,-0.31052392909981563,-0.12121813867673828,-0.34709598656646345,0.02825621407913211
11.282711029052734,0.08741761345269952,0.05608097815852209,-0.25759884949768247,-0.017780173156784304,0.004447757080887455,-0.06234538835226554,-1.3506257329912974,-4.194714053658134,-0.31052392909981563,-0.12000595728997089,-0.3436250267007988,0.02797365193834079
11.293834924697876,0.08661110589625298,0.0560379708757531,-0.2592525872160246,-0.018359823708913835,0.0045254254978828205,-0.06318462365948273,-1.3557484580234533,-4.202298686656668,-0.31027219647482285,-0.12153676869169337,-0.3479258955481667,0.028347775500302784
11.299377202987671,0.08661110589625298,0.0560379708757531,-0.2592525872160246,-0.018176225471824695,0.004480171242903992,-0.0625527774228879,-1.3557484580234533,-4.202298686656668,-0.31027219647482285,-0.12032140100477644,-0.34444663659268504,0.028064297745299754
11.32146167755127,0.08589542308804128,0.055961248606941356,-0.26042279260343354,-0.018332008763386833,0.004466614119755752,-0.062447380200931595,-1.3608918240730674,-4.209879297262674,-0.31000843788768984,-0.12049888392263561,-0.34490142705892235,0.028115561326983726
11.327117681503296,0.08589542308804128,0.055961248606941356,-0.26042279260343354,-0.018148688675752964,0.004421947978558194,-0.06182290639892228,-1.3608918240730674,-4.209879297262674,-0.31000843788768984,-0.11929389508340925,-0.3414524127883331,0.02783440571371389
11.336038589477539,0.08496384479770284,0.05597034969722334,-0.26214379851647807,-0.019044237665254506,0.004609054559596284,-0.06309721107945168,-1.3660763563090095,-4.217427044202393,-0.30972994203973025,-0.12155706858486595,-0.347672812067532,0.028381006276312466
11.340487718582153,0.08496384479770284,0.05597034969722334,-0.26214379851647807,-0.01885379528860196,0.004562964014000321,-0.06246623896865716,-1.3660763563090095,-4.217427044202393,-0.30972994203973025,-0.1203414978990173,-0.34419608394685663,0.028097196213549343
11.353538751602173,0.08398798216245819,0.05598714194575886,-0.26409420113701393,-0.019438349380532786,0.004693530873289345,-0.06330941431957968,-1.3712761596987528,-4.224974527649728,-0.30944750988497943,-0.12149891076348576,-0.34734778873431066,0.02837705522399577
11.357760429382324,0.08398798216245819,0.05598714194575886,-0.26409420113701393,-0.019243965886727457,0.004646595564556452,-0.06267632017638387,-1.3712761596987528,-4.224974527649728,-0.30944750988497943,-0.1202839216558509,-0.34387431084696757,0.028093284671755814
11.38119626045227,0.0830563577187702,0.055968471970012194,-0.26601189790593266,-0.019465002538463415,0.004680246268089815,-0.0628542574767732,-1.376482825938534,-4.232521870760321,-0.30916629354230696,-0.12039141181382253,-0.34411103431624185,0.028121152621580197
11.38560962677002,0.0830563577187702,0.055968471970012194,-0.26601189790593266,-0.019270352513078782,0.004633443805408917,-0.06222571490200547,-1.376482825938534,-4.232521870760321,-0.30916629354230696,-0.1191874976956843,-0.34066992397307944,0.027839941095364393
11.396654605865479,0.08221583319869086,0.05594544569845049,-0.2676422507772109,-0.0198676579404622,0.004731027367690092,-0.06305399109763614,-1.3816995295367822,-4.240083323333441,-0.3088878161194108,-0.12076821562807287,-0.3450819821002268,0.028209528574892874
11.399828910827637,0.08221583319869086,0.05594544569845049,-0.2676422507772109,-0.019668981361057578,0.004683717094013192,-0.062423451186659776,-1.3816995295367822,-4.240083323333441,-0.3088878161194108,-0.11956053347179214,-0.3416311622792245,0.027927433289143946
11.41650652885437,0.0814765404374078,0.05588456069694665,-0.26877569869454937,-0.019931338180985768,0.004688870211840168,-0.06246519931886457,-1.3869353723438889,-4.247633459875225,-0.30860499666215935,-0.12020809114583204,-0.34339168394170133,0.028075600088220163
11.422189474105835,0.0814765404374078,0.05588456069694665,-0.26877569869454937,-0.01973202479917591,0.004641981509721766,-0.061840547325675926,-1.3869353723438889,-4.247633459875225,-0.30860499666215935,-0.11900601023437372,-0.3399577671022843,0.027794844087337962
11.437252521514893,0.08056885319213361,0.05583197891713712,-0.27045698827321046,-0.020161326805594747,0.004689036711563913,-0.0623189335332207,-1.3922091143977202,-4.255160415077021,-0.3083084246889255,-0.11987570804395803,-0.3422850955112244,0.027992475235651196
11.443609714508057,0.08056885319213361,0.05583197891713712,-0.27045698827321046,-0.0199597135375388,0.004642146344448274,-0.06169574419788849,-1.3922091143977202,-4.255160415077021,-0.3083084246889255,-0.11867695096351845,-0.33886224455611214,0.027712550483294685
11.454753398895264,0.07966380783525494,0.05579176862337264,-0.27236569178673714,-0.020608101844863475,0.0047414150109537,-0.06276479462837062,-1.3974922021830862,-4.26267854329194,-0.3080165158049586,-0.120269216598664,-0.3432155886985139,0.028067286987959707
11.458898782730103,0.07966380783525494,0.05579176862337264,-0.27236569178673714,-0.02040202082641484,0.004694000860844164,-0.06213714668208691,-1.3974922021830862,-4.26267854329194,-0.3080165158049586,-0.11906652443267736,-0.33978343281152873,0.02778661411808011
11.471657276153564,0.07884588891391825,0.05576030688175429,-0.27424145541154493,-0.020869593866918362,0.004770827818708044,-0.06296454106743628,-1.4027757609890883,-4.270203993258659,-0.307730993768857,-0.12028873607342884,-0.34315863072762826,0.028051604232122534
11.476453065872192,0.07884588891391825,0.05576030688175429,-0.27424145541154493,-0.02066089792824918,0.0047231195405209635,-0.06233489565676192,-1.4027757609890883,-4.270203993258659,-0.307730993768857,-0.11908584871269455,-0.33972704442035195,0.02777108818980131
11.500442266464233,0.07815670498874762,0.05567470720084847,-0.27583985590248855,-0.02075876555173164,0.004707373774812426,-0.06236914544783975,-1.4080579391557775,-4.277732764689853,-0.30744702296419424,-0.11917142763340227,-0.33993541844110864,0.027779665465330766
11.504647493362427,0.07815670498874762,0.05567470720084847,-0.27583985590248855,-0.020551177896214325,0.004660300037064301,-0.06174545399336136,-1.4080579391557775,-4.277732764689853,-0.30744702296419424,-0.11797971335706825,-0.3365360642566976,0.027501868810677458
11.519634008407593,0.07762153585137883,0.055550834333254494,-0.27695684856260205,-0.02072737184157717,0.004611636972235551,-0.061864048686789345,-1.4133481382114677,-4.285259836056963,-0.30715147949428995,-0.1188424952705753,-0.3389446891642333,0.02769020481823783
11.523148775100708,0.07762153585137883,0.055550834333254494,-0.27695684856260205,-0.020520098123161398,0.004565520602513196,-0.06124540819992145,-1.4133481382114677,-4.285259836056963,-0.30715147949428995,-0.11765407031786955,-0.335555242272591,0.027413302770055454
11.538023471832275,0.07693057986277042,0.05550707361211801,-0.2786303220496563,-0.020804311063312236,0.004600616835566248,-0.061742904430635764,-1.4186670361976141,-4.292752929131647,-0.3068388447078408,-0.11855105753790258,-0.3380034922805017,0.027611467807372093
11.542467832565308,0.07693057986277042,0.05550707361211801,-0.2786303220496563,-0.020596267952679114,0.004554610667210586,-0.061125475386329405,-1.4186670361976141,-4.292752929131647,-0.3068388447078408,-0.11736554696252356,-0.33462345735769666,0.027335353129298374
11.558589696884155,0.0762442722033073,0.05546824956389988,-0.280540469829476,-0.020842048324994127,0.004592190372564697,-0.06168489602614786,-1.4239846388005915,-4.30024844954825,-0.30651935177842143,-0.11809372312794862,-0.336636915424259,0.02749926149175568
11.561984062194824,0.0762442722033073,0.05546824956389988,-0.280540469829476,-0.020633627841744186,0.00454626846883905,-0.06106804706588638,-1.4239846388005915,-4.30024844954825,-0.30651935177842143,-0.11691278589666913,-0.3332705462700164,0.027224268876838122
11.596743822097778,0.07516234249233943,0.05531313399448573,-0.2840388446790013,-0.020764660088312542,0.004540633057224345,-0.06145424120026451,-1.4345915430666933,-4.315252574512858,-0.30586364212390954,-0.11748164307118973,-0.3349171140635638,0.0273591832033925
11.599807977676392,0.07516234249233943,0.05531313399448573,-0.2840388446790013,-0.020557013487429415,0.004495226726652101,-0.06083969878826187,-1.4345915430666933,-4.315252574512858,-0.30586364212390954,-0.11630682664047784,-0.3315679429229281,0.027085591371358575
11.621222257614136,0.07481043009903258,0.05519645977533361,-0.28516741272039925,-0.02053380527009743,0.004440658613028519,-0.06075435688049295,-1.4398975193959875,-4.322749738475992,-0.3055211841646767,-0.11655188373284231,-0.33229283866529635,0.027150829285308528
11.628344058990479,0.07481043009903258,0.05519645977533361,-0.28516741272039925,-0.020328467217396454,0.0043962520268982334,-0.06014681331168802,-1.4398975193959875,-4.322749738475992,-0.3055211841646767,-0.11538636489551389,-0.32896991027864336,0.026879320992455442
11.639606475830078,0.0743065107902231,0.055087906710453494,-0.2868596379311483,-0.020615863859324103,0.004380026324966085,-0.06103523044928007,-1.4452360801028243,-4.330223399106504,-0.3051590539714355,-0.11693139736089443,-0.33335487195384633,0.02726134709453824
11.645017147064209,0.0743065107902231,0.055087906710453494,-0.2868596379311483,-0.02040970522073086,0.004336226061716424,-0.06042487814478727,-1.4452360801028243,-4.330223399106504,-0.3051590539714355,-0.11576208338728548,-0.3300213232343079,0.02698873362359286
11.658258438110352,0.07381043728826592,0.05499322411925848,-0.2887910368119518,-0.020619851406713467,0.004333094444266918,-0.06126807011627008,-1.4505755704111938,-4.337685767550362,-0.3047931630479455,-0.116890505782324,-0.333245342300872,0.027272324105224215
11.661542654037476,0.07381043728826592,0.05499322411925848,-0.2887910368119518,-0.020413652892646333,0.004289763499824249,-0.060655389415107376,-1.4505755704111938,-4.337685767550362,-0.3047931630479455,-0.11572160072450076,-0.3299128888778633,0.026999600864171972
11.68399167060852,0.07339947713197535,0.05491023319307277,-0.2906976473179672,-0.020415429673073963,0.004269899874526459,-0.06089256714737261,-1.4559108759022117,-4.345157813656043,-0.3044270547809744,-0.11590235705415826,-0.3304682555792019,0.02705557966217484
11.688512802124023,0.07339947713197535,0.05491023319307277,-0.2906976473179672,-0.020211275376343225,0.0042272008757811945,-0.06028364147589888,-1.4559108759022117,-4.345157813656043,-0.3044270547809744,-0.11474333348361668,-0.32716357302340987,0.02678502386555309
11.698572158813477,0.07311098332181068,0.054776891075553315,-0.29233179153938765,-0.020349473721053737,0.004158995584638612,-0.06129869667532189,-1.4612420805923751,-4.352631530120693,-0.30405865741979704,-0.11656334646887959,-0.33249912349476995,0.02724604408399236
11.71995210647583,0.07296672428838609,0.05460956980107331,-0.29348613760655673,-0.02023661651271598,0.0040710859783974615,-0.06122544146656022,-1.4665835028512928,-4.360103133690314,-0.3036769663703572,-0.11679442706499638,-0.33322553032033436,0.027322406391673774
11.725786209106445,0.07296672428838609,0.05460956980107331,-0.29348613760655673,-0.02003425034758882,0.004030375118613487,-0.06061318705189462,-1.4665835028512928,-4.360103133690314,-0.3036769663703572,-0.11562648279434641,-0.329893275017131,0.027049182327757035
11.739718914031982,0.07265938764071032,0.05452179500500031,-0.2952006814491198,-0.02008938976776131,0.004007822520361814,-0.06123130721542768,-1.47195649235316,-4.367536664311785,-0.3032794837937519,-0.11663298268226426,-0.33279490336114875,0.027321031902914936
11.7452232837677,0.07265938764071032,0.05452179500500031,-0.2952006814491198,-0.019888495870083695,0.003967744295158195,-0.0606189941432734,-1.47195649235316,-4.367536664311785,-0.3032794837937519,-0.11546665285544161,-0.32946695432753725,0.027047821583885787
11.762888431549072,0.07234544242057542,0.054440495151270495,-0.2971526653879864,-0.019897373907973675,0.0039514414637856895,-0.06111238458892208,-1.4773332376543435,-4.374972733839023,-0.30287523898946184,-0.11601000316624767,-0.3310679176057875,0.02720809226770891
11.766825914382935,0.07234544242057542,0.054440495151270495,-0.2971526653879864,-0.01969840016889394,0.0039119270491478324,-0.06050126074303286,-1.4773332376543435,-4.374972733839023,-0.30287523898946184,-0.1148499031345852,-0.32775723842972965,0.026936011345031822
11.779663801193237,0.07210042547796675,0.05432692018856313,-0.2990813376852767,-0.01973765895053019,0.003871668429338418,-0.0613936415801966,-1.482703642969403,-4.382404167586383,-0.3024677822320271,-0.11602129349904713,-0.3312156663910011,0.027261164494648885
11.784006595611572,0.07210042547796675,0.05432692018856313,-0.2990813376852767,-0.01954028236102489,0.0038329517450450337,-0.06077970516439463,-1.482703642969403,-4.382404167586383,-0.3024677822320271,-0.11486108056405667,-0.3279035097270911,0.026988552849702398
11.803836345672607,0.0719613930640398,0.05421422118211379,-0.30073395957874843,-0.01944184673482425,0.003781088919044111,-0.061003927706427555,-1.4880733271640605,-4.389847808869004,-0.3020581913335418,-0.11520502530901867,-0.328993583950659,0.02710510592200984
11.807068347930908,0.0719613930640398,0.05421422118211379,-0.30073395957874843,-0.019247428267476007,0.00374327802985367,-0.06039388842936328,-1.4880733271640605,-4.389847808869004,-0.3020581913335418,-0.11405297505592848,-0.3257036481111524,0.026834054862789742
11.821659326553345,0.07192931983924525,0.05407005490666448,-0.30190201478415335,-0.019110036417886174,0.0036426097054264813,-0.06059199418030158,-1.4934539591532014,-4.397274695097271,-0.3016416042788632,-0.11494474144986297,-0.3283777601982997,0.027094978640416104
11.826825857162476,0.07192931983924525,0.05407005490666448,-0.30190201478415335,-0.018918936053707314,0.0036061836083722165,-0.05998607423849857,-1.4934539591532014,-4.397274695097271,-0.3016416042788632,-0.11379529403536434,-0.32509398259631667,0.026824028854011944
11.840813398361206,0.0717228793669134,0.05393594823197802,-0.3036339917012632,-0.0189181674635713,0.0035453056867340376,-0.060621453889456084,-1.4988720198629553,-4.404674781277471,-0.3012105146696293,-0.11479833156627861,-0.3280229549446666,0.02711523295993143
11.846821308135986,0.0717228793669134,0.05393594823197802,-0.3036339917012632,-0.018728985788935587,0.0035098526298666974,-0.06001523935056152,-1.4988720198629553,-4.404674781277471,-0.3012105146696293,-0.11365034825061582,-0.3247427253952199,0.026844080630332116
11.856210470199585,0.07149627469629548,0.05381888930687521,-0.3056043247382757,-0.018846589905393663,0.003468620453764335,-0.06150757791060959,-1.5042967660182012,-4.412060040440272,-0.30078057801844144,-0.11569650319085545,-0.33069543743242497,0.027405652425021954
11.878754615783691,0.07131985448009906,0.05371934861137191,-0.30754693890517387,-0.01876170333719341,0.003435210955253998,-0.06175212615867717,-1.5097241360269484,-4.419451977322303,-0.30035526342690727,-0.11585763341051329,-0.33122604319081156,0.02747528646270417
11.885113000869751,0.07131985448009906,0.05371934861137191,-0.30754693890517387,-0.018574086303821475,0.003400858845701458,-0.061134604897090404,-1.5097241360269484,-4.419451977322303,-0.30035526342690727,-0.11469905707640815,-0.3279137827589034,0.02720053359807713
11.90048885345459,0.07122305079187713,0.05357677375446999,-0.30921202875706183,-0.018489368135815774,0.0033264797123092704,-0.061605873130690936,-1.5151548503363923,-4.426842012543615,-0.29993200487350796,-0.11547757452582828,-0.3302640772266672,0.027431202619479737
11.908036947250366,0.07122305079187713,0.05357677375446999,-0.30921202875706183,-0.018304474454457615,0.0032932149151861777,-0.06098981439938403,-1.5151548503363923,-4.426842012543615,-0.29993200487350796,-0.11432279878057,-0.3269614364544005,0.027156890593284938
11.927582740783691,0.07122051313073031,0.053408189735714214,-0.3103896457746418,-0.01814977741353835,0.0031986011600594667,-0.060984383769570105,-1.520603341310364,-4.434226774696535,-0.2994988796590913,-0.11469881069266616,-0.3281219221036581,0.02728576363630116
11.933111429214478,0.07122051313073031,0.053408189735714214,-0.3103896457746418,-0.017968279639402965,0.003166615148458872,-0.0603745399318744,-1.520603341310364,-4.434226774696535,-0.2994988796590913,-0.1135518225857395,-0.3248407028826215,0.027012905999938146
11.94207239151001,0.07099935466946757,0.05332703993924985,-0.3121206272318224,-0.01808935390749403,0.0031572434878817768,-0.06169546283128523,-1.5260886062526897,-4.441570912186424,-0.2990532391710114,-0.11576691920171393,-0.33122992459278533,0.027623988058412846
11.948297023773193,0.07099935466946757,0.05332703993924985,-0.3121206272318224,-0.01790846036841909,0.003125671053002959,-0.06107850820297237,-1.5260886062526897,-4.441570912186424,-0.2990532391710114,-0.1146092500096968,-0.3279176253468575,0.02734774817782872
11.961114645004272,0.07070940204909368,0.05325941565449652,-0.31408284246736984,-0.01799483008524496,0.003135510424260716,-0.06199150118442915,-1.5315854094889028,-4.448912390982487,-0.2986044167025373,-0.11580161416267679,-0.33138163226872447,0.027691232113481002
11.966543912887573,0.07070940204909368,0.05325941565449652,-0.31408284246736984,-0.01781488178439251,0.003104155320018109,-0.061371586172584855,-1.5315854094889028,-4.448912390982487,-0.2986044167025373,-0.11464359802105002,-0.32806781594603723,0.02741431979234619
11.97835922241211,0.07042116049189284,0.05316825710482145,-0.31601629915786644,-0.017925775322364945,0.003097000802570237,-0.06238730207213967,-1.5370837066859542,-4.456246301135242,-0.2981557441346142,-0.1160228774914956,-0.3321017192099652,0.027807754740930172
12.00609827041626,0.070168031153893,0.05308775757404492,-0.3176696980144856,-0.017854274950976357,0.00307421226513325,-0.062356907212776085,-1.5425869252690385,-4.4635883292550425,-0.29770817842319575,-0.11593401138679742,-0.3319014936368631,0.027813387582070286
12.011973142623901,0.070168031153893,0.05308775757404492,-0.3176696980144856,-0.017675732201466593,0.0030434701424819177,-0.061733338140648325,-1.5425869252690385,-4.4635883292550425,-0.29770817842319575,-0.11477467127292944,-0.32858247870049445,0.027535253706249582
12.019649028778076,0.06994932520105392,0.05298591711047566,-0.31883585054081454,-0.01783429559169196,0.0029844354765893744,-0.0626289957283295,-1.5481045475433242,-4.4709131381206175,-0.29725672017933336,-0.1175103739861814,-0.3365635706485881,0.028286540181806374
12.037974119186401,0.06948794673930234,0.05290431253250715,-0.3205667515793726,-0.017931712082739328,0.002985851059030935,-0.06293993717268367,-1.5536592116960026,-4.478208763877554,-0.2967931467489909,-0.11797821289588824,-0.33791125244496334,0.02843674885061534
12.043089866638184,0.06948794673930234,0.05290431253250715,-0.3205667515793726,-0.017752394961911933,0.0029559925484406255,-0.062310537800956835,-1.5536592116960026,-4.478208763877554,-0.2967931467489909,-0.11679843076692935,-0.3345321399205137,0.028152381362109187
12.075929164886475,0.06840920893440394,0.05281287329732755,-0.3244859990775883,-0.017928862398208685,0.002995509283912015,-0.06287046233707753,-1.5647868796911144,-4.492773343252583,-0.2958865986608709,-0.11745060903723177,-0.33644919722772926,0.028342914503101672
12.079720973968506,0.06840920893440394,0.05281287329732755,-0.3244859990775883,-0.017749573774226597,0.002965554191072895,-0.062241757713706755,-1.5647868796911144,-4.492773343252583,-0.2958865986608709,-0.11627610294685946,-0.333084705255452,0.028059485358070655
12.101937055587769,0.06790696074270117,0.05274001570099799,-0.326161613349692,-0.01781633063686074,0.0029676052299339923,-0.06236691958953774,-1.5703555044354616,-4.500055746353347,-0.2954422395290881,-0.11645375916234545,-0.3336466044534852,0.028122295633787056
12.104909420013428,0.06790696074270117,0.05274001570099799,-0.326161613349692,-0.017638167330492133,0.0029379291776346524,-0.06174325039364236,-1.5703555044354616,-4.500055746353347,-0.2954422395290881,-0.115289221570722,-0.33031013840895035,0.027841072677449185
12.116134405136108,0.06746474850188978,0.05264415815182257,-0.32735733483223867,-0.01788635212201418,0.002926998898744922,-0.06218064549185902,-1.5759401374205215,-4.5073310484579405,-0.29499051106209906,-0.11679576034342637,-0.3347131087210909,0.02824538891655792
12.134414911270142,0.06678002054754542,0.05263843896191281,-0.3291129194934303,-0.018097236689665758,0.002989998169972359,-0.0625070027254564,-1.581560736259023,-4.514566450427579,-0.294526636843844,-0.11727837558844492,-0.3360863625633808,0.028383706828290976
12.138387203216553,0.06678002054754542,0.05263843896191281,-0.3291129194934303,-0.0179162643227691,0.0029600981882726353,-0.06188193269820183,-1.581560736259023,-4.514566450427579,-0.294526636843844,-0.11610559183256047,-0.332725498937747,0.028099869760008066
12.157711029052734,0.06601606951432257,0.05264487915351882,-0.3311050957820524,-0.018147705642017082,0.0030350270003050082,-0.062280988617477044,-1.587191944729488,-4.521797621024442,-0.2940591971296161,-0.11650296199106881,-0.3338667908037668,0.028215567143670343
12.161234855651855,0.06601606951432257,0.05264487915351882,-0.3311050957820524,-0.017966228585596912,0.003004676730301958,-0.06165817873130227,-1.587191944729488,-4.521797621024442,-0.2940591971296161,-0.11533793237115812,-0.33052812289572914,0.02793341147223364
12.174848079681396,0.06525337331021304,0.05262415320784235,-0.3330716799245517,-0.018371275546162844,0.0031026257325121923,-0.06246834214954482,-1.5928247926053147,-4.529023141931875,-0.2935905701872993,-0.11638657838973415,-0.3335670840803262,0.028213795263095955
12.179824829101562,0.06525337331021304,0.05262415320784235,-0.3330716799245517,-0.018187562790701214,0.00307159947518707,-0.06184365872804937,-1.5928247926053147,-4.529023141931875,-0.2935905701872993,-0.11522271260583682,-0.33023141323952293,0.027931657310464996
12.198593139648438,0.06453220542098914,0.05260960042380022,-0.3347597372570298,-0.018404146954729892,0.0031280971924227334,-0.06211243846587429,-1.5984639043078324,-4.536257084345272,-0.29311948456612735,-0.11566153773728523,-0.3315390049650923,0.02805708961535525
12.203943252563477,0.06453220542098914,0.05260960042380022,-0.3347597372570298,-0.018220105485182592,0.0030968162204985062,-0.061491314081215546,-1.5984639043078324,-4.536257084345272,-0.29311948456612735,-0.11450492235991237,-0.3282236149154414,0.027776518719201698
12.225545883178711,0.06385590273622462,0.052568995726470634,-0.33596031552321887,-0.01836061012751168,0.003118499783307267,-0.06142279787563592,-1.6041190960107286,-4.543473865433127,-0.2926403548567066,-0.11474710205352713,-0.3289431235297712,0.02785100814084483
12.231132984161377,0.06385590273622462,0.052568995726470634,-0.33596031552321887,-0.018177004026236565,0.0030873147854741942,-0.06080856989687956,-1.6041190960107286,-4.543473865433127,-0.2926403548567066,-0.11359963103299185,-0.32565369229447344,0.02757249805943638
12.243358135223389,0.06331254674782469,0.0518433906329313,-0.33705175380645935,-0.018550256114576412,0.0025789302075341644,-0.06109615680258032,-1.60981603965152,-4.550658167880509,-0.292143723608929,-0.11494861707201579,-0.3294569221843076,0.027929594900627533
12.247796297073364,0.06331254674782469,0.0518433906329313,-0.33705175380645935,-0.018364753553430646,0.0025531409054588227,-0.06048519523455451,-1.60981603965152,-4.550658167880509,-0.292143723608929,-0.11379913090129562,-0.32616235296246454,0.027650298951621258
12.254281044006348,0.06257700044523548,0.051365286375754646,-0.33860581338813767,-0.019469889025564204,0.0020754104567531884,-0.06226207045749367,-1.6155715499056615,-4.557792158964323,-0.2916431396480425,-0.11743550739211227,-0.33617464130243746,0.028558885936073333
12.259140253067017,0.06257700044523548,0.051365286375754646,-0.33860581338813767,-0.01927519013530856,0.0020546563521856567,-0.06163944975291873,-1.6155715499056615,-4.557792158964323,-0.2916431396480425,-0.11626115231819115,-0.33281289488941307,0.028273297076712597
12.280596733093262,0.061792610528457685,0.05104520859075167,-0.3402756346055949,-0.019483017771178585,0.0019752963890379894,-0.061794073529846616,-1.6213686696409846,-4.564901680802635,-0.29112981541168176,-0.11655699168762444,-0.33349461910638273,0.02835112475169396
12.285523653030396,0.061792610528457685,0.05104520859075167,-0.3402756346055949,-0.0192881875934668,0.0019555434251476095,-0.06117613279454815,-1.6213686696409846,-4.564901680802635,-0.29112981541168176,-0.1153914217707482,-0.3301596729153189,0.028067613504177018
12.293663263320923,0.06101982609778068,0.05079712367722508,-0.3417882946309267,-0.020118006705293075,0.0018588364442857633,-0.06240197213478148,-1.6271972142871882,-4.571979033504414,-0.29059622370040833,-0.11811660057508663,-0.3374092935183114,0.028752477632746326
12.296736240386963,0.06101982609778068,0.05079712367722508,-0.3417882946309267,-0.019916826638240143,0.0018402480798429058,-0.06177795241343366,-1.6271972142871882,-4.571979033504414,-0.29059622370040833,-0.11693543456933576,-0.3340352005831283,0.02846495285641886
12.321996688842773,0.06030451974624762,0.050614502187518624,-0.342910478354789,-0.02001711735335082,0.0018134425825509942,-0.061597840938587334,-1.6330565778920472,-4.579025406363834,-0.2900324529484923,-0.11702837374255733,-0.3340883342440825,0.02850027022257236
12.327867984771729,0.06030451974624762,0.050614502187518624,-0.342910478354789,-0.01981694617981731,0.0017953081567254842,-0.06098186252920146,-1.6330565778920472,-4.579025406363834,-0.2900324529484923,-0.11585809000513175,-0.3307474509016417,0.028215267520346636
12.339351177215576,0.05937527122727579,0.0505722572187599,-0.3446198365697121,-0.020450291122608297,0.0019269261378682704,-0.061837070589525873,-1.638952016815648,-4.586016036639167,-0.2894394113530275,-0.11751056904930915,-0.3348740471039516,0.02865220113354743
12.34372878074646,0.05937527122727579,0.0505722572187599,-0.3446198365697121,-0.020245788211382214,0.0019076568764895877,-0.061218699883630615,-1.638952016815648,-4.586016036639167,-0.2894394113530275,-0.11633546335881606,-0.3315253066329121,0.028365679122211954
12.373345851898193,0.05747257091505306,0.05058507502761555,-0.3485469953751675,-0.02070070230699679,0.0020448475634720032,-0.061912835878778945,-1.650767093011453,-4.59997598430531,-0.28822872976099834,-0.11733943023611648,-0.33397998044289573,0.02863790316567852
12.376775026321411,0.05747257091505306,0.05058507502761555,-0.3485469953751675,-0.020493695283926822,0.002024399087837283,-0.06129370751999116,-1.650767093011453,-4.59997598430531,-0.28822872976099834,-0.11616603593375531,-0.3306401806384668,0.028351524134021734
12.401005506515503,0.05663918583423802,0.05061320917073608,-0.3502438828735117,-0.020638805170237508,0.002096625485876156,-0.06137036870611567,-1.6566753232828964,-4.606977699472843,-0.28762674115754344,-0.1163199626422347,-0.33087119202920084,0.02840440701107642
12.405171394348145,0.05663918583423802,0.05061320917073608,-0.3502438828735117,-0.02043241711853513,0.0020756592310173945,-0.06075666501905451,-1.6566753232828964,-4.606977699472843,-0.28762674115754344,-0.11515676301581235,-0.3275624801089088,0.028120362940965656
12.417397737503052,0.05591130007269842,0.05062449632950119,-0.35145331147385855,-0.02083097469648315,0.0021974270742982633,-0.06112027580985491,-1.66259201829625,-4.613985718781332,-0.2870255460246599,-0.11660846322584066,-0.33130828466173123,0.028500854077625502
12.422245264053345,0.05591130007269842,0.05062449632950119,-0.35145331147385855,-0.02062266494951832,0.0021754528035552805,-0.06050907305175636,-1.66259201829625,-4.613985718781332,-0.2870255460246599,-0.11544237859358225,-0.32799520181511393,0.028215845536849245
12.434370279312134,0.05499407437208264,0.050643577303489555,-0.3532076402337788,-0.02118584646002835,0.002344539896029693,-0.06132772067433632,-1.6685427340734933,-4.621000130567698,-0.28642519435076946,-0.11692473135640591,-0.331815271677549,0.028593878409044003
12.440039873123169,0.05499407437208264,0.050643577303489555,-0.3532076402337788,-0.020973987995428066,0.0023210944970693957,-0.06071444346759296,-1.6685427340734933,-4.621000130567698,-0.28642519435076946,-0.11575548404284185,-0.3284971189607735,0.028307939624953562
12.453239679336548,0.054063348948199086,0.05067260420303273,-0.35519219162904475,-0.021483403920047498,0.0024876131294977255,-0.06158894192563941,-1.6744954505100056,-4.628020630887753,-0.28584076230350847,-0.11700593210904196,-0.33174478921238254,0.02861432225803971
12.456507682800293,0.054063348948199086,0.05067260420303273,-0.35519219162904475,-0.02126856988084702,0.0024627369982027484,-0.06097305250638301,-1.6744954505100056,-4.628020630887753,-0.28584076230350847,-0.11583587278795154,-0.3284273413202587,0.02832817903545931
12.482128620147705,0.053206136480862004,0.050706640517560915,-0.35715929140592806,-0.021397760566363833,0.0025325465448671003,-0.06112064257712278,-1.6804485315453512,-4.635072906218978,-0.2852736511484368,-0.1159067931911013,-0.32852329731337426,0.028340139906290543
12.491713523864746,0.053206136480862004,0.050706640517560915,-0.35715929140592806,-0.021183782960700195,0.0025072210794184293,-0.060509436151351556,-1.6804485315453512,-4.635072906218978,-0.2852736511484368,-0.11474772525919028,-0.3252380643402405,0.028056738507227636
12.498369693756104,0.052462677052372064,0.05067945451945414,-0.35886254542848517,-0.022128092151649268,0.002713959600800309,-0.062430429975223974,-1.68639820082835,-4.642145932056385,-0.2847189355296188,-0.11829262831212516,-0.33503386695351545,0.028888286424716414
12.50383710861206,0.052462677052372064,0.05067945451945414,-0.35886254542848517,-0.021906811230132776,0.002686820004792306,-0.06180612567547173,-1.68639820082835,-4.642145932056385,-0.2847189355296188,-0.1171097020290039,-0.3316835282839803,0.02859940356046925
12.524072647094727,0.051859720679986676,0.050607854094528434,-0.3600957940691773,-0.021998883708855117,0.0026957242523203383,-0.0617893980553812,-1.6923566331040887,-4.649239512388439,-0.28416410850801777,-0.11747716660522244,-0.332671827057754,0.02867769810839266
12.528908967971802,0.051859720679986676,0.050607854094528434,-0.3600957940691773,-0.021778894871766565,0.0026687670097971347,-0.06117150407482739,-1.6923566331040887,-4.649239512388439,-0.28416410850801777,-0.1163023949391702,-0.32934510878717643,0.028390921127308733
12.541577339172363,0.051062005813609986,0.05061247098945155,-0.36191661114834717,-0.022207833711569338,0.002798668634679752,-0.06197806983548667,-1.698333858660897,-4.656309761780928,-0.28360237279525374,-0.11760488443033197,-0.3329211362708008,0.028688073500667127
12.546233892440796,0.051062005813609986,0.05061247098945155,-0.36191661114834717,-0.021985755374453644,0.002770681948332955,-0.0613582891371318,-1.698333858660897,-4.656309761780928,-0.28360237279525374,-0.11642883558602865,-0.32959192490809275,0.028401192765660457
12.5678391456604,0.050241909365110575,0.05062358325906967,-0.3640086555351331,-0.02215739796950513,0.002843137509690863,-0.061701421852930434,-1.7043006291829006,-4.663394697732661,-0.2830414499685495,-0.1166947095730898,-0.33033188982342926,0.028455366475577348
12.57596230506897,0.050241909365110575,0.05062358325906967,-0.3640086555351331,-0.02193582398981008,0.002814706134593954,-0.06108440763440113,-1.7043006291829006,-4.663394697732661,-0.2830414499685495,-0.11552776247735891,-0.32702857092519494,0.028170812810821573
12.58960771560669,0.04948636510138131,0.05059603902096449,-0.3661130825340277,-0.022295297731390728,0.0029092287520649652,-0.06199941527358155,-1.7102393675734373,-4.670487850561955,-0.2824820255993146,-0.1166018890393577,-0.3301518688048993,0.02842080733536728
12.594975471496582,0.04948636510138131,0.05059603902096449,-0.3661130825340277,-0.02207234475407682,0.0028801364645443155,-0.06137942112084573,-1.7102393675734373,-4.670487850561955,-0.2824820255993146,-0.11543587014896411,-0.32685035011685026,0.028136599262013607
12.610418319702148,0.04884606258300451,0.050540126282407685,-0.3679703597284593,-0.02228987475251329,0.0029239085667686427,-0.06195648278553475,-1.7161501796873064,-4.677608363600796,-0.28192323164294253,-0.11621755085749261,-0.3292452017205278,0.028323610490350145
12.615222454071045,0.04884606258300451,0.050540126282407685,-0.3679703597284593,-0.022066976004988154,0.0028946694811009563,-0.0613369179576794,-1.7161501796873064,-4.677608363600796,-0.28192323164294253,-0.11505537534891767,-0.3259527497033225,0.028040374385446643
12.629568815231323,0.04833605376404023,0.05045827368041801,-0.3693676017164655,-0.022225490941102502,0.0029009810972182195,-0.06168796085973043,-1.7220329816503512,-4.684725844529926,-0.2813594744822101,-0.11596293944038133,-0.3287834046401684,0.02826597836895612
12.633853673934937,0.04833605376404023,0.05045827368041801,-0.3693676017164655,-0.022003236031691478,0.0028719712862460374,-0.06107108125113313,-1.7220329816503512,-4.684725844529926,-0.2813594744822101,-0.11480331004597752,-0.3254955705937667,0.027983318585266558
12.648204565048218,0.04768417615533648,0.050414175214094366,-0.3712982334848482,-0.022262148282264957,0.002932241885102724,-0.061792572633116875,-1.7279094002857975,-4.691830674388261,-0.2807800923701082,-0.1157004912407728,-0.3283229201491555,0.02821679695355371
12.652896881103516,0.04768417615533648,0.050414175214094366,-0.3712982334848482,-0.022039526799442308,0.002902919466251697,-0.06117464690678571,-1.7279094002857975,-4.691830674388261,-0.2807800923701082,-0.11454348632836506,-0.32503969094766394,0.027934628984018172
12.666707515716553,0.04705191758979634,0.050381080312813645,-0.37344634599510323,-0.022304846624129106,0.0029757580195593045,-0.062104825096818285,-1.7337481184240904,-4.6989375289054625,-0.2801973887947325,-0.1154837397674411,-0.3281056922635259,0.028189180092213693
12.686784267425537,0.04651874721457437,0.05036064853957368,-0.3755537015226537,-0.022366051628340208,0.0030126244096342065,-0.06252543122711517,-1.7395479131360325,-4.706070357499323,-0.2796108123548839,-0.11573174273944248,-0.3291776545438522,0.028276208501513588
12.691986799240112,0.04651874721457437,0.05036064853957368,-0.3755537015226537,-0.022142391112056806,0.0029824981655378643,-0.061900176914844014,-1.7395479131360325,-4.706070357499323,-0.2796108123548839,-0.11457442531204805,-0.3258858779984137,0.027993446416498452
12.713106155395508,0.046123756296932265,0.050325569481216297,-0.37736810060234544,-0.02212551023944312,0.002993513428279907,-0.06213476428442849,-1.7453105537119693,-4.713216914246681,-0.27901561717604756,-0.11473619642686539,-0.32676707158298124,0.02806818764406075
12.717130184173584,0.046123756296932265,0.050325569481216297,-0.37736810060234544,-0.02190425513704869,0.002963578293997108,-0.061513416641584204,-1.7453105537119693,-4.713216914246681,-0.27901561717604756,-0.11358883446259674,-0.3234994008671514,0.02778750576762014
12.737325429916382,0.04588229353960724,0.05026338889919462,-0.3786877201982125,-0.021822011129763823,0.0029430698925220523,-0.06154849983892478,-1.7510572140296976,-4.7203721556839495,-0.2783958155749913,-0.11380629255526938,-0.32459640517842037,0.027892613093096444
12.741865158081055,0.04588229353960724,0.05026338889919462,-0.3786877201982125,-0.021603791018466184,0.0029136391935968317,-0.06093301484053554,-1.7510572140296976,-4.7203721556839495,-0.2783958155749913,-0.11266822962971668,-0.32135044112663613,0.027613686962165478
12.752738952636719,0.045499814048088706,0.050300698229655307,-0.38056030590645223,-0.021762338946463348,0.003028087721376803,-0.062034069111821764,-1.756815081183697,-4.72749104800217,-0.277747878376075,-0.11406326711238625,-0.32615937247397336,0.02806997697207331
12.760087490081787,0.045499814048088706,0.050300698229655307,-0.38056030590645223,-0.021544715556998714,0.002997806844163035,-0.06141372842070355,-1.756815081183697,-4.72749104800217,-0.277747878376075,-0.11292263444126238,-0.32289777874923364,0.027789277202352577
12.76990032196045,0.04512329761499041,0.05034656695323124,-0.3826614755964113,-0.021741819060650747,0.0031402951158985325,-0.06292768478003306,-1.762571283307895,-4.7346156205208825,-0.2770789874757461,-0.11456647170600165,-0.3285687457803034,0.02834204547073872
12.77387261390686,0.04512329761499041,0.05034656695323124,-0.3826614755964113,-0.02152440087004424,0.0031088921647395473,-0.062298407932232736,-1.762571283307895,-4.7346156205208825,-0.2770789874757461,-0.11342080698894164,-0.3252830583225003,0.028058625016031333
12.812433242797852,0.04463103576775559,0.05033372093531552,-0.3865208527937619,-0.021456289289349884,0.0031241237458765917,-0.06267205658669292,-1.7740833212254439,-4.748859853648335,-0.275694319509719,-0.11368145414480965,-0.3265638616561274,0.028211448378299052
12.837954998016357,0.04463103576775559,0.05033372093531552,-0.3865208527937619,-0.021241726396456384,0.003092882508417826,-0.06204533602082599,-1.7740833212254439,-4.748859853648335,-0.275694319509719,-0.11254463960336156,-0.3232982230395661,0.027929333894516063
12.842054843902588,0.044340667640229814,0.050562435170184536,-0.3883300285612243,-0.021710088401081212,0.003852116308558003,-0.06580427011827616,-1.7798687292236788,-4.7559591111708714,-0.27496900332019664,-0.11803216409064035,-0.3413709461436699,0.0297558600518861
12.84792709350586,0.044340667640229814,0.050562435170184536,-0.3883300285612243,-0.0214929875170704,0.003813595145472423,-0.0651462274170934,-1.7798687292236788,-4.7559591111708714,-0.27496900332019664,-0.11685184244973394,-0.3379572366822332,0.02945830145136724
12.852984428405762,0.04393778390492947,0.05069936348244496,-0.39054332013923465,-0.022099150582252376,0.004301754680587539,-0.06884071321868761,-1.7856924589908776,-4.763037989224032,-0.27419826925317903,-0.12109633614883604,-0.3518508344614467,0.03094898514462126
12.85746693611145,0.04393778390492947,0.05069936348244496,-0.39054332013923465,-0.021878159076429853,0.004258737133781664,-0.06815230608650073,-1.7856924589908776,-4.763037989224032,-0.27419826925317903,-0.11988537278734768,-0.34833232611683224,0.03063949529317505
12.870943069458008,0.043545458633702586,0.05078452204086781,-0.39289214463810385,-0.02196945821660662,0.004377234079758072,-0.06920317033095508,-1.7915276527549695,-4.770103584147605,-0.27342096932060306,-0.12071449464678286,-0.35133029602039306,0.031004986687595736
12.874273538589478,0.043545458633702586,0.05078452204086781,-0.39289214463810385,-0.021749763634440554,0.004333461738960492,-0.06851113862764553,-1.7915276527549695,-4.770103584147605,-0.27342096932060306,-0.11950734970031503,-0.34781699306018915,0.03069493682071978
12.892545461654663,0.0432211200414984,0.05083974070101992,-0.39512067921517363,-0.021726384150215872,0.004384147495502975,-0.06903927822468249,-1.7973727413081397,-4.777181968195023,-0.2726463371999458,-0.11979948147645247,-0.34913103813991164,0.030881019594896333
12.897206544876099,0.0432211200414984,0.05083974070101992,-0.39512067921517363,-0.021509120308713714,0.004340306020547946,-0.06834888544243567,-1.7973727413081397,-4.777181968195023,-0.2726463371999458,-0.11860148666168795,-0.34563972775851254,0.030572209398947368
12.907007932662964,0.04297529635142656,0.05081999956527114,-0.39699210590194894,-0.021584654172743602,0.0043731514409833016,-0.06956670778256327,-1.803226201120304,-4.78425155807629,-0.27187366458147305,-0.1201823049744476,-0.3511175208740987,0.031181437712438816
12.935691118240356,0.042735599201581945,0.050985877120281194,-0.3988574310404815,-0.021453274587469994,0.004418016269266872,-0.06951752214673108,-1.8091055874331754,-4.7913065356127635,-0.27108537113122366,-0.11993085190559408,-0.35065975365669516,0.031186342417068014
12.942461013793945,0.042735599201581945,0.050985877120281194,-0.3988574310404815,-0.021238741841595295,0.004373836106574203,-0.06882234692526377,-1.8091055874331754,-4.7913065356127635,-0.27108537113122366,-0.11873154338653813,-0.3471531561201282,0.030874478992897334
12.954642295837402,0.04228121439623288,0.05114899070849096,-0.40105809663381825,-0.021403310827458374,0.004577842021799446,-0.06992660276810318,-1.8150171339746688,-4.798325558854594,-0.27027007947512627,-0.11980320604773546,-0.3508591981973352,0.03132798525156804
12.962526559829712,0.04228121439623288,0.05114899070849096,-0.40105809663381825,-0.021189277719183792,0.0045320636015814516,-0.06922733674042215,-1.8150171339746688,-4.798325558854594,-0.27027007947512627,-0.1186051739872581,-0.34735060621536185,0.03101470539905236
12.976251363754272,0.04175164346926175,0.05127976803251764,-0.4033372323050356,-0.02137111810139649,0.004695900637868036,-0.07018198303277802,-1.8209419519907373,-4.805339850856852,-0.2694458395641449,-0.1194200381014184,-0.3502528063663665,0.0313840077304115
12.980974674224854,0.04175164346926175,0.05127976803251764,-0.4033372323050356,-0.021157406920382524,0.004648941631489356,-0.06948016320245023,-1.8209419519907373,-4.805339850856852,-0.2694458395641449,-0.11822583772040421,-0.34675027830270283,0.031070167653107387
12.991785526275635,0.04121580623204992,0.051378716574806374,-0.40544634393138806,-0.021453551276270647,0.004836724239798285,-0.07071940210251508,-1.8268682569943544,-4.81234235647289,-0.2686197143848047,-0.11957224794290316,-0.35137325516974177,0.03161940649122775
12.996687173843384,0.04121580623204992,0.051378716574806374,-0.40544634393138806,-0.02123901576350794,0.004788356997400302,-0.07001220808148993,-1.8268682569943544,-4.81234235647289,-0.2686197143848047,-0.11837652546347413,-0.34785952261804437,0.03130321242631547
13.01806902885437,0.04071122163349493,0.051487529835477185,-0.40716389961898664,-0.021264018527328874,0.0048561433858734775,-0.07010730465816556,-1.8327985153203195,-4.819326826416416,-0.26779278178231347,-0.11846923303641735,-0.34846693549514146,0.031422984095143346
13.024612426757812,0.04071122163349493,0.051487529835477185,-0.40716389961898664,-0.021051378342055584,0.004807581952014743,-0.06940623161158391,-1.8327985153203195,-4.819326826416416,-0.26779278178231347,-0.11728454070605318,-0.34498226614019006,0.031108754254191913
13.029483556747437,0.040578795692671844,0.051211419402055335,-0.4083988688623133,-0.021276496732673244,0.004322526434789619,-0.07124742472305942,-1.8387467685041785,-4.826274210385761,-0.2669666647242294,-0.12175600145481182,-0.3594198897544254,0.03269153805446254
13.033381223678589,0.040578795692671844,0.051211419402055335,-0.4083988688623133,-0.02106373176534651,0.004279301170441723,-0.07053495047582882,-1.8387467685041785,-4.826274210385761,-0.2669666647242294,-0.1205384414402637,-0.35582569085688115,0.03236462267391791
13.05557894706726,0.040143681899329736,0.05107908886227874,-0.4101564887156448,-0.021073446555886097,0.004236525314494175,-0.07061635077419294,-1.8447295349632493,-4.833162805285552,-0.266155549815399,-0.12058900991852821,-0.35617716399400146,0.032446816908267936
13.060802698135376,0.040143681899329736,0.05107908886227874,-0.4101564887156448,-0.020862712090327237,0.004194160061349234,-0.06991018726645101,-1.8447295349632493,-4.833162805285552,-0.266155549815399,-0.11938311981934292,-0.3526153923540614,0.03212234873918526
13.070486068725586,0.03959438892821679,0.05106611351029981,-0.41210369335765057,-0.021253138600492216,0.004300426737414249,-0.07120496827497157,-1.8507237308213984,-4.840015217225998,-0.26535133541084804,-0.12107598874722486,-0.35802851625534227,0.032718201010404
13.094011306762695,0.0390218933314945,0.0511763834331557,-0.41397408057480706,-0.02128533635126849,0.00437058463634569,-0.07127990056377746,-1.8567205880125892,-4.8468334185582815,-0.26454983191475956,-0.12105328937223721,-0.3581173983432192,0.032764711324001584
13.099555969238281,0.0390218933314945,0.0511763834331557,-0.41397408057480706,-0.021072482987755804,0.004326878789982233,-0.07056710155813968,-1.8567205880125892,-4.8468334185582815,-0.26454983191475956,-0.11984275647851483,-0.354536224359787,0.03243706421076157
13.130483150482178,0.03850872888700723,0.05161472044891104,-0.4174864139147919,-0.021019532129225516,0.004480888605397919,-0.07098948171366724,-1.8687410680876082,-4.860349843706256,-0.2629279754164979,-0.12045612223823858,-0.3565474230726867,0.032681846433688135
13.133469820022583,0.03850872888700723,0.05161472044891104,-0.4174864139147919,-0.02080933680793326,0.00443607971934394,-0.07027958689653058,-1.8687410680876082,-4.860349843706256,-0.2629279754164979,-0.1192515610158562,-0.3529819488419598,0.032355027969351254
13.148010015487671,0.03818553625905865,0.051914011928537826,-0.4196871778137627,-0.02080905898914755,0.004671312198754095,-0.07107991778564456,-1.8747202173135586,-4.8670659708465696,-0.26212366730016645,-0.11996492236655977,-0.3553309869212788,0.03262953943549816
13.167031049728394,0.03767926926593237,0.05218076284941577,-0.4219403140062664,-0.020857356761439055,0.004842192971598785,-0.07154322007328598,-1.8806629491777271,-4.873778751708596,-0.26132282249906463,-0.12019520060541805,-0.3562657392708257,0.03275699309333668
13.172274589538574,0.03767926926593237,0.05218076284941577,-0.4219403140062664,-0.020648783193824665,0.004793771041882797,-0.07082778787255312,-1.8806629491777271,-4.873778751708596,-0.26132282249906463,-0.11899324859936387,-0.35270308187811744,0.03242942316240331
13.189165115356445,0.037060752626299154,0.05239120601096506,-0.4240228311208647,-0.02080003645250336,0.004970061128391731,-0.07133939703543785,-1.8865833624253092,-4.880503223914044,-0.26052257886712893,-0.11938812798025421,-0.3542347571827579,0.03261362305258033
13.192343711853027,0.037060752626299154,0.05239120601096506,-0.4240228311208647,-0.020592036087978324,0.0049203605171078135,-0.07062600306508347,-1.8865833624253092,-4.880503223914044,-0.26052257886712893,-0.11819424670045166,-0.3506924096109303,0.032287486822054526
13.209157943725586,0.036372960774616776,0.05255976750925194,-0.425728825677089,-0.020785386534175047,0.005075912493461138,-0.07092060373710364,-1.8924968367075148,-4.887233427478025,-0.2597174583328169,-0.1185905518748673,-0.35227154092662144,0.032475329763723276
13.213827848434448,0.036372960774616776,0.05255976750925194,-0.425728825677089,-0.020577532668833297,0.005025153368526527,-0.0702113976997326,-1.8924968367075148,-4.887233427478025,-0.2597174583328169,-0.11740464635611864,-0.3487488255173552,0.032150576466086045
13.22826075553894,0.035631603002347606,0.05264971744467554,-0.4268965835862447,-0.020875569083496533,0.0051603216153130365,-0.07030235672536632,-1.8984316377127988,-4.893950530398018,-0.2588983390823793,-0.1180799119214077,-0.35118679246240636,0.03242865697069588
13.23135495185852,0.035631603002347606,0.05264971744467554,-0.4268965835862447,-0.020666813392661566,0.0051087183991599065,-0.06959933315811266,-1.8984316377127988,-4.893950530398018,-0.2588983390823793,-0.11689911280219362,-0.3476749245377823,0.032104370400988916
13.24919843673706,0.03460802573287865,0.05272953994858221,-0.428642795329772,-0.021029713691638537,0.00524218379999821,-0.0698644107032576,-1.904420202942157,-4.900624852740536,-0.2580589483434508,-0.11725535595503053,-0.34898464654396294,0.03227289944291393
13.253798484802246,0.03460802573287865,0.05272953994858221,-0.428642795329772,-0.02081941655472215,0.005189761961998228,-0.06916576659622503,-1.904420202942157,-4.900624852740536,-0.2580589483434508,-0.11608280239548023,-0.3454948000785233,0.03195017044848479
13.26237416267395,0.03345644476200258,0.0527745833647795,-0.4306406862589953,-0.02195626787394863,0.0055200891088887484,-0.07076351990495178,-1.9104529708230322,-4.907279266164378,-0.2572166826506973,-0.11813177045832042,-0.35200698392450336,0.03263945844201044
13.290141344070435,0.032250847589695646,0.05274419639840885,-0.43263408130716996,-0.02217661853737955,0.005560693734160414,-0.07076116910247192,-1.916527534916936,-4.913907740931683,-0.25637395134032076,-0.11795301780375031,-0.3515653636585908,0.032620629743579294
13.294370651245117,0.032250847589695646,0.05274419639840885,-0.43263408130716996,-0.021954852352005755,0.00550508679681881,-0.0700535574114472,-1.916527534916936,-4.913907740931683,-0.25637395134032076,-0.11677348762571281,-0.3480497100220049,0.0322944234461435
13.307306051254272,0.031043298600666458,0.05260077170711028,-0.434377220339742,-0.022694995803921255,0.005567555533585144,-0.07067475375572907,-1.9226469784253328,-4.920503152193948,-0.2555297750514475,-0.11778812311448901,-0.3511733587710197,0.032623915377626066
13.310491561889648,0.031043298600666458,0.05260077170711028,-0.434377220339742,-0.022468045845882044,0.005511879978249292,-0.06996800621817177,-1.9226469784253328,-4.920503152193948,-0.2555297750514475,-0.11661024188334412,-0.3476616251833095,0.032297676223849804
13.325462341308594,0.029862707037299055,0.052377624998116996,-0.43566628131011886,-0.023059266507146865,0.00549711246589778,-0.07010843534637237,-1.9288172649437283,-4.927042240400968,-0.254682585892487,-0.1173687392102915,-0.34987456131019395,0.03253229014129269
13.32949948310852,0.029862707037299055,0.052377624998116996,-0.43566628131011886,-0.022828673842075396,0.005442141341238802,-0.06940735099290865,-1.9288172649437283,-4.927042240400968,-0.254682585892487,-0.1161950518181886,-0.346375815697092,0.032206967239879765
13.342308282852173,0.028452513618895843,0.05219849535187323,-0.4374785046543547,-0.023729705521762214,0.005514098721985172,-0.0700981125547295,-1.9350515939048916,-4.933500133191833,-0.25382698612993326,-0.11734237154835864,-0.34953060111434886,0.032531102256234685
13.345605373382568,0.028452513618895843,0.05219849535187323,-0.4374785046543547,-0.02349240846654459,0.005458957734765321,-0.0693971314291822,-1.9350515939048916,-4.933500133191833,-0.25382698612993326,-0.11616894783287506,-0.34603529510320535,0.032205791233672336
13.36536192893982,0.026991245674026467,0.0519827738690025,-0.4394841728745509,-0.02402087260314019,0.0054756817181349955,-0.06969840955724316,-1.9413299708330551,-4.939916791910352,-0.2529721824371305,-0.1165244531442357,-0.34686015907796,0.03229569371590097
13.380187511444092,0.026991245674026467,0.0519827738690025,-0.4394841728745509,-0.023780663877108785,0.005420924900953646,-0.06900142546167072,-1.9413299708330551,-4.939916791910352,-0.2529721824371305,-0.11535920861279335,-0.34339155748718037,0.03197273677874196
13.388244867324829,0.025571059666721005,0.051695080725052224,-0.4414192279771353,-0.025382312769735096,0.005442653352047867,-0.07066663675111948,-1.94763760079977,-4.946290419876977,-0.2521214687717799,-0.11795979090874241,-0.35044081947453337,0.03264353919387316
13.393102645874023,0.025571059666721005,0.051695080725052224,-0.4414192279771353,-0.025128489642037746,0.0053882268185273885,-0.06995997038360828,-1.94763760079977,-4.946290419876977,-0.2521214687717799,-0.11678019299965499,-0.346936411279788,0.03231710380193443
13.404441595077515,0.024255869685732085,0.05137293399530245,-0.4430251403341447,-0.026094315802745665,0.005334110349368555,-0.07064679339781668,-1.9539775340700014,-4.952639278181953,-0.2512749426943643,-0.11830233783520051,-0.3509139894793191,0.03268507981085807
13.409473896026611,0.024255869685732085,0.05137293399530245,-0.4430251403341447,-0.02583337264471821,0.005280769245874869,-0.06994032546383852,-1.9539775340700014,-4.952639278181953,-0.2512749426943643,-0.1171193144568485,-0.34740484958452594,0.032358229012749484
13.426016569137573,0.023067241916784754,0.051006474118887035,-0.4440925749704007,-0.026333409179362256,0.005180147446835412,-0.06986826187351071,-1.960351357024613,-4.958938930455927,-0.2504257178358663,-0.11781737208486084,-0.3490196397655358,0.03250394204214109
13.43063998222351,0.023067241916784754,0.051006474118887035,-0.4440925749704007,-0.026070075087568634,0.005128345972367058,-0.0691695792547756,-1.960351357024613,-4.958938930455927,-0.2504257178358663,-0.11663919836401224,-0.34552944336788044,0.03217890262171968
13.444936037063599,0.021791041761248266,0.05074943341805445,-0.4455920261439607,-0.026736410458797107,0.005113716063162147,-0.0695037153723578,-1.9667730193429642,-4.9651810796042675,-0.24956622869759226,-0.11767438235707894,-0.34794467649340083,0.032399011725582114
13.447800636291504,0.021791041761248266,0.05074943341805445,-0.4455920261439607,-0.026469046354209134,0.005062578902530526,-0.06880867821863422,-1.9667730193429642,-4.9651810796042675,-0.24956622869759226,-0.11649763853350815,-0.3444652297284668,0.032075021608326294
13.485247611999512,0.019533293050532315,0.050421271589772096,-0.4487594813405321,-0.02682615406453682,0.005071402048995228,-0.06895067624326205,-1.9797023713304442,-4.977594404160031,-0.24783072868948744,-0.11702799972063686,-0.3455020110791817,0.03216315294353148
13.488367080688477,0.019533293050532315,0.050421271589772096,-0.4487594813405321,-0.026557892523891454,0.005020688028505276,-0.06826116948082943,-1.9797023713304442,-4.977594404160031,-0.24783072868948744,-0.1158577197234305,-0.3420469909683899,0.031841521414096165
13.508684635162354,0.01866284271869455,0.050279130696903,-0.44996680439369174,-0.026735613879918445,0.005005211106615525,-0.06816168639377795,-1.986211965801111,-4.983787469483083,-0.24694346100451264,-0.11627957353203949,-0.3427620849709651,0.03190563350010302
13.51408839225769,0.01866284271869455,0.050279130696903,-0.44996680439369174,-0.02646825774111926,0.00495515899554937,-0.06748006952984018,-1.986211965801111,-4.983787469483083,-0.24694346100451264,-0.1151167777967191,-0.33933446412125545,0.031586577165101985
13.532080888748169,0.017990607677235104,0.05017011764702464,-0.4506766983653484,-0.02658716220954104,0.004934711420133593,-0.0671902210843711,-1.9927585907082401,-4.989966451658453,-0.24603054424718432,-0.11576943124707376,-0.34061448390745097,0.031713392815410225
13.53640627861023,0.017990607677235104,0.05017011764702464,-0.4506766983653484,-0.026321290587445628,0.0048853643059322575,-0.0665183188735274,-1.9927585907082401,-4.989966451658453,-0.24603054424718432,-0.11461173693460301,-0.33720833906837644,0.031396258887256126
