Time (seconds),Orientation X,Orientation Y,Orientation Z,Angular Velocity X,Angular Velocity Y,Angular Velocity Z,Position X,Position Y,Position Z,Linear Velocity X,Linear Velocity Y,Linear Velocity Z
0.007327556610107422,1.1102230246251565e-15,-1.176045787789356e-19,-4.708501027428498e-25,0.0,0.0,0.0,-3.1916048363251135e-17,-2.3186192848712483e-12,2.0469758421194497e-06,0.0,0.0,0.0
0.013094902038574219,1.1102230246251565e-15,-1.176045787789356e-19,-4.708501027428498e-25,0.0,0.0,0.0,-3.1916048363251135e-17,-2.3186192848712483e-12,2.0469758421194497e-06,0.0,0.0,0.0
0.027636289596557617,1.1102230246251565e-15,-1.176045787789356e-19,-4.708501027428498e-25,0.0,0.0,0.0,-3.1916048363251135e-17,-2.3186192848712483e-12,2.0469758421194497e-06,0.0,0.0,0.0
0.032891035079956055,1.1102230246251565e-15,-1.176045787789356e-19,-4.708501027428498e-25,0.0,0.0,0.0,-3.1916048363251135e-17,-2.3186192848712483e-12,2.0469758421194497e-06,0.0,0.0,0.0
0.04678177833557129,1.1102230246251565e-15,-1.176045787789356e-19,-4.708501027428498e-25,0.0,0.0,0.0,-3.1916048363251135e-17,-2.3186192848712483e-12,2.0469758421194497e-06,0.0,0.0,0.0
0.051779747009277344,1.1102230246251565e-15,-1.176045787789356e-19,-4.708501027428498e-25,0.0,0.0,0.0,-3.1916048363251135e-17,-2.3186192848712483e-12,2.0469758421194497e-06,0.0,0.0,0.0
0.07030391693115234,1.1102230246251565e-15,-1.176045787789356e-19,-4.708501027428498e-25,0.0,0.0,0.0,-3.1916048363251135e-17,-2.3186192848712483e-12,2.0469758421194497e-06,0.0,0.0,0.0
0.07565712928771973,1.1102230246251565e-15,-1.176045787789356e-19,-4.708501027428498e-25,0.0,0.0,0.0,-3.1916048363251135e-17,-2.3186192848712483e-12,2.0469758421194497e-06,0.0,0.0,0.0
0.08708882331848145,1.1102230246251565e-15,-1.176045787789356e-19,-4.708501027428498e-25,0.0,0.0,0.0,-3.1916048363251135e-17,-2.3186192848712483e-12,2.0469758421194497e-06,0.0,0.0,0.0
0.0903627872467041,1.1102230246251565e-15,-1.176045787789356e-19,-4.708501027428498e-25,0.0,0.0,0.0,-3.1916048363251135e-17,-2.3186192848712483e-12,2.0469758421194497e-06,0.0,0.0,0.0
0.10695362091064453,1.1102230246251565e-15,-1.176045787789356e-19,-4.708501027428498e-25,0.0,0.0,0.0,-3.1916048363251135e-17,-2.3186192848712483e-12,2.0469758421194497e-06,0.0,0.0,0.0
0.11130833625793457,1.1102230246251565e-15,-1.176045787789356e-19,-4.708501027428498e-25,0.0,0.0,0.0,-3.1916048363251135e-17,-2.3186192848712483e-12,2.0469758421194497e-06,0.0,0.0,0.0
0.1285717487335205,9.99200722162641e-16,-1.9553732667309454e-19,-9.79921240709984e-25,-6.431075120259342e-17,-4.514330408566214e-20,-2.9488442029457186e-25,-2.147782569256167e-17,-3.3730029242188817e-12,3.148662027211724e-06,6.046442382623981e-18,-6.107620030153053e-13,6.38162464489734e-07
0.13178300857543945,9.99200722162641e-16,-1.9553732667309454e-19,-9.79921240709984e-25,-6.366764369056749e-17,-4.469187104480552e-20,-2.9193557609162615e-25,-2.147782569256167e-17,-3.3730029242188817e-12,3.148662027211724e-06,5.985977958797741e-18,-6.046543829851523e-13,6.317808398448367e-07
0.14836859703063965,9.99200722162641e-16,-1.9553732667309454e-19,-9.79921240709984e-25,-6.303096725366181e-17,-4.424495233435746e-20,-2.890162203307099e-25,-2.147782569256167e-17,-3.3730029242188817e-12,3.148662027211724e-06,5.9261181792097636e-18,-5.986078391553008e-13,6.254630314463883e-07
0.15179681777954102,9.99200722162641e-16,-1.9553732667309454e-19,-9.79921240709984e-25,-6.240065758112519e-17,-4.380250281101389e-20,-2.861260581274028e-25,-2.147782569256167e-17,-3.3730029242188817e-12,3.148662027211724e-06,5.8668569974176655e-18,-5.926217607637478e-13,6.192084011319244e-07
0.17290759086608887,9.99200722162641e-16,-1.9553732667309454e-19,-9.79921240709984e-25,-6.177665100531394e-17,-4.336447778290375e-20,-2.8326479754612877e-25,-2.147782569256167e-17,-3.3730029242188817e-12,3.148662027211724e-06,5.808188427443489e-18,-5.866955431561102e-13,6.130163171206052e-07
0.18372726440429688,9.99200722162641e-16,-1.9553732667309454e-19,-9.79921240709984e-25,-6.115888449526079e-17,-4.293083300507471e-20,-2.804321495706675e-25,-2.147782569256167e-17,-3.3730029242188817e-12,3.148662027211724e-06,5.750106543169054e-18,-5.808285877245491e-13,6.068861539493991e-07
0.18698930740356445,9.99200722162641e-16,-1.9553732667309454e-19,-9.79921240709984e-25,-6.054729565030819e-17,-4.250152467502396e-20,-2.7762782807496084e-25,-2.147782569256167e-17,-3.3730029242188817e-12,3.148662027211724e-06,5.6926054777373635e-18,-5.750203018473036e-13,6.008172924099052e-07
0.19129323959350586,9.99200722162641e-16,-1.9553732667309454e-19,-9.79921240709984e-25,-5.99418226938051e-17,-4.207650942827372e-20,-2.7485154979421123e-25,-2.147782569256167e-17,-3.3730029242188817e-12,3.148662027211724e-06,5.6356794229599896e-18,-5.692700988288306e-13,5.948091194858061e-07
0.21050643920898438,9.99200722162641e-16,-1.9553732667309454e-19,-9.79921240709984e-25,-5.934240446686705e-17,-4.165574433399098e-20,-2.721030342962691e-25,-2.147782569256167e-17,-3.3730029242188817e-12,3.148662027211724e-06,5.57932262873039e-18,-5.635773978405423e-13,5.888610282909479e-07
0.21351242065429688,9.99200722162641e-16,-1.9553732667309454e-19,-9.79921240709984e-25,-5.874898042219837e-17,-4.123918689065107e-20,-2.6938200395330644e-25,-2.147782569256167e-17,-3.3730029242188817e-12,3.148662027211724e-06,5.523529402443086e-18,-5.579416238621369e-13,5.829724180080384e-07
0.22722625732421875,9.99200722162641e-16,-1.9553732667309454e-19,-9.79921240709984e-25,-5.816149061797638e-17,-4.0826795021744555e-20,-2.6668818391377336e-25,-2.147782569256167e-17,-3.3730029242188817e-12,3.148662027211724e-06,5.468294108418655e-18,-5.523622076235156e-13,5.77142693827958e-07
0.23041987419128418,9.99200722162641e-16,-1.9553732667309454e-19,-9.79921240709984e-25,-5.757987571179662e-17,-4.041852707152711e-20,-2.6402130207463563e-25,-2.147782569256167e-17,-3.3730029242188817e-12,3.148662027211724e-06,5.413611167334468e-18,-5.468385855472804e-13,5.713712668896784e-07
0.2474210262298584,9.99200722162641e-16,-1.9553732667309454e-19,-9.79921240709984e-25,-5.700407695467864e-17,-4.001434180081184e-20,-2.613810890538893e-25,-2.147782569256167e-17,-3.3730029242188817e-12,3.148662027211724e-06,5.359475055661123e-18,-5.413701996918076e-13,5.656575542207816e-07
0.25267934799194336,9.99200722162641e-16,-1.9553732667309454e-19,-9.79921240709984e-25,-5.643403618513186e-17,-3.961419838280372e-20,-2.587672781633504e-25,-2.147782569256167e-17,-3.3730029242188817e-12,3.148662027211724e-06,5.3058803051045115e-18,-5.359564976948895e-13,5.600009786785738e-07
0.27483105659484863,1.1102230246251565e-15,-2.7426436376598825e-19,-1.4900021420738085e-24,-5.7506262504916875e-18,-7.475799532836752e-20,-4.864466744083486e-25,-1.881044523491505e-17,-5.1599336070666786e-12,4.158380086156159e-06,6.456963711754827e-18,-1.3372754213887523e-12,1.0102204621167967e-06
0.28171753883361816,1.1102230246251565e-15,-2.7426436376598825e-19,-1.4900021420738085e-24,-5.6931199879867705e-18,-7.401041537508385e-20,-4.815822076642652e-25,-1.881044523491505e-17,-5.1599336070666786e-12,4.158380086156159e-06,6.3923940746372786e-18,-1.3239026671748647e-12,1.0001182574956289e-06
0.2923922538757324,1.1102230246251565e-15,-2.7426436376598825e-19,-1.4900021420738085e-24,-5.636188788106903e-18,-7.327031122133301e-20,-4.767663855876225e-25,-1.881044523491505e-17,-5.1599336070666786e-12,4.158380086156159e-06,6.328470133890905e-18,-1.310663640503116e-12,9.901170749206725e-07
0.2976682186126709,1.1102230246251565e-15,-2.7426436376598825e-19,-1.4900021420738085e-24,-5.5798269002258334e-18,-7.253760810911968e-20,-4.719987217317463e-25,-1.881044523491505e-17,-5.1599336070666786e-12,4.158380086156159e-06,6.265185432551996e-18,-1.2975570040980849e-12,9.802159041714658e-07
0.3158714771270752,1.1102230246251565e-15,-2.7426436376598825e-19,-1.4900021420738085e-24,-5.524028631223575e-18,-7.181223202802849e-20,-4.672787345144288e-25,-1.881044523491505e-17,-5.1599336070666786e-12,4.158380086156159e-06,6.202533578226476e-18,-1.284581434057104e-12,9.70413745129751e-07
0.3244946002960205,1.1102230246251565e-15,-2.7426436376598825e-19,-1.4900021420738085e-24,-5.468788344911339e-18,-7.10941097077482e-20,-4.626059471692845e-25,-1.881044523491505e-17,-5.1599336070666786e-12,4.158380086156159e-06,6.140508242444212e-18,-1.271735619716533e-12,9.607096076784537e-07
0.3320798873901367,1.1102230246251565e-15,-2.7426436376598825e-19,-1.4900021420738085e-24,-5.414100461462225e-18,-7.038316861067072e-20,-4.579798876975917e-25,-1.881044523491505e-17,-5.1599336070666786e-12,4.158380086156159e-06,6.079103160019769e-18,-1.2590182635193677e-12,9.511025116016691e-07
0.35102033615112305,1.1102230246251565e-15,-2.7426436376598825e-19,-1.4900021420738085e-24,-5.3599594568476026e-18,-6.967933692456402e-20,-4.534000888206158e-25,-1.881044523491505e-17,-5.1599336070666786e-12,4.158380086156159e-06,6.018312128419571e-18,-1.246428080884174e-12,9.415914864856524e-07
0.35419344902038574,1.1102230246251565e-15,-2.7426436376598825e-19,-1.4900021420738085e-24,-5.306359862279126e-18,-6.898254355531837e-20,-4.488660879324096e-25,-1.881044523491505e-17,-5.1599336070666786e-12,4.158380086156159e-06,5.958129007135375e-18,-1.2339638000753323e-12,9.321755716207959e-07
0.37337207794189453,1.1102230246251565e-15,-2.7426436376598825e-19,-1.4900021420738085e-24,-5.253296263656335e-18,-6.829271811976519e-20,-4.443774270530856e-25,-1.881044523491505e-17,-5.1599336070666786e-12,4.158380086156159e-06,5.898547717064021e-18,-1.221624162074579e-12,9.228538159045879e-07
0.38014817237854004,1.1102230246251565e-15,-2.7426436376598825e-19,-1.4900021420738085e-24,-5.2007633010197716e-18,-6.760979093856754e-20,-4.399336527825547e-25,-1.881044523491505e-17,-5.1599336070666786e-12,4.158380086156159e-06,5.839562239893381e-18,-1.2094079204538331e-12,9.13625277745542e-07
0.396148681640625,1.1102230246251565e-15,-2.7426436376598825e-19,-1.4900021420738085e-24,-5.1487556680095734e-18,-6.693369302918187e-20,-4.355343162547292e-25,-1.881044523491505e-17,-5.1599336070666786e-12,4.158380086156159e-06,5.781166617494447e-18,-1.1973138412492947e-12,9.044890249680866e-07
0.401348352432251,1.1102230246251565e-15,-2.7426436376598825e-19,-1.4900021420738085e-24,-5.0972681113294775e-18,-6.626435609889005e-20,-4.311789730921819e-25,-1.881044523491505e-17,-5.1599336070666786e-12,4.158380086156159e-06,5.7233549513195025e-18,-1.1853407028368019e-12,8.954441347184057e-07
0.41245460510253906,9.99200722162641e-16,-3.9881335704473907e-19,-2.1659130983168474e-24,-1.0501007777736823e-16,-1.777448421570836e-19,-1.0354531541591579e-24,-1.972783106556903e-17,-6.613877108398814e-12,5.303722727300418e-06,4.8401133853218054e-18,-2.48260887205112e-12,1.917748998508703e-06
0.41675257682800293,9.99200722162641e-16,-3.9881335704473907e-19,-2.1659130983168474e-24,-1.0395997699959455e-16,-1.7596739373551276e-19,-1.0250986226175663e-24,-1.972783106556903e-17,-6.613877108398814e-12,5.303722727300418e-06,4.791712251468587e-18,-2.4577827833306087e-12,1.898571508523616e-06
0.44912171363830566,9.99200722162641e-16,-3.9881335704473907e-19,-2.1659130983168474e-24,-1.0292037722959861e-16,-1.7420771979815763e-19,-1.0148476363913906e-24,-1.972783106556903e-17,-6.613877108398814e-12,5.303722727300418e-06,4.7437951289539014e-18,-2.4332049554973024e-12,1.8795857934383798e-06
0.4525277614593506,9.99200722162641e-16,-3.9881335704473907e-19,-2.1659130983168474e-24,-1.0189117345730262e-16,-1.7246564260017606e-19,-1.0046991600274767e-24,-1.972783106556903e-17,-6.613877108398814e-12,5.303722727300418e-06,4.696357177664363e-18,-2.4088729059423295e-12,1.8607899355039959e-06
0.47055745124816895,9.99200722162641e-16,-3.9881335704473907e-19,-2.1659130983168474e-24,-1.0087226172272959e-16,-1.707409861741743e-19,-9.946521684272019e-25,-1.972783106556903e-17,-6.613877108398814e-12,5.303722727300418e-06,4.6493936058877194e-18,-2.384784176882906e-12,1.842182036148956e-06
0.47400403022766113,9.99200722162641e-16,-3.9881335704473907e-19,-2.1659130983168474e-24,-9.98635391055023e-17,-1.6903357631243256e-19,-9.847056467429299e-25,-1.972783106556903e-17,-6.613877108398814e-12,5.303722727300418e-06,4.602899669828842e-18,-2.360936335114077e-12,1.8237602157874664e-06
0.4930088520050049,9.99200722162641e-16,-3.9881335704473907e-19,-2.1659130983168474e-24,-9.886490371444728e-17,-1.6734324054930823e-19,-9.748585902755005e-25,-1.972783106556903e-17,-6.613877108398814e-12,5.303722727300418e-06,4.556870673130554e-18,-2.337326971762936e-12,1.8055226136295916e-06
0.49837303161621094,9.99200722162641e-16,-3.9881335704473907e-19,-2.1659130983168474e-24,-9.787625467730281e-17,-1.6566980814381515e-19,-9.651100043727455e-25,-1.972783106556903e-17,-6.613877108398814e-12,5.303722727300418e-06,4.5113019663992484e-18,-2.3139537020453066e-12,1.7874673874932957e-06
0.5124268531799316,9.99200722162641e-16,-3.9881335704473907e-19,-2.1659130983168474e-24,-9.689749213052979e-17,-1.64013110062377e-19,-9.55458904329018e-25,-1.972783106556903e-17,-6.613877108398814e-12,5.303722727300418e-06,4.466188946735256e-18,-2.2908141650248537e-12,1.7695927136183627e-06
0.5177488327026367,9.99200722162641e-16,-3.9881335704473907e-19,-2.1659130983168474e-24,-9.592851720922449e-17,-1.6237297896175321e-19,-9.459043152857279e-25,-1.972783106556903e-17,-6.613877108398814e-12,5.303722727300418e-06,4.4215270572679035e-18,-2.267906023374605e-12,1.7518967864821791e-06
0.5298275947570801,-1.8050287599086474e-08,0.005082771806819577,1.8669997065633906e-08,-1.494382340809176e-08,0.004208023789118191,1.5456879590822982e-08,-9.101277782487724e-10,-9.185550940280525e-10,0.00025415615647296274,-1.0479259368058157e-06,-7.60949825142301e-10,0.0002077564962337709
0.5344905853271484,-1.8050287599086474e-08,0.005082771806819577,1.8669997065633906e-08,-1.4794385174010842e-08,0.0041659435512270086,1.5302310794914752e-08,-9.101277782487724e-10,-9.185550940280525e-10,0.00025415615647296274,-1.0374466774377575e-06,-7.53340326890878e-10,0.00020567893127143317
0.5537919998168945,-5.1935455865228013e-08,0.014749622911986933,5.422164894948689e-08,-3.220218139095459e-08,0.009132648197167366,3.3567897427949735e-08,-2.8623232744227826e-06,-3.329396297052406e-09,0.0007723587202979989,-6.46922111766509e-06,-2.008610674002487e-09,0.0004720501341387726
0.5596437454223633,-5.1935455865228013e-08,0.014749622911986933,5.422164894948689e-08,-3.1880159577045046e-08,0.009041321715195692,3.323221845367024e-08,-2.8623232744227826e-06,-3.329396297052406e-09,0.0007723587202979989,-6.40452890648844e-06,-1.9885245672624623e-09,0.00046732963279738486
0.5767073631286621,-9.841467411137625e-08,0.028116536487675793,1.0378401700140559e-07,-5.879832791191791e-08,0.016784483889711502,6.194298304274126e-08,-1.4991108401128205e-05,-1.2241238806951851e-08,0.0017783339917374972,-3.0019404402990382e-05,-7.247759679905016e-09,0.0010517674550957444
0.581836462020874,-9.841467411137625e-08,0.028116536487675793,1.0378401700140559e-07,-5.8210344632798734e-08,0.016616639050814386,6.132355321231384e-08,-1.4991108401128205e-05,-1.2241238806951851e-08,0.0017783339917374972,-2.9719210358960477e-05,-7.175282083105966e-09,0.001041249780544787
0.5943610668182373,-1.5535505014519103e-07,0.04458274920225116,1.6635035756105157e-07,-1.0307110223176381e-07,0.02959756430989028,1.1065701298164628e-07,-4.691213499773035e-05,-4.002791478033224e-08,0.0035103619347621982,-0.00011651642153845352,-2.949451575611034e-08,0.0024112275563967136
0.5992474555969238,-1.5535505014519103e-07,0.04458274920225116,1.6635035756105157e-07,-1.0204039120944618e-07,0.029301588666791376,1.0955044285182981e-07,-4.691213499773035e-05,-4.002791478033224e-08,0.0035103619347621982,-0.00011535125732306898,-2.9199570598549237e-08,0.0023871152808327464
0.6157212257385254,-2.2163715651528624e-07,0.06375808505892946,2.430853149900127e-07,-1.4118488802372213e-07,0.04064849229572656,1.5502648754042832e-07,-0.00011280797521423745,-1.1015239329681672e-07,0.006186955813318722,-0.0002576384081739815,-7.181220513288569e-08,0.0039821551906331284
0.6222343444824219,-2.2163715651528624e-07,0.06375808505892946,2.430853149900127e-07,-1.3977303914348492e-07,0.0402420073727693,1.5347622266502404e-07,-0.00011280797521423745,-1.1015239329681672e-07,0.006186955813318722,-0.0002550620240922417,-7.109408308155683e-08,0.003942333638726797
0.6332995891571045,-2.972740707241374e-07,0.08540707721685067,3.376230607756746e-07,-2.0638491170389205e-07,0.05940444356241517,2.373804708299711e-07,-0.00022915739353514603,-2.593991652331972e-07,0.009967937573596902,-0.0006487570356275175,-2.0619053528410047e-07,0.007298474816190831
0.6375694274902344,-2.972740707241374e-07,0.08540707721685067,3.376230607756746e-07,-2.0432106258685313e-07,0.05881039912679102,2.3500666612167137e-07,-0.00022915739353514603,-2.593991652331972e-07,0.009967937573596902,-0.0006422694652712423,-2.0412862993125946e-07,0.007225490068028923
0.6537868976593018,-3.8024753023421067e-07,0.10845715963709579,4.5261576780500273e-07,-2.528103860800179e-07,0.07243541356888596,3.0361517364569997e-07,-0.0004100306127868323,-5.375137600124256e-07,0.014936378806866168,-0.0010783434489837279,-3.746129389217676e-07,0.010186796801448813
0.6574501991271973,-3.8024753023421067e-07,0.10845715963709579,4.5261576780500273e-07,-2.5028228221921775e-07,0.0717110594331971,3.0057902190924297e-07,-0.0004100306127868323,-5.375137600124256e-07,0.014936378806866168,-0.0010675600144938906,-3.7086680953254995e-07,0.010084928833434325
0.6716625690460205,-4.692626377647154e-07,0.13172969405645,5.914431897621312e-07,-3.0881083019195425e-07,0.08736879311345588,3.9547313995790213e-07,-0.000663669588830655,-9.94791206585083e-07,0.021084862515641546,-0.0018020373857549643,-6.906494296381994e-07,0.014249307067722481
0.6758661270141602,-4.692626377647154e-07,0.13172969405645,5.914431897621312e-07,-3.0572272189003473e-07,0.08649510518232133,3.915184085583231e-07,-0.000663669588830655,-9.94791206585083e-07,0.021084862515641546,-0.0017840170118974146,-6.837429353418174e-07,0.014106813997045256
0.6934640407562256,-5.646834971893125e-07,0.15431223245348893,7.581798651647521e-07,-3.5442005582082036e-07,0.09846266298810803,4.827942453170778e-07,-0.0009917761553940071,-1.6754393345045748e-06,0.028334385332113854,-0.0025835824895682814,-1.065610842708096e-06,0.0180076738523261
0.6969196796417236,-5.646834971893125e-07,0.15431223245348893,7.581798651647521e-07,-3.5087585526261216e-07,0.09747803635822695,4.779663028639071e-07,-0.0009917761553940071,-1.6754393345045748e-06,0.028334385332113854,-0.0025577466646725987,-1.054954734281015e-06,0.01782759711380284
0.7159392833709717,-6.678517727569233e-07,0.17552923878490312,9.563912436009681e-07,-3.977500748631257e-07,0.10765859163331855,5.782248575529894e-07,-0.0013920716653287187,-2.61204498511498e-06,0.036561169043842774,-0.0034947454544090595,-1.5391466779382673e-06,0.021871527799840713
0.7192080020904541,-6.678517727569233e-07,0.17552923878490312,9.563912436009681e-07,-3.9377257411449443e-07,0.10658200571698537,5.724426089774595e-07,-0.0013920716653287187,-2.61204498511498e-06,0.036561169043842774,-0.0034597979998649687,-1.5237552111588847e-06,0.021652812521842306
0.7551352977752686,-9.039555566252295e-07,0.2121707163364646,1.4548472621298224e-06,-4.4812276885108145e-07,0.11571497097142887,7.073422593113821e-07,-0.002407103287864163,-5.328841274488816e-06,0.055356711746473886,-0.004803060978291286,-2.2681648158947066e-06,0.026491027655044415
0.7606015205383301,-9.039555566252295e-07,0.2121707163364646,1.4548472621298224e-06,-4.436415411625706e-07,0.11455782126171458,7.002688367182683e-07,-0.002407103287864163,-5.328841274488816e-06,0.055356711746473886,-0.0047550303685083735,-2.2454831677357595e-06,0.02622611737849397
0.7738893032073975,-1.0393204637136333e-06,0.22715858321925447,1.7547235235877816e-06,-5.249866875787576e-07,0.12469167713988119,9.234810170884224e-07,-0.003030833772377189,-7.122311982975799e-06,0.06562783446881341,-0.006905639665257112,-3.5783014637423427e-06,0.033389316091429394
0.7783129215240479,-1.0393204637136333e-06,0.22715858321925447,1.7547235235877816e-06,-5.1973682070297e-07,0.12344476036848238,9.142462069175381e-07,-0.003030833772377189,-7.122311982975799e-06,0.06562783446881341,-0.006836583268604541,-3.5425184491049193e-06,0.033055422930515097
0.7908837795257568,-1.1866350467648691e-06,0.239848399399591,2.0852565959129905e-06,-6.1018862139019e-07,0.13230494288366001,1.1744367871705487e-06,-0.003741139210229218,-9.199756361777859e-06,0.07629885852006597,-0.009333620120455435,-5.166297879853268e-06,0.040836342426980414
0.7949943542480469,-1.1866350467648691e-06,0.239848399399591,2.0852565959129905e-06,-6.040867351762881e-07,0.13098189345482342,1.1626924192988432e-06,-0.003741139210229218,-9.199756361777859e-06,0.07629885852006597,-0.00924028391925088,-5.114634901054736e-06,0.04042797900271061
0.8117115497589111,-1.3450313874485055e-06,0.250303369099167,2.4422468796777056e-06,-6.731796631529769e-07,0.13592609583195825,1.3706715746073763e-06,-0.004541197068488837,-1.1545928618467026e-05,0.08725219998055983,-0.011234502272044358,-6.472429096452019e-06,0.0462531133277963
0.8149621486663818,-1.3450313874485055e-06,0.250303369099167,2.4422468796777056e-06,-6.664478665214471e-07,0.13456683487363866,1.3569648588613026e-06,-0.004541197068488837,-1.1545928618467026e-05,0.08725219998055983,-0.011122157249323915,-6.407704805487499e-06,0.04579058219451834
0.8329043388366699,-1.5127260991555388e-06,0.25865415802075215,2.820514108163875e-06,-7.319326434359514e-07,0.1378754416398228,1.5609913640201843e-06,-0.0054275396183424566,-1.4137613170880166e-05,0.09838801888098234,-0.013075998504499527,-7.793650729415229e-06,0.0512063620094984
0.836024284362793,-1.5127260991555388e-06,0.25865415802075215,2.820514108163875e-06,-7.246133170015919e-07,0.13649668722342456,1.5453814503799825e-06,-0.0054275396183424566,-1.4137613170880166e-05,0.09838801888098234,-0.012945238519454533,-7.715714222121076e-06,0.05069429838940342
0.8563897609710693,-1.6872365875241908e-06,0.26507848772939174,3.214489615248079e-06,-7.818473706960233e-07,0.1382862400475925,1.7302373061329888e-06,-0.006389579416707081,-1.69453146112465e-05,0.10962468877513833,-0.014717178786281503,-9.022472386804733e-06,0.05538838998696215
0.8593533039093018,-1.6872365875241908e-06,0.26507848772939174,3.214489615248079e-06,-7.740288969890631e-07,0.13690337764711658,1.712934933071659e-06,-0.006389579416707081,-1.69453146112465e-05,0.10962468877513833,-0.014570006998418688,-8.932247662936686e-06,0.054834506087092526
0.8706412315368652,-1.8657000073160963e-06,0.2697837550727064,3.6188100260942974e-06,-8.823088541647772e-07,0.13970275059566986,2.067706510215562e-06,-0.0074111869991187514,-1.9935088129947748e-05,0.12089849361741464,-0.017958510204545728,-1.1501672722525615e-05,0.06367117253072326
0.8738512992858887,-1.8657000073160963e-06,0.2697837550727064,3.6188100260942974e-06,-8.734857656231294e-07,0.13830572308971317,2.0470294451134063e-06,-0.0074111869991187514,-1.9935088129947748e-05,0.12089849361741464,-0.01777892510250027,-1.1386655995300358e-05,0.06303446080541603
0.891211748123169,-2.0452070721528324e-06,0.27299253548940083,4.028793840957517e-06,-9.387121147945459e-07,0.1387709938870279,2.2722978481907684e-06,-0.008473301129766748,-2.3070859782079927e-05,0.1321626585618347,-0.019939648500056154,-1.3086018709468882e-05,0.06848729614770438
0.8943111896514893,-2.0452070721528324e-06,0.27299253548940083,4.028793840957517e-06,-9.293249936466005e-07,0.13738328394815763,2.2495748697088605e-06,-0.008473301129766748,-2.3070859782079927e-05,0.1321626585618347,-0.019740252015055592,-1.2955158522374193e-05,0.06780242318622734
0.9120798110961914,-2.2230800205009047e-06,0.27493080552998983,4.440734353592068e-06,-9.89731554036746e-07,0.1371002898362459,2.4687061766766016e-06,-0.009556562479312814,-2.631642878445596e-05,0.14338569465021642,-0.021844329139388316,-1.4659355549965525e-05,0.07303789057632187
0.9160270690917969,-2.2230800205009047e-06,0.27493080552998983,4.440734353592068e-06,-9.798342384963785e-07,0.13572928693788344,2.4440191149098357e-06,-0.009556562479312814,-2.631642878445596e-05,0.14338569465021642,-0.021625885847994433,-1.451276199446587e-05,0.07230751167055866
0.933199405670166,-2.3970593929310734e-06,0.2758187034003154,4.852005112113188e-06,-1.0385545403523477e-06,0.1348890453541265,2.6694376853959418e-06,-0.010643338146455508,-2.963739831994496e-05,0.15454907847184318,-0.023788963124213892,-1.630936477896662e-05,0.07766716711285487
0.9385840892791748,-2.3970593929310734e-06,0.2758187034003154,4.852005112113188e-06,-1.0281689949488242e-06,0.1335401549005852,2.642743308541982e-06,-0.010643338146455508,-2.963739831994496e-05,0.15454907847184318,-0.023551073492971752,-1.6146271131176956e-05,0.07689049544172633
0.9557833671569824,-2.5654002895795557e-06,0.27586362146388016,5.2610175469913775e-06,-1.0820049417187043e-06,0.1322308696013887,2.8645071937881383e-06,-0.011718935862159665,-3.300268778043971e-05,0.16564441383506992,-0.025674414734321208,-1.794967453229374e-05,0.08215838763658469
0.9589948654174805,-2.5654002895795557e-06,0.27586362146388016,5.2610175469913775e-06,-1.0711848923015173e-06,0.1309085609053748,2.8358621218502567e-06,-0.011718935862159665,-3.300268778043971e-05,0.16564441383506992,-0.025417670586977994,-1.77701777869708e-05,0.08133680376021885
0.9721953868865967,-2.7268992007645346e-06,0.27525539778170516,5.667087354115963e-06,-1.1378509771416863e-06,0.1291387179820151,3.1284822545195768e-06,-0.012772113151233543,-3.6385864415261644e-05,0.176670358230183,-0.02820148206593105,-2.016664204634898e-05,0.08834482048629978
0.9761757850646973,-2.7268992007645346e-06,0.27525539778170516,5.667087354115963e-06,-1.1264724673702693e-06,0.12784733080219493,3.097197431974381e-06,-0.012772113151233543,-3.6385864415261644e-05,0.176670358230183,-0.027919467245271737,-1.996497562588549e-05,0.08746137228143679
0.9914171695709229,-2.880876367804534e-06,0.27416334159120376,6.070255486225377e-06,-1.176681245538867e-06,0.12585235028329111,3.342028653049674e-06,-0.01379511020390783,-3.9766091089867926e-05,0.18762968274392033,-0.03023317055571752,-2.1993344435445336e-05,0.09332699160203556
0.9946002960205078,-2.880876367804534e-06,0.27416334159120376,6.070255486225377e-06,-1.1649144330834783e-06,0.1245938267804582,3.308608366519177e-06,-0.01379511020390783,-3.9766091089867926e-05,0.18762968274392033,-0.029930838850160346,-2.177341099109088e-05,0.0923937216860152
1.0156407356262207,-3.0271301585103756e-06,0.27273479959704044,6.47109310364534e-06,-1.1938212388153243e-06,0.12266893787252646,3.473913177774196e-06,-0.014783396786911108,-4.312868606571706e-05,0.19852682698289598,-0.03147896298810438,-2.3161582578587528e-05,0.09633097151127963
1.0203447341918945,-3.0271301585103756e-06,0.27273479959704044,6.47109310364534e-06,-1.1818830264271711e-06,0.1214422484938012,3.439174045996454e-06,-0.014783396786911108,-4.312868606571706e-05,0.19852682698289598,-0.03116417335822334,-2.2929966752801653e-05,0.09536766179616683
1.0325927734375,-3.1658662272479884e-06,0.2710949485648151,6.870501097039524e-06,-1.2332570034394084e-06,0.11888895780389346,3.7438405853930574e-06,-0.015735197602093003,-4.6464970291707896e-05,0.20936619585043495,-0.03397113420191318,-2.5438479292026514e-05,0.10273255486250946
1.0356171131134033,-3.1658662272479884e-06,0.2710949485648151,6.870501097039524e-06,-1.2209244334050144e-06,0.11770006822585452,3.706402179539127e-06,-0.015735197602093003,-4.6464970291707896e-05,0.20936619585043495,-0.033631422859894046,-2.5184094499106248e-05,0.10170522931388436
1.0535829067230225,-3.2975960305514377e-06,0.26934749475473146,7.269510365101985e-06,-1.2477650606878732e-06,0.11555041147968191,3.8998391044152536e-06,-0.016650760465855972,-4.977129489991039e-05,0.2201512538146054,-0.03538379068337104,-2.6782428556237412e-05,0.1063392306095933
1.0569665431976318,-3.2975960305514377e-06,0.26934749475473146,7.269510365101985e-06,-1.2352874100809945e-06,0.11439490736488508,3.860840713371101e-06,-0.016650760465855972,-4.977129489991039e-05,0.2201512538146054,-0.03502995277653733,-2.6514604270675036e-05,0.10527583830349736
1.073594570159912,-3.4230037507919118e-06,0.26757597951167833,7.669093144941242e-06,-1.2612734336937649e-06,0.11218557918961557,4.0711503938819375e-06,-0.017531359153356782,-5.304727034494576e-05,0.23088428412263726,-0.036897003499877276,-2.823060545571946e-05,0.11030814702817965
1.0768649578094482,-3.4230037507919118e-06,0.26757597951167833,7.669093144941242e-06,-1.248660699356827e-06,0.11106372339771942,4.030438889943118e-06,-0.017531359153356782,-5.304727034494576e-05,0.23088428412263726,-0.036528033464878505,-2.7948299401162267e-05,0.10920506555789786
1.0947394371032715,-3.5427695141928393e-06,0.2658454591379261,8.070027677039677e-06,-1.2687145615176784e-06,0.10898493467529859,4.222011210856208e-06,-0.01837838908710005,-5.629311570927717e-05,0.24156653408718076,-0.03819009600296094,-2.9495276683632102e-05,0.11375483194095586
1.0982909202575684,-3.5427695141928393e-06,0.2658454591379261,8.070027677039677e-06,-1.2560274159025017e-06,0.1078950853285456,4.179791098747646e-06,-0.01837838908710005,-5.629311570927717e-05,0.24156653408718076,-0.03780819504293133,-2.9200323916795782e-05,0.1126172836215463
1.1162235736846924,-3.6574550087762345e-06,0.26420446083011007,8.472920901328772e-06,-1.2731693190538433e-06,0.10590104496324317,4.369772076444922e-06,-0.019193797502218914,-5.9508989101634425e-05,0.2521982796561247,-0.03941727206628409,-3.071243532353961e-05,0.11709535279589406
1.1211886405944824,-3.6574550087762345e-06,0.26420446083011007,8.472920901328772e-06,-1.260437625863305e-06,0.10484203451361074,4.326074355680473e-06,-0.019193797502218914,-5.9508989101634425e-05,0.2521982796561247,-0.03902309934562125,-3.0405310970304216e-05,0.11592439926793512
1.1349680423736572,-3.7675930195721575e-06,0.26268713188410386,8.878348676236252e-06,-1.2833805566894713e-06,0.102692456825177,4.585731428139668e-06,-0.019980897152996894,-6.269739065410982e-05,0.26277876214234785,-0.04117840757036986,-3.242954837988792e-05,0.12203189671083761
1.139953851699829,-3.7675930195721575e-06,0.26268713188410386,8.878348676236252e-06,-1.2705467511225765e-06,0.10166553225692522,4.539874113858271e-06,-0.019980897152996894,-6.269739065410982e-05,0.26277876214234785,-0.040766623494666164,-3.210525289608904e-05,0.12081157774372923
1.160653829574585,-3.873755354001666e-06,0.2613154375369556,9.286939026159273e-06,-1.279730188791943e-06,0.09998622195233153,4.697288640523677e-06,-0.02074467047091686,-6.5862632176961e-05,0.2733060638953961,-0.0420292917776744,-3.332307192680694e-05,0.12442114248588637
1.1639173030853271,-3.873755354001666e-06,0.2613154375369556,9.286939026159273e-06,-1.2669328869040236e-06,0.09898635973280821,4.65031575411844e-06,-0.02074467047091686,-6.5862632176961e-05,0.2733060638953961,-0.041608998859897654,-3.298984120753887e-05,0.1231769310610275
1.1770141124725342,-3.976568706550837e-06,0.2601012770511609,9.69940160816263e-06,-1.2865258580154985e-06,0.09706943027587257,4.926794087964995e-06,-0.021491597381097835,-6.901132454784398e-05,0.2837769488764611,-0.04380017668085441,-3.507975460758737e-05,0.12952455901964666
1.1800661087036133,-3.976568706550837e-06,0.2601012770511609,9.69940160816263e-06,-1.2736605994353435e-06,0.09609873597311384,4.877526147085345e-06,-0.021491597381097835,-6.901132454784398e-05,0.2837769488764611,-0.04336217491404586,-3.4728957061511493e-05,0.12822931342945018
1.195068597793579,-4.076701195740357e-06,0.2590484367843392,1.011651959941459e-05,-1.2874589884637186e-06,0.09443597155495546,5.1133908237280116e-06,-0.02222908572890156,-7.215130861640397e-05,0.29418674512512394,-0.045181155215079344,-3.648839760200813e-05,0.13352829425886303
1.1980705261230469,-4.076701195740357e-06,0.2590484367843392,1.011651959941459e-05,-1.2745843985790815e-06,0.09349161183940591,5.062256915490731e-06,-0.02222908572890156,-7.215130861640397e-05,0.29418674512512394,-0.04472934366292855,-3.612351362598805e-05,0.1321930113162744
1.216360330581665,-4.174828136827372e-06,0.258154340984931,1.0539121427705647e-05,-1.2825868375458024e-06,0.09206784642749154,5.247810821142052e-06,-0.02296467586048209,-7.529131531758154e-05,0.3045293426695357,-0.04611457042668988,-3.749037500239465e-05,0.1362358621129446
1.2226574420928955,-4.174828136827372e-06,0.258154340984931,1.0539121427705647e-05,-1.2697609691703443e-06,0.09114716796321662,5.195332712930631e-06,-0.02296467586048209,-7.529131531758154e-05,0.3045293426695357,-0.04565342472242298,-3.71154712523707e-05,0.13487350349181518
1.234522819519043,-4.271592361896978e-06,0.2574115900217148,1.0968042002960686e-05,-1.2879190744322159e-06,0.08960971454198004,5.512357762103604e-06,-0.023705224310061154,-7.843993950468705e-05,0.31479735714177665,-0.04800351209508519,-3.9415238185064995e-05,0.1417345183518311
1.2414538860321045,-4.271592361896978e-06,0.2574115900217148,1.0968042002960686e-05,-1.2750398836878937e-06,0.08871361739656024,5.457234184482568e-06,-0.023705224310061154,-7.843993950468705e-05,0.31479735714177665,-0.04752347697413434,-3.9021085803214344e-05,0.14031717316831277
1.2577016353607178,-4.367563918771834e-06,0.25680928964948696,1.140408171185462e-05,-1.2842674933900069e-06,0.08745578349738783,5.676254938235192e-06,-0.02445624390099032,-8.160517649049361e-05,0.32498247141219583,-0.0490875192385683,-4.0591461192374734e-05,0.14485965012949664
1.2627453804016113,-4.367563918771834e-06,0.25680928964948696,1.140408171185462e-05,-1.2714248184561067e-06,0.08658122566241395,5.61949238885284e-06,-0.02445624390099032,-8.160517649049361e-05,0.32498247141219583,-0.048596644046182615,-4.018554658045099e-05,0.14341105362820167
1.2779812812805176,-4.463206442245309e-06,0.25633418556468185,1.1847966288731078e-05,-1.2817667249258182e-06,0.08540358144527142,5.859991861308086e-06,-0.025221507033814608,-8.479371144600297e-05,0.335075931114818,-0.05027616593918942,-4.188953694964239e-05,0.14825792578157848
1.2867753505706787,-4.463206442245309e-06,0.25633418556468185,1.1847966288731078e-05,-1.26894905767656e-06,0.0845495456308187,5.801391942695005e-06,-0.025221507033814608,-8.479371144600297e-05,0.335075931114818,-0.049773404279797526,-4.1470641580145965e-05,0.1467753465237627
1.295412540435791,-4.558852255222431e-06,0.2559716179392218,1.2300311368803456e-05,-1.296478802870907e-06,0.08328427518933472,6.276218852104741e-06,-0.02600293757596847,-8.801064634040087e-05,0.34506914257257215,-0.05308027102939254,-4.4802975251544116e-05,0.15627153321331544
1.2988879680633545,-4.558852255222431e-06,0.2559716179392218,1.2300311368803456e-05,-1.283514014842198e-06,0.08245143243744137,6.213456663583694e-06,-0.02600293757596847,-8.801064634040087e-05,0.34506914257257215,-0.05254946831909862,-4.4354945499028676e-05,0.1547088178811823
1.3159399032592773,-4.6546893924437616e-06,0.2557063120254929,1.2761593900175924e-05,-1.2908549044835636e-06,0.08147133113132629,6.426320837959382e-06,-0.026800750799114308,-9.125919141697847e-05,0.35495430576699377,-0.05394288482204817,-4.58275853712191e-05,0.15865198986704657
1.3188562393188477,-4.6546893924437616e-06,0.2557063120254929,1.2761593900175924e-05,-1.277946355438728e-06,0.08065661782001303,6.362057629579788e-06,-0.026800750799114308,-9.125919141697847e-05,0.35495430576699377,-0.05340345597382769,-4.536930951750691e-05,0.1570654699683761
1.332413911819458,-4.750760310858053e-06,0.25552301997585747,1.3232132484172155e-05,-1.2902415118015196e-06,0.07971485730896342,6.650983234901502e-06,-0.02761376300859695,-9.454068518755574e-05,0.36472501036294636,-0.05527114251159998,-4.73495506555691e-05,0.1623160243018855
1.3362157344818115,-4.750760310858053e-06,0.25552301997585747,1.3232132484172155e-05,-1.2773390966835043e-06,0.0789177087358738,6.584473402552487e-06,-0.02761376300859695,-9.454068518755574e-05,0.36472501036294636,-0.05471843108648398,-4.687605514901341e-05,0.16069286405886662
1.3572726249694824,-4.846971977152726e-06,0.25540702799997805,1.3712077618329057e-05,-1.280425573403478e-06,0.07807344660395511,6.7499899436737726e-06,-0.02843978296343856,-9.785464510819392e-05,0.3743767283918197,-0.055708808650132974,-4.798953822884219e-05,0.16342177810637873
1.3658366203308105,-4.846971977152726e-06,0.25540702799997805,1.3712077618329057e-05,-1.2676213176694433e-06,0.07729271213791557,6.682490044237034e-06,-0.02843978296343856,-9.785464510819392e-05,0.3743767283918197,-0.05515172056363164,-4.750964284655377e-05,0.16178756032531494
1.3794341087341309,-4.94311472898406e-06,0.25534454214080543,1.4201412001534023e-05,-1.27885483812088e-06,0.07647383104585936,6.980701452281083e-06,-0.029276008416982403,-0.00010119902440974166,0.3839071515432474,-0.05696556282317651,-4.950670958335718e-05,0.1667960547845385
1.3841876983642578,-4.94311472898406e-06,0.25534454214080543,1.4201412001534023e-05,-1.2660662897396714e-06,0.07570909273540077,6.910894437758273e-06,-0.029276008416982403,-0.00010119902440974166,0.3839071515432474,-0.05639590719494474,-4.901164248752361e-05,0.1651280942366931
1.3953914642333984,-5.0388872192754564e-06,0.25532296544289484,1.4699959926363767e-05,-1.281318198358105e-06,0.074932743375403,7.292838660631502e-06,-0.030119373241533316,-0.00010457047622951962,0.3933163418354128,-0.058681338251982504,-5.154549654491041e-05,0.17141268297943923
1.401031255722046,-5.0388872192754564e-06,0.25532296544289484,1.4699959926363767e-05,-1.268505016374524e-06,0.07418341594164897,7.219910274025187e-06,-0.030119373241533316,-0.00010457047622951962,0.3933163418354128,-0.05809452486946268,-5.103004157946131e-05,0.16969855614964485
1.420715570449829,-5.133923926799023e-06,0.2553310790933844,1.5207404115153106e-05,-1.270876938830307e-06,0.07344570366888212,7.408832867689019e-06,-0.030966815106850832,-0.00010796470359398301,0.4026066884569154,-0.05912216553905585,-5.225216998894006e-05,0.1724594937431016
1.4241394996643066,-5.133923926799023e-06,0.2553310790933844,1.5207404115153106e-05,-1.258168169442004e-06,0.07271124663219329,7.334744539012129e-06,-0.030966815106850832,-0.00010796470359398301,0.4026066884569154,-0.058530943883665296,-5.1729648289050655e-05,0.17073489880567058
1.4375581741333008,-5.227822411200252e-06,0.2553591401131343,1.5723307847325385e-05,-1.2661501877789875e-06,0.07200504608290137,7.650545147776153e-06,-0.03181545492626469,-0.00011137676911086244,0.41178268696513554,-0.060284846845269635,-5.376657782521792e-05,0.1754842864382034
1.461667537689209,-5.320167846029039e-06,0.2553989082093021,1.62471402106782e-05,-1.263918159079536e-06,0.0713014904984673,7.79379134819489e-06,-0.03266269464914604,-0.00011480140609102265,0.4208505761937639,-0.06097219877489365,-5.465551826852204e-05,0.177279811480293
1.4675836563110352,-5.320167846029039e-06,0.2553989082093021,1.62471402106782e-05,-1.2512789774887406e-06,0.07058847559348264,7.715853434712941e-06,-0.03266269464914604,-0.00011480140609102265,0.4208505761937639,-0.06036247678714471,-5.410896308583682e-05,0.17550701336549007
1.4936068058013916,-5.4985960800837296e-06,0.2554878832202258,1.7316153931734643e-05,-1.2546987811042028e-06,0.06991678155421759,8.053677474623327e-06,-0.034344131053983054,-0.00012166711335501252,0.4386929108166136,-0.06211672466033121,-5.621686974569591e-05,0.18022243061568693
1.4968500137329102,-5.4985960800837296e-06,0.2554878832202258,1.7316153931734643e-05,-1.2421517932931607e-06,0.06921761373867541,7.973140699877094e-06,-0.034344131053983054,-0.00012166711335501252,0.4386929108166136,-0.0614955574137279,-5.565470104823895e-05,0.17842020630953007
1.5158429145812988,-5.58394726994283e-06,0.25552762152520275,1.7860036097195378e-05,-1.2379841917337664e-06,0.06854636031681813,8.182332271901908e-06,-0.0351746094009525,-0.000125098002386549,0.44748427137027375,-0.06247360830014116,-5.691158660569241e-05,0.18100395067512587
1.5201013088226318,-5.58394726994283e-06,0.25552762152520275,1.7860036097195378e-05,-1.2256043498164288e-06,0.06786089671364995,8.10050894918289e-06,-0.0351746094009525,-0.000125098002386549,0.44748427137027375,-0.06184887221713975,-5.634247073963549e-05,0.1791939111683746
1.5339093208312988,-5.666299919537055e-06,0.25555988253218687,1.8409294193006673e-05,-1.2220093963212191e-06,0.06720565172403474,8.42050249339624e-06,-0.03599615583886436,-0.00012852135747065056,0.4562004188082487,-0.06340172741065495,-5.826764754780509e-05,0.18335893911239223
1.5373377799987793,-5.666299919537055e-06,0.25555988253218687,1.8409294193006673e-05,-1.209789302358007e-06,0.06653359520679439,8.336297468462278e-06,-0.03599615583886436,-0.00012852135747065056,0.4562004188082487,-0.0627677101365484,-5.7684971072327034e-05,0.1815253497212683
1.5565125942230225,-5.745391704821696e-06,0.25558271704728075,1.8963295529788973e-05,-1.2018856525893777e-06,0.06588016785322498,8.543938777261998e-06,-0.03680739370285639,-0.0001319330533705051,0.464849298628589,-0.06368967126799849,-5.889389788338687e-05,0.18396716088211554
1.5595760345458984,-5.745391704821696e-06,0.25558271704728075,1.8963295529788973e-05,-1.189866796063484e-06,0.06522136617469274,8.458499389489379e-06,-0.03680739370285639,-0.0001319330533705051,0.464849298628589,-0.0630527745553185,-5.8304958904553e-05,0.1821274892732944
1.578892469406128,-5.821005790797747e-06,0.25559501900006576,1.9521444276993045e-05,-1.180025133371889e-06,0.06457552115924597,8.664691086157429e-06,-0.03760705643379426,-0.00013532945204431174,0.4734380787823401,-0.06394691189730536,-5.948647292806647e-05,0.18450346150568048
1.5996882915496826,-5.821005790797747e-06,0.25559501900006576,1.9521444276993045e-05,-1.16822488203817e-06,0.06392976594765351,8.578044175295854e-06,-0.03760705643379426,-0.00013532945204431174,0.4734380787823401,-0.0633074427783323,-5.8891608198785804e-05,0.18265842689062367
1.6027662754058838,-5.892969595302779e-06,0.25559637276385366,2.0083192440960984e-05,-1.1558806678922627e-06,0.06329486650879391,1.0327217297096982e-05,-0.03839395989669414,-0.00013870741407745775,0.48197298364095637,-0.07215835156939063,-6.931543356493682e-05,0.20701353250467514
1.608243465423584,-5.892969595302779e-06,0.25559637276385366,2.0083192440960984e-05,-1.14432186121334e-06,0.06266191784370598,1.0223945124126013e-05,-0.03839395989669414,-0.00013870741407745775,0.48197298364095637,-0.07143676805369673,-6.862227922928746e-05,0.2049433971796284
1.6146247386932373,-5.961152144848162e-06,0.25558690779227417,2.0648047000880262e-05,-1.1259058019718664e-06,0.062020466249074056,1.1010886198503469e-05,-0.03916698900852044,-0.00014206429380600235,0.4904592219527706,-0.07525652880474115,-7.321442874602822e-05,0.21545435855750894
1.6178181171417236,-5.961152144848162e-06,0.25558690779227417,2.0648047000880262e-05,-1.1146467439521478e-06,0.061400261586583314,1.0900777336518434e-05,-0.03916698900852044,-0.00014206429380600235,0.4904592219527706,-0.07450396351669374,-7.248228445856794e-05,0.21329981497193384
1.6340346336364746,-6.025460415470478e-06,0.25556716475751745,2.1215573343670947e-05,-1.0981171736158796e-06,0.06077408432567655,1.1143005647340044e-05,-0.03992509657330952,-0.00014539791666906855,0.49890099438317853,-0.07552719230218104,-7.381997944420252e-05,0.2160852215128406
1.6387231349945068,-6.025460415470478e-06,0.25556716475751745,2.1215573343670947e-05,-1.0871360018797208e-06,0.06016634348241978,1.1031575590866644e-05,-0.03992509657330952,-0.00014539791666906855,0.49890099438317853,-0.07477192037915922,-7.30817796497605e-05,0.2139243692977122
1.6572504043579102,-6.085834994607544e-06,0.25553797605482337,2.1785395356417064e-05,-1.0692402045314342e-06,0.05954892559370759,1.122965595447892e-05,-0.04066731067227921,-0.0001487065459215393,0.5073015616206439,-0.07555788101982207,-7.414257779273049e-05,0.21607079382202105
1.6603078842163086,-6.085834994607544e-06,0.25553797605482337,2.1785395356417064e-05,-1.05854780248612e-06,0.05895343633777052,1.111735939493413e-05,-0.04066731067227921,-0.0001487065459215393,0.5073015616206439,-0.07480230220962385,-7.340115201480318e-05,0.21391008588380084
1.674325942993164,-6.1422453205262526e-06,0.2555003623458632,2.2357192733483984e-05,-1.0356352937801374e-06,0.05833706965196795,1.141483189762436e-05,-0.04139274643597669,-0.0001519888387743022,0.5156633526301788,-0.07606251569571527,-7.501606366906059e-05,0.2174115682847329
1.681323766708374,-6.1422453205262526e-06,0.2555003623458632,2.2357192733483984e-05,-1.025278940842336e-06,0.05775369895544827,1.1300683578648115e-05,-0.04139274643597669,-0.0001519888387743022,0.5156633526301788,-0.07530189053875812,-7.426590303236997e-05,0.21523745260188556
1.697965145111084,-6.19468476170942e-06,0.2554554457808794,2.2930696210038654e-05,-1.0021018454656101e-06,0.057149171074779404,1.1532625308801692e-05,-0.04210061837891037,-0.00015524379731750868,0.523988093948475,-0.07622448210827001,-7.548528438681962e-05,0.21781769083353603
1.7036652565002441,-6.19468476170942e-06,0.2554554457808794,2.2930696210038654e-05,-9.92080827010954e-07,0.05657767936403161,1.1417299055713676e-05,-0.04210061837891037,-0.00015524379731750868,0.523988093948475,-0.07546223728718732,-7.473043154295142e-05,0.21563951392520067
1.7154271602630615,-6.243165784441286e-06,0.2554043796810791,2.3505681503951978e-05,-9.603239605916703e-07,0.055968486046138584,1.1792008659259046e-05,-0.04279025042983249,-0.00015847071586346344,0.5322769441269356,-0.07705530372125968,-7.673504489941515e-05,0.22015358957659856
1.7184946537017822,-6.243165784441286e-06,0.2554043796810791,2.3505681503951978e-05,-9.507207209857536e-07,0.055408801185677196,1.1674088572666456e-05,-0.04279025042983249,-0.00015847071586346344,0.5322769441269356,-0.07628475068404708,-7.5967694450421e-05,0.21795205368083256
1.733647346496582,-6.287715428529992e-06,0.2553482937913955,2.408196272516903e-05,-9.215491542714666e-07,0.054817699364740055,1.1937355039446088e-05,-0.043461082010338374,-0.00016166912909980902,0.5405306216001486,-0.07732608023013773,-7.732512819059751e-05,0.2209310979871986
1.738335132598877,-6.287715428529992e-06,0.2553482937913955,2.408196272516903e-05,-9.12333662728752e-07,0.05426952237109266,1.1817981489051627e-05,-0.043461082010338374,-0.00016166912909980902,0.5405306216001486,-0.07655281942783636,-7.655187690869154e-05,0.2187217870073266
1.755882740020752,-6.328371290277311e-06,0.2552882537287262,2.4659385897088842e-05,-8.839245648065701e-07,0.053692611621986595,1.2028312768663859e-05,-0.04411266968992025,-0.00016483876288378807,0.548749518522816,-0.07732934852509021,-7.759796454459697e-05,0.22097277258651218
1.759253740310669,-6.328371290277311e-06,0.2552882537287262,2.4659385897088842e-05,-8.750853191585043e-07,0.05315568550576673,1.190802964097722e-05,-0.04411266968992025,-0.00016483876288378807,0.548749518522816,-0.07655605503983931,-7.682198489915099e-05,0.21876304486064707
1.777780532836914,-6.365178121087574e-06,0.25522523294175525,2.523782307013176e-05,-8.459232546868509e-07,0.05259011262506197,1.2100379691012444e-05,-0.044744684856673496,-0.0001679794903937659,0.5569337968422536,-0.07723584579132535,-7.775387231411138e-05,0.22076372700894892
1.7824912071228027,-6.365178121087574e-06,0.25522523294175525,2.523782307013176e-05,-8.374640221399823e-07,0.052064211498811346,1.197937589410232e-05,-0.044744684856673496,-0.0001679794903937659,0.5569337968422536,-0.0764634873334121,-7.697633359097027e-05,0.21855608973885943
1.8163652420043945,-6.4274438367592615e-06,0.25509358676921406,2.6397328706428363e-05,-8.033286024313074e-07,0.05150470593906051,1.220059264327391e-05,-0.04594922353056047,-0.00017417423612207152,0.5731984412695476,-0.07725453202231648,-7.804020350565522e-05,0.22092692933094
1.8193964958190918,-6.4274438367592615e-06,0.25509358676921406,2.6397328706428363e-05,-7.952953164069943e-07,0.0509896588796699,1.2078586716841171e-05,-0.04594922353056047,-0.00017417423612207152,0.5731984412695476,-0.07648198670209332,-7.725980147059867e-05,0.2187176600376306
1.8341715335845947,-6.453006793294723e-06,0.25502633343216585,2.6978231278974997e-05,-7.539712329055229e-07,0.050434244075676635,1.2349005456951565e-05,-0.046521608041168144,-0.00017722843117659454,0.5812785907559811,-0.07747165186984484,-7.855987728097198e-05,0.22172465928188095
1.838564157485962,-6.453006793294723e-06,0.25502633343216585,2.6978231278974997e-05,-7.464315205764677e-07,0.049929901634919865,1.2225515402382049e-05,-0.046521608041168144,-0.00017722843117659454,0.5812785907559811,-0.07669693535114638,-7.777427850816226e-05,0.21950741268906215
1.8587241172790527,-6.474926457728823e-06,0.25495884580109046,2.7559810825607026e-05,-7.126779145973917e-07,0.04939712654544888,1.2390074337650854e-05,-0.04707412659959334,-0.00018025403053319614,0.589323763579771,-0.07720164277154504,-7.850125095915309e-05,0.22110488266505568
1.8620176315307617,-6.474926457728823e-06,0.25495884580109046,2.7559810825607026e-05,-7.055511354514178e-07,0.04890315527999439,1.2266173594274346e-05,-0.04707412659959334,-0.00018025403053319614,0.589323763579771,-0.07642962634382959,-7.771623844956155e-05,0.21889383383840513
1.87746000289917,-6.493254728556216e-06,0.25489152637026014,2.8142013385462734e-05,-6.618247613166287e-07,0.04837052975648879,1.251805168910924e-05,-0.04760692399238218,-0.00018325120713135368,0.5973338116983689,-0.07730707288256854,-7.88848797751408e-05,0.22163736908504972
1.8806822299957275,-6.493254728556216e-06,0.25489152637026014,2.8142013385462734e-05,-6.552065137034625e-07,0.0478868244589239,1.2392871172218148e-05,-0.04760692399238218,-0.00018325120713135368,0.5973338116983689,-0.07653400215374286,-7.809603097738939e-05,0.2194209953941992
1.896071434020996,-6.508042663338472e-06,0.2548246801038648,2.872479423669002e-05,-6.095378412216387e-07,0.04736451909835672,1.2644856841000698e-05,-0.0481202194703271,-0.00018622014638911582,0.6053086016844824,-0.07739770750961845,-7.924905099950654e-05,0.2221574333989576
1.8994648456573486,-6.508042663338472e-06,0.2548246801038648,2.872479423669002e-05,-6.034424628094222e-07,0.04689087390737315,1.2518408272590692e-05,-0.0481202194703271,-0.00018622014638911582,0.6053086016844824,-0.07662373043452227,-7.845656048951147e-05,0.21993585906496801
1.9162766933441162,-6.519340422313718e-06,0.25475852648568914,2.9308117235570066e-05,-5.595129416827064e-07,0.046382615766049094,1.2737384205448565e-05,-0.04861430235084609,-0.00018916104002730127,0.6132480204470674,-0.07733202631991967,-7.942545051470168e-05,0.22223252787273975
1.9207983016967773,-6.519340422313718e-06,0.25475852648568914,2.9308117235570066e-05,-5.539178122658793e-07,0.045918789608388605,1.261001036339408e-05,-0.04861430235084609,-0.00018916104002730127,0.6132480204470674,-0.07655870605672048,-7.863119600955467e-05,0.22001020259401236
1.936264991760254,-6.527197348161192e-06,0.2546932123147802,2.989195436274703e-05,-5.049528976301602e-07,0.04541737278800411,1.2858049258436483e-05,-0.04908952877109828,-0.00019207408252162533,0.6211519762941395,-0.07737799982433606,-7.973262262629429e-05,0.22267814059423272
1.9408564567565918,-6.527197348161192e-06,0.2546932123147802,2.989195436274703e-05,-4.999033686538585e-07,0.04496319906012407,1.2729468765852118e-05,-0.04908952877109828,-0.00019207408252162533,0.6211519762941395,-0.0766042198260927,-7.893529640003134e-05,0.2204513591882904
1.959289789199829,-6.531662127031457e-06,0.25462882456340646,3.047628537165439e-05,-4.566206738971571e-07,0.04447863700520369,1.2916131354547409e-05,-0.049546319348965265,-0.0001949594695629056,0.6290203967368174,-0.07715319159841866,-7.971468461738393e-05,0.22231537665222031
1.9625132083892822,-6.531662127031457e-06,0.25462882456340646,3.047628537165439e-05,-4.5205446715818555e-07,0.04403385063515165,1.2786970041001934e-05,-0.049546319348965265,-0.0001949594695629056,0.6290203967368174,-0.07638165968243447,-7.89175377712101e-05,0.2200922228856981
1.9779963493347168,-6.532783003360641e-06,0.25456540277107237,3.1061097460009884e-05,-3.997893248968526e-07,0.04355255029172646,1.3032913414120287e-05,-0.049985157403727457,-0.00019781739809458015,0.6368532241913449,-0.07716610526878322,-7.997805188197735e-05,0.22271583029296022
1.9814164638519287,-6.532783003360641e-06,0.25456540277107237,3.1061097460009884e-05,-3.957914316478841e-07,0.043117024788809195,1.2902584279979084e-05,-0.049985157403727457,-0.00019781739809458015,0.6368532241913449,-0.07639444421609538,-7.917827136315758e-05,0.2204886719900306
1.9975039958953857,-6.530608019671514e-06,0.25450295058475775,3.164638491353867e-05,-3.4382792935594424e-07,0.04264703430210202,1.3133360513994606e-05,-0.050406587319460606,-0.00020064806751358106,0.6446504105341284,-0.07710425539931769,-8.014951218935664e-05,0.22290843907058697
2.0024683475494385,-6.530608019671514e-06,0.25450295058475775,3.164638491353867e-05,-3.403896500623848e-07,0.042220563959081,1.300202690885466e-05,-0.050406587319460606,-0.00020064806751358106,0.6446504105341284,-0.0763332128453245,-7.934801706746307e-05,0.2206793546798811
2.018244743347168,-6.525185273400263e-06,0.2544414461717094,3.223214868671123e-05,-2.8596822621276455e-07,0.04175937323630081,1.3238942550102049e-05,-0.05081121260207996,-0.0002034516817092232,0.6524119112962681,-0.07705640887980096,-8.033493309650418e-05,0.2231693028236153
2.022954225540161,-6.525185273400263e-06,0.2544414461717094,3.223214868671123e-05,-2.831085439506369e-07,0.041341779503937796,1.3106553124601029e-05,-0.05081121260207996,-0.0002034516817092232,0.6524119112962681,-0.07628584479100295,-7.953158376553913e-05,0.22093760979537916
2.037592649459839,-6.516563171338134e-06,0.25438085132883737,3.281839590341319e-05,-2.2310001380350697e-07,0.0408869673345113,1.337099863847177e-05,-0.051199693188317116,-0.00020622845160323376,0.6601376801385981,-0.07710795186283954,-8.063644951225407e-05,0.22376934224309955
2.043081045150757,-6.516563171338134e-06,0.25438085132883737,3.281839590341319e-05,-2.208690136654719e-07,0.04047809766116618,1.323728865208705e-05,-0.051199693188317116,-0.00020622845160323376,0.6601376801385981,-0.07633687234421115,-7.983008501713153e-05,0.22153164882066856
2.0619049072265625,-6.504790674314507e-06,0.25432111919433303,3.340513926988348e-05,-1.7251466172390072e-07,0.04004158455044668,1.3412534894486913e-05,-0.05157274161420664,-0.00020897859788819698,0.6678276641164399,-0.07679310461783577,-8.049508953364654e-05,0.2232203004283308
2.0655360221862793,-6.504790674314507e-06,0.25432111919433303,3.340513926988348e-05,-1.707895151066617e-07,0.03964116870494221,1.3278409545542043e-05,-0.05157274161420664,-0.00020897859788819698,0.6678276641164399,-0.07602517357165742,-7.969013863831007e-05,0.22098809742404749
2.0799131393432617,-6.489917521087043e-06,0.2542622005348738,3.3992396400729226e-05,-1.0649413727745924e-07,0.0392037761621165,1.3548469828779956e-05,-0.05193111774118697,-0.00021170235365526162,0.6754818001180105,-0.07684528709560119,-8.079045499946122e-05,0.22386818405594555
2.0838735103607178,-6.489917521087043e-06,0.2542622005348738,3.3992396400729226e-05,-1.0542919590468465e-07,0.03881173840049534,1.3412985130492157e-05,-0.05193111774118697,-0.00021170235365526162,0.6754818001180105,-0.07607683422464517,-7.998255044946661e-05,0.2216295022153861
2.0975377559661865,-6.471994412511553e-06,0.25420404863766966,3.4580189066099695e-05,-3.6274017340862224e-08,0.03838106331090964,1.3702821816916262e-05,-0.05227562186386049,-0.00021439996663709002,0.6831000127376754,-0.07696213117839608,-8.115942973529036e-05,0.22474592581507047
2.1006975173950195,-6.471994412511553e-06,0.25420404863766966,3.4580189066099695e-05,-3.5911277167453605e-08,0.03799725267780054,1.35657935987471e-05,-0.05227562186386049,-0.00021439996663709002,0.6831000127376754,-0.07619250986661212,-8.034783543793745e-05,0.22249846655691977
2.1176586151123047,-6.451073152547289e-06,0.2541466228821908,3.5168542373426146e-05,2.1094586414264516e-08,0.037583422818608186,1.3771796363137895e-05,-0.05260708617345509,-0.00021707170082119776,0.6906822137242068,-0.07674366641887118,-8.112127013152987e-05,0.22455110033371822
2.1209356784820557,-6.451073152547289e-06,0.2541466228821908,3.5168542373426146e-05,2.088364055012187e-08,0.03720758859042211,1.3634078399506515e-05,-0.05260708617345509,-0.00021707170082119776,0.6906822137242068,-0.07597622975468246,-8.031005743021456e-05,0.22230558933038103
2.141524314880371,-6.427206726519026e-06,0.2540898911026582,3.575748390009095e-05,6.878625776341433e-08,0.03680795780712657,1.3779302617147601e-05,-0.052926364709392895,-0.00021971783725161916,0.6982283030269195,-0.07628785812554746,-8.079332988786675e-05,0.2235910453576161
2.144817590713501,-6.427206726519026e-06,0.2540898911026582,3.575748390009095e-05,6.809839518578018e-08,0.036439878229055304,1.3641509590976125e-05,-0.052926364709392895,-0.00021971783725161916,0.6982283030269195,-0.07552497954429199,-7.998539658898808e-05,0.22135513490403994
2.1606316566467285,-6.400449315097424e-06,0.2540338308798383,3.634704279923777e-05,1.3190495436950132e-07,0.03604002985410846,1.3871824756870617e-05,-0.05323432208046648,-0.00022233867390163186,0.7057381713530497,-0.07615165253041246,-8.084392753490259e-05,0.22368909076026058
2.164105176925659,-6.400449315097424e-06,0.2540338308798383,3.634704279923777e-05,1.305859048258063e-07,0.035679629555567374,1.3733106509301911e-05,-0.05323432208046648,-0.00022233867390163186,0.7057381713530497,-0.07539013600510834,-8.003548825955356e-05,0.221452199852658
2.1791443824768066,-6.370856235115953e-06,0.2539784299196282,3.69372488999331e-05,1.9900194943552046e-07,0.035285995571550884,1.3981588359517579e-05,-0.05353182136029306,-0.00022493452458218518,0.7132117040530532,-0.07607629157013522,-8.096193685877907e-05,0.2239979270467867
2.1824941635131836,-6.370856235115953e-06,0.2539784299196282,3.69372488999331e-05,1.9701192994116525e-07,0.03493313561583537,1.3841772475922402e-05,-0.05353182136029306,-0.00022493452458218518,0.7132117040530532,-0.07531552865443387,-8.015231749019128e-05,0.22175794777631883
2.2003231048583984,-6.338483806694226e-06,0.2539236856865428,3.7528131825974084e-05,2.5543757908828653e-07,0.03455309899870488,1.4028977454544989e-05,-0.053819711645984286,-0.00022750571692620118,0.7206487860715945,-0.0757665289190692,-8.079320384650146e-05,0.2235374015346422
2.2039761543273926,-6.338483806694226e-06,0.2539236856865428,3.7528131825974084e-05,2.5288320329740364e-07,0.03420756800871783,1.3888687679999538e-05,-0.053819711645984286,-0.00022750571692620118,0.7206487860715945,-0.0750088636298785,-7.998527180803645e-05,0.22130202751929576
2.2188868522644043,-6.30338915971969e-06,0.2538696044628534,3.811972015659864e-05,3.2442809819643423e-07,0.03382922224895342,1.413939035227095e-05,-0.05409881580690899,-0.0002300525895624608,0.7280493076448945,-0.07568648130210755,-8.089335847357865e-05,0.22384614288076396
2.222379446029663,-6.30338915971969e-06,0.2538696044628534,3.811972015659864e-05,3.211838172144699e-07,0.03349093002646388,1.399799644874824e-05,-0.05409881580690899,-0.0002300525895624608,0.7280493076448945,-0.07492961648908647,-8.008442488884286e-05,0.2216076814519563
2.2375733852386475,-6.265629983053917e-06,0.25381619999935845,3.871204065086349e-05,3.924521887216116e-07,0.033120872198075815,1.4240598922998513e-05,-0.05436991894089816,-0.00023257548864891498,0.7354131703922474,-0.07557000683358356,-8.094342903495458e-05,0.2240381018800042
2.2419939041137695,-6.265629983053917e-06,0.25381619999935845,3.871204065086349e-05,3.885276668343955e-07,0.032789663476095056,1.4098192933768528e-05,-0.05436991894089816,-0.00023257548864891498,0.7354131703922474,-0.07481430676524772,-8.013399474460503e-05,0.22179772086120417
2.259913206100464,-6.2252642285109326e-06,0.25376349191249437,3.930511755409478e-05,4.4927973055233063e-07,0.03243235270271439,1.4281840285917044e-05,-0.054633758002956646,-0.00023507476397640326,0.7427402934414763,-0.0752352127110823,-8.072645273745103e-05,0.22350078449329183
2.265371084213257,-6.2252642285109326e-06,0.25376349191249437,3.930511755409478e-05,4.4478693324680734e-07,0.032108029175687246,1.4139021883057874e-05,-0.054633758002956646,-0.00023507476397640326,0.7427402934414763,-0.07448286058397148,-7.991918821007652e-05,0.22126577664835892
2.2776923179626465,-6.182349790669127e-06,0.25371150396592784,3.989897200325878e-05,5.364586090325365e-07,0.03174475510370303,1.4470117515989795e-05,-0.05489101298572111,-0.00023755076487251198,0.7500306192435768,-0.07542526528295118,-8.112753334394187e-05,0.22472817857987523
2.283024311065674,-6.182349790669127e-06,0.25371150396592784,3.989897200325878e-05,5.310940229422112e-07,0.031427307552666,1.4325416340829897e-05,-0.05489101298572111,-0.00023755076487251198,0.7500306192435768,-0.07467101263012167,-8.031625801050246e-05,0.22248089679407648
2.2966582775115967,-6.136944176450029e-06,0.2536602623543556,4.049362154161144e-05,6.145182661589775e-07,0.03107545069105884,1.4609501773266887e-05,-0.05514229992339619,-0.0002400038361361215,0.7572841187678896,-0.07543780389057864,-8.130992776274525e-05,0.22535976038896963
2.3003039360046387,-6.136944176450029e-06,0.2536602623543556,4.049362154161144e-05,6.083730834973876e-07,0.03076469618414825,1.4463406755534218e-05,-0.05514229992339619,-0.0002400038361361215,0.7572841187678896,-0.07468342585167285,-8.04968284851178e-05,0.22310616278507991
2.317697763442993,-6.089104184404607e-06,0.2536097940845101,4.108907975139108e-05,6.732778162579287e-07,0.03042803417877012,1.465402180505003e-05,-0.05538816587425266,-0.00024243431421475884,0.7645007958216853,-0.07511440320593013,-8.108681966708634e-05,0.2248559096930619
2.3221232891082764,-6.089104184404607e-06,0.2536097940845101,4.108907975139108e-05,6.665450380953494e-07,0.030123753836982417,1.4507481586999529e-05,-0.05538816587425266,-0.00024243431421475884,0.7645007958216853,-0.07436325917387082,-8.027595147041548e-05,0.2226073505961313
2.3370931148529053,-6.038885599394561e-06,0.2535601255248736,4.168535600565389e-05,7.439929099187995e-07,0.02978933718443271,1.4752281746506287e-05,-0.055629085922507523,-0.00024484252380581415,0.7716806903021192,-0.07497856460794652,-8.107858408281242e-05,0.22498379268197102
2.343384027481079,-6.038885599394561e-06,0.2535601255248736,4.168535600565389e-05,7.365529808196115e-07,0.029491443812588385,1.4604758929041223e-05,-0.055629085922507523,-0.00024484252380581415,0.7716806903021192,-0.07422877896186705,-8.02677982419843e-05,0.22273395475515131
2.358008861541748,-5.986342925940881e-06,0.25351128117271937,4.228245533866881e-05,8.169164466232912e-07,0.029163131150583933,1.4858139779117005e-05,-0.05586546213781951,-0.00024722877502077347,0.7788238802588778,-0.07486795351141168,-8.109276974444767e-05,0.2251942535200508
2.3624613285064697,-5.986342925940881e-06,0.25351128117271937,4.228245533866881e-05,8.087472821570583e-07,0.028871499839078094,1.4709558381325834e-05,-0.05586546213781951,-0.00024722877502077347,0.7788238802588778,-0.07411927397629756,-8.02818420470032e-05,0.2229423109848503
2.376253366470337,-5.93152916525174e-06,0.25346328266599316,4.288037842996038e-05,8.953776171505494e-07,0.02854798323787419,1.4986393108547735e-05,-0.0560976243461348,-0.0002495933612058053,0.7859304827173743,-0.07483311109704198,-8.118859959381889e-05,0.22565873301180675
2.3803629875183105,-5.93152916525174e-06,0.25346328266599316,4.288037842996038e-05,8.864238409790439e-07,0.02826250340549545,1.4836529177462258e-05,-0.0560976243461348,-0.0002495933612058053,0.7859304827173743,-0.07408477998607156,-8.03767135978807e-05,0.22340214568168867
2.398560047149658,-5.874495638935174e-06,0.2534161480490911,4.347912169189807e-05,9.506023069191043e-07,0.027953976047776535,1.5009764251818971e-05,-0.056325832502614755,-0.0002519365574645343,0.7930006532803964,-0.0744394385645082,-8.085642786677436e-05,0.22489792789593882
2.4014804363250732,-5.874495638935174e-06,0.2534161480490911,4.347912169189807e-05,9.410962838499132e-07,0.02767443628729877,1.4859666609300782e-05,-0.056325832502614755,-0.0002519365574645343,0.7930006532803964,-0.07369504417886312,-8.004786358810661e-05,0.22264894861697943
2.4175777435302734,-5.815291868188149e-06,0.2533698912863348,4.4078677449882155e-05,1.0156414735742054e-06,0.02736895621227874,1.5074949826372365e-05,-0.05655028041657225,-0.00025425861988522967,0.8000345845867609,-0.07418839971970315,-8.06845878626181e-05,0.2246176319130964
2.4208083152770996,-5.815291868188149e-06,0.2533698912863348,4.4078677449882155e-05,1.0054850588384633e-06,0.027095266650155953,1.4924200328108641e-05,-0.05655028041657225,-0.00025425861988522967,0.8000345845867609,-0.07344651572250611,-7.987774198399192e-05,0.22237145559396543
2.436263084411621,-5.753965505006796e-06,0.2533245220051464,4.467903420168824e-05,1.0842883938183173e-06,0.026794957817547194,1.5154306497410784e-05,-0.05677110055829458,-0.00025655978543599517,0.8070325037557963,-0.07398519637968386,-8.056180146740823e-05,0.2244954182526616
2.4414761066436768,-5.753965505006796e-06,0.2533245220051464,4.467903420168824e-05,1.0734455098801341e-06,0.02652700823937172,1.5002763432436676e-05,-0.05677110055829458,-0.00025655978543599517,0.8070325037557963,-0.07324534441588702,-7.975618345273415e-05,0.22225046407013496
2.464860439300537,-5.690562307842573e-06,0.2532800454425779,4.528017694038003e-05,1.1223502159430162e-06,0.026242718346169522,1.5103668787607643e-05,-0.05698836967543106,-0.00025884027246112623,0.8139946689844089,-0.07334888730451478,-7.99293931698813e-05,0.22288696718843187
2.470775842666626,-5.690562307842573e-06,0.2532800454425779,4.528017694038003e-05,1.111126713783586e-06,0.025980291162707825,1.4952632099731566e-05,-0.05698836967543106,-0.00025884027246112623,0.8139946689844089,-0.07261539843146962,-7.913009923818249e-05,0.22065809751654755
2.480992078781128,-5.62512616937945e-06,0.25323646256370713,4.5882087525359416e-05,1.2385695224375311e-06,0.025677827848510554,1.537796907330741e-05,-0.05720211495856911,-0.00026110028168942515,0.8209213654881775,-0.07379046570449167,-8.053988041661664e-05,0.22496294532901465
2.4862637519836426,-5.62512616937945e-06,0.25323646256370713,4.5882087525359416e-05,1.2261838272131557e-06,0.025421049570025448,1.5224189382574337e-05,-0.05720211495856911,-0.00026110028168942515,0.8209213654881775,-0.07305256104744676,-7.973448161245047e-05,0.2227133158757245
2.4994328022003174,-5.557699174050722e-06,0.25319377031810514,4.648474508720332e-05,1.3229606516714593e-06,0.02513442045604626,1.5518283786529062e-05,-0.05741232051779006,-0.0002633399976517376,0.827812900989444,-0.07378745161770206,-8.062856891521081e-05,0.2255124821967928
2.5024890899658203,-5.557699174050722e-06,0.25319377031810514,4.648474508720332e-05,1.3097310451547447e-06,0.024883076251485798,1.536310094866377e-05,-0.05741232051779006,-0.0002633399976517376,0.827812900989444,-0.07304957710152504,-7.98222832260587e-05,0.22325735737482486
2.516613245010376,-5.4883216915236185e-06,0.25315196200060747,4.708812644965149e-05,1.3997153229855353e-06,0.024604644912577207,1.5625957397134838e-05,-0.05761893396067788,-0.0002655595903993332,0.8346696009546569,-0.07367656768130838,-8.058621114731424e-05,0.22568801080471715
2.5215721130371094,-5.4883216915236185e-06,0.25315196200060747,4.708812644965149e-05,1.3857181697556799e-06,0.024358598463451436,1.5469697823163488e-05,-0.05761893396067788,-0.0002655595903993332,0.8346696009546569,-0.0729398020044953,-7.97803490358411e-05,0.22343113069666998
2.541219711303711,-5.417032489893747e-06,0.2531110276844681,4.76922065571731e-05,1.446960730442166e-06,0.02409417822158987,1.5614632555386268e-05,-0.0578218728942425,-0.00026775921741621145,0.8414918037719037,-0.07317992149213892,-8.00949045622458e-05,0.22453260357536559
2.545342445373535,-5.417032489893747e-06,0.2531110276844681,4.76922065571731e-05,1.4324911231377442e-06,0.02385323643937397,1.5458486229832405e-05,-0.0578218728942425,-0.00026775921741621145,0.8414918037719037,-0.07244812227721753,-7.929395551662333e-05,0.22228727753961192
2.561899423599243,-5.343868867026439e-06,0.2530709546981106,4.829695889526006e-05,1.5084433587965688e-06,0.02359050099804962,1.5659723479450113e-05,-0.05802103120594792,-0.00026993902562550304,0.8482798560397427,-0.07286660061325924,-7.980849102034239e-05,0.22400351418062453
2.5660998821258545,-5.343868867026439e-06,0.2530709546981106,4.829695889526006e-05,1.4933589252086032e-06,0.023354595988069122,1.5503126244655613e-05,-0.05802103120594792,-0.00026993902562550304,0.8482798560397427,-0.07213793460712664,-7.901040611013897e-05,0.2217634790388183
2.5836167335510254,-5.268866784901797e-06,0.2530317281206316,4.890235589279441e-05,1.5648286725629494e-06,0.023098656407394082,1.5684651340981558e-05,-0.05821628501061059,-0.00027209915340149435,0.8550341081124799,-0.07248974931922109,-7.944437743351823e-05,0.22325102075689376
2.5869014263153076,-5.268866784901797e-06,0.2530317281206316,4.890235589279441e-05,1.5491803858373198e-06,0.022867669843320143,1.5527804827571743e-05,-0.05821628501061059,-0.00027209915340149435,0.8550341081124799,-0.07176485182602887,-7.864993365918305e-05,0.22101851054932484
2.59977126121521,-5.1920610141963575e-06,0.25299333127553686,4.9508369300960534e-05,1.6527214991835739e-06,0.022609158387343262,1.5830904187894817e-05,-0.05840749817908233,-0.00027423973251295395,0.8617549100173602,-0.07249816534332693,-7.951360778140438e-05,0.2238270384933032
2.6051294803619385,-5.1920610141963575e-06,0.25299333127553686,4.9508369300960534e-05,1.636194284191738e-06,0.02238306680346983,1.567259514601587e-05,-0.05840749817908233,-0.00027423973251295395,0.8617549100173602,-0.07177318368989366,-7.871847170359033e-05,0.22158876810837017
2.6171891689300537,-5.113485270397594e-06,0.25295574620656375,5.011497053900039e-05,1.7483585416141534e-06,0.022128070269093535,1.600533754203313e-05,-0.05859452739060622,-0.0002763608899390056,0.8684426078280506,-0.072593456542595,-7.967547274588131e-05,0.2247030906272348
2.6205055713653564,-5.113485270397594e-06,0.25295574620656375,5.011497053900039e-05,1.730874956198012e-06,0.0219067895664026,1.58452841666128e-05,-0.05859452739060622,-0.0002763608899390056,0.8684426078280506,-0.07186752197716904,-7.88787180184225e-05,0.22245605972096247
2.6361968517303467,-5.033172344455512e-06,0.25291895412358434,5.072213100618579e-05,1.8134739061564742e-06,0.021664274203551184,1.60632307644506e-05,-0.05877722667319349,-0.00027846274951466566,0.8750975405483152,-0.07232284797930653,-7.94175824173712e-05,0.22430860205390965
2.6426753997802734,-5.033172344455512e-06,0.25291895412358434,5.072213100618579e-05,1.7953391670949095e-06,0.02144763146151567,1.5902598456806095e-05,-0.05877722667319349,-0.00027846274951466566,0.8750975405483152,-0.07159961949951346,-7.862340659319749e-05,0.22206551603337055
2.6642251014709473,-4.951154226078134e-06,0.2528829358103308,5.132982235518183e-05,1.8509377816650717e-06,0.021216441083346877,1.6017789861510327e-05,-0.05895545141526613,-0.0002805454333782746,0.8817200375315504,-0.07173258182035964,-7.879459162311159e-05,0.22279955525551823
2.667304515838623,-4.951154226078134e-06,0.2528829358103308,5.132982235518183e-05,1.832428403848421e-06,0.02100427667251341,1.5857611962895222e-05,-0.05895545141526613,-0.0002805454333782746,0.8817200375315504,-0.07101525600215605,-7.800664570688047e-05,0.22057155970296305
2.680272102355957,-4.8674622144385555e-06,0.2528476719889118,5.1938016727767266e-05,1.9376448989088053e-06,0.020767040089560422,1.615495577652593e-05,-0.05912906184728935,-0.0002826090632067626,0.888310416437096,-0.07170609924007738,-7.880227442092089e-05,0.22325295261329914
2.6834475994110107,-4.8674622144385555e-06,0.2528476719889118,5.1938016727767266e-05,1.9182684499197174e-06,0.020559369688664817,1.599340621876067e-05,-0.05912906184728935,-0.0002826090632067626,0.888310416437096,-0.0709890382476766,-7.801425167671169e-05,0.22102042308716616
2.698312997817993,-4.7821270150692515e-06,0.25281314363875634,5.2546686952293235e-05,2.007975706737649e-06,0.020330548666012513,1.623136461200659e-05,-0.05929792600443816,-0.00028465376123634306,0.8948689817037238,-0.07149269199338534,-7.859533486627608e-05,0.22305352778439058
2.7036430835723877,-4.7821270150692515e-06,0.25281314363875634,5.2546686952293235e-05,1.9878959496702725e-06,0.020127243179352387,1.6069050965886525e-05,-0.05929792600443816,-0.00028465376123634306,0.8948689817037238,-0.07077776507345149,-7.780938151761332e-05,0.22082299250654666
2.722395181655884,-4.695178826728823e-06,0.25277933226971516,5.315580670499174e-05,2.0552088181604465e-06,0.019907940037704894,1.6223912172573156e-05,-0.059461922190820145,-0.00028667965107590524,0.9013960235047874,-0.07102517187568513,-7.809989912207719e-05,0.22196297701493836
2.7279276847839355,-4.695178826728823e-06,0.25277933226971516,5.315580670499174e-05,2.034656729978842e-06,0.019708860637327845,1.6061673050847424e-05,-0.059461922190820145,-0.00028667965107590524,0.9013960235047874,-0.07031492015692828,-7.731890013085642e-05,0.21974334724478897
2.7475459575653076,-4.606647415681496e-06,0.25274622015062076,5.3765350637496764e-05,2.0984686016427487e-06,0.019494893830547894,1.6202788838042503e-05,-0.05962094097274784,-0.0002886868583273985,0.9078918171381992,-0.07051823712054581,-7.755719735772032e-05,0.22073154239427428
2.7520601749420166,-4.606647415681496e-06,0.25274622015062076,5.3765350637496764e-05,2.0774839156263214e-06,0.019299944892242415,1.604076094966208e-05,-0.05962094097274784,-0.0002886868583273985,0.9078918171381992,-0.06981305474934035,-7.678162538414312e-05,0.21852422697033153
2.7675817012786865,-4.516562174718439e-06,0.2527137904956982,5.437529447316517e-05,2.16409141308315e-06,0.019086052105236208,1.6261854628035755e-05,-0.05977488673335568,-0.0002906755110325528,0.9143566227973823,-0.07025235582260915,-7.727978666771527e-05,0.2203469510333225
2.7718284130096436,-4.516562174718439e-06,0.2527137904956982,5.437529447316517e-05,2.1424504989523187e-06,0.018895191584183846,1.6099236081755398e-05,-0.05977488673335568,-0.0002906755110325528,0.9143566227973823,-0.06954983226438306,-7.650698880103811e-05,0.21814348152298926
2.78592848777771,-4.4249521756045925e-06,0.2526820276119099,5.4985615075620905e-05,2.240324495295109e-06,0.018683712923581695,1.635833382857228e-05,-0.05992367882381458,-0.0002926457399682025,0.9207906856661346,-0.07009730190471712,-7.71218834027288e-05,0.22035390528681328
2.7905311584472656,-4.4249521756045925e-06,0.2526820276119099,5.4985615075620905e-05,2.217921250342158e-06,0.018496875794345877,1.6194750490286556e-05,-0.05992367882381458,-0.0002926457399682025,0.9207906856661346,-0.06939632888566995,-7.635066456870151e-05,0.21815036623394515
2.8081912994384766,-4.331846211166943e-06,0.25265091701068104,5.559629049250035e-05,2.29184474146539e-06,0.018294290758062326,1.636830093514281e-05,-0.06006725234782171,-0.0002945976788135387,0.9271942362803092,-0.06968747742404863,-7.667813072355316e-05,0.2194594172983435
2.8134994506835938,-4.331846211166943e-06,0.25265091701068104,5.559629049250035e-05,2.2689262940507363e-06,0.018111347850481702,1.6204617925791382e-05,-0.06006725234782171,-0.0002945976788135387,0.9271942362803092,-0.06899060264980814,-7.591134941631763e-05,0.21726482312536008
2.825871229171753,-4.2372728269137685e-06,0.25262044548757207,5.620729997762868e-05,2.384612446224662e-06,0.017905604511545523,1.652159837920014e-05,-0.0602055586162291,-0.00029653146421240544,0.9335674911016798,-0.06969650343364688,-7.66942390405609e-05,0.22005217652771192
2.8308403491973877,-4.2372728269137685e-06,0.25262044548757207,5.620729997762868e-05,2.3607663217624152e-06,0.017726548466430066,1.6356382395408138e-05,-0.0602055586162291,-0.00029653146421240544,0.9335674911016798,-0.0689995383993104,-7.59272966501553e-05,0.2178516547624348
2.846277952194214,-4.141260349643936e-06,0.25259060117339344,5.6818623995079305e-05,2.448990090272435e-06,0.0175299507649938,1.6576798162581908e-05,-0.06033856530789767,-0.00029844723575225655,0.9399106532536432,-0.06941983595588107,-7.639161964796318e-05,0.21963012709763688
2.8515074253082275,-4.141260349643936e-06,0.25259060117339344,5.6818623995079305e-05,2.424500189369711e-06,0.01735465125734386,1.641103018095609e-05,-0.06033856530789767,-0.00029844723575225655,0.9399106532536432,-0.06872563759632226,-7.562770345148355e-05,0.21743382582666052
2.8687057495117188,-4.0438369041414886e-06,0.2525613735600792,5.7430244207066065e-05,2.5014608777251237e-06,0.017164110293746936,1.659165648825748e-05,-0.0604662563713795,-0.00030034513587928844,0.9462239133738704,-0.06902756396988102,-7.595891371198374e-05,0.21879533632616227
2.873671770095825,-4.0438369041414886e-06,0.2525613735600792,5.7430244207066065e-05,2.4764462689478725e-06,0.016992469190809465,1.6425739923374906e-05,-0.0604662563713795,-0.00030034513587928844,0.9462239133738704,-0.06833728833018221,-7.51993245748639e-05,0.21660738296290064
2.891284465789795,-3.945030430089886e-06,0.25253275350437543,5.804214344934314e-05,2.5512934769384283e-06,0.016806294828398623,1.6598167225837147e-05,-0.06058863170007314,-0.00030222530976655316,0.9525074505451129,-0.06861258805687442,-7.549873500151465e-05,0.21787841159414142
2.894930839538574,-3.945030430089886e-06,0.25253275350437543,5.804214344934314e-05,2.525780542169044e-06,0.016638231880114637,1.6432185553578776e-05,-0.06058863170007314,-0.00030222530976655316,0.9525074505451129,-0.06792646217630569,-7.474374765149951e-05,0.2156996274782
2.911572217941284,-3.844868692638679e-06,0.2525047332121216,5.8654305695227335e-05,2.6067637786635163e-06,0.016455011841513358,1.6624254559878434e-05,-0.06070570661126943,-0.00030408790514905454,0.9587614332716258,-0.06825420268383894,-7.509806322867351e-05,0.21716397678793503
2.915839910507202,-3.844868692638679e-06,0.2525047332121216,5.8654305695227335e-05,2.5806961408768812e-06,0.016290461723098223,1.645801201427965e-05,-0.06070570661126943,-0.00030408790514905454,0.9587614332716258,-0.06757166065700056,-7.434708259638677e-05,0.21499233702005568
2.9536612033843994,-3.6405896508014493e-06,0.2524504672762948,5.987936050279668e-05,2.6494267776128623e-06,0.016113209123460603,1.6607116548291026e-05,-0.06092408929379525,-0.00030776096301510925,0.9711813624866196,-0.06777208537809139,-7.455846572622377e-05,0.21600774986392612
2.958031177520752,-3.6405896508014493e-06,0.2524504672762948,5.987936050279668e-05,2.6229325098367334e-06,0.015952077032225998,1.6441045382808115e-05,-0.06092408929379525,-0.00030776096301510925,0.9711813624866196,-0.06709436452431047,-7.381288106896153e-05,0.21384767236528687
2.9741127490997314,-3.5365270490286074e-06,0.2524242124247319,6.049222626184469e-05,2.70906529345797e-06,0.01577623021710268,1.66455621235985e-05,-0.06102549793118877,-0.0003095717320356768,0.9773476020265444,-0.06744211872578541,-7.418123730552274e-05,0.2154062865657876
2.9776155948638916,-3.5365270490286074e-06,0.2524242124247319,6.049222626184469e-05,2.6819746405233904e-06,0.015618467914931652,1.6479106502362514e-05,-0.06102549793118877,-0.0003095717320356768,0.9773476020265444,-0.06676769753852756,-7.343942493246751e-05,0.21325222370012972
2.9878361225128174,-3.431218590726179e-06,0.2523985387897693,6.110530129987472e-05,2.8331667371014476e-06,0.015437163564827638,1.6894857549714187e-05,-0.06112180588719165,-0.0003113655352066039,0.9834848751476135,-0.06769083942381814,-7.442871661118028e-05,0.21691076296156125
2.992328405380249,-3.431218590726179e-06,0.2523985387897693,6.110530129987472e-05,2.8048350697304332e-06,0.015282791929179362,1.6725908974217045e-05,-0.06112180588719165,-0.0003113655352066039,0.9834848751476135,-0.06701393102957995,-7.368442944506848e-05,0.21474165533194564
3.0071215629577637,-3.3246912153952367e-06,0.25237344456845406,6.171857448494172e-05,2.900594559085135e-06,0.015113000616291712,1.6959773743960892e-05,-0.06121309276444869,-0.00031314253007955537,0.9895933121460863,-0.06743462698663781,-7.412661344150819e-05,0.216577257479155
3.011814832687378,-3.3246912153952367e-06,0.25237344456845406,6.171857448494172e-05,2.8715886134942834e-06,0.014961870610128795,1.679017600652128e-05,-0.06121309276444869,-0.00031314253007955537,0.9895933121460863,-0.06676028071677143,-7.338534730709311e-05,0.21441148490436343
3.0292179584503174,-3.216971691267143e-06,0.2523489289283422,6.233203547452743e-05,2.9487941284532557e-06,0.014798164989683154,1.6963262527259914e-05,-0.06129944776969058,-0.0003149028755376395,0.9956730384276277,-0.06701297305127336,-7.364371452733892e-05,0.21563780588571038
3.0356099605560303,-3.216971691267143e-06,0.2523489289283422,6.233203547452743e-05,2.9193061871687233e-06,0.014650183339786323,1.6793629901987314e-05,-0.06129944776969058,-0.0003149028755376395,0.9956730384276277,-0.06634284332076062,-7.290727738206553e-05,0.21348142782685328
3.05086350440979,-3.1080866092792832e-06,0.2523249919136601,6.29456746460962e-05,3.0117203466722856e-06,0.014487988753975181,1.7014755586774534e-05,-0.06138096849280131,-0.0003166467315834594,1.0017241753271098,-0.06672156096527884,-7.329896428479917e-05,0.21517468987974325
3.0564160346984863,-3.1080866092792832e-06,0.2523249919136601,6.29456746460962e-05,2.9816031432055627e-06,0.014343108866435429,1.684460803090679e-05,-0.06138096849280131,-0.0003166467315834594,1.0017241753271098,-0.06605434535562606,-7.256597464195118e-05,0.21302294298094582
3.0756208896636963,-2.9980623725987515e-06,0.25230163434676633,6.35594830288625e-05,3.0489627572747676e-06,0.014187515456882011,1.698518958859893e-05,-0.06145775966233727,-0.00031837425912713735,1.0077468408799635,-0.06621537461737195,-7.272160258912954e-05,0.21391945905755916
3.0804224014282227,-2.9980623725987515e-06,0.25230163434676633,6.35594830288625e-05,3.01847312970202e-06,0.01404564030231319,1.6815337692712942e-05,-0.06145775966233727,-0.00031837425912713735,1.0077468408799635,-0.06555322087119823,-7.199438656323824e-05,0.21178026446698356
3.09494686126709,-2.8869251893751086e-06,0.2522788577263262,6.417345223437794e-05,3.1175376239908994e-06,0.013889502342372363,1.7055807998080703e-05,-0.061529931893339385,-0.00032008561977391547,1.0137411505440244,-0.06597596311980056,-7.242808844174396e-05,0.21364646637179394
3.098527431488037,-2.8869251893751086e-06,0.2522788577263262,6.417345223437794e-05,3.08636224775099e-06,0.01375060731894864,1.6885249918099895e-05,-0.061529931893339385,-0.00032008561977391547,1.0137411505440244,-0.06531620348860255,-7.170380755732653e-05,0.211510001708076
3.116741418838501,-2.7747010600396427e-06,0.25225666412358816,6.478757438913954e-05,3.1591572356078395e-06,0.013600916326451998,1.7042256915734164e-05,-0.06159760044254623,-0.00032178097561080587,1.0197072178713529,-0.06551655957823886,-7.189754180283978e-05,0.21255750503190035
3.1219232082366943,-2.7747010600396427e-06,0.25225666412358816,6.478757438913954e-05,3.127565663251761e-06,0.013464907163187479,1.687183434657682e-05,-0.06159760044254623,-0.00032178097561080587,1.0197072178713529,-0.06486139398245647,-7.117856638481138e-05,0.21043192998158133
3.1580216884613037,-2.5470948540902432e-06,0.25221403649445334,6.601624823300815e-05,3.201759651773054e-06,0.013318449390339493,1.703195891322003e-05,-0.06171990342845142,-0.0003251243223243846,1.031555073873743,-0.06506463008824154,-7.13718228899863e-05,0.21149741070698072
3.1627652645111084,-2.5470948540902432e-06,0.25221403649445334,6.601624823300815e-05,3.1697420552553238e-06,0.013185264896436098,1.686163932408783e-05,-0.06171990342845142,-0.0003251243223243846,1.031555073873743,-0.06441398378735912,-7.065810466108644e-05,0.2093824365999109
3.1745312213897705,-2.4317636263496664e-06,0.2521936085406201,6.663078616658343e-05,3.301119307989546e-06,0.013036050338221278,1.719748320800679e-05,-0.06177478076998617,-0.0003267726378500284,1.0374370854647266,-0.06506244828977047,-7.13196015121769e-05,0.2121180151795073
3.1797034740448,-2.4317636263496664e-06,0.2521936085406201,6.663078616658343e-05,3.268108114909651e-06,0.012905689834839066,1.7025508375926724e-05,-0.06177478076998617,-0.0003267726378500284,1.0374370854647266,-0.06441182380687276,-7.060640549705513e-05,0.20999683502771221
3.1953930854797363,-2.315447121512768e-06,0.25217377555036447,6.724544941979645e-05,3.3583388908216808e-06,0.01276399209830748,1.7233559440902328e-05,-0.06182563802055188,-0.00032840559743293644,1.043291301539898,-0.06473008236866197,-7.091604465535206e-05,0.21150203657566777
3.198619842529297,-2.315447121512768e-06,0.25217377555036447,6.724544941979645e-05,3.324755501913464e-06,0.012636352177324405,1.7061223846493304e-05,-0.06182563802055188,-0.00032840559743293644,1.043291301539898,-0.06408278154497535,-7.020688420879853e-05,0.2093870162099111
3.2185401916503906,-2.1981701003809636e-06,0.2521545409296639,6.786023175520977e-05,3.388790037015914e-06,0.01250033289389259,1.7188571492622803e-05,-0.06187259619410641,-0.000330023362345289,1.0491178344294916,-0.06419452112463431,-7.029681220054187e-05,0.21011968564032152
3.2233784198760986,-2.1981701003809636e-06,0.2521545409296639,6.786023175520977e-05,3.3549021366457546e-06,0.012375329564953663,1.7016685777696573e-05,-0.06187259619410641,-0.000330023362345289,1.0491178344294916,-0.06355257591338796,-6.959384407853645e-05,0.2080184887839183
3.2578041553497314,-1.9608320739755966e-06,0.25211788026190457,6.909012948931344e-05,3.434731734552355e-06,0.012240927069115894,1.7191341752066176e-05,-0.061955288896994296,-0.0003332139490419735,1.0606883055761,-0.06377872984337024,-6.980046357147612e-05,0.20918705287592024
3.262899875640869,-1.9608320739755966e-06,0.25211788026190457,6.909012948931344e-05,3.4003844172068313e-06,0.012118517798424735,1.7019428334545513e-05,-0.061955288896994296,-0.0003332139490419735,1.0606883055761,-0.06314094254493653,-6.910245893576136e-05,0.20709518234716104
3.273078680038452,-1.8408190643109173e-06,0.25210046063157443,6.970523304717854e-05,3.559404394042934e-06,0.011980218995761514,1.743233390765694e-05,-0.06199125255557805,-0.0003347870885660421,1.0664324749818548,-0.06395139637500544,-6.991545141355965e-05,0.2104803026014871
3.2782857418060303,-1.8408190643109173e-06,0.25210046063157443,6.970523304717854e-05,3.5238103501025042e-06,0.011860416805803898,1.725801056858037e-05,-0.06199125255557805,-0.0003347870885660421,1.0664324749818548,-0.06331188241125538,-6.921629689942406e-05,0.20837549957547222
3.2930221557617188,-1.7199414990724725e-06,0.25208365206460764,7.032043192839403e-05,3.6224728422511635e-06,0.01173040649751743,1.7488183473668315e-05,-0.06202377399979881,-0.0003363456685214818,1.0721494239668203,-0.06366776149243104,-6.955263096664929e-05,0.2100430996798245
3.298593759536743,-1.7199414990724725e-06,0.25208365206460764,7.032043192839403e-05,3.586248113828652e-06,0.011613102432542256,1.731330163893163e-05,-0.06202377399979881,-0.0003363456685214818,1.0721494239668203,-0.06303108387750674,-6.88571046569828e-05,0.20794266868302627
3.315056324005127,-1.5982225251397965e-06,0.25206745715396633,7.093572029842218e-05,3.670745882155709e-06,0.01148713399554393,1.750068247760215e-05,-0.062052957164762286,-0.00033788984424789725,1.0778392727521946,-0.06327994770992497,-6.908000709840664e-05,0.2092058345580477
3.319544792175293,-1.5982225251397965e-06,0.25206745715396633,7.093572029842218e-05,3.6340384233341515e-06,0.01137226265558849,1.732567565282613e-05,-0.062052957164762286,-0.00033788984424789725,1.0778392727521946,-0.06264714823282572,-6.838920702742257e-05,0.2071137762124672
3.331428289413452,-1.4756849231385883e-06,0.252051878150521,7.155109230435384e-05,3.765108916828409e-06,0.011245430254628985,1.765183426972227e-05,-0.06207890083083882,-0.00033941976937913585,1.083502143657386,-0.06323025000941766,-6.895541667699063e-05,0.20965194616725166
3.3361032009124756,-1.4756849231385883e-06,0.252051878150521,7.155109230435384e-05,3.727457827660125e-06,0.011132975952082695,1.7475315927025048e-05,-0.06207890083083882,-0.00033941976937913585,1.083502143657386,-0.06259794750932349,-6.826586251022073e-05,0.20755542670557914
3.356034517288208,-1.3523511002115363e-06,0.2520369169236457,7.216654205325851e-05,3.790386534825316e-06,0.011014139804175293,1.7598314807512733e-05,-0.062101698280562244,-0.0003409355957056174,1.089138161155585,-0.06268821307894482,-6.832111353511814e-05,0.20821540206206884
3.3708066940307617,-1.3523511002115363e-06,0.2520369169236457,7.216654205325851e-05,3.7524826694770627e-06,0.01090399840613354,1.7422331659437605e-05,-0.062101698280562244,-0.0003409355957056174,1.089138161155585,-0.062061330948155365,-6.763790239976696e-05,0.20613324804144814
3.3773577213287354,-1.2282430758884101e-06,0.25202257493079405,7.278206359516507e-05,4.020972795518511e-06,0.010773065693715335,1.8153973627120204e-05,-0.062121437054939735,-0.0003424374730553527,1.0947474518824798,-0.06360505870139413,-6.918422300584958e-05,0.2123563740318537
3.3875932693481445,-1.2282430758884101e-06,0.25202257493079405,7.278206359516507e-05,3.980763067563326e-06,0.010665335036778181,1.7972433890849e-05,-0.062121437054939735,-0.0003424374730553527,1.0947474518824798,-0.06296900811438019,-6.849238077579109e-05,0.21023281029153515
3.394251823425293,-1.1033824797564563e-06,0.2520088531958705,7.339765091020032e-05,4.243125753916667e-06,0.01053807401696924,1.8683905185258048e-05,-0.062138198805323286,-0.0003439255491948351,1.100330144600981,-0.06445430583960629,-6.997248093078197e-05,0.2162436178675731
3.399466037750244,-1.1033824797564563e-06,0.2520088531958705,7.339765091020032e-05,4.2006944963775e-06,0.010432693276799547,1.8497066133405466e-05,-0.062138198805323286,-0.0003439255491948351,1.100330144600981,-0.06380976278121023,-6.927275612147416e-05,0.21408118168889737
3.4162392616271973,-9.777905388902125e-07,0.25199575229605714,7.401329790010775e-05,4.27906409335757e-06,0.0103205557447808,1.8665859733088417e-05,-0.06215205923563326,-0.00034539996975040864,1.1058863701253887,-0.0640056111869691,-6.943093132613353e-05,0.21514624483527278
3.4209413528442383,-9.777905388902125e-07,0.25199575229605714,7.401329790010775e-05,4.2362734524239945e-06,0.010217350187332991,1.847920113575753e-05,-0.06215205923563326,-0.00034539996975040864,1.1058863701253887,-0.0633655550750994,-6.873662201287219e-05,0.21299478238692005
3.456587314605713,-7.244955164060133e-07,0.25197141305317733,7.524474609500728e-05,4.307769453417051e-06,0.010108348638776903,1.8627307206033127e-05,-0.06217134944835608,-0.0003483084155874858,1.116919952399128,-0.06350884684712353,-6.883780902839582e-05,0.2138610683051096
3.4619529247283936,-7.244955164060133e-07,0.25197141305317733,7.524474609500728e-05,4.26469175888288e-06,0.010007265152389134,1.8441034133972797e-05,-0.06217134944835608,-0.0003483084155874858,1.116919952399128,-0.06287375837865229,-6.814943093811187e-05,0.2117224576220585
3.480469226837158,-5.968328633201388e-07,0.251960173620546,7.586053468674645e-05,4.33216836086162e-06,0.0099011224845028,1.8577024295922623e-05,-0.06217690151226953,-0.00034974272100143607,1.1223975798654307,-0.06298543012814903,-6.821595322668309e-05,0.21246935273221762
3.4856860637664795,-5.968328633201388e-07,0.251960173620546,7.586053468674645e-05,4.288846677253004e-06,0.009802111259657773,1.8391254052963397e-05,-0.06217690151226953,-0.00034974272100143607,1.1223975798654307,-0.062355575826867536,-6.753379369441625e-05,0.21034465920489545
3.51977276802063,-3.3957529993624677e-07,0.2519395491981832,7.709220874036354e-05,4.3661430029417e-06,0.009698039574327834,1.855539110355027e-05,-0.06218008434502373,-0.00035257218027652694,1.133275195227575,-0.06252842572102955,-6.765870709939376e-05,0.21133139805384762
3.52504825592041,-3.3957529993624677e-07,0.2519395491981832,7.709220874036354e-05,4.3224815729122835e-06,0.009601059178584555,1.8369837192514766e-05,-0.06218008434502373,-0.00035257218027652694,1.133275195227575,-0.061903141463819256,-6.698212002839982e-05,0.20921808407330914
3.53794527053833,-2.100183918751286e-07,0.25193016063391516,7.770808115053297e-05,4.438768592834065e-06,0.00949776895079648,1.8646024385983654e-05,-0.06217780584107362,-0.00035396760084596587,1.1386754617356873,-0.06232616337035905,-6.735450627716771e-05,0.21118138807260797
3.542858600616455,-2.100183918751286e-07,0.25193016063391516,7.770808115053297e-05,4.3943809069057245e-06,0.009402791261288516,1.8459564142123818e-05,-0.06217780584107362,-0.00035396760084596587,1.1386754617356873,-0.06170290173665546,-6.668096121439603e-05,0.20906957419188188
3.555044174194336,-7.986740646922992e-08,0.2519213848439152,7.832396835742898e-05,4.5197263836512385e-06,0.009301561567955,1.8761656666291688e-05,-0.06217300021754436,-0.00035535032289076593,1.1440502212867265,-0.06218150144363272,-6.710624062674085e-05,0.21125139346385158
3.558929204940796,-7.986740646922992e-08,0.2519213848439152,7.832396835742898e-05,4.474529119814726e-06,0.00920854595227545,1.8574040099628772e-05,-0.06217300021754436,-0.00035535032289076593,1.1440502212867265,-0.061559686429196396,-6.643517822047345e-05,0.20913887952921306
3.5799670219421387,5.0859635626049694e-08,0.25191321917472914,7.893986371613577e-05,4.52810011926063e-06,0.009112579071960173,1.8670170921918392e-05,-0.06216570191254193,-0.0003567204744215217,1.1493996149598538,-0.061574529165918886,-6.639710054875312e-05,0.20951085067489444
3.5856688022613525,5.0859635626049694e-08,0.25191321917472914,7.893986371613577e-05,4.482819118068024e-06,0.009021453281240571,1.8483469212699208e-05,-0.06216570191254193,-0.0003567204744215217,1.1493996149598538,-0.060958783874259695,-6.573312954326559e-05,0.2074157421681455
3.602174997329712,1.8214509381575955e-07,0.2519056606832299,7.955576055627466e-05,4.563619490808189e-06,0.008926659568139926,1.865785070444035e-05,-0.06215594169292037,-0.000358078181426137,1.1547237841211386,-0.06114743978384257,-6.586607572221139e-05,0.20846681548215648
3.6064658164978027,1.8214509381575955e-07,0.2519056606832299,7.955576055627466e-05,4.517983295900107e-06,0.008837392972458526,1.8471272197395947e-05,-0.06215594169292037,-0.000358078181426137,1.1547237841211386,-0.06053596538600414,-6.520741496498928e-05,0.20638214732733492
3.6207380294799805,3.139716985421413e-07,0.25189870617057103,8.017165219514926e-05,4.618454258641839e-06,0.008744146283730167,1.870195303947128e-05,-0.06214374706107059,-0.0003594235679468371,1.1600228701945547,-0.060847738523666706,-6.546023316087253e-05,0.20791615000172534
3.6285297870635986,3.139716985421413e-07,0.25189870617057103,8.017165219514926e-05,4.572269716055421e-06,0.008656704820892865,1.8514933509076567e-05,-0.06214374706107059,-0.0003594235679468371,1.1600228701945547,-0.06023926113843004,-6.48056308292638e-05,0.2058369885017081
3.6461102962493896,4.4632254025830105e-07,0.2518923522166846,8.078753195181285e-05,4.6450698993060525e-06,0.008566523573257262,1.8666966319727283e-05,-0.062129142663162634,-0.000360756756162785,1.1652970144418366,-0.060376533496799806,-6.488488281467685e-05,0.20668601190779703
3.6540017127990723,4.4632254025830105e-07,0.2518923522166846,8.078753195181285e-05,4.598619200312992e-06,0.00848085833752469,1.8480296656530012e-05,-0.062129142663162634,-0.000360756756162785,1.1652970144418366,-0.05977276816183181,-6.423603398653009e-05,0.20461915178871906
3.6672613620758057,5.791810608514789e-07,0.25188659521470363,8.140339316019206e-05,4.71013743108153e-06,0.008391708014364337,1.8742491732792642e-05,-0.06211215069244345,-0.00036207786647636525,1.1705463577542392,-0.060149308971486355,-6.454840175921572e-05,0.20641011279972182
3.674440622329712,5.791810608514789e-07,0.25188659521470363,8.140339316019206e-05,4.663036056770715e-06,0.008307790934220695,1.8555066815464715e-05,-0.06211215069244345,-0.00036207786647636525,1.1705463577542392,-0.05954781588177149,-6.390291774162357e-05,0.20434601167172461
3.6869871616363525,7.125310422840398e-07,0.2518814314047591,8.201922918251802e-05,4.7832282010629705e-06,0.008220597306207661,1.8841853220416975e-05,-0.06209279128192733,-0.00036338701760135116,1.1757710404587272,-0.059975233944005606,-6.426285171683943e-05,0.20633923753117972
3.6910316944122314,7.125310422840398e-07,0.2518814314047591,8.201922918251802e-05,4.73539591905234e-06,0.008138391333145584,1.8653434688212806e-05,-0.06209279128192733,-0.00036338701760135116,1.1757710404587272,-0.05937548160456555,-6.362022319967104e-05,0.2042758451558679
3.714031934738159,8.463565970161455e-07,0.2518768569066748,8.26350334221463e-05,4.779235402993935e-06,0.008055018531590574,1.872451977675614e-05,-0.062071082881575736,-0.0003646843266513136,1.1809712021406054,-0.05933605645123434,-6.352353477219576e-05,0.20442501507156619
3.7217800617218018,8.463565970161455e-07,0.2518768569066748,8.26350334221463e-05,4.731443048963996e-06,0.007974468346274669,1.853727457898858e-05,-0.062071082881575736,-0.0003646843266513136,1.1809712021406054,-0.058742695886722,-6.28882994244738e-05,0.20238076492085053
3.7275118827819824,9.806421558687434e-07,0.25187286775115186,8.325079933543022e-05,5.050806964004774e-06,0.00788776401059288,1.938549606956611e-05,-0.06204704261582681,-0.00036596990922680003,1.1861469814840913,-0.06036506684513874,-6.44028183153532e-05,0.20911239657742786
3.7314321994781494,9.806421558687434e-07,0.25187286775115186,8.325079933543022e-05,5.000298894364726e-06,0.00780888637048695,1.919164110887045e-05,-0.06204704261582681,-0.00036596990922680003,1.1861469814840913,-0.05976141617668735,-6.375879013219967e-05,0.20702127261165357
3.7569870948791504,1.115372457668177e-06,0.2518694599091107,8.386652044325964e-05,5.0327004280665035e-06,0.007729463971838316,1.9231515932185245e-05,-0.06202068661808715,-0.0003672438795000816,1.191298516131839,-0.05965619875411539,-6.359717615278915e-05,0.20690589584204505
3.7626028060913086,1.115372457668177e-06,0.2518694599091107,8.386652044325964e-05,4.982373423785839e-06,0.007652169332119933,1.9039200772863394e-05,-0.06202068661808715,-0.0003672438795000816,1.191298516131839,-0.05905963676657423,-6.296120439126126e-05,0.2048368368836246
3.7906672954559326,1.3861077230885223e-06,0.25186437191132843,8.509780270891785e-05,5.08303775542244e-06,0.0075738346776814515,1.9270825865264248e-05,-0.0619610888301863,-0.00036975743317031295,1.201529395996711,-0.059356966667647934,-6.318515088981936e-05,0.20632423306981273
3.7952094078063965,1.3861077230885223e-06,0.25186437191132843,8.509780270891785e-05,5.032207377868215e-06,0.007498096330904637,1.9078117606611606e-05,-0.0619610888301863,-0.00036975743317031295,1.201529395996711,-0.058763397000971454,-6.255329938092116e-05,0.2042609907391146
3.811319351196289,1.52208361142022e-06,0.25186268363191844,8.571335131855834e-05,5.113308890071401e-06,0.007422067398755346,1.9254824189551543e-05,-0.061927876991122024,-0.0003709972384783663,1.2066090103004798,-0.05894157464728484,-6.266049735339226e-05,0.20527713065446873
3.8164291381835938,1.52208361142022e-06,0.25186268363191844,8.571335131855834e-05,5.0621758011706875e-06,0.0073478467247677925,1.9062275947656027e-05,-0.061927876991122024,-0.0003709972384783663,1.2066090103004798,-0.05835215890081199,-6.203389237985834e-05,0.20322435934792404
3.8296961784362793,1.6584460716353925e-06,0.2518615604610635,8.632883004183316e-05,5.171403074987336e-06,0.007273521675870852,1.9317800635690665e-05,-0.06189240979675874,-0.0003722258754442914,1.2116649179367067,-0.058692445899523375,-6.229444883421827e-05,0.20488942371875749
3.8348162174224854,1.6584460716353925e-06,0.2518615604610635,8.632883004183316e-05,5.119689044237463e-06,0.007200786459112144,1.9124622629333757e-05,-0.06189240979675874,-0.0003722258754442914,1.2116649179367067,-0.05810552144052814,-6.167150434587608e-05,0.20284052948156991
3.849536180496216,1.7951812296106864e-06,0.25186099843128806,8.694423285630994e-05,5.212791135321805e-06,0.007128396785023443,1.933540616835042e-05,-0.06185470248733908,-0.00037344345221973605,1.2166972499126816,-0.058351623982332575,-6.184084115516847e-05,0.2041293610705908
3.855881452560425,1.7951812296106864e-06,0.25186099843128806,8.694423285630994e-05,5.160663223968587e-06,0.007057112817173209,1.9142052106666916e-05,-0.06185470248733908,-0.00037344345221973605,1.2166972499126816,-0.05776810774250925,-6.122243274361678e-05,0.2020880674598849
3.8780763149261475,1.932275461112419e-06,0.25186099364208236,8.755955385040267e-05,5.204902446584259e-06,0.006986539534642755,1.921720810869025e-05,-0.061814770731687896,-0.0003746500759383168,1.2217061357532721,-0.057735406814191856,-6.112634512872177e-05,0.20225724694378255
3.8824076652526855,1.932275461112419e-06,0.25186099364208236,8.755955385040267e-05,5.152853422118417e-06,0.006916674139296327,1.9025036027603347e-05,-0.061814770731687896,-0.0003746500759383168,1.2217061357532721,-0.05715805274604994,-6.051508167743455e-05,0.20023467447434473
3.8993947505950928,2.069715383224855e-06,0.2518615422722037,8.817478722715511e-05,5.226735201008042e-06,0.006847830371372415,1.918301225682028e-05,-0.06177263076100137,-0.0003758458527636249,1.2266917034882874,-0.05729385020391846,-6.0577594040846156e-05,0.20108083028161564
3.9067254066467285,2.069715383224855e-06,0.2518615422722037,8.817478722715511e-05,5.174467848997962e-06,0.00677935206765869,1.8991182134252075e-05,-0.06177263076100137,-0.0003758458527636249,1.2266917034882874,-0.056720911701879276,-5.9971818100437694e-05,0.19907002197879947
3.9185872077941895,2.2074878462239214e-06,0.25186264058954755,8.878992730751988e-05,5.302568414632263e-06,0.006712484481439594,1.9299848965682984e-05,-0.061728299474709376,-0.00037703088793110347,1.2316540796541036,-0.0571600696701956,-6.0318739355575096e-05,0.20114013886100923
3.9219696521759033,2.2074878462239214e-06,0.25186264058954755,8.878992730751988e-05,5.24954273048594e-06,0.006645359636625198,1.9106850476026155e-05,-0.061728299474709376,-0.00037703088793110347,1.2316540796541036,-0.05658846897349364,-5.9715551962019344e-05,0.19912873747239915
3.962999105453491,2.4839789268790096e-06,0.25186647184629085,9.001990546310122e-05,5.301236840912606e-06,0.006579839826093362,1.9203964843294807e-05,-0.061633134344962134,-0.0003793691498033505,1.2415097560542514,-0.056598753358857896,-5.965736194283631e-05,0.19946953962900985
3.968291997909546,2.4839789268790096e-06,0.25186647184629085,9.001990546310122e-05,5.24822447250348e-06,0.006514041427832428,1.901192519486186e-05,-0.061633134344962134,-0.0003793691498033505,1.2415097560542514,-0.056032765825269316,-5.906078832340795e-05,0.19747484423271974
3.9822819232940674,2.6226723528265415e-06,0.25186919782432965,9.06347327829485e-05,5.3488014171420626e-06,0.0064508495484811995,1.924424357637944e-05,-0.06158233823208717,-0.000380522582633044,1.2464033020787488,-0.05630900437430961,-5.9249106743377e-05,0.19889668671946004
3.986654281616211,2.6226723528265415e-06,0.25186919782432965,9.06347327829485e-05,5.295313402970642e-06,0.006386341052996387,1.9051801140615647e-05,-0.06158233823208717,-0.000380522582633044,1.2464033020787488,-0.05574591433056651,-5.8656615675943227e-05,0.19690771985226543
3.9922757148742676,2.7616479275611935e-06,0.2518724595716303,9.124944529560777e-05,5.623703117717794e-06,0.006328279997425209,1.991233325232296e-05,-0.06152942630584623,-0.00038166568609900687,1.2512741481934455,-0.05725671616697292,-5.998926484492911e-05,0.20335348093364242
3.9983551502227783,2.7616479275611935e-06,0.2518724595716303,9.124944529560777e-05,5.567466086540616e-06,0.006264997197450957,1.971320991979973e-05,-0.06152942630584623,-0.00038166568609900687,1.2512741481934455,-0.05668414900530319,-5.938937219647982e-05,0.20131994612430598
4.014439344406128,2.900893575815321e-06,0.25187625387355134,9.186403792437699e-05,5.645212723646398e-06,0.006204706255539777,1.9883327202021106e-05,-0.06147441952463442,-0.0003827985612241834,1.2561224138863258,-0.056835416710061724,-5.945957415149535e-05,0.20223446244634488
4.0183424949646,2.900893575815321e-06,0.25187625387355134,9.186403792437699e-05,5.588760596409934e-06,0.006142659192984379,1.9684493930000894e-05,-0.06147441952463442,-0.0003827985612241834,1.2561224138863258,-0.056267062542961106,-5.88649784099804e-05,0.20021211782188142
4.0358757972717285,3.040397421116361e-06,0.25188057762019767,9.247850571044568e-05,5.655390173064814e-06,0.006083698625103671,1.9824458253796097e-05,-0.061417339654265095,-0.0003839213082389003,1.260948217377161,-0.0563588238569427,-5.887947917367026e-05,0.20088362485747735
4.040617942810059,3.040397421116361e-06,0.25188057762019767,9.247850571044568e-05,5.598836271334166e-06,0.006022861638852635,1.9626213671258135e-05,-0.061417339654265095,-0.0003839213082389003,1.260948217377161,-0.055795235618373275,-5.8290684381933556e-05,0.19887478860890256
4.057461500167847,3.1801477824472852e-06,0.25188542780327583,9.309284381058501e-05,5.670502986805111e-06,0.005965512575085055,1.9780460259517324e-05,-0.06135820922681446,-0.00038503402658732807,1.265751675677135,-0.055914042372953165,-5.832938395055786e-05,0.199656606642094
4.063002347946167,3.1801477824472852e-06,0.25188542780327583,9.309284381058501e-05,5.61379795693706e-06,0.005905857449334205,1.958265565692215e-05,-0.06135820922681446,-0.00038503402658732807,1.265751675677135,-0.055354901949223635,-5.774609011105228e-05,0.19766004057567307
4.079501390457153,3.3201331725767187e-06,0.25189080151178195,9.37070474943072e-05,5.688096673154698e-06,0.005850055861677791,1.9744559967811577e-05,-0.06129705148673261,-0.00038613681493037473,1.2705329046511602,-0.05548771063288809,-5.779690580063729e-05,0.19849911260332087
4.083199977874756,3.3201331725767187e-06,0.25189080151178195,9.37070474943072e-05,5.631215706423151e-06,0.005791555303061012,1.954711436813346e-05,-0.06129705148673261,-0.00038613681493037473,1.2705329046511602,-0.05493283352655921,-5.721893674263092e-05,0.19651412147728767
4.104410409927368,3.4603422927155296e-06,0.2518966959267044,9.432111214093894e-05,5.676451582152818e-06,0.0057364187706819576,1.9629835973914433e-05,-0.061233890326340544,-0.00038722977114550217,1.2752920190817065,-0.054913904487537496,-5.713060875418578e-05,0.19672935354584795
4.112461805343628,3.4603422927155296e-06,0.2518966959267044,9.432111214093894e-05,5.61968706633129e-06,0.005679054582975138,1.9433537614175286e-05,-0.061233890326340544,-0.00038722977114550217,1.2752920190817065,-0.05436476544266212,-5.655930266664392e-05,0.19476206001038945
4.12251877784729,3.6007640278411985e-06,0.25190310831491375,9.493503323602487e-05,5.777824951116679e-06,0.005628640107260351,1.982575345850109e-05,-0.061168750212776124,-0.00038831299232382666,1.2800291327330828,-0.054932415788230105,-5.700404298744315e-05,0.1973922042795562
4.12628436088562,3.6007640278411985e-06,0.25190310831491375,9.493503323602487e-05,5.720046701605513e-06,0.005572353706187747,1.962749592391608e-05,-0.061168750212776124,-0.00038831299232382666,1.2800291327330828,-0.0543830916303478,-5.643400255756872e-05,0.19541828223676064
4.145657777786255,3.7413874502595003e-06,0.25191003602241513,9.554880636786857e-05,5.774190858962421e-06,0.005520206056402322,1.9735619556916173e-05,-0.06110165610837278,-0.00038938657476494715,1.2847443584152058,-0.05441237244531481,-5.638892616323113e-05,0.19582977797264053
4.149497985839844,3.7413874502595003e-06,0.25191003602241513,9.554880636786857e-05,5.716448950372797e-06,0.0054650039958382985,1.953826336134701e-05,-0.06110165610837278,-0.00038938657476494715,1.2847443584152058,-0.05386824872086166,-5.5825036901598823e-05,0.19387148019291411
4.171736240386963,3.882201810921262e-06,0.2519174764671178,9.616242722332058e-05,5.7563505671360636e-06,0.00541369974577081,1.9607988007404254e-05,-0.06103263338635666,-0.0003904506139699464,1.2894378080460038,-0.05382558163644565,-5.5714661092668254e-05,0.19398441536994432
4.1764585971832275,3.882201810921262e-06,0.2519174764671178,9.616242722332058e-05,5.6987870614647025e-06,0.005359562748313102,1.9411908127330212e-05,-0.06103263338635666,-0.0003904506139699464,1.2894378080460038,-0.053287325820081194,-5.515751448174157e-05,0.19204457121624488
4.1870033740997314,4.023196542649867e-06,0.2519254271312841,9.677589158420536e-05,5.8466328745670755e-06,0.005313507035876128,1.9776717628796355e-05,-0.060961707743633964,-0.00039150520463288556,1.2941095927117103,-0.05379368241254663,-5.554109414925684e-05,0.1944314673833934
4.209046840667725,4.1643612554651855e-06,0.25193388555379403,9.738919532310717e-05,5.886207470465543e-06,0.005264209125409743,1.984624070100314e-05,-0.06088890511231292,-0.0003925504406312359,1.2987598227244073,-0.05374962992710981,-5.5428583291197323e-05,0.1945383638066798
4.241297483444214,4.1643612554651855e-06,0.25193388555379403,9.738919532310717e-05,5.827345395760887e-06,0.005211567034155646,1.964777829399311e-05,-0.06088890511231292,-0.0003925504406312359,1.2987598227244073,-0.05321213362783871,-5.487429745828535e-05,0.192592980168613
4.24451470375061,4.305685736248746e-06,0.25194284932236416,9.800233439957274e-05,6.441171287802715e-06,0.005187313231544719,2.128213662537654e-05,-0.06081425157146713,-0.00039358641501556724,1.3033886076762822,-0.05604190327053373,-5.7330043319673425e-05,0.20465820889478814
4.2494776248931885,4.305685736248746e-06,0.25194284932236416,9.800233439957274e-05,6.376759574924688e-06,0.005135440099229272,2.1069315259122774e-05,-0.06081425157146713,-0.00039358641501556724,1.3033886076762822,-0.05548148423782839,-5.675674288647669e-05,0.20261162680584024
4.265847444534302,4.588774023085334e-06,0.2519622834466535,9.922810281329307e-05,6.577353920564814e-06,0.005095957631447022,2.1577927477524856e-05,-0.06065949629533081,-0.000395630946945638,1.3125822774659994,-0.05623527084415955,-5.735203017372152e-05,0.20604797854786908
4.276211261749268,4.588774023085334e-06,0.2519622834466535,9.922810281329307e-05,6.511580381359166e-06,0.0050449980551325515,2.1362148202749606e-05,-0.06065949629533081,-0.000395630946945638,1.3125822774659994,-0.05567291813571795,-5.6778509871984305e-05,0.2039874987623904
4.296921014785767,4.730518274510486e-06,0.2519727491536037,9.984072446818597e-05,6.551007601677355e-06,0.00499960159457822,2.1432675232674808e-05,-0.06057944668842793,-0.00039663968636154167,1.3171473783230176,-0.055628327322756584,-5.666370607404049e-05,0.20409197759435774
4.303308010101318,4.730518274510486e-06,0.2519727491536037,9.984072446818597e-05,6.485497525660581e-06,0.004949605578632438,2.121834848034806e-05,-0.06057944668842793,-0.00039663968636154167,1.3171473783230176,-0.05507204404952902,-5.609706901330009e-05,0.20205105781841415
4.316631078720093,4.872383180193156e-06,0.2519837108949369,0.00010045316608887966,6.583201354326993e-06,0.0049083371690651295,2.1447710625252876e-05,-0.060497650273641415,-0.0003976395278830526,1.3216914662374244,-0.05531224041423417,-5.623324029872201e-05,0.20334883560015704
4.322325229644775,4.872383180193156e-06,0.2519837108949369,0.00010045316608887966,6.517369340783723e-06,0.004859253797374478,2.123323351900035e-05,-0.060497650273641415,-0.0003976395278830526,1.3216914662374244,-0.05475911801009183,-5.567090789573479e-05,0.20131534724415548
4.332068920135498,5.0143593920493785e-06,0.2519951663919078,0.00010106542401145793,6.6745350678400335e-06,0.004822418103672596,2.1624452334029582e-05,-0.06041413263653155,-0.00039863056026813426,1.3262146478755388,-0.05528598108438758,-5.605798492793972e-05,0.20381911624306365
4.3364176750183105,5.0143593920493785e-06,0.2519951663919078,0.00010106542401145793,6.607789717161633e-06,0.00477419392263587,2.1408207810689286e-05,-0.06041413263653155,-0.00039863056026813426,1.3262146478755388,-0.054733121273543704,-5.549740507866032e-05,0.201780925080633
4.357137203216553,5.156437731169201e-06,0.2520071133728099,0.0001016774946371274,6.6462960146312246e-06,0.004732218036096858,2.1477861178810254e-05,-0.060328919050820703,-0.00039961287138769375,1.3307170294223618,-0.05468779893630384,-5.5381861394006976e-05,0.20187774734444017
4.362093210220337,5.156437731169201e-06,0.2520071133728099,0.0001016774946371274,6.579833054484912e-06,0.004684895855735889,2.126308256702215e-05,-0.060328919050820703,-0.00039961287138769375,1.3307170294223618,-0.054140920946940806,-5.482804278006691e-05,0.19985896987099577
4.373501777648926,5.29860918670225e-06,0.252019549567546,0.00010228937442889473,6.704012114624394e-06,0.0046489476549262864,2.1565581277635574e-05,-0.06024203442140939,-0.00040058654821811617,1.3351987166056358,-0.05450533500720213,-5.506991866066546e-05,0.2016836295574055
4.382105112075806,5.29860918670225e-06,0.252019549567546,0.00010228937442889473,6.63697199347815e-06,0.0046024581783770235,2.134992546485922e-05,-0.06024203442140939,-0.00040058654821811617,1.3351987166056358,-0.053960281657130106,-5.4519219474058804e-05,0.19966679326183145
4.39029598236084,5.44086491440936e-06,0.25203247270276913,0.00010290105990868959,6.835252092639998e-06,0.0045722110940210215,2.1853675071532453e-05,-0.060153503234269615,-0.00040155167683500904,1.3396598147155074,-0.05467419894810961,-5.506368384090261e-05,0.2029714404840382
4.39438533782959,5.44086491440936e-06,0.25203247270276913,0.00010290105990868959,6.766899571713598e-06,0.004526488983080812,2.1635138320817127e-05,-0.060153503234269615,-0.00040155167683500904,1.3396598147155074,-0.054127456958628514,-5.4513047002493584e-05,0.20094172607919783
4.416462659835815,5.583196235882096e-06,0.2520458804976143,0.0001035125476550452,6.797429275161322e-06,0.004487297204437443,2.1684800720198206e-05,-0.06006334951339568,-0.0004025083424082733,1.3441004286199654,-0.05404824954663563,-5.436818395366148e-05,0.2008903326923858
4.421616077423096,5.583196235882096e-06,0.2520458804976143,0.0001035125476550452,6.729454982409708e-06,0.004442424232393069,2.1467952712996225e-05,-0.06006334951339568,-0.0004025083424082733,1.3441004286199654,-0.053507767051169275,-5.382450211412486e-05,0.19888142936546194
4.433231830596924,5.725594638875482e-06,0.2520597706600337,0.00010412383430039023,6.848814492697445e-06,0.004409958035760622,2.175869276017321e-05,-0.05997159678487023,-0.0004034566291985754,1.3485206627762665,-0.05384525390476254,-5.403948710552181e-05,0.2005974469059432
4.437602519989014,5.725594638875482e-06,0.2520597706600337,0.00010412383430039023,6.7803263477704706e-06,0.004365858455403016,2.1541105832571476e-05,-0.05997159678487023,-0.0004034566291985754,1.3485206627762665,-0.05330680136571491,-5.349909223446659e-05,0.19859147243688377
4.4535932540893555,5.8680517741899534e-06,0.2520741408837366,0.00010473491652934368,6.848114333108656e-06,0.004331186470170094,2.1692705064148885e-05,-0.05987826804799081,-0.0004043966205552993,1.3529206212386067,-0.053403490574730844,-5.350583565607396e-05,0.19928472476860737
4.457881212234497,5.8680517741899534e-06,0.2520741408837366,0.00010473491652934368,6.779633189777569e-06,0.004287874605468393,2.1475778013507396e-05,-0.05987826804799081,-0.0004043966205552993,1.3529206212386067,-0.05286945566898354,-5.297077729951322e-05,0.19729187752092128
4.476211071014404,6.010559453555201e-06,0.2520889888457262,0.00010534579107620379,6.830124420815986e-06,0.004253096287520579,2.158108145662705e-05,-0.05978338575330086,-0.0004053283989159655,1.35730040766232,-0.0528866222325754,-5.2908995193096506e-05,0.1976457758413619
4.481581211090088,6.010559453555201e-06,0.2520889888457262,0.00010534579107620379,6.761823176607826e-06,0.004210565324645373,2.1365270642060777e-05,-0.05978338575330086,-0.0004053283989159655,1.35730040766232,-0.05235775601024964,-5.2379905241165544e-05,0.19566931808294827
4.494294881820679,6.1531096489611925e-06,0.25210431220441554,0.00010595645472377373,6.864738015959059e-06,0.0041805123408185626,2.161289844381381e-05,-0.05968697178727891,-0.0004062520458071697,1.3616601253049199,-0.05261611770454841,-5.252406193221481e-05,0.1970523017729319
4.502604007720947,6.1531096489611925e-06,0.25210431220441554,0.00010595645472377373,6.796090635799469e-06,0.004138707217410377,2.1396769459375674e-05,-0.05968697178727891,-0.0004062520458071697,1.3616601253049199,-0.05208995652750292,-5.199882131289266e-05,0.19508177875520258
4.519635200500488,6.29569449321375e-06,0.2521201085983023,0.00010656690430165974,6.855421239844454e-06,0.004106595128181659,2.152701950148954e-05,-0.059589047463361515,-0.00040716764184697086,1.3659998770243107,-0.052149025519906377,-5.197252692603126e-05,0.1956128667355685
4.523852586746216,6.29569449321375e-06,0.2521201085983023,0.00010656690430165974,6.7868670274460096e-06,0.004065529176899842,2.1311749306474645e-05,-0.059589047463361515,-0.00040716764184697086,1.3659998770243107,-0.051627535264707314,-5.145280165677095e-05,0.1936567380682128
4.536444664001465,6.438306273143296e-06,0.2521363756451698,0.00010717713668490437,6.891143961115718e-06,0.004037792369448043,2.156402664595068e-05,-0.0594896335189094,-0.0004080752667487276,1.3703197652745138,-0.051890659882266835,-5.159940986014382e-05,0.19506203526403773
4.541606187820435,6.438306273143296e-06,0.2521363756451698,0.00010717713668490437,6.822232521504561e-06,0.003997414445753562,2.1348386379491173e-05,-0.0594896335189094,-0.0004080752667487276,1.3703197652745138,-0.05137175328344416,-5.108341576154238e-05,0.19311141491139736
4.580960988998413,6.723580565487801e-06,0.2521703120640218,0.00010839693758915998,6.8641432049888556e-06,0.003966063502190894,2.1432554607336077e-05,-0.059286416857260646,-0.0004098669175005397,1.3789003591237632,-0.051352034468487136,-5.098918616404951e-05,0.19330454498431446
4.585103273391724,6.723580565487801e-06,0.2521703120640218,0.00010839693758915998,6.795501772938967e-06,0.003926402867168985,2.1218229061262717e-05,-0.059286416857260646,-0.0004098669175005397,1.3789003591237632,-0.05083851412380226,-5.047929430240902e-05,0.1913714995344713
4.599100589752197,6.866228421456703e-06,0.2521879765674654,0.00010900650007876829,6.882321970879244e-06,0.003899758766076675,2.1424249129482902e-05,-0.059182652781118894,-0.0004107510983069895,1.3831612675451193,-0.05101791384359436,-5.0551811250990895e-05,0.1924240833435361
4.604673862457275,6.866228421456703e-06,0.2521879765674654,0.00010900650007876829,6.813498751170451e-06,0.0038607611784159082,2.1210006638188072e-05,-0.059182652781118894,-0.0004107510983069895,1.3831612675451193,-0.050507734705158416,-5.0046293138480986e-05,0.19049984251010074
4.622186183929443,7.00887389519994e-06,0.25220610198828697,0.0001096158333097616,6.869041047174334e-06,0.0038325036674445876,2.1332041472003168e-05,-0.05907747639443887,-0.00041162761790467704,1.3874027181214998,-0.05054888209949737,-5.000270947104494e-05,0.19095519075996004
4.629387617111206,7.00887389519994e-06,0.25220610198828697,0.0001096158333097616,6.80035063670259e-06,0.0037941786307701415,2.1118721057283136e-05,-0.05907747639443887,-0.00041162761790467704,1.3874027181214998,-0.0500433932785024,-4.950268237633449e-05,0.18904563885236042
4.642853260040283,7.1515100306357755e-06,0.25222468584450974,0.00011022493437132704,6.893144686500069e-06,0.003770037793131568,2.1341915253673165e-05,-0.058970905683486376,-0.0004124965515858875,1.3916248111606226,-0.05024880168493258,-4.959597189868013e-05,0.19021118218739083
4.647685289382935,7.1515100306357755e-06,0.25222468584450974,0.00011022493437132704,6.824213239635069e-06,0.0037323374152002523,2.1128496101136434e-05,-0.058970905683486376,-0.0004124965515858875,1.3916248111606226,-0.049746313668083256,-4.9100012179693324e-05,0.18830907036551692
4.677137851715088,7.436727173809144e-06,0.2522632188537973,0.00011144242854868414,6.902929521277212e-06,0.0037080971221810544,2.1314175315976264e-05,-0.058753650774566284,-0.0004142119580989946,1.4000113235332186,-0.049888137144218046,-4.9138741844910354e-05,0.1892017331751274
4.684331178665161,7.436727173809144e-06,0.2522632188537973,0.00011144242854868414,6.83390022606444e-06,0.003671016150959244,2.11010335628165e-05,-0.058753650774566284,-0.0004142119580989946,1.4000113235332186,-0.049389255772775864,-4.864735442646125e-05,0.1873097158433761
4.694804430007935,7.579294979152069e-06,0.2522831629668543,0.00011205081604736835,6.972079737280398e-06,0.0036533489025897315,2.1447858493825934e-05,-0.058643000165116914,-0.0004150585772812134,1.4041759411206802,-0.04978563614329031,-4.889513039480018e-05,0.18931354928147964
4.700646877288818,7.579294979152069e-06,0.2522831629668543,0.00011205081604736835,6.902358939907594e-06,0.003616815413563834,2.1233379908887676e-05,-0.058643000165116914,-0.0004150585772812134,1.4041759411206802,-0.04928777978185741,-4.840617909085218e-05,0.18742041378866484
4.72200345993042,7.72182703638869e-06,0.2523035554392724,0.0001126589601421668,6.934569286357244e-06,0.0035901958287277544,2.1294498968923244e-05,-0.05853102246225363,-0.00041589790327212965,1.4083215976547454,-0.04922871183373092,-4.827864398100589e-05,0.18743900235763397
4.725866317749023,7.72182703638869e-06,0.2523035554392724,0.0001126589601421668,6.865223593493671e-06,0.0035542938704404767,2.108155397923401e-05,-0.05853102246225363,-0.00041589790327212965,1.4083215976547454,-0.04873642471539361,-4.7795857541195835e-05,0.18556461233405763
4.762853622436523,8.006759001503135e-06,0.25234567527086316,0.00011387450732973196,6.9133961765183124e-06,0.00353013858190926,2.1186332414925047e-05,-0.05830314846584639,-0.0004175549594114329,1.4165564185390884,-0.048745279506233107,-4.772332852320507e-05,0.1858802285190172
4.770768642425537,8.006759001503135e-06,0.25234567527086316,0.00011387450732973196,6.844262214753129e-06,0.0034948371960901673,2.0974469090775795e-05,-0.05830314846584639,-0.0004175549594114329,1.4165564185390884,-0.04825782671117077,-4.724609523797302e-05,0.18402142623382703
4.778487682342529,8.149146785306077e-06,0.25236739752016824,0.0001144819051277115,7.055504173321696e-06,0.003488029963561966,2.152037737629428e-05,-0.05818728264228107,-0.00041837282945349886,1.4206457770650074,-0.04895273328938758,-4.773119191438144e-05,0.18734863617660463
4.785173416137695,8.149146785306077e-06,0.25236739752016824,0.0001144819051277115,6.984949131588479e-06,0.003453149663926346,2.1305173602531337e-05,-0.05818728264228107,-0.00041837282945349886,1.4206457770650074,-0.048463205956493706,-4.7253879995237625e-05,0.1854751498148386
4.801377296447754,8.291474567064559e-06,0.25238955791352624,0.00011508904893212954,7.048261202123395e-06,0.0034322941519891676,2.1451943780846536e-05,-0.058070150722140064,-0.00041918368611828643,1.424716562869883,-0.048535927869963975,-4.7233003157305465e-05,0.18607108729433466
4.806506395339966,8.291474567064559e-06,0.25238955791352624,0.00011508904893212954,6.9777785901021615e-06,0.0033979712104692758,2.123742434303807e-05,-0.058070150722140064,-0.00041918368611828643,1.424716562869883,-0.04805056859126434,-4.676067312573241e-05,0.18421037642139132
4.835481882095337,8.575927268849898e-06,0.25243518289756933,0.00011630256441080549,7.056807399338855e-06,0.0033797375673062947,2.1427243098146983e-05,-0.05783214628992117,-0.0004207846307142722,1.432802798699416,-0.04818754309840083,-4.679051814769805e-05,0.18509105831911782
4.8397135734558105,8.575927268849898e-06,0.25243518289756933,0.00011630256441080549,6.986239325345466e-06,0.003345940191633232,2.1212970667165514e-05,-0.05783214628992117,-0.0004207846307142722,1.432802798699416,-0.047705667667416816,-4.632261296622107e-05,0.18324014773592665
4.86133599281311,8.71804106353134e-06,0.25245864237809,0.000116908931110108,7.01599076809215e-06,0.0033233304031346795,2.1270153658496017e-05,-0.05771130202539011,-0.0004215748525050892,1.436818438522936,-0.04763838692681214,-4.618797347251558e-05,0.1832200013950545
4.86555290222168,8.71804106353134e-06,0.25245864237809,0.000116908931110108,6.945830860411229e-06,0.003290097099103333,2.1057452121911055e-05,-0.05771130202539011,-0.0004215748525050892,1.436818438522936,-0.04716200305754402,-4.572609373779042e-05,0.18138780138110397
4.880872964859009,8.860072601470518e-06,0.25248252978620406,0.00011751503386586481,7.016874423748463e-06,0.0032727883729270586,2.1226818457903193e-05,-0.05758924820816892,-0.00042235832866351194,1.4408158852129662,-0.047265062343044444,-4.572803477649976e-05,0.18212038731622454
4.896650552749634,9.002016613377149e-06,0.2525068425825702,0.00011812087028995759,7.083041337870629e-06,0.0032554701989405623,2.1383315542710804e-05,-0.05746599846768859,-0.0004231351243369937,1.4447952322555362,-0.04734688639221939,-4.5712259043551765e-05,0.18276087177464118
4.901728868484497,9.002016613377149e-06,0.2525068425825702,0.00011812087028995759,7.012210924491923e-06,0.0032229154969511567,2.1169482387283696e-05,-0.05746599846768859,-0.0004231351243369937,1.4447952322555362,-0.04687341752829719,-4.525513645311625e-05,0.18093326305689475
4.917729377746582,9.143867941904365e-06,0.25253157823717076,0.00011872643803386416,7.076431061998839e-06,0.003206145639446557,2.1321258400619114e-05,-0.05734156627378194,-0.0004239053039819518,1.4487565725662972,-0.04694796563544286,-4.523366231993698e-05,0.1815405963762289
4.921095132827759,9.143867941904365e-06,0.25253157823717076,0.00011872643803386416,7.005666751378851e-06,0.0031740841830520915,2.1108045816612923e-05,-0.05734156627378194,-0.0004239053039819518,1.4487565725662972,-0.04647848597908843,-4.478132569673761e-05,0.17972519041246662
4.938377380371094,9.28562154131507e-06,0.2525567342307639,0.00011933173478835664,7.059898792773925e-06,0.0031568993196414937,2.1233333305313906e-05,-0.05721596495502957,-0.00042466893137529455,1.4526999984895272,-0.04651350191120966,-4.472869992524722e-05,0.1801554918229657
4.94348931312561,9.28562154131507e-06,0.2525567342307639,0.00011933173478835664,6.989299804846186e-06,0.003125330326445079,2.1020999972260766e-05,-0.05721596495502957,-0.00042466893137529455,1.4526999984895272,-0.04604836689209756,-4.4281412925994746e-05,0.17835393690473603
4.959354639053345,9.427272473920095e-06,0.25258230805617826,0.00011993675828347765,7.054694325036398e-06,0.0031101963479113533,2.1177038583189314e-05,-0.057089207715187204,-0.00042542606962549966,1.4566256017982249,-0.04612887012034877,-4.426485470516269e-05,0.17898618304703162
4.964020013809204,9.427272473920095e-06,0.25258230805617826,0.00011993675828347765,6.9841473817860334e-06,0.0030790943844322396,2.096526819735742e-05,-0.057089207715187204,-0.00042542606962549966,1.4566256017982249,-0.04566758141914528,-4.3822206158111065e-05,0.17719632121656131
4.981968402862549,9.568815907963454e-06,0.25260829721944605,0.00012054150628790386,7.033799778449239e-06,0.003062783387419529,2.107921542695762e-05,-0.05696130764767524,-0.0004261767811832257,1.4605334736952342,-0.04568607625927489,-4.3757072238314277e-05,0.17755035219520132
4.987841367721558,9.568815907963454e-06,0.25260829721944605,0.00012054150628790386,6.9634617806647466e-06,0.0030321555535453336,2.0868423272688045e-05,-0.05696130764767524,-0.0004261767811832257,1.4605334736952342,-0.04522921549668214,-4.3319501515931136e-05,0.1757748486732493
4.997234582901001,9.710247117177397e-06,0.25263469924077536,0.00012114597660931115,7.1219721601209525e-06,0.0030299415516915973,2.1277794185146984e-05,-0.056832277748140994,-0.0004269211278514152,1.4644237048153297,-0.04567911936447001,-4.359220405678185e-05,0.17806150467820242
5.000948190689087,9.710247117177397e-06,0.25263469924077536,0.00012114597660931115,7.050752438519743e-06,0.002999642136174681,2.1065016243295512e-05,-0.056832277748140994,-0.0004269211278514152,1.4644237048153297,-0.045222328170825304,-4.3156282016214036e-05,0.17628088963142038
5.019960880279541,9.851561476552634e-06,0.25266151165536244,0.00012175016709343131,7.092867557002152e-06,0.0029837480979228756,2.115957999507271e-05,-0.05670213092513048,-0.00042765917079492724,1.468296385228182,-0.04521301180828476,-4.307004811960617e-05,0.17650741483428162
5.023838043212891,9.851561476552634e-06,0.25266151165536244,0.00012175016709343131,7.02193888143213e-06,0.002953910616943647,2.094798419512198e-05,-0.05670213092513048,-0.00042765917079492724,1.468296385228182,-0.04476088169020191,-4.2639347638410113e-05,0.1747423406859388
5.0380539894104,9.992754460780183e-06,0.2526887320140497,0.00012235407562413844,7.102216433274008e-06,0.002943519281161619,2.1146520435622922e-05,-0.05657088000893038,-0.0004283909705496643,1.4721516044421201,-0.044901875028228955,-4.267027696312161e-05,0.17564377760300515
5.042465925216675,9.992754460780183e-06,0.2526887320140497,0.00012235407562413844,7.0311942689412676e-06,0.002914084088350003,2.0935055231266692e-05,-0.05657088000893038,-0.0004283909705496643,1.4721516044421201,-0.044452856277946665,-4.224357419349039e-05,0.1738873398269751
5.055346250534058,1.0133821644251666e-05,0.25271635788383334,0.00012295770012297788,7.126841432242001e-06,0.002906391369144849,2.1175826618735192e-05,-0.05643853775866075,-0.000429116587031218,1.4759894514085996,-0.04465385282781247,-4.232093755692304e-05,0.17505913428637135
5.059560537338257,1.0133821644251666e-05,0.25271635788383334,0.00012295770012297788,7.055573017919581e-06,0.0028773274554534005,2.096406835254784e-05,-0.05643853775866075,-0.000429116587031218,1.4759894514085996,-0.044207314299534346,-4.189772818135381e-05,0.17330854294350764
5.079576253890991,1.0274758697163458e-05,0.25274438684822925,0.00012356103854855633,7.091719085433866e-06,0.0028625576631182374,2.1043954384828777e-05,-0.05630511686771654,-0.00042983607954304837,1.479810014527287,-0.04417801479700925,-4.179722669380895e-05,0.1734402653835627
5.087178468704224,1.0274758697163458e-05,0.25274438684822925,0.00012356103854855633,7.020801894579527e-06,0.002833932086487055,2.0833514840980488e-05,-0.05630511686771654,-0.00042983607954304837,1.479810014527287,-0.04373623464903916,-4.137925442687086e-05,0.17170586272972707
5.099724054336548,1.0415561384292462e-05,0.2527728165075067,0.00012416408889640417,7.120675564227765e-06,0.002828253858381345,2.108689093305955e-05,-0.05617062996766988,-0.00043054950678421297,1.4836133816516666,-0.04395326141065345,-4.1468595690192747e-05,0.17295091383490402
5.105295181274414,1.0415561384292462e-05,0.2527728165075067,0.00012416408889640417,7.049468808585487e-06,0.0027999713197975314,2.0876022023728955e-05,-0.05617062996766988,-0.00043054950678421297,1.4836133816516666,-0.04351372879654691,-4.1053909733290817e-05,0.17122140469655497
5.124819993972778,1.0556225563994486e-05,0.25280164447879827,0.00012476684919811418,7.088157887524277e-06,0.0027867363986817427,2.0963796117317637e-05,-0.05603508963075618,-0.0004312569268566546,1.4873996400950773,-0.04349640727204203,-4.096349302691681e-05,0.17140412050738232
5.129842042922974,1.0556225563994486e-05,0.25280164447879827,0.00012476684919811418,7.0172763086490345e-06,0.0027588690346949255,2.075415815614446e-05,-0.05603508963075618,-0.0004312569268566546,1.4873996400950773,-0.043061443199321606,-4.055385809664764e-05,0.1696900793023085
5.134436368942261,1.0696747185087606e-05,0.25283086839609803,0.00012536931752145426,7.410668497163785e-06,0.002794889078000473,2.1806235937813074e-05,-0.05589850837107536,-0.0004319583972721095,1.4911688766370932,-0.044395222029475934,-4.1495454910138586e-05,0.1760108307966094
5.166337966918945,1.0837122287074992e-05,0.252860485910158,0.00012597149196942159,7.403257627527361e-06,0.002776224212050414,2.1769494068380884e-05,-0.05576089864464504,-0.0004326539749586082,1.4949211775301567,-0.044203763823899705,-4.12726114378796e-05,0.17540032227741814
5.171393156051636,1.0837122287074992e-05,0.252860485910158,0.00012597149196942159,7.329225051252087e-06,0.00274846196992991,2.1551799127697074e-05,-0.05576089864464504,-0.0004326539749586082,1.4949211775301567,-0.04376172618566071,-4.0859885323500806e-05,0.17364631905464395
5.1818859577178955,1.0977346996471648e-05,0.25289049468829633,0.0001265733706796871,7.4585095083528545e-06,0.00274957675371801,2.1887298055815908e-05,-0.055622272848445495,-0.00043334371626666733,1.4986566285063865,-0.044086923921193205,-4.102965791758818e-05,0.1753896920609464
5.187339782714844,1.0977346996471648e-05,0.25289049468829633,0.0001265733706796871,7.383924413269326e-06,0.0027220809861808297,2.1668425075257748e-05,-0.055622272848445495,-0.00043334371626666733,1.4986566285063865,-0.043646054681981274,-4.06193613384123e-05,0.17363579514033695
5.196281909942627,1.111741752814042e-05,0.25292089241412735,0.00012717495182434506,7.5475512405212265e-06,0.0027288540278712853,2.2098007168164375e-05,-0.055482643318596765,-0.00043402767697513645,1.5023753147844805,-0.044099036588257354,-4.0885203859451725e-05,0.17596482175216166
5.221148729324341,1.125733018050551e-05,0.25295167678722646,0.00012777623360916222,7.55738087912487e-06,0.002713945189778963,2.2109315245927332e-05,-0.05534202232780713,-0.0004347059122967863,1.5060773210766443,-0.043975870695781634,-4.071565590231224e-05,0.17566068458698453
5.225223064422607,1.125733018050551e-05,0.25295167678722646,0.00012777623360916222,7.481807070333621e-06,0.0026868057378811733,2.1888222093468058e-05,-0.05534202232780713,-0.0004347059122967863,1.5060773210766443,-0.04353611198882382,-4.030849934328912e-05,0.1739040777411147
5.237066745758057,1.139708133644318e-05,0.25298284552274064,0.00012837721427299314,7.585906847520784e-06,0.002686254450907894,2.2156817209439678e-05,-0.05520042208222851,-0.00043537847688364026,1.5097627315954791,-0.04376383802554873,-4.0402947750441275e-05,0.17520762640503537
5.253885746002197,1.1536667461500842e-05,0.25301439635095624,0.00012897789208747394,7.635904681024209e-06,0.0026781509506306365,2.2278359349691926e-05,-0.05505785471784962,-0.0004360454248320846,1.5134316300607722,-0.04379018876333329,-4.034585409093783e-05,0.1755887191115416
5.2589943408966064,1.1536667461500842e-05,0.25301439635095624,0.00012897789208747394,7.559545634213967e-06,0.00265136944112433,2.2055575756195007e-05,-0.05505785471784962,-0.0004360454248320846,1.5134316300607722,-0.04335228687569996,-3.9942395550028446e-05,0.1738328319204262
5.283168792724609,1.1676085101559522e-05,0.2530463270168351,0.00012957826535607607,7.571418241459623e-06,0.002638064184631653,2.207361925551061e-05,-0.054914332296551335,-0.0004367068096878092,1.5170840997061363,-0.04323954075239454,-3.97819919078711e-05,0.17357213193380447
5.2885754108428955,1.1676085101559522e-05,0.2530463270168351,0.00012957826535607607,7.495704059045027e-06,0.0026116835427853367,2.1852883062955502e-05,-0.054914332296551335,-0.0004367068096878092,1.5170840997061363,-0.042807145344870595,-3.9384171988792383e-05,0.17183641061446642
5.2988646030426025,1.1815330882722703e-05,0.2530786352795285,0.00013017833241393882,7.626026737804582e-06,0.002616966909442749,2.219467303866788e-05,-0.05476986680194088,-0.00043736268445057744,1.520720223285457,-0.04312798569718645,-3.954643179071306e-05,0.17357455807978844
5.30396294593811,1.1815330882722703e-05,0.2530786352795285,0.00013017833241393882,7.549766470426536e-06,0.0025907972403483217,2.19727263082812e-05,-0.05476986680194088,-0.00043736268445057744,1.520720223285457,-0.04269670584021458,-3.9150967472805925e-05,0.17183881249899055
5.316880226135254,1.195440150897877e-05,0.2531113189118794,0.00013077809162711756,7.637600253126589e-06,0.002590191530184499,2.219910205575425e-05,-0.05462447013507325,-0.0004380131015788877,1.5243400830791078,-0.042862519722997636,-3.9198099586668176e-05,0.17286166211299267
5.320974111557007,1.195440150897877e-05,0.2531113189118794,0.00013077809162711756,7.561224250595323e-06,0.002564289614882654,2.197711103519671e-05,-0.05462447013507325,-0.0004380131015788877,1.5243400830791078,-0.04243389452576766,-3.880611859080149e-05,0.17113304549186273
5.338049411773682,1.2093293762757781e-05,0.25314437569992015,0.00013137754139169283,7.609030046627473e-06,0.002558006142211177,2.209464793370799e-05,-0.05447815411015871,-0.00043865811299451525,1.5279437608999031,-0.042455161789624135,-3.87466518946318e-05,0.17148637699992336
5.342438459396362,1.2093293762757781e-05,0.25314437569992015,0.00013137754139169283,7.532939746161198e-06,0.0025324260807890655,2.1873701454370912e-05,-0.05447815411015871,-0.00043865811299451525,1.5279437608999031,-0.04203061017172789,-3.835918537568548e-05,0.16977151322992412
5.367809295654297,1.2232004501480691e-05,0.25317780344237517,0.00013197668013393665,7.540578415560399e-06,0.0025202774799660487,2.1881871500933247e-05,-0.05433093045034549,-0.0004392977700870152,1.5315313380987678,-0.04190832034660573,-3.819459306993188e-05,0.16945731057018426
5.373867034912109,1.2232004501480691e-05,0.25317780344237517,0.00013197668013393665,7.465172631404795e-06,0.0024950747051663883,2.1663052785923916e-05,-0.05433093045034549,-0.0004392977700870152,1.5315313380987678,-0.04148923714313967,-3.7812647139232565e-05,0.16776273746448242
5.392425060272217,1.2370530657559534e-05,0.2532115999501747,0.0001325755063091156,7.503814552987848e-06,0.002488335225691829,2.175647663038282e-05,-0.05418281078365657,-0.0004399321237181365,1.5351028955701027,-0.04147919939394802,-3.773100207582777e-05,0.16796827210494503
5.4008872509002686,1.2508869238063592e-05,0.25324576304598656,0.0001331740184012674,7.67694055171219e-06,0.002503823339961125,2.22185421151041e-05,-0.054033806639149064,-0.0004405612242262473,1.5386585137568367,-0.041946684630858155,-3.7997564021906446e-05,0.17040045833158135
5.4052464962005615,1.2508869238063592e-05,0.25324576304598656,0.0001331740184012674,7.600171146195068e-06,0.002478785106561514,2.1996356693953058e-05,-0.054033806639149064,-0.0004405612242262473,1.5386585137568367,-0.041527217784549576,-3.761758838168738e-05,0.16869645374826553
5.417067289352417,1.2647017320934722e-05,0.25328029056377044,0.00013377221492256073,7.701609955743648e-06,0.002483206400853694,2.2262681442542e-05,-0.053883929443354385,-0.00044118512143071485,1.542198272655159,-0.04173956907371699,-3.769785983392009e-05,0.1699402414237371
5.422199726104736,1.2647017320934722e-05,0.25328029056377044,0.00013377221492256073,7.624593856186211e-06,0.002458374336845157,2.204005462811658e-05,-0.053883929443354385,-0.00044118512143071485,1.542198272655159,-0.04132217338297982,-3.732088123558089e-05,0.1682408390094997
5.435817241668701,1.2784972056212009e-05,0.25331518034835926,0.00013437009441282145,7.70218900077031e-06,0.002459411855434741,2.2241570664719434e-05,-0.05373319051704708,-0.00044180386463631404,1.5457222518189324,-0.041450337279792755,-3.7340042862662806e-05,0.1690914150494518
5.441530466079712,1.2784972056212009e-05,0.25331518034835926,0.00013437009441282145,7.625167110762606e-06,0.0024348177368803937,2.201915495807224e-05,-0.05373319051704708,-0.00044180386463631404,1.5457222518189324,-0.04103583390699483,-3.6966642434036177e-05,0.16740050089895728
5.459132432937622,1.29227306640282e-05,0.2533504302550722,0.0001349676554390316,7.667785676794894e-06,0.0024304956825909607,2.2125210304577696e-05,-0.05358160107238037,-0.0004424175026376494,1.5492305303637892,-0.04104167655701593,-3.689757791950539e-05,0.1676775751555369
5.462813138961792,1.29227306640282e-05,0.2533504302550722,0.0001349676554390316,7.591107820026945e-06,0.0024061907257650512,2.190395820153192e-05,-0.05358160107238037,-0.0004424175026376494,1.5492305303637892,-0.04063125979144577,-3.652860214031034e-05,0.16600079940398155
5.476177215576172,1.3060290435277784e-05,0.25338603814936084,0.00013556489659482778,7.671566567187171e-06,0.002408773310362496,2.211440643106013e-05,-0.05342917221041687,-0.00044302608372360483,1.5527231869709217,-0.040769683007599804,-3.6555396101265934e-05,0.1668994002680508
5.497599124908447,1.3197648726162532e-05,0.25342200190649145,0.00013616181650008395,7.692279149021732e-06,0.002401473887458104,2.2161063832033423e-05,-0.05327591491907382,-0.0004436296556818419,1.5562002998905753,-0.04069968391594627,-3.643206664313985e-05,0.16681965712181726
5.502325057983398,1.3197648726162532e-05,0.25342200190649145,0.00013616181650008395,7.615356357531515e-06,0.002377459148583523,2.1939453193713088e-05,-0.05327591491907382,-0.0004436296556818419,1.5562002998905753,-0.04029268707678681,-3.606774597670845e-05,0.1651514605505991
5.516188621520996,1.3334802961419961e-05,0.2534583194112631,0.00013675841380021535,7.68955612552783e-06,0.0023798809339788157,2.2133655012523e-05,-0.053121840071493974,-0.00044422826580333005,1.559661946945263,-0.04040829003442842,-3.607772016807989e-05,0.16594497802490765
5.522040367126465,1.3334802961419961e-05,0.2534583194112631,0.00013675841380021535,7.612660564272551e-06,0.0023560821246390276,2.191231846239777e-05,-0.053121840071493974,-0.00044422826580333005,1.559661946945263,-0.04000420713408413,-3.571694296639909e-05,0.16428552824465859
5.534231901168823,1.3471750632319767e-05,0.2534949885577652,0.000137354687166067,7.707286930155153e-06,0.002362598859783633,2.2163276393287575e-05,-0.05296695842484524,-0.0004448219608869432,1.5631082055327172,-0.04019010539285372,-3.5777170207373274e-05,0.16541095875868825
5.557859897613525,1.3608489292656555e-05,0.25353200724916974,0.00013795063529316274,7.718203867552583e-06,0.0023546401751209363,2.2184071750201154e-05,-0.05281128061954516,-0.00044541078724410165,1.5665391526285972,-0.04008863813969077,-3.5632677912051134e-05,0.16517902488876196
5.562782526016235,1.3608489292656555e-05,0.25353200724916974,0.00013795063529316274,7.641021828877056e-06,0.002331093773369727,2.1962231032699144e-05,-0.05281128061954516,-0.00044541078724410165,1.5665391526285972,-0.03968775175829386,-3.5276351132930626e-05,0.16352723463987434
5.580672740936279,1.3745016562534918e-05,0.25356937339756325,0.00013854625690164937,7.680668359589815e-06,0.0023286692013524376,2.2062625113285625e-05,-0.05265481717890018,-0.0004459947907034642,1.5699548647889778,-0.03968517250985816,-3.520254042007098e-05,0.16376211258640583
5.584753751754761,1.3745016562534918e-05,0.25356937339756325,0.00013854625690164937,7.603861675993916e-06,0.002305382509338913,2.184199886215277e-05,-0.05265481717890018,-0.0004459947907034642,1.5699548647889778,-0.03928832078475958,-3.485051501587027e-05,0.16212449146054178
5.6000940799713135,1.3881330123360307e-05,0.2536070849238121,0.00013914155073543443,7.662990528053257e-06,0.00230691194900947,2.1996597214474902e-05,-0.05249757850914374,-0.0004465740166156841,1.5733554181526377,-0.039352390326883806,-3.4824179106418536e-05,0.1626747991983595
5.605264902114868,1.3881330123360307e-05,0.2536070849238121,0.00013914155073543443,7.586360622772724e-06,0.0022838428295193754,2.1776631242330152e-05,-0.05249757850914374,-0.0004465740166156841,1.5733554181526377,-0.038958866423614964,-3.447593731535435e-05,0.16104805120637591
5.616832494735718,1.4017427719063773e-05,0.2536451397574624,0.00013973651556204713,7.689507725361539e-06,0.0022939022077595804,2.2053287272316365e-05,-0.05233957489985277,-0.0004471485098582059,1.5767408884431722,-0.03917146179666165,-3.455428491194165e-05,0.16230488971673931
5.622854471206665,1.4017427719063773e-05,0.2536451397574624,0.00013973651556204713,7.612612648107924e-06,0.0022709631856819845,2.18327543995932e-05,-0.05233957489985277,-0.0004471485098582059,1.5767408884431722,-0.038779747178695034,-3.420874206282223e-05,0.16068184081957193
5.641093969345093,1.415330715331925e-05,0.25368353583667225,0.00014033115017236073,7.649861881457585e-06,0.002269304619857441,2.1927830190423942e-05,-0.05218081652471794,-0.00044771831484011687,1.5801113509709541,-0.03877146244440575,-3.4132394516170544e-05,0.1608856166806887
5.645923376083374,1.415330715331925e-05,0.25368353583667225,0.00014033115017236073,7.573363262643009e-06,0.002246611573658867,2.1708551888519703e-05,-0.05218081652471794,-0.00044771831484011687,1.5801113509709541,-0.03838374781996169,-3.379107057100884e-05,0.15927676051388182
5.676734924316406,1.4424403051788545e-05,0.25376134352726404,0.0001415194240212172,7.631582391946328e-06,0.00224939823247344,2.1862227767845656e-05,-0.051861075599120475,-0.00044884403534601675,1.5868075519245224,-0.03844505431423759,-3.3763029020609383e-05,0.15981372197387084
5.680250644683838,1.4424403051788545e-05,0.25376134352726404,0.0001415194240212172,7.555266568026865e-06,0.0022269042501487056,2.16436054901672e-05,-0.051861075599120475,-0.00044884403534601675,1.5868075519245224,-0.038060603771095214,-3.342539873040329e-05,0.15821558475413214
5.697989463806152,1.4559615419061471e-05,0.2538007510578142,0.00014211306095425147,7.5958061048133705e-06,0.0022268506319295498,2.1748915541929998e-05,-0.05170011282791879,-0.0004494000373905457,1.590133438920916,-0.03806292810597409,-3.3356535844935295e-05,0.15847106974895775
5.701265096664429,1.4559615419061471e-05,0.2538007510578142,0.00014211306095425147,7.519848043765237e-06,0.002204582125610254,2.1531426386510698e-05,-0.05170011282791879,-0.0004494000373905457,1.590133438920916,-0.037682298824914355,-3.302297048648594e-05,0.15688635905146817
5.716282367706299,1.4694601427888249e-05,0.2538404916723099,0.00014270636305921945,7.581587880285962e-06,0.002208999583294753,2.169596836423139e-05,-0.05153843485293527,-0.00044995152422547713,1.5934446152989903,-0.037754969183705536,-3.3003200028193433e-05,0.15747878776966512
5.7223060131073,1.4694601427888249e-05,0.2538404916723099,0.00014270636305921945,7.5057720014831025e-06,0.0021869095874618052,2.1479008680589077e-05,-0.05153843485293527,-0.00044995152422547713,1.5934446152989903,-0.03737741949186848,-3.26731680279115e-05,0.15590399989196846
5.734697103500366,1.4829359170308715e-05,0.253880563351904,0.00014329932923765631,7.596439904554901e-06,0.002197379605479448,2.1724339831907427e-05,-0.051376051290293386,-0.0004504985379920376,1.5967411543286745,-0.03754499158994829,-3.271906195730268e-05,0.15695300579834995
5.739213466644287,1.4829359170308715e-05,0.253880563351904,0.00014329932923765631,7.520475505509352e-06,0.0021754058094246537,2.150709643358835e-05,-0.051376051290293386,-0.0004504985379920376,1.5967411543286745,-0.03716954167404881,-3.239187133772965e-05,0.15538347574036646
5.758112668991089,1.496388679487908e-05,0.2539209640864869,0.00014389195841233004,7.553771797106906e-06,0.002175028708194654,2.159354058994864e-05,-0.051212971650582896,-0.00045104112039282034,1.6000231288764921,-0.03715055176395958,-3.230990362137033e-05,0.1555322014821257
5.762873411178589,1.496388679487908e-05,0.2539209640864869,0.00014389195841233004,7.478234079135837e-06,0.0021532784211127074,2.1377605184049154e-05,-0.051212971650582896,-0.00045104112039282034,1.6000231288764921,-0.03677904624631998,-3.1986804585156626e-05,0.15397687946730446
5.783642530441284,1.5098182501106245e-05,0.2539616918747704,0.00014448424952707569,7.50204169346866e-06,0.0021513554222356347,2.1438052534641578e-05,-0.05104920534123212,-0.0004515793126967835,1.6032906114070595,-0.03673019597956496,-3.1884980240788254e-05,0.15397969978510162
5.7882606983184814,1.5098182501106245e-05,0.2539616918747704,0.00014448424952707569,7.427021276533973e-06,0.0021298418680132784,2.122367200929516e-05,-0.05104920534123212,-0.0004515793126967835,1.6032906114070595,-0.036362894019769304,-3.156613043838037e-05,0.15243990278725061
5.821011543273926,1.5366071225785688e-05,0.25404412065196824,0.00014566781345342738,7.477520722174833e-06,0.002133711897597145,2.1358958371397257e-05,-0.05071964984239351,-0.0004526426899517618,1.609782388274423,-0.036400029560203474,-3.152285047886302e-05,0.15285934386499497
5.825422525405884,1.5366071225785688e-05,0.25404412065196824,0.00014566781345342738,7.402745514953085e-06,0.0021123747786211734,2.1145368787683285e-05,-0.05071964984239351,-0.0004526426899517618,1.609782388274423,-0.03603602926460144,-3.120762197407439e-05,0.15133075042634503
5.83923077583313,1.549966090613464e-05,0.2540858176832977,0.000146259084254178,7.476358013700112e-06,0.0021214482236573957,2.1345718233143065e-05,-0.050553878974471514,-0.0004531679553172568,1.6130068255445686,-0.036146436999587826,-3.121411781449702e-05,0.15210779834021504
5.848411560058594,1.549966090613464e-05,0.2540858176832977,0.000146259084254178,7.401594433563111e-06,0.002100233741420822,2.1132261050811634e-05,-0.050553878974471514,-0.0004531679553172568,1.6130068255445686,-0.035784972629591946,-3.0901976636352046e-05,0.1505867203568129
5.857106685638428,1.563301198937406e-05,0.2541278338533745,0.00014685001297226198,7.561689334993774e-06,0.002127552935912781,2.1574549792867734e-05,-0.05038745808519043,-0.00045368899142473674,1.616217056667313,-0.036170045550399016,-3.10939936239141e-05,0.15270238374829942
5.88654637336731,1.5766122930771293e-05,0.2541701672065468,0.00014744059865135284,7.555114643838237e-06,0.0021206570977701923,2.1551747146504903e-05,-0.050220396104083846,-0.00045420583744926017,1.6194131521208566,-0.0360263973657154,-3.0929613015989344e-05,0.1522403911320285
5.892603874206543,1.5766122930771293e-05,0.2541701672065468,0.00014744059865135284,7.479563497399855e-06,0.0020994505267924904,2.1336229675039855e-05,-0.050220396104083846,-0.00045420583744926017,1.6194131521208566,-0.03566613339205824,-3.062031688582945e-05,0.15071798722070823
5.9036126136779785,1.5898992233540796e-05,0.2542128157966149,0.00014803084035419325,7.589123480263917e-06,0.002117196695611924,2.1638558975835455e-05,-0.050052701872763075,-0.0004547185321617358,1.6225951819910118,-0.03588894221804129,-3.070227518223286e-05,0.15204667856516504
5.910398244857788,1.5898992233540796e-05,0.2542128157966149,0.00014803084035419325,7.513232245461278e-06,0.0020960247286558047,2.14221733860771e-05,-0.050052701872763075,-0.0004547185321617358,1.6225951819910118,-0.035530052795860884,-3.039525243041053e-05,0.1505262117795134
5.9388227462768555,1.616400017389968e-05,0.25429905095053085,0.00014921028817727714,7.580576067104073e-06,0.002105402804667025,2.1607079537011798e-05,-0.04971545160102358,-0.00045573162074205646,1.6289173233730696,-0.03561945256722028,-3.0387448544353605e-05,0.1512034546259492
5.94791579246521,1.616400017389968e-05,0.25429905095053085,0.00014921028817727714,7.504770306433032e-06,0.0020843487766203546,2.139100874164168e-05,-0.04971545160102358,-0.00045573162074205646,1.6289173233730696,-0.035263258041548076,-3.008357405891007e-05,0.1496914200796897
5.9621546268463135,1.6296136049975598e-05,0.2543426336701624,0.00014979949251657892,7.571606459471026e-06,0.0020941136428684723,2.1575156726561887e-05,-0.04954591282599777,-0.000456232090173675,1.6320575731107752,-0.035350290248276774,-3.0074278537769262e-05,0.15035892601452974
5.966655731201172,1.6296136049975598e-05,0.2543426336701624,0.00014979949251657892,7.495890394876316e-06,0.0020731725064397875,2.1359405159296266e-05,-0.04954591282599777,-0.000456232090173675,1.6320575731107752,-0.034996787345794006,-2.977353575239157e-05,0.14885533675438445
5.981086492538452,1.6428024764397597e-05,0.25438652393843825,0.0001503883493176653,7.560712431400884e-06,0.0020828551690593748,2.1538360868677123e-05,-0.04937577633603022,-0.0004567285594300373,1.635184033720524,-0.03507792502587713,-2.9760702478909017e-05,0.14949325439179328
5.986451148986816,1.6428024764397597e-05,0.25438652393843825,0.0001503883493176653,7.485105307086875e-06,0.002062026617368781,2.1322977259990352e-05,-0.04937577633603022,-0.0004567285594300373,1.635184033720524,-0.034727145775618355,-2.9463095454119925e-05,0.14799832184787534
6.002606391906738,1.6559665047987084e-05,0.25443071985787963,0.00015097685773535509,7.534920709195572e-06,0.0020687633698228893,2.1460203011019566e-05,-0.04920505056833978,-0.0004572210653317425,1.6382967733537812,-0.0347625550107999,-2.9420513808705756e-05,0.14840967578717562
6.008445978164673,1.6559665047987084e-05,0.25443071985787963,0.00015097685773535509,7.4595715021036166e-06,0.0020480757361246603,2.124560098090937e-05,-0.04920505056833978,-0.0004572210653317425,1.6382967733537812,-0.034414929460691905,-2.91263086706187e-05,0.14692557902930387
6.0191261768341064,1.6691055674616593e-05,0.25447521954099184,0.00015156501694223387,7.573256517644562e-06,0.0020692605818041702,2.1562965611282998e-05,-0.049033743885592326,-0.00045770964432295593,1.6413958597810976,-0.034646019176744175,-2.9212649070693068e-05,0.14830496531886406
6.023073196411133,1.6691055674616593e-05,0.25447521954099184,0.00015156501694223387,7.4975239524681164e-06,0.0020485679759861286,2.1347335955170168e-05,-0.049033743885592326,-0.00045770964432295593,1.6413958597810976,-0.03429955898497673,-2.8920522579986138e-05,0.14682191566567543
6.039325714111328,1.6822195460542238e-05,0.25452002111032285,0.00015215282612818207,7.54608169995238e-06,0.0020556482271521697,2.1481838144580046e-05,-0.04886186457772729,-0.0004581943324757975,1.6444813603942328,-0.03433221483580808,-2.8877078488739662e-05,0.14721763839320395
6.044782400131226,1.6822195460542238e-05,0.25452002111032285,0.00015215282612818207,7.470620882952856e-06,0.0020350917448806478,2.1267019763134246e-05,-0.04886186457772729,-0.0004581943324757975,1.6444813603942328,-0.03398889268745,-2.8588307703852264e-05,0.1457454620092719
6.058605194091797,1.6953083263290836e-05,0.2545651226985119,0.00015274028450031995,7.540932870598133e-06,0.0020473692504635165,2.1463265553676523e-05,-0.048689420863653375,-0.00045867516549465067,1.6475533422083326,-0.03408792675725593,-2.8588617458571118e-05,0.14647020464991972
6.063490867614746,1.6953083263290836e-05,0.2545651226985119,0.00015274028450031995,7.4655235418921515e-06,0.0020268955579588813,2.1248632898139757e-05,-0.048689420863653375,-0.00045867516549465067,1.6475533422083326,-0.03374704748968337,-2.8302731283985408e-05,0.14500550260342052
6.084215879440308,1.7083717980435707e-05,0.2546105224483274,0.00015332739128264678,7.487436637674909e-06,0.002028532384091664,2.1308727251301372e-05,-0.04851642089281252,-0.0004591521787203942,1.6506118718641554,-0.033700493451463746,-2.8208756616191014e-05,0.14500466286002614
6.0889716148376465,1.7083717980435707e-05,0.2546105224483274,0.00015332739128264678,7.41256227129816e-06,0.002008247060250747,2.1095639978788358e-05,-0.04851642089281252,-0.0004591521787203942,1.6506118718641554,-0.033363488516949105,-2.7926669050029103e-05,0.14355461623142587
6.104842662811279,1.7214098550598947e-05,0.25465621851269543,0.00015391414571595805,7.464338350776616e-06,0.002016956685246934,2.124043249482542e-05,-0.04834287274661262,-0.0004596254071345635,1.6536570156303407,-0.03340737081562674,-2.7891912645680618e-05,0.1440034174265627
6.110684394836426,1.7214098550598947e-05,0.25465621851269543,0.00015391414571595805,7.38969496726885e-06,0.0019967871183944647,2.1028028169877166e-05,-0.04834287274661262,-0.0004596254071345635,1.6536570156303407,-0.03307329710747047,-2.7612993519223813e-05,0.14256338325229706
6.123370885848999,1.734422395022343e-05,0.2547022090547165,0.00015450054705745683,7.473051390036608e-06,0.0020130708400683674,2.1262549552109844e-05,-0.04816878443973151,-0.0004600948853634386,1.656688839405718,-0.033211896492891885,-2.763982593472306e-05,0.1434850296885076
6.12854790687561,1.734422395022343e-05,0.2547022090547165,0.00015450054705745683,7.398320876136242e-06,0.0019929401316676836,2.1049924056588745e-05,-0.04816878443973151,-0.0004600948853634386,1.656688839405718,-0.032879777527962964,-2.736342767537583e-05,0.1420501793916225
6.144646644592285,1.747409319502031e-05,0.254748492247674,0.00015508659458055946,7.448060711699221e-06,0.002001760314600057,2.1189752318511385e-05,-0.04799416392129598,-0.00046056064768205626,1.6597074087216463,-0.03291852453868858,-2.7326259042473672e-05,0.14247153310122695
6.150589227676392,1.747409319502031e-05,0.254748492247674,0.00015508659458055946,7.373580104582228e-06,0.001981742711454056,2.097785479532627e-05,-0.04799416392129598,-0.00046056064768205626,1.6597074087216463,-0.03258933929330169,-2.7052996452048933e-05,0.1410468177702147
6.167280435562134,1.760370533774296e-05,0.25479506627503173,0.00015567228757470164,7.4189828578139415e-06,0.0019898286190424153,2.1105779968763142e-05,-0.04781901907594103,-0.0004610227280181511,1.6627127887443818,-0.032615731421652354,-2.7008360165871217e-05,0.14140524253548384
6.183736801147461,1.760370533774296e-05,0.25479506627503173,0.00015567228757470164,7.344793029235802e-06,0.001969930332851991,2.089472216907551e-05,-0.04781901907594103,-0.0004610227280181511,1.6627127887443818,-0.03228957410743583,-2.6738276564212504e-05,0.139991190110129
6.190995454788208,1.7733059468855212e-05,0.2548419293304233,0.00015625762534511643,7.5448584252173154e-06,0.0020147926774135893,2.1461887160278854e-05,-0.04764335772475537,-0.000461481159956027,1.665705044277464,-0.032771699612734746,-2.6985375602684338e-05,0.1426414756251309
6.204216241836548,1.7733059468855212e-05,0.2548419293304233,0.00015625762534511643,7.4694098409651425e-06,0.0019946447506394532,2.1247268288676064e-05,-0.04764335772475537,-0.000461481159956027,1.665705044277464,-0.0324439826166074,-2.6715521846657494e-05,0.1412150608688796
6.2266011238098145,1.799099023485804e-05,0.2549365153505671,0.00015742723251307278,7.57166366987849e-06,0.002016952730722449,2.153770542535363e-05,-0.04729051647645111,-0.00046238721127992853,1.6716504392896727,-0.032636809897148844,-2.677703649627814e-05,0.14241280413478838
6.231294870376587,1.799099023485804e-05,0.2549365153505671,0.00015742723251307278,7.495947033179705e-06,0.0019967832034152246,2.1322328371100094e-05,-0.04729051647645111,-0.00046238721127992853,1.6716504392896727,-0.03231044179817735,-2.6509266131315356e-05,0.14098867609344048
6.25044059753418,1.811956522910128e-05,0.2549842347532212,0.00015801150059787462,7.524175189206153e-06,0.0020017396852508784,2.140285400705606e-05,-0.04711335191084469,-0.00046283489615129506,1.6746037065839603,-0.03228686466955119,-2.6433700339500506e-05,0.14109477581211963
6.258914947509766,1.811956522910128e-05,0.2549842347532212,0.00015801150059787462,7.448933437314092e-06,0.0019817222883983694,2.11888254669855e-05,-0.04711335191084469,-0.00046283489615129506,1.6746037065839603,-0.03196399602285568,-2.6169363336105502e-05,0.13968382805399843
6.27114462852478,1.8247878927434377e-05,0.2550322360596368,0.00015859541083291392,7.535718982898847e-06,0.002001154915931786,2.1436545404254525e-05,-0.04693570150364998,-0.0004632790636024096,1.677544105023744,-0.032110344879770575,-2.6201550374315352e-05,0.14065018205154306
6.2845869064331055,1.8247878927434377e-05,0.2550322360596368,0.00015859541083291392,7.460361793069859e-06,0.001981143366772468,2.122217995021198e-05,-0.04693570150364998,-0.0004632790636024096,1.677544105023744,-0.03178924143097287,-2.5939534870572197e-05,0.13924368023102762
6.288978576660156,1.8375930594072555e-05,0.25508051751385635,0.0001591789625989414,7.83412311332666e-06,0.0020712706588056715,2.228912553018569e-05,-0.04675757276896214,-0.00046371974555615595,1.6804716976351173,-0.03276091519085654,-2.649073144648562e-05,0.1444041272514639
6.294012069702148,1.8375930594072555e-05,0.25508051751385635,0.0001591789625989414,7.755781882193394e-06,0.002050557952217615,2.2066234274883833e-05,-0.04675757276896214,-0.00046371974555615595,1.6804716976351173,-0.03243330603894797,-2.6225824132020765e-05,0.14296008597894927
6.3033668994903564,1.8503719526935834e-05,0.2551290773698703,0.00015976215529122826,7.888360899176454e-06,0.002081961243014726,2.244574275788862e-05,-0.046578973161054214,-0.0004641569736138503,1.6833865470958986,-0.032710590614442044,-2.6340481653235513e-05,0.14459368478101073
6.321062326431274,1.863124505564554e-05,0.25517791389156086,0.00016034498831889914,7.920382261363577e-06,0.002088740021098751,2.2538390171183567e-05,-0.046399910074753505,-0.0004645907790586799,1.6862887157380118,-0.0326995514932063,-2.6274441640473686e-05,0.14476024954831962
6.325817346572876,1.863124505564554e-05,0.25517791389156086,0.00016034498831889914,7.841178438749941e-06,0.0020678526208877637,2.231300626947173e-05,-0.046399910074753505,-0.0004645907790586799,1.6862887157380118,-0.03237255597827424,-2.6011697224068948e-05,0.14331264705283642
6.338054180145264,1.875850654174724e-05,0.25522702535264263,0.00016092746110565607,7.922875127345398e-06,0.0020873082269251566,2.2548173710160566e-05,-0.0462203908457716,-0.000465021192859088,1.6891782655498442,-0.032503038297935605,-2.6034272982591066e-05,0.14420141870116773
6.3446502685546875,1.875850654174724e-05,0.25522702535264263,0.00016092746110565607,7.843646376071944e-06,0.002066435144655905,2.232269197305896e-05,-0.0462203908457716,-0.000465021192859088,1.6891782655498442,-0.03217800791495625,-2.5773930252765154e-05,0.14275940451415606
6.362998962402344,1.8885503378711103e-05,0.25527641003659984,0.0001615095730885268,7.871807387307642e-06,0.0020726853479809126,2.2404931494144223e-05,-0.046040422750996395,-0.0004654482456721154,1.6920552581785844,-0.03215725295047738,-2.5702929453467037e-05,0.14287372061922796
6.3674633502960205,1.8885503378711103e-05,0.25527641003659984,0.0001615095730885268,7.793089313434566e-06,0.0020519584945011037,2.218088217920278e-05,-0.046040422750996395,-0.0004654482456721154,1.6920552581785844,-0.03183568042097261,-2.5445900158932366e-05,0.14144498341303569
6.385578393936157,1.9012234989594336e-05,0.2553260662366211,0.00016209132371828233,7.822948512034853e-06,0.002058850496079371,2.2268302831904885e-05,-0.045860013008754086,-0.00046587196784669095,1.6949197549325334,-0.031820330865921356,-2.5378792746104252e-05,0.1415857034840491
6.389453887939453,1.9012234989594336e-05,0.2553260662366211,0.00016209132371828233,7.744719026914505e-06,0.002038261991118577,2.2045619803585835e-05,-0.045860013008754086,-0.00046587196784669095,1.6949197549325334,-0.031502127557262144,-2.512500481864321e-05,0.14016984644920863
6.402231931686401,1.9138700828488784e-05,0.2553759922555339,0.00016267271245915964,7.819823702054228e-06,0.0020569511011874083,2.2263297653742196e-05,-0.04567916877904863,-0.00046629238942688775,1.6977718167833882,-0.03161399325113964,-2.513683762599892e-05,0.14096351360884302
6.408729314804077,1.9138700828488784e-05,0.2553759922555339,0.00016267271245915964,7.741625465033686e-06,0.002036381590175534,2.2040664677204775e-05,-0.04567916877904863,-0.00046629238942688775,1.6977718167833882,-0.03129785331862824,-2.4885469249738933e-05,0.13955387847275458
6.421300411224365,1.9264900377070106e-05,0.25542618640573655,0.00016325373878844413,7.819008858910605e-06,0.0020559460009766436,2.226534905020813e-05,-0.04549789716378567,-0.00046670954015512017,1.7006115043684948,-0.031416085278944385,-2.4901492833275618e-05,0.1403803858109263
6.426368951797485,1.9264900377070106e-05,0.25542618640573655,0.00016325373878844413,7.7408187703215e-06,0.0020353865409668773,2.204269555970605e-05,-0.04549789716378567,-0.00046670954015512017,1.7006115043684948,-0.03110192442615494,-2.465247790494286e-05,0.13897658195281704
6.441781997680664,1.9390833147937842e-05,0.25547664700913114,0.0001638344021966652,7.789452070325465e-06,0.0020477715724266923,2.2185082277055522e-05,-0.04531620520698726,-0.0004671234494753196,1.703438877993072,-0.031140415141748125,-2.4619944391963254e-05,0.13939146928711516
6.4484477043151855,1.9390833147937842e-05,0.25547664700913114,0.0001638344021966652,7.71155754962221e-06,0.0020272938567024255,2.1963231454284967e-05,-0.04531620520698726,-0.0004671234494753196,1.703438877993072,-0.030829010990330644,-2.4373744948043622e-05,0.137997554594244
6.470230579376221,1.9516498681276002e-05,0.2555273723970556,0.00016441470218678963,7.723473402360697e-06,0.0020303077415418274,2.200016954630701e-05,-0.04513409989500327,-0.00046753414653606245,1.7062539976324005,-0.030766485132327385,-2.4279988687521287e-05,0.13788910139191143
6.474140405654907,1.9516498681276002e-05,0.2555273723970556,0.00016441470218678963,7.64623866833709e-06,0.002010004664126409,2.178016785084394e-05,-0.04513409989500327,-0.00046753414653606245,1.7062539976324005,-0.03045882028100411,-2.4037188800646074e-05,0.13651021037799232
6.486985206604004,1.9641896543740056e-05,0.25557836091021674,0.00016499463827472272,7.720501336010568e-06,0.0020296004616742894,2.199722025909847e-05,-0.0449515881567245,-0.00046794166019367185,1.7090569229339803,-0.030568415537442682,-2.404875541968983e-05,0.13729229487543887
6.491416931152344,1.9641896543740056e-05,0.25557836091021674,0.00016499463827472272,7.643296322650463e-06,0.0020093044570575463,2.1777248056507486e-05,-0.0449515881567245,-0.00046794166019367185,1.7090569229339803,-0.030262731382068257,-2.380826786549293e-05,0.1359193719266845
6.499663829803467,1.97670263316857e-05,0.255629610898625,0.00016557420998864107,7.801218376599185e-06,0.0020513559823653405,2.223638253634545e-05,-0.04476867686380209,-0.0004683460190152692,1.7118477132196543,-0.03060118966088735,-2.3958875472213062e-05,0.13789034103068662
6.5040717124938965,1.97670263316857e-05,0.255629610898625,0.00016557420998864107,7.723206192833194e-06,0.002030842422541687,2.2014018710981996e-05,-0.04476867686380209,-0.0004683460190152692,1.7118477132196543,-0.030295177764278477,-2.371928671749093e-05,0.13651143762037976
6.522412061691284,1.989188766671616e-05,0.25568112072152926,0.0001661534168688816,7.751172073721897e-06,0.002038619522143298,2.2098079271365565e-05,-0.04458537283087703,-0.0004687472512818202,1.7146264274877001,-0.030278700468274494,-2.365521959142186e-05,0.136637429082759
6.526859760284424,1.989188766671616e-05,0.25568112072152926,0.0001661534168688816,7.673660352984678e-06,0.002018233326921865,2.187709847865191e-05,-0.04458537283087703,-0.0004687472512818202,1.7146264274877001,-0.029975913463591748,-2.3418667395507638e-05,0.1352710547919314
6.5495076179504395,2.0016480196573026e-05,0.2557328887473531,0.0001667322584678862,7.681966159146837e-06,0.002020908799946057,2.190452776869527e-05,-0.044401682815822956,-0.0004691453849911236,1.7173931244148863,-0.029906698211580256,-2.3323354266377908e-05,0.13512074675615066
6.5567626953125,2.0016480196573026e-05,0.2557328887473531,0.0001667322584678862,7.605146497555369e-06,0.002000699711946596,2.1685482491008315e-05,-0.044401682815822956,-0.0004691453849911236,1.7173931244148863,-0.029607631229464453,-2.3090120723714128e-05,0.13376953928858915
6.564424753189087,2.0140803595136615e-05,0.255784913353635,0.00016731073434989624,7.780031077941593e-06,0.002048591725297091,2.219593432587622e-05,-0.044217613520004875,-0.0004695404478607895,1.7201478623584996,-0.029988764045603983,-2.3265832399651206e-05,0.13597094922908481
6.586570501327515,2.026485756231489e-05,0.25583719292696827,0.00016788884409095286,7.788899395656906e-06,0.002051712859616351,2.2225464288920456e-05,-0.04403317158855574,-0.0004699324673311773,1.7228906993583377,-0.029921720745961066,-2.3172527820975703e-05,0.13583054221885751
6.5990660190582275,2.026485756231489e-05,0.25583719292696827,0.00016788884409095286,7.711010401700337e-06,0.0020311957310201875,2.200320964603125e-05,-0.04403317158855574,-0.0004699324673311773,1.7228906993583377,-0.029622503538501457,-2.2940802542765944e-05,0.13447223679666895
6.605854272842407,2.038864182081535e-05,0.25588972586294356,0.00016846658727839663,7.916151674636799e-06,0.00208827178267997,2.2603148102795246e-05,-0.043848363610672354,-0.00047032147056831993,1.725621693138675,-0.030081172705527074,-2.3161729729903647e-05,0.13708853978614674
6.626347780227661,2.051215611970768e-05,0.255942510566095,0.00016904396351106256,7.930319416891663e-06,0.0020931458621884585,2.2648564247501482e-05,-0.04366319611993141,-0.0004707074844668015,1.728340901110196,-0.03002885519483329,-2.3077875265093347e-05,0.13702416896378067
6.6319403648376465,2.051215611970768e-05,0.255942510566095,0.00016904396351106256,7.851016222722747e-06,0.002072214403566574,2.2422078605026466e-05,-0.04366319611993141,-0.0004707074844668015,1.728340901110196,-0.029728566642884955,-2.2847096512442413e-05,0.13565392727414285
6.645540952682495,2.063540022985976e-05,0.2559955454498465,0.00016962097239877982,7.912889072900155e-06,0.0020904868183228365,2.2606638389076384e-05,-0.04347767559462617,-0.0004710905356526382,1.7310483803719043,-0.02980338435276372,-2.2839179021626942e-05,0.1362577609860945
6.6528894901275635,2.063540022985976e-05,0.2559955454498465,0.00016962097239877982,7.833760182171154e-06,0.002069581950139608,2.238057200518562e-05,-0.04347767559462617,-0.0004710905356526382,1.7310483803719043,-0.029505350509236083,-2.2610787231410673e-05,0.13489518337623355
6.667555570602417,2.0758373947722966e-05,0.2560488289364621,0.00017019761356245556,7.885378034387153e-06,0.0020852172384473633,2.2535626518957042e-05,-0.04329180845812359,-0.0004714706504860997,1.7337441877130035,-0.029553219700751553,-2.2587284366434004e-05,0.13535652565715445
6.693584680557251,2.0881077090545484e-05,0.2561023594569972,0.0001707738866337694,7.879618610619224e-06,0.0020849307054911954,2.2523613310331596e-05,-0.043105601079241614,-0.00047184785506453655,1.7364283796147542,-0.029449704762273963,-2.2474495261653976e-05,0.13501867495450418
6.699354410171509,2.0881077090545484e-05,0.2561023594569972,0.0001707738866337694,7.800822424513032e-06,0.0020640813984362833,2.2298377177228278e-05,-0.043105601079241614,-0.00047184785506453655,1.7364283796147542,-0.029155207714651223,-2.2249750309037435e-05,0.13366848820495913
6.703292369842529,2.100350949971234e-05,0.2561561354512534,0.00017134979125514574,8.205100357758216e-06,0.002179998617548402,2.348471757072569e-05,-0.04291905977264568,-0.0004722221752251597,1.7391010122523078,-0.030124954163915803,-2.276768628498821e-05,0.13901722020736482
6.70842719078064,2.100350949971234e-05,0.2561561354512534,0.00017134979125514574,8.123049354180634e-06,0.002158198631372918,2.3249870395018433e-05,-0.04291905977264568,-0.0004722221752251597,1.7391010122523078,-0.029823704622276646,-2.2540009422138326e-05,0.13762704800529116
6.722100019454956,2.1125671036960626e-05,0.25621015536773345,0.00017192532707930927,8.180478138044556e-06,0.00217612560564799,2.3423036856044335e-05,-0.042732190799263395,-0.0004725936365478142,1.74176214149652,-0.02988647873463322,-2.2525860623694172e-05,0.13816817046487243
6.725844860076904,2.1125671036960626e-05,0.25621015536773345,0.00017192532707930927,8.09867335666411e-06,0.0021543643495915104,2.318880648748389e-05,-0.042732190799263395,-0.0004725936365478142,1.74176214149652,-0.029587613947286887,-2.230060201745723e-05,0.1367864887602237
6.749039173126221,2.1247561586606298e-05,0.2562644176636006,0.00017250049376945232,8.09928009803438e-06,0.002156215365029931,2.3195913027051794e-05,-0.04254500036671606,-0.0004729622643577093,1.7444118229157437,-0.029503226717988208,-2.2200957400395173e-05,0.1365441580597539
6.759688138961792,2.1247561586606298e-05,0.2562644176636006,0.00017250049376945232,8.018287297054036e-06,0.002134653211379632,2.2963953896781276e-05,-0.04254500036671606,-0.0004729622643577093,1.7444118229157437,-0.029208194450808325,-2.197894782639122e-05,0.13517871647915636
6.764191627502441,2.13691810540972e-05,0.25631892080463725,0.0001730752909989012,8.357588966691962e-06,0.002234330967366823,2.3964480231905687e-05,-0.04235749462976536,-0.00047332808372814336,1.7470501117776036,-0.029998568958093493,-2.238854488045973e-05,0.13959941444908602
6.778155088424683,2.1490529366013365e-05,0.2563736632652075,0.00017364971845083865,8.409064298779344e-06,0.002251191741328974,2.4121352964481107e-05,-0.042169679690773586,-0.0004736911194831875,1.7496770630507554,-0.030045525417115526,-2.2365745401312347e-05,0.1400573423130048
6.783100366592407,2.1490529366013365e-05,0.2563736632652075,0.00017364971845083865,8.324973655791551e-06,0.0022286798239156843,2.3880139434836295e-05,-0.042169679690773586,-0.0004736911194831875,1.7496770630507554,-0.02974507016294437,-2.2142087947299223e-05,0.13865676888987474
6.797489643096924,2.1611606467840743e-05,0.25642864352821915,0.00017422377581872148,8.372544998517709e-06,0.002244602223615178,2.402589339370834e-05,-0.04198156160017547,-0.0004740513962003571,1.7522927314066292,-0.029782201079970486,-2.211397375445334e-05,0.13906171101845302
6.802139520645142,2.1611606467840743e-05,0.25642864352821915,0.00017422377581872148,8.288819548532532e-06,0.002222156201379026,2.3785634459771257e-05,-0.04198156160017547,-0.0004740513962003571,1.7522927314066292,-0.029484379069170782,-2.1892834016908805e-05,0.13767109390826848
6.824154853820801,2.1732412325641395e-05,0.25648386008508894,0.00017479746280530718,8.29128362581038e-06,0.0022250155976333117,2.379897515834744e-05,-0.041793146356959736,-0.0004744089382132499,1.7548971712211587,-0.029406858894675637,-2.1799068177304476e-05,0.13746040691897612
6.8295578956604,2.1732412325641395e-05,0.25648386008508894,0.00017479746280530718,8.208370789552276e-06,0.0022027654416569785,2.3560985406763967e-05,-0.041793146356959736,-0.0004744089382132499,1.7548971712211587,-0.02911279030572888,-2.158107749553143e-05,0.13608580284978636
6.843949794769287,2.1852946925051825e-05,0.2565393114357081,0.00017537077912321104,8.256617121487894e-06,0.002219267350700574,2.3709403887108714e-05,-0.04160443990915831,-0.00047476376961416093,1.757490436576499,-0.02915203610873612,-2.1554936319353313e-05,0.1365011379054697
6.85041618347168,2.1852946925051825e-05,0.2565393114357081,0.00017537077912321104,8.174050950273014e-06,0.0021970746771935684,2.3472309848237628e-05,-0.04160443990915831,-0.00047476376961416093,1.757490436576499,-0.02886051574764876,-2.133938695615978e-05,0.135136126526415
6.86881422996521,2.1973210271505887e-05,0.2565949960884084,0.0001759437244943776,8.194078586522624e-06,0.002205370546550325,2.3537814532854578e-05,-0.041415448154341346,-0.0004751159142566776,1.7600725812627325,-0.028828739262320498,-2.127297474676563e-05,0.1351683733084926
6.876161813735962,2.1973210271505887e-05,0.2565949960884084,0.0001759437244943776,8.112137800657398e-06,0.0021833168410848214,2.330243638752603e-05,-0.041415448154341346,-0.0004751159142566776,1.7600725812627325,-0.02854045186969729,-2.106024499929797e-05,0.13381668957540768
6.886103868484497,2.209320238745191e-05,0.2566509125599302,0.00017651629864983093,8.219003094367589e-06,0.0022177260504312518,2.3624660391349887e-05,-0.04122617694011592,-0.00047546539575823874,1.7626436587795649,-0.028727361485601555,-2.1119093948223437e-05,0.13502820524087517
6.892886400222778,2.209320238745191e-05,0.2566509125599302,0.00017651629864983093,8.136813063423913e-06,0.0021955487899269393,2.3388413787436387e-05,-0.04122617694011592,-0.00047546539575823874,1.7626436587795649,-0.02844008787074554,-2.0907903008741202e-05,0.1336779231884664
6.920406818389893,2.2212923315024792e-05,0.25670705937539023,0.00017708850133000886,8.123235076670047e-06,0.0021939951809060703,2.3354999422716556e-05,-0.04103663206462667,-0.00047581223750267924,1.7652037223380115,-0.02832525509890289,-2.0795257052991045e-05,0.13325838962251527
6.926343202590942,2.2212923315024792e-05,0.25670705937539023,0.00017708850133000886,8.042002725903347e-06,0.0021720552290970096,2.312144942848939e-05,-0.04103663206462667,-0.00047581223750267924,1.7652037223380115,-0.02804200254791386,-2.0587304482461133e-05,0.13192580572629012
6.940155267715454,2.2332373113931084e-05,0.2567634350682502,0.00017766033228440185,8.096410707468306e-06,0.002191150949169464,2.3289430252078438e-05,-0.04084681927705641,-0.00047615646264273953,1.7677528248620757,-0.028097345585609113,-2.0571779999332366e-05,0.13242650611271634
6.947112083435059,2.2451551860892598e-05,0.256820038180286,0.00017823179127121939,8.28265137214688e-06,0.002250602986807648,2.3848623763756297e-05,-0.04065674427812511,-0.000476498094102552,1.7702910189904193,-0.02847885338713645,-2.074045512445419e-05,0.1347004794931091
6.9552271366119385,2.2451551860892598e-05,0.256820038180286,0.00017823179127121939,8.199824858425411e-06,0.0022280969569395716,2.3610137526118734e-05,-0.04065674427812511,-0.000476498094102552,1.7702910189904193,-0.028194064853265085,-2.053305057320965e-05,0.133353474698178
6.993055105209351,2.257045964975799e-05,0.2568768672615564,0.0001788028780574183,8.1668785867649e-06,0.0022208390223621612,2.351961900775397e-05,-0.04046641272058548,-0.00047683715458010287,1.7728183570780254,-0.028033201819030604,-2.0395931595879466e-05,0.13267891462523446
6.998424053192139,2.2689096592616317e-05,0.25693392087037303,0.00017937359241870316,8.430189915359435e-06,0.002304896547379469,2.4309539126104644e-05,-0.040275830209713884,-0.0004771736665496626,1.7753348911978557,-0.02860064493478163,-2.0668092950634304e-05,0.13597566748110118
7.003961563110352,2.2689096592616317e-05,0.25693392087037303,0.00017937359241870316,8.34588801620584e-06,0.0022818475819056743,2.4066443734843598e-05,-0.040275830209713884,-0.0004771736665496626,1.7753348911978557,-0.02831463848543381,-2.046141202112796e-05,0.13461591080629018
7.009498357772827,2.280746281679146e-05,0.2569911975732693,0.00017994393413897045,8.596345340632408e-06,0.0023624765241099855,2.4819221631066995e-05,-0.04008500230379504,-0.00047750765226419655,1.7778406731425007,-0.028848459375612562,-2.071418722622403e-05,0.13773441588592866
7.025509834289551,2.2925558465287647e-05,0.25704869594496876,0.00018051390301086512,8.625641233656036e-06,0.002374762488231175,2.4914356528936662e-05,-0.03989393451459945,-0.00047783913375774346,1.7803357544258234,-0.028840728238017768,-2.0663739964026334e-05,0.13789451817575527
7.03112530708313,2.2925558465287647e-05,0.25704869594496876,0.00018051390301086512,8.539384821319474e-06,0.002351014863348863,2.4665212963647295e-05,-0.03989393451459945,-0.00047783913375774346,1.7803357544258234,-0.02855232095563759,-2.045710256438607e-05,0.13651557299399772
7.04554009437561,2.3043383698237028e-05,0.25710641456835515,0.00018108349883503005,8.581784815006312e-06,0.0023675459796284088,2.4799687487516928e-05,-0.039702632307852495,-0.0004781681328477636,1.7828201862845983,-0.028576712231994376,-2.04249647842988e-05,0.13685104107720752
7.049374341964722,2.3043383698237028e-05,0.25710641456835515,0.00018108349883503005,8.495966966856249e-06,0.0023438705198321245,2.455169061264176e-05,-0.039702632307852495,-0.0004781681328477636,1.7828201862845983,-0.02829094510967443,-2.0220715136455814e-05,0.13548253066643545
7.066123723983765,2.3160938690228017e-05,0.2571643520344401,0.00018165272142021773,8.5207887685279e-06,0.002355022627767015,2.4633979419683356e-05,-0.03951110110369427,-0.00047849467113747073,1.785294019680144,-0.028273096241214,-2.016552820468201e-05,0.13558518926748317
7.070216178894043,2.3160938690228017e-05,0.2571643520344401,0.00018165272142021773,8.435580880842621e-06,0.002331472401489345,2.4387639625486523e-05,-0.03951110110369427,-0.00047849467113747073,1.785294019680144,-0.02799036527880186,-1.996387292263519e-05,0.13422933737480833
7.083705186843872,2.3278223631864176e-05,0.2572225069423314,0.00018222157058334635,8.48729325113751e-06,0.0023512704967146177,2.455055552520906e-05,-0.039319346277129505,-0.00047881877001812787,1.7877573052999498,-0.02803754460546212,-1.9945095342373905e-05,0.13468927126173597
7.089195728302002,2.3278223631864176e-05,0.2572225069423314,0.00018222157058334635,8.402420318626135e-06,0.0023277577917474716,2.430504996995697e-05,-0.039319346277129505,-0.00047881877001812787,1.7877573052999498,-0.027757169159407496,-1.9745644388950167e-05,0.1333423785491186
7.102851152420044,2.3395238727426504e-05,0.2572808778992006,0.00018279004614885994,8.45256111980979e-06,0.0023472258397506597,2.446359108984854e-05,-0.03912737315846699,-0.00047914045067132033,1.790210093559297,-0.027800687612921555,-1.9725187585077075e-05,0.1337818061277405
7.10702919960022,2.3395238727426504e-05,0.2572808778992006,0.00018279004614885994,8.368035508611691e-06,0.002323753581353153,2.4218955178950055e-05,-0.03912737315846699,-0.00047914045067132033,1.790210093559297,-0.02752268073679234,-1.9527935709226303e-05,0.13244398806646307
7.12166166305542,2.3511984195987047e-05,0.25733946352025044,0.000183358147949258,8.409333276679705e-06,0.0023405541631556326,2.4351315088034e-05,-0.03893518703374801,-0.000479459734071198,1.7926524346028738,-0.027545243255347563,-1.9496306069787446e-05,0.13276713750700533
7.128723382949829,2.3511984195987047e-05,0.25733946352025044,0.000183358147949258,8.325239943912908e-06,0.0023171486215240763,2.410780193715366e-05,-0.03893518703374801,-0.000479459734071198,1.7926524346028738,-0.02726979082279409,-1.930134300908957e-05,0.13143946613193527
7.148828744888306,2.362846027218838e-05,0.2573982624286808,0.00018392587582459453,8.332779158635558e-06,0.0023232225260819144,2.4139151582470707e-05,-0.03874279314516361,-0.0004797766409866974,1.7950843783063835,-0.027212474848586472,-1.922632871013222e-05,0.13131918153902492
7.162675619125366,2.362846027218838e-05,0.2573982624286808,0.00018392587582459453,8.249451367049202e-06,0.002299990300821095,2.3897760066646e-05,-0.03874279314516361,-0.0004797766409866974,1.7950843783063835,-0.026940350100100607,-1.9034065423030896e-05,0.13000598972363467
7.168611764907837,2.374466720112278e-05,0.2574572732556556,0.00018449322962245122,8.473900373396293e-06,0.0023763997407567636,2.458091791475059e-05,-0.03855019669146049,-0.00048009119198373136,1.7975059742781478,-0.02739590216507984,-1.9239680853464553e-05,0.13273349407990198
7.177636384963989,2.374466720112278e-05,0.2574572732556556,0.00018449322962245122,8.38916136966233e-06,0.002352635743349196,2.4335108735603082e-05,-0.03855019669146049,-0.00048009119198373136,1.7975059742781478,-0.02712194314342904,-1.9047284044929907e-05,0.13140615913910297
7.192119121551514,2.3860605244566808e-05,0.2575164946402674,0.00018506020919788148,8.43084876088165e-06,0.002370000409827698,2.4469490287439542e-05,-0.03835740282833547,-0.000480403407427355,1.799917271860702,-0.027146021555592238,-1.9017603305996623e-05,0.13173604572228045
7.201726675033569,2.3860605244566808e-05,0.2575164946402674,0.00018506020919788148,8.346540273272834e-06,0.002346300405729421,2.4224795384565147e-05,-0.03835740282833547,-0.000480403407427355,1.799917271860702,-0.026874561340036317,-1.8827427272936658e-05,0.13041868526505765
7.206766605377197,2.3976274676751147e-05,0.2575759252295033,0.00018562681441302193,8.623277646081363e-06,0.0024407568834340734,2.5067338699265773e-05,-0.038164416668818715,-0.0004807133074839027,1.8023183201323834,-0.027449114587066822,-1.9096933696978205e-05,0.1338189269472851
7.2126336097717285,2.3976274676751147e-05,0.2575759252295033,0.00018562681441302193,8.53704486962055e-06,0.0024163493145997325,2.4816665312273116e-05,-0.038164416668818715,-0.0004807133074839027,1.8023183201323834,-0.027174623441196154,-1.8905964360008423e-05,0.13248073767781224
7.2236621379852295,2.4091675784249405e-05,0.2576355636782085,0.00018619304513745402,8.615981872136012e-06,0.0024462623543572656,2.506393565286996e-05,-0.037971243283645775,-0.0004810209121231094,1.8047091679089131,-0.02728586400698003,-1.8924173564553345e-05,0.13329688482371974
7.228543758392334,2.4091675784249405e-05,0.2576355636782085,0.00018619304513745402,8.529822053414653e-06,0.002421799730813693,2.481329629634126e-05,-0.037971243283645775,-0.0004810209121231094,1.8047091679089131,-0.02701300536691023,-1.873493182890781e-05,0.13196391597548254
7.248751878738403,2.4206808866869065e-05,0.257695408649051,0.00018675890124756486,8.534029692272907e-06,0.0024271960558582607,2.4835381818203236e-05,-0.03777788770161886,-0.0004813262411201893,1.8070898637449697,-0.026950591784562616,-1.8659654784563164e-05,0.13180784973852172
7.2530128955841064,2.4206808866869065e-05,0.257695408649051,0.00018675890124756486,8.448689395350178e-06,0.002402924095299678,2.4587028000021203e-05,-0.03777788770161886,-0.0004813262411201893,1.8070898637449697,-0.02668108586671699,-1.8473058236717533e-05,0.1304897712411365
7.267621278762817,2.4321674236315684e-05,0.25775545881248385,0.00018732438262693678,8.487790748921964e-06,0.0024200015058161287,2.471472903267837e-05,-0.03758435490995759,-0.0004816293140579073,1.8094604559357546,-0.026699830401021172,-1.8441929843001423e-05,0.13078779715954117
7.27186393737793,2.4321674236315684e-05,0.25775545881248385,0.00018732438262693678,8.402912841432745e-06,0.0023958014907579676,2.4467581742351585e-05,-0.03758435490995759,-0.0004816293140579073,1.8094604559357546,-0.02643283209701096,-1.8257510544571407e-05,0.12947991918794577
7.287020683288574,2.443627221652719e-05,0.2578157128467091,0.00018788948916595858,8.437781753260888e-06,0.0024115974195542548,2.4582741512527934e-05,-0.03739064985463971,-0.0004819301503286121,1.81182099251855,-0.02644201955162555,-1.8221615807664997e-05,0.12972364798534713
7.296198606491089,2.443627221652719e-05,0.2578157128467091,0.00018788948916595858,8.35340393572828e-06,0.002387481445358712,2.4336914097402655e-05,-0.03739064985463971,-0.0004819301503286121,1.81182099251855,-0.026177599356109294,-1.8039399649588347e-05,0.12842641150549367
7.314520597457886,2.4550603142672088e-05,0.25787616943763997,0.00018845422076179777,8.368046673585588e-06,0.002396603371908774,2.4391034393912296e-05,-0.03719677744073228,-0.000482228769136251,1.8141715212742675,-0.026140683092146046,-1.7979228406986848e-05,0.12840961253265892
7.319924354553223,2.4550603142672088e-05,0.25787616943763997,0.00018845422076179777,8.284366206849732e-06,0.0023726373381896862,2.4147124049973172e-05,-0.03719677744073228,-0.000482228769136251,1.8141715212742675,-0.025879276261224583,-1.779943612291698e-05,0.12712551640733233
7.342442512512207,2.4778465234711425e-05,0.25799768507159715,0.00018958255874543633,8.360845709514837e-06,0.0024028743708741462,2.438931485239147e-05,-0.036808549954787544,-0.0004828194302480351,1.8188427451554925,-0.025983062611423947,-1.7814237982438927e-05,0.12790401760116124
7.346235036849976,2.4778465234711425e-05,0.25799768507159715,0.00018958255874543633,8.277237252419688e-06,0.0023788456271654048,2.4145421703867555e-05,-0.036808549954787544,-0.0004828194302480351,1.8188427451554925,-0.025723231985309708,-1.7636095602614538e-05,0.12662497742514964
7.369365930557251,2.4891997128211098e-05,0.2580587415246619,0.0001901461649605498,8.271802038295069e-06,0.002381453237527093,2.41391757387537e-05,-0.03661420449118795,-0.0004831115100358626,1.8211635345747834,-0.025640815556156386,-1.755235980844804e-05,0.1263502757516807
7.383272647857666,2.4891997128211098e-05,0.2580587415246619,0.0001901461649605498,8.189084017912118e-06,0.002357638705151822,2.3897783981366163e-05,-0.03661420449118795,-0.0004831115100358626,1.8211635345747834,-0.025384407400594822,-1.737683621036356e-05,0.1250867729941639
7.397431135177612,2.5005263424636293e-05,0.25811999535443103,0.00019070939588655244,8.233306960272939e-06,0.0023773252998488367,2.4042832609811908e-05,-0.03641971088647836,-0.0004834014473318505,1.8234745047575958,-0.02541438993365989,-1.7353001082781374e-05,0.12544911324467917
7.402302503585815,2.5005263424636293e-05,0.25811999535443103,0.00019070939588655244,8.15097389067021e-06,0.0023535520468503483,2.380240428371379e-05,-0.03641971088647836,-0.0004834014473318505,1.8234745047575958,-0.02516024603432329,-1.717947107195356e-05,0.12419462211223238
7.426870107650757,2.523100079477824e-05,0.2582430900471325,0.00019183473159537317,8.21442282011414e-06,0.0023801210088961657,2.4006606231568665e-05,-0.03603029803537281,-0.00048397496743679265,1.8280671732543892,-0.02523280475024367,-1.717798614038183e-05,0.12480056689879629
7.430929183959961,2.523100079477824e-05,0.2582430900471325,0.00019183473159537317,8.132278591912998e-06,0.002356319798807204,2.3766540169252978e-05,-0.03603029803537281,-0.00048397496743679265,1.8280671732543892,-0.024980476702741235,-1.700620627897801e-05,0.12355256122980833
7.447755336761475,2.5343472682057037e-05,0.25830492838024843,0.00019239683625546462,8.156488850559067e-06,0.002369507925908748,2.385142010423463e-05,-0.03583538808234489,-0.0004842585862998144,1.830348963871968,-0.02496508185222692,-1.6958867878332937e-05,0.12365773362686035
7.4554970264434814,2.5343472682057037e-05,0.25830492838024843,0.00019239683625546462,8.074923962053476e-06,0.0023458128466496606,2.361290590319228e-05,-0.03583538808234489,-0.0004842585862998144,1.830348963871968,-0.024715431033704653,-1.6789279199549607e-05,0.12242115629059175
7.473206281661987,2.5455680595489305e-05,0.2583669590303572,0.00019295856538096507,8.094260008170143e-06,0.0023573819722245027,2.3683048859897655e-05,-0.03564034857549817,-0.0004845401347828226,1.8326211198632167,-0.02468961563038587,-1.6736922698330058e-05,0.1224655315320623
7.478833436965942,2.5455680595489305e-05,0.2583669590303572,0.00019295856538096507,8.013317408088441e-06,0.0023338081525022575,2.3446218371298676e-05,-0.03564034857549817,-0.0004845401347828226,1.8326211198632167,-0.02444271947408201,-1.6569553471346757e-05,0.12124087621674168
7.495266914367676,2.556762496542803e-05,0.2584291807510314,0.00019351991892542026,8.040840167467064e-06,0.0023483328599501756,2.3541601191758465e-05,-0.03544518406530376,-0.00048481963048093866,1.8348836867698535,-0.02443533464994604,-1.652722462688063e-05,0.12138990155044181
7.502420902252197,2.556762496542803e-05,0.2584291807510314,0.00019351991892542026,7.960431765792393e-06,0.002324849531350674,2.330618517984088e-05,-0.03544518406530376,-0.00048481963048093866,1.8348836867698535,-0.02419098130344658,-1.6361952380611824e-05,0.12017600253493739
7.512269496917725,2.5679306231009656e-05,0.25849159230316504,0.00019408089684818454,8.060131372249333e-06,0.0023649720673996942,2.3623166327838686e-05,-0.0352498990642317,-0.00048509709081975843,1.8371367098921847,-0.024342149483697385,-1.640230219546099e-05,0.12123658500253978
7.519520998001099,2.5679306231009656e-05,0.25849159230316504,0.00019408089684818454,7.979530058526838e-06,0.0023413223467256975,2.33869346645603e-05,-0.0352498990642317,-0.00048509709081975843,1.8371367098921847,-0.02409872798886041,-1.623827917350638e-05,0.12002421915251438
7.531468868255615,2.579072484126753e-05,0.25855419245493433,0.00019464149911442075,8.047261212371587e-06,0.002370303531996013,2.360618370775202e-05,-0.035054498047014215,-0.0004853725330571312,1.8393802342905439,-0.02417974390249138,-1.6242491983494635e-05,0.12068113794926436
7.5356597900390625,2.579072484126753e-05,0.25855419245493433,0.00019464149911442075,7.96678860024787e-06,0.002346600496676053,2.33701218706745e-05,-0.035054498047014215,-0.0004853725330571312,1.8393802342905439,-0.023937946463466465,-1.6080067063659688e-05,0.11947432656977171
7.5548272132873535,2.59018812539075e-05,0.258616979981758,0.00019520172569471115,7.978910164386755e-06,0.002355891912461457,2.3418693752972524e-05,-0.034858985450905995,-0.00048564597428490014,1.8416143047867197,-0.023898040296278896,-1.602216471653253e-05,0.11943246477944999
7.563262462615967,2.59018812539075e-05,0.258616979981758,0.00019520172569471115,7.899121062742888e-06,0.0023323329933368424,2.31845068154428e-05,-0.034858985450905995,-0.00048564597428490014,1.8416143047867197,-0.023659059893316108,-1.5861943069367207e-05,0.1182381401316555
7.585034370422363,2.6123409359184886e-05,0.2587431122982221,0.00019632105170819218,7.981299770378256e-06,0.002366943186509054,2.3449211576970023e-05,-0.034467643085191804,-0.0004861869212593667,1.8460542621754508,-0.02377049457503287,-1.58818882448481e-05,0.11907317158575209
7.588451147079468,2.6123409359184886e-05,0.2587431122982221,0.00019632105170819218,7.901486772674473e-06,0.0023432737546439635,2.3214719461200324e-05,-0.034467643085191804,-0.0004861869212593667,1.8460542621754508,-0.02353278962928254,-1.5723069362399618e-05,0.11788243986989456
7.6153810024261475,2.6233782009930242e-05,0.2588064546745615,0.0001968801511101767,7.887441406850108e-06,0.0023433622664584793,2.3183107609381707e-05,-0.03427182200501518,-0.0004864544603752324,1.848260237531569,-0.023436812309779377,-1.5637092939708568e-05,0.11751410022663997
7.62143874168396,2.6233782009930242e-05,0.2588064546745615,0.0001968801511101767,7.808566992781607e-06,0.0023199286437938947,2.295127653328789e-05,-0.03427182200501518,-0.0004864544603752324,1.848260237531569,-0.023202444186681583,-1.5480722010311484e-05,0.11633895922437357
7.6304144859313965,2.6343894378383347e-05,0.25886997959927543,0.00019743887476363726,7.925047990584984e-06,0.002367503357703163,2.3323054611258875e-05,-0.0340759067253118,-0.00048672006522319447,1.8504569359154135,-0.023385919417811804,-1.5537753384860472e-05,0.11759726979523344
7.633839130401611,2.6343894378383347e-05,0.25886997959927543,0.00019743887476363726,7.845797510679134e-06,0.0023438283241261314,2.3089824065146286e-05,-0.0340759067253118,-0.00048672006522319447,1.8504569359154135,-0.023152060223633687,-1.5382375851011866e-05,0.1164212970972811
7.655242919921875,2.645374696227546e-05,0.25893368588341154,0.00019799722266617523,7.84878060352093e-06,0.002350154065614075,2.3110922190836417e-05,-0.03387990149977269,-0.00048698375209068104,1.8526444009771084,-0.02309370018033965,-1.5316579661909686e-05,0.11626846105103311
7.6614768505096436,2.645374696227546e-05,0.25893368588341154,0.00019799722266617523,7.77029279748572e-06,0.002326652524957934,2.2879812968928053e-05,-0.03387990149977269,-0.00048698375209068104,1.8526444009771084,-0.022862763178536253,-1.5163413865290588e-05,0.11510577644052278
7.677354574203491,2.656334026812281e-05,0.2589975723450275,0.0001985551948204795,7.802172319681054e-06,0.0023436225416442187,2.2990504364790416e-05,-0.03368381054612927,-0.00048724553710921667,1.8548226761365836,-0.022866115274159254,-1.5129366418555413e-05,0.11531249816892329
7.687670946121216,2.6672674810336145e-05,0.25906163780915303,0.00019911279123435453,7.892494459358943e-06,0.002382287094033395,2.3282775528701166e-05,-0.03348763804640147,-0.0004875054362560527,1.8569918045849312,-0.02299227570749035,-1.5157405530006559e-05,0.1162405317332631
7.691709756851196,2.6672674810336145e-05,0.25906163780915303,0.00019911279123435453,7.813569514765354e-06,0.002358464223093061,2.3049947773414152e-05,-0.03348763804640147,-0.0004875054362560527,1.8569918045849312,-0.022762352950415447,-1.5005831474706492e-05,0.11507812641593046
7.705265998840332,2.6781751109884887e-05,0.2591258811077523,0.00019967001192038698,7.863307138104464e-06,0.0023822697842347086,2.3216579482049025e-05,-0.03329138814714508,-0.0004877634653557656,1.859151829285751,-0.02280307632236176,-1.4991008696365792e-05,0.11550462376556382
7.710794925689697,2.6781751109884887e-05,0.2591258811077523,0.00019967001192038698,7.784674066723419e-06,0.0023584470863923616,2.2984413687228535e-05,-0.03329138814714508,-0.0004877634653557656,1.859151829285751,-0.022575045559138144,-1.4841098609402134e-05,0.11434957752790818
7.729467153549194,2.689056969374065e-05,0.25919030107968627,0.000200226856896224,7.799492818021859e-06,0.0023693630405929593,2.3042711301110318e-05,-0.033095064959698106,-0.00048801964008184415,1.8613027929764863,-0.0225429099945129,-1.4789980428783597e-05,0.11434651023570545
7.734060525894165,2.689056969374065e-05,0.25919030107968627,0.000200226856896224,7.72149788984164e-06,0.0023456694101870296,2.2812284188099215e-05,-0.033095064959698106,-0.00048801964008184415,1.8613027929764863,-0.02231748089456777,-1.464208062449576e-05,0.1132030451333484
7.7471184730529785,2.6999131098328753e-05,0.2592548965706758,0.00020078332618432326,7.776544634155185e-06,0.002371681057519414,2.2995932800001777e-05,-0.03289867256042654,-0.0004882739759582534,1.8634447381697512,-0.022369449489058307,-1.4633524156557051e-05,0.11369509180449851
7.752865552902222,2.6999131098328753e-05,0.2592548965706758,0.00020078332618432326,7.698779187813633e-06,0.00234796424694422,2.276597347200176e-05,-0.03289867256042654,-0.0004882739759582534,1.8634447381697512,-0.022145754994167724,-1.4487188914991481e-05,0.11255814088645352
7.767606019973755,2.7107435863850427e-05,0.25931966643326443,0.00020133941981181428,7.73873938139744e-06,0.002368424779586141,2.290285651981912e-05,-0.03270221499096933,-0.0004885264883609957,1.8655777071546475,-0.022166524139002518,-1.4463340288398188e-05,0.11286536935047566
7.770720720291138,2.7107435863850427e-05,0.25931966643326443,0.00020133941981181428,7.661351987583466e-06,0.0023447405317902795,2.2673827954620928e-05,-0.03270221499096933,-0.0004885264883609957,1.8655777071546475,-0.021944858897612492,-1.4318706885514207e-05,0.1117367156569709
7.790602922439575,2.721548453907027e-05,0.25938460952678144,0.00020189513781044272,7.671281963541008e-06,0.0023539570642320843,2.2717189104279832e-05,-0.03250569625848262,-0.0004887771925196322,1.8677017419980724,-0.02190388149733025,-1.4264434227494391e-05,0.11167727250583888
7.7940990924835205,2.721548453907027e-05,0.25938460952678144,0.00020189513781044272,7.594569143905598e-06,0.0023304174935897637,2.2490017213237034e-05,-0.03250569625848262,-0.0004887771925196322,1.8677017419980724,-0.021684842682356948,-1.4121789885219446e-05,0.11056049978078049
7.806945323944092,2.732327767808777e-05,0.2594497247173058,0.00020245048021676567,7.652319369956927e-06,0.0023578014901574707,2.2682890272911778e-05,-0.032309120335883346,-0.0004890261035188163,1.8698168845460168,-0.02174250309062777,-1.411694258108017e-05,0.11108555415576206
7.814747333526611,2.732327767808777e-05,0.2594497247173058,0.00020245048021676567,7.5757961762573575e-06,0.002334223475255896,2.245606137018266e-05,-0.032309120335883346,-0.0004890261035188163,1.8698168845460168,-0.02152507805972149,-1.397577315526937e-05,0.10997469861420443
7.826443672180176,2.743081584156217e-05,0.2595150108776296,0.000203005447071679,7.646606154896268e-06,0.0023666988515225773,2.269005891059379e-05,-0.032112491162092006,-0.000489273236299781,1.8719231764248558,-0.02160945481096714,-1.3984441323955511e-05,0.1106586030534132
7.831189155578613,2.743081584156217e-05,0.2595150108776296,0.000203005447071679,7.570140093347306e-06,0.0023430318630073515,2.2463158321487852e-05,-0.032112491162092006,-0.000489273236299781,1.8719231764248558,-0.02139336026285747,-1.3844596910715956e-05,0.10955201702287906
7.847907304763794,2.753809959493127e-05,0.25958046688722247,0.00020356003842050098,7.596790574083174e-06,0.0023587542141271668,2.2559141832481044e-05,-0.03191581264227466,-0.0004895186056618372,1.8740206590426298,-0.021387752503136487,-1.3809056279627547e-05,0.10969927479366343
7.852341175079346,2.753809959493127e-05,0.25958046688722247,0.00020356003842050098,7.5208226683423425e-06,0.002335166671985895,2.2333550414156233e-05,-0.03191581264227466,-0.0004895186056618372,1.8740206590426298,-0.021173874978105123,-1.3670965716831272e-05,0.10860228204572679
7.869306325912476,2.7645129511417582e-05,0.2596460916321957,0.0002041142543131115,7.5462894124818866e-06,0.002350497097397541,2.2425963957026603e-05,-0.031719088648084016,-0.0004897622262638342,1.8761093735903156,-0.021166156546938143,-1.3634749609435666e-05,0.10873594148149669
7.877448081970215,2.7645129511417582e-05,0.2596460916321957,0.0002041142543131115,7.470826518357068e-06,0.0023269921264235656,2.2201704317456336e-05,-0.031719088648084016,-0.0004897622262638342,1.8761093735903156,-0.02095449498146876,-1.3498402113341309e-05,0.10764858206668172
7.888911008834839,2.7751906168688476e-05,0.2597118840051394,0.00020466809480331244,7.544841563500643e-06,0.002361118000744297,2.2446703181714515e-05,-0.03152232301622906,-0.0004900041126253425,1.8781893610440585,-0.02104502898329314,-1.3510809971260479e-05,0.10836985947226009
7.8962485790252686,2.7751906168688476e-05,0.2597118840051394,0.00020466809480331244,7.469393147865637e-06,0.002337506820736854,2.2222236149897368e-05,-0.03152232301622906,-0.0004900041126253425,1.8781893610440585,-0.02083457869346021,-1.3375701871547874e-05,0.10728616087753749
7.923218011856079,2.7964702042597855e-05,0.25984396723768066,0.0002057746498147811,7.5207734322990046e-06,0.00236310691966381,2.2396635191417473e-05,-0.031128682016816078,-0.0004904827400179252,1.8823233175051275,-0.020879004268950247,-1.3365451475534295e-05,0.1077321736121136
7.930800437927246,2.7964702042597855e-05,0.25984396723768066,0.0002057746498147811,7.445565697976015e-06,0.002339475850467172,2.21726688395033e-05,-0.031128682016816078,-0.0004904827400179252,1.8823233175051275,-0.020670214226260746,-1.3231796960778952e-05,0.10665485187599245
7.950078725814819,2.8070722441806824e-05,0.2599102559149633,0.00020632736446532383,7.459051359861364e-06,0.0023504662434860927,2.2228108103443875e-05,-0.030931814156597383,-0.0004907195094056271,1.884377367397882,-0.020638643045758825,-1.3184777287518337e-05,0.1066442344900659
7.955477952957153,2.8070722441806824e-05,0.2599102559149633,0.00020632736446532383,7.38446084626275e-06,0.0023269615810512317,2.2005827022409435e-05,-0.030931814156597383,-0.0004907195094056271,1.884377367397882,-0.020432256615301236,-1.3052929514643154e-05,0.10557779214516523
7.974658250808716,2.8176491945048946e-05,0.25997670785551674,0.00020687970397200751,7.3988433506133655e-06,0.0023383379070217617,2.2064175449018897e-05,-0.030734919673704255,-0.0004909546012688671,1.8864228519701636,-0.020402868907903396,-1.3007365242524502e-05,0.10557901623941404
7.979918003082275,2.8176491945048946e-05,0.25997670785551674,0.00020687970397200751,7.324854917107232e-06,0.002314954527951544,2.184353369452871e-05,-0.030734919673704255,-0.0004909546012688671,1.8864228519701636,-0.02019884021882436,-1.2877291590099257e-05,0.1045232260770199
7.991828203201294,2.8282011157339705e-05,0.2600433219843415,0.00020743166840961195,7.393425409310103e-06,0.002347735307824742,2.2073164853976926e-05,-0.030538002241324337,-0.0004911880294533052,1.8884598111381576,-0.02027682282108301,-1.2884120830428837e-05,0.10517326854201445
7.9950315952301025,2.8282011157339705e-05,0.2600433219843415,0.00020743166840961195,7.319491155217002e-06,0.0023242579547464947,2.1852433205437157e-05,-0.030538002241324337,-0.0004911880294533052,1.8884598111381576,-0.02007405459287218,-1.2755279622124548e-05,0.1041215358565943
8.017859935760498,2.8387280686136403e-05,0.26011009723283945,0.00020798325785664615,7.320150524563001e-06,0.002330266409062162,2.186753075477627e-05,-0.03034106550087167,-0.0004914198076740086,1.8904882846096314,-0.02001847782921745,-1.2697840846594055e-05,0.10396119423676718
8.022269487380981,2.8387280686136403e-05,0.26011009723283945,0.00020798325785664615,7.2469490193173715e-06,0.00230696374497154,2.1648855447228506e-05,-0.03034106550087167,-0.0004914198076740086,1.8904882846096314,-0.019818293050925275,-1.2570862438128115e-05,0.10292158229439952
8.0329909324646,2.8492301143787615e-05,0.26017703253878005,0.00020853447239590494,7.331441102311688e-06,0.002346325349856093,2.1929486267870265e-05,-0.030144113062215375,-0.0004916499495168007,1.8925083118851422,-0.01992728089246247,-1.2593106514309115e-05,0.10376031288123826
8.037978887557983,2.8492301143787615e-05,0.26017703253878005,0.00020853447239590494,7.258126691288571e-06,0.002322862096357532,2.1710191405191563e-05,-0.030144113062215375,-0.0004916499495168007,1.8925083118851422,-0.019728008083537845,-1.2467175449166024e-05,0.10272270975242587
8.048206567764282,2.85970731480901e-05,0.2602441268462669,0.00020908531211335623,7.349780698306446e-06,0.0023652341920753863,2.201387975879972e-05,-0.02994714850390682,-0.0004918784684395895,1.8945199322592396,-0.019850733002326208,-1.2496212783965285e-05,0.10364564695935566
8.057607412338257,2.85970731480901e-05,0.2602441268462669,0.00020908531211335623,7.276282891323381e-06,0.0023415818501546326,2.1793740961211722e-05,-0.02994714850390682,-0.0004918784684395895,1.8945199322592396,-0.019652225672302945,-1.2371250656125632e-05,0.1026091904897621
8.069266080856323,2.8701597319839537e-05,0.26031137910570384,0.00020963577709914323,7.347330963742265e-06,0.0023758503778414566,2.2032383527979867e-05,-0.029750175373405057,-0.0004921053777736926,1.8965231848216584,-0.01973469154765527,-1.2381176675482313e-05,0.10328694664791316
8.072921514511108,2.8701597319839537e-05,0.26031137910570384,0.00020963577709914323,7.273857654104842e-06,0.002352091874063042,2.181205969270007e-05,-0.029750175373405057,-0.0004921053777736926,1.8965231848216584,-0.019537344632178717,-1.225736490872749e-05,0.10225407718143402
8.089391708374023,2.880587428528002e-05,0.26037878827376115,0.0002101858674470001,7.302729796999868e-06,0.0023694989348334774,2.1916931830771692e-05,-0.029553197187300515,-0.0004923306907251393,1.8985181084585052,-0.0195382334666231,-1.2228545160950566e-05,0.10243273123856977
8.093597888946533,2.880587428528002e-05,0.26037878827376115,0.0002101858674470001,7.229702499029869e-06,0.0023458039454851425,2.1697762512463976e-05,-0.029553197187300515,-0.0004923306907251393,1.8985181084585052,-0.01934285113195687,-1.2106259709341061e-05,0.10140840392618408
8.11587643623352,2.8909904674322892e-05,0.2604463533133422,0.00021073558325436379,7.232386115210462e-06,0.0023526733085924064,2.1719417656823646e-05,-0.02935621743153683,-0.0004925544203759596,1.9005047418534378,-0.019293617434478542,-1.2053890054907843e-05,0.10127873979520878
8.121910572052002,2.8909904674322892e-05,0.2604463533133422,0.00021073558325436379,7.160062254058358e-06,0.002329146575506482,2.1502223480255408e-05,-0.02935621743153683,-0.0004925544203759596,1.9005047418534378,-0.019100681260133756,-1.1933351154358764e-05,0.10026595239725669
8.127076625823975,2.9013689119656153e-05,0.26051407319355013,0.0002112849246219844,7.411218278919656e-06,0.0024369414104561155,2.231565164344241e-05,-0.029159239561630804,-0.0004927765796854618,1.9024831234888369,-0.019527660437761923,-1.2107616601821955e-05,0.10306186638873666
8.132797718048096,2.9013689119656153e-05,0.26051407319355013,0.0002112849246219844,7.337106096130459e-06,0.0024125719963515543,2.2092495127007985e-05,-0.029159239561630804,-0.0004927765796854618,1.9024831234888369,-0.019332383833384304,-1.1986540435803736e-05,0.10203124772484928
8.149871826171875,2.9117228258971338e-05,0.26058194688965425,0.00021183389165448235,7.361210323292148e-06,0.0024281986916896204,2.218254799142746e-05,-0.02896226700289043,-0.0004929971814914951,1.90445329164697,-0.01932488350220141,-1.1954717736749041e-05,0.10215559490168627
8.156646013259888,2.9117228258971338e-05,0.26058194688965425,0.00021183389165448235,7.2875982200592265e-06,0.002403916704772724,2.1960722511513183e-05,-0.02896226700289043,-0.0004929971814914951,1.90445329164697,-0.019131634667179397,-1.183517055938155e-05,0.10113403895266941
8.17307162284851,2.9220522732848277e-05,0.2606499733830574,0.00021238248445940228,7.315859186338449e-06,0.002421292439633445,2.2064166178940994e-05,-0.02876530315063094,-0.0004932162385116942,1.9064152844111502,-0.019132281703539006,-1.1807523894793122e-05,0.10130772684281483
8.182196140289307,2.9220522732848277e-05,0.2606499733830574,0.00021238248445940228,7.242700594475064e-06,0.0023970795152371102,2.1843524517151583e-05,-0.02876530315063094,-0.0004932162385116942,1.9064152844111502,-0.018940958886503614,-1.168944865584519e-05,0.10029464957438668
8.188354253768921,2.9323573185534576e-05,0.260718151661262,0.0002129307031482152,7.439540387121745e-06,0.0024838216616437547,2.2486221025421064e-05,-0.028568351370388854,-0.0004934337633447204,1.908369139666885,-0.01926040365410817,-1.1812343746425086e-05,0.1024397354716278
8.20862340927124,2.94263802645004e-05,0.26078648071783767,0.00021347854783556735,7.446802162194268e-06,0.002492694303937227,2.2522819463431132e-05,-0.028371414998134007,-0.0004936497684714748,1.9103148951030207,-0.01922144053951983,-1.1766425924278718e-05,0.10236789025356009
8.217001914978027,2.94263802645004e-05,0.26078648071783767,0.00021347854783556735,7.372334140572325e-06,0.0024677673608978546,2.229759126879682e-05,-0.028371414998134007,-0.0004936497684714748,1.9103148951030207,-0.01902922613412463,-1.164876166503593e-05,0.10134421135102449
8.22933030128479,2.9528944620661296e-05,0.26085495955238813,0.0002140260186393084,7.4326166369638655e-06,0.0024986353527100226,2.2504211425682236e-05,-0.028174497340479568,-0.0004938642662563118,1.9122525882128778,-0.019089970897339128,-1.1649935069835196e-05,0.10189052487566734
8.233842849731445,2.9528944620661296e-05,0.26085495955238813,0.0002140260186393084,7.3582904705942265e-06,0.0024736489991829223,2.2279169311425412e-05,-0.028174497340479568,-0.0004938642662563118,1.9122525882128778,-0.018899071188365736,-1.1533435719136843e-05,0.10087161962691067
8.249903440475464,2.963126690826696e-05,0.26092358717051806,0.00021457311568037998,7.3873835258164585e-06,0.0024916429583744385,2.238593376362554e-05,-0.027977601674889996,-0.0004940772689482326,1.914182256295381,-0.018901587201780562,-1.150761993488394e-05,0.10105535439404016
8.254919052124023,2.963126690826696e-05,0.26092358717051806,0.00021457311568037998,7.3135096905582935e-06,0.002466726528790694,2.2162074425989286e-05,-0.027977601674889996,-0.0004940772689482326,1.914182256295381,-0.018712571329762756,-1.1392543735535101e-05,0.10004480085009976
8.267009735107422,2.9733347783788078e-05,0.2609923625838007,0.00021511983908328996,7.376512857609009e-06,0.0024989422542305772,2.2377939868680363e-05,-0.027780731249887003,-0.0004942887886820647,1.9161039364561805,-0.01877825682280894,-1.1396477435668143e-05,0.10062193255022134
8.270427227020264,2.9733347783788078e-05,0.2609923625838007,0.00021511983908328996,7.3027477290329185e-06,0.0024739528316882714,2.215416046999356e-05,-0.027780731249887003,-0.0004942887886820647,1.9161039364561805,-0.01859047425458085,-1.1282512661311462e-05,0.09961571322471913
8.289708852767944,2.9835187907920406e-05,0.26106128480974494,0.00021566618897541582,7.314929863271152e-06,0.0024849583356389635,2.220677352685047e-05,-0.027583889285253484,-0.000494498837479631,1.9180176656087677,-0.018562114717718854,-1.124293852390857e-05,0.09960479023203672
8.297303676605225,2.9835187907920406e-05,0.26106128480974494,0.00021566618897541582,7.24178056463844e-06,0.002460108752282574,2.1984705791581966e-05,-0.027583889285253484,-0.000494498837479631,1.9180176656087677,-0.018376493570541667,-1.1130509138669484e-05,0.09860874232971635
8.316957950592041,2.9936787942578876e-05,0.26113035287176306,0.0002162121654874232,7.252803253042619e-06,0.0024706491660735005,2.203364448309341e-05,-0.027387078972235464,-0.000494707427250907,1.9199234804755838,-0.01834632947626417,-1.1090431403445914e-05,0.09858530377236699
8.323797225952148,3.0038148553235772e-05,0.2611995657991377,0.00021675776875262567,7.419621060402607e-06,0.002547141896862398,2.25852363618063e-05,-0.027190303473742076,-0.0004949145697951604,1.9218214175891208,-0.018601540636264246,-1.1182409351676327e-05,0.100354678328895
8.346340894699097,3.013927040713946e-05,0.26126892262699,0.00021730299890770858,7.417904143203786e-06,0.0025524360272367896,2.2593421876898103e-05,-0.02699356592454361,-0.0004951202768020846,1.923711513293016,-0.018547785603814523,-1.1131592807005387e-05,0.10018363584183396
8.351743459701538,3.013927040713946e-05,0.26126892262699,0.00021730299890770858,7.343725101771748e-06,0.002526911666964422,2.2367487658129123e-05,-0.02699356592454361,-0.0004951202768020846,1.923711513293016,-0.018362307747776377,-1.1020276878935333e-05,0.09918179948341561
8.368250370025635,3.0240154175875295e-05,0.26133842239624744,0.00021784785609220075,7.369092143863781e-06,0.0025437459938514794,2.246323748480158e-05,-0.026796869431467644,-0.0004953245598529122,1.92559380374314,-0.018358195446966104,-1.0992658898275729e-05,0.09932235484646672
8.373388767242432,3.0240154175875295e-05,0.26133842239624744,0.00021784785609220075,7.295401222425143e-06,0.0025183085339129645,2.2238605109953565e-05,-0.026796869431467644,-0.0004953245598529122,1.92559380374314,-0.018174613492496442,-1.0882732309292972e-05,0.09832913129800205
8.391738653182983,3.034080053146888e-05,0.26140806415361095,0.00021839234044841878,7.3111652213634825e-06,0.002531077599901171,2.230337931515863e-05,-0.026600217073593346,-0.0004955274304215283,1.927468324908677,-0.018153348865426633,-1.0847541607524339e-05,0.09836037553438921
8.399903535842896,3.034080053146888e-05,0.26140806415361095,0.00021839234044841878,7.2380535691498476e-06,0.002505766823902159,2.208034552200704e-05,-0.026600217073593346,-0.0004955274304215283,1.927468324908677,-0.017971815376772365,-1.0739066191449094e-05,0.09737677177904532
8.41500210762024,3.0441210148835666e-05,0.2614778469515237,0.0002189364521214397,7.273298084080153e-06,0.002526927305545524,2.2208316875864884e-05,-0.026403611902443915,-0.0004957288998755557,1.9293351125731997,-0.01798592883785349,-1.072038223123499e-05,0.09763103927192261
8.423471689224243,3.0441210148835666e-05,0.2614778469515237,0.0002189364521214397,7.2005651032393515e-06,0.002501658032490069,2.1986233707106235e-05,-0.026403611902443915,-0.0004957288998755557,1.9293351125731997,-0.017806069549474956,-1.061317840892264e-05,0.09665472887920339
8.446205854415894,3.0641321878546874e-05,0.2616178319072878,0.00022002355801314244,7.271122714038305e-06,0.002538216165554486,2.2229196176162066e-05,-0.026010555189775134,-0.0004961276803855262,1.9330456296118272,-0.01788314016332585,-1.0623226462795871e-05,0.0973094947704358
8.451438903808594,3.0641321878546874e-05,0.2616178319072878,0.00022002355801314244,7.198411486897922e-06,0.0025128340038989413,2.2006904214400446e-05,-0.026010555189775134,-0.0004961276803855262,1.9330456296118272,-0.017704308761692593,-1.0516994198167913e-05,0.09633639982273144
8.468621969223022,3.07410253512755e-05,0.2616880321984484,0.0002205665525358375,7.2204784950787344e-06,0.0025285600148483313,2.2092713975755885e-05,-0.025814109615230067,-0.0004963250136550986,1.9348894296345875,-0.01769443884941412,-1.0487736049916092e-05,0.09643911447291843
8.471723079681396,3.07410253512755e-05,0.2616880321984484,0.0002205665525358375,7.148273710127947e-06,0.002503274414699848,2.1871786835998325e-05,-0.025814109615230067,-0.0004963250136550986,1.9348894296345875,-0.017517494460919977,-1.0382858689416931e-05,0.09547472332818925
8.48574161529541,3.0840494805543926e-05,0.2617583697967134,0.00022110917498397513,7.191862588325356e-06,0.002528416387497435,2.202775727387049e-05,-0.025617723161731384,-0.0004965209902394455,1.9367256374557453,-0.017545961335425526,-1.0371263303475432e-05,0.09582145356206212
8.490466594696045,3.0840494805543926e-05,0.2617583697967134,0.00022110917498397513,7.119943962442102e-06,0.0025031322236224608,2.1807479701131786e-05,-0.025617723161731384,-0.0004965209902394455,1.9367256374557453,-0.01737050172207127,-1.0267550670440679e-05,0.0948632390264415
8.50934648513794,3.0939730925485525e-05,0.26182884378275917,0.00022165142551596422,7.13403060906974e-06,0.0025154284450102276,2.1867437655251943e-05,-0.025421398745849116,-0.0004967156209908874,1.9385542879466857,-0.017347066811047175,-1.0232760233257319e-05,0.09487708302540725
8.514400959014893,3.0939730925485525e-05,0.26182884378275917,0.00022165142551596422,7.062690302979042e-06,0.0024902741605601253,2.1648763278699424e-05,-0.025421398745849116,-0.0004967156209908874,1.9385542879466857,-0.017173596142936703,-1.0130432630924745e-05,0.09392831219515317
8.529550075531006,3.1038734397901545e-05,0.2618994532428146,0.00022219330429330968,7.098159086097092e-06,0.002511981046208983,2.1778558220041938e-05,-0.02522513925771658,-0.0004969089166617997,1.9403754157994846,-0.017187977705382197,-1.011299200557725e-05,0.0941837138673963
8.53447937965393,3.1038734397901545e-05,0.2618994532428146,0.00022219330429330968,7.027177495236121e-06,0.0024868612357468933,2.1560772637841517e-05,-0.02522513925771658,-0.0004969089166617997,1.9403754157994846,-0.017016097928328373,-1.0011862085521479e-05,0.09324187672872233
8.550860166549683,3.1137505910591066e-05,0.2619701972686292,0.00022273481147974943,7.054845300299619e-06,0.0025051798241027623,2.1665205881783735e-05,-0.02502894756121145,-0.0004971008879056263,1.9421890555279349,-0.017016994552043807,-9.988624276917439e-06,0.09340987626049596
8.556082963943481,3.1137505910591066e-05,0.2619701972686292,0.00022273481147974943,6.984296847296623e-06,0.0024801280258617345,2.1448553822965897e-05,-0.02502894756121145,-0.0004971008879056263,1.9421890555279349,-0.01684682460652337,-9.888738034148265e-06,0.092475777497891
8.570545196533203,3.123604615335316e-05,0.2620410749574428,0.00022327594724153298,7.025184114245933e-06,0.0025043355661273354,2.159633403308219e-05,-0.024832826494135395,-0.0004972915452778831,1.9439952414685675,-0.016870906763550544,-9.876170883800669e-06,0.09279241468243199
8.575277090072632,3.123604615335316e-05,0.2620410749574428,0.00022327594724153298,6.954932273103474e-06,0.0024792922104660622,2.138037069275137e-05,-0.024832826494135395,-0.0004972915452778831,1.9439952414685675,-0.01670219769591504,-9.777409174962662e-06,0.09186449053560766
8.593922853469849,3.133435581598298e-05,0.2621120854119545,0.000223816711747617,6.9711125057215315e-06,0.002492583254305271,2.144737183759693e-05,-0.024636778868392308,-0.0004974808992371469,1.9457940077816651,-0.016683599091745206,-9.74600431581253e-06,0.09190484591779748
8.598084688186646,3.133435581598298e-05,0.2621120854119545,0.000223816711747617,6.901401380664316e-06,0.0024676574217622183,2.123289811922096e-05,-0.024636778868392308,-0.0004974808992371469,1.9457940077816651,-0.016516763100827753,-9.648544272654405e-06,0.0909857974586195
8.605486154556274,3.1432435591500586e-05,0.26218322774029185,0.0002243571051691359,7.047964537681029e-06,0.0025391000921392046,2.1727519711576462e-05,-0.024440807470165214,-0.000497668960146038,1.9475853884522696,-0.016723188402450594,-9.717800637229189e-06,0.09248216070846128
8.610687971115112,3.1432435591500586e-05,0.26218322774029185,0.0002243571051691359,6.977484892304218e-06,0.0025137090912178126,2.1510244514460697e-05,-0.024440807470165214,-0.000497668960146038,1.9475853884522696,-0.016555956518426087,-9.620622630856896e-06,0.09155733910137667
8.630205631256104,3.15302861724769e-05,0.2622545010559798,0.00022489712767945845,6.989312496206495e-06,0.002525089350467896,2.1563059519513284e-05,-0.02424491506009185,-0.0004978557382721859,1.949369417291183,-0.01653043958788665,-9.586722253594364e-06,0.09155059186649257
8.636301279067993,3.15302861724769e-05,0.2622545010559798,0.00022489712767945845,6.91941937124443e-06,0.0024998384569632167,2.134742892431815e-05,-0.02424491506009185,-0.0004978557382721859,1.949369417291183,-0.016365135192007784,-9.49085503105842e-06,0.09063508594782764
8.64937138557434,3.16279082531493e-05,0.26232590447791104,0.00022543677945446603,6.971861394196619e-06,0.0025294711721226023,2.1533781015826846e-05,-0.02404910437343898,-0.0004980412437891925,1.951146127935962,-0.01640931552711483,-9.488179843036982e-06,0.0910804512771557
8.671931982040405,3.1725302529867e-05,0.2623974371303153,0.00022597606067244137,6.9724829107973415e-06,0.0025358833613112106,2.1549927592564056e-05,-0.02385337812027548,-0.0004982254867775775,1.9529155538519063,-0.016364880783486368,-9.446268178232085e-06,0.09094960430756521
8.67968201637268,3.1725302529867e-05,0.2623974371303153,0.00022597606067244137,6.902758081689368e-06,0.0025105245276980984,2.1334428316638416e-05,-0.02385337812027548,-0.0004982254867775775,1.9529155538519063,-0.016201231975651504,-9.351805496449764e-06,0.09004010826448956
8.696704387664795,3.1822469698419035e-05,0.2624690981427286,0.0002265149715137907,6.9267868612904e-06,0.0025275174239947425,2.142768521447997e-05,-0.02365773898564422,-0.0004984084772257208,1.95467772833304,-0.016196827101036086,-9.327882749345429e-06,0.09016928506223038
8.700227737426758,3.1822469698419035e-05,0.2624690981427286,0.0002265149715137907,6.857518992677496e-06,0.002502242249754795,2.121340836233517e-05,-0.02365773898564422,-0.0004984084772257208,1.95467772833304,-0.016034858830025724,-9.234603921851973e-06,0.08926759221160807
8.715680360794067,3.1919410456038465e-05,0.26254088664996433,0.000227053512161016,6.891267669569499e-06,0.002523676996865477,2.1338804882898454e-05,-0.023462189629732788,-0.0004985902250307876,1.9564326845030877,-0.016047053343136882,-9.218259018232109e-06,0.08950454465289538
8.720701932907104,3.1919410456038465e-05,0.26254088664996433,0.000227053512161016,6.822354992873804e-06,0.0024984402268968223,2.112541683406947e-05,-0.023462189629732788,-0.0004985902250307876,1.9564326845030877,-0.015886582809705514,-9.126076428049787e-06,0.08860949920636643
8.734342575073242,3.201612550240456e-05,0.2626128017920824,0.00022759168279893783,6.869838026205093e-06,0.0025261770590536466,2.1296284583168446e-05,-0.02326673268804306,-0.0004987707399996479,1.958180455316443,-0.015921970139775005,-9.120167660972256e-06,0.08899797029902311
8.739789009094238,3.201612550240456e-05,0.2626128017920824,0.00022759168279893783,6.801139645943042e-06,0.00250091528846311,2.1083321737336762e-05,-0.02326673268804306,-0.0004987707399996479,1.958180455316443,-0.015762750438377254,-9.028965984362533e-06,0.08810799059603287
8.758263111114502,3.2112615535300587e-05,0.2626848427143601,0.0002281294836145567,6.818407613458139e-06,0.0025149017681690674,2.1154453200813613e-05,-0.023071370771559643,-0.0004989500318497875,1.9599210735591326,-0.015747664886897345,-9.001152624954449e-06,0.08816424393964928
8.763447761535645,3.2112615535300587e-05,0.2626848427143601,0.0002281294836145567,6.750223537323558e-06,0.0024897527504873767,2.0942908668805476e-05,-0.023071370771559643,-0.0004989500318497875,1.9599210735591326,-0.015590188238028371,-8.911141098704904e-06,0.08728260150025278
8.781465530395508,3.220888125451081e-05,0.26275700856726186,0.00022866691479680218,6.770002636509384e-06,0.002504907829192848,2.1022399990615814e-05,-0.02287610646691728,-0.0004991281102102034,1.9616545718497722,-0.015579533706595207,-8.885535242957912e-06,0.08736700780484503
8.786725044250488,3.220888125451081e-05,0.26275700856726186,0.00022866691479680218,6.70230261014429e-06,0.0024798587509009193,2.0812175990709656e-05,-0.02287610646691728,-0.0004991281102102034,1.9616545718497722,-0.015423738369529255,-8.796679890528332e-06,0.08649333772679658
8.795052289962769,3.230492336137531e-05,0.26282929850641096,0.00022920397653678422,6.8237906349369035e-06,0.0025418715159389836,2.12287936843944e-05,-0.022680942336567103,-0.0004993049846222954,1.9633809826405182,-0.015581829109788113,-8.84493576447144e-06,0.08769130734450356
8.80069351196289,3.230492336137531e-05,0.26282929850641096,0.00022920397653678422,6.755552728587534e-06,0.002516452800779594,2.1016505747550454e-05,-0.022680942336567103,-0.0004993049846222954,1.9633809826405182,-0.015426010818690232,-8.756486406826724e-06,0.08681439427105853
8.818092823028564,3.2400742556117745e-05,0.2629017116925587,0.0002297406690276261,6.778055275439661e-06,0.002532906698374769,2.11051466412226e-05,-0.0224858809189419,-0.0004994806645407463,1.9651003382180119,-0.01542030449159899,-8.733555500166151e-06,0.08692960632360382
8.821654558181763,3.2400742556117745e-05,0.2629017116925587,0.0002297406690276261,6.710274722685264e-06,0.0025075776313910215,2.0894095174810375e-05,-0.0224858809189419,-0.0004994806645407463,1.9651003382180119,-0.015266101446683,-8.64621994516449e-06,0.08606031026036778
8.831312656402588,3.249633953929298e-05,0.2629742472915562,0.00023027699246438096,6.8051217400562785e-06,0.002557605260003434,2.1223114938217886e-05,-0.02229092472862031,-0.00049965515933439,1.9668126707043183,-0.015379407267062805,-8.675195320481408e-06,0.08696417868605559
8.855767726898193,3.2591715014125334e-05,0.2630469044743256,0.00023081294704414363,6.80091465390253e-06,0.0025617396880668916,2.122320532577565e-05,-0.02209607625649,-0.0004998284782870742,1.9685180120578594,-0.015330001914346972,-8.633641438898328e-06,0.08678860425119432
8.860384225845337,3.2591715014125334e-05,0.2630469044743256,0.00023081294704414363,6.732905507363504e-06,0.0025361222911862227,2.101097327251789e-05,-0.02209607625649,-0.0004998284782870742,1.9685180120578594,-0.015176701895203502,-8.547305024509345e-06,0.08592071820868237
8.871355295181274,3.268686968194362e-05,0.26311968241683037,0.00023134853296593932,6.807632469973008e-06,0.0025770973089837023,2.1273834745956535e-05,-0.021901337969909822,-0.0005000006305985117,1.9702163940743402,-0.015256182334415908,-8.561715506805204e-06,0.08660245429192283
8.87655258178711,3.268686968194362e-05,0.26311968241683037,0.00023134853296593932,6.739556145273278e-06,0.0025513263358938653,2.106109639849697e-05,-0.021901337969909822,-0.0005000006305985117,1.9702163940743402,-0.015103620511071749,-8.476098351737151e-06,0.0857364297490036
8.902442932128906,3.2781804246523636e-05,0.26319258030004744,0.0002318837504306405,6.7322489103899285e-06,0.002553969466468398,2.1050778694421986e-05,-0.021706712312870996,-0.0005001716253851254,1.9719078483876709,-0.01504996917475163,-8.433300025521144e-06,0.0855294400406709
8.910897731781006,3.2781804246523636e-05,0.26319258030004744,0.0002318837504306405,6.664926421286029e-06,0.002528429771803714,2.0840270907477766e-05,-0.021706712312870996,-0.0005001716253851254,1.9719078483876709,-0.014899469483004113,-8.348967025265933e-06,0.08467414564026418
8.933199882507324,3.2971015873265464e-05,0.2633387326374195,0.00023295308080162482,6.737414011551275e-06,0.002568678324864144,2.109645647141987e-05,-0.021317808547504022,-0.0005005101784381061,1.975270099637029,-0.014974541159776394,-8.361572251265857e-06,0.08532841446287302
8.938450574874878,3.2971015873265464e-05,0.2633387326374195,0.00023295308080162482,6.670039871435762e-06,0.0025429915416155025,2.088549190670567e-05,-0.021317808547504022,-0.0005005101784381061,1.975270099637029,-0.01482479574817863,-8.277956528753198e-06,0.08447513031824429
8.95767068862915,3.306529434118514e-05,0.2634119854783371,0.00023348719411877885,6.68384671051456e-06,0.002555674224765571,2.0945920376504837e-05,-0.02112353521175664,-0.0005006777545283191,1.9769409590401072,-0.014805308743158548,-8.25026324093081e-06,0.08449604036749345
8.962499380111694,3.306529434118514e-05,0.2634119854783371,0.00023348719411877885,6.617008243409415e-06,0.0025301174825179155,2.073646117273979e-05,-0.02112353521175664,-0.0005006777545283191,1.9769409590401072,-0.014657255655726963,-8.167760608521502e-06,0.08365107996381851
8.97638726234436,3.315935551660302e-05,0.2634853550334359,0.00023402093980074752,6.662056738990452e-06,0.002557646221519984,2.0901530914953543e-05,-0.020929384051027546,-0.0005008442087430252,1.9786050156759385,-0.014687778699733705,-8.16166835696857e-06,0.08400783460666092
8.988429069519043,3.315935551660302e-05,0.2634853550334359,0.00023402093980074752,6.595436171600548e-06,0.002532069759304784,2.0692515605804008e-05,-0.020929384051027546,-0.0005008442087430252,1.9786050156759385,-0.014540900912736368,-8.080051673398884e-06,0.0831677562605943
8.99490761756897,3.3253200102837825e-05,0.26355884050833267,0.00023455431805728008,6.767471937465851e-06,0.002620177998841046,2.128345327420904e-05,-0.020735357394852546,-0.0005010095497945195,1.9802623003830688,-0.014772777147681522,-8.15989881141889e-06,0.08488387857587941
9.012577056884766,3.3253200102837825e-05,0.26355884050833267,0.00023455431805728008,6.699797218091193e-06,0.0025939762188526352,2.107061874146695e-05,-0.020735357394852546,-0.0005010095497945195,1.9802623003830688,-0.014625049376204707,-8.0782998233047e-06,0.08403503979012061
9.019173622131348,3.334682880209271e-05,0.2636324411134881,0.00023508732910000173,6.866114325983004e-06,0.002679610600841937,2.1642996142054796e-05,-0.02054145755034608,-0.0005011737863166796,1.981912843843655,-0.01484704094181374,-8.153945624777693e-06,0.0856869637145586
9.033814430236816,3.334682880209271e-05,0.2636324411134881,0.00023508732910000173,6.797453182723174e-06,0.0026528144948335178,2.1426566180634248e-05,-0.02054145755034608,-0.0005011737863166796,1.981912843843655,-0.014698570532395603,-8.072406168529916e-06,0.08483009407741302
9.038839101791382,3.344024231823896e-05,0.2637061560641793,0.0002356199731421081,7.035236655058986e-06,0.0027729923721839865,2.2239697516383426e-05,-0.020347686802355533,-0.0005013369268657433,1.9835566765843453,-0.015032033905907039,-8.195298864670474e-06,0.08724074191558125
9.04899001121521,3.344024231823896e-05,0.2637061560641793,0.0002356199731421081,6.9648842885083966e-06,0.002745262448462147,2.2017300541219593e-05,-0.020347686802355533,-0.0005013369268657433,1.9835566765843453,-0.01488171356684797,-8.11334587602377e-06,0.08636833449642543
9.06449556350708,3.3533441353253084e-05,0.26377998458047175,0.00023615225039853182,6.994141735606977e-06,0.0027654240733195343,2.2129847327347102e-05,-0.02015404741361457,-0.0005014989799210877,1.9851938289771554,-0.014887625401513133,-8.097634551961009e-06,0.08655654103689547
9.07002067565918,3.3533441353253084e-05,0.26377998458047175,0.00023615225039853182,6.9242003182509075e-06,0.002737769832586339,2.190854885407363e-05,-0.02015404741361457,-0.0005014989799210877,1.9851938289771554,-0.014738749147498002,-8.016658206441398e-06,0.08569097562652651
9.08345890045166,3.362642660922107e-05,0.2638539258871926,0.0002366841610858321,6.968877191255869e-06,0.002765415260349203,2.2073120957913316e-05,-0.019960541624895516,-0.0005016599538859891,1.9868243312403382,-0.014768789120313857,-8.011336996042649e-06,0.08604296125478617
9.089157342910767,3.362642660922107e-05,0.2638539258871926,0.0002366841610858321,6.89918841934331e-06,0.002737761107745711,2.1852389748334182e-05,-0.019960541624895516,-0.0005016599538859891,1.9868243312403382,-0.01462110122911072,-7.931223626082222e-06,0.08518253164223831
9.103768110275269,3.3719198789229185e-05,0.2639279792139028,0.00023721570542202712,6.934786935049847e-06,0.0027610675790613894,2.19865065358847e-05,-0.019767171655160762,-0.0005018198570883828,1.98844821343925,-0.014637068849015264,-7.920166140404394e-06,0.08543817510565535
9.10885238647461,3.3719198789229185e-05,0.2639279792139028,0.00023721570542202712,6.865439065699349e-06,0.0027334569032707754,2.1766641470525855e-05,-0.019767171655160762,-0.0005018198570883828,1.98844821343925,-0.01449069816052511,-7.84096447900035e-06,0.0845837933545988
9.125334978103638,3.381175859446913e-05,0.26400214379487047,0.00023774688362681765,6.88933275688307e-06,0.002751118042198727,2.1861366844000733e-05,-0.019573939701713235,-0.0005019786977816157,1.9900655054872094,-0.014488662516644869,-7.822545494462928e-06,0.08471576369869638
9.130416870117188,3.381175859446913e-05,0.26400214379487047,0.00023774688362681765,6.82043942931424e-06,0.0027236068617767398,2.1642753175560725e-05,-0.019573939701713235,-0.0005019786977816157,1.9900655054872094,-0.01434377589147842,-7.7443200395183e-06,0.08386860606170941
9.139243602752686,3.390410672679904e-05,0.2640764188690435,0.00023827769592128052,6.924748041683406e-06,0.0027805186700655396,2.2009293654331817e-05,-0.019380847940345874,-0.0005021364841451804,1.9916762371463508,-0.01446547775099498,-7.777951906097151e-06,0.08484859341646694
9.145079135894775,3.390410672679904e-05,0.2640764188690435,0.00023827769592128052,6.855500561266572e-06,0.002752713483364884,2.1789200717788498e-05,-0.019380847940345874,-0.0005021364841451804,1.9916762371463508,-0.01432082297348503,-7.700172387036179e-06,0.08400010748230227
9.158834218978882,3.399624388751872e-05,0.26415080368002314,0.00023880814252811946,6.8974521827848565e-06,0.002779264406416221,2.1945161814288908e-05,-0.019187898525490178,-0.0005022932242854568,1.9932804380284745,-0.014346703763902503,-7.693845522074014e-06,0.08432253891107801
9.164648294448853,3.399624388751872e-05,0.26415080368002314,0.00023880814252811946,6.828477660957008e-06,0.0027514717623520588,2.172571019614602e-05,-0.019187898525490178,-0.0005022932242854568,1.9932804380284745,-0.014203236726263477,-7.616907066853274e-06,0.08347931352196723
9.183515310287476,3.408817077670166e-05,0.2642252974760364,0.00023933822367158168,6.840615628213354e-06,0.002763440661841873,2.1780836366062142e-05,-0.018995093590363783,-0.0005024489262364315,1.99487813759589,-0.014183716597458552,-7.591828569563081e-06,0.08348864159275837
9.187766790390015,3.408817077670166e-05,0.2642252974760364,0.00023933822367158168,6.77220947193122e-06,0.002735806255223454,2.156302800240152e-05,-0.018995093590363783,-0.0005024489262364315,1.99487813759589,-0.014041879431483967,-7.51591028386745e-06,0.08265375517683078
9.198487281799316,3.417988809419729e-05,0.26429989950991095,0.0002398679395771524,6.845773271718535e-06,0.0027780364586791925,2.182645596582021e-05,-0.0188024352471171,-0.0005026035979604202,1.9964693651622538,-0.014115735929354986,-7.52990692800706e-06,0.08330690913168634
9.204870223999023,3.417988809419729e-05,0.26429989950991095,0.0002398679395771524,6.77731553900135e-06,0.0027502560940924005,2.1608191406162008e-05,-0.0188024352471171,-0.0005026035979604202,1.9964693651622538,-0.013974578570061437,-7.45460785872699e-06,0.08247384004036948
9.218928575515747,3.427139653996493e-05,0.26437460903904764,0.00024039729047186035,6.81709261419849e-06,0.0027758959915351105,2.175718937698495e-05,-0.01860992558697899,-0.0005027572473487743,1.9980541498934041,-0.013997221754157333,-7.447476373441083e-06,0.08277300795475413
9.224266529083252,3.427139653996493e-05,0.26437460903904764,0.00024039729047186035,6.748921688056505e-06,0.0027481370316197592,2.15396174832151e-05,-0.01860992558697899,-0.0005027572473487743,1.9980541498934041,-0.013857249536615759,-7.373001609706673e-06,0.08194527787520658
9.23453950881958,3.436269681251515e-05,0.26444942532539367,0.00024092627658419503,6.828352974692497e-06,0.002793483891436204,2.1823502370213487e-05,-0.0184175666804015,-0.0005029098822225879,1.9996325208081875,-0.013939527682384498,-7.390750384297388e-06,0.0826577853522519
9.261691808700562,3.4453789610579995e-05,0.2645243476354183,0.0002414548981438006,6.815558352027734e-06,0.0027931424119177917,2.1794046508844073e-05,-0.018225360577203652,-0.0005030615103333904,2.001204506779283,-0.013883173426467308,-7.351162543447923e-06,0.08240852870692303
9.264940977096558,3.4453789610579995e-05,0.2645243476354183,0.0002414548981438006,6.7474027685074564e-06,0.002765210987798614,2.1576106043755633e-05,-0.018225360577203652,-0.0005030615103333904,2.001204506779283,-0.013744341692202636,-7.277650918013444e-06,0.0815844434198538
9.285805225372314,3.454467563144278e-05,0.26459937524008476,0.00024198315538183772,6.752013734384552e-06,0.002773518769953007,2.1605859410222394e-05,-0.018033309306714315,-0.0005032121393638342,2.002770136534019,-0.013714297414021952,-7.24916219354457e-06,0.08151694487373977
9.294100284576416,3.454467563144278e-05,0.26459937524008476,0.00024198315538183772,6.684493597040706e-06,0.002745783582253477,2.1389800816120168e-05,-0.018033309306714315,-0.0005032121393638342,2.002770136534019,-0.013577154439881733,-7.176670571609124e-06,0.08070177542500237
9.300034046173096,3.4635355571383666e-05,0.26467450741482595,0.00024251104853087273,6.870667693596178e-06,0.002844943879584675,2.2038620454497867e-05,-0.0178414148779141,-0.0005033617769283807,2.004329438655188,-0.01381668216571006,-7.2593218771190155e-06,0.08251569593277278
9.321316480636597,3.4725830127127103e-05,0.26474974343951724,0.00024303857782459888,6.8723814236668035e-06,0.0028518456745312173,2.2058613192076753e-05,-0.017649679279576377,-0.000503510430573965,2.0058824415818517,-0.01378250516112023,-7.22942123736152e-06,0.0824183994282458
9.33215618133545,3.4725830127127103e-05,0.26474974343951724,0.00024303857782459888,6.803657609430136e-06,0.0028233272177859052,2.1838027060155986e-05,-0.017649679279576377,-0.000503510430573965,2.0058824415818517,-0.013644680109509028,-7.157127024987905e-06,0.08159421543396335
9.364439964294434,3.490616586534318e-05,0.2649005241803162,0.00024409254578712077,6.828223427466579e-06,0.002841798743070836,2.193626917060425e-05,-0.01726669242918513,-0.0005038048159623881,2.00896966289408,-0.013644105810139803,-7.141089729306329e-06,0.08173225243276658
9.369187116622925,3.490616586534318e-05,0.2649005241803162,0.00024409254578712077,6.759941193191913e-06,0.0028133807556401276,2.1716906478898207e-05,-0.01726669242918513,-0.0005038048159623881,2.00896966289408,-0.013507664752038405,-7.069678832013266e-06,0.08091492990843892
9.397298812866211,3.508568839548343e-05,0.2650517117893805,0.00024514506116442547,6.7983154486628845e-06,0.0028390279868902813,2.1862879424234503e-05,-0.016884364266882272,-0.0005040953545793342,2.012032025139008,-0.013526700855288953,-7.0616972157433504e-06,0.08119272168217131
9.402979612350464,3.508568839548343e-05,0.2650517117893805,0.00024514506116442547,6.730332294176256e-06,0.0028106377070213785,2.1644250629992158e-05,-0.016884364266882272,-0.0005040953545793342,2.012032025139008,-0.013391433846736064,-6.991080243585917e-06,0.0803807944653496
9.424053430557251,3.517514643831761e-05,0.26512745641568414,0.00024567077473104085,6.733526287025249e-06,0.0028184738593675348,2.1669781891424587e-05,-0.016693451954957465,-0.0005042391995172011,2.0135539537044895,-0.013359329614174378,-6.962514499549966e-06,0.08029767994256015
9.432035207748413,3.517514643831761e-05,0.26512745641568414,0.00024567077473104085,6.666191024154997e-06,0.0027902891207738593,2.1453084072510343e-05,-0.016693451954957465,-0.0005042391995172011,2.0135539537044895,-0.013225736318032633,-6.892889354554466e-06,0.07949470314313455
9.44082522392273,3.5264403254011305e-05,0.26520330066307307,0.0002461961258705282,6.768249673363683e-06,0.002848670774042369,2.1818302777505023e-05,-0.016502709989563172,-0.0005043821044366237,2.0150697507361475,-0.013336055571717997,-6.922259406902844e-06,0.08042079744893611
9.445202350616455,3.5264403254011305e-05,0.26520330066307307,0.0002461961258705282,6.700567176630046e-06,0.002820184066301945,2.1600119749729972e-05,-0.016502709989563172,-0.0005043821044366237,2.0150697507361475,-0.013202695016000817,-6.853036812833815e-06,0.07961658947444675
9.46686863899231,3.535345953215721e-05,0.2652792438418147,0.00024672111482500534,6.701892214935973e-06,0.002827033538617247,2.1619170626682038e-05,-0.01631214022189307,-0.0005045240764301645,2.016579443689147,-0.01316847251450056,-6.824054951947597e-06,0.07951590320922146
9.472108602523804,3.535345953215721e-05,0.2652792438418147,0.00024672111482500534,6.634873292786613e-06,0.0027987632032310744,2.1402978920415218e-05,-0.01631214022189307,-0.0005045240764301645,2.016579443689147,-0.013036787789355554,-6.755814402428121e-06,0.07872074417712924
9.482578754425049,3.54423159607886e-05,0.2653552852664183,0.0002472457418377465,6.7096778959492676e-06,0.0028434024366545247,2.167503621826293e-05,-0.01612174448402883,-0.0005046651225280041,2.018083059881211,-0.013107558173832353,-6.769416271547273e-06,0.07936705977033741
9.50723123550415,3.553097322715877e-05,0.26543142425560984,0.00024777000715318236,6.702426145844472e-06,0.0028458533344482974,2.1664598020396032e-05,-0.015931524589073067,-0.0005048052496985527,2.0195806264933847,-0.013061379450231347,-6.735905830318884e-06,0.07917982732432385
9.514739274978638,3.553097322715877e-05,0.26543142425560984,0.00024777000715318236,6.635401884386027e-06,0.0028173948011038143,2.1447952040192073e-05,-0.015931524589073067,-0.0005048052496985527,2.0195806264933847,-0.012930765655729034,-6.668546772015695e-06,0.07838802905108061
9.523805856704712,3.5619432017295736e-05,0.2655076601323081,0.00024829391101653843,6.731486987051897e-06,0.0028733053357745697,2.179408173909989e-05,-0.015741482331281382,-0.0005049444648490576,2.021072170570794,-0.013030868490506824,-6.694038968616918e-06,0.07924660506620879
9.528491258621216,3.5619432017295736e-05,0.2655076601323081,0.00024829391101653843,6.664172117181378e-06,0.002844572282416824,2.157614092170889e-05,-0.015741482331281382,-0.0005049444648490576,2.021072170570794,-0.012900559805601756,-6.627098578930749e-06,0.0784541390155467
9.546244621276855,3.570769301700445e-05,0.2655839922236002,0.00024881745367441973,6.680343679576517e-06,0.0028591224130964693,2.1646495077145602e-05,-0.015551619486193591,-0.0005050827748262003,2.0225577190234025,-0.012887988487378066,-6.607513133704499e-06,0.07850510021427903
9.552349090576172,3.570769301700445e-05,0.2655839922236002,0.00024881745367441973,6.613540242780751e-06,0.0028305311889655045,2.1430030126374146e-05,-0.015551619486193591,-0.0005050827748262003,2.0225577190234025,-0.012759108602504286,-6.541438002367454e-06,0.07772004921213624
9.559829473495483,3.579575690886039e-05,0.26566041986071703,0.000249340635374143,6.743607157863874e-06,0.0029043966411006674,2.1894333985552265e-05,-0.015361937810764103,-0.0005052201864166932,2.0240372986267596,-0.012906143934861074,-6.585908357769764e-06,0.07891798185937213
9.580584526062012,3.588362437632955e-05,0.2657369423790096,0.00024986345636426573,6.746762582079183e-06,0.002912222022393937,2.1919809495903805e-05,-0.015172439043491444,-0.0005053567063478607,2.025510936022747,-0.012875448943215791,-6.5593264266861195e-06,0.07883787171142569
9.585568904876709,3.588362437632955e-05,0.2657369423790096,0.00024986345636426573,6.6792949562583904e-06,0.0028830998021699976,2.1700611400944767e-05,-0.015172439043491444,-0.0005053567063478607,2.025510936022747,-0.012746694453783633,-6.4937331624192584e-06,0.07804949299431142
9.599861145019531,3.5971296100427995e-05,0.2658135591179245,0.0002503859168942798,6.7148372208219264e-06,0.002907876037733635,2.183831768212935e-05,-0.014983124904546981,-0.0005054923412882279,2.02697865772032,-0.01276119052917552,-6.4853638056066176e-06,0.07829466355355673
9.603526830673218,3.5971296100427995e-05,0.2658135591179245,0.0002503859168942798,6.647688848613707e-06,0.0028787972773562987,2.1619934505308058e-05,-0.014983124904546981,-0.0005054923412882279,2.02697865772032,-0.012633578623883765,-6.420510167550551e-06,0.07751171691802117
9.623139142990112,3.605877276094676e-05,0.2658902694209805,0.0002509080172144448,6.655658877792601e-06,0.0028891226475015277,2.166205987211613e-05,-0.014793997095902808,-0.0005056270978480882,2.0284404900962447,-0.012610056650923194,-6.397189097635567e-06,0.07748111106865688
9.628533840179443,3.605877276094676e-05,0.2658902694209805,0.0002509080172144448,6.589102289014675e-06,0.0028602314210265122,2.1445439273394967e-05,-0.014793997095902808,-0.0005056270978480882,2.0284404900962447,-0.012483956084413961,-6.333217206659212e-06,0.0767062999579703
9.661120176315308,3.6233143602836996e-05,0.2660439681138086,0.0002519511382319435,6.612592683238718e-06,0.0028787957184457863,2.15416312349949e-05,-0.014416307187169046,-0.0005058940019797253,2.0313465917336484,-0.01248176312501598,-6.318448589237575e-06,0.07683015078252062
9.664788484573364,3.6233143602836996e-05,0.2660439681138086,0.0002519511382319435,6.546466756406331e-06,0.0028500077612613286,2.132621492264495e-05,-0.014416307187169046,-0.0005058940019797253,2.0313465917336484,-0.012356945493765821,-6.2552641033452e-06,0.0760618492746954
9.699028730392456,3.640674231549579e-05,0.2661980332861862,0.00025299282143870927,6.565773953988698e-06,0.0028665030339767583,2.1408210178607166e-05,-0.014039382573890617,-0.000506157470482005,2.034229449332992,-0.01234865887048278,-6.238174522606526e-06,0.07614248451627455
9.727283239364624,3.640674231549579e-05,0.2661980332861862,0.00025299282143870927,6.500116214448811e-06,0.0028378380036369905,2.1194128076821095e-05,-0.014039382573890617,-0.000506157470482005,2.034229449332992,-0.012225172281777951,-6.175792777380461e-06,0.0753810596711118
9.731719732284546,3.649325380899129e-05,0.26627520170359603,0.0002535131244988959,6.7614024878584895e-06,0.0029833997727069152,2.212045514745796e-05,-0.013851211318205854,-0.0005062879322952016,2.035662226176506,-0.012543540860577136,-6.287482420005249e-06,0.07785456825532412
9.737257719039917,3.649325380899129e-05,0.26627520170359603,0.0002535131244988959,6.6937884629799045e-06,0.002953565774979846,2.1899250595983378e-05,-0.013851211318205854,-0.0005062879322952016,2.035662226176506,-0.012418105451971365,-6.2246075958051965e-06,0.07707602257277088
9.740556001663208,3.65795742897034e-05,0.26635245983045186,0.0002540330688710141,7.0649856625538825e-06,0.003158267574287561,2.321033897071044e-05,-0.013663236229530107,-0.0005064175541982768,2.037089269223661,-0.012882932547843801,-6.393759115901584e-06,0.08062932939663693
9.743844747543335,3.65795742897034e-05,0.26635245983045186,0.0002540330688710141,6.994335805928343e-06,0.003126684898544685,2.2978235581003336e-05,-0.013663236229530107,-0.0005064175541982768,2.037089269223661,-0.012754103222365363,-6.329821524742568e-06,0.07982303610267057
9.764147281646729,3.6665704427290366e-05,0.2664298070381192,0.0002545526548116482,6.995448709022889e-06,0.0031335153697454113,2.2996863619409013e-05,-0.01347545888595446,-0.0005065463424095181,2.0385106039461434,-0.012721658533859832,-6.303808787525159e-06,0.07972453391407823
9.771446704864502,3.6665704427290366e-05,0.2664298070381192,0.0002545526548116482,6.92549422193266e-06,0.0031021802160479573,2.2766894983214924e-05,-0.01347545888595446,-0.0005065463424095181,2.0385106039461434,-0.012594441948521233,-6.240770699649907e-06,0.07892728857493744
9.776317358016968,3.675164489051982e-05,0.26650724270184917,0.00025507188257840196,7.151920030324901e-06,0.0032301425744491056,2.357401198363993e-05,-0.013287880848365324,-0.0005066743030933644,2.039926255689181,-0.01286243907323084,-6.332515496951751e-06,0.08104332565116477
9.779998540878296,3.675164489051982e-05,0.26650724270184917,0.00025507188257840196,7.080400830021652e-06,0.0031978411487046145,2.333827186380353e-05,-0.013287880848365324,-0.0005066743030933644,2.039926255689181,-0.012733814682498531,-6.2691903419822334e-06,0.08023289239465313
9.800838470458984,3.683739634693478e-05,0.26658476620075555,0.00025559075242934164,7.078584673171616e-06,0.003203062241729884,2.3346579407084712e-05,-0.013100503660565315,-0.0005068014423609376,2.0413362496722423,-0.012697977923168575,-6.242233451691272e-06,0.08010693332593771
9.806637287139893,3.683739634693478e-05,0.26658476620075555,0.00025559075242934164,7.0077988264399e-06,0.003171031619312585,2.3113113613013864e-05,-0.013100503660565315,-0.0005068014423609376,2.0413362496722423,-0.01257099814393689,-6.179811117174359e-06,0.07930586399267833
9.817636489868164,3.6922959462519623e-05,0.2666623769177928,0.0002561092646236925,7.068207832876294e-06,0.003209881620520066,2.333960967059398e-05,-0.012913328849393365,-0.0005069277662705561,2.042740610989729,-0.012617581181466851,-6.185169185747074e-06,0.07978930541738347
9.839216947555542,3.70083349000299e-05,0.26674007423973284,0.00025662741942117097,7.063919674175549e-06,0.003213786363452547,2.3339306970201504e-05,-0.012726357924844105,-0.0005070532808282478,2.0441393646116635,-0.012578677025836907,-6.15726814731299e-06,0.07963948501666628
9.844952583312988,3.70083349000299e-05,0.26674007423973284,0.00025662741942117097,6.993280477433793e-06,0.003181648499818021,2.310591390049949e-05,-0.012726357924844105,-0.0005070532808282478,2.0441393646116635,-0.012452890255578539,-6.09569546583986e-06,0.07884309016649961
9.854354858398438,3.709352332277822e-05,0.26681785755714316,0.0002571452170822066,7.0754785934651405e-06,0.0032325602090151184,2.340951171372712e-05,-0.012539592380186515,-0.0005071779919882558,2.0455325353843743,-0.012527431399159784,-6.112031846334829e-06,0.07953633931699873
9.857407808303833,3.709352332277822e-05,0.26681785755714316,0.0002571452170822066,7.004723807530489e-06,0.003200234606924967,2.3175416596589847e-05,-0.012539592380186515,-0.0005071779919882558,2.0455325353843743,-0.012402157085168185,-6.050911527871481e-06,0.07874097592382874
9.877740859985352,3.7178525390959825e-05,0.2668957262643641,0.0002576626578682496,7.004904574531159e-06,0.003206528880041495,2.3190734196587844e-05,-0.01235303369208184,-0.0005073019056535398,2.046920148031176,-0.012369618710047625,-6.02585461924681e-06,0.07863604408000589
9.882065296173096,3.7178525390959825e-05,0.2668957262643641,0.0002576626578682496,6.934855528785847e-06,0.00317446359124108,2.2958826854621965e-05,-0.01235303369208184,-0.0005073019056535398,2.046920148031176,-0.012245922522947148,-5.965596073054342e-06,0.07784968363920583
9.8913414478302,3.7263341763990906e-05,0.26697367975948727,0.000258179742041241,7.019183830905934e-06,0.003226755422696687,2.3270460431424398e-05,-0.012166683320700793,-0.000507425027676274,2.0483022271530444,-0.012322751271668129,-5.983022199764616e-06,0.07856132944999153
9.895017623901367,3.7263341763990906e-05,0.26697367975948727,0.000258179742041241,6.948991992596875e-06,0.0031944878684697204,2.3037755827110155e-05,-0.012166683320700793,-0.000507425027676274,2.0483022271530444,-0.012199523758951447,-5.923191977766969e-06,0.07777571615549161
9.921879529953003,3.7347973099061115e-05,0.2670517174443333,0.000258696469863864,6.93248108605692e-06,0.0031915944246176855,2.299415542960386e-05,-0.01198054270984002,-0.0005075473638583339,2.049678797229291,-0.012145922389406193,-5.890363746322974e-06,0.07751054189292138
9.926316738128662,3.7347973099061115e-05,0.2670517174443333,0.000258696469863864,6.863156275196351e-06,0.0031596784803715086,2.2764213875307822e-05,-0.01198054270984002,-0.0005075473638583339,2.049678797229291,-0.012024463165512131,-5.831460108859744e-06,0.07673543647399217
9.958219289779663,3.7516683278178555e-05,0.2672080430089897,0.0002597288575121416,6.883515281723707e-06,0.003177082659273234,2.2850797123778314e-05,-0.0116088964636895,-0.0005077897016593736,2.052415507557837,-0.012018360730396895,-5.817032736666108e-06,0.07682623253971217
9.963078737258911,3.7516683278178555e-05,0.2672080430089897,0.0002597288575121416,6.814680128906469e-06,0.003145311832680502,2.262228915254053e-05,-0.0116088964636895,-0.0005077897016593736,2.052415507557837,-0.011898177123092926,-5.758862409299447e-06,0.07605797021431505
9.97320032119751,3.760076342825647e-05,0.26728632971088945,0.0002602445178665671,6.886424778599845e-06,0.0031912050158875533,2.2890791663752632e-05,-0.01142339363516113,-0.0005079097146349765,2.0537756961664195,-0.011957359698894623,-5.7696682990211295e-06,0.07664192710489896
9.976293802261353,3.760076342825647e-05,0.26728632971088945,0.0002602445178665671,6.8175605308138465e-06,0.0031592929657286778,2.2661883747115105e-05,-0.01142339363516113,-0.0005079097146349765,2.0537756961664195,-0.011837786101905678,-5.7119716160309185e-06,0.07587550783384997
9.992438077926636,3.7684661154439316e-05,0.2673646982466474,0.0002607598229280828,6.836941620511134e-06,0.0031762426550173257,2.2745229028924403e-05,-0.011238106180903809,-0.000508028964484097,2.0551304724432637,-0.01183041664246977,-5.697387247288276e-06,0.07595642680213534
9.997100830078125,3.7684661154439316e-05,0.2673646982466474,0.0002607598229280828,6.768572204306022e-06,0.0031444802284671526,2.251777673863516e-05,-0.011238106180903809,-0.000508028964484097,2.0551304724432637,-0.011712112476045072,-5.640413374815393e-06,0.07519686253411398
10.01103162765503,3.776837710400938e-05,0.2674431480364029,0.00026127477296260997,6.802184554718546e-06,0.003169349356329261,2.2651579812012703e-05,-0.011053035464566322,-0.0005081474567643226,2.0564798602692895,-0.011722842190093936,-5.632907800554338e-06,0.07541420287349176
10.015616416931152,3.776837710400938e-05,0.2674431480364029,0.00026127477296260997,6.734162709171361e-06,0.003137655862765968,2.2425064013892575e-05,-0.011053035464566322,-0.0005081474567643226,2.0564798602692895,-0.011605613768192996,-5.576578722548795e-06,0.07466006084475685
10.033750057220459,3.785191192514054e-05,0.2675216785038951,0.0002617893682367574,6.744510592543041e-06,0.003149585817687217,2.2476413547361096e-05,-0.01086818283410749,-0.0005082651969857807,2.0578238834076985,-0.011587168848838411,-5.558077431648818e-06,0.07465521929615702
10.037062644958496,3.785191192514054e-05,0.2675216785038951,0.0002617893682367574,6.677065486617611e-06,0.0031180899595103445,2.2251649411887483e-05,-0.01086818283410749,-0.0005082651969857807,2.0578238834076985,-0.011471297160350027,-5.5024966573323294e-06,0.07390866710319545
10.053985357284546,3.79352662635576e-05,0.26760028907644007,0.0002623036090175977,6.693403936979139e-06,0.0031333617664402926,2.232426179871575e-05,-0.010683549621907755,-0.0005083821906116038,2.059162565504619,-0.011460533099134227,-5.487083365325058e-06,0.07396133076776835
10.060884237289429,3.79352662635576e-05,0.26760028907644007,0.0002623036090175977,6.626469897609347e-06,0.0031020281487758898,2.2101019180728594e-05,-0.010683549621907755,-0.0005083821906116038,2.059162565504619,-0.011345927768142885,-5.432212531671807e-06,0.07322171746009067
10.074283838272095,3.801844076242507e-05,0.2676789791849119,0.000262817495572919,6.6649901430191794e-06,0.003129733582289455,2.2252492442872683e-05,-0.010499137144880098,-0.0005084984430583753,2.060495930089744,-0.011362936262664982,-5.4275175131684296e-06,0.07348554184461775
10.077415466308594,3.801844076242507e-05,0.2676789791849119,0.000262817495572919,6.5983402415889875e-06,0.0030984362464665603,2.2029967518443955e-05,-0.010499137144880098,-0.0005084984430583753,2.060495930089744,-0.011249306900038333,-5.373242338036745e-06,0.07275068642617158
10.09764051437378,3.8101436063572004e-05,0.2677577482637206,0.00026333102817108515,6.601663399605427e-06,0.0031063981870786883,2.205628678408167e-05,-0.010314946704580271,-0.0005086139596965787,2.0618240005769697,-0.01122271731264655,-5.352126887089998e-06,0.07268052186900656
10.102023363113403,3.8101436063572004e-05,0.2677577482637206,0.00026333102817108515,6.535646765609372e-06,0.0030753342052079013,2.1835723916240853e-05,-0.010314946704580271,-0.0005086139596965787,2.0618240005769697,-0.011110490139520084,-5.298605618219098e-06,0.0719537166503165
10.11494517326355,3.818425280693536e-05,0.2678365957507913,0.0002638442070808973,6.5785868647783375e-06,0.0031055997858166627,2.2003120060635525e-05,-0.010130979587316371,-0.0005087287458510388,2.063146800265027,-0.011133008541353224,-5.29626460981703e-06,0.07225905315335278
10.118888139724731,3.818425280693536e-05,0.2678365957507913,0.0002638442070808973,6.512800996130554e-06,0.003074543787958496,2.178308886002917e-05,-0.010130979587316371,-0.0005087287458510388,2.063146800265027,-0.011021678455939692,-5.243301963718859e-06,0.07153646262181924
10.154340505599976,3.8349353172714064e-05,0.26799452371887106,0.0002648695049135164,6.526420380376941e-06,0.0030883448780305058,2.1846184981549908e-05,-0.00976372039154315,-0.0005089561477823648,2.065776679866499,-0.011007996176058325,-5.227314577104264e-06,0.07156385593939615
10.15744948387146,3.8349353172714064e-05,0.26799452371887106,0.0002648695049135164,6.4611561765731714e-06,0.0030574614292502005,2.162772313173441e-05,-0.00976372039154315,-0.0005089561477823648,2.065776679866499,-0.010897916214297742,-5.1750414313332215e-06,0.07084821738000219
10.179080486297607,3.843163806576547e-05,0.26807360309312084,0.0002653816243766398,6.460915534278982e-06,0.0030634451671805365,2.1641435190985484e-05,-0.009580430810388476,-0.00050906877398451,2.0670838058071888,-0.010867288080098922,-5.152829872694289e-06,0.07074487958347261
10.184882640838623,3.843163806576547e-05,0.26807360309312084,0.0002653816243766398,6.396306378936193e-06,0.003032810715508731,2.142502083907563e-05,-0.009580430810388476,-0.00050906877398451,2.0670838058071888,-0.010758615199297931,-5.101301573967347e-06,0.07003743078763788
10.191073894500732,3.85137469425281e-05,0.26815275866207283,0.0002658933912320702,6.556868898484414e-06,0.0031303332498767945,2.2013783787923342e-05,-0.009397369547193507,-0.0005091806905543238,2.0683857530044967,-0.010923078613688771,-5.152673934062296e-06,0.07144312488317733
10.214978456497192,3.8595680434035355e-05,0.2682319898809198,0.0002664048057512124,6.549355620055735e-06,0.003132174730969778,2.2001489926249667e-05,-0.009214537813648265,-0.0005092919025948195,2.069682544190682,-0.01088387251045484,-5.127455128732029e-06,0.07127205207519112
10.220276832580566,3.8595680434035355e-05,0.2682319898809198,0.0002664048057512124,6.483862063855177e-06,0.00310085298366008,2.178147502698717e-05,-0.009214537813648265,-0.0005092919025948195,2.069682544190682,-0.01077503378535029,-5.076180577444708e-06,0.0705593315544392
10.226895093917847,3.867743916942858e-05,0.26831129620824673,0.0002669158682060203,6.628367013607826e-06,0.0031896740126204706,2.2313884822120522e-05,-0.009031936806838605,-0.0005094024151659118,2.0709742019865556,-0.010918641815858898,-5.119690057929596e-06,0.0718087084713067
10.25938081741333,3.875902377495501e-05,0.2683906771060117,0.0002674265788686907,6.6046620073644795e-06,0.003182212900053048,2.224348835694445e-05,-0.008849567709351181,-0.0005095122332848298,2.0722607489020843,-0.01086034746005273,-5.087547388278765e-06,0.07148736421368775
10.262675523757935,3.875902377495501e-05,0.2683906771060117,0.0002674265788686907,6.538615387290835e-06,0.0031503907710525173,2.2021053473375004e-05,-0.008849567709351181,-0.0005095122332848298,2.0722607489020843,-0.010751743985452202,-5.036671914395977e-06,0.07077249057155087
10.26984977722168,3.884043487619485e-05,0.26847013203952486,0.00026793693801213637,6.6657111261128835e-06,0.0032296369785549447,2.2492024732445053e-05,-0.008667431689377772,-0.0005096213619265226,2.0735422073369953,-0.010873245393009148,-5.071904984552585e-06,0.07185431299478189
10.275790929794312,3.884043487619485e-05,0.26847013203952486,0.00026793693801213637,6.599054014851755e-06,0.003197340608769395,2.22671044851206e-05,-0.008667431689377772,-0.0005096213619265226,2.0735422073369953,-0.010764512939079056,-5.0211859347070585e-06,0.07113576986483407
10.298121452331543,3.8921673096168255e-05,0.2685496604774288,0.00026844694590965246,6.594801214137559e-06,0.0032009814360765532,2.2266348613632655e-05,-0.008485529900818967,-0.0005097298060240636,2.074818599581375,-0.010729990879407045,-4.998258876948655e-06,0.0709971290778358
10.304330587387085,3.8921673096168255e-05,0.2685496604774288,0.00026844694590965246,6.528853201996184e-06,0.003168971621715788,2.2043685127496327e-05,-0.008485529900818967,-0.0005097298060240636,2.074818599581375,-0.010622690970612974,-4.948276288179169e-06,0.07028715778705744
10.316864013671875,3.9002739055892186e-05,0.2686292618916797,0.00026895660283472186,6.5733802095610815e-06,0.0032007932061387237,2.2218371837743182e-05,-0.008303863483387222,-0.0005098375704690474,2.0760899478162633,-0.010645939938198816,-4.947024383258225e-06,0.07060074266757081
10.321722984313965,3.9002739055892186e-05,0.2686292618916797,0.00026895660283472186,6.5076464074654705e-06,0.0031687852740773363,2.199618811936575e-05,-0.008303863483387222,-0.0005098375704690474,2.0760899478162633,-0.010539480538816827,-4.897554139425643e-06,0.06989473524089511
10.33507776260376,3.9083633374491694e-05,0.2687089357575263,0.00026946590906146,6.545462017042751e-06,0.0031967568708142807,2.214680701715088e-05,-0.008122433562709277,-0.0005099446601119868,2.0773562741142477,-0.01055484692135025,-4.893488083205957e-06,0.07014604759301567
10.339314699172974,3.9083633374491694e-05,0.2687089357575263,0.00026946590906146,6.480007396872323e-06,0.0031647893021061377,2.192533894697937e-05,-0.008122433562709277,-0.0005099446601119868,2.0773562741142477,-0.010449298452136747,-4.844553202373897e-06,0.06944458711708551
10.355379581451416,3.916435666931142e-05,0.26878868155349206,0.0002699748648643654,6.50060125998231e-06,0.003182781238865353,2.2013949507617345e-05,-0.007941241250427947,-0.0005100510797627024,2.07861760044005,-0.010444573615392432,-4.833148612797063e-06,0.06953704670871926
10.362182140350342,3.916435666931142e-05,0.26878868155349206,0.0002699748648643654,6.435595247382486e-06,0.003150953426476699,2.1793810012541172e-05,-0.007941241250427947,-0.0005100510797627024,2.07861760044005,-0.010340127879238508,-4.7848171266690925e-06,0.06884167624163207
10.38088607788086,3.924490955602687e-05,0.2688684987613542,0.0002704834705183467,6.444464149074701e-06,0.003162117908808102,2.1840125038448184e-05,-0.007760287644303297,-0.0005101568341907088,2.079873948651113,-0.010321887810526181,-4.768534712731755e-06,0.06882652888678471
10.388677835464478,3.924490955602687e-05,0.2688684987613542,0.0002704834705183467,6.3800195075839534e-06,0.003130496729720021,2.1621723788063702e-05,-0.007760287644303297,-0.0005101568341907088,2.079873948651113,-0.010218668932420918,-4.720849365604438e-06,0.06813826359791686
10.394911766052246,3.932529264675145e-05,0.26894838686612516,0.0002709917262984729,6.535559170441106e-06,0.003227342228379541,2.2197839992842062e-05,-0.007579573828313183,-0.0005102619281255977,2.0811253404981795,-0.010370414765706852,-4.767609275543247e-06,0.06946913349491117
10.402009010314941,3.932529264675145e-05,0.26894838686612516,0.0002709917262984729,6.470203578736695e-06,0.003195068806095746,2.197586159291364e-05,-0.007579573828313183,-0.0005102619281255977,2.0811253404981795,-0.010266710618049783,-4.719933182787814e-06,0.06877444215996206
10.420829772949219,3.9405506554490695e-05,0.2690283453560333,0.00027149963248041827,6.478033811460576e-06,0.0032056023136202982,2.2018373501508908e-05,-0.007399100872753191,-0.0005103663662574167,2.082371797625873,-0.010247632391795833,-4.703615894386797e-06,0.06875064020942831
10.425196170806885,3.9405506554490695e-05,0.2690283453560333,0.00027149963248041827,6.413253473345971e-06,0.0031735462904840953,2.179818976649382e-05,-0.007399100872753191,-0.0005103663662574167,2.082371797625873,-0.010145156067877874,-4.656579735442929e-06,0.06806313380733403
10.437501907348633,3.9485551887017727e-05,0.2691083737225038,0.00027200718934029605,6.45987274279636e-06,0.00320684421453802,2.1981070732137465e-05,-0.007218869834335955,-0.0005104701532370461,2.0836133415732703,-0.010170757106906039,-4.6568780033651315e-06,0.06839404460732672
10.442480087280273,3.9485551887017727e-05,0.2691083737225038,0.00027200718934029605,6.3952740153683965e-06,0.0031747757723926398,2.176126002481609e-05,-0.007218869834335955,-0.0005104701532370461,2.0836133415732703,-0.010069049535836977,-4.61030922333148e-06,0.06771010416125345
10.458191156387329,3.956542925199565e-05,0.26918847146013963,0.0002725143971542683,6.4179264057845905e-06,0.003194009741781854,2.1857419590071697e-05,-0.007038881756289857,-0.0005105732936765644,2.0848499937744736,-0.010067257809628034,-4.600627063197697e-06,0.06782224564324743
10.462891340255737,3.956542925199565e-05,0.26918847146013963,0.0002725143971542683,6.353747141726745e-06,0.0031620696443640356,2.163884539417098e-05,-0.007038881756289857,-0.0005105732936765644,2.0848499937744736,-0.009966585231531754,-4.554620792565719e-06,0.06714402318681495
10.474317073822021,3.9645139255195866e-05,0.26926863806670287,0.00027302125619885247,6.409102919843292e-06,0.0032006121564691326,2.1853631134692728e-05,-0.006859137668457145,-0.0005106757921496214,2.0860817755591774,-0.010002069986267867,-4.55876662522534e-06,0.06755366198868354
10.495896339416504,3.972468249949594e-05,0.26934887304309585,0.0002735277667512835,6.407860771690766e-06,0.003205787551657344,2.1863242933673805e-05,-0.006679638587391419,-0.0005107776531917994,2.0873087081532344,-0.009973165874369215,-4.539285738763486e-06,0.06744833020449667
10.509625673294067,3.972468249949594e-05,0.26934887304309585,0.0002735277667512835,6.343782163973858e-06,0.0031737296761407702,2.1644610504337068e-05,-0.006679638587391419,-0.0005107776531917994,2.0873087081532344,-0.009873434215625523,-4.493892881375852e-06,0.06677384690245171
10.523043632507324,3.980405958643852e-05,0.26942917589334214,0.0002740339290886784,6.381256073260957e-06,0.0032018396744019203,2.1794841455143483e-05,-0.006500385516454542,-0.000510878881300972,2.0885308126792146,-0.009888364831041139,-4.490614738860722e-06,0.06701960685973739
10.528498411178589,3.980405958643852e-05,0.26942917589334214,0.0002740339290886784,6.317443512528347e-06,0.003169821277657901,2.157689304059205e-05,-0.006500385516454542,-0.000510878881300972,2.0885308126792146,-0.009789481182730727,-4.445708591472115e-06,0.06634941079114001
10.540519952774048,3.98832711150065e-05,0.26950954612456823,0.0002745397434885656,6.3667199585903025e-06,0.003204978248714505,2.1770127295971032e-05,-0.006321379445912944,-0.0005109794809376623,2.089748110156964,-0.009817669912115598,-4.447392044096575e-06,0.06670160747773933
10.560781717300415,3.996231768229116e-05,0.2695899832469854,0.00027504521022905185,6.369663100021313e-06,0.0032126274413128374,2.1794934110682188e-05,-0.006142621353033335,-0.0005110794565253936,2.09096062150416,-0.009793837364261752,-4.430082478072623e-06,0.06663489717301403
10.566059112548828,3.996231768229116e-05,0.2695899832469854,0.00027504521022905185,6.305966469021099e-06,0.003180501166899709,2.1576984769575365e-05,-0.006142621353033335,-0.0005110794565253936,2.09096062150416,-0.009695898990619135,-4.385781653291897e-06,0.0659685482012839
10.579233169555664,4.0041199883380794e-05,0.2696704867738706,0.0002755503295880429,6.345188111039007e-06,0.003209803779804712,2.173395026457276e-05,-0.005964112202177834,-0.000511178812451038,2.0921683675368596,-0.009712574460987009,-4.383380647320212e-06,0.06622858993229824
10.584352731704712,4.0041199883380794e-05,0.2696704867738706,0.0002755503295880429,6.281736229928617e-06,0.0031777057420066647,2.151661076192703e-05,-0.005964112202177834,-0.000511178812451038,2.0921683675368596,-0.009615448716377139,-4.33954684084701e-06,0.06556630403297525
10.600439310073853,4.011991831147221e-05,0.26975105622154966,0.0002760551018441905,6.302546538929425e-06,0.003196013576415523,2.1606496068149004e-05,-0.005785852944898508,-0.0005112775530651636,2.09337136897005,-0.00961177925948028,-4.32984094269793e-06,0.06566095728992287
10.60612678527832,4.011991831147221e-05,0.26975105622154966,0.0002760551018441905,6.239521073540131e-06,0.003164053440651368,2.1390431107467514e-05,-0.005785852944898508,-0.0005112775530651636,2.09337136897005,-0.009515661466885478,-4.28654253327095e-06,0.06500434771702364
10.621845960617065,4.0198473557647865e-05,0.26983169110937694,0.0002765595272760289,6.2625701028388304e-06,0.00318371005902229,2.148850450075033e-05,-0.005607844520031335,-0.0005113756826823745,2.0945696464181918,-0.00951456613639128,-4.277889077382779e-06,0.06511921095399816
10.62687873840332,4.0198473557647865e-05,0.26983169110937694,0.0002765595272760289,6.199944401810442e-06,0.003151872958432067,2.1273619455742826e-05,-0.005607844520031335,-0.0005113756826823745,2.0945696464181918,-0.009419420475027368,-4.23511018660895e-06,0.06446801884445817
10.648082494735718,4.0276866211544155e-05,0.26991239095971925,0.0002770636061625876,6.2011860853012086e-06,0.003158413455301562,2.1292013673489362e-05,-0.005430087853789588,-0.0005114732055816498,2.09576322039576,-0.00939452629771705,-4.217927083177307e-06,0.0643882187708485
10.653331279754639,4.0276866211544155e-05,0.26991239095971925,0.0002770636061625876,6.139174224448197e-06,0.0031268293207485465,2.107909353675447e-05,-0.005430087853789588,-0.0005114732055816498,2.09576322039576,-0.009300581034739878,-4.1757478123455334e-06,0.06374433658314001
10.661739826202393,4.0355096858567407e-05,0.26999315529793666,0.0002775673387830296,6.237000541432038e-06,0.003191611331548412,2.1450761844911456e-05,-0.00525258385985664,-0.000511570126006679,2.0969521113177843,-0.009381247639077536,-4.1969698297601785e-06,0.06452588444469234
10.666990995407104,4.0355096858567407e-05,0.26999315529793666,0.0002775673387830296,6.174630536017718e-06,0.003159695218232928,2.1236254226462342e-05,-0.00525258385985664,-0.000511570126006679,2.0969521113177843,-0.00928743516268676,-4.155000131462576e-06,0.06388062560024542
10.67751431465149,4.043316608468233e-05,0.2700739836523654,0.0002780707254168186,6.23990137510448e-06,0.003204907073784923,2.148899590691434e-05,-0.005075333439478206,-0.0005116664481661905,2.0981363395003805,-0.009332473616284094,-4.16338810901293e-06,0.06437130344964989
10.681701898574829,4.043316608468233e-05,0.2700739836523654,0.0002780707254168186,6.177502361353435e-06,0.0031728580030470736,2.1274105947845196e-05,-0.005075333439478206,-0.0005116664481661905,2.0981363395003805,-0.009239148880121253,-4.1217542279228e-06,0.0637275904151534
10.702883243560791,4.051107447284859e-05,0.2701548755542998,0.0002785737663435518,6.17873079527572e-06,0.003179319588940947,2.1292287277640667e-05,-0.004898337481554012,-0.0005117621762342844,2.099315925161285,-0.009214851475189821,-4.105157292959983e-06,0.06364931508095836
10.709295511245728,4.051107447284859e-05,0.2701548755542998,0.0002785737663435518,6.116943487322963e-06,0.003147526393051538,2.107936440486426e-05,-0.004898337481554012,-0.0005117621762342844,2.099315925161285,-0.009122702960437924,-4.064105720030383e-06,0.06301282193014877
10.729496479034424,4.0588822602463934e-05,0.27023583053797423,0.0002790764618432942,6.121729329974974e-06,0.003156125936688421,2.111054210533241e-05,-0.004721596862728904,-0.0005118573143507533,2.1004908884203837,-0.009102433107144274,-4.049083163002329e-06,0.06296657855915917
10.737124919891357,4.0588822602463934e-05,0.27023583053797423,0.0002790764618432942,6.060512036675224e-06,0.0031245646773215368,2.0899436684279087e-05,-0.004721596862728904,-0.0005118573143507533,2.1004908884203837,-0.009011408776072831,-4.008592331372306e-06,0.06233691277356758
10.741882801055908,4.066641105381873e-05,0.2703168481405469,0.0002795788121959664,6.27949132033536e-06,0.003263599888278543,2.1717131652139584e-05,-0.004545112447483393,-0.0005119518666214045,2.1016612493002347,-0.009220700692120524,-4.076448509094137e-06,0.06418310641534315
10.744954347610474,4.066641105381873e-05,0.2703168481405469,0.0002795788121959664,6.216696407132007e-06,0.0032309638893957575,2.149996033561819e-05,-0.004545112447483393,-0.0005119518666214045,2.1016612493002347,-0.009128493685199319,-4.035684024003196e-06,0.06354127535118972
10.7808997631073,4.082111122242611e-05,0.2704790693655264,0.0002805824785816771,6.22836616011713e-06,0.0032437841327677417,2.155648829370144e-05,-0.0041929156253709176,-0.0005121392298804688,2.103988243528932,-0.009115762545576651,-4.023550873576641e-06,0.06355587491255651
10.7864990234375,4.082111122242611e-05,0.2704790693655264,0.0002805824785816771,6.166082498515958e-06,0.0032113462914400643,2.1340923410764427e-05,-0.0041929156253709176,-0.0005121392298804688,2.103988243528932,-0.009024604920120884,-3.983315364840875e-06,0.06292031616343095
10.79960322380066,4.089822408679326e-05,0.27056027207670635,0.00028108379517592224,6.205448411492685e-06,0.003241199766524227,2.1499555897957436e-05,-0.004017204887450446,-0.0005122320489134202,2.1051449164409517,-0.009041062798377523,-3.981787587968758e-06,0.06317751360291021
10.806528091430664,4.089822408679326e-05,0.27056027207670635,0.00028108379517592224,6.143393927377758e-06,0.0032087877688589846,2.1284560338977862e-05,-0.004017204887450446,-0.0005122320489134202,2.1051449164409517,-0.008950652170393748,-3.9419697120890705e-06,0.0625457384668811
10.818498373031616,4.097517956568133e-05,0.27064153558429654,0.00028158476774548354,6.192380875743788e-06,0.0032445876119866633,2.1478733372651053e-05,-0.0038417536911797816,-0.0005123242981902507,2.1062970661011016,-0.008977234948071794,-3.944166417848363e-06,0.06288693983580948
10.821551084518433,4.097517956568133e-05,0.27064153558429654,0.00028158476774548354,6.1304570669863494e-06,0.0032121417358667967,2.1263946038924543e-05,-0.0038417536911797816,-0.0005123242981902507,2.1062970661011016,-0.008887462598591075,-3.904724753669879e-06,0.062258070437451386
10.842074394226074,4.1051978227362284e-05,0.27072285943980884,0.0002820853965713412,6.133453526826131e-06,0.003219645438730771,2.1288546488095923e-05,-0.003666562841556584,-0.0005124159816515523,2.1074447120530846,-0.00886587863359173,-3.889766861672493e-06,0.062197142392202344
10.846266031265259,4.1051978227362284e-05,0.27072285943980884,0.0002820853965713412,6.072118991557869e-06,0.0031874489843434634,2.1075661023214963e-05,-0.003666562841556584,-0.0005124159816515523,2.1074447120530846,-0.008777219847255813,-3.850869193055768e-06,0.06157517096828032
10.860442399978638,4.112862063765998e-05,0.2708042431975753,0.00028258568193466614,6.1043395943850125e-06,0.0032129825411880922,2.1208135509199237e-05,-0.0034916331319458766,-0.0005125071032057922,2.1085878737463672,-0.008786262690434449,-3.846971671938162e-06,0.061769425851892705
10.864193677902222,4.112862063765998e-05,0.2708042431975753,0.00028258568193466614,6.043296198441162e-06,0.0031808527157762114,2.0996054154107244e-05,-0.0034916331319458766,-0.0005125071032057922,2.1085878737463672,-0.008698400063530105,-3.80850195521878e-06,0.061151731593373775
10.883269548416138,4.120510736039553e-05,0.2708856864147309,0.00028308562411690267,6.051824208652487e-06,0.00319173855636193,2.1041001770445932e-05,-0.0033169653441667644,-0.0005125976667296125,2.109726570536682,-0.00868291986287127,-3.7959445763309047e-06,0.06113987857935612
10.886326551437378,4.120510736039553e-05,0.2708856864147309,0.00028308562411690267,5.991305966565962e-06,0.0031598211707983105,2.0830591752741472e-05,-0.0033169653441667644,-0.0005125976667296125,2.109726570536682,-0.008596090664242557,-3.757985130567596e-06,0.06052847979356256
10.901443719863892,4.128143895772142e-05,0.27096718865119607,0.0002835852233994902,6.018274938543781e-06,0.003182136655143902,2.0943736342371052e-05,-0.003142560248578613,-0.0005126876760681271,2.11086082168653,-0.00859980007260367,-3.7523753349461184e-06,0.060677004810782205
10.906710863113403,4.128143895772142e-05,0.27096718865119607,0.0002835852233994902,5.958092189158343e-06,0.003150315288592463,2.073429897894734e-05,-0.003142560248578613,-0.0005126876760681271,2.11086082168653,-0.008513802071877633,-3.714851581596657e-06,0.06007023476267438
10.918708324432373,4.1357615989007934e-05,0.271048749469661,0.00028408448006400286,6.007812414194248e-06,0.0031867938713374395,2.0931729114427962e-05,-0.0029684186041667015,-0.000512777135035215,2.111990646365679,-0.008540952596344385,-3.7176835767375265e-06,0.0604157330350618
10.923365116119385,4.1357615989007934e-05,0.271048749469661,0.00028408448006400286,5.9477342900523055e-06,0.003154925932624065,2.0722411823283682e-05,-0.0029684186041667015,-0.000512777135035215,2.111990646365679,-0.00845554307038094,-3.6805067409701514e-06,0.059811575704711184
10.936530590057373,4.1433639012847656e-05,0.2711303684355684,0.0002845833943921773,5.987704069500448e-06,0.0031853713817139515,2.0883809480906235e-05,-0.002794541158627344,-0.0005128660474138085,2.1131160636516566,-0.008472681325784511,-3.6798618144298297e-06,0.060072428182501685
10.940033197402954,4.1433639012847656e-05,0.2711303684355684,0.0002845833943921773,5.927827028805443e-06,0.003153517667896812,2.0674971386097172e-05,-0.002794541158627344,-0.0005128660474138085,2.1131160636516566,-0.008387954512526666,-3.6430631962855312e-06,0.059471703900676666
10.962786436080933,4.1509508584048694e-05,0.2712120451170973,0.0002850819666659127,5.9260002242501835e-06,0.0031578792215960355,2.068137431136769e-05,-0.0026209286484524873,-0.0005129544169561849,2.1142370925302467,-0.008362553025939757,-3.627398780258423e-06,0.05937210867459278
10.966615438461304,4.1509508584048694e-05,0.2712120451170973,0.0002850819666659127,5.866740222007681e-06,0.003126300429380075,2.047456056825401e-05,-0.0026209286484524873,-0.0005129544169561849,2.1142370925302467,-0.00827892749568036,-3.5911247924558388e-06,0.05877838758784685
10.981522560119629,4.158522525575062e-05,0.2712937790851463,0.0002855801971671874,5.895625033995993e-06,0.0031498662349586834,2.059494462190369e-05,-0.0024475817990137856,-0.0005130422473842455,2.1153537518959755,-0.008284843212607206,-3.5866726115277263e-06,0.05894344569981042
10.987333297729492,4.158522525575062e-05,0.2712937790851463,0.0002855801971671874,5.836668783656032e-06,0.003118367572609097,2.0388995175684652e-05,-0.0024475817990137856,-0.0005130422473842455,2.1153537518959755,-0.008201994780481133,-3.550805885412449e-06,0.058354011242812316
11.002624988555908,4.166078957953577e-05,0.2713755699133178,0.0002860780861781145,5.863518458409976e-06,0.0031406710062912113,2.0501851356293168e-05,-0.0022745013246461584,-0.0005131295423898008,2.1164660605526007,-0.008205914178342051,-3.5457366769017083e-06,0.058501585180131425
11.007305383682251,4.166078957953577e-05,0.2713755699133178,0.0002860780861781145,5.8048832738258765e-06,0.0031092642962282993,2.0296832842730236e-05,-0.0022745013246461584,-0.0005131295423898008,2.1164660605526007,-0.00812385503655863,-3.5102793101326913e-06,0.05791656932833011
11.024825096130371,4.1736202104761144e-05,0.27145741717790134,0.00028657563398088636,5.8210970282701415e-06,0.0031248888985808145,2.037014887180542e-05,-0.0021016879287308297,-0.0005132163056348483,2.117574037213594,-0.008117162818266287,-3.5015462650105475e-06,0.05797311113774648
11.029345273971558,4.1736202104761144e-05,0.27145741717790134,0.00028657563398088636,5.76288605798744e-06,0.003093640009595006,2.0166447383087367e-05,-0.0021016879287308297,-0.0005132163056348483,2.117574037213594,-0.008035991190083623,-3.466530802360442e-06,0.05739338002636902
11.047790050506592,4.181146337800156e-05,0.2715393204578575,0.00028707284085769123,5.775684843207226e-06,0.0031071082059087353,2.0227039439889354e-05,-0.0019291423037778544,-0.0005133025407518468,2.1186777005026216,-0.008026000956257802,-3.456726222083512e-06,0.057420973393239656
11.051538467407227,4.181146337800156e-05,0.2715393204578575,0.00028707284085769123,5.717927994775154e-06,0.0030760371238496478,2.002476904549046e-05,-0.0019291423037778544,-0.0005133025407518468,2.1186777005026216,-0.007945740946695224,-3.4221589598626767e-06,0.056846763659307256
11.074260711669922,4.188657394516566e-05,0.2716212793348026,0.0002875697070910199,5.717828961571899e-06,0.00308134664158044,2.0037269078791585e-05,-0.001756865131508137,-0.0005133882513439922,2.1197770689540243,-0.007923052826042689,-3.4079680359318764e-06,0.05676472833214949
11.080540180206299,4.188657394516566e-05,0.2716212793348026,0.0002875697070910199,5.66065067195618e-06,0.003050533175164635,1.9836896388003667e-05,-0.001756865131508137,-0.0005133882513439922,2.1197770689540243,-0.007843822297782263,-3.3738883555725576e-06,0.05619708104882799
11.096435070037842,4.196153434815482e-05,0.27170329339299126,0.0002880662329633027,5.6855147829604e-06,0.003071625598962771,1.9942458466287083e-05,-0.0015848570829349394,-0.0005134734409854859,2.120872161013292,-0.007846035654422599,-3.368571400859503e-06,0.05632783668381676
11.100578784942627,4.196153434815482e-05,0.27170329339299126,0.0002880662329633027,5.6286596351307965e-06,0.0030409093429731434,1.9743033881624212e-05,-0.0015848570829349394,-0.0005134734409854859,2.120872161013292,-0.007767575297878373,-3.3348856868509077e-06,0.05576455831697859
11.120697259902954,4.203634512887242e-05,0.27178536221930183,0.000288562418757022,5.636639726098136e-06,0.003051293019509995,1.9785571888846207e-05,-0.0014131188184448862,-0.0005135581132218037,2.121962995037535,-0.007753225401303573,-3.3238255728377506e-06,0.05575213118159214
11.125252962112427,4.203634512887242e-05,0.27178536221930183,0.000288562418757022,5.580273328837155e-06,0.0030207800893148947,1.9587716169957743e-05,-0.0014131188184448862,-0.0005135581132218037,2.121962995037535,-0.007675693147290537,-3.290587317109373e-06,0.05519460986977622
11.137429237365723,4.211100682421249e-05,0.2718674854032205,0.000289058264754796,5.630491112542762e-06,0.003058017535841549,1.9788072326053364e-05,-0.0012416509878784682,-0.0005136422715699594,2.123049589295956,-0.0077029204282216225,-3.2942359429002464e-06,0.05554008865361353
11.15272831916809,4.2185519972073215e-05,0.27194966253682507,0.00028955377123940536,5.658434935552899e-06,0.003081151132622018,1.9905341023978757e-05,-0.0010704542306100473,-0.0005137259195187663,2.124131961970316,-0.0077081386354289514,-3.2901717551094057e-06,0.05569622039024524
11.171994924545288,4.225988510690253e-05,0.27203189321476967,0.0002900489384932932,5.668646345593973e-06,0.0030930200427330295,1.9956375761915185e-05,-0.0008995291756273638,-0.0005138090605291009,2.1252101311553995,-0.007695963743111432,-3.2800322637518025e-06,0.05570212190366572
11.177413702011108,4.225988510690253e-05,0.27203189321476967,0.0002900489384932932,5.611959882138033e-06,0.003062089842305699,1.9756812004296032e-05,-0.0008995291756273638,-0.0005138090605291009,2.1252101311553995,-0.007619004105680317,-3.2472319411142844e-06,0.055145100684629064
11.200440645217896,4.23341027608117e-05,0.27211417703426916,0.0002905437667994003,5.611641556963459e-06,0.003067202660043746,1.9768355643639204e-05,-0.0007288764416105524,-0.0005138916980341553,2.126284114859475,-0.007596785356985486,-3.2336644891689364e-06,0.05506280980134253
11.20605754852295,4.23341027608117e-05,0.27211417703426916,0.0002905437667994003,5.555525141393824e-06,0.0030365306334433086,1.957067208720281e-05,-0.0007288764416105524,-0.0005138916980341553,2.126284114859475,-0.007520817503415631,-3.201327844277247e-06,0.0545121817033291
11.212167501449585,4.2408173463241266e-05,0.27219651359508407,0.00029103825644041304,5.709945961540111e-06,0.0031409234300839054,2.01625428933674e-05,-0.0005584966370106665,-0.0005139738354396949,2.127353931004755,-0.007647756190074752,-3.2400386234915226e-06,0.05572850491145118
11.21787142753601,4.2408173463241266e-05,0.27219651359508407,0.00029103825644041304,5.65284650192471e-06,0.0031095141957830663,1.996091746443373e-05,-0.0005584966370106665,-0.0005139738354396949,2.127353931004755,-0.007571278628174005,-3.2076382372566075e-06,0.05517121986233666
11.228609323501587,4.248209774352242e-05,0.272278902499505,0.00029153240769929284,5.715611518656376e-06,0.003155146292034531,2.0209154004232323e-05,-0.00038839036012771445,-0.0005140554761243068,2.128419597427852,-0.007609877741563721,-3.2155090296195847e-06,0.05561798449274628
11.234108209609985,4.248209774352242e-05,0.272278902499505,0.00029153240769929284,5.658455403469812e-06,0.0031235948291141857,2.000706246419e-05,-0.00038839036012771445,-0.0005140554761243068,2.128419597427852,-0.007533778964148084,-3.183353939323389e-06,0.05506180464781881
11.254082202911377,4.2555876126756507e-05,0.272361343352337,0.0002920262208588027,5.665903311379999e-06,0.0031336329802575755,2.0047593794331647e-05,-0.00021855819918821255,-0.0005141366234396547,2.129481131880233,-0.007519514491314197,-3.172838363351731e-06,0.05504592719818099
11.258251190185547,4.2555876126756507e-05,0.272361343352337,0.0002920262208588027,5.609244278266199e-06,0.003102296650455,1.984711785638833e-05,-0.00021855819918821255,-0.0005141366234396547,2.129481131880233,-0.007444319346401055,-3.141109979718214e-06,0.05449546792619918
11.28257155418396,4.262950913749006e-05,0.2724438357608853,0.00029251969620186903,5.6056598002044876e-06,0.003105192754517892,1.984612090343353e-05,-4.900073242225273e-05,-0.0005142172807107182,2.130538552028669,-0.007419724655212294,-3.1270789298798337e-06,0.05438802478019147
11.288827657699585,4.262950913749006e-05,0.2724438357608853,0.00029251969620186903,5.549603202202442e-06,0.003074140826972713,1.9647659694399195e-05,-4.900073242225273e-05,-0.0005142172807107182,2.130538552028669,-0.007345527408660171,-3.0958081405810353e-06,0.05384414453238955
11.300148725509644,4.270299729670807e-05,0.27252637933493973,0.0002930128340114434,5.606733251727768e-06,0.003116310897681329,1.9875128119055982e-05,0.00012028147185990718,-0.0005142974512360444,2.131591875455684,-0.007378496379495672,-3.1019138049589294e-06,0.05424202319622977
11.305401802062988,4.270299729670807e-05,0.27252637933493973,0.0002930128340114434,5.55066591921049e-06,0.0030851477887045156,1.9676376837865423e-05,0.00012028147185990718,-0.0005142974512360444,2.131591875455684,-0.007304711415700715,-3.07089466690934e-06,0.05369960296426747
11.313987255096436,4.277634112484065e-05,0.2726089736867593,0.0002935056345703063,5.643443576342542e-06,0.003150498988996421,2.003827639033914e-05,0.000289287855191731,-0.000514377138287985,2.132641119660002,-0.007371131007262621,-3.08870275229442e-06,0.05439259624136238
11.319194316864014,4.277634112484065e-05,0.2726089736867593,0.0002935056345703063,5.587009140579117e-06,0.003118993999106457,1.9837893626435748e-05,0.000289287855191731,-0.000514377138287985,2.132641119660002,-0.007297419697189994,-3.057815724771476e-06,0.05384867027894876
11.333586692810059,4.2849541139313144e-05,0.27269161843105855,0.00029399809816151387,5.619459029824958e-06,0.003145226648894226,1.997255540339987e-05,0.00045801786887476686,-0.0005144563451129387,2.133686302056988,-0.007307126755365002,-3.0559685731086594e-06,0.05404112994145951
11.361819982528687,4.292259785521432e-05,0.27277431318499146,0.0002944902250678407,5.608217985115562e-06,0.003143064189026113,1.9942491930111697e-05,0.0006264709739034808,-0.0005145350749315856,2.1347274399790903,-0.007275942933023735,-3.039948500626508e-06,0.0538719209054984
11.367042303085327,4.292259785521432e-05,0.27277431318499146,0.0002944902250678407,5.552135805264406e-06,0.0031116335471358517,1.974306701081058e-05,0.0006264709739034808,-0.0005145350749315856,2.1347274399790903,-0.007203183503693498,-3.009549015620243e-06,0.05333320169644342
11.382551908493042,4.299551178596452e-05,0.27285705756813755,0.0002949820155723086,5.578321513037234e-06,0.003133867626868997,1.985428328374595e-05,0.0007946466408905599,-0.0005146133309391249,2.135764550676279,-0.007206930938510933,-3.005728950512632e-06,0.05347304174664674
11.386020421981812,4.299551178596452e-05,0.27285705756813755,0.0002949820155723086,5.522538297906862e-06,0.003102528950600307,1.965574045090849e-05,0.0007946466408905599,-0.0005146133309391249,2.135764550676279,-0.007134861629125824,-2.9756716610075057e-06,0.052938311329180275
11.405002117156982,4.3068283443983916e-05,0.27293985120248704,0.0002954734699577698,5.533972291883735e-06,0.003115121282832129,1.971120837693287e-05,0.0009625443499926818,-0.0005146911163055046,2.13679765131648,-0.00712504798149511,-2.9672285442523594e-06,0.05295688614430021
11.411027193069458,4.3068283443983916e-05,0.27293985120248704,0.0002954734699577698,5.4786325689648975e-06,0.0030839700700038076,1.951409629316354e-05,0.0009625443499926818,-0.0005146911163055046,2.13679765131648,-0.007053797501680159,-2.937556258809836e-06,0.05242731728285721
11.42257046699524,4.314091333712872e-05,0.2730226937124262,0.0002959645885071567,5.53329329530476e-06,0.0031248972840643725,1.97331138981391e-05,0.0011301635908367489,-0.0005147684341756546,2.1378267589860087,-0.007083821502080712,-2.942975088195419e-06,0.05280069862660115
11.437699556350708,4.3213401973257267e-05,0.27310558472472274,0.0002964553715033711,5.5613396261551205e-06,0.0031484374766446084,1.9851573457242338e-05,0.0012975038624465837,-0.0005148452876697105,2.138851890690001,-0.007089236093898888,-2.9399011896042004e-06,0.052955002184793
11.442949056625366,4.3213401973257267e-05,0.27310558472472274,0.0002964553715033711,5.50572622989357e-06,0.003116953101878162,1.9653057722669915e-05,0.0012975038624465837,-0.0005148452876697105,2.138851890690001,-0.007018343732959899,-2.9105021777081586e-06,0.05242545216294507
11.458618640899658,4.3285749856332175e-05,0.27318852386851167,0.0002969458192291171,5.531049723284108e-06,0.003138713596293995,1.9761226210397276e-05,0.0014645646731700833,-0.0005149216798832428,2.139873063352841,-0.007021327587089723,-2.9066604006361882e-06,0.05255748596923023
11.464643239974976,4.3285749856332175e-05,0.27318852386851167,0.0002969458192291171,5.475739226051266e-06,0.003107326460331055,1.9563613948293302e-05,0.0014645646731700833,-0.0005149216798832428,2.139873063352841,-0.0069511143112188254,-2.8775937966298263e-06,0.05203191110953793
11.481510162353516,4.335795749054094e-05,0.2732715107752812,0.00029743593196737456,5.495543117309801e-06,0.003125454176515518,1.965086235978729e-05,0.001631345540606829,-0.0005149976138874773,2.1408902938185856,-0.006949156137309502,-2.8721187567422184e-06,0.052118991213809106
11.484978437423706,4.335795749054094e-05,0.2732715107752812,0.00029743593196737456,5.440587686136703e-06,0.0030941996347503627,1.945435373618942e-05,0.001631345540606829,-0.0005149976138874773,2.1408902938185856,-0.006879664575936407,-2.843397569174796e-06,0.05159780130167101
11.503176212310791,4.3430025376175325e-05,0.2733545450788581,0.0002979257100008141,5.455185375296719e-06,0.0031088864637412433,1.9521835527815776e-05,0.0017978459915361528,-0.0005150730927295188,2.14190359885139,-0.006873093350984485,-2.8364051977476224e-06,0.051642677952009115
11.508419275283813,4.3430025376175325e-05,0.2733545450788581,0.0002979257100008141,5.4006335215437515e-06,0.003077797599103831,1.932661717253762e-05,0.0017978459915361528,-0.0005150730927295188,2.14190359885139,-0.0068043624174746395,-2.808041145770146e-06,0.05112625117248902
11.520773887634277,4.3501954012526945e-05,0.27343762641539354,0.00029841515361213187,5.448112276781537e-06,0.0031142668501231586,1.9519050374269213e-05,0.0019640655618456517,-0.0005151481194325678,2.142912995135925,-0.006827407147398662,-2.8113165899223782e-06,0.05143798647666843
11.53171706199646,4.3501954012526945e-05,0.27343762641539354,0.00029841515361213187,5.3936311540137216e-06,0.003083124181621927,1.9323859870526522e-05,0.0019640655618456517,-0.0005151481194325678,2.142912995135925,-0.006759133075924675,-2.7832034240231545e-06,0.05092360661190175
11.539716243743896,4.35737438956599e-05,0.2735207544233497,0.00029890426308416053,5.496199865242452e-06,0.003156213585905823,1.9725939242235025e-05,0.002130003796460153,-0.0005152226969961379,2.143918499277799,-0.0068313562620471715,-2.8034530646155277e-06,0.05168068642773534
11.54628872871399,4.35737438956599e-05,0.2735207544233497,0.00029890426308416053,5.4412378665900275e-06,0.003124651450046765,1.9528679849812673e-05,0.002130003796460153,-0.0005152226969961379,2.143918499277799,-0.0067630426994267,-2.7754185339693724e-06,0.051163879563457984
11.556318283081055,4.364539552008128e-05,0.2736039287434848,0.0002993930386994517,5.5114592260475115e-06,0.0031763341691609685,1.9807885633610785e-05,0.0022956602492711265,-0.0005152968283962706,2.14492012780397,-0.006806233269270649,-2.785738133037948e-06,0.051658399318996
11.56083631515503,4.364539552008128e-05,0.2736039287434848,0.0002993930386994517,5.456344633787036e-06,0.003144570827469359,1.9609806777274678e-05,0.0022956602492711265,-0.0005152968283962706,2.14492012780397,-0.006738170936577943,-2.7578807517075686e-06,0.051141815325806035
11.576843023300171,4.3716909379186665e-05,0.27368714901884006,0.00029988148074055446,5.479756941178862e-06,0.003165115997126307,1.9710824376596232e-05,0.002461034483066538,-0.0005153705165857472,2.1459178971631623,-0.006739798512074234,-2.753988032783398e-06,0.05125846580194822
11.581815481185913,4.3716909379186665e-05,0.27368714901884006,0.00029988148074055446,5.424959371767074e-06,0.003133464837155044,1.951371613283027e-05,0.002461034483066538,-0.0005153705165857472,2.1459178971631623,-0.0066724005269534915,-2.726448152455564e-06,0.05074588114392874
11.599249124526978,4.378828596236459e-05,0.2737704148947256,0.00030036958949009957,5.442195404766628e-06,0.003149891795360888,1.9591197861826684e-05,0.002626126069461148,-0.0005154437644942998,2.1469118237262754,-0.0066686455897714235,-2.7207760289749016e-06,0.05081291258809562
11.605397939682007,4.378828596236459e-05,0.2737704148947256,0.00030036958949009957,5.387773450718962e-06,0.003118392877407279,1.9395285883208416e-05,0.002626126069461148,-0.0005154437644942998,2.1469118237262754,-0.006601959133873709,-2.6935682686851527e-06,0.05030478346221467
11.617868185043335,4.3859525758894335e-05,0.2738537260187064,0.0003008573652303806,5.43368366560521e-06,0.0031540168799274355,1.9582210802671993e-05,0.0027909345888272453,-0.0005155165750288168,2.147901923786794,-0.006623427101556132,-2.6966042771257517e-06,0.05060186118966789
11.630759477615356,4.3859525758894335e-05,0.2738537260187064,0.0003008573652303806,5.3793468289491575e-06,0.003122476711128161,1.9386388694645274e-05,0.0027909345888272453,-0.0005155165750288168,2.147901923786794,-0.00655719283054057,-2.669638234354494e-06,0.050095842577771214
11.638004779815674,4.393062925505045e-05,0.27393708204058903,0.00030134480824396757,5.497045307546184e-06,0.003206300323117927,1.984764452283418e-05,0.002955459630225821,-0.0005155889510735541,2.148888213561192,-0.006641268818653288,-2.6941610676001503e-06,0.050966838257243595
11.644606351852417,4.393062925505045e-05,0.27393708204058903,0.00030134480824396757,5.442074854470722e-06,0.0031742373198867476,1.9649168077605837e-05,0.002955459630225821,-0.0005155889510735541,2.148888213561192,-0.006574856130466755,-2.667219456924149e-06,0.05045716987467116
11.65937089920044,4.400159693566188e-05,0.274020482612408,0.0003018319188130664,5.471682906535588e-06,0.003198982000022637,1.9773948921145682e-05,0.003119700791338173,-0.0005156608954903335,2.1498707091893405,-0.006582089093241712,-2.6655034151324886e-06,0.05062331549067532
11.663241386413574,4.400159693566188e-05,0.274020482612408,0.0003018319188130664,5.4169660774702325e-06,0.0031669921800224106,1.9576209431934225e-05,0.003119700791338173,-0.0005156608954903335,2.1498707091893405,-0.006516268202309295,-2.6388483809811638e-06,0.050117082335768566
11.695099353790283,4.41431267744312e-05,0.2741874160250512,0.0003028051437467236,5.440507746010188e-06,0.003187721528302599,1.967794291604042e-05,0.0034473299061235996,-0.0005158035007763654,2.1518243821857492,-0.006518151606658322,-2.635325214646683e-06,0.050234094396754476
11.700240850448608,4.41431267744312e-05,0.2741874160250512,0.0003028051437467236,5.386102668550086e-06,0.003155844313019573,1.9481163486880018e-05,0.0034473299061235996,-0.0005158035007763654,2.1518243821857492,-0.006452970090591739,-2.6089719625002162e-06,0.04973175345278693
11.71671462059021,4.421368989134377e-05,0.27427094818096265,0.000303291258675488,5.407214665412678e-06,0.003174992029254702,1.9573727804665964e-05,0.003610717097651299,-0.0005158741672589143,2.1527955914543266,-0.006452643749652924,-2.6047780418156905e-06,0.049828811659241905
11.721030235290527,4.421368989134377e-05,0.27427094818096265,0.000303291258675488,5.353142518758551e-06,0.003143242108962155,1.9377990526619305e-05,0.003610717097651299,-0.0005158741672589143,2.1527955914543266,-0.006388117312156395,-2.5787302613975337e-06,0.04933052354264948
11.733309745788574,4.428411910910734e-05,0.27435452351695827,0.0003037770422882601,5.400042309686789e-06,0.0031798704965689873,1.956949283367158e-05,0.003773818884468238,-0.0005159444133404931,2.15376307037808,-0.0064098365033519195,-2.582110629629092e-06,0.049631617999516806
11.737666130065918,4.428411910910734e-05,0.27435452351695827,0.0003037770422882601,5.346041886589921e-06,0.0031480717916032974,1.9373797905334865e-05,0.003773818884468238,-0.0005159444133404931,2.15376307037808,-0.0063457381383184,-2.556289523332801e-06,0.04913530181952164
11.751091957092285,4.435441490097943e-05,0.27443814169601105,0.00030426249486678977,5.384300906830788e-06,0.0031788726630246466,1.953221630914721e-05,0.003936634906346379,-0.000516014241773758,2.154726834719832,-0.006360088270128379,-2.5572162604006343e-06,0.04936779406157876
11.756300926208496,4.435441490097943e-05,0.27443814169601105,0.00030426249486678977,5.33045789776248e-06,0.0031470839363944,1.933689414605574e-05,0.003936634906346379,-0.000516014241773758,2.154726834719832,-0.006296487387427095,-2.531644097796628e-06,0.04887411612096297
11.775229692459106,4.4424577739997065e-05,0.2745218023832421,0.0003047476166930758,5.342111477839262e-06,0.00315981074393367,1.939314033870336e-05,0.004099164811276612,-0.0005160836552901153,2.155686900168176,-0.006288368669609351,-2.524984321563449e-06,0.048896858602964104
11.780439853668213,4.4424577739997065e-05,0.2745218023832421,0.0003047476166930758,5.28869036306087e-06,0.0031282126364943334,1.9199208935316328e-05,0.004099164811276612,-0.0005160836552901153,2.155686900168176,-0.006225484982913258,-2.4997344783478145e-06,0.04840789001693446
11.79050898551941,4.449460809674936e-05,0.2746055052459073,0.0003052324080486416,5.357735679381524e-06,0.0031800586977105243,1.9476157422965578e-05,0.004261408255403336,-0.0005161526565999149,2.1566432823378636,-0.006265696751012655,-2.5095635502080383e-06,0.04888173261402094
11.79618525505066,4.449460809674936e-05,0.2746055052459073,0.0003052324080486416,5.304158322587709e-06,0.003148258110733419,1.928139584873592e-05,0.004261408255403336,-0.0005161526565999149,2.1566432823378636,-0.006203039783502529,-2.484467914705958e-06,0.048392915287880735
11.81572413444519,4.456450643781828e-05,0.27468924995338484,0.0003057168692151202,5.313859879905553e-06,0.003159636080245407,1.933008727630747e-05,0.0044233649029594545,-0.0005162212483926346,2.1575959967701897,-0.0061934878006855865,-2.4774450055983135e-06,0.048400788708537236
11.819036483764648,4.456450643781828e-05,0.27468924995338484,0.0003057168692151202,5.260721281106497e-06,0.003128039719442953,1.9136786403544397e-05,0.0044233649029594545,-0.0005162212483926346,2.1575959967701897,-0.0061315529226787305,-2.4526705555423305e-06,0.047916780821451864
11.838468551635742,4.463427322978804e-05,0.27477303617716187,0.00030620100047400373,5.271108649432949e-06,0.003139876827693322,1.918809301396038e-05,0.004585034426201777,-0.0005162894333370697,2.1585450589333774,-0.006122677948701896,-2.445938370987256e-06,0.04793026534594813
11.850443840026855,4.463427322978804e-05,0.27477303617716187,0.00030620100047400373,5.218397562938619e-06,0.003108478059416389,1.8996212083820777e-05,0.004585034426201777,-0.0005162894333370697,2.1585450589333774,-0.006061451169214876,-2.4214789872773835e-06,0.04745096269248865
11.85836911201477,4.470390893679494e-05,0.2748568635908222,0.0003066848021065596,5.320442304801109e-06,0.0031831655718428725,1.9400878292318072e-05,0.004746416505346841,-0.0005163572140815157,2.1594904842229585,-0.006128621125303471,-2.440590451427661e-06,0.04817986720372879
11.864635467529297,4.470390893679494e-05,0.2748568635908222,0.0003066848021065596,5.2672378817530985e-06,0.0031513339161244438,1.920686950939489e-05,0.004746416505346841,-0.0005163572140815157,2.1594904842229585,-0.006067334914050436,-2.4161845469133847e-06,0.047698068531691507
11.878303527832031,4.477341402052735e-05,0.2749407318700327,0.00030716827439405394,5.3038612243605244e-06,0.0031811813573378463,1.935936453886058e-05,0.004907510828507135,-0.0005164245932539536,2.160432287962154,-0.006080297754644519,-2.4169700038122326e-06,0.04791626058155117
11.897876739501953,4.484278894156219e-05,0.275024640692532,0.00030765141761766754,5.313086245517834e-06,0.003192238761822647,1.940622435145871e-05,0.0050683170916277324,-0.0005164915734622268,2.1613704854022484,-0.006070597266604575,-2.4101000091114127e-06,0.04792072266460851
11.908265113830566,4.484278894156219e-05,0.275024640692532,0.00030765141761766754,5.259955383062656e-06,0.0031603163742044207,1.9212162107944122e-05,0.0050683170916277324,-0.0005164915734622268,2.1613704854022484,-0.006009891293938529,-2.3859990090202985e-06,0.04744151543796243
11.919520616531372,4.4912034157694285e-05,0.2751085897381162,0.00030813423205827315,5.315472227900564e-06,0.00320329810749003,1.943791406933077e-05,0.005228834998423326,-0.0005165581572942276,2.162305091722968,-0.006038109565618234,-2.392014257673162e-06,0.04780497137202061
11.926162481307983,4.4912034157694285e-05,0.2751085897381162,0.00030813423205827315,5.2623175056215586e-06,0.00317126512641513,1.924353492863746e-05,0.005228834998423326,-0.0005165581572942276,2.162305091722968,-0.005977728469962052,-2.3680941150964306e-06,0.0473269216583004
11.935733318328857,4.4981150124381956e-05,0.2751925786886277,0.00030861671799682584,5.336654459774157e-06,0.003227307554177213,1.9542207115451177e-05,0.005389064260315664,-0.0005166243473180667,2.163236122032851,-0.006021171733222055,-2.3793036586098156e-06,0.04783531975623527
11.941063165664673,4.4981150124381956e-05,0.2751925786886277,0.00030861671799682584,5.283287915176415e-06,0.0031950344786354406,1.9346785044296664e-05,0.005389064260315664,-0.0005166243473180667,2.163236122032851,-0.005960960015889834,-2.3555106220237173e-06,0.047356966558672914
11.96462869644165,4.505013729563791e-05,0.2752766072279422,0.0003090988757141121,5.2819425299514245e-06,0.003198741529178116,1.93526441400531e-05,0.005549004596371388,-0.0005166901460822546,2.164163591369619,-0.005943012868053994,-2.346027829161112e-06,0.04728059738706621
11.968023777008057,4.505013729563791e-05,0.2752766072279422,0.0003090988757141121,5.22912310465191e-06,0.0031667541138863347,1.9159117698652566e-05,0.005549004596371388,-0.0005166901460822546,2.164163591369619,-0.005883582739373454,-2.322567550869501e-06,0.04680779141319555
11.982290506362915,4.511899612414069e-05,0.275360675041957,0.00030958070549049946,5.261753275406362e-06,0.0031940123554584925,1.9296556561403704e-05,0.005708655733240265,-0.0005167555561158725,2.165087514700546,-0.005893138645835368,-2.3224257792550556e-06,0.046993349463481916
11.988953351974487,4.511899612414069e-05,0.275360675041957,0.00030958070549049946,5.2091357426522985e-06,0.0031620722319039077,1.9103590995789667e-05,0.005708655733240265,-0.0005167555561158725,2.165087514700546,-0.005834207259377014,-2.299201521462505e-06,0.0465234159688471
11.997421264648438,4.5187727059007115e-05,0.27544478181857696,0.00031006220760674343,5.299910321007249e-06,0.0032297756113213593,1.946654307563731e-05,0.005868017405093818,-0.0005168205799287476,2.1660079069228235,-0.0058903789411197454,-2.3148331658806146e-06,0.047155311453368966
12.00302004814148,4.5187727059007115e-05,0.27544478181857696,0.00031006220760674343,5.246911217797177e-06,0.003197477855208146,1.9271877644880936e-05,0.005868017405093818,-0.0005168205799287476,2.1660079069228235,-0.005831475151708548,-2.2916848342218086e-06,0.04668375833883528
12.021185636520386,4.5256330549244946e-05,0.2755289272477042,0.00031054338234281906,5.2609418484887355e-06,0.0032118244138653424,1.933723272547488e-05,0.006027089353564344,-0.0005168852200116209,2.166924782863926,-0.005826211030540619,-2.286648565288948e-06,0.04672643861236446
12.024916172027588,4.5256330549244946e-05,0.2755289272477042,0.00031054338234281906,5.208332430003848e-06,0.003179706169726689,1.914386039822013e-05,0.006027089353564344,-0.0005168852200116209,2.166924782863926,-0.005767948920235213,-2.2637820796360588e-06,0.04625917422624082
12.042647123336792,4.532480704074574e-05,0.27561311102122515,0.00031102422997922893,5.224279448093864e-06,0.003195387541310796,1.9216649419098762e-05,0.006185871327684325,-0.000516949478836319,2.167838157281973,-0.005764284381326354,-2.259337305600471e-06,0.0463166407429918
12.047342538833618,4.532480704074574e-05,0.27561311102122515,0.00031102422997922893,5.172036653612925e-06,0.0031634336658976883,1.9024482924907775e-05,0.006185871327684325,-0.000516949478836319,2.167838157281973,-0.005706641537513091,-2.2367439325444667e-06,0.04585347433556188
12.055107355117798,4.539315697706453e-05,0.2756973328329983,0.0003115047507958062,5.27543694871396e-06,0.0032402652787676036,1.943720831710597e-05,0.006344363083826232,-0.0005170133588559186,2.168748044866088,-0.005772155467354645,-2.2556354130042187e-06,0.04657805907039372
12.076325416564941,4.546138080086756e-05,0.2757815923788423,0.00031198494507243845,5.2793667962210375e-06,0.003247573865100307,1.9463351241965163e-05,0.006502564385642707,-0.0005170768625049145,2.1696544602367585,-0.005759015172361733,-2.2480745276662098e-06,0.046543629109868374
12.082148551940918,4.546138080086756e-05,0.2757815923788423,0.00031198494507243845,5.226573128258827e-06,0.003215098126449304,1.926871772954551e-05,0.006502564385642707,-0.0005170768625049145,2.1696544602367585,-0.005701425020638115,-2.2255937823895475e-06,0.04607819281876969
12.098863363265991,4.552947895215043e-05,0.2758658893565243,0.0003124648130888451,5.246158638156918e-06,0.0032333796516423206,1.9355773532899308e-05,0.006660475004007131,-0.0005171399921993829,2.17055741794619,-0.005700653006654764,-2.22224325576445e-06,0.046162932057587695
12.106383800506592,4.552947895215043e-05,0.2758658893565243,0.0003124648130888451,5.193697051775349e-06,0.003201045855125897,1.9162215797570315e-05,0.006660475004007131,-0.0005171399921993829,2.17055741794619,-0.005643646476588216,-2.2000208232068056e-06,0.04570130273701182
12.123335123062134,4.559745186935178e-05,0.27595022346574744,0.00031294435512468883,5.212505926625145e-06,0.003218786154525651,1.924625375004512e-05,0.006818094716954583,-0.0005172027503371432,2.1714569324786623,-0.005642324591316753,-2.196535073577446e-06,0.045780193756623476
12.128421545028687,4.559745186935178e-05,0.27595022346574744,0.00031294435512468883,5.160380867358894e-06,0.0031865982929803944,1.905379121254467e-05,0.006818094716954583,-0.0005172027503371432,2.1714569324786623,-0.005585901345403586,-2.1745697228416716e-06,0.04532239181905724
12.140432119369507,4.56652999884623e-05,0.27603459440814,0.00031342357145918576,5.208480557666923e-06,0.0032249795316298562,1.925205718085642e-05,0.006975423309623159,-0.0005172651392979207,2.1723530182508792,-0.005607348179268248,-2.1787767507220595e-06,0.0456227055932794
12.159173011779785,4.5733023743915685e-05,0.2761190018872427,0.00031390246237166224,5.220200709925048e-06,0.003237768938585613,1.9308549005484515e-05,0.007132460574195694,-0.0005173271614435039,2.1732456896123202,-0.005600511732694237,-2.173508363422264e-06,0.045647602748985085
12.162875652313232,4.5733023743915685e-05,0.2761190018872427,0.00031390246237166224,5.167998702825797e-06,0.003205391249199757,1.911546351542967e-05,0.007132460574195694,-0.0005173271614435039,2.1732456896123202,-0.005544506615367295,-2.1517732797880414e-06,0.04519112672149524
12.17998480796814,4.5800623568477326e-05,0.2762034456084976,0.00031438102814116526,5.1861078006915945e-06,0.003222693206891587,1.919689236732269e-05,0.007289206309841835,-0.0005173888191179033,2.1741349608455875,-0.005542660912754919,-2.148227606433662e-06,0.04526426249611724
12.185040473937988,4.5800623568477326e-05,0.2762034456084976,0.00031438102814116526,5.1342467226846785e-06,0.0031904662748226714,1.9004923443649462e-05,0.007289206309841835,-0.0005173888191179033,2.1741349608455875,-0.0054872343036273695,-2.1267453303693252e-06,0.04481161987115606
12.208980321884155,4.5868099892576004e-05,0.2762879252792359,0.00031485926904660174,5.132708567663242e-06,0.0031938499214281433,1.900955523883019e-05,0.007445660322660507,-0.0005174501146475076,2.175020846166753,-0.005470431084138925,-2.118234995103297e-06,0.044737343276583116
12.214462041854858,4.5868099892576004e-05,0.2762879252792359,0.00031485926904660174,5.08138148198661e-06,0.003161911422213862,1.881945968644189e-05,0.007445660322660507,-0.0005174501146475076,2.175020846166753,-0.005415726773297536,-2.0970526451522638e-06,0.044289969843817285
12.224142789840698,4.593545314463807e-05,0.2763724406086678,0.0003153371853666549,5.153552777895188e-06,0.0032175947920856426,1.911238466343474e-05,0.0076018224256227335,-0.0005175110503412388,2.175903359725702,-0.005455129764414997,-2.107416253832948e-06,0.044768109678256326
12.228508710861206,4.593545314463807e-05,0.2763724406086678,0.0003153371853666549,5.102017250116236e-06,0.003185418844164786,1.892126081680039e-05,0.0076018224256227335,-0.0005175110503412388,2.175903359725702,-0.005400578466770847,-2.0863420912946185e-06,0.04432042858147376
12.246030569076538,4.600268375220113e-05,0.2764569913078691,0.0003158147773798958,5.118847924066933e-06,0.0032018190722505314,1.8997691415383417e-05,0.0077576924385148426,-0.0005175716284907044,2.176782515606474,-0.005397944654218993,-2.0826737524702495e-06,0.04438420111299129
12.250407934188843,4.600268375220113e-05,0.2764569913078691,0.0003158147773798958,5.067659444826264e-06,0.003169800881528026,1.8807714501229583e-05,0.0077576924385148426,-0.0005175716284907044,2.176782515606474,-0.005343965207676803,-2.061847014945547e-06,0.04394035910186137
12.265658378601074,4.606979213879554e-05,0.2765415770897711,0.0003162920453647553,5.094827320552463e-06,0.003193567346318283,1.89246468301979e-05,0.007913270187882024,-0.0005176318513703512,2.177658327827606,-0.0053491839239827865,-2.0608515186216067e-06,0.04408127535902019
12.272628545761108,4.606979213879554e-05,0.2765415770897711,0.0003162920453647553,5.043879047346938e-06,0.0031616316728551004,1.873540036189592e-05,0.007913270187882024,-0.0005176318513703512,2.177658327827606,-0.005295692084742959,-2.040243003435391e-06,0.04364046260542999
12.282607078552246,4.6136778727954e-05,0.27662619766914914,0.0003167689895993296,5.112241031258715e-06,0.0032148179883330647,1.9013896369529687e-05,0.008068555506972268,-0.0005176917212376115,2.1785308103424676,-0.005331829865074957,-2.049629075184749e-06,0.04408767786545799
12.288871049880981,4.6136778727954e-05,0.27662619766914914,0.0003167689895993296,5.061118620946127e-06,0.003182669808449734,1.882375740583439e-05,0.008068555506972268,-0.0005176917212376115,2.1785308103424676,-0.0052785115664242075,-2.0291327844329013e-06,0.04364680108680341
12.304290771484375,4.6203643940204264e-05,0.27671085276261054,0.00031724561036160253,5.087276450641372e-06,0.003205743646754117,1.89367880052069e-05,0.008223548235680648,-0.0005177512403330564,2.179399977039599,-0.005283025593649832,-2.0279889511678694e-06,0.04378002290499725
12.310675859451294,4.6203643940204264e-05,0.27671085276261054,0.00031724561036160253,5.036403686134958e-06,0.0031736862102865757,1.874742012515483e-05,0.008223548235680648,-0.0005177512403330564,2.179399977039599,-0.005230195337713333,-2.0077090616561905e-06,0.04334222267594728
12.354523658752441,4.633701191031139e-05,0.2768802653673104,0.00031819788258062023,5.039917637837379e-06,0.00318058586309431,1.8771629672878783e-05,0.008532655314435846,-0.0005178692350873483,2.1811284182126887,-0.005217837425095208,-2.0009515488060852e-06,0.04330724831056452
12.361831188201904,4.633701191031139e-05,0.2768802653673104,0.00031819788258062023,4.989518461459005e-06,0.003148780004463367,1.8583913376149994e-05,0.008532655314435846,-0.0005178692350873483,2.1811284182126887,-0.005165659050844255,-1.9809420333180243e-06,0.04287417582745887
12.396534442901611,4.640351550010242e-05,0.2769650223208263,0.00031867353459243857,4.973587918686126e-06,0.0031417155501426886,1.8531675532595583e-05,0.008686769377011936,-0.0005179277151443388,2.1819877201445794,-0.00513899283580955,-1.969470736650513e-06,0.04269575476731493
12.401325702667236,4.640351550010242e-05,0.2769650223208263,0.00031867353459243857,4.923852039499265e-06,0.0031102983946412616,1.8346358777269626e-05,0.008686769377011936,-0.0005179277151443388,2.1819877201445794,-0.005087602907451454,-1.9497760292840077e-06,0.04226879721964178
12.406150341033936,4.64698993789698e-05,0.27704981267295875,0.00031914886424215863,5.118570034128804e-06,0.0032549398932677203,1.9123253181517855e-05,0.008840590274155805,-0.000517985853226089,2.182843761171265,-0.005215369198196003,-1.9898537177395037e-06,0.04363996430981588
12.413147687911987,4.64698993789698e-05,0.27704981267295875,0.00031914886424215863,5.067384333787516e-06,0.0032223904943350433,1.8932020649702676e-05,0.008840590274155805,-0.000517985853226089,2.182843761171265,-0.005163215506214043,-1.9699551805621087e-06,0.043203564666717716
12.419414281845093,4.653616395687198e-05,0.27713463614931155,0.0003196238718066755,5.204264523851898e-06,0.0033255247799058333,1.9481596667135908e-05,0.008994117878174926,-0.0005180436514910352,2.1836965548621166,-0.0052482692450862714,-1.995817250589548e-06,0.04414749053520311
12.424791812896729,4.653616395687198e-05,0.27713463614931155,0.0003196238718066755,5.152221878613379e-06,0.003292269532106775,1.928678070046455e-05,0.008994117878174926,-0.0005180436514910352,2.1836965548621166,-0.005195786552635409,-1.9758590780836526e-06,0.043706015629851075
12.434146881103516,4.660230964466071e-05,0.27721949247725436,0.00032009855756307844,5.226156002357922e-06,0.003350053105572849,1.9588548233439084e-05,0.009147352067697137,-0.0005181011120816121,2.1845461147236533,-0.0052348230392473905,-1.986417576274313e-06,0.04418723982305424
12.440884351730347,4.660230964466071e-05,0.27721949247725436,0.00032009855756307844,5.173894442334342e-06,0.0033165525745171205,1.939266275110469e-05,0.009147352067697137,-0.0005181011120816121,2.1845461147236533,-0.0051824748088549165,-1.9665534005115697e-06,0.0437453674248237
12.446078777313232,4.6668336850517e-05,0.277304381385913,0.0003205729217879552,5.347779089128087e-06,0.003446810150097292,2.0088985523796117e-05,0.009300292727617404,-0.0005181582371243939,2.1853924541998677,-0.005293515906825894,-2.0011261251297193e-06,0.044955596087815256
12.459649085998535,4.6668336850517e-05,0.277304381385913,0.0003205729217879552,5.294301298236806e-06,0.003412342048596319,1.9888095668558155e-05,0.009300292727617404,-0.0005181582371243939,2.1853924541998677,-0.005240580747757635,-1.981114863878422e-06,0.0445060401269371
12.46573257446289,4.6734245979728316e-05,0.2773893026061574,0.00032104696475780973,5.433735057829681e-06,0.003517811603277001,2.0448864931320035e-05,0.009452939749044953,-0.0005182150287302313,2.186235586672545,-0.00532637907036679,-2.0073086548384276e-06,0.04546264970994575
12.47802448272705,4.6734245979728316e-05,0.2773893026061574,0.00032104696475780973,5.379397707251384e-06,0.003482633487244231,2.0244376282006836e-05,0.009452939749044953,-0.0005182150287302313,2.186235586672545,-0.005273115279663122,-1.987235568290043e-06,0.04500802321284629
12.488213539123535,4.6800037436470576e-05,0.27747425587059166,0.0003215206867488109,5.440301632563735e-06,0.0035311841269303453,2.0495194766808624e-05,0.009605293029250742,-0.000518271488994387,2.1870755254615846,-0.005302390181024516,-1.99464935538722e-06,0.04539172498085749
12.497621774673462,4.6800037436470576e-05,0.27747425587059166,0.0003215206867488109,5.385898616238098e-06,0.003495872285661042,2.0290242819140538e-05,0.009605293029250742,-0.000518271488994387,2.1870755254615846,-0.005249366279214271,-1.974702861833348e-06,0.04493780773104891
12.507546424865723,4.686571162347418e-05,0.27755924091354367,0.00032199408803698876,5.449626595208501e-06,0.0035465438333503805,2.055237522242187e-05,0.009757352471615266,-0.0005183276199966715,2.1879122838253164,-0.0052805428254369255,-1.9827840214204e-06,0.04534125453545815
12.516825437545776,4.686571162347418e-05,0.27755924091354367,0.00032199408803698876,5.395130329256416e-06,0.003511078395016877,2.034685147019765e-05,0.009757352471615266,-0.0005183276199966715,2.1879122838253164,-0.0052277373971825565,-1.962956181206196e-06,0.044887841990103566
12.527502059936523,4.693126894057588e-05,0.2776442574710539,0.00032246716889823335,5.4503296641082146e-06,0.0035555963171705744,2.0575383213562444e-05,0.009909117985576721,-0.000518383423801575,2.188745874960818,-0.005252756263355384,-1.969024383970184e-06,0.045228787608608434
12.54279351234436,4.699670978772614e-05,0.2777293052808651,0.00032293992960818384,5.471928709978e-06,0.003575658232979578,2.0671059309295352e-05,0.010060589486579488,-0.0005184389024584027,2.189576312004228,-0.005253863877290572,-1.967158528521889e-06,0.045325920688799155
12.551459312438965,4.699670978772614e-05,0.2777293052808651,0.00032293992960818384,5.41720942287822e-06,0.003539901650649782,2.0464348716202398e-05,0.010060589486579488,-0.0005184389024584027,2.189576312004228,-0.005201325238517666,-1.94748694323667e-06,0.044872661481911165
12.565658330917358,4.7062034559977e-05,0.2778143840824117,0.0003234123704421729,5.444879256819955e-06,0.003564421428391293,2.0584115070818642e-05,0.01021176689602297,-0.0005184940580014034,2.190403608031059,-0.005206716538833732,-1.94708179070819e-06,0.045013437742878144
12.583374977111816,4.7062034559977e-05,0.2778143840824117,0.0003234123704421729,5.390430464251756e-06,0.0035287772141073797,2.0378273920110454e-05,0.01021176689602297,-0.0005184940580014034,2.190403608031059,-0.005154649373445395,-1.927610972801108e-06,0.044563303365449364
12.587604522705078,4.7127243654053535e-05,0.2778994936168105,0.00032388449167539395,5.610891157440496e-06,0.0036947156437887128,2.1262859505109108e-05,0.010362650141210754,-0.0005185488924499006,2.191227776056509,-0.005294624219117468,-1.971934275071215e-06,0.04608937289942056
12.593117237091064,4.7127243654053535e-05,0.2778994936168105,0.00032388449167539395,5.554782245866091e-06,0.0036577684873508255,2.105023091005802e-05,0.010362650141210754,-0.0005185488924499006,2.191227776056509,-0.005241677976926293,-1.952214932320503e-06,0.04562847917042635
12.61357307434082,4.719233746267337e-05,0.27798463362684844,0.0003243562935828449,5.555883679301181e-06,0.0036628121813082164,2.1064618331854516e-05,0.010513239155300115,-0.0005186034078084208,2.192048829035769,-0.005228616191225368,-1.945756863019982e-06,0.04557836572109936
12.619695901870728,4.719233746267337e-05,0.27798463362684844,0.0003243562935828449,5.500324842508169e-06,0.0036261840594951343,2.085397214853597e-05,0.010513239155300115,-0.0005186034078084208,2.192048829035769,-0.005176330029313114,-1.926299294389782e-06,0.04512258206388837
12.637054443359375,4.725731637599474e-05,0.2780698038569742,0.0003248277764393014,5.511985092187566e-06,0.003638987536561035,2.09102769243295e-05,0.010663533877251843,-0.0005186576060668216,2.1928667798643318,-0.005170657091042683,-1.9223308679950274e-06,0.04514823205524654
12.641548871994019,4.725731637599474e-05,0.2780698038569742,0.0003248277764393014,5.45686524126569e-06,0.0036025976611954247,2.0701174155086206e-05,0.010663533877251843,-0.0005186576060668216,2.1928667798643318,-0.005118950520132256,-1.9031075593150772e-06,0.04469674973469408
12.650192737579346,4.7322180784846395e-05,0.27815500405328686,0.0003252989405192319,5.535981995834787e-06,0.0036651389292547583,2.102567493871635e-05,0.010813534251780409,-0.000518711489200414,2.193681641378296,-0.00515974698591134,-1.9145906663479112e-06,0.04520390239787454
12.668113946914673,4.738693107716354e-05,0.2782402339635262,0.00032576978609710544,5.545011842923421e-06,0.0036760456671673346,2.107161371408777e-05,0.010963240229304446,-0.0005187650591700934,2.1944934263546716,-0.005152242404594461,-1.910066760195647e-06,0.04521036077316164
12.674222946166992,4.738693107716354e-05,0.2782402339635262,0.00032576978609710544,5.4895617244941865e-06,0.003639285210495661,2.0860897576946894e-05,0.010963240229304446,-0.0005187650591700934,2.1944934263546716,-0.005100719980548516,-1.8909660925936907e-06,0.04475825716543002
12.690106630325317,4.7451567638544604e-05,0.2783254933370625,0.0003262403134468059,5.5072139558168255e-06,0.0036565696902759017,2.0941160286232595e-05,0.011112651765897574,-0.0005188183179224585,2.19530214751168,-0.005099154195910324,-1.8884469331301664e-06,0.044826077209734035
12.693289041519165,4.7451567638544604e-05,0.2783254933370625,0.0003262403134468059,5.4521418162586575e-06,0.0036200039933731425,2.073174868337027e-05,0.011112651765897574,-0.0005188183179224585,2.19530214751168,-0.005048162653951221,-1.8695624637988647e-06,0.04437781643763669
12.707618951797485,4.7516090853476534e-05,0.2784107819248866,0.00032671052284230067,5.477922220417119e-06,0.0036433218368285523,2.084441657474805e-05,0.011261768823239532,-0.0005188712673899362,2.1961078175090565,-0.005052144452305833,-1.8689167223740314e-06,0.04450321694846986
12.723510026931763,4.7516090853476534e-05,0.2784107819248866,0.00032671052284230067,5.423142998212948e-06,0.003606888618460267,2.063597240900057e-05,0.011261768823239532,-0.0005188712673899362,2.1961078175090565,-0.005001623007782775,-1.8502275551502912e-06,0.04405818477898516
12.72908639907837,4.758050110477784e-05,0.2784960994795999,0.000327180414557279,5.574979786411512e-06,0.0037238180572260983,2.1251361837659475e-05,0.011410591368567643,-0.0005189239094909017,2.1969104489483477,-0.005090699038143081,-1.8778087846338167e-06,0.045074856509667
12.733257055282593,4.758050110477784e-05,0.2784960994795999,0.000327180414557279,5.519229988547396e-06,0.0036865798766538374,2.103884821928288e-05,0.011410591368567643,-0.0005189239094909017,2.1969104489483477,-0.00503979204776165,-1.8590306967874786e-06,0.04462410794457033
12.74697470664978,4.764479877237339e-05,0.2785814457554044,0.00032764998886501223,5.547689951082932e-06,0.0037119304723498454,2.116229229087403e-05,0.011559119374628593,-0.0005189762461297998,2.1977100543732098,-0.005045587003218627,-1.8590527681256e-06,0.04476807129245385
12.751066446304321,4.764479877237339e-05,0.2785814457554044,0.00032764998886501223,5.492213051572103e-06,0.003674811167626347,2.095066936796529e-05,0.011559119374628593,-0.0005189762461297998,2.1977100543732098,-0.00499513113318644,-1.840462240444344e-06,0.044320390579529315
12.772034406661987,4.7708984235522e-05,0.2786668205080927,0.00032811924603874394,5.491941749322303e-06,0.003678779823950136,2.0959420444024157e-05,0.01170735281963054,-0.000519028279197262,2.198506646269702,-0.004981714993517461,-1.8341556523720412e-06,0.044261886452632265
12.776325464248657,4.7708984235522e-05,0.2786668205080927,0.00032811924603874394,5.4370223318290805e-06,0.0036419920257106347,2.0749826239583917e-05,0.01170735281963054,-0.000519028279197262,2.198506646269702,-0.004931897843582287,-1.815814095848321e-06,0.04381926758810594
12.790455102920532,4.777305787192548e-05,0.2787522234950388,0.0003285881863513838,5.463639638873994e-06,0.003666014551268725,2.086600533507283e-05,0.011855291687195516,-0.0005190800105702267,2.1993002370665824,-0.004936460729383618,-1.8154934674142467e-06,0.043949853869760094
12.806455373764038,4.783702005683748e-05,0.2788376544751879,0.0003290568100755353,5.480423093962081e-06,0.003682747867661632,2.0942994829880445e-05,0.012002935966312179,-0.0005191314421120544,2.200090839135599,-0.004934384310596127,-1.8129893612870513e-06,0.04401078638180488
12.812004089355469,4.783702005683748e-05,0.2788376544751879,0.0003290568100755353,5.4256188630224605e-06,0.0036459203889850156,2.073356488158164e-05,0.012002935966312179,-0.0005191314421120544,2.200090839135599,-0.004885040467490166,-1.7948594676741808e-06,0.043570678517986836
12.824337482452393,4.790087116406592e-05,0.27892311320904667,0.00032952511748388547,5.463888198799702e-06,0.0036787517186946885,2.089656514127251e-05,0.012150285651288844,-0.0005191825756726445,2.200878464791781,-0.004897158321716809,-1.797084611222301e-06,0.043781796390175716
12.84933352470398,4.796461156530478e-05,0.2790085994586739,0.0003299931088484812,5.454839518526516e-06,0.0036761641175495664,2.087020954731801e-05,0.012297340741706849,-0.0005192334130885484,2.201663126293726,-0.004878083316691123,-1.7890040078368018e-06,0.04366195563962167
12.855576515197754,4.796461156530478e-05,0.2790085994586739,0.0003299931088484812,5.400291123341251e-06,0.0036394024763740707,2.066150745184483e-05,0.012297340741706849,-0.0005192334130885484,2.201663126293726,-0.004829302483524212,-1.7711139677584338e-06,0.04322533608322545
12.884017705917358,4.809176172980656e-05,0.27917965356117147,0.0003309281445342923,5.42625775969127e-06,0.003663151542728289,2.0775559583376547e-05,0.012590567163279633,-0.000519334206766447,2.2032236055888688,-0.004833097166605501,-1.7706053337730523e-06,0.04334891878678516
12.892124891281128,4.809176172980656e-05,0.27917965356117147,0.0003309281445342923,5.371995182094357e-06,0.003626520027301006,2.0567803987542782e-05,0.012590567163279633,-0.000519334206766447,2.2032236055888688,-0.004784766194939446,-1.7528992804353217e-06,0.0429154295989173
12.907210111618042,4.8155172228783246e-05,0.2792652209458338,0.00033139518939868354,5.393505339235769e-06,0.003646977491820466,2.066411907622039e-05,0.01273673851954673,-0.000519384166635824,2.2039994476196876,-0.004785543604930083,-1.7514465080888737e-06,0.043007365863725826
12.91283369064331,4.8155172228783246e-05,0.2792652209458338,0.00033139518939868354,5.339570285843411e-06,0.0036105077169022613,2.0457477885458186e-05,0.01273673851954673,-0.000519384166635824,2.2039994476196876,-0.004737688168880782,-1.7339320430079849e-06,0.04257729220508857
12.943990707397461,4.8281665885956645e-05,0.2794364352228348,0.00033232833452663996,5.358872274222463e-06,0.0036293547194852236,2.0545048697907225e-05,0.01302819762406302,-0.0005194832213569721,2.2055423966267655,-0.004736982392540298,-1.7319978130332885e-06,0.04265332859111812
12.953704595565796,4.8281665885956645e-05,0.2794364352228348,0.00033232833452663996,5.305283551480238e-06,0.0035930611722903715,2.0339598210928153e-05,0.01302819762406302,-0.0005194832213569721,2.2055423966267655,-0.004689612568614895,-1.7146778349029557e-06,0.042226795305206934
12.962895154953003,4.8344749768630973e-05,0.27952208165602255,0.0003327944353320745,5.375203483110048e-06,0.0036503201419001556,2.0630922565223405e-05,0.013173485427826977,-0.000519532319739051,2.2063095275097395,-0.004721057471974924,-1.7234188730972526e-06,0.04265043985663366
12.968737602233887,4.8344749768630973e-05,0.27952208165602255,0.0003327944353320745,5.321451448278947e-06,0.003613816940481154,2.042461333957117e-05,0.013173485427826977,-0.000519532319739051,2.2063095275097395,-0.004673846897255175,-1.7061846843662801e-06,0.042223935458067324
12.984276056289673,4.840772550223786e-05,0.2796077539820507,0.00033326022199257725,5.340872133340736e-06,0.003632814456180905,2.0512790262780226e-05,0.013318478777892818,-0.0005195811344679737,2.2070737784925396,-0.004673158453481659,-1.7043378844289387e-06,0.04230019191151893
12.988548278808594,4.840772550223786e-05,0.2796077539820507,0.00033326022199257725,5.287463412007329e-06,0.003596486311619096,2.0307662360152424e-05,0.013318478777892818,-0.0005195811344679737,2.2070737784925396,-0.004626426868946842,-1.6872945055846492e-06,0.04187718999240374
13.011663913726807,4.847059344478916e-05,0.2796934519750547,0.00033372569477819303,5.283347680958676e-06,0.003597595056151738,2.030102637151932e-05,0.013463177714383706,-0.0005196296672775076,2.2078351613925284,-0.004610926283471201,-1.6805846068913403e-06,0.041792279300822154
13.016618967056274,4.847059344478916e-05,0.2796934519750547,0.00033372569477819303,5.230514204149089e-06,0.003561619105590221,2.0098016107804126e-05,0.013463177714383706,-0.0005196296672775076,2.2078351613925284,-0.004564817020636489,-1.663778760822427e-06,0.04137435650781393
13.044297218322754,4.859600738098661e-05,0.2798649240658637,0.0003346556998050554,5.2594846224102965e-06,0.003587954841709502,2.0224833098795467e-05,0.013751692531424477,-0.0005197258940117599,2.2093493699442828,-0.004570101996555554,-1.663941160822482e-06,0.04151519643283182
13.05779504776001,4.859600738098661e-05,0.2798649240658637,0.0003346556998050554,5.206889776186193e-06,0.003552075293292407,2.0022584767807513e-05,0.013751692531424477,-0.0005197258940117599,2.2093493699442828,-0.004524400976589999,-1.6473017492142572e-06,0.0411000444685035
13.06221055984497,4.865855408409593e-05,0.2799506977192437,0.0003351202325855859,5.409033821418925e-06,0.0037108098309195925,2.084874188060203e-05,0.0138955085163813,-0.0005197735913426045,2.2101022189623536,-0.004637239032047198,-1.6830351411463854e-06,0.04241767125959506
13.067492008209229,4.865855408409593e-05,0.2799506977192437,0.0003351202325855859,5.354943483204735e-06,0.0036737017326103965,2.064025446179601e-05,0.0138955085163813,-0.0005197735913426045,2.2101022189623536,-0.0045908666417267254,-1.6662047897349215e-06,0.041993494546999105
13.088299036026001,4.872099441217997e-05,0.28003649615073134,0.00033558445256971385,5.355267713111286e-06,0.003678200031139593,2.0651521777311627e-05,0.014039030296490684,-0.0005198210135665197,2.2108522466307647,-0.004578297558730436,-1.6605521247004236e-06,0.04193905086706386
13.097262382507324,4.872099441217997e-05,0.28003649615073134,0.00033558445256971385,5.301715035980173e-06,0.003641418030828197,2.044500655953851e-05,0.014039030296490684,-0.0005198210135665197,2.2108522466307647,-0.0045325145831431315,-1.6439466034534193e-06,0.04151966035839322
13.104382276535034,4.8783328716690034e-05,0.2801223191417123,0.0003360483600266508,5.405922892537098e-06,0.003725543560177064,2.0876257174315296e-05,0.014182257935777284,-0.0005198681623564805,2.211599464500085,-0.004584017945547165,-1.6594793331768783e-06,0.042168652538880025
13.109218120574951,4.8783328716690034e-05,0.2801223191417123,0.0003360483600266508,5.351863663611728e-06,0.0036882881245752933,2.0667494602572142e-05,0.014182257935777284,-0.0005198681623564805,2.211599464500085,-0.0045381777660916936,-1.6428845398451094e-06,0.041746966013491225
13.129891395568848,4.884555734573812e-05,0.28020816647499525,0.0003365119552249687,5.352419861663716e-06,0.0036929309997510863,2.067961335489464e-05,0.014325191502917507,-0.0005199150393736088,2.2123438840683316,-0.0045259376332926335,-1.6373981432316723e-06,0.041694660908605866
13.135159492492676,4.884555734573812e-05,0.28020816647499525,0.0003365119552249687,5.298895663047079e-06,0.0036560016897535753,2.0472817221345696e-05,0.014325191502917507,-0.0005199150393736088,2.2123438840683316,-0.004480678256959707,-1.6210241617993557e-06,0.041277714299519805
13.14138126373291,4.890768064576762e-05,0.28029403793480323,0.0003369752384332398,5.425338961327541e-06,0.0037574593874021623,2.0994609698696003e-05,0.014467831071197335,-0.0005199616462672711,2.2130855167812356,-0.004545311424978937,-1.6409459539935582e-06,0.04207383633388373
13.162435293197632,4.896969896255583e-05,0.28037993330676525,0.00033743820991961947,5.424038519631081e-06,0.0037606823885874096,2.099922160126077e-05,0.014610176718470421,-0.000520007984675178,2.2138243740325074,-0.00453199945278699,-1.6351475523875603e-06,0.04200903703116336
13.168187141418457,4.896969896255583e-05,0.28037993330676525,0.00033743820991961947,5.36979813443477e-06,0.0037230755647015357,2.0789229385248162e-05,0.014610176718470421,-0.000520007984675178,2.2138243740325074,-0.00448667945825912,-1.6187960768636846e-06,0.04158894666085173
13.187374591827393,4.903161263954318e-05,0.2804658523779071,0.0003379008699520131,5.374125754563124e-06,0.0037306235963284365,2.0816614717248362e-05,0.014752228527116485,-0.0005200540562234807,2.2145604671640986,-0.004476862490835291,-1.6141790634954411e-06,0.041562192729473986
13.19296383857727,4.903161263954318e-05,0.2804658523779071,0.0003379008699520131,5.320384497017493e-06,0.003693317360365152,2.060844857007588e-05,0.014752228527116485,-0.0005200540562234807,2.2145604671640986,-0.004432093865926938,-1.5980372728604867e-06,0.04114657080217925
13.212533473968506,4.9093422017944576e-05,0.28055179493664295,0.0003383632187980762,5.3239961047901475e-06,0.0037003004692507434,2.063289711144142e-05,0.014893986583999977,-0.0005200998625268676,2.215293807466463,-0.004421925785427523,-1.5933314843781205e-06,0.04111524480755083
13.225736856460571,4.9155127439756806e-05,0.28063776077276714,0.0003388252567253254,5.354852470186957e-06,0.0037284064175388226,2.076803510650538e-05,0.015035450980429027,-0.0005201454051886607,2.216024406178817,-0.004428013854220483,-1.59400550427486e-06,0.04126546225088425
13.231226921081543,4.9155127439756806e-05,0.28063776077276714,0.0003388252567253254,5.301303945485087e-06,0.0036911223533634342,2.056035475544033e-05,0.015035450980429027,-0.0005201454051886607,2.216024406178817,-0.004383733715678279,-1.5780654492321115e-06,0.040852807628375405
13.247347593307495,4.921672924185511e-05,0.28072374967744446,0.0003392869840007772,5.317075761348533e-06,0.003707551901434313,2.0634242828957818e-05,0.015176621812114668,-0.0005201906858009089,2.2167522744893975,-0.004380845064444159,-1.5758026768122123e-06,0.04090237928996695
13.252330541610718,4.921672924185511e-05,0.28072374967744446,0.0003392869840007772,5.263905003735048e-06,0.0036704763824199696,2.042790040066824e-05,0.015176621812114668,-0.0005201906858009089,2.2167522744893975,-0.0043370366137997175,-1.56004465004409e-06,0.04049335549706728
13.268998384475708,4.927822776278771e-05,0.2808097614432033,0.0003397484008914765,5.277703113355426e-06,0.0036853750392076444,2.049376246235287e-05,0.015317499179130343,-0.0005202357059444824,2.2174774235357204,-0.004333025823641906,-1.5574376342277727e-06,0.04052986347368998
13.27811050415039,4.927822776278771e-05,0.2808097614432033,0.0003397484008914765,5.224926082221872e-06,0.003648521288815568,2.028882483772934e-05,0.015317499179130343,-0.0005202357059444824,2.2174774235357204,-0.004289695565405487,-1.541863257885495e-06,0.04012456483895308
13.311575889587402,4.940091629931989e-05,0.2809818527348403,0.000340670304584462,5.238723033073974e-06,0.003663459748196641,2.035476882363661e-05,0.01559837394101648,-0.0005203249710937492,2.2189196081335734,-0.004285661657310507,-1.539256995156858e-06,0.04016064081927993
13.320675134658813,4.940091629931989e-05,0.2809818527348403,0.000340670304584462,5.186335802743235e-06,0.0036268251507146744,2.015122113540024e-05,0.01559837394101648,-0.0005203249710937492,2.2189196081335734,-0.004242805040737402,-1.5238644252052894e-06,0.039759034411087135
13.328533411026001,4.946210698255897e-05,0.28106793185251266,0.00034113079191905977,5.274821961635015e-06,0.003700096343322562,2.0521578594644563e-05,0.01573837155748518,-0.0005203692192061206,2.2196366657088156,-0.004282322035147022,-1.5356802341912597e-06,0.040287541376500535
13.33335828781128,4.946210698255897e-05,0.28106793185251266,0.00034113079191905977,5.2220737420186646e-06,0.0036630953798893365,2.0316362808698117e-05,0.01573837155748518,-0.0005203692192061206,2.2196366657088156,-0.004239498814795552,-1.520323431849347e-06,0.03988466596273553
13.347183227539062,4.952319571679247e-05,0.2811540330148381,0.00034159096993363966,5.2495225485159e-06,0.003688744022846248,2.0438046500543697e-05,0.01587807615240129,-0.000520413213063355,2.2203510480677284,-0.004243394501947098,-1.5204040639725566e-06,0.04001030320527611
13.37236499786377,4.9584182831445775e-05,0.28124015602103297,0.00034205083889374694,5.240707801807952e-06,0.003686057121298475,2.0411893436987087e-05,0.016017487847052325,-0.0005204569541918053,2.221062766098021,-0.004226217296828315,-1.513539626088232e-06,0.039897093971354734
13.382282972335815,4.9584182831445775e-05,0.28124015602103297,0.00034205083889374694,5.188300723789873e-06,0.0036491965500854906,2.0207774502617217e-05,0.016017487847052325,-0.0005204569541918053,2.221062766098021,-0.004183955123860032,-1.4984042298273497e-06,0.039498123031641186
13.39166259765625,4.964506865460974e-05,0.28132630067162595,0.00034251039906456544,5.253531211383083e-06,0.0037045469049883785,2.048387902744044e-05,0.01615660676685091,-0.0005205004441071885,2.221771830638192,-0.004209503929550051,-1.5056730551926869e-06,0.03987056417447907
13.397680044174194,4.964506865460974e-05,0.28132630067162595,0.00034251039906456544,5.200995899269252e-06,0.0036675014359384946,2.0279040237166037e-05,0.01615660676685091,-0.0005205004441071885,2.221771830638192,-0.004167408890254551,-1.49061632464076e-06,0.03947185853273428
13.409525632858276,4.970585351170415e-05,0.28141246676845144,0.00034296965071102997,5.241595382993943e-06,0.0037035675101966766,2.0454640630833078e-05,0.016295433041296173,-0.0005205436843146759,2.222478252477779,-0.004178764668277193,-1.4932231143015841e-06,0.03968258724370979
13.41534948348999,4.970585351170415e-05,0.28141246676845144,0.00034296965071102997,5.189179429164003e-06,0.0036665318350947097,2.0250094224524746e-05,0.016295433041296173,-0.0005205436843146759,2.222478252477779,-0.004136977021594421,-1.4782908831585683e-06,0.03928576137127269
13.428689241409302,4.9766537728596437e-05,0.28149865411463976,0.0003434285940980197,5.219414296369758e-06,0.0036944758983354664,2.0383383116830352e-05,0.01643396680393539,-0.0005205866763089778,2.223182042357601,-0.0041424061989021555,-1.4789646936868608e-06,0.039428575339434856
13.43448543548584,4.9766537728596437e-05,0.28149865411463976,0.0003434285940980197,5.167220153406061e-06,0.0036575311393521118,2.0179549285662047e-05,0.01643396680393539,-0.0005205866763089778,2.223182042357601,-0.004100982136913134,-1.4641750467499922e-06,0.03903428958604051
13.450831651687622,4.982712162781457e-05,0.28158486251461,0.00034388722948985845,5.1824802561034374e-06,0.003673694886151346,2.0251606199312427e-05,0.01657220819232591,-0.0005206294215744318,2.2238832109700057,-0.004097927723677564,-1.4620705366121058e-06,0.03907950208279327
13.45726990699768,4.982712162781457e-05,0.28158486251461,0.00034388722948985845,5.130655453542403e-06,0.0036369579372898322,2.00490901373193e-05,0.01657220819232591,-0.0005206294215744318,2.2238832109700057,-0.004056948446440788,-1.4474498312459846e-06,0.03868870706196533
13.46563982963562,4.988760553066339e-05,0.2816710917740621,0.0003443455571506758,5.209891772432371e-06,0.003703611131189847,2.0383078291900633e-05,0.0167101573479973,-0.0005206719215850869,2.2245817689591116,-0.00409004653327429,-1.4573117327955268e-06,0.039149347460503144
13.470512866973877,4.988760553066339e-05,0.2816710917740621,0.0003443455571506758,5.157792854708047e-06,0.0036665750198779487,2.0179247508981627e-05,0.0167101573479973,-0.0005206719215850869,2.2245817689591116,-0.004049146067941547,-1.4427386154675715e-06,0.038757853985898115
13.48671579360962,4.994798975733597e-05,0.2817573416999684,0.00034480357734446317,5.173559628900308e-06,0.0036831403510818174,2.025337112749536e-05,0.016847814416413805,-0.000520714177804788,2.225277726921049,-0.00404647371198231,-1.4408065542106659e-06,0.038806486701794526
13.505008220672607,4.994798975733597e-05,0.2817573416999684,0.00034480357734446317,5.121824032611305e-06,0.003646308947570999,2.005083741622041e-05,0.016847814416413805,-0.000520714177804788,2.225277726921049,-0.004006008974862487,-1.4263984886685591e-06,0.03841842183477658
13.514281749725342,5.0008274626356716e-05,0.2818436121005662,0.000345261290334628,5.188115800625123e-06,0.0037028745258920765,2.0332103588981723e-05,0.016985179546937023,-0.000520756191687259,2.225971095404202,-0.004031618823368701,-1.4338347103507318e-06,0.03879362069425055
13.519708395004272,5.0008274626356716e-05,0.2818436121005662,0.000345261290334628,5.136234642618872e-06,0.003665845780633156,2.0128782553091905e-05,0.016985179546937023,-0.000520756191687259,2.225971095404202,-0.003991302635135014,-1.4194963632472245e-06,0.038405684487308044
13.540849924087524,5.0068460455026866e-05,0.2819299027853494,0.00034571869638463465,5.136348579187241e-06,0.0036700030505792364,2.01386835418186e-05,0.017122252892788847,-0.0005207979646761876,2.2266618849094457,-0.0039800170286745954,-1.414762573604136e-06,0.03835351116182412
13.545738458633423,5.0068460455026866e-05,0.2819299027853494,0.00034571869638463465,5.084985093395369e-06,0.003633303020073444,1.993729670640041e-05,0.017122252892788847,-0.0005207979646761876,2.2266618849094457,-0.003940216858387849,-1.4006149478680945e-06,0.037969976050205884
13.572696447372437,5.0188536250617304e-05,0.2821025442516864,0.0003466325887160859,5.114714471206367e-06,0.0036610109231509317,2.0068847169499863e-05,0.017395524862446835,-0.0005208807936984714,2.228035768753598,-0.0039453231109856535,-1.4013018833574271e-06,0.03810798909662676
13.582966089248657,5.0188536250617304e-05,0.2821025442516864,0.0003466325887160859,5.063567326494303e-06,0.003624400813919422,1.9868158697804864e-05,0.017395524862446835,-0.0005208807936984714,2.228035768753598,-0.003905869879875797,-1.387288864523853e-06,0.03772690920566049
13.589158535003662,5.02484268450218e-05,0.2821888946584431,0.0003470890755227099,5.187979400269115e-06,0.0037276015662208776,2.0389092625926434e-05,0.01753172381166833,-0.0005209218525697503,2.228718883858853,-0.003962746253000699,-1.4051382600536161e-06,0.038470396741353566
13.596952676773071,5.02484268450218e-05,0.2821888946584431,0.0003470890755227099,5.1360996062664235e-06,0.003690325550558669,2.018520169966717e-05,0.01753172381166833,-0.0005209218525697503,2.228718883858853,-0.003923118790470692,-1.3910868774530799e-06,0.03808569277394003
13.605344295501709,5.030821965170488e-05,0.2822752645997752,0.00034754525643972936,5.213741491337499e-06,0.003756346353981476,2.0514033098976438e-05,0.017667631626976738,-0.0005209626762234945,2.229399461519362,-0.003954243567686978,-1.400444694322514e-06,0.03852887139261594
13.613200426101685,5.030821965170488e-05,0.2822752645997752,0.00034754525643972936,5.161604076424124e-06,0.0037187828904416613,2.0308892767986673e-05,0.017667631626976738,-0.0005209626762234945,2.229399461519362,-0.003914701132010108,-1.3864402473792888e-06,0.03814358267868978
13.623644590377808,5.036791498073805e-05,0.28236165389134543,0.0003480011317289152,5.213501908107156e-06,0.003764310436362825,2.0531918155450212e-05,0.017803248480348456,-0.0005210032660544219,2.230077512002004,-0.003931733902840859,-1.3911598540059773e-06,0.038421831935544416
13.629304647445679,5.036791498073805e-05,0.28236165389134543,0.0003480011317289152,5.161366889026085e-06,0.0037266673319991967,2.032659897389571e-05,0.017803248480348456,-0.0005210032660544219,2.230077512002004,-0.0038924165638124504,-1.3772482554659174e-06,0.03803761361618897
13.651198625564575,5.042751314030129e-05,0.28244806235002723,0.00034845670165192794,5.15906780053353e-06,0.0037288674302814314,2.0326472178719452e-05,0.01793857454740312,-0.0005210436234476944,2.2307530455275564,-0.0038801263841453247,-1.3722880570852394e-06,0.03797078606973651
13.65641736984253,5.042751314030129e-05,0.28244806235002723,0.00034845670165192794,5.107477122528195e-06,0.003691578755978617,2.012320745693226e-05,0.01793857454740312,-0.0005210436234476944,2.2307530455275564,-0.0038413251203038715,-1.3585651765143871e-06,0.03759107820903914
13.685985088348389,5.0546419176062486e-05,0.28262093604222654,0.0003493669264447184,5.1292902333399116e-06,0.0037131300096132987,2.0222519715790956e-05,0.018208355043044463,-0.0005211236464146124,2.2320966023613837,-0.0038420101804956873,-1.3579023769246835e-06,0.03767698515656275
13.691111326217651,5.0546419176062486e-05,0.28262093604222654,0.0003493669264447184,5.077997331006512e-06,0.0036759987095171657,2.0020294518633045e-05,0.018208355043044463,-0.0005211236464146124,2.2320966023613837,-0.0038035900786907305,-1.3443233531554366e-06,0.03730021530499712
13.70503544807434,5.0605727661390494e-05,0.28270740091547714,0.0003498215818363193,5.104453317049182e-06,0.003701335908029535,2.013888292001331e-05,0.01834280984077009,-0.0005211633147114999,2.2327646458827792,-0.0038066610553172437,-1.3444905800254696e-06,0.03741487889659511
13.709848642349243,5.0605727661390494e-05,0.28270740091547714,0.0003498215818363193,5.05340878387869e-06,0.0036643225489492396,1.9937494090813178e-05,0.01834280984077009,-0.0005211633147114999,2.2327646458827792,-0.003768594444764071,-1.3310456742252148e-06,0.037040730107629156
13.726882219314575,5.0664940195508634e-05,0.2827938842352898,0.00035027593290544955,5.065928595439168e-06,0.0036784515861892054,1.9998546855274484e-05,0.01847697459038716,-0.0005212027560173684,2.233430212873779,-0.0037643036697004987,-1.3287951625335326e-06,0.037067519283614445
13.7323739528656,5.0664940195508634e-05,0.2827938842352898,0.00035027593290544955,5.015269309484776e-06,0.0036416670703273133,1.979856138672174e-05,0.01847697459038716,-0.0005212027560173684,2.233430212873779,-0.0037266606330034935,-1.3155072109081972e-06,0.0366968440907783
13.764575004577637,5.078307860968464e-05,0.28296690550702797,0.0003511837231169224,5.0316937138993415e-06,0.003658981961754457,1.9875828171007404e-05,0.018744434721975057,-0.000521280963001088,2.234753957194669,-0.003724415713488417,-1.3139393998362999e-06,0.03674780520810873
13.769879341125488,5.078307860968464e-05,0.28296690550702797,0.0003511837231169224,4.981376776760348e-06,0.0036223921421369124,1.967706988929733e-05,0.018744434721975057,-0.000521280963001088,2.234753957194669,-0.0036871715563535326,-1.3008000058379369e-06,0.036380327156027646
13.797559022903442,5.084200508775003e-05,0.283053443108075,0.00035163716277884235,4.970213231778963e-06,0.0036174321660159374,1.9640250658041003e-05,0.018877730500839296,-0.0005213197313287817,2.2354121543779737,-0.0036704718979941892,-1.2944782043146988e-06,0.03625830182771733
13.803252220153809,5.084200508775003e-05,0.283053443108075,0.00035163716277884235,4.920511099461173e-06,0.003581257844355778,1.9443848151460594e-05,0.018877730500839296,-0.0005213197313287817,2.2354121543779737,-0.0036337671790142474,-1.2815334222715518e-06,0.03589571880944016
13.826560974121094,5.0959574068783935e-05,0.283226571371978,0.0003525431325117045,4.962922572101873e-06,0.0036197213398020947,1.9628933038388043e-05,0.019143454502249007,-0.0005213966042131781,2.236721248091302,-0.003644920564268329,-1.2844446904513483e-06,0.0361078756865409
13.830047369003296,5.0959574068783935e-05,0.283226571371978,0.0003525431325117045,4.913293346380854e-06,0.0035835241264040737,1.9432643708004163e-05,0.019143454502249007,-0.0005213966042131781,2.236721248091302,-0.0036084713586256455,-1.271600243546835e-06,0.03574679692967549
13.851566791534424,5.101821716041541e-05,0.2833131616908446,0.00035299566310047724,4.913680756455515e-06,0.0035879271040685904,1.9443658072486667e-05,0.01927588314179332,-0.0005214347113662146,2.2373721642096336,-0.0035978551058859034,-1.2673337494635594e-06,0.03569695149404529
13.866434335708618,5.101821716041541e-05,0.2833131616908446,0.00035299566310047724,4.86454394889096e-06,0.0035520478330279045,1.92492214917618e-05,0.01927588314179332,-0.0005214347113662146,2.2373721642096336,-0.0035618765548270444,-1.2546604119689238e-06,0.03533998197910484
13.871933937072754,5.107676637689774e-05,0.28339976924021704,0.00035344789118231957,5.009415039616265e-06,0.00367400704870976,1.9859688630953785e-05,0.019408023157365173,-0.0005214726007094183,2.238020672821742,-0.003625297531814856,-1.274982336893119e-06,0.03618592181744493
13.8760347366333,5.107676637689774e-05,0.28339976924021704,0.00035344789118231957,4.959320889220102e-06,0.0036372669782226627,1.9661091744644248e-05,0.019408023157365173,-0.0005214726007094183,2.238020672821742,-0.0035890445564967072,-1.2622325135241877e-06,0.03582406259927048
13.90056586265564,5.1135222009392855e-05,0.2834863938509232,0.0003538998170151754,4.953055561980373e-06,0.003636206432005051,1.9644378781771143e-05,0.019539874765617818,-0.0005215102735191424,2.2386667836127963,-0.003575220468989572,-1.2569358665182515e-06,0.035733727122478874
13.907837152481079,5.1135222009392855e-05,0.2834863938509232,0.0003538998170151754,4.903525006360569e-06,0.0035998443676850005,1.944793499395343e-05,0.019539874765617818,-0.0005215102735191424,2.2386667836127963,-0.0035394682642996764,-1.244366507853069e-06,0.03537638985125408
13.926900863647461,5.1251853677165255e-05,0.28365969358522125,0.0003548027629658768,4.965781353311154e-06,0.0036547514890413733,1.971599079045567e-05,0.0198027136427605,-0.0005215849746006294,2.2399518502566096,-0.003560367785837624,-1.250595542300632e-06,0.03570836509814362
13.931653022766113,5.1251853677165255e-05,0.28365969358522125,0.0003548027629658768,4.916123539778042e-06,0.0036182039741509595,1.9518830882551115e-05,0.0198027136427605,-0.0005215849746006294,2.2399518502566096,-0.003524764107979248,-1.2380895868776256e-06,0.03535128144716218
13.957265377044678,5.131003028798155e-05,0.2837463683760224,0.0003552537835985585,4.908299997867726e-06,0.003615862945063774,1.949561198182076e-05,0.019933701360842517,-0.000521622005382372,2.240590825264538,-0.0035102618337709193,-1.2326032049177359e-06,0.03525158954225964
13.974326610565186,5.131003028798155e-05,0.2837463683760224,0.0003552537835985585,4.859216997889049e-06,0.0035797043156131363,1.9300655862002554e-05,0.019933701360842517,-0.000521622005382372,2.240590825264538,-0.00347515921543321,-1.2202771728685586e-06,0.034899073646837045
13.979170322418213,5.13681144646633e-05,0.28383305956256144,0.0003557045030122603,5.028925786694596e-06,0.0037228840443290284,2.001639308714821e-05,0.02006440156992546,-0.0005216588246507294,2.2412274407621773,-0.003549426041102762,-1.24431924183945e-06,0.03588737319411974
13.984673976898193,5.13681144646633e-05,0.28383305956256144,0.0003557045030122603,4.97863652882765e-06,0.003685655203885738,1.9816229156276726e-05,0.02006440156992546,-0.0005216588246507294,2.2412274407621773,-0.0035139317806917344,-1.2318760494210555e-06,0.035528499462178544
14.0167236328125,5.1484006649345934e-05,0.28400649046929477,0.00035660503920929273,4.994706754469241e-06,0.003702911843066481,1.989248009115759e-05,0.020324940393526968,-0.0005217318335751661,2.242493631069546,-0.003511457302879507,-1.2304085087942597e-06,0.03557523792882876
14.02123236656189,5.1484006649345934e-05,0.28400649046929477,0.00035660503920929273,4.944759686924549e-06,0.0036658827246358163,1.9693555290246015e-05,0.020324940393526968,-0.0005217318335751661,2.242493631069546,-0.003476342729850712,-1.2181044237063171e-06,0.03521948554954047
14.030073165893555,5.1541815221762566e-05,0.2840932298654079,0.00035705485650529853,5.0144529611409776e-06,0.0037273365198265663,1.9993538697023502e-05,0.020454779481840428,-0.0005217680256745942,2.243123224695601,-0.003500207899160689,-1.2254385786859892e-06,0.03559205474092992
14.03354549407959,5.1541815221762566e-05,0.2840932298654079,0.00035705485650529853,4.964308431529567e-06,0.0036900631546283006,1.9793603310053267e-05,0.020454779481840428,-0.0005217680256745942,2.243123224695601,-0.0034652058201690822,-1.2131841928991294e-06,0.03523613419352062
14.053202152252197,5.159953248854197e-05,0.28417998500908315,0.0003575043736075356,4.968181307104484e-06,0.0036972977710373884,1.9819017603280752e-05,0.020584332008682555,-0.0005218040111474663,2.2437504964444326,-0.0034567596590834855,-1.2097789187586614e-06,0.03520856649195385
14.063005447387695,5.159953248854197e-05,0.28417998500908315,0.0003575043736075356,4.91849949403344e-06,0.0036603247933270147,1.9620827427247946e-05,0.020584332008682555,-0.0005218040111474663,2.2437504964444326,-0.0034221920624926505,-1.1976811295710747e-06,0.03485648082703431
14.077246189117432,5.165715872727412e-05,0.2842667557409474,0.00035795359077145394,4.943088223470088e-06,0.003684652877533063,1.9732712892347263e-05,0.020713598218390035,-0.0005218397911951609,2.2443754556199838,-0.003423918894548663,-1.1976803643763608e-06,0.03495461411477155
14.086164712905884,5.165715872727412e-05,0.2842667557409474,0.00035795359077145394,4.8936573412353875e-06,0.0036478063487577327,1.953538576342379e-05,0.020713598218390035,-0.0005218397911951609,2.2443754556199838,-0.0033896797056031766,-1.1857035607325972e-06,0.03460506797362383
14.092734336853027,5.1714694216330756e-05,0.28435354190268297,0.0003584025082525329,5.0044321034402276e-06,0.003743430467963079,2.0007444211552246e-05,0.02084257835822017,-0.0005218753670110546,2.244998111484879,-0.003433226177969813,-1.1996574013980492e-06,0.03522381483962667
14.098780155181885,5.1714694216330756e-05,0.28435354190268297,0.0003584025082525329,4.954387782405826e-06,0.0037059961632834484,1.9807369769436724e-05,0.02084257835822017,-0.0005218753670110546,2.244998111484879,-0.0033988939161901147,-1.1876608273840688e-06,0.03487157669123041
14.110442638397217,5.177213923130073e-05,0.2844403433370203,0.0003588511263054735,4.994695907871975e-06,0.0037433641234588485,1.9985014897620426e-05,0.020971272678320604,-0.0005219107397805839,2.245618473260629,-0.003408260152366523,-1.1902404034533248e-06,0.03506438296465157
14.132145643234253,5.182949404643813e-05,0.2845271598877319,0.0003592994451852011,4.992970600344931e-06,0.003745932572212931,1.998693327377409e-05,0.021099681431699276,-0.00052194591068131,2.2462365501278345,-0.0033973312259772876,-1.1860617908317104e-06,0.03500368588708542
14.135727643966675,5.182949404643813e-05,0.2845271598877319,0.0003592994451852011,4.943040894341482e-06,0.0037084732464908016,1.978706394103635e-05,0.021099681431699276,-0.00052194591068131,2.2462365501278345,-0.003363357913717515,-1.1742011729233933e-06,0.034653649028214564
14.153516054153442,5.188675893644459e-05,0.28461399139962607,0.00035974746514589044,4.952368697989045e-06,0.0037202020479593888,1.983520484181997e-05,0.021227804874194574,-0.0005219808808829787,2.246852351226387,-0.003357798737413687,-1.1718288074339794e-06,0.03465959085257467
14.158313274383545,5.188675893644459e-05,0.28461399139962607,0.00035974746514589044,4.9028450110091545e-06,0.003683000027479795,1.9636852793401772e-05,0.021227804874194574,-0.0005219808808829787,2.246852351226387,-0.00332422075003955,-1.1601105193596397e-06,0.03431299494404892
14.173084497451782,5.194393417212489e-05,0.2847008377185396,0.0003601951864417462,4.924486321124751e-06,0.003704964294300532,1.9736555025382908e-05,0.021355643264445702,-0.0005220156515475847,2.24746588565567,-0.0033245785289857973,-1.1597285140475065e-06,0.03439281105200548
14.178303718566895,5.194393417212489e-05,0.2847008377185396,0.0003601951864417462,4.875241457913503e-06,0.003667914651357527,1.953918947512908e-05,0.021355643264445702,-0.0005220156515475847,2.24746588565567,-0.003291332743695939,-1.1481312289070313e-06,0.03404888294148543
14.196724653244019,5.2001020025176876e-05,0.28478769869133164,0.00036064260932655616,4.8830847360938474e-06,0.0036783889087479743,1.9581054945502505e-05,0.02148319686386327,-0.0005220502238294303,2.2480771624747584,-0.0032851957942189054,-1.145594933252336e-06,0.03404632053318757
14.202327728271484,5.2001020025176876e-05,0.28478769869133164,0.00036064260932655616,4.834253888732909e-06,0.0036416050196604946,1.938524439604748e-05,0.02148319686386327,-0.0005220502238294303,2.2480771624747584,-0.0032523438362767163,-1.1341389839198127e-06,0.03370585732785569
14.214725255966187,5.2058016764626907e-05,0.2848745741658781,0.0003610897340538594,4.869897083611044e-06,0.003675263811157363,1.954369443161119e-05,0.02161046593660007,-0.000522084598875188,2.248686190702617,-0.0032593603715733296,-1.1360129924543164e-06,0.03386909998570443
14.235228300094604,5.2114924659169046e-05,0.28496146399106387,0.0003615365608766951,4.871916849172782e-06,0.0036808901627939676,1.956114583565273e-05,0.02173745074952209,-0.0005221187778239583,2.2492929793182985,-0.0032505275714788725,-1.1325984077644832e-06,0.03383183562566109
14.238320589065552,5.2114924659169046e-05,0.28496146399106387,0.0003615365608766951,4.823197680681054e-06,0.003644081261166028,1.9365534377296202e-05,0.02173745074952209,-0.0005221187778239583,2.2492929793182985,-0.003218022295764084,-1.1212724236868385e-06,0.03349351726940448
14.252410411834717,5.217174397527143e-05,0.2850483680167774,0.00036198309004818784,4.848675972918565e-06,0.003669319031484257,1.9481467085983337e-05,0.02186415157217969,-0.0005221527618073316,2.24989753726114,-0.0032202043540557074,-1.1215562455062119e-06,0.03359562919362083
14.257152557373047,5.217174397527143e-05,0.2850483680167774,0.00036198309004818784,4.8001892131893796e-06,0.0036326258411694145,1.9286652415123504e-05,0.02186415157217969,-0.0005221527618073316,2.24989753726114,-0.00318800231051515,-1.1103406830511496e-06,0.03325967290168462
14.27661919593811,5.2228474978735666e-05,0.28513528609390465,0.00036242932182068343,4.805470473052543e-06,0.003640949346675684,1.9317718980137143e-05,0.021990568676779034,-0.0005221865519494452,2.250499873430957,-0.0031808397928860454,-1.1075113036247095e-06,0.0332422695374659
14.280906438827515,5.2228474978735666e-05,0.28513528609390465,0.00036242932182068343,4.757415768322017e-06,0.003604539853208927,1.9124541790335772e-05,0.021990568676779034,-0.0005221865519494452,2.250499873430957,-0.003149031394957185,-1.0964361905884624e-06,0.032909846842091244
14.295317649841309,5.228511793402861e-05,0.2852222180743219,0.0003628752564467247,4.781724964429483e-06,0.003628816925023705,1.9235589521650715e-05,0.02211670233815368,-0.0005222201493670428,2.25109999668824,-0.003150723134015868,-1.0965852192849021e-06,0.033004979261467456
14.313295364379883,5.234167310472785e-05,0.2853091638108906,0.0003633208941782434,4.7914573865966144e-06,0.0036408918226485364,1.9285400022622014e-05,0.02224255283373641,-0.0005222535551695314,2.251697915854345,-0.003145650787076473,-1.0944777780830335e-06,0.03301377634211898
14.321292638778687,5.234167310472785e-05,0.2853091638108906,0.0003633208941782434,4.743542812730648e-06,0.003604482904422051,1.9092546022395795e-05,0.02224255283373641,-0.0005222535551695314,2.251697915854345,-0.0031141942792057083,-1.083533000302203e-06,0.03268363857869779
14.333677053451538,5.2398140751516516e-05,0.28539612315745,0.0003637662352669219,4.779542898854916e-06,0.0036386548384064496,1.9252932155525357e-05,0.02236812044353122,-0.00052228677045904,2.2522936397116884,-0.0031211891686825505,-1.0854844790563802e-06,0.032846917361955025
14.340094089508057,5.2398140751516516e-05,0.28539612315745,0.0003637662352669219,4.731747469866367e-06,0.003602268290022385,1.9060402833970104e-05,0.02236812044353122,-0.00052228677045904,2.2522936397116884,-0.003089977276995725,-1.0746296342658163e-06,0.03251844818833548
14.360301494598389,5.24545211358595e-05,0.2854830959688124,0.00036421127996416613,4.735499961231897e-06,0.003609285678541889,1.9084966496289758e-05,0.022493405450085564,-0.0005223197963304747,2.2528871770039367,-0.003082305824297689,-1.071675868963239e-06,0.032492558536191374
14.368742942810059,5.24545211358595e-05,0.2854830959688124,0.00036421127996416613,4.688144961619578e-06,0.0035731928217564704,1.889411683132686e-05,0.022493405450085564,-0.0005223197963304747,2.2528871770039367,-0.003051482766054712,-1.0609591102736067e-06,0.03216763295082946
14.375619411468506,5.2510814516549975e-05,0.28557008210075574,0.00036465602852121603,4.791149456537018e-06,0.0036639591599087994,1.9337066138721783e-05,0.022618408138462737,-0.0005223526338715766,2.2534785364361967,-0.0030888056470857574,-1.0731203629371032e-06,0.03272231328293298
14.382770776748657,5.2510814516549975e-05,0.28557008210075574,0.00036465602852121603,4.743237961971647e-06,0.0036273195683097113,1.9143695477334566e-05,0.022618408138462737,-0.0005223526338715766,2.2534785364361967,-0.0030579175906148997,-1.062389159307732e-06,0.032395090150103646
14.39445161819458,5.256702115282871e-05,0.28565708141001844,0.00036510048118875663,4.783931385408693e-06,0.003665526720741678,1.9324010126099944e-05,0.022743128796214505,-0.0005223852841629758,2.254067726675205,-0.0030670274772543094,-1.0650952637324445e-06,0.03258519390007465
14.400452136993408,5.256702115282871e-05,0.28565708141001844,0.00036510048118875663,4.736092071554607e-06,0.003628871453534261,1.9130770024838944e-05,0.022743128796214505,-0.0005223852841629758,2.254067726675205,-0.003036357202481766,-1.05444431109512e-06,0.032259341961073905
14.413984298706055,5.2623141300596326e-05,0.2857440937542929,0.0003655446382173351,4.764704530303693e-06,0.0036568831446325196,1.9260147980166466e-05,0.0228675677133539,-0.00052241774827825,2.2546547563495163,-0.0030400412038785267,-1.055341831689873e-06,0.03237888239355691
14.417994737625122,5.2623141300596326e-05,0.2857440937542929,0.0003655446382173351,4.717057485000656e-06,0.0036203143131861943,1.90675465003648e-05,0.0228675677133539,-0.00052241774827825,2.2546547563495163,-0.0030096407918397414,-1.0447884133729744e-06,0.032055093569621336
14.44038987159729,5.267917521530981e-05,0.28583111899221986,0.0003659884998572778,4.715735600652648e-06,0.0036229701661542745,1.9070518945285183e-05,0.022991725182328216,-0.0005224500272839746,2.2552396340496896,-0.0029999903717046086,-1.0412156716786948e-06,0.03200074092871187
14.453655481338501,5.267917521530981e-05,0.28583111899221986,0.0003659884998572778,4.668578244646122e-06,0.0035867404644927318,1.887981375583233e-05,0.022991725182328216,-0.0005224500272839746,2.2552396340496896,-0.0029699904679875624,-1.0308035149619077e-06,0.03168073351942475
14.479459285736084,5.2790985364181106e-05,0.2860052075882985,0.0003668753379703682,4.701326396857684e-06,0.0036183393149238244,1.9026824720814255e-05,0.023239196957581514,-0.0005225140341984098,2.256402967700999,-0.0029754725416683636,-1.0323200494967971e-06,0.03182350747424589
14.485406875610352,5.2790985364181106e-05,0.2860052075882985,0.0003668753379703682,4.654313132889107e-06,0.003582155921774586,1.883655647360611e-05,0.023239196957581514,-0.0005225140341984098,2.256402967700999,-0.00294571781625168,-1.0219968490018292e-06,0.03150527239950343
14.491825580596924,5.284676210380371e-05,0.28609227066841864,0.0003673183149424778,4.767134843800278e-06,0.003681974004391539,1.9322530331167625e-05,0.02336251186068615,-0.0005225457642057604,2.2569814406449478,-0.0029862835013970304,-1.0353661668107676e-06,0.0321090350213058
14.519354104995728,5.290245362007635e-05,0.28617934608611656,0.00036776099752381975,4.756575227569646e-06,0.0036767852449450956,1.9286436407856695e-05,0.02348554650922436,-0.0005225773133009496,2.2575577956007513,-0.0029726467214375605,-1.0304821968290154e-06,0.032001412555779096
14.525428533554077,5.290245362007635e-05,0.28617934608611656,0.00036776099752381975,4.70900947529395e-06,0.0036400173924956447,1.909357204377813e-05,0.02348554650922436,-0.0005225773133009496,2.2575577956007513,-0.002942920254223185,-1.0201773748607253e-06,0.0316813984302213
14.53382682800293,5.2958060164009385e-05,0.2862664337046847,0.00036820338596302944,4.783414225059642e-06,0.0037073140149949625,1.9417360638364973e-05,0.023608301207416537,-0.0005226086825163592,2.258132040971764,-0.0029663493799890845,-1.027805225426257e-06,0.03206179613974609
14.538407802581787,5.2958060164009385e-05,0.2862664337046847,0.00036820338596302944,4.735580082809046e-06,0.003670240874845013,1.9223187031981325e-05,0.023608301207416537,-0.0005226086825163592,2.258132040971764,-0.0029366858861891937,-1.0175271731719945e-06,0.03174117817834863
14.556469678878784,5.3013581983607264e-05,0.2863535333883291,0.00036864548050866104,4.74464536572432e-06,0.0036817614118276557,1.9270134067173646e-05,0.023730776261759373,-0.000522639872877691,2.2587041851244476,-0.002931744914572359,-1.0155963548365272e-06,0.03174678953500214
14.569947004318237,5.3013581983607264e-05,0.2863535333883291,0.00036864548050866104,4.697198912067077e-06,0.0036449437977093793,1.907743272650191e-05,0.023730776261759373,-0.000522639872877691,2.2587041851244476,-0.002902427465426635,-1.005440391288162e-06,0.03142932163965211
14.578379154205322,5.30690193270991e-05,0.2864406450021622,0.0003690872814087409,4.7709309794752145e-06,0.0037118032659972373,1.9398655389379556e-05,0.02385297198100019,-0.0005226708854040161,2.2592742363885505,-0.0029254008306052854,-1.0129483026991426e-06,0.03180447301424786
14.583716869354248,5.30690193270991e-05,0.2864406450021622,0.0003690872814087409,4.723221669680462e-06,0.003674685233337265,1.9204668835485762e-05,0.02385297198100019,-0.0005226708854040161,2.2592742363885505,-0.0028961468222992327,-1.0028188196721513e-06,0.03148642828410538
14.596381187438965,5.3124372438705413e-05,0.2865277684121987,0.00036952878891121396,4.756256042585609e-06,0.0037067327794419883,1.935330002720602e-05,0.02397488867611147,-0.0005227017211078282,2.2598422030572864,-0.00290159252185974,-1.0044195020210715e-06,0.03162896543401376
14.60231876373291,5.3124372438705413e-05,0.2865277684121987,0.00036952878891121396,4.708693482159753e-06,0.003669665451647568,1.915976702693396e-05,0.02397488867611147,-0.0005227017211078282,2.2598422030572864,-0.0028725765966411427,-9.943753070008609e-07,0.03131267577967362
14.626526594161987,5.3179641564319574e-05,0.2866149034853483,0.0003699700032634695,4.703545515389092e-06,0.0036689633806972783,1.9146280023551756e-05,0.024096526660265533,-0.0005227323809950913,2.2604080933875133,-0.0028617397333549743,-9.904817105813045e-07,0.03123798158018367
14.632325410842896,5.3179641564319574e-05,0.2866149034853483,0.0003699700032634695,4.6565100602352014e-06,0.0036322737468903053,1.895481722331624e-05,0.024096526660265533,-0.0005227323809950913,2.2604080933875133,-0.0028331223360214246,-9.805768934754916e-07,0.030925601764381833
14.637941598892212,5.323482694760879e-05,0.2867020500894118,0.000370410924712843,4.790491636271843e-06,0.0037511213984394295,1.9532496693602313e-05,0.024217886248809457,-0.0005227628660652924,2.2609719155999106,-0.002881422522033508,-9.967062204282571e-07,0.031640398510744495
14.64710021018982,5.323482694760879e-05,0.2867020500894118,0.000370410924712843,4.742586719909125e-06,0.003713610184455035,1.9337171726666288e-05,0.024217886248809457,-0.0005227628660652924,2.2609719155999106,-0.0028526082968131725,-9.867391582239745e-07,0.03132399452563705
14.656664609909058,5.328992883090528e-05,0.2867892080930739,0.00037085155350622626,4.801045133957986e-06,0.0037676016082178613,1.9594023635332446e-05,0.024338967759240115,-0.0005227931773114891,2.261533677879156,-0.002868801995051236,-9.920172328017377e-07,0.0316099234697544
14.66058897972107,5.328992883090528e-05,0.2867892080930739,0.00037085155350622626,4.753034682618406e-06,0.0037299255921356828,1.9398083398979122e-05,0.024338967759240115,-0.0005227931773114891,2.261533677879156,-0.0028401139751007237,-9.820970604737203e-07,0.031293824235056854
14.672837972640991,5.334494745509488e-05,0.2868763773658985,0.00037129188989031784,4.7880791176232345e-06,0.0037637907803115063,1.9555424903344543e-05,0.024459771511179437,-0.0005228233157203608,2.262093388374099,-0.002846415752963283,-9.840373723374296e-07,0.03144706212832712
14.700114488601685,5.339988306084239e-05,0.28696355777832305,0.0003717319341113721,4.777233814043261e-06,0.0037581145852539017,1.9517536430253478e-05,0.024580297826349847,-0.0005228532822722554,2.2626510551979373,-0.00283343928060559,-9.79449723916263e-07,0.03134118723989829
14.705195903778076,5.339988306084239e-05,0.28696355777832305,0.0003717319341113721,4.729461475902828e-06,0.0037205334394013628,1.9322361065950944e-05,0.024580297826349847,-0.0005228532822722554,2.2626510551979373,-0.002805104887799534,-9.696552266771004e-07,0.031027775367499306
14.723142862319946,5.34547358877005e-05,0.2870507492016529,0.0003721716864154508,4.738384912071299e-06,0.003731910948433984,1.936860997469442e-05,0.02470054702854986,-0.0005228830779412388,2.2632066864283904,-0.002800447254559577,-9.678983919848203e-07,0.031033396286055018
14.727935552597046,5.34547358877005e-05,0.2870507492016529,0.0003721716864154508,4.691001062950586e-06,0.003694591838949644,1.9174923874947475e-05,0.02470054702854986,-0.0005228830779412388,2.2632066864283904,-0.0027724427820139813,-9.582194080649722e-07,0.030723062323194467
14.760552406311035,5.3564194152050594e-05,0.28722516457055647,0.00037305031625540434,4.7058422325310174e-06,0.00371111992486467,1.9246452822433492e-05,0.02494021539946811,-0.0005229421604956136,2.264311874243654,-0.0027702392179918913,-9.572964058691118e-07,0.03076160646122829
14.767951011657715,5.3564194152050594e-05,0.28722516457055647,0.00037305031625540434,4.6587838102057076e-06,0.003674008725616023,1.9053988294209157e-05,0.02494021539946811,-0.0005229421604956136,2.264311874243654,-0.0027425368258119725,-9.477234418104207e-07,0.030453990396616004
14.781566619873047,5.3618800063198215e-05,0.2873123882630318,0.0003734891942817682,4.6860223912312876e-06,0.0037013301884792427,1.9178491771980524e-05,0.025059635225946807,-0.0005229714492981549,2.264861446808056,-0.0027453788516972485,-9.485417329623656e-07,0.030561393671767967
14.786348104476929,5.3618800063198215e-05,0.2873123882630318,0.0003734891942817682,4.639162167318975e-06,0.00366431688659445,1.898670685426072e-05,0.025059635225946807,-0.0005229714492981549,2.264861446808056,-0.002717925063180276,-9.390563156327419e-07,0.030255779735050288
14.802832841873169,5.367332413897989e-05,0.2873996224602046,0.00037392778137241265,4.653672131084322e-06,0.003680591880392341,1.9056883097424917e-05,0.025178779254928466,-0.0005230005710521791,2.2654090157385958,-0.002715590832358838,-9.381232313711248e-07,0.030292252188624354
14.811391592025757,5.367332413897989e-05,0.2873996224602046,0.00037392778137241265,4.607135409773479e-06,0.0036437859615884175,1.8866314266450667e-05,0.025178779254928466,-0.0005230005710521791,2.2654090157385958,-0.0026884349240352498,-9.287419990574136e-07,0.02998932966673811
14.821653842926025,5.372776661394414e-05,0.28748686703763826,0.0003743660777717371,4.658772097626276e-06,0.003692363156275167,1.9095102088228424e-05,0.02529764782023238,-0.0005230295267010513,2.2659545889381674,-0.0027012138076319982,-9.329666351849242e-07,0.030232092133098236
14.82718801498413,5.372776661394414e-05,0.28748686703763826,0.0003743660777717371,4.612184376650013e-06,0.0036554395247124154,1.890415106734614e-05,0.02529764782023238,-0.0005230295267010513,2.2659545889381674,-0.002674201669555678,-9.23636968833075e-07,0.029929771211767254
14.855328559875488,5.383640768725762e-05,0.28766138683971704,0.00037524179947325383,4.637194535415672e-06,0.003680902340353493,1.9019286463336005e-05,0.025534559904728176,-0.0005230869434268411,2.2670397795838646,-0.002676138066592468,-9.241681594298147e-07,0.030024145545825363
14.86512804031372,5.383640768725762e-05,0.28766138683971704,0.00037524179947325383,4.590822590061515e-06,0.003644093316949958,1.8829093598702647e-05,0.025534559904728176,-0.0005230869434268411,2.2670397795838646,-0.002649376685926543,-9.149264778355165e-07,0.02972390409036711
14.881324052810669,5.389060674702593e-05,0.28774866181964653,0.0003756792252628896,4.606595852375075e-06,0.003661539094629287,1.890480107653226e-05,0.025652604101133316,-0.000523115406360664,2.2675794126641606,-0.002647551890652107,-9.142008858795728e-07,0.02976683917607252
14.886126041412354,5.389060674702593e-05,0.28774866181964653,0.0003756792252628896,4.5605298938513246e-06,0.003624923703682994,1.8715753065766937e-05,0.025652604101133316,-0.000523115406360664,2.2675794126641606,-0.0026210763717455857,-9.05058877020777e-07,0.029469170784311795
14.904428243637085,5.3944725127812346e-05,0.28783594669039586,0.00037611636133637105,4.569440591642678e-06,0.0036363653805453586,1.876206311293484e-05,0.025770374188241407,-0.0005231437069032365,2.2681170812821607,-0.002616560894211387,-9.034224506288563e-07,0.02947443286651133
14.908857107162476,5.3944725127812346e-05,0.28783594669039586,0.00037611636133637105,4.523746185726251e-06,0.003600001726739905,1.857444248180549e-05,0.025770374188241407,-0.0005231437069032365,2.2681170812821607,-0.002590395285269273,-8.943882261225678e-07,0.029179688537846218
14.918856382369995,5.399876305782426e-05,0.28792324133165437,0.0003765532079368817,4.578169359721459e-06,0.003651302682531009,1.8815751222287977e-05,0.025887870509308922,-0.0005231718459683677,2.2686527931701352,-0.00260395612776968,-8.989419395211133e-07,0.02943495540570379
14.92276406288147,5.399876305782426e-05,0.28792324133165437,0.0003765532079368817,4.532387666124244e-06,0.003614789655705699,1.86275937100651e-05,0.025887870509308922,-0.0005231718459683677,2.2686527931701352,-0.002577916566491983,-8.899525201259021e-07,0.02914060585164675
14.936807632446289,5.4052720763265495e-05,0.28801054562392137,0.000376989765306994,4.55793666218571e-06,0.0036408085011218443,1.8745191763399215e-05,0.026005093409411616,-0.0005231998244640902,2.2691865560267246,-0.002580063518890599,-8.906119527442833e-07,0.029237330628572797
14.945260047912598,5.4052720763265495e-05,0.28801054562392137,0.000376989765306994,4.512357295563853e-06,0.0036044004161106258,1.8557739845765224e-05,0.026005093409411616,-0.0005231998244640902,2.2691865560267246,-0.002554262883701693,-8.817058332168405e-07,0.02894495732228707
14.963372230529785,5.4106598469116136e-05,0.2880978594485,0.0003774260336892264,4.522118591206111e-06,0.0036165636494222488,1.8607624462032092e-05,0.026122043235422183,-0.0005232276432927005,2.2697183775171013,-0.002550239501069287,-8.802607523104743e-07,0.028955378769996355
14.973598003387451,5.4106598469116136e-05,0.2880978594485,0.0003774260336892264,4.476897405294049e-06,0.003580398012928026,1.842154821741177e-05,0.026122043235422183,-0.0005232276432927005,2.2697183775171013,-0.002524737106058594,-8.714581447873696e-07,0.028665824982296393
14.979892492294312,5.416039640102653e-05,0.2881851826874933,0.0003778620133256262,4.589863885055606e-06,0.003683323712933723,1.8914431169285357e-05,0.026238720335988105,-0.0005232553033508037,2.270248265273132,-0.0025610282758077923,-8.838426976289482e-07,0.029238961658003618
14.984398365020752,5.416039640102653e-05,0.2881851826874933,0.0003778620133256262,4.54396524620505e-06,0.0036464904758043855,1.8725286857592504e-05,0.026238720335988105,-0.0005232553033508037,2.270248265273132,-0.0025354179930497144,-8.750042706526587e-07,0.02894657204142358
14.99809193611145,5.421411478208636e-05,0.28827251522379843,0.00037829770445807514,4.5709424957584225e-06,0.0036738018789163845,1.884907398092561e-05,0.026355125061509645,-0.0005232828055293566,2.2707762268935383,-0.0025381764013343144,-8.759010060548364e-07,0.02905091848436876
15.002159118652344,5.421411478208636e-05,0.28827251522379843,0.00037829770445807514,4.5252330708008385e-06,0.0036370638601272206,1.8660583241116354e-05,0.026355125061509645,-0.0005232828055293566,2.2707762268935383,-0.0025127946373209712,-8.67141995994288e-07,0.028760409299525072
15.03045392036438,5.426775383471867e-05,0.288359856941102,0.0003787331073282621,4.514984715748382e-06,0.003631561690742789,1.862441175457417e-05,0.026471257764118003,-0.0005233101507137088,2.2713022699440573,-0.002501188065551221,-8.631143365781346e-07,0.028662716206265315
15.035453081130981,5.426775383471867e-05,0.288359856941102,0.0003787331073282621,4.4698348685908985e-06,0.0035952460738353613,1.8438167637028427e-05,0.026471257764118003,-0.0005233101507137088,2.2713022699440573,-0.0024761761848957086,-8.544831932123532e-07,0.028376089044202663
15.04080843925476,5.43213137802341e-05,0.2884472077238746,0.00037916822217723704,4.60985203133956e-06,0.003722402755396183,1.904808836141542e-05,0.026587118797653648,-0.0005233373397836462,2.2718264019576,-0.002522412893389565,-8.703428076521887e-07,0.02909214307900933
15.044815063476562,5.43213137802341e-05,0.2884472077238746,0.00037916822217723704,4.563753511026165e-06,0.0036851787278422213,1.8857607477801266e-05,0.026587118797653648,-0.0005233373397836462,2.2718264019576,-0.0024971887644556694,-8.616393795756668e-07,0.028801221648219237
15.06796407699585,5.437479483972227e-05,0.2885345674573664,0.00037960304924608,4.560796303762087e-06,0.0036860649364692955,1.8852669453997593e-05,0.0267027085176448,-0.0005233643736134306,2.2723486304344114,-0.0024885404449355246,-8.586387585079574e-07,0.02874368634789717
15.07278847694397,5.437479483972227e-05,0.2885345674573664,0.00037960304924608,4.515188340724466e-06,0.0036492042871046023,1.8664142759457616e-05,0.0267027085176448,-0.0005233643736134306,2.2723486304344114,-0.0024636550404861695,-8.500523709228778e-07,0.0284562494844182
15.082844734191895,5.4428197231489334e-05,0.28862193602760194,0.0003800375887752879,4.568164400111244e-06,0.0036995920567964996,1.8899955492555282e-05,0.02681802728128607,-0.0005233912530718433,2.272868962842226,-0.002476362534328571,-8.544104470860039e-07,0.028700346155296902
15.087830543518066,5.4428197231489334e-05,0.28862193602760194,0.0003800375887752879,4.522482756110132e-06,0.0036625961362285347,1.871095593762973e-05,0.02681802728128607,-0.0005233912530718433,2.272868962842226,-0.0024515989089852856,-8.458663426151439e-07,0.02841334269374393
15.105238914489746,5.448152117417732e-05,0.2887093133213752,0.0003804718410053871,4.533874068440023e-06,0.0036761628655852165,1.8767727772642377e-05,0.026933075447417264,-0.0005234179790222233,2.273387406616426,-0.0024485221800616868,-8.447963014309915e-07,0.028433512560777505
15.110760927200317,5.448152117417732e-05,0.2887093133213752,0.0003804718410053871,4.488535327755622e-06,0.003639401236929364,1.8580050494915952e-05,0.026933075447417264,-0.0005234179790222233,2.273387406616426,-0.00242403695826107,-8.363483384166816e-07,0.02814917743516973
15.12835955619812,5.4534766884647524e-05,0.28879669922624485,0.0003809058061762938,4.499585710040839e-06,0.0036526621772905127,1.8635339789373776e-05,0.027047853376502354,-0.00052344455232251,2.273903969160197,-0.0024208731308347823,-8.352549113746816e-07,0.028167628862513935
15.132683992385864,5.4534766884647524e-05,0.28879669922624485,0.0003809058061762938,4.454589852940431e-06,0.0036161355555176075,1.844898639148004e-05,0.027047853376502354,-0.00052344455232251,2.273903969160197,-0.0023966643995264342,-8.269023622609348e-07,0.027885952573888796
15.152592420578003,5.458793457976291e-05,0.2888840936305292,0.0003813394845278142,4.459429686955451e-06,0.0036238723960761595,1.8477477889946107e-05,0.027162361430608583,-0.0005234709738252821,2.274418657844684,-0.0023912139426545635,-8.250259472707108e-07,0.027871294003779537
15.162710666656494,5.458793457976291e-05,0.2888840936305292,0.0003813394845278142,4.414835390085896e-06,0.003587633672115398,1.8292703111046646e-05,0.027162361430608583,-0.0005234709738252821,2.274418657844684,-0.002367301803228018,-8.167756877980037e-07,0.027592581063741742
15.167724609375,5.4641024473157314e-05,0.28897149642330167,0.00038177287629936695,4.566539869919906e-06,0.0037260768318438074,1.8954899508394106e-05,0.02727659997338574,-0.0005234972443777978,2.274931480009142,-0.0024166954981546637,-8.338565507599372e-07,0.02836196719573027
15.219768285751343,5.4694036780471594e-05,0.28905890749438573,0.0003822059817301492,4.539720180891303e-06,0.003705611778467797,1.884671830144732e-05,0.027390569370045595,-0.0005235233648220338,2.275442442961094,-0.002399524408542808,-8.279376455165759e-07,0.028178696202738076
15.225767612457275,5.4694036780471594e-05,0.28905890749438573,0.0003822059817301492,4.49432297908239e-06,0.003668555660683119,1.8658251118432844e-05,0.027390569370045595,-0.0005235233648220338,2.275442442961094,-0.00237552916445738,-8.196582690614101e-07,0.027896909240710695
15.229713678359985,5.4746971713894686e-05,0.28914632673435064,0.0003826388010588594,4.697628936060312e-06,0.0038534052895687963,1.9544118835489386e-05,0.027504269987341477,-0.0005235493359947257,2.2759515539764816,-0.002443470976485793,-8.432060616935729e-07,0.028936713196723893
15.23488473892212,5.4746971713894686e-05,0.28914632673435064,0.0003826388010588594,4.650652646699708e-06,0.0038148712366731083,1.9348677647134493e-05,0.027504269987341477,-0.0005235493359947257,2.2759515539764816,-0.002419036266720935,-8.347740010766372e-07,0.028647346064756656
15.245656728744507,5.479982948572854e-05,0.28923375403450585,0.00038307133452425315,4.6949759311117296e-06,0.003857884227759789,1.9547805593174567e-05,0.02761770219354801,-0.0005235751587274051,2.2764588202998164,-0.002428229616389264,-8.379939696092756e-07,0.028842258824174995
15.250526428222656,5.479982948572854e-05,0.28923375403450585,0.00038307133452425315,4.6480261718006125e-06,0.003819305385482191,1.9352327537242822e-05,0.02761770219354801,-0.0005235751587274051,2.2764588202998164,-0.0024039473202253714,-8.296140299131828e-07,0.028553836235933244
15.255303859710693,5.485261030671709e-05,0.2893211892868969,0.0003835035823645589,4.8060973394385964e-06,0.00396412962199707,2.0043490183981907e-05,0.027730866358440992,-0.0005236008338464393,2.276964249144332,-0.002454715629003017,-8.472635263949247e-07,0.0293498581631411
15.261829376220703,5.485261030671709e-05,0.2893211892868969,0.0003835035823645589,4.75803636604421e-06,0.0039244883257771,1.9843055282142087e-05,0.027730866358440992,-0.0005236008338464393,2.276964249144332,-0.0024301684727129867,-8.387908911309754e-07,0.029056359581509688
15.269912719726562,5.490531438749459e-05,0.289408632384301,0.00038393554481767325,4.831203756302203e-06,0.003993420339283033,2.016715764293089e-05,0.027843762853277453,-0.000523626362173068,2.277467847692133,-0.0024498068802727368,-8.456570845768546e-07,0.029402753108596632
15.274611473083496,5.490531438749459e-05,0.289408632384301,0.00038393554481767325,4.7828917187391805e-06,0.003953486135890203,1.9965486066501582e-05,0.027843762853277453,-0.000523626362173068,2.277467847692133,-0.0024253088114700094,-8.372005137310861e-07,0.029108725577510666
15.282912254333496,5.4957941935800215e-05,0.28949608322022163,0.0003843672221212437,4.852505140798274e-06,0.004019303816022065,2.0274349817174356e-05,0.027956392050775825,-0.0005236517445234433,2.2779696230943465,-0.002443580677719708,-8.436053276111047e-07,0.029435709817659694
15.31454348564148,5.5010493161157416e-05,0.28958354168888495,0.0003847986145127248,4.834762427007526e-06,0.004006760182967152,2.020496794811886e-05,0.028068754325096285,-0.0005236769817086641,2.2784695824712684,-0.002430235536933267,-8.390268049681979e-07,0.02930297396727364
15.319897174835205,5.5010493161157416e-05,0.28958354168888495,0.0003847986145127248,4.78641480273745e-06,0.00396669258113748,2.000291826863767e-05,0.028068754325096285,-0.0005236769817086641,2.2784695824712684,-0.0024059331815639343,-8.306365369185159e-07,0.029009944227600903
15.331009149551392,5.506296826986038e-05,0.2896710076852337,0.00038522972222907164,4.826069370817399e-06,0.004005738937847948,2.0182271283354217e-05,0.02818085005182124,-0.0005237020745348167,2.2789677329125135,-0.002413249551814286,-8.332537040290828e-07,0.029178282770024638
15.336270093917847,5.506296826986038e-05,0.2896710076852337,0.00038522972222907164,4.777808677109225e-06,0.003965681548469468,1.9980448570520675e-05,0.02818085005182124,-0.0005237020745348167,2.2789677329125135,-0.0023891170562961427,-8.249211669887919e-07,0.02888649994232439
15.3451087474823,5.511536746831636e-05,0.28975848110492447,0.00038566054550718583,4.83992637009815e-06,0.004024991643747286,2.0257298166147377e-05,0.02829267960793596,-0.0005237270238030083,2.2794640814771605,-0.0024044280128551485,-8.303335185460348e-07,0.029171941042845786
15.367826223373413,5.516769096014901e-05,0.28984596184432154,0.00038609108458344184,4.8342324717218135e-06,0.004023249853818699,2.024005727358654e-05,0.02840424337180936,-0.000523751830309406,2.2799586351938994,-0.002395541903365795,-8.273178232101526e-07,0.02910287413543346
15.373257637023926,5.516769096014901e-05,0.28984596184432154,0.00038609108458344184,4.785890147004595e-06,0.003983017355280513,2.0037656700850676e-05,0.02840424337180936,-0.000523751830309406,2.2799586351938994,-0.002371586484332137,-8.190446449780511e-07,0.028811845394079126
15.395798444747925,5.521993895143462e-05,0.2899334498004936,0.00038652133969396493,4.781019409073689e-06,0.00398200032515998,2.0023944974957054e-05,0.02851554172317492,-0.0005237764948452708,2.2804514010611774,-0.002363053304870012,-8.161556056948979e-07,0.02874732947039873
15.40236496925354,5.521993895143462e-05,0.2899334498004936,0.00038652133969396493,4.7332092149829525e-06,0.00394218032190838,1.9823705525207483e-05,0.02851554172317492,-0.0005237764948452708,2.2804514010611774,-0.002339422771821312,-8.079940496379489e-07,0.028459856175694742
15.412169218063354,5.5272111644685984e-05,0.2900209448712086,0.00038695131107477153,4.7845914836096406e-06,0.003992000516277704,2.0054351647017936e-05,0.028626575043111755,-0.0005238010181969962,2.2809423860473426,-0.0023507194003712954,-8.120392905447469e-07,0.028687518041219273
15.422681093215942,5.5272111644685984e-05,0.2900209448712086,0.00038695131107477153,4.736745568773544e-06,0.003952080511114927,1.9853808130547755e-05,0.028626575043111755,-0.0005238010181969962,2.2809423860473426,-0.0023272122063675823,-8.039188976392995e-07,0.02840064286080708
15.427433013916016,5.532420924063493e-05,0.2901084469549292,0.0003873809989613785,4.892802123171228e-06,0.004096700169170056,2.0539582054106913e-05,0.02873734371402582,-0.0005238254011461403,2.281431597090789,-0.002375073147977641,-8.207670521565251e-07,0.029169798727635924
15.433510780334473,5.532420924063493e-05,0.2901084469549292,0.0003873809989613785,4.843874101939516e-06,0.004055733167478356,2.0334186233565843e-05,0.02873734371402582,-0.0005238254011461403,2.281431597090789,-0.0023513224164978647,-8.125593816349598e-07,0.028878100740359566
15.447902202606201,5.53762319426888e-05,0.2901959559508092,0.00038781040358913736,4.862523364226897e-06,0.004075982195568043,2.0422649144696298e-05,0.02884784811963128,-0.0005238496444694643,2.281919041100099,-0.0023511517486839214,-8.126088746581116e-07,0.028935833534342755
15.453588247299194,5.53762319426888e-05,0.2901959559508092,0.00038781040358913736,4.8138981305846285e-06,0.004035222373612363,2.0218422653249335e-05,0.02884784811963128,-0.0005238496444694643,2.281919041100099,-0.002327640231197082,-8.044827859115305e-07,0.02864647519899933
15.463488340377808,5.542817994879734e-05,0.2902834717586878,0.00038823952519290064,4.863165421408494e-06,0.0040832691288714,2.0440152922444023e-05,0.028958088644931997,-0.0005238737489389652,2.282404724954187,-0.0023380866864442305,-8.082604320558792e-07,0.028861942756154932
15.484395503997803,5.548005345992007e-05,0.29037099427908686,0.00038866836400757837,4.860602805428442e-06,0.0040842988949279955,2.0436357383652507e-05,0.02906806567620316,-0.0005238977153219115,2.282888655502439,-0.0023305759363457836,-8.057472129130646e-07,0.028810160517134593
15.489735126495361,5.548005345992007e-05,0.29037099427908686,0.00038866836400757837,4.811996777374158e-06,0.004043455905978715,2.0231993809815983e-05,0.02906806567620316,-0.0005238977153219115,2.282888655502439,-0.0023072701769823257,-7.976897407839339e-07,0.028522058911963247
15.504420280456543,5.553185267311863e-05,0.2904585234132049,0.00038909692026733056,4.829386304851787e-06,0.004062625174342207,2.031509230351313e-05,0.029177779600973078,-0.0005239215443808772,2.2833708395648555,-0.0023066522349202223,-7.976011130918224e-07,0.02857282921455675
15.510103702545166,5.553185267311863e-05,0.2904585234132049,0.00038909692026733056,4.781092441803269e-06,0.004021998922598784,2.0111941380478e-05,0.029177779600973078,-0.0005239215443808772,2.2833708395648555,-0.0022835857125710203,-7.896251019609042e-07,0.02828710092241118
15.52881383895874,5.5583577786904705e-05,0.2905460590629142,0.0003895251942064308,4.784636754117605e-06,0.004028564083352086,2.01346967113009e-05,0.029287230808005087,-0.0005239452368737755,2.2838512839321923,-0.0022782653224226214,-7.878883348258802e-07,0.02826700879183223
15.534459114074707,5.5583577786904705e-05,0.2905460590629142,0.0003895251942064308,4.7367903865764285e-06,0.003988278442518565,1.993334974418789e-05,0.029287230808005087,-0.0005239452368737755,2.2838512839321923,-0.002255482669198395,-7.800094514776215e-07,0.027984338703913907
15.56554102897644,5.5686806499263926e-05,0.2907211495199344,0.00039038089605741193,4.751139265754093e-06,0.00400472760089245,2.0003285446318395e-05,0.029505346629976306,-0.0005239922151699264,2.2848069805992512,-0.002253834160280606,-7.795624264329282e-07,0.028019184607715394
15.5703444480896,5.5686806499263926e-05,0.2907211495199344,0.00039038089605741193,4.7036278730965515e-06,0.003964680324883525,1.980325259185521e-05,0.029505346629976306,-0.0005239922151699264,2.2848069805992512,-0.0022312958186778,-7.717668021685989e-07,0.02773899276163824
15.602009057998657,5.573831048784927e-05,0.2908087041343167,0.0003908083244359279,4.686827773674937e-06,0.0039526841444377965,1.9737250098459904e-05,0.029614012028456493,-0.0005240155024660064,2.2852822463355063,-0.0022191420792230508,-7.676329761904579e-07,0.027615234203179295
15.607938289642334,5.573831048784927e-05,0.2908087041343167,0.0003908083244359279,4.639959495938187e-06,0.003913157302993418,1.9539877597475306e-05,0.029614012028456493,-0.0005240155024660064,2.2852822463355063,-0.0021969506584308203,-7.599566464285533e-07,0.0273390818611475
15.613072156906128,5.578974115671224e-05,0.2908962648784245,0.0003912354714273409,4.779827389367616e-06,0.0040445808762130005,2.0158290483762935e-05,0.029722416276245518,-0.0005240386561817408,2.2857557992500217,-0.002237254456707195,-7.74348423911857e-07,0.02800990937101993
15.617820501327515,5.578974115671224e-05,0.2908962648784245,0.0003912354714273409,4.73202911547394e-06,0.00400413506745087,1.9956707578925306e-05,0.029722416276245518,-0.0005240386561817408,2.2857557992500217,-0.0022148819121401227,-7.666049396727384e-07,0.02772981027730973
15.641458988189697,5.589238330506273e-05,0.29107140437716056,0.00039208892217861333,4.7654721000171985e-06,0.004038184544977385,2.0110292334802936e-05,0.02993844289956752,-0.0005240845658081597,2.2866977931718306,-0.002219550523717337,-7.684111350644649e-07,0.02786047645752426
15.652559995651245,5.589238330506273e-05,0.29107140437716056,0.00039208892217861333,4.717817379017027e-06,0.003997802699527611,1.9909189411454906e-05,0.02993844289956752,-0.0005240845658081597,2.2866977931718306,-0.002197355018480164,-7.607270237138202e-07,0.02758187169294902
15.662748575210571,5.5943595166998865e-05,0.29115898294407616,0.000392515226402896,4.764160926499521e-06,0.004043782259142964,2.011937714132375e-05,0.030046066067815572,-0.0005241073231757145,2.287166247387208,-0.002206182816496059,-7.640321773860383e-07,0.027776807917917107
15.668141603469849,5.5943595166998865e-05,0.29115898294407616,0.000392515226402896,4.716519317234526e-06,0.004003344436551534,1.991818336991051e-05,0.030046066067815572,-0.0005241073231757145,2.287166247387208,-0.0021841209883310983,-7.563918556121779e-07,0.027499039838737936
15.685089588165283,5.5994734475112585e-05,0.29124656726528375,0.0003929412501686435,4.725509376472602e-06,0.004014989304888903,1.9964889635056873e-05,0.030153429670768464,-0.0005241299498767284,2.287633015197284,-0.0021806823177952265,-7.553547673354308e-07,0.027506053323157312
15.69018292427063,5.5994734475112585e-05,0.29124656726528375,0.0003929412501686435,4.678254282707876e-06,0.003974839411840014,1.9765240738706305e-05,0.030153429670768464,-0.0005241299498767284,2.287633015197284,-0.0021588754946172744,-7.478012196620765e-07,0.02723099278992574
15.711134672164917,5.6045801417233916e-05,0.2913341572485238,0.00039336699370741803,4.676841962267368e-06,0.003976896592963494,1.9766361222203008e-05,0.03026053410751349,-0.0005241524466286564,2.288098103135792,-0.002152080824339189,-7.455759803146046e-07,0.027185992532322584
15.716446876525879,5.6045801417233916e-05,0.2913341572485238,0.00039336699370741803,4.6300735426446944e-06,0.003937127627033859,1.9568697609980978e-05,0.03026053410751349,-0.0005241524466286564,2.288098103135792,-0.002130560016095797,-7.381202205114586e-07,0.026914132606999357
15.725504636764526,5.609679618230861e-05,0.2914217528021687,0.00039379245725025455,4.688595058090227e-06,0.003994464096824004,1.9832503177345106e-05,0.03036737977819959,-0.0005241748141446181,2.2885615177085827,-0.002143263910067897,-7.428277161969286e-07,0.02716893274485304
15.730306148529053,5.609679618230861e-05,0.2914217528021687,0.00039379245725025455,4.641709107509324e-06,0.003954519455855764,1.9634178145571654e-05,0.03036737977819959,-0.0005241748141446181,2.2885615177085827,-0.002121831270967218,-7.353994390349592e-07,0.026897243417404508
15.754735708236694,5.614771895761269e-05,0.29150935383521764,0.0003942176410280507,4.634110825148509e-06,0.0039508328842730155,1.9608093591968484e-05,0.030473967084020726,-0.0005241970531334285,2.289023265393756,-0.002113144891675265,-7.325048722652632e-07,0.026821847987490776
15.760650634765625,5.614771895761269e-05,0.29150935383521764,0.0003942176410280507,4.587769716897023e-06,0.003911324555430285,1.94120126560488e-05,0.030473967084020726,-0.0005241970531334285,2.289023265393756,-0.0020920134427585124,-7.251798235426105e-07,0.026553629507615868
15.784788608551025,5.624934928323001e-05,0.29168457197863884,0.00039506717021081433,4.6203276253015295e-06,0.003944801558365241,1.9562189604219684e-05,0.030686368210970295,-0.0005242411483435188,2.2899417858756843,-0.002096242829297591,-7.268797340914757e-07,0.026677853463703112
15.79052209854126,5.624934928323001e-05,0.29168457197863884,0.00039506717021081433,4.574124349048514e-06,0.003905353542781588,1.9366567708177486e-05,0.030686368210970295,-0.0005242411483435188,2.2899417858756843,-0.002075280401004615,-7.196109367505609e-07,0.02641107492906608
15.80747938156128,5.630005720331208e-05,0.2917721889101112,0.0003954915160759721,4.584108688095361e-06,0.003917969213679708,1.9417712992332642e-05,0.030792182839564065,-0.0005242630059611818,2.290398571491066,-0.002072249738218415,-7.187424309316235e-07,0.026422903092439998
15.81296157836914,5.630005720331208e-05,0.2917721889101112,0.0003954915160759721,4.538267601214407e-06,0.003878789521542911,1.9223535862409315e-05,0.030792182839564065,-0.0005242630059611818,2.290398571491066,-0.002051527240836231,-7.115550066223073e-07,0.026158674061515598
15.824387073516846,5.6350693874386795e-05,0.2918598109631801,0.0003959155830967485,4.575492715618013e-06,0.0039166915692727435,1.9394407103012038e-05,0.0308977407181912,-0.0005242847378445203,2.2908537158563447,-0.002057152266636697,-7.137833212579858e-07,0.026305182606779397
15.832159519195557,5.6350693874386795e-05,0.2918598109631801,0.0003959155830967485,4.529737788461832e-06,0.003877524653580016,1.9200463031981917e-05,0.0308977407181912,-0.0005242847378445203,2.2908537158563447,-0.0020365807439703303,-7.066454880454059e-07,0.026042130780711603
15.843469858169556,5.6401259478612666e-05,0.2919474380499224,0.0003963393715024919,4.567790478443919e-06,0.003916224618856397,1.937502731281204e-05,0.031003042253026074,-0.0005243063446812832,2.291307225312827,-0.002042458520876649,-7.089705308593766e-07,0.026192507897937447
15.85222315788269,5.6401259478612666e-05,0.2919474380499224,0.0003963393715024919,4.52211257365948e-06,0.003877062372667833,1.918127703968392e-05,0.031003042253026074,-0.0005243063446812832,2.291307225312827,-0.0020220339356678825,-7.018808255507829e-07,0.025930582818958072
15.860547542572021,5.6451754197704e-05,0.29203507008301866,0.00039676288152238525,4.590005190497542e-06,0.003943563237930048,1.9487202753795895e-05,0.03110808785119108,-0.0005243278271550951,2.2917591061748492,-0.002037250839772358,-7.075581100898556e-07,0.026227463464324183
15.874514102935791,5.6451754197704e-05,0.29203507008301866,0.00039676288152238525,4.5441051385925665e-06,0.0039041276055507474,1.9292330726257935e-05,0.03110808785119108,-0.0005243278271550951,2.2917591061748492,-0.0020168783313746345,-7.00482528988957e-07,0.025965188829680942
15.88099193572998,5.650217821337668e-05,0.2921227069757495,0.0003971861133851962,4.643849876111756e-06,0.004000373700333158,1.9738620678574075e-05,0.0312128779207409,-0.0005243491859454859,2.292209364729904,-0.002041967588086968,-7.097110135370603e-07,0.026417752396892143
15.884362936019897,5.650217821337668e-05,0.2921227069757495,0.0003971861133851962,4.597411377350639e-06,0.0039603699633298265,1.9541234471788334e-05,0.0312128779207409,-0.0005243491859454859,2.292209364729904,-0.0020215479122060983,-7.026139034016897e-07,0.026153574872923222
15.913498640060425,5.655253170634523e-05,0.2922103486419914,0.00039760906731944315,4.583678749220919e-06,0.003950846769089191,1.9487849538613903e-05,0.03131741287064691,-0.0005243704217279198,2.292658007238768,-0.0020113327430542585,-6.991788742088307e-07,0.026049830972375457
15.92027759552002,5.655253170634523e-05,0.2922103486419914,0.00039760906731944315,4.537841961728709e-06,0.003911338301398299,1.9292971043227764e-05,0.03131741287064691,-0.0005243704217279198,2.292658007238768,-0.001991219415623716,-6.921870854667424e-07,0.025789332662651702
15.92997145652771,5.6602814855431656e-05,0.2922979949962135,0.0003980317435533687,4.589253628453636e-06,0.003962639210642196,1.9526643556147733e-05,0.031421693110781676,-0.0005243915351738244,2.293105039935627,-0.0020011786363855776,-6.96004554981595e-07,0.026004027272776606
15.933933973312378,5.6602814855431656e-05,0.2922979949962135,0.0003980317435533687,4.5433610921691e-06,0.003923012818535774,1.9331377120586256e-05,0.031421693110781676,-0.0005243915351738244,2.293105039935627,-0.0019811668500217218,-6.89044509431779e-07,0.02574398700004884
15.9542977809906,5.665302783923653e-05,0.2923856459534727,0.0003984541423149384,4.543948493493932e-06,0.00392682521100392,1.9341010596251737e-05,0.03152571905190361,-0.0005244125269506183,2.2935504690282027,-0.0019754873010762735,-6.872407907044025e-07,0.025710723669362466
15.960420608520508,5.665302783923653e-05,0.2923856459534727,0.0003984541423149384,4.498509008558993e-06,0.003887556958893881,1.914760049028922e-05,0.03152571905190361,-0.0005244125269506183,2.2935504690282027,-0.0019557324280655105,-6.803683827973584e-07,0.02545361643266884
15.967024087905884,5.6703170835470637e-05,0.29247330142941125,0.0003988762638318696,4.595276245545332e-06,0.0039814227439994845,1.958157305912799e-05,0.03162949110564171,-0.0005244333977217401,2.293994300697877,-0.001979487007579264,-6.891728070791482e-07,0.025887964801712314
15.978628158569336,5.6703170835470637e-05,0.29247330142941125,0.0003988762638318696,4.549323483089878e-06,0.00394160851655949,1.938575732853671e-05,0.03162949110564171,-0.0005244333977217401,2.293994300697877,-0.001959692137503471,-6.822810790083567e-07,0.02562908515369519
15.983991384506226,5.6753244021957585e-05,0.29256096134025183,0.0003992981083315194,4.6781574603144235e-06,0.004065638677849559,1.9961491952414695e-05,0.03173300968448047,-0.000524454148146676,2.294436541099816,-0.001993094246309181,-6.945799228460805e-07,0.02621800243280593
15.987838745117188,5.6753244021957585e-05,0.29256096134025183,0.0003992981083315194,4.631375885711279e-06,0.004024982291071064,1.976187703289055e-05,0.03173300968448047,-0.000524454148146676,2.294436541099816,-0.001973163303846089,-6.876341236176197e-07,0.02595582240847787
16.006102800369263,5.680324757395985e-05,0.2926486256027945,0.0003997196760409963,4.63619293926609e-06,0.004032730716804799,1.9790103993779393e-05,0.031836275201744826,-0.0005244747788809876,2.2948771963630956,-0.0019688988395767963,-6.863448708535409e-07,0.02594358657143383
16.01360845565796,5.680324757395985e-05,0.2926486256027945,0.0003997196760409963,4.589831009873429e-06,0.003992403409636751,1.95922029538416e-05,0.031836275201744826,-0.0005244747788809876,2.2948771963630956,-0.0019492098511810284,-6.794814221450055e-07,0.02568415070571949
16.0529522895813,5.690304647489899e-05,0.29282396685304984,0.0004005619819962324,4.591320551296825e-06,0.003997045763896067,1.9605762594688867e-05,0.03204204870896325,-0.0005245156838805286,2.295753775860253,-0.0019439554823259125,-6.778315596863696e-07,0.02565572204794954
16.058577060699463,5.690304647489899e-05,0.29282396685304984,0.0004005619819962324,4.5454073457838566e-06,0.0039570753062571065,1.940970496874198e-05,0.03204204870896325,-0.0005245156838805286,2.295753775860253,-0.0019245159275026534,-6.710532440895059e-07,0.025399164827470042
16.068267583847046,5.69528421720283e-05,0.29291164367721556,0.0004009827206946871,4.5959819196144e-06,0.004007981431270319,1.9640451566274894e-05,0.03214455752963618,-0.0005245359594375057,2.2961897122229264,-0.0019338864121049991,-6.747166895600583e-07,0.02560641466510109
16.073302507400513,5.69528421720283e-05,0.29291164367721556,0.0004009827206946871,4.550022100418256e-06,0.0039679016169576154,1.9444047050612144e-05,0.03214455752963618,-0.0005245359594375057,2.2961897122229264,-0.0019145475479839492,-6.679695226644577e-07,0.02535035051845008
16.112149715423584,5.7052226924025945e-05,0.29308700931898,0.0004018233706631714,4.552346736659831e-06,0.003973365008339025,1.946135993583681e-05,0.03234882138779072,-0.000524576159866585,2.297056908306244,-0.0019095568585432644,-6.664234263671813e-07,0.025325751373747988
16.117002248764038,5.7052226924025945e-05,0.29308700931898,0.0004018233706631714,4.506823269293232e-06,0.003933631358255635,1.9266746336478443e-05,0.03234882138779072,-0.000524576159866585,2.297056908306244,-0.0018904612899578318,-6.597591921035094e-07,0.02507249386001051
16.12744665145874,5.710181632197003e-05,0.29317469797639617,0.0004022432823840148,4.550539275572142e-06,0.003978252609245192,1.9467502377750303e-05,0.032450577260637936,-0.0005245960860076212,2.2974881800024236,-0.0018976188629202097,-6.626445321724415e-07,0.02524522692567181
16.144037008285522,5.7151337294703075e-05,0.29326239041896845,0.0004026629188963139,4.560862255028536e-06,0.003991327563815765,1.952034762500411e-05,0.032552082987482814,-0.0005246158969393655,2.2979179087431545,-0.0018949489023051607,-6.619585501899854e-07,0.025258425851382185
16.15443181991577,5.7151337294703075e-05,0.29326239041896845,0.0004026629188963139,4.515253632478251e-06,0.003951414288177607,1.932514414875407e-05,0.032552082987482814,-0.0005246158969393655,2.2979179087431545,-0.0018759994132821092,-6.553389646880856e-07,0.025005841592868363
16.16897940635681,5.7200790012708004e-05,0.2933500865679833,0.00040308228042471456,4.53369438963805e-06,0.003972182415010514,1.9413989516613608e-05,0.032653338987847946,-0.000524635593286957,2.2983461004531534,-0.0018757207481381964,-6.55526779399584e-07,0.025057674393436796
16.175864458084106,5.7200790012708004e-05,0.2933500865679833,0.00040308228042471456,4.4883574457416694e-06,0.003932460590860409,1.9219849621447473e-05,0.032653338987847946,-0.000524635593286957,2.2983461004531534,-0.0018569635406568143,-6.489715116055882e-07,0.024807097649502428
16.192023515701294,5.7250174644352225e-05,0.2934377863452719,0.0004035013671937815,4.50065834942849e-06,0.003947408816511515,1.9281453538267716e-05,0.03275434568196658,-0.0005246551756718495,2.2987727610321302,-0.001854929626298321,-6.485208290948118e-07,0.024829858496221022
16.20164966583252,5.7250174644352225e-05,0.2934377863452719,0.0004035013671937815,4.455651765934205e-06,0.0039079347283464,1.908863900288504e-05,0.03275434568196658,-0.0005246551756718495,2.2987727610321302,-0.001836380330035338,-6.420356208038636e-07,0.02458155991125881
16.211003065109253,5.729949135711315e-05,0.2935254896732063,0.0004039201794276913,4.509772489365508e-06,0.003962621646425648,1.9335945165656018e-05,0.032855103490768776,-0.0005246746447118385,2.299197896354905,-0.0018464077975304217,-6.459970357100061e-07,0.024801996543227355
16.220327615737915,5.729949135711315e-05,0.2935254896732063,0.0004039201794276913,4.464674764471853e-06,0.0039229954299613914,1.9142585713999458e-05,0.032855103490768776,-0.0005246746447118385,2.299197896354905,-0.0018279437195551174,-6.39537065352906e-07,0.02455397657779508
16.243309020996094,5.739792169579049e-05,0.29370090667318793,0.0004047569811855871,4.5002104296023905e-06,0.0039600954502004605,1.9307505950975194e-05,0.033055874139545784,-0.0005247132452101411,2.3000436146073784,-0.0018325780873125557,-6.415244207555214e-07,0.024685970820618453
16.250608921051025,5.739792169579049e-05,0.29370090667318793,0.0004047569811855871,4.4552083253063665e-06,0.003920494495698456,1.9114430891465443e-05,0.033055874139545784,-0.0005247132452101411,2.3000436146073784,-0.0018142523064394302,-6.351091765479662e-07,0.02443911111241227
16.267582893371582,5.7447035653548955e-05,0.2937886201926547,0.0004051749711564883,4.464841599663254e-06,0.003932964857925051,1.9164287807505545e-05,0.03315588782474159,-0.0005247323778859769,2.300464209163316,-0.0018114671568439402,-6.343950473854863e-07,0.024448953731643942
16.270965814590454,5.7447035653548955e-05,0.2937886201926547,0.0004051749711564883,4.420193183666621e-06,0.0038936352093458006,1.897264492943049e-05,0.03315588782474159,-0.0005247323778859769,2.300464209163316,-0.0017933524852755008,-6.280510969116315e-07,0.024204464194327504
16.289374589920044,5.7496082357222455e-05,0.2938763369575995,0.0004055926874862301,4.425895121195391e-06,0.003902348289265764,1.900499399009026e-05,0.03325565431503603,-0.0005247513996520023,2.3008833017157584,-0.0017894921052120287,-6.269427383735862e-07,0.02419601691056409
16.293334484100342,5.7496082357222455e-05,0.2938763369575995,0.0004055926874862301,4.3816361699834365e-06,0.0038633248063731063,1.8814944050189357e-05,0.03325565431503603,-0.0005247513996520023,2.3008833017157584,-0.0017715971841599084,-6.206733109898503e-07,0.023954056741458448
16.31670594215393,5.7545061970172814e-05,0.29396405689304933,0.0004060101303977462,4.377081348835832e-06,0.0038622244923481527,1.8801603138733397e-05,0.0333551740346392,-0.0005247703111080933,2.301300898016817,-0.0017648977718714408,-6.185205470886725e-07,0.023897867287776473
16.320791482925415,5.7545061970172814e-05,0.29396405689304933,0.0004060101303977462,4.3333105353474735e-06,0.003823602247424671,1.8613587107346063e-05,0.0333551740346392,-0.0005247703111080933,2.301300898016817,-0.0017472487941527263,-6.123353416177857e-07,0.023658888614898708
16.32492995262146,5.759397465632033e-05,0.29405177992455156,0.00040642730011335957,4.511443773435905e-06,0.003997335967008316,1.9414029493411552e-05,0.033454447408377205,-0.0005247891128506156,2.301717003794403,-0.0017916075351401143,-6.289943616356746e-07,0.024454125770976172
16.34589171409607,5.764282057780388e-05,0.2941395059781706,0.00040684419685531147,4.510002478856547e-06,0.003999213125299951,1.9414544605825556e-05,0.033553474861679006,-0.000524807805472449,2.302131624752344,-0.001785823556738659,-6.271803749569725e-07,0.024412584384664888
16.355782747268677,5.764282057780388e-05,0.2941395059781706,0.00040684419685531147,4.464902454067981e-06,0.003959220994046951,1.92203991597673e-05,0.033553474861679006,-0.000524807805472449,2.302131624752344,-0.0017679653211712723,-6.209085712074027e-07,0.024168458540818238
16.372926235198975,5.769159989642949e-05,0.2942272349804855,0.00040726082084559473,4.473591596389682e-06,0.003970802154751633,1.9266053310836206e-05,0.033652256820563456,-0.0005248263895630118,2.3025447665704943,-0.001765028488406748,-6.201456635538419e-07,0.024174118304423346
16.378037929534912,5.769159989642949e-05,0.2942272349804855,0.00040726082084559473,4.428855680425785e-06,0.003931094133204117,1.9073392777727845e-05,0.033652256820563456,-0.0005248263895630118,2.3025447665704943,-0.0017473782035226806,-6.139442069183035e-07,0.023932377121379113
16.38995051383972,5.774031277311312e-05,0.2943149668585853,0.0004076771723057864,4.461237336249248e-06,0.003965429581048118,1.9224743997131705e-05,0.033750793711626405,-0.0005248448657082833,2.3029564349048486,-0.0017509902183295218,-6.156042293334671e-07,0.024047763159940946
16.394695520401,5.774031277311312e-05,0.2943149668585853,0.0004076771723057864,4.416624962886756e-06,0.003925775285237637,1.9032496557160387e-05,0.033750793711626405,-0.0005248448657082833,2.3029564349048486,-0.0017334803161462265,-6.094481870401325e-07,0.023807285528341535
16.41961908340454,5.778895936899497e-05,0.2944027015400668,0.0004080932514574376,4.409061845259774e-06,0.003921719034411484,1.900557198860629e-05,0.033849085962027944,-0.0005248632344908284,2.3033666353876523,-0.001726161695929745,-6.070634392419916e-07,0.023738158485774076
16.42736315727234,5.778895936899497e-05,0.2944027015400668,0.0004080932514574376,4.364971226807177e-06,0.003882501844067369,1.8815516268720227e-05,0.033849085962027944,-0.0005248632344908284,2.3033666353876523,-0.0017089000789704475,-6.009928048495717e-07,0.023500776900916336
16.43328022956848,5.783753984276527e-05,0.29449043895303123,0.00040850905852151694,4.475320389931303e-06,0.0039919552519217544,1.9315188429416405e-05,0.03394713399947969,-0.0005248814964898211,2.303775373627513,-0.001733740801990788,-6.10532881846912e-07,0.02397490495256596
16.45311403274536,5.788605435378413e-05,0.29457817902607975,0.00040892459371885535,4.476456842557543e-06,0.003996273345672873,1.9327107143341535e-05,0.034044938252232246,-0.0005248996522810666,2.3041826552095097,-0.0017288353512861755,-6.090441106982932e-07,0.0239459747350427
16.459784030914307,5.788605435378413e-05,0.29457817902607975,0.00040892459371885535,4.431692274131967e-06,0.003956310612216144,1.9133836071908118e-05,0.034044938252232246,-0.0005248996522810666,2.3041826552095097,-0.0017115469977733136,-6.029536695913103e-07,0.023706514987692273
16.476444244384766,5.7934503058961686e-05,0.2946659216883122,0.00040933985726995207,4.441943214611294e-06,0.003969413497587896,1.9186476442048068e-05,0.0341424991490627,-0.0005249177024370254,2.304588485695305,-0.00170914047916387,-6.023934473207586e-07,0.02371955019176973
16.485599279403687,5.7934503058961686e-05,0.2946659216883122,0.00040933985726995207,4.397523782465181e-06,0.003929719362612017,1.8994611677627587e-05,0.0341424991490627,-0.0005249177024370254,2.304588485695305,-0.0016920490743722314,-5.96369512847551e-07,0.023482354689852034
16.491182327270508,5.798288611632364e-05,0.29475366686932214,0.0004097548493951409,4.5161944711298485e-06,0.004047585759479142,1.9532251578580703e-05,0.03423981711926228,-0.0005249356475268351,2.304992870623252,-0.0017187508093321618,-6.066475971391595e-07,0.023991240670674287
16.496562957763672,5.798288611632364e-05,0.29475366686932214,0.0004097548493951409,4.47103252641855e-06,0.004007109901884351,1.9336929062794896e-05,0.03423981711926228,-0.0005249356475268351,2.304992870623252,-0.0017015633012388402,-6.005811211677678e-07,0.023751328263967544
16.516820669174194,5.803120368267135e-05,0.2948414144991948,0.0004101695703143121,4.4710957499969705e-06,0.004010354472609153,1.934395552641358e-05,0.03433689259262407,-0.0005249534881163337,2.3053958155085033,-0.0016964959601438521,-5.990299066093854e-07,0.023718066129536152
16.522087574005127,5.803120368267135e-05,0.2948414144991948,0.0004101695703143121,4.426384792497e-06,0.003970250927883062,1.9150515971149444e-05,0.03433689259262407,-0.0005249534881163337,2.3053958155085033,-0.0016795310005424135,-5.930396075432916e-07,0.02348088546824079
16.537356853485107,5.8079455912579035e-05,0.29492916450850326,0.0004105840202471355,4.4414532230398275e-06,0.003988016757740785,1.9224705936371575e-05,0.03443372599943085,-0.0005249712247680817,2.3057973258431192,-0.0016784898352004277,-5.929905518247029e-07,0.023516109645516932
16.542094230651855,5.8079455912579035e-05,0.29492916450850326,0.0004105840202471355,4.397038690809429e-06,0.003948136590163377,1.903245887700786e-05,0.03443372599943085,-0.0005249712247680817,2.3057973258431192,-0.0016617049368484235,-5.870606463064559e-07,0.023280948549061764
16.55470371246338,5.81276429628507e-05,0.29501691682830555,0.00041099819941314315,4.424832914072634e-06,0.003978247555614366,1.9163669217680057e-05,0.03453031777044302,-0.0005249888580413841,2.3061974070961764,-0.0016640476738629905,-5.882775872314302e-07,0.023373990100655828
16.559651851654053,5.81276429628507e-05,0.29501691682830555,0.00041099819941314315,4.380584584931907e-06,0.003938465080058223,1.8972032525503257e-05,0.03453031777044302,-0.0005249888580413841,2.3061974070961764,-0.0016474071971243605,-5.823948113591159e-07,0.02314025019964927
16.577852487564087,5.817576498683753e-05,0.29510467139014157,0.00041141210803122903,4.386440180249983e-06,0.003947295538940383,1.9004931154481157e-05,0.03462666833688663,-0.0005250063884923136,2.3065960647138732,-0.0016439876648185708,-5.814574685422228e-07,0.02313381067644026
16.58291220664978,5.817576498683753e-05,0.29510467139014157,0.00041141210803122903,4.342575778447483e-06,0.003907822583550979,1.8814881842936347e-05,0.03462666833688663,-0.0005250063884923136,2.3065960647138732,-0.001627547788170385,-5.756428938568005e-07,0.022902472569675855
16.59436821937561,5.822382213867195e-05,0.29519242812602986,0.00041182574632048387,4.377958150467359e-06,0.003945347571955187,1.8980191621409056e-05,0.0347227781304415,-0.000525023816673731,2.306993304119637,-0.0016318848839859885,-5.77612615669194e-07,0.02302960834645627
16.62343454360962,5.827181457070493e-05,0.29528018696846464,0.00041223911449924863,4.365203679178636e-06,0.00393608671555402,1.892961087955845e-05,0.03481864758322947,-0.0005250411431353078,2.3073891307142294,-0.0016236401202154584,-5.748669708221538e-07,0.02293919725190164
16.633783102035522,5.827181457070493e-05,0.29528018696846464,0.00041223911449924863,4.32155164238685e-06,0.0038967258483984797,1.8740314770762864e-05,0.03481864758322947,-0.0005250411431353078,2.3073891307142294,-0.0016074037190133038,-5.691183011139323e-07,0.022709805279382624
16.65933084487915,5.836760588399679e-05,0.2954557107053093,0.0004130650413987088,4.348810306586697e-06,0.003926462798169038,1.886940017776101e-05,0.03500966719713211,-0.000525075493081807,2.308176566960251,-0.0016095464693990547,-5.702686582634207e-07,0.02279934442661586
16.665141820907593,5.836760588399679e-05,0.2954557107053093,0.0004130650413987088,4.30532220352083e-06,0.003887198170187348,1.86807061759834e-05,0.03500966719713211,-0.000525075493081807,2.308176566960251,-0.001593451004705064,-5.645659716807865e-07,0.022571350982349702
16.674367666244507,5.841540506773553e-05,0.29554347546705817,0.00041347760055509354,4.359677278292984e-06,0.003943455428519288,1.8931682777827965e-05,0.035104818224595845,-0.0005250925176503168,2.3085681873008217,-0.0016024872283364664,-5.683310538715708e-07,0.022781754598398894
16.677433013916016,5.841540506773553e-05,0.29554347546705817,0.00041347760055509354,4.316080505510054e-06,0.003904020874234095,1.8742365950049683e-05,0.035104818224595845,-0.0005250925176503168,2.3085681873008217,-0.0015864623560531018,-5.62647743332855e-07,0.022553937052414905
16.697904586791992,5.846314013652108e-05,0.29563124207002484,0.00041388989047258946,4.316767830478996e-06,0.0039078530951293,1.8752111009820242e-05,0.035199730643967954,-0.0005251094426662046,2.3089584162087116,-0.001581781923220859,-5.612420445738327e-07,0.022524255766189712
16.70735239982605,5.846314013652108e-05,0.29563124207002484,0.00041388989047258946,4.273600152174206e-06,0.0038687745641780066,1.856458989972204e-05,0.035199730643967954,-0.0005251094426662046,2.3089584162087116,-0.0015659641039886504,-5.556296241280944e-07,0.022299013208527816
16.722928047180176,5.851081123970227e-05,0.2957190104490356,0.00041430191136840517,4.28842890478137e-06,0.0038864365681248445,1.8637924260073114e-05,0.035294404889407036,-0.0005251262686635131,2.3093472589729243,-0.0015649137197196812,-5.555942748800243e-07,0.022332548470754856
16.72690773010254,5.851081123970227e-05,0.2957190104490356,0.00041430191136840517,4.245544615733557e-06,0.0038475722024435962,1.8451545017472383e-05,0.035294404889407036,-0.0005251262686635131,2.3093472589729243,-0.0015492645825224843,-5.50038332131224e-07,0.022109222986047308
16.733458757400513,5.855841852618361e-05,0.2958067805393743,0.000414713663459418,4.339797230464787e-06,0.003943075610926907,1.888238626527404e-05,0.03538884139544508,-0.0005251429961732226,2.3097347208604213,-0.0015682929408336807,-5.576017115104423e-07,0.022495917421992678
16.754902601242065,5.8605962143979396e-05,0.29589455227677963,0.0004151251469623398,4.338115191718439e-06,0.003944575828686597,1.8881432349833317e-05,0.03548304059697632,-0.0005251596257232711,2.3101208071162254,-0.001563091161620764,-5.559975656722616e-07,0.022455988354480524
16.766992330551147,5.8605962143979396e-05,0.29589455227677963,0.0004151251469623398,4.294734039801254e-06,0.0039051300703997313,1.8692618026334983e-05,0.03548304059697632,-0.0005251596257232711,2.3101208071162254,-0.0015474602500045564,-5.50437590015539e-07,0.02223142847093572
16.78145718574524,5.8653442240102315e-05,0.2959823255974411,0.00041553636209341063,4.3135587300161534e-06,0.003926759172828842,1.8784027922471716e-05,0.03557700292924625,-0.0005251761578385743,2.31050552296352,-0.0015474281042475873,-5.507933259391896e-07,0.0222824620933599
16.78691029548645,5.8653442240102315e-05,0.2959823255974411,0.00041553636209341063,4.270423142715992e-06,0.0038874915811005534,1.8596187643247e-05,0.03557700292924625,-0.0005251761578385743,2.31050552296352,-0.0015319538232051115,-5.452853926797977e-07,0.0220596374724263
16.792179584503174,5.870085896245777e-05,0.29607010043799703,0.0004159473090686779,4.397096370508361e-06,0.004015194820435013,1.917380700141832e-05,0.03567072882784068,-0.000525192593041046,2.310888873603753,-0.0015587648729828215,-5.558425719891856e-07,0.022586802390971564
16.81340479850769,5.874821245527533e-05,0.2961578767355321,0.00041635798810413563,4.395126201282783e-06,0.004016397603112856,1.9171512078216358e-05,0.03576421872867489,-0.0005252089318496187,2.3112708642167354,-0.0015535720370922444,-5.542398019920585e-07,0.022545924442131427
16.822019577026367,5.874821245527533e-05,0.2961578767355321,0.00041635798810413563,4.351174939269955e-06,0.003976233627081728,1.8979796957434195e-05,0.03576421872867489,-0.0005252089318496187,2.3112708642167354,-0.001538036316721322,-5.48697403972138e-07,0.022320465197710113
16.835668563842773,5.879550286479144e-05,0.2962456544275729,0.0004167683994150831,4.3729028083945565e-06,0.004000782068591534,1.9084410173421875e-05,0.03585747306798293,-0.0005252251747802621,2.3116514999607416,-0.0015387212115780071,-5.493325027944184e-07,0.022383932987156876
16.840689182281494,5.879550286479144e-05,0.2962456544275729,0.0004167683994150831,4.3291737803106105e-06,0.003960774247905619,1.8893566071687656e-05,0.03585747306798293,-0.0005252251747802621,2.3116514999607416,-0.001523333999462227,-5.438391777664742e-07,0.02216009365728531
16.855406761169434,5.88427303350153e-05,0.29633343345208646,0.00041717854321693333,4.346315575470769e-06,0.003980808807291645,1.897749182523787e-05,0.03595049228230693,-0.0005252413223460042,2.3120307859726097,-0.0015229078025179817,-5.440513642998796e-07,0.02220342579954722
16.86704969406128,5.88427303350153e-05,0.29633343345208646,0.00041717854321693333,4.302852419716061e-06,0.003941000719218728,1.878771690698549e-05,0.03595049228230693,-0.0005252413223460042,2.3120307859726097,-0.0015076787244928018,-5.386108506568808e-07,0.021981391541551747
16.877434492111206,5.888989501096015e-05,0.2964212137474768,0.00041758841972457187,4.3453737196936505e-06,0.003986118402142009,1.8986299475086234e-05,0.03604327680848654,-0.0005252573750569496,2.3124087273678398,-0.001513457853442558,-5.411948386283299e-07,0.022135740806789556
16.882954835891724,5.888989501096015e-05,0.2964212137474768,0.00041758841972457187,4.301919982496714e-06,0.003946257218120589,1.879643648033537e-05,0.03604327680848654,-0.0005252573750569496,2.3124087273678398,-0.0014983232749081323,-5.357828902420467e-07,0.02191438339872166
16.916768074035645,5.8984036550266363e-05,0.29659677790667294,0.0004184073717159876,4.311359214087964e-06,0.00395871637137364,1.8845626602898112e-05,0.036228143545196115,-0.000525289197940374,2.313160596664287,-0.0014960427494896263,-5.352827376203741e-07,0.02192386915595996
16.923540353775024,5.8984036550266363e-05,0.29659677790667294,0.0004184073717159876,4.268245621947084e-06,0.0039191292076599035,1.865717033686913e-05,0.036228143545196115,-0.000525289197940374,2.313160596664287,-0.00148108232199473,-5.299299102441703e-07,0.021704630464400358
16.957892417907715,5.907792862010925e-05,0.2967723464210279,0.00041922525710344304,4.277080875717272e-06,0.003931046495596381,1.870373665057235e-05,0.036412076778383644,-0.0005253206474536545,2.31390714835106,-0.0014786216540260489,-5.293669233497168e-07,0.021711065632109432
16.962839365005493,5.907792862010925e-05,0.2967723464210279,0.00041922525710344304,4.234310066960099e-06,0.0038917360306404175,1.8516699284066626e-05,0.036412076778383644,-0.0005253206474536545,2.31390714835106,-0.0014638354374857884,-5.240732541162195e-07,0.021493954975788338
16.97967219352722,5.912478145666667e-05,0.29686013216196405,0.00041963380035535907,4.244445099882868e-06,0.003904970181623201,1.8569197043213493e-05,0.03650369442612138,-0.000525336233441247,2.3142784426556453,-0.0014616729600777471,-5.236342301398298e-07,0.021505866001789137
16.985037803649902,5.912478145666667e-05,0.29686013216196405,0.00041963380035535907,4.202000648884039e-06,0.003865920479806969,1.8383505072781358e-05,0.03650369442612138,-0.000525336233441247,2.3142784426556453,-0.0014470562304769697,-5.183978878384315e-07,0.021290807341771245
16.99121594429016,5.917157234888177e-05,0.2969479188132229,0.0004200420775971006,4.302798391760734e-06,0.003969353629484823,1.8846794905347456e-05,0.03659508001242033,-0.000525351727574371,2.3146484225939807,-0.0014663681117343369,-5.262347528967381e-07,0.021693824216872284
16.996612071990967,5.917157234888177e-05,0.2969479188132229,0.0004200420775971006,4.259770407843127e-06,0.003929660093189975,1.8658326956293982e-05,0.03659508001242033,-0.000525351727574371,2.3146484225939807,-0.0014517044306169935,-5.209724053677707e-07,0.021476885974703562
17.014951467514038,5.921830143531344e-05,0.2970357063161896,0.000420450089041952,4.265230043021474e-06,0.003938231758460304,1.868960741020104e-05,0.03668623397591448,-0.0005253671303432075,2.3150170931349323,-0.0014484979609583467,-5.201284208479022e-07,0.021468888058833888
17.019863605499268,5.921830143531344e-05,0.2970357063161896,0.000420450089041952,4.2225777425912595e-06,0.0038988494408757003,1.8502711336099026e-05,0.03668623397591448,-0.0005253671303432075,2.3150170931349323,-0.0014340129813487632,-5.149271366394232e-07,0.021254199178245548
17.03400158882141,5.926496885463317e-05,0.2971234946126645,0.00042085783490275393,4.242619591075377e-06,0.003921954880369382,1.8600111446089426e-05,0.03677715675545396,-0.000525382442235165,2.315384459226802,-0.0014342543860419354,-5.15414282826315e-07,0.02130894326660972
17.038761377334595,5.926496885463317e-05,0.2971234946126645,0.00042085783490275393,4.200193395164623e-06,0.0038827353315656877,1.841411033162853e-05,0.03677715675545396,-0.000525382442235165,2.315384459226802,-0.001419911842181516,-5.102601399980518e-07,0.021095853833943624
17.058398723602295,5.9311574745068e-05,0.29721128364486016,0.00042126531539170883,4.202970243252248e-06,0.003888613120539019,1.843317467250077e-05,0.03686784879009531,-0.000525397663734899,2.315750525797422,-0.0014161462010844682,-5.091963861932779e-07,0.021076660861566163
17.068482398986816,5.9311574745068e-05,0.29721128364486016,0.00042126531539170883,4.160940540819726e-06,0.0038497269893336284,1.824884292577576e-05,0.03686784879009531,-0.000525397663734899,2.315750525797422,-0.0014019847390736235,-5.041044223313451e-07,0.0208658942529505
17.07538390159607,5.935811924395463e-05,0.29729907335539824,0.000421672530721355,4.246598481175063e-06,0.0039384334882649015,1.8644182560623377e-05,0.036958310519091736,-0.0005254127953243289,2.3161152977542514,-0.0014174694808375893,-5.105013252577754e-07,0.021200985877695408
17.08818745613098,5.935811924395463e-05,0.29729907335539824,0.000421672530721355,4.204132496363312e-06,0.0038990491533822526,1.8457740735017143e-05,0.036958310519091736,-0.0005254127953243289,2.3161152977542514,-0.0014032947860292135,-5.053963120051976e-07,0.020988976018918453
17.093024015426636,5.9404602488742445e-05,0.29738686368730793,0.0004220794811036481,4.343488113795189e-06,0.004041572689166327,1.9097168532041303e-05,0.03704854238188352,-0.0005254278374826567,2.3164787799844664,-0.0014311043974487051,-5.165869303427736e-07,0.02155229571041791
17.104504585266113,5.9404602488742445e-05,0.29738686368730793,0.0004220794811036481,4.300053232657237e-06,0.004001156962274663,1.8906196846720888e-05,0.03704854238188352,-0.0005254278374826567,2.3164787799844664,-0.001416793353474218,-5.114210610393458e-07,0.02133677275331373
17.120744466781616,5.9451024614430445e-05,0.297474654584022,0.00042248616675029485,4.3110149087256025e-06,0.00401520422327034,1.896238420994726e-05,0.03713854481808848,-0.0005254427906863848,2.316840977355055,-0.0014150103513438173,-5.111220832824457e-07,0.02135288322913383
17.125794887542725,5.9451024614430445e-05,0.297474654584022,0.00042248616675029485,4.267904759638346e-06,0.003975052181037637,1.8772760367847786e-05,0.03713854481808848,-0.0005254427906863848,2.316840977355055,-0.0014008602478303791,-5.060108624496212e-07,0.021139354396842492
17.161344289779663,5.954368605318926e-05,0.2976502378476015,0.00042329874468206673,4.2744443994854e-06,0.003984693001953111,1.8808891885828304e-05,0.037317863170040204,-0.0005254724321226578,2.317561536884921,-0.0013980721983513072,-5.053165456790475e-07,0.02113653391910024
17.172970294952393,5.954368605318926e-05,0.2976502378476015,0.00042329874468206673,4.231699955490546e-06,0.00394484607193358,1.862080296697002e-05,0.037317863170040204,-0.0005254724321226578,2.317561536884921,-0.001384091476367794,-5.00263380222257e-07,0.020925168579909236
17.17676877975464,5.958992563481538e-05,0.29773803010333055,0.0004237046373893343,4.41930574605789e-06,0.004136522030506799,1.948112847628098e-05,0.03740717996582558,-0.0005254871212948662,2.317919908678064,-0.0014222300810617814,-5.155593309714203e-07,0.02168684659959089
17.195683240890503,5.963610463668097e-05,0.29782582270158614,0.0004241102662051293,4.421234416306827e-06,0.004141572407929856,1.9496353280940463e-05,0.03749626909508284,-0.000525501723391837,2.3182770148794973,-0.0014183823742024344,-5.144611051705849e-07,0.021664288588595922
17.216788053512573,5.968222319178511e-05,0.2979136155877833,0.00042451563133983147,4.418310221625465e-06,0.004141755200473963,1.9489507934155195e-05,0.0375851309981773,-0.0005255162388768352,2.3186328602566477,-0.0014134392785750698,-5.129357619071517e-07,0.021621186237870883
17.222262144088745,5.968222319178511e-05,0.2979136155877833,0.00042451563133983147,4.37412711940921e-06,0.0041003376484692235,1.9294612854813642e-05,0.0375851309981773,-0.0005255162388768352,2.3186328602566477,-0.0013993048857893192,-5.078064042880801e-07,0.021404974375492176
17.24248194694519,5.972828143245945e-05,0.29800140870772585,0.000424920733003628,4.373432326906406e-06,0.004102753648638733,1.9297894187983222e-05,0.037673766115596245,-0.0005255306682105301,2.318987449557303,-0.001394897751946536,-5.064883667814293e-07,0.021371433331503948
17.24711847305298,5.972828143245945e-05,0.29800140870772585,0.000424920733003628,4.329698003637341e-06,0.0040617261121523454,1.9104915246103388e-05,0.037673766115596245,-0.0005255306682105301,2.318987449557303,-0.0013809487744270708,-5.01423483113615e-07,0.02115771899818891
17.256041049957275,5.977427949081393e-05,0.2980892020076036,0.00042532557140629,4.383839868433445e-06,0.0041195034117968085,1.9358262825841284e-05,0.037762174887940037,-0.0005255450118510115,2.3193407875097014,-0.001388728816158882,-5.04890204674269e-07,0.021353782665593863
17.261693716049194,5.977427949081393e-05,0.2980892020076036,0.00042532557140629,4.340001469749111e-06,0.0040783083776788406,1.916468019758287e-05,0.037762174887940037,-0.0005255450118510115,2.3193407875097014,-0.0013748415279972931,-4.998413026275263e-07,0.021140244838937925
17.27954602241516,5.9820217497956684e-05,0.29817699543399,0.00042573014675736774,4.345246232423201e-06,0.004086702934171043,1.9195001877955746e-05,0.03785035775591319,-0.0005255592702538073,2.319692878822621,-0.001371817248924571,-4.990618920805358e-07,0.021131875541743513
17.285874366760254,5.9820217497956684e-05,0.29817699543399,0.00042573014675736774,4.301793770098969e-06,0.004045835904829332,1.9003051859176188e-05,0.03785035775591319,-0.0005255592702538073,2.319692878822621,-0.0013580990764353253,-4.940712731597304e-07,0.020920556786326077
17.29412269592285,5.986609558466274e-05,0.2982647889338397,0.0004261344592663022,4.363941246945004e-06,0.004111815470082325,1.9293135131698335e-05,0.03793831516031553,-0.000525573443871899,2.3200437281854693,-0.0013675863030351884,-4.982194070106853e-07,0.021149265300149357
17.321577548980713,5.9911913880705326e-05,0.29835258245448587,0.0004265385091420627,4.351861210683262e-06,0.004102674730852868,1.9244354095444166e-05,0.0380260475420335,-0.0005255875331557393,2.3203933402683705,-0.0013607983022693065,-4.959550782146692e-07,0.021068880802228247
17.327078580856323,5.9911913880705326e-05,0.29835258245448587,0.0004265385091420627,4.308342598576429e-06,0.0040616479835443395,1.9051910554489723e-05,0.0380260475420335,-0.0005255875331557393,2.3203933402683705,-0.0013471903192466134,-4.909955274325225e-07,0.020858191994205966
17.33261227607727,5.995767251630454e-05,0.2984403759436381,0.00042694229659353714,4.421660759608232e-06,0.0041796840663986855,1.9576124839950718e-05,0.03811355534203145,-0.0005256015385532672,2.320741719722254,-0.0013676818891681037,-4.995072167912554e-07,0.02129783817756678
17.33929419517517,5.995767251630454e-05,0.2984403759436381,0.00042694229659353714,4.37744415201215e-06,0.004137887225734699,1.938036359155121e-05,0.03811355534203145,-0.0005256015385532672,2.320741719722254,-0.0013540050702764226,-4.945121446233428e-07,0.02108485979579111
17.353392362594604,6.000337161956436e-05,0.2985281693493795,0.00042734582182908616,4.3949898056986425e-06,0.004158781276451754,1.946692332204022e-05,0.038200839001343086,-0.0005256154605099253,2.3210888711789437,-0.0013537141878526965,-4.94810674999242e-07,0.021127567853423398
17.369335889816284,6.000337161956436e-05,0.2985281693493795,0.00042734582182908616,4.351039907641656e-06,0.004117193463687237,1.9272254088819817e-05,0.038200839001343086,-0.0005256154605099253,2.3210888711789437,-0.0013401770459741695,-4.898625682492495e-07,0.020916292174889165
17.388066053390503,6.004901131881273e-05,0.29861596262016443,0.00042774908505712795,4.353632939330591e-06,0.004122894197337365,1.9290426903235523e-05,0.03828789896106293,-0.000525629299468675,2.3214347992512416,-0.0013366866493290037,-4.888924907058526e-07,0.020897320716497518
17.393168926239014,6.004901131881273e-05,0.29861596262016443,0.00042774908505712795,4.3100966099372855e-06,0.004081665255363992,1.9097522634203168e-05,0.03828789896106293,-0.000525629299468675,2.3214347992512416,-0.0013233197828357137,-4.840035657987941e-07,0.020688347509332544
17.400585889816284,6.009459174271304e-05,0.29870375570481605,0.0004281520864855535,4.38328989299517e-06,0.004159216567496668,1.9438786938951752e-05,0.03837473566233789,-0.0005256430558700129,2.3217795085330186,-0.0013349621885084242,-4.89038282799456e-07,0.02096009597738314
17.403957843780518,6.009459174271304e-05,0.29870375570481605,0.0004281520864855535,4.339456994065218e-06,0.004117624401821701,1.9244399069562234e-05,0.03837473566233789,-0.0005256430558700129,2.3217795085330186,-0.00132161256662334,-4.841478999714614e-07,0.02075049501760931
17.435176610946655,6.018557527043661e-05,0.29887934111284253,0.0004289573047742387,4.351227414516428e-06,0.00413269170333908,1.9304614002220632e-05,0.03854774105435268,-0.0005256703227502102,2.3224652890063413,-0.00132011763283364,-4.839630936217638e-07,0.02076923831921696
17.44022297859192,6.018557527043661e-05,0.29887934111284253,0.0004289573047742387,4.3077151403712636e-06,0.004091364786305689,1.9111567862198427e-05,0.03854774105435268,-0.0005256703227502102,2.3224652890063413,-0.0013069164565053036,-4.791234626855462e-07,0.02056154593602479
17.45531678199768,6.0230978626689015e-05,0.29896713333568625,0.00042935952204931554,4.3215908825190415e-06,0.004108615554724392,1.9181493261136727e-05,0.03863391062757337,-0.0005256838340978807,2.3228063692917362,-0.0013058471285578418,-4.791174182448402e-07,0.020588694994574313
17.46069025993347,6.0230978626689015e-05,0.29896713333568625,0.00042935952204931554,4.278374973693851e-06,0.004067529399177148,1.898967832852536e-05,0.03863391062757337,-0.0005256838340978807,2.3228063692917362,-0.0012927886572722633,-4.7432624406239183e-07,0.02038280804462857
17.483612060546875,6.027632321222876e-05,0.2990549251713302,0.000429761478354076,4.2730519547128085e-06,0.004065154691048097,1.8971565910755958e-05,0.03871985870729456,-0.0005256972646257919,2.3231462489744796,-0.0012877140392966524,-4.727194005550073e-07,0.020331723647644857
17.489776134490967,6.027632321222876e-05,0.2990549251713302,0.000429761478354076,4.23032143516568e-06,0.0040245031441376155,1.87818502516484e-05,0.03871985870729456,-0.0005256972646257919,2.3231462489744796,-0.001274836898903686,-4.679922065494572e-07,0.02012840641116841
17.51722264289856,6.0366836569688886e-05,0.2992305074839002,0.0004305646088793239,4.250482848241106e-06,0.004048230665111418,1.8880688767088752e-05,0.038891092151381264,-0.0005257238849335936,2.3238224245155514,-0.0012750963659636007,-4.6851160330629415e-07,0.020180927231176073
17.521979093551636,6.0366836569688886e-05,0.2992305074839002,0.0004305646088793239,4.207978019758695e-06,0.004007748358460304,1.8691881879417864e-05,0.038891092151381264,-0.0005257238849335936,2.3238224245155514,-0.0012623454023039647,-4.638264872732312e-07,0.019979117958864312
17.53780746459961,6.041200558947825e-05,0.2993182978631509,0.0004309657835124994,4.219963908454227e-06,0.004023134815276306,1.8753259684038153e-05,0.03897637839831852,-0.0005257370755631986,2.32415872931968,-0.0012608864589408247,-4.6366752361164396e-07,0.019998237611141757
17.543641567230225,6.041200558947825e-05,0.2993182978631509,0.0004309657835124994,4.177764269369684e-06,0.003982903467123542,1.856572708719777e-05,0.03897637839831852,-0.0005257370755631986,2.32415872931968,-0.0012482775943514165,-4.590308483755275e-07,0.01979825523503034
17.559026956558228,6.0457116334292996e-05,0.29940608765984666,0.0004313666980005956,4.191546429832141e-06,0.00400013493213348,1.8635353761294747e-05,0.03906144491688399,-0.0005257501870725032,2.324493851412923,-0.0012472102786572805,-4.590275409296779e-07,0.0198247088171834
17.564452409744263,6.0457116334292996e-05,0.29940608765984666,0.0004313666980005956,4.149630965533819e-06,0.003960133582812145,1.84490002236818e-05,0.03906144491688399,-0.0005257501870725032,2.324493851412923,-0.0012347381758707077,-4.5443726552038117e-07,0.019626461729011568
17.57813000679016,6.0502168927234523e-05,0.2994938768260237,0.00043176735254940433,4.170561444152273e-06,0.003984716891016388,1.8551487279229515e-05,0.0391462921483285,-0.0005257632198805178,2.3248277952225855,-0.0012351527820007723,-4.5502883128738643e-07,0.01968178491284989
17.58282494544983,6.0502168927234523e-05,0.2994938768260237,0.00043176735254940433,4.12885582971075e-06,0.003944869722106225,1.836597240643722e-05,0.0391462921483285,-0.0005257632198805178,2.3248277952225855,-0.0012228012541807645,-4.5047854297451257e-07,0.01948496706372139
17.602569103240967,6.054716348973381e-05,0.29958166531406366,0.00043216774736416243,4.130764313118428e-06,0.003949884046578811,1.838098776133277e-05,0.03923092053387489,-0.0005257761744039412,2.3251605651578817,-0.0012193597424378325,-4.495152368930633e-07,0.019463801148308427
17.60865068435669,6.054716348973381e-05,0.29958166531406366,0.00043216774736416243,4.089456669987244e-06,0.003910385206113023,1.819717788371944e-05,0.03923092053387489,-0.0005257761744039412,2.3251605651578817,-0.0012071661450134541,-4.4502008452413264e-07,0.01926916313682534
17.616365671157837,6.059210014400292e-05,0.2996694530766913,0.00043256788265002514,4.158987628261504e-06,0.003985069968944643,1.8523332642577883e-05,0.03931533051471038,-0.0005257890510571744,2.3254921656100196,-0.0012174428626760092,-4.4959147745156364e-07,0.019519428302756082
17.622016429901123,6.059210014400292e-05,0.2996694530766913,0.00043256788265002514,4.1173977519788895e-06,0.003945219269255197,1.8338099316152104e-05,0.03931533051471038,-0.0005257890510571744,2.3254921656100196,-0.001205268434049249,-4.45095562677048e-07,0.01932423401972852
17.63826584815979,6.0636979010137634e-05,0.2997572400669719,0.00043296775861189864,4.128593354723361e-06,0.003959791776064194,1.8395816728272973e-05,0.03939952253197899,-0.000525801850252336,2.325822600952281,-0.0012037613248743204,-4.449082140360817e-07,0.019340575522169345
17.64382290840149,6.0636979010137634e-05,0.2997572400669719,0.00043296775861189864,4.087307421176127e-06,0.003920193858303551,1.8211858560990242e-05,0.03939952253197899,-0.000525801850252336,2.325822600952281,-0.0011917237116255773,-4.4045913189572086e-07,0.01914716976694765
17.661911964416504,6.068180020946069e-05,0.29984502623831033,0.0004333673754543017,4.093425215704583e-06,0.00392952191201532,1.8246181894247996e-05,0.03948349702677401,-0.0005258145723992761,2.326151875540103,-0.0011892214518509899,-4.398669276709143e-07,0.019143318048860207
17.66840386390686,6.068180020946069e-05,0.29984502623831033,0.0004333673754543017,4.0524909635475374e-06,0.0038902266928951667,1.8063720075305518e-05,0.03948349702677401,-0.0005258145723992761,2.326151875540103,-0.00117732923733248,-4.3546825839420516e-07,0.018951884868371606
17.677713871002197,6.072656386084416e-05,0.2999328115444469,0.00043376673338169867,4.1031654658636665e-06,0.003945615771608863,1.8303356778864408e-05,0.039567254440130616,-0.0005258272179055911,2.3264799937111595,-0.0011837367239890151,-4.3848688019700924e-07,0.019125648672521315
17.682411670684814,6.072656386084416e-05,0.2999328115444469,0.00043376673338169867,4.06213381120503e-06,0.0039061596138927745,1.8120323211075765e-05,0.039567254440130616,-0.0005258272179055911,2.3264799937111595,-0.001171899356749125,-4.3410201139503916e-07,0.018934392185796102
17.699698448181152,6.077127008449844e-05,0.30002059593945674,0.00043416583259808263,4.070573981092462e-06,0.003917879257104721,1.8165320491658728e-05,0.03965079521301842,-0.000525839787176637,2.3268069597854413,-0.0011699117783609575,-4.3371373600059656e-07,0.01894002402589107
17.708892345428467,6.077127008449844e-05,0.30002059593945674,0.00043416583259808263,4.029868241281537e-06,0.003878700464533674,1.7983667286742142e-05,0.03965079521301842,-0.000525839787176637,2.3268069597854413,-0.0011582126605773479,-4.293765986405906e-07,0.01875062378563216
17.71773910522461,6.081591899784904e-05,0.30010837937774687,0.0004345646733074489,4.085329481002896e-06,0.0039391401189849675,1.8245552192475053e-05,0.03973411978633421,-0.0005258522806155447,2.3271327780653355,-0.00116552930568347,-4.3277113664465965e-07,0.018942791444540093
17.739006996154785,6.086051072099701e-05,0.3001961618140541,0.00043496325571334846,4.084264624588144e-06,0.003941023351062992,1.8246722463350003e-05,0.03981722860089471,-0.0005258646986232331,2.3274574528357057,-0.001161687076784201,-4.3162684318324e-07,0.01891075136753075
17.743058919906616,6.086051072099701e-05,0.3001961618140541,0.00043496325571334846,4.043421978342262e-06,0.0039016131175523623,1.8064255238716503e-05,0.03981722860089471,-0.0005258646986232331,2.3274574528357057,-0.001150070206016359,-4.273105747514076e-07,0.01872164385385544
17.766091346740723,6.090504537003264e-05,0.30028394320344287,0.0004353615800189726,4.039686833070644e-06,0.0039007090765883394,1.8053063515578462e-05,0.0399001220974294,-0.0005258770415984238,2.3277809883639713,-0.0011457397547534065,-4.2596352736608147e-07,0.018679256844434257
17.769259452819824,6.090504537003264e-05,0.30028394320344287,0.0004353615800189726,3.999289964739937e-06,0.003861701985822456,1.7872532880422677e-05,0.0399001220974294,-0.0005258770415984238,2.3277809883639713,-0.0011342823572058724,-4.2170389209242067e-07,0.018492464275989915
17.781060218811035,6.094952306349892e-05,0.30037172350130337,0.00043575964642740295,4.030845199762476e-06,0.003897470223210594,1.802432814503572e-05,0.0399828007165734,-0.0005258893099376535,2.328103388900186,-0.001136848418533395,-4.2317169499054e-07,0.0185892400929836
17.78660249710083,6.094952306349892e-05,0.30037172350130337,0.00043575964642740295,3.990536747764851e-06,0.003858495520978488,1.7844084863585364e-05,0.0399828007165734,-0.0005258893099376535,2.328103388900186,-0.0011254799343480611,-4.189399780406346e-07,0.018403347692053765
17.80259394645691,6.099394391670811e-05,0.300459502663349,0.0004361574551416117,4.00337070705291e-06,0.0038748018790085597,1.7909394928626484e-05,0.04006526489886043,-0.00052590150403529,2.3284246586771156,-0.0011244261499687696,-4.189264575284714e-07,0.018426476870999402
17.813366651535034,6.099394391670811e-05,0.300459502663349,0.0004361574551416117,3.963336999982381e-06,0.003836053860218474,1.773030097934022e-05,0.04006526489886043,-0.00052590150403529,2.3284246586771156,-0.001113181888469082,-4.1473719295318666e-07,0.018242212102289407
17.82104730606079,6.10383080472023e-05,0.3005472806456145,0.0004365550063640436,4.03338636635149e-06,0.003911977834084665,1.806017694045086e-05,0.04014751508471585,-0.0005259136242835431,2.328744801910318,-0.001123158790484868,-4.192444005168664e-07,0.018489626109899134
17.827179670333862,6.10383080472023e-05,0.3005472806456145,0.0004365550063640436,3.993052502687975e-06,0.003872858055743818,1.7879575171046353e-05,0.04014751508471585,-0.0005259136242835431,2.328744801910318,-0.0011119272025800194,-4.1505195651169774e-07,0.018304729848800144
17.839696407318115,6.108261556996145e-05,0.30063505740445384,0.00043695230029717336,4.020351445467233e-06,0.003904256987229629,1.8011803321750484e-05,0.04022955171444972,-0.0005259256710724804,2.329063822798219,-0.0011136814768268153,-4.1618787035923326e-07,0.01838453508962027
17.856920957565308,6.112686659929792e-05,0.3007228328965377,0.00043734933714283683,4.0289476578555796e-06,0.003916173945670402,1.8057557320180504e-05,0.04031137522824997,-0.000525937644790039,2.3293817255221896,-0.001111842261906245,-4.158499832259721e-07,0.018391041927192844
17.887453079223633,6.117106125075093e-05,0.30081060707885227,0.0004377461171029277,4.016157566007273e-06,0.0039057603511374,1.8004325854574984e-05,0.04039298606617561,-0.0005259495458220402,2.329698514246624,-0.0011059368836093598,-4.138389181426788e-07,0.018314148206046384
17.89364504814148,6.117106125075093e-05,0.30081060707885227,0.0004377461171029277,3.9759959903472e-06,0.003866702747626026,1.7824282596029233e-05,0.04039298606617561,-0.0005259495458220402,2.329698514246624,-0.0010948775147732663,-4.09700528961252e-07,0.018131006723985918
17.902400970458984,6.121519963763184e-05,0.3008983799086963,0.0004381426403790627,4.03202002122952e-06,0.003928279680943426,1.808981132527317e-05,0.04047438466815001,-0.0005259613745522011,2.3300141931190157,-0.0011019953386732487,-4.130575068580862e-07,0.018321582547629958
17.905885457992554,6.121519963763184e-05,0.3008983799086963,0.0004381426403790627,3.991699821017225e-06,0.0038889968841339913,1.7908913212020437e-05,0.04047438466815001,-0.0005259613745522011,2.3300141931190157,-0.0010909753852865161,-4.0892693178950536e-07,0.01813836672215366
17.92117714881897,6.125928187436749e-05,0.3009861513436794,0.00043853890717247086,4.006566903523091e-06,0.0039075050405106984,1.798376425123843e-05,0.040555571473954215,-0.0005259731313621492,2.3303287662700325,-0.0010903470478428004,-4.0908629664248204e-07,0.018169189937973812
17.925548553466797,6.125928187436749e-05,0.3009861513436794,0.00043853890717247086,3.96650123448786e-06,0.0038684299901055913,1.7803926608726043e-05,0.040555571473954215,-0.0005259731313621492,2.3303287662700325,-0.0010794435773643725,-4.049954336760572e-07,0.017987498038594073
17.95834183692932,6.134727834809438e-05,0.3011616898610433,0.00043933067211494485,3.9778430170828186e-06,0.0038832744942214202,1.7862490441636555e-05,0.04071731145542523,-0.0005259964307375433,2.330954611846945,-0.001078158403096805,-4.0487851686589613e-07,0.01800450933797942
17.97001361846924,6.134727834809438e-05,0.3011616898610433,0.00043933067211494485,3.938064586911991e-06,0.003844441749279206,1.768386553722019e-05,0.04071731145542523,-0.0005259964307375433,2.330954611846945,-0.001067376819065837,-4.008297316972372e-07,0.017824464244599627
17.981568336486816,6.139119280948655e-05,0.3012494568601791,0.00043972617066550304,3.970943752698074e-06,0.0038819550509535576,1.7842458835137253e-05,0.04079786550988356,-0.0005260079740559093,2.3312658924507326,-0.0010700610392480295,-4.0236764170233684e-07,0.017924170163108415
17.985681533813477,6.139119280948655e-05,0.3012494568601791,0.00043972617066550304,3.931234315171093e-06,0.003843135500444022,1.766403424678588e-05,0.04079786550988356,-0.0005260079740559093,2.3312658924507326,-0.0010593604288555492,-3.9834396528531346e-07,0.017744928461477332
18.02825379371643,6.147885474022066e-05,0.30142498613352003,0.00044051640092643084,3.931081130378787e-06,0.0038459350504237194,1.766930351356447e-05,0.040958343941971856,-0.0005260308498209686,2.331885189609656,-0.0010559580230945094,-3.9734896083898966e-07,0.017717581336733602
18.0331711769104,6.147885474022066e-05,0.30142498613352003,0.00044051640092643084,3.891770319074999e-06,0.003807475699919482,1.7492610478428827e-05,0.040958343941971856,-0.0005260308498209686,2.331885189609656,-0.0010453984428635643,-3.9337547123059977e-07,0.017540405523366265
18.069782972335815,6.152260243029181e-05,0.3015127483262903,0.0004409111330366326,3.8755817597826155e-06,0.0037933719596988775,1.742334663911254e-05,0.041038269197364426,-0.000526042183008387,2.3321932142437602,-0.0010390832507463173,-3.9116833032555707e-07,0.01745182161391795
18.079383850097656,6.152260243029181e-05,0.3015127483262903,0.0004409111330366326,3.836825942184789e-06,0.0037554382401018887,1.7249113172721415e-05,0.041038269197364426,-0.000526042183008387,2.3321932142437602,-0.001028692418238854,-3.872566470223015e-07,0.017277303397778773
18.084446907043457,6.156629475050493e-05,0.3016005088360002,0.00044130561006616156,3.96263290940146e-06,0.003891218888528938,1.7840200942251355e-05,0.041117985730523145,-0.0005260534468895368,2.3325001616063847,-0.0010481504810775646,-3.958127855722661e-07,0.01773018432616049
18.08819818496704,6.156629475050493e-05,0.3016005088360002,0.00044130561006616156,3.923006580307446e-06,0.003852306699643649,1.7661798932828842e-05,0.041117985730523145,-0.0005260534468895368,2.3325001616063847,-0.001037668976266789,-3.918546577165434e-07,0.017552882482898886
18.09364628791809,6.160993181050262e-05,0.3016882676226734,0.00044169983221439515,4.036178855438005e-06,0.0039748650052378156,1.819434586592418e-05,0.04119749397985823,-0.0005260646418297839,2.3328060356962936,-0.0010547657547614515,-3.9943396849616275e-07,0.01795679232941529
18.116512537002563,6.160993181050262e-05,0.3016882676226734,0.00044169983221439515,3.9958170668836246e-06,0.003935116355185437,1.801240240726494e-05,0.04119749397985823,-0.0005260646418297839,2.3328060356962936,-0.001044218097213837,-3.954396288112011e-07,0.017777224406121138
18.119920253753662,6.16535137201514e-05,0.3017760246466263,0.0004420937996803508,4.199241839692304e-06,0.004153289609952039,1.8965343619099184e-05,0.041276794383580395,-0.0005260757681925164,2.3331108404960936,-0.001077430290580532,-4.0978406246674324e-07,0.01852265123522151
18.128110647201538,6.16535137201514e-05,0.3017760246466263,0.0004420937996803508,4.157249421295381e-06,0.004111756713852518,1.8775690182908193e-05,0.041276794383580395,-0.0005260757681925164,2.3331108404960936,-0.0010666559876747266,-4.056862218420758e-07,0.018337424722869294
18.13249182701111,6.16970405873128e-05,0.3018637798684664,0.00044248751266268615,4.304771647466987e-06,0.004270939588852196,1.9468684416707913e-05,0.04135588737969479,-0.0005260868263391588,2.3334145799723074,-0.0010897362520871224,-4.1579777775667887e-07,0.018869656739895813
18.14239811897278,6.16970405873128e-05,0.3018637798684664,0.00044248751266268615,4.261723930992317e-06,0.004228230192963674,1.9273997572540832e-05,0.04135588737969479,-0.0005260868263391588,2.3334145799723074,-0.001078838889566251,-4.116397999791121e-07,0.018680960172496854
18.1509268283844,6.17405125199607e-05,0.30195153324909024,0.00044288097136000484,4.316136279281817e-06,0.004288839641518368,1.953341213091543e-05,0.041434773405995,-0.0005260978166291827,2.3337172580754455,-0.0010852800401744255,-4.147686922200695e-07,0.01886049412174686
18.157095670700073,6.17405125199607e-05,0.30195153324909024,0.00044288097136000484,4.272974916488999e-06,0.004245951245103184,1.9338078009606275e-05,0.041434773405995,-0.0005260978166291827,2.3337172580754455,-0.0010744272397726813,-4.106210052978688e-07,0.01867188918052939
18.16231894493103,6.178392962528983e-05,0.30203928474968117,0.00044327417597063337,4.388501779215115e-06,0.004371492684077899,1.988252216956715e-05,0.041513452900057125,-0.0005261087394201191,2.334018878740077,-0.0010916436281907618,-4.182915045642165e-07,0.019081293443958626
18.167362451553345,6.178392962528983e-05,0.30203928474968117,0.00044327417597063337,4.344616761422964e-06,0.00432777775723712,1.968369694787148e-05,0.041513452900057125,-0.0005261087394201191,2.334018878740077,-0.0010807271919088541,-4.1410858951857433e-07,0.01889048050951904
18.182276487350464,6.182729201172176e-05,0.3021270343317082,0.00044366712669273347,4.356534518852544e-06,0.004343336894541988,1.974510202898208e-05,0.041591926299233854,-0.0005261195950675705,2.3343194458849017,-0.001079652514338078,-4.1407332717632695e-07,0.018909636800510964
18.1871337890625,6.182729201172176e-05,0.3021270343317082,0.00044366712669273347,4.312969173664019e-06,0.004299903525596568,1.9547651008692257e-05,0.041591926299233854,-0.0005261195950675705,2.3343194458849017,-0.0010688559891946971,-4.099325939045637e-07,0.018720540432505855
18.208040714263916,6.187059978522721e-05,0.3022147819569232,0.0004440598237239115,4.309289700232688e-06,0.004298875094724099,1.9536276281290225e-05,0.04167019404064867,-0.0005261303839252229,2.3346189634128214,-0.001065067721135834,-4.0874891511166074e-07,0.0186812470366434
18.21867799758911,6.187059978522721e-05,0.3022147819569232,0.0004440598237239115,4.266196803230361e-06,0.004255886343776858,1.9340913518477322e-05,0.04167019404064867,-0.0005261303839252229,2.3346189634128214,-0.0010544170439244756,-4.046614259605441e-07,0.018494434566276967
18.242804288864136,6.195705191734642e-05,0.3023902711853309,0.0004448444575039922,4.291793173094748e-06,0.0042860652390205745,1.9466273837102065e-05,0.041826114297505844,-0.0005261517626763597,2.3352148651509834,-0.0010557335912538429,-4.0563099494037494e-07,0.018564522215646764
18.249449253082275,6.195705191734642e-05,0.3023902711853309,0.0004448444575039922,4.2488752413638e-06,0.004243204586630369,1.9271611098731045e-05,0.041826114297505844,-0.0005261517626763597,2.3352148651509834,-0.0010451762553413044,-4.015746849909712e-07,0.018378876993490296
18.260326862335205,6.200019648746053e-05,0.3024780127134274,0.0004452363946471976,4.281958271507596e-06,0.0042814350553639574,1.9432072425844998e-05,0.0419037676859974,-0.0005261623532677365,2.3355112570886702,-0.0010477449821671085,-4.030871726479029e-07,0.018476462572049945
18.263747215270996,6.200019648746053e-05,0.3024780127134274,0.0004452363946471976,4.23913868879252e-06,0.004238620704810318,1.9237751701586548e-05,0.0419037676859974,-0.0005261623532677365,2.3355112570886702,-0.0010372675323454374,-3.990563009214239e-07,0.018291697946329444
18.286566972732544,6.204328686731461e-05,0.30256575213451614,0.00044562807888844883,4.23273054200078e-06,0.0042346833834057225,1.9213618937687893e-05,0.04198121716281419,-0.0005261728784651225,2.335806614864481,-0.0010330634296504338,-3.976890040979842e-07,0.018242445329210107
18.294250011444092,6.204328686731461e-05,0.30256575213451614,0.00044562807888844883,4.190403236580772e-06,0.004192336549571666,1.9021482748311015e-05,0.04198121716281419,-0.0005261728784651225,2.335806614864481,-0.0010227327953539294,-3.9371211405700435e-07,0.018060020875918004
18.32091975212097,6.212930547089518e-05,0.30274122450850455,0.0004464106894507899,4.2099744325065815e-06,0.004216207742385706,1.9118910425788035e-05,0.04213550612472812,-0.0005261937340531779,2.336394243214939,-0.0010229749917383328,-3.942313643014605e-07,0.01810698345387092
18.326181888580322,6.212930547089518e-05,0.30274122450850455,0.0004464106894507899,4.167874688181516e-06,0.004174045664961849,1.8927721321530155e-05,0.04213550612472812,-0.0005261937340531779,2.336394243214939,-0.0010127452418209496,-3.9028905065844586e-07,0.017925913619332212
18.34916591644287,6.217223390245173e-05,0.3028289573885007,0.000446801616164359,4.161803367966867e-06,0.004170476447889181,1.8905170769158328e-05,0.0422123464808146,-0.0005262040651268671,2.3366865213934385,-0.0010086305807203318,-3.889555683850597e-07,0.017878003958050913
18.359445571899414,6.217223390245173e-05,0.3028289573885007,0.000446801616164359,4.120185334287198e-06,0.004128771683410289,1.8716119061466745e-05,0.0422123464808146,-0.0005262040651268671,2.3366865213934385,-0.0009985442749131284,-3.850660127012091e-07,0.017699223918470404
18.362950563430786,6.221510855795958e-05,0.3029166880156779,0.00044719229076079317,4.3122210686924365e-06,0.004337785942456825,1.9621581269736375e-05,0.04228898466719415,-0.0005262143321726274,2.3369777806179015,-0.0010277466790832588,-3.9798829801368413e-07,0.018380607264427546
18.368043899536133,6.221510855795958e-05,0.3029166880156779,0.00044719229076079317,4.269098858005512e-06,0.004294408083032256,1.9425365457039012e-05,0.04228898466719415,-0.0005262143321726274,2.3369777806179015,-0.0010174692122924263,-3.940084150335473e-07,0.018196801191783272
18.383404970169067,6.225792953983151e-05,0.30300441635425496,0.00044758271343565406,4.279567623575131e-06,0.004308574827395247,1.948026260720191e-05,0.04236542111867416,-0.0005262245355274108,2.3372680246521793,-0.0010161814815003987,-3.9387822352755826e-07,0.018210021118717057
18.38710117340088,6.225792953983151e-05,0.30300441635425496,0.00044758271343565406,4.23677194733938e-06,0.0042654890791212945,1.9285459981129892e-05,0.04236542111867416,-0.0005262245355274108,2.3372680246521793,-0.0010060196666853947,-3.899394412922827e-07,0.018027920907529887
18.41160798072815,6.230069695025835e-05,0.30309214236871607,0.0004479728843845055,4.22768832638864e-06,0.004258630780141376,1.9248676803295136e-05,0.042441656269777556,-0.0005262346755263656,2.337557257245016,-0.0010014958353298747,-3.884173592592871e-07,0.017969568209760613
18.42360782623291,6.230069695025835e-05,0.30309214236871607,0.0004479728843845055,4.185411443124754e-06,0.004216044472339963,1.9056190035262183e-05,0.042441656269777556,-0.0005262346755263656,2.337557257245016,-0.000991480876976576,-3.845331856666942e-07,0.01778987252766301
18.433438539505005,6.234341089054019e-05,0.3031798660238082,0.0004483628038021886,4.22643885426084e-06,0.004263118303958048,1.9254450707821402e-05,0.042517690554737544,-0.0005262447525028479,2.3378454821301133,-0.0009952832042114115,-3.865875215822203e-07,0.01791488167325996
18.437695503234863,6.234341089054019e-05,0.3031798660238082,0.0004483628038021886,4.184174465718232e-06,0.004220487120918467,1.9061906200743188e-05,0.042517690554737544,-0.0005262447525028479,2.3378454821301133,-0.0009853303721692973,-3.827216463663981e-07,0.01773573285652736
18.443842887878418,6.238607146242384e-05,0.30326758728454023,0.0004487524718837413,4.274727773829915e-06,0.00432097913496564,1.9492688956506644e-05,0.04259352440749246,-0.0005262547667884323,2.338132703026201,-0.00099727902086952,-3.88286527863538e-07,0.018041118752821248
18.460861921310425,6.242867876631967e-05,0.30335530611618117,0.00044914188882375804,4.279749564839833e-06,0.004329310951642843,1.9522075073472433e-05,0.04266915826168062,-0.0005262647187129219,2.3384189236371014,-0.0009951331073247574,-3.8778088242403403e-07,0.018034480827464464
18.466632843017578,6.242867876631967e-05,0.30335530611618117,0.00044914188882375804,4.2369520691914345e-06,0.004286017842126414,1.9326854322737707e-05,0.04266915826168062,-0.0005262647187129219,2.3384189236371014,-0.0009851817762515098,-3.839030735997937e-07,0.01785413601918982
18.480844497680664,6.247123290286174e-05,0.30344302248425725,0.0004495310548166952,4.251724712847864e-06,0.004304879098348034,1.9402040580360576e-05,0.04274459255063527,-0.0005262746086043601,2.3387041476517942,-0.0009846456832653127,-3.8409020806515426e-07,0.017882983197895552
18.484631538391113,6.247123290286174e-05,0.30344302248425725,0.0004495310548166952,4.209207465719386e-06,0.004261830307364553,1.920802017455697e-05,0.04274459255063527,-0.0005262746086043601,2.3387041476517942,-0.0009747992264326596,-3.802493059845027e-07,0.017704153365916596
18.50290870666504,6.251373397112485e-05,0.30353073635455197,0.0004499199700565938,4.211497938237101e-06,0.004267202958001431,1.922454915274475e-05,0.04281982770737954,-0.0005262844367890406,2.338988378744485,-0.0009722505397436567,-3.7956333435630146e-07,0.017687817917138207
18.508427143096924,6.251373397112485e-05,0.30353073635455197,0.0004499199700565938,4.16938295885473e-06,0.004224530928421417,1.9032303661217302e-05,0.04281982770737954,-0.0005262844367890406,2.338988378744485,-0.0009625280343462201,-3.7576770101273843e-07,0.017510939737966826
18.518999814987183,6.255618207085326e-05,0.30361844769310314,0.0004503086347376356,4.204329275024777e-06,0.0042652460503522895,1.920238006626838e-05,0.04289486416462147,-0.0005262942035915176,2.3392716205746704,-0.0009652722868474166,-3.7737339487755417e-07,0.017612695680430807
18.524362802505493,6.255618207085326e-05,0.30361844769310314,0.0004503086347376356,4.162285982274529e-06,0.004222593589848766,1.9010356265605697e-05,0.04289486416462147,-0.0005262942035915176,2.3392716205746704,-0.0009556195639789424,-3.735996609287786e-07,0.0174365687236265
18.53428602218628,6.259857730179216e-05,0.3037061564662018,0.0004506970490533079,4.202229007910002e-06,0.0042687550718199544,1.92039977898271e-05,0.042969702354749076,-0.0005263039093346167,2.339553876787201,-0.0009591619507211559,-3.755523807348442e-07,0.017556179887381597
18.538957595825195,6.259857730179216e-05,0.3037061564662018,0.0004506970490533079,4.160206717830902e-06,0.004226067521101755,1.9011957811928828e-05,0.042969702354749076,-0.0005263039093346167,2.339553876787201,-0.0009495703312139444,-3.7179685692749574e-07,0.01738061808850778
18.564023733139038,6.264091976168155e-05,0.30379386264038966,0.0004510852131970997,4.150859421636888e-06,0.004218796751371685,1.89736602037292e-05,0.043044342709825524,-0.0005263135543394454,2.3398351510123496,-0.0009452284408592993,-3.70320831115664e-07,0.017322794015694577
18.571182250976562,6.264091976168155e-05,0.30379386264038966,0.0004510852131970997,4.109350827420519e-06,0.004176608783857968,1.878392360169191e-05,0.043044342709825524,-0.0005263135543394454,2.3398351510123496,-0.0009357761564507063,-3.6661762280450733e-07,0.01714956607553763
18.580914735794067,6.26832095488195e-05,0.30388156618245876,0.0004514731273621676,4.151238190995907e-06,0.004224956934119366,1.8986857714268758e-05,0.04311878566158426,-0.0005263231389254027,2.3401154468658727,-0.0009396110380986683,-3.686996743218488e-07,0.017275762733806252
18.58558440208435,6.26832095488195e-05,0.30388156618245876,0.0004514731273621676,4.109725809085947e-06,0.004182707364778173,1.879698913712607e-05,0.04311878566158426,-0.0005263231389254027,2.3401154468658727,-0.0009302149277176816,-3.650126775786303e-07,0.01710300510646819
18.612651586532593,6.272544676105917e-05,0.30396926705944893,0.00045186079174150276,4.098432865041875e-06,0.004173281474378342,1.874944030860457e-05,0.04319303164142423,-0.0005263326634101903,2.3403947679490766,-0.0009256274590364219,-3.6342015149087605e-07,0.01703864977524707
18.617935180664062,6.272544676105917e-05,0.30396926705944893,0.00045186079174150276,4.0574485363914565e-06,0.004131548659634558,1.856194590551852e-05,0.04319303164142423,-0.0005263326634101903,2.3403947679490766,-0.0009163711844460576,-3.597859499759673e-07,0.0168682632774946
18.62317180633545,6.276763149536304e-05,0.30405696523864617,0.000452248206527848,4.170757282402732e-06,0.004257703960596898,1.9101681276347157e-05,0.043267081080405195,-0.0005263421281098214,2.3406731178488815,-0.0009314280202218399,-3.6677574647895667e-07,0.01724907921803569
18.635631322860718,6.276763149536304e-05,0.30405696523864617,0.000452248206527848,4.129049709578704e-06,0.004215126920990929,1.8910664463583687e-05,0.043267081080405195,-0.0005263421281098214,2.3406731178488815,-0.0009221137400196215,-3.631079890141671e-07,0.017076588425855334
18.640459537506104,6.28097638492516e-05,0.3041446606875812,0.00045263537191369613,4.254475106837051e-06,0.004354606873066187,1.9507774402333866e-05,0.04334093440924301,-0.0005263515333386325,2.340950500137884,-0.0009390015507878286,-3.7090865708773454e-07,0.01749976628663303
18.645464420318604,6.28097638492516e-05,0.3041446606875812,0.00045263537191369613,4.211930355768681e-06,0.004311060804335525,1.931269665831053e-05,0.04334093440924301,-0.0005263515333386325,2.340950500137884,-0.0009296115352799504,-3.671995705168572e-07,0.0173247686237667
18.664615154266357,6.285184391846308e-05,0.3042323533740277,0.00045302228809151514,4.211796522781859e-06,0.004313740968600358,1.931766313917918e-05,0.04341459205830502,-0.0005263608794092915,2.3412269183744208,-0.0009268577327706479,-3.66396784667818e-07,0.017300752441965165
18.669753551483154,6.285184391846308e-05,0.3042323533740277,0.00045302228809151514,4.16967855755404e-06,0.0042706035589143545,1.912448650778739e-05,0.04341459205830502,-0.0005263608794092915,2.3412269183744208,-0.0009175891554429414,-3.6273281682113986e-07,0.017127744917545512
18.68441939353943,6.289387179884795e-05,0.30432004326600115,0.0004534089552530777,4.182746185642986e-06,0.00428768945000721,1.9191750438947535e-05,0.04348805445760547,-0.0005263701666328094,2.341502376102633,-0.0009169041075316044,-3.628353262003128e-07,0.017150669276610436
18.69179105758667,6.289387179884795e-05,0.30432004326600115,0.0004534089552530777,4.140918723786556e-06,0.004244812555507138,1.899983293455806e-05,0.04348805445760547,-0.0005263701666328094,2.341502376102633,-0.0009077350664562883,-3.5920697293830967e-07,0.016979162583844333
18.70171856880188,6.293584758681485e-05,0.3044077303317565,0.00045379537359015827,4.180323459009542e-06,0.00429069177320276,1.9191487684207104e-05,0.04356132203680097,-0.0005263793953185485,2.341776876852526,-0.0009111246282846591,-3.6110027867759266e-07,0.017095284347094897
18.706526517868042,6.293584758681485e-05,0.3044077303317565,0.00045379537359015827,4.138520224419446e-06,0.004247784855470732,1.8999572807365033e-05,0.04356132203680097,-0.0005263793953185485,2.341776876852526,-0.0009020133820018126,-3.5748927589081674e-07,0.01692433150362395
18.724231004714966,6.297777137676706e-05,0.30449541453978674,0.0004541815432944218,4.142400225551749e-06,0.004254833554678473,1.9023448460166457e-05,0.043634395225186,-0.0005263885657742339,2.3420504241400355,-0.0008999412150790491,-3.5697644427715196e-07,0.016914862302117355
18.730825662612915,6.297777137676706e-05,0.30449541453978674,0.0004541815432944218,4.100976223296231e-06,0.004212285219131688,1.8833213975564793e-05,0.043634395225186,-0.0005263885657742339,2.3420504241400355,-0.0008909418029282586,-3.5340667983438046e-07,0.01674571367909618
18.748100757598877,6.30196432647806e-05,0.3045830958588223,0.00045456746455706167,4.106305684432855e-06,0.004220918280245173,1.8863931436084514e-05,0.043707274451688476,-0.0005263976783059615,2.3423230214670867,-0.0008891096060321805,-3.529967339238297e-07,0.016741443132994242
18.752943754196167,6.30196432647806e-05,0.3045830958588223,0.00045456746455706167,4.065242627588526e-06,0.0041787090974427215,1.8675292121723668e-05,0.043707274451688476,-0.0005263976783059615,2.3423230214670867,-0.0008802185099718587,-3.494667665845914e-07,0.0165740287016643
18.786890983581543,6.310323170938026e-05,0.3047584497060012,0.00045533856252208464,4.071674623412554e-06,0.004188576841621741,1.8711269341301884e-05,0.04385245273289831,-0.000526415730813846,2.342865380177839,-0.0008785607299910622,-3.491287723778705e-07,0.01657352402743934
18.791781425476074,6.310323170938026e-05,0.3047584497060012,0.00045533856252208464,4.030957877178428e-06,0.004146691073205524,1.8524156647888865e-05,0.04385245273289831,-0.000526415730813846,2.342865380177839,-0.0008697751226911515,-3.456374846540918e-07,0.016407788787164947
18.804646015167236,6.31449484537759e-05,0.3048461221727734,0.0004557237396058046,4.052669201492938e-06,0.004173374388925623,1.863250952956404e-05,0.04392475264358937,-0.00052642467139414,2.3431351484958984,-0.0008704081032408826,-3.4632024030054123e-07,0.016460609156296675
18.81013774871826,6.31449484537759e-05,0.3048461221727734,0.0004557237396058046,4.012142509478009e-06,0.004131640645036367,1.8446184434268397e-05,0.04392475264358937,-0.00052642467139414,2.3431351484958984,-0.0008617040222084737,-3.428570378975358e-07,0.016296003064733708
18.819883823394775,6.318661366939978e-05,0.3049337916278049,0.00045610866901096435,4.0537971341910636e-06,0.004180277846814023,1.8649016852962118e-05,0.0439968603043567,-0.0005264335552587703,2.343403980722338,-0.0008653282220782308,-3.4486758862463696e-07,0.016418367165051417
18.839730501174927,6.322822745088317e-05,0.3050214580409853,0.00045649335092767937,4.053372612002622e-06,0.004182646902763974,1.8652595133923517e-05,0.0440687761422304,-0.0005264423827058344,2.3436718802899565,-0.0008626495722588699,-3.4407795108898793e-07,0.01639381934079557
18.844171285629272,6.322822745088317e-05,0.3050214580409853,0.00045649335092767937,4.012838885882596e-06,0.004140820433736334,1.8466069182584282e-05,0.0440687761422304,-0.0005264423827058344,2.3436718802899565,-0.0008540230765362812,-3.4063717157809805e-07,0.016229881147387614
18.865164279937744,6.32697898894031e-05,0.30510912138243107,0.0004568777855458445,4.010591852092539e-06,0.004141170610046419,1.84609854224909e-05,0.04414050058384831,-0.000526451154031859,2.34393885061791,-0.0008510967995498089,-3.397334061170772e-07,0.016199143325021356
18.870020866394043,6.32697898894031e-05,0.30510912138243107,0.0004568777855458445,3.9704859335716135e-06,0.004099758903945955,1.827637556826599e-05,0.04414050058384831,-0.000526451154031859,2.34393885061791,-0.0008425858315543108,-3.3633607205590645e-07,0.016037151891771143
18.879040479660034,6.331130107680614e-05,0.30519678162248487,0.0004572619730551608,4.01885232350906e-06,0.004155949787121926,1.851131148473217e-05,0.044212034055451904,-0.0005264598695318084,2.344204895111771,-0.0008471467050782886,-3.3877145639104266e-07,0.016181942506896807
18.884982109069824,6.331130107680614e-05,0.30519678162248487,0.0004572619730551608,3.978663800273969e-06,0.004114390289250707,1.8326198369884846e-05,0.044212034055451904,-0.0005264598695318084,2.344204895111771,-0.0008386752380275057,-3.353837418271322e-07,0.01602012308182784
18.899944067001343,6.335276110616565e-05,0.3052844387317138,0.0004576459136451646,3.991911352451175e-06,0.0041318330452040745,1.83945828138741e-05,0.044283376982882205,-0.0005264685294990934,2.3444700171635886,-0.0008380696446304126,-3.3550998284295454e-07,0.016043257719322444
18.904078006744385,6.335276110616565e-05,0.3052844387317138,0.0004576459136451646,3.951992238926663e-06,0.0040905147147520336,1.8210636985735358e-05,0.044283376982882205,-0.0005264685294990934,2.3444700171635886,-0.0008296889481841085,-3.3215488301452497e-07,0.015882825142129218
18.9214985370636,6.339417006665496e-05,0.305372092680907,0.0004580296075049198,3.9579716876702745e-06,0.004099926033781717,1.8244526266975033e-05,0.04435452979157574,-0.000526477134225582,2.344734220151948,-0.0008280343304131668,-3.318089175198675e-07,0.01588092186739062
18.926992893218994,6.339417006665496e-05,0.305372092680907,0.0004580296075049198,3.9183919707935715e-06,0.0040589267734439,1.806208100430528e-05,0.04435452979157574,-0.000526477134225582,2.344734220151948,-0.0008197539871090351,-3.2849082834466886e-07,0.015722112648716716
18.956864833831787,6.347683514674793e-05,0.30554739098344963,0.0004587962557897828,3.932188694729441e-06,0.0040770207735070915,1.8133148936181663e-05,0.0444962667524523,-0.0005264941791159721,2.345259882385667,-0.0008192409763992412,-3.286515444500079e-07,0.01574698597823085
18.962404012680054,6.347683514674793e-05,0.30554739098344963,0.0004587962557897828,3.892866807782147e-06,0.00403625056577202,1.7951817446819847e-05,0.0444962667524523,-0.0005264941791159721,2.345259882385667,-0.0008110485666352488,-3.2536502900550786e-07,0.01558951611844854
18.977750539779663,6.351809144681984e-05,0.30563503527947855,0.00045917921059210825,3.905416474679691e-06,0.004052998244530978,1.8017024081422204e-05,0.044566851753450244,-0.00052650261985597,2.3455213483214075,-0.0008103410506334356,-3.254440641563828e-07,0.015609939363472282
18.981141567230225,6.351809144681984e-05,0.30563503527947855,0.00045917921059210825,3.866362309932894e-06,0.004012468262085668,1.7836853840607982e-05,0.044566851753450244,-0.00052650261985597,2.3455213483214075,-0.0008022376401271012,-3.2218962351481896e-07,0.015453839969837558
19.00171136856079,6.35592970392924e-05,0.3057226763008279,0.00045956191941892726,3.866062990581796e-06,0.004014950225580994,1.7840952716936208e-05,0.04463724833333349,-0.0005265110065073813,2.3457819085745677,-0.0007997047632190317,-3.2144305229220435e-07,0.015430399640364982
19.007343769073486,6.35592970392924e-05,0.3057226763008279,0.00045956191941892726,3.827402360675978e-06,0.003974800723325184,1.7662543189766846e-05,0.04463724833333349,-0.0005265110065073813,2.3457819085745677,-0.0007917077155868414,-3.182286217692823e-07,0.015276095643961332
19.028578758239746,6.360045201401164e-05,0.3058103140193788,0.00045994438245830976,3.826250074471488e-06,0.003976323150047846,1.7662558430942385e-05,0.04470745691545711,-0.0005265193393544883,2.3460415664572936,-0.0007890757960586973,-3.174334245450185e-07,0.015249893750042385
19.032217264175415,6.360045201401164e-05,0.3058103140193788,0.00045994438245830976,3.7879875737267734e-06,0.003936559918547368,1.748593284663296e-05,0.04470745691545711,-0.0005265193393544883,2.3460415664572936,-0.0007811850380981104,-3.1425909029956833e-07,0.015097394812541961
19.04006838798523,6.364155645892964e-05,0.3058979484072265,0.00046032659989793753,3.850400906732526e-06,0.004008814506750342,1.7788534953003136e-05,0.04477747792274839,-0.0005265276186800828,2.3463003252686176,-0.0007875809500073175,-3.1754408065573236e-07,0.015287560849301456
19.065410614013672,6.368261046333673e-05,0.3059855794366782,0.00046070857192554967,3.842934038644913e-06,0.004003305420597074,1.7758476264222926e-05,0.044847311777703056,-0.0005265358447654748,2.346558188294516,-0.0007840799651490575,-3.163510513025297e-07,0.01524001209481477
19.070584297180176,6.368261046333673e-05,0.3059855794366782,0.00046070857192554967,3.804504698258464e-06,0.0039632723663911035,1.7580891501580695e-05,0.044847311777703056,-0.0005265358447654748,2.346558188294516,-0.0007762391654975669,-3.1318754078950436e-07,0.015087611973866622
19.08434271812439,6.372361411540947e-05,0.3060732070802527,0.00046109029872858076,3.823565565659222e-06,0.003987329834471668,1.767720002098548e-05,0.04491695890238162,-0.000526544017890501,2.3468151588079658,-0.0007764858994048756,-3.1369087549250794e-07,0.01513008175156508
19.0903377532959,6.372361411540947e-05,0.3060732070802527,0.00046109029872858076,3.7853299100026295e-06,0.003947456536126951,1.7500428020775624e-05,0.04491695890238162,-0.000526544017890501,2.3468151588079658,-0.0007687210404108268,-3.1055396673758287e-07,0.014978780934049429
19.108433961868286,6.376456750243356e-05,0.3061608313106784,0.00046147178049404925,3.7908462087869153e-06,0.003956403292447344,1.7532182935422603e-05,0.0449864197184057,-0.000526552138333534,2.3470712400690026,-0.0007670860509477824,-3.1019993299539683e-07,0.014975492543755827
19.11576509475708,6.376456750243356e-05,0.3061608313106784,0.00046147178049404925,3.752937746699046e-06,0.00391683925952287,1.7356861106068376e-05,0.0449864197184057,-0.000526552138333534,2.3470712400690026,-0.0007594151904383046,-3.0709793366544286e-07,0.014825737618318268
19.128962755203247,6.380547071191842e-05,0.3062484521008919,0.0004618530174090588,3.7748101464533083e-06,0.00394406202298955,1.746661623874886e-05,0.04505569464695442,-0.0005265602063714898,2.347326435324775,-0.0007600691491781846,-3.0778291815309243e-07,0.014877672254987146
19.134658575057983,6.380547071191842e-05,0.3062484521008919,0.0004618530174090588,3.737062044988775e-06,0.0039046214027596547,1.7291950076361372e-05,0.04505569464695442,-0.0005265602063714898,2.347326435324775,-0.0007524684576864027,-3.047050889715615e-07,0.014728895532437274
19.14734697341919,6.384632383115125e-05,0.30633606942403624,0.00046223400966024115,3.761409599916174e-06,0.003934628290522664,1.741354098218802e-05,0.04512478410876081,-0.0005265682222798369,2.3475807478096042,-0.0007534707301983648,-3.05547344940134e-07,0.014789125331285269
19.151099920272827,6.384632383115125e-05,0.30633606942403624,0.00046223400966024115,3.7237955039170124e-06,0.0038952820076174374,1.723940557236614e-05,0.04512478410876081,-0.0005265682222798369,2.3475807478096042,-0.0007459360228963811,-3.024918714907327e-07,0.014641234077972416
19.1711368560791,6.38871269461941e-05,0.30642368325346053,0.00046261475743403484,3.725597760063156e-06,0.0039000553508039245,1.7253393403209954e-05,0.04519368852410829,-0.0005265761863326048,2.347834180745037,-0.0007438435122691205,-3.0191888644033095e-07,0.01462578623075794
19.182305097579956,6.392788014322114e-05,0.30651129356271756,0.0004629952609167407,3.758307024214419e-06,0.003939500730307132,1.7415037430247776e-05,0.045262408312827185,-0.0005265840988023915,2.3480867373399024,-0.0007459751706827099,-3.032791172798887e-07,0.014713692867477651
19.187697172164917,6.392788014322114e-05,0.30651129356271756,0.0004629952609167407,3.7207239539722746e-06,0.0039001057230040603,1.7240887055945297e-05,0.045262408312827185,-0.0005265840988023915,2.3480867373399024,-0.0007385154189758828,-3.002463261070898e-07,0.014566555938802874
19.203577280044556,6.396858350885321e-05,0.306598900325563,0.00046337552029438286,3.732668290636509e-06,0.003916272279691263,1.7303353175898978e-05,0.045330943894291244,-0.0005265919599603729,2.3483384207903684,-0.0007378198344198262,-3.0031012708177484e-07,0.014585014961786786
19.20883059501648,6.396858350885321e-05,0.306598900325563,0.00046337552029438286,3.695341607730144e-06,0.0038771095568943506,1.7130319644139987e-05,0.045330943894291244,-0.0005265919599603729,2.3483384207903684,-0.0007304416360756279,-2.973070258109571e-07,0.014439164812168918
19.228007078170776,6.400923712826294e-05,0.3066865035159537,0.000463755535752848,3.6990461700994633e-06,0.003884021078353068,1.7153395255830212e-05,0.04539929568741424,-0.0005265997700763102,2.348589234279996,-0.0007286431881331154,-2.968618330954163e-07,0.014430223350602372
19.23244071006775,6.400923712826294e-05,0.3066865035159537,0.000463755535752848,3.6620557083984688e-06,0.003845180867569537,1.698186130327191e-05,0.04539929568741424,-0.0005265997700763102,2.348589234279996,-0.0007213567562517842,-2.938932147644621e-07,0.014285921117096348
19.277039527893066,6.409039546888684e-05,0.30686169907619765,0.0004645148356541021,3.6603417412745996e-06,0.0038460116173036933,1.6979042543567672e-05,0.04553544958197205,-0.0005266152382540753,2.3490882640482753,-0.0007188400648596767,-2.9311260385113966e-07,0.014258949732501316
19.281111478805542,6.409039546888684e-05,0.30686169907619765,0.0004645148356541021,3.623738323861854e-06,0.0038075515011306562,1.6809252118131996e-05,0.04553544958197205,-0.0005266152382540753,2.3490882640482753,-0.0007116516642110799,-2.9018147781262825e-07,0.014116360235176303
19.28705334663391,6.413090035866666e-05,0.3069492913949592,0.00046489412046741885,3.718287705756544e-06,0.003916891452895712,1.726730910171817e-05,0.04560325251890432,-0.0005266228968484269,2.3493364866315085,-0.0007219827316744848,-2.9532954729292775e-07,0.01440790129920579
19.308016538619995,6.417135584069309e-05,0.30703688003908,0.0004652731621025028,3.718134814951766e-06,0.003919504652157964,1.7272002429059032e-05,0.045670873338483874,-0.0005266305054657982,2.349583851863175,-0.0007196782444552014,-2.9464778082434417e-07,0.014386052806445738
19.314533472061157,6.417135584069309e-05,0.30703688003908,0.0004652731621025028,3.680953466802248e-06,0.003880309605636384,1.709928240476844e-05,0.045670873338483874,-0.0005266305054657982,2.349583851863175,-0.0007124814620106494,-2.9170130301610073e-07,0.01424219227838128
19.333526849746704,6.421176199891645e-05,0.3071244649835039,0.0004656519607439675,3.684969573470009e-06,0.0038876199229219894,1.712392812118988e-05,0.045738312457274714,-0.0005266380643689998,2.3498303628646213,-0.0007107487965223934,-2.912802453507377e-07,0.014234219371094379
19.34018898010254,6.421176199891645e-05,0.3071244649835039,0.0004656519607439675,3.648119877735309e-06,0.0038487437236927693,1.695268883997798e-05,0.045738312457274714,-0.0005266380643689998,2.3498303628646213,-0.0007036413085571695,-2.883674428972303e-07,0.014091877177383435
19.353957176208496,6.425211891595031e-05,0.3072120462033671,0.0004660305165763723,3.667896448310923e-06,0.003873867541233253,1.705287839069638e-05,0.04580557029136116,-0.0005266455738194764,2.350076022744913,-0.0007039982340110764,-2.8891164783272333e-07,0.01413580259309984
19.35973858833313,6.425211891595031e-05,0.3072120462033671,0.0004660305165763723,3.6312174838278134e-06,0.0038351288658209207,1.6882349606789416e-05,0.04580557029136116,-0.0005266455738194764,2.350076022744913,-0.0006969582516709657,-2.860225313543961e-07,0.013994444567168841
19.369781255722046,6.429242667496631e-05,0.3072996236739989,0.0004664088297839442,3.671948609663257e-06,0.0038839829683246104,1.7083067642414214e-05,0.045872647256344726,-0.0005266530340773135,2.3503208346008884,-0.0007000631463502676,-2.8784092060552545e-07,0.014107055734423665
19.37548327445984,6.429242667496631e-05,0.3072996236739989,0.0004664088297839442,3.635229123566624e-06,0.003845143138641364,1.6912236965990074e-05,0.045872647256344726,-0.0005266530340773135,2.3503208346008884,-0.000693062514886765,-2.849625113994702e-07,0.013965985177079428
19.390778064727783,6.43326853593597e-05,0.3073871973709185,0.000466786900550633,3.6494086500289427e-06,0.0038639489161116677,1.6985606203480128e-05,0.04593954376734098,-0.000526660445401247,2.3505648015172107,-0.000692706688430352,-2.851712336110101e-07,0.013991592305372216
19.402141332626343,6.43326853593597e-05,0.3073871973709185,0.000466786900550633,3.6129145635286533e-06,0.003825309426950551,1.6815750141445326e-05,0.04593954376734098,-0.000526660445401247,2.3505648015172107,-0.0006857796215460484,-2.823195212749e-07,0.013851676382318493
19.40748882293701,6.437289505063169e-05,0.30747476726983486,0.0004671647290603905,3.7211574257429954e-06,0.003950815212050261,1.734072817952221e-05,0.0460062602389765,-0.0005266678080486692,2.3508079265664223,-0.0006976127505198601,-2.8820484909503626e-07,0.0141842490640527
19.42998480796814,6.441305583151025e-05,0.307562333346645,0.00046754231549664047,3.7182267834782175e-06,0.003950232263622455,1.7331982040678134e-05,0.0460727970853858,-0.0005266751222756374,2.3510502128089965,-0.0006950526431429346,-2.873836860916266e-07,0.014154008676564595
19.43331503868103,6.441305583151025e-05,0.307562333346645,0.00046754231549664047,3.6810445156434352e-06,0.003910729940986231,1.7158662220271353e-05,0.0460727970853858,-0.0005266751222756374,2.3510502128089965,-0.0006881021167115053,-2.8450984923071037e-07,0.01401246858979895
19.45084857940674,6.445316778227194e-05,0.30764989557743283,0.00046791966004286435,3.688169280204006e-06,0.003921562488469409,1.7198207816721727e-05,0.046139154720208374,-0.0005266823883368815,2.35129166329339,-0.0006868525700448143,-2.8429716227382696e-07,0.01401504655075087
19.455411434173584,6.445316778227194e-05,0.30764989557743283,0.00046791966004286435,3.651287587401966e-06,0.0038823468635847147,1.702622573855451e-05,0.046139154720208374,-0.0005266823883368815,2.35129166329339,-0.0006799840443443661,-2.814541906510887e-07,0.01387489608524336
19.476959466934204,6.449323098609206e-05,0.30773745393846796,0.0004682967628821552,3.650485503186633e-06,0.003884157435721364,1.70276532987927e-05,0.04620533355658567,-0.0005266896064858112,2.3515322810560946,-0.0006777386991232745,-2.807721067174909e-07,0.013851869818954286
19.482906103134155,6.449323098609206e-05,0.30773745393846796,0.0004682967628821552,3.6139806481547666e-06,0.0038453158613641503,1.685737676580477e-05,0.04620533355658567,-0.0005266896064858112,2.3515322810560946,-0.0006709613121320418,-2.77964385650316e-07,0.013713351120764742
19.515878677368164,6.457321147346312e-05,0.30791255895727904,0.00046905024417142694,3.624439308409106e-06,0.0038599689673194768,1.6912995679817193e-05,0.046337156484062614,-0.0005267039000538121,2.3520110305028963,-0.0006701570764867903,-2.7795206366480264e-07,0.013726701649789617
19.526881217956543,6.457321147346312e-05,0.30791255895727904,0.00046905024417142694,3.588194915325015e-06,0.003821369277646282,1.674386572301902e-05,0.046337156484062614,-0.0005267039000538121,2.3520110305028963,-0.0006634555057219224,-2.751725430281546e-07,0.01358943463329172
19.53246831893921,6.461312891801808e-05,0.30800010556851076,0.0004694266229865713,3.6895891807652925e-06,0.003939849753509955,1.7237348623440677e-05,0.04640280139892889,-0.0005267109759731704,2.352249168200621,-0.000674068699366352,-2.805359668927428e-07,0.013895329039723691
19.537121057510376,6.461312891801808e-05,0.30800010556851076,0.0004694266229865713,3.6526932889576393e-06,0.003900451255974856,1.706497513720627e-05,0.04640280139892889,-0.0005267109759731704,2.352249168200621,-0.0006673280123726885,-2.7773060722381534e-07,0.013756375749326455
19.54908275604248,6.465299793663635e-05,0.308087648216899,0.00046980276082510963,3.680215598416123e-06,0.003934632546648477,1.720283715660997e-05,0.04646826916287743,-0.0005267180049808037,2.3524864852040155,-0.0006686619936084248,-2.787268971013649e-07,0.01382446440938975
19.55383825302124,6.465299793663635e-05,0.308087648216899,0.00046980276082510963,3.643413442431962e-06,0.003895286221181992,1.703080878504387e-05,0.04646826916287743,-0.0005267180049808037,2.3524864852040155,-0.0006619753736723406,-2.759396281303512e-07,0.013686219765295852
19.57132625579834,6.46928186080384e-05,0.3081751868796227,0.0004701786578692242,3.6507407603737165e-06,0.003906389770189469,1.707138903390629e-05,0.046533560186516346,-0.0005267249873236336,2.3527229844905224,-0.0006607993304111161,-2.757498781613666e-07,0.013689546006415925
19.575003623962402,6.46928186080384e-05,0.3081751868796227,0.0004701786578692242,3.6142333527699795e-06,0.0038673258724875744,1.6900675143567227e-05,0.046533560186516346,-0.0005267249873236336,2.3527229844905224,-0.0006541913371070049,-2.7299237937975294e-07,0.013552650546351765
19.5895779132843,6.473259101239426e-05,0.308262721534039,0.00047055431430059665,3.630543944175885e-06,0.003888713626410465,1.6984559525486885e-05,0.046598674879938635,-0.0005267319232473062,2.352958669025928,-0.0006541418448346,-2.733321248089531e-07,0.013584769197578821
19.59409523010254,6.473259101239426e-05,0.308262721534039,0.00047055431430059665,3.594238504734126e-06,0.0038498264901463603,1.6814713930232016e-05,0.046598674879938635,-0.0005267319232473062,2.352958669025928,-0.0006476004263862539,-2.7059880356086355e-07,0.013448921505603032
19.60355234146118,6.477231522853724e-05,0.30835025215768186,0.0004709297303009947,3.639042638974863e-06,0.003903883576907831,1.7036051786709043e-05,0.0466636136527195,-0.0005267388129961996,2.3531935417644116,-0.0006510691948056394,-2.726024363317331e-07,0.013571913845630544
19.63082480430603,6.481199133541278e-05,0.30843777872826145,0.0004713049060517137,3.6306216177668104e-06,0.0038969381293235093,1.7000666211648453e-05,0.04672837691391365,-0.0005267456568134302,2.3534276056485965,-0.0006479860920612535,-2.7150228125502164e-07,0.013525177644804497
19.63648748397827,6.481199133541278e-05,0.30843777872826145,0.0004713049060517137,3.5943154015891422e-06,0.0038579687480302743,1.683065954953197e-05,0.04672837691391365,-0.0005267456568134302,2.3534276056485965,-0.0006415062311406409,-2.687872584424714e-07,0.013389925868356451
19.651906490325928,6.485161941062942e-05,0.30852530122366184,0.00047167984173396684,3.607789265100804e-06,0.003876151796439935,1.6900941412199593e-05,0.04679296507205261,-0.000526752454940861,2.3536608636095986,-0.0006411170001115478,-2.6896237164484223e-07,0.013412882713983242
19.656571865081787,6.485161941062942e-05,0.30852530122366184,0.00047167984173396684,3.571711372449796e-06,0.0038373902784755356,1.6731931998077597e-05,0.04679296507205261,-0.000526752454940861,2.3536608636095986,-0.0006347058301104323,-2.662727479283938e-07,0.013278753886843409
19.674803495407104,6.489119953279965e-05,0.30861281962194126,0.00047205453752869095,3.5777419823470054e-06,0.0038470199825061777,1.6766267517646038e-05,0.046857378535142165,-0.0005267592076191077,2.353893318567078,-0.0006334241112086357,-2.660205680182849e-07,0.013278174812461631
19.67937159538269,6.489119953279965e-05,0.30861281962194126,0.00047205453752869095,3.541964562523535e-06,0.0038085497826811157,1.6598604842469576e-05,0.046857378535142165,-0.0005267592076191077,2.353893318567078,-0.0006270898700965493,-2.6336036233810203e-07,0.013145393064337015
19.697540760040283,6.493073177875314e-05,0.30870033390132956,0.0004724289936165732,3.548390418934277e-06,0.003818630661309997,1.6634840403756315e-05,0.0469216177106597,-0.0005267659150875462,2.3541249734292857,-0.0006258709356892464,-2.631348442723957e-07,0.013146152999399656
19.70312476158142,6.493073177875314e-05,0.30870033390132956,0.0004724289936165732,3.512906514744934e-06,0.0037804443546968973,1.6468491999718753e-05,0.0469216177106597,-0.0005267659150875462,2.3541249734292857,-0.000619612226332354,-2.6050349582967175e-07,0.01301469146940566
19.715040683746338,6.49702162268808e-05,0.3087878440402281,0.0004728032101783583,3.5415129767127634e-06,0.003816079583525037,1.6611957855366066e-05,0.04698568300555167,-0.0005267725775843195,2.354355831093116,-0.0006210725854409437,-2.615539449240146e-07,0.013085459268726412
19.7202410697937,6.49702162268808e-05,0.3087878440402281,0.0004728032101783583,3.506097846945636e-06,0.0037779187876897866,1.6445838276812405e-05,0.04698568300555167,-0.0005267725775843195,2.354355831093116,-0.0006148618595865343,-2.5893840547477446e-07,0.012954604676039148
19.732149124145508,6.500965295345639e-05,0.3088753500172076,0.00047317718739420765,3.5347448689942726e-06,0.0038136242997269362,1.658954151116842e-05,0.0470495748262311,-0.0005267791953463447,2.354585894444153,-0.0006163283866749915,-2.5999066489493924e-07,0.01302542566349812
19.759308099746704,6.504904203508871e-05,0.30896285181100785,0.0004735509254442562,3.527300169236734e-06,0.003807706428350607,1.655867738964737e-05,0.04711329357857505,-0.0005267857686093197,2.3548151663567207,-0.0006134838048372233,-2.589803680151047e-07,0.012982726539293866
19.76534414291382,6.504904203508871e-05,0.30896285181100785,0.0004735509254442562,3.4920271675443666e-06,0.0037696293640671007,1.63930906157509e-05,0.04711329357857505,-0.0005267857686093197,2.3548151663567207,-0.0006073489667888511,-2.5639056433495364e-07,0.012852899273900927
19.800177574157715,6.512767756962797e-05,0.309137842764867,0.00047429768476632913,3.50054618363656e-06,0.0037821695684538896,1.6439525115788603e-05,0.047240213499070295,-0.0005267987825748572,2.3552713473077294,-0.0006064095982562524,-2.5628782049837445e-07,0.012860208190022347
19.806286811828613,6.512767756962797e-05,0.309137842764867,0.00047429768476632913,3.4655407218001945e-06,0.0037443478727693506,1.6275129864630716e-05,0.047240213499070295,-0.0005267987825748572,2.3552713473077294,-0.0006003455022736898,-2.537249422933907e-07,0.012731606108122124
19.8128604888916,6.516692417441834e-05,0.3092253318832385,0.0004746707063974892,3.545787710154902e-06,0.003839994475278428,1.6669211626526327e-05,0.047303415476274,-0.000526805223742782,2.3554982620389495,-0.0006078057367680537,-2.5766795249146253e-07,0.012962363237393013
19.83657217025757,6.520612343792098e-05,0.3093128167350543,0.00047504348958117614,3.5421498845767715e-06,0.003838489786295627,1.665679595071208e-05,0.04736644600324227,-0.0005268116213423947,2.355724396717354,-0.0006054376861319085,-2.5687983475668845e-07,0.012931673859837851
19.840548276901245,6.520612343792098e-05,0.3093128167350543,0.00047504348958117614,3.5067283857310036e-06,0.003800104888432671,1.649022799120496e-05,0.04736644600324227,-0.0005268116213423947,2.355724396717354,-0.0005993833092705894,-2.543110364091216e-07,0.012802357121239472
19.85555100440979,6.52452754360792e-05,0.30940029729988094,0.00047541603449639043,3.5218975396016735e-06,0.0038204136154405934,1.656900597277319e-05,0.04742930548313615,-0.0005268179756034,2.3559497541616863,-0.0005992176423166726,-2.5458216868996193e-07,0.01283016959530413
19.86047887802124,6.52452754360792e-05,0.30940029729988094,0.00047541603449639043,3.486678564205657e-06,0.0037822094792861875,1.6403315913045457e-05,0.04742930548313615,-0.0005268179756034,2.3559497541616863,-0.0005932254658935059,-2.520363470030623e-07,0.012701867899351089
19.882283449172974,6.528438024271933e-05,0.30948777355744644,0.00047578834132196775,3.486339456551481e-06,0.0037845056973026215,1.6406843261572835e-05,0.04749199431856644,-0.0005268242867543241,2.3561743371797155,-0.0005912790543188118,-2.5144372858188776e-07,0.012681710391135862
19.886796474456787,6.528438024271933e-05,0.30948777355744644,0.00047578834132196775,3.451476061985966e-06,0.003746660640329595,1.6242774828957107e-05,0.04749199431856644,-0.0005268242867543241,2.3561743371797155,-0.0005853662637756237,-2.489292912960689e-07,0.012554893287224504
19.891095876693726,6.532343793300577e-05,0.30957524548763987,0.0004761604102365774,3.591878596737164e-06,0.003912645417203503,1.6929605405675634e-05,0.04755451291159144,-0.0005268305550225214,2.3563981485682857,-0.000599604721888245,-2.561731696068756e-07,0.012969462753734538
19.91182041168213,6.536244858032024e-05,0.30966271307051013,0.00047653224141858434,3.5922076381541164e-06,0.003915723811515757,1.6936381961038484e-05,0.04761686166371468,-0.0005268367806341802,2.356621191113361,-0.0005977516818500946,-2.556216544496969e-07,0.012951439552214568
19.917932510375977,6.536244858032024e-05,0.30966271307051013,0.00047653224141858434,3.556285561772575e-06,0.0038765665734005993,1.6767018141428098e-05,0.04761686166371468,-0.0005268367806341802,2.356621191113361,-0.0005917741650315936,-2.5306543790519996e-07,0.012821925156692423
19.933279991149902,6.540141225982854e-05,0.309750176286265,0.0004769038350461043,3.5696167173028673e-06,0.003894789556212666,1.6836959884495696e-05,0.04767904097588271,-0.0005268429638143306,2.356843467590074,-0.0005914171369050759,-2.532372207935348e-07,0.012843992345826016
19.939324617385864,6.540141225982854e-05,0.309750176286265,0.0004769038350461043,3.5339205501298387e-06,0.003855841660650539,1.666859028565074e-05,0.04767904097588271,-0.0005268429638143306,2.356843467590074,-0.0005855029655360252,-2.5070484858559946e-07,0.012715552422367755
19.957183837890625,6.544032904446778e-05,0.30983763511526946,0.00047727519129722664,3.5405530183748685e-06,0.003866254492263352,1.670597082618257e-05,0.04774105124848293,-0.0005268491047868498,2.3570649807627695,-0.0005843977080506651,-2.505098392235572e-07,0.012717110567311648
19.962546586990356,6.544032904446778e-05,0.30983763511526946,0.00047727519129722664,3.50514748819112e-06,0.0038275919473407184,1.6538911117920744e-05,0.04774105124848293,-0.0005268491047868498,2.3570649807627695,-0.0005785537309701585,-2.480047408313216e-07,0.01258993946163853
19.969027280807495,6.547919900684133e-05,0.309925089538045,0.00047764631034976393,3.5856336123916384e-06,0.003924262112759082,1.693552856920377e-05,0.04780289288134144,-0.0005268552037744693,2.3572857333850536,-0.0005857783332301811,-2.5186778524904024e-07,0.012817545564508669
19.993645906448364,6.551802222033343e-05,0.31001253953526847,0.00047801719238122305,3.5801586304878254e-06,0.003920541377182578,1.6914025524528435e-05,0.04786456627372089,-0.0005268612609987805,2.3575057281998384,-0.0005833246973409767,-2.5101146086789433e-07,0.012782113849504926
20.00479030609131,6.551802222033343e-05,0.31001253953526847,0.00047801719238122305,3.544357044182947e-06,0.0038813359634107523,1.674488526928315e-05,0.04786456627372089,-0.0005268612609987805,2.3575057281998384,-0.000577491450367567,-2.4850134625921537e-07,0.012654292711009877
20.020979642868042,6.555679875899788e-05,0.3100999850877716,0.0004783878375689464,3.5550630806604307e-06,0.0038965368952357617,1.6802130436439267e-05,0.04792607182431842,-0.0005268672766802417,2.357724967939387,-0.0005768618553536172,-2.485329817498995e-07,0.01266830608619647
20.026976585388184,6.555679875899788e-05,0.3100999850877716,0.0004783878375689464,3.5195124498538262e-06,0.003857571526283404,1.6634109132074875e-05,0.04792607182431842,-0.0005268672766802417,2.357724967939387,-0.000571093236800081,-2.460476519324005e-07,0.012541623025334505
20.054604530334473,6.563421209646924e-05,0.31027486278270733,0.0004791284181217531,3.53831409944305e-06,0.0038822932083816142,1.6730852593383745e-05,0.04804858099211619,-0.0005268791842908188,2.358161193068864,-0.0005713650570664718,-2.465156388101092e-07,0.01258009874906683
20.066550731658936,6.563421209646924e-05,0.31027486278270733,0.0004791284181217531,3.5029309584486194e-06,0.003843470276297798,1.6563544067449906e-05,0.04804858099211619,-0.0005268791842908188,2.358161193068864,-0.0005656514064958071,-2.4405048242200814e-07,0.012454297761576163
20.070089101791382,6.56728490402657e-05,0.31036229488756495,0.00047949835384049696,3.678363003216962e-06,0.004052132696183966,1.7424042583934284e-05,0.04810958540386457,-0.0005268850766552408,2.358378183870488,-0.0005831128292494519,-2.529716151131147e-07,0.012966360311647964
20.07451891899109,6.56728490402657e-05,0.31036229488756495,0.00047949835384049696,3.641579373184792e-06,0.004011611369222127,1.7249802158094943e-05,0.04810958540386457,-0.0005268850766552408,2.358378183870488,-0.0005772817009569573,-2.5044189896198354e-07,0.012836696708531485
20.09619975090027,6.571143959609254e-05,0.31044972247255026,0.0004798680534228823,3.639473990668666e-06,0.004011820086398351,1.724466748416156e-05,0.04817042356292334,-0.0005268909283474381,2.3585944304203568,-0.0005752590265655658,-2.4978348134148496e-07,0.01281187485525221
20.105745792388916,6.571143959609254e-05,0.31044972247255026,0.0004798680534228823,3.603079250761979e-06,0.003971701885534367,1.7072220809319944e-05,0.04817042356292334,-0.0005268909283474381,2.3585944304203568,-0.0005695064362999102,-2.472856465280701e-07,0.012683756106699688
20.135509252548218,6.578848182802702e-05,0.31062456400940136,0.0004806067448835475,3.6169527562514637e-06,0.003990728555045834,1.7145098115038778e-05,0.04829160270575073,-0.0005269025105736031,2.359024701473261,-0.0005692320957604262,-2.474831012376614e-07,0.012707008057999998
20.140854597091675,6.578848182802702e-05,0.31062456400940136,0.0004806067448835475,3.580783228688949e-06,0.003950821269495375,1.697364713388839e-05,0.04829160270575073,-0.0005269025105736031,2.359024701473261,-0.0005635397748028219,-2.450082702252848e-07,0.012579937977419998
20.163620710372925,6.582693053531249e-05,0.31071197556876057,0.00048097574662168686,3.5775429961882863e-06,0.003949708526972205,1.6963001857661208e-05,0.04835197626686863,-0.0005269082006412842,2.359238747604597,-0.0005614004054779375,-2.4428033665032534e-07,0.012551764037447295
20.1696720123291,6.582693053531249e-05,0.31071197556876057,0.00048097574662168686,3.5417675662264034e-06,0.003910211441702483,1.6793371839084595e-05,0.04835197626686863,-0.0005269082006412842,2.359238747604597,-0.0005557864014231581,-2.418375332838221e-07,0.012426246397072823
20.18591022491455,6.586533038904091e-05,0.31079938018272707,0.0004813445214224113,3.5519596538939744e-06,0.003924935828499043,1.684835158075151e-05,0.04841221240907289,-0.0005269138330723165,2.3594520726192787,-0.0005550867244033411,-2.4181854730149847e-07,0.012438406517505846
20.1929452419281,6.586533038904091e-05,0.31079938018272707,0.0004813445214224113,3.5164400573550346e-06,0.0038856864702140523,1.6679868064943993e-05,0.04841221240907289,-0.0005269138330723165,2.3594520726192787,-0.0005495358571593077,-2.394003618284835e-07,0.012314022452330788
20.196221828460693,6.590368158261786e-05,0.31088677782770696,0.0004817130689121942,3.707061149896001e-06,0.004113563436840655,1.7617126963858586e-05,0.04847231156915679,-0.0005269193925697448,2.359664679826653,-0.0005679038214787396,-2.487753343210248e-07,0.012864753951942075
20.20698380470276,6.590368158261786e-05,0.31088677782770696,0.0004817130689121942,3.669990538397041e-06,0.004072427802472249,1.744095569422e-05,0.04847231156915679,-0.0005269193925697448,2.359664679826653,-0.0005622247832639521,-2.4628758097781454e-07,0.012736106412422654
20.232845544815063,6.598023892271717e-05,0.311061552134928,0.0004824494810928956,3.6904087243594623e-06,0.00409928378485945,1.7546053341690966e-05,0.04859209832479615,-0.0005269303217725331,2.3600877505152495,-0.0005625769643033713,-2.467699163635647e-07,0.012778660538494503
20.23795199394226,6.598023892271717e-05,0.311061552134928,0.0004824494810928956,3.6535046371158678e-06,0.004058290947010855,1.7370592808274055e-05,0.04859209832479615,-0.0005269303217725331,2.3600877505152495,-0.0005569511946603375,-2.4430221719992903e-07,0.012650873933109558
20.24889826774597,6.601844541283928e-05,0.31114892876824657,0.0004828173455633341,3.6843322763448976e-06,0.004097531215584558,1.7526770817094396e-05,0.04865178575013428,-0.0005269356904775575,2.3602982190544557,-0.0005583375769072224,-2.452962292977055e-07,0.012724100574004396
20.25401020050049,6.601844541283928e-05,0.31114892876824657,0.0004828173455633341,3.6474889535814486e-06,0.004056555903428712,1.7351503108923453e-05,0.04865178575013428,-0.0005269356904775575,2.3602982190544557,-0.0005527542011381502,-2.428432670047284e-07,0.012596859568264352
20.273273944854736,6.605660397537643e-05,0.31123629837425876,0.0004831849822532465,3.649249693332031e-06,0.0040613447715280625,1.736532540348273e-05,0.048711335763136424,-0.0005269409934520471,2.3605079797289936,-0.0005511445118273585,-2.42350168287077e-07,0.012584014989161084
20.277925968170166,6.605660397537643e-05,0.31123629837425876,0.0004831849822532465,3.6127571963987104e-06,0.004020731323812782,1.7191672149447905e-05,0.048711335763136424,-0.0005269409934520471,2.3605079797289936,-0.000545633066709085,-2.3992666660420626e-07,0.012458174839269472
20.298780918121338,6.609471475282787e-05,0.31132366094629665,0.0004835523912052578,3.6119091999457344e-06,0.004022414581009337,1.7192694564891378e-05,0.04877074828843737,-0.0005269462348348917,2.3607170350307762,-0.000543763941345043,-2.393005536765673e-07,0.012437743412059518
20.308505535125732,6.609471475282787e-05,0.31132366094629665,0.0004835523912052578,3.575790107946277e-06,0.003982190435199244,1.7020767619242465e-05,0.04877074828843737,-0.0005269462348348917,2.3607170350307762,-0.0005383263019315926,-2.369075481398016e-07,0.012313365977938922
20.332068920135498,6.617079340611958e-05,0.31149836497397343,0.0004842865262236513,3.6023784921381997e-06,0.004016510693987851,1.7156404491899752e-05,0.04888916060404422,-0.0005269565293208395,2.361133039434767,-0.0005392177925165982,-2.3763525406778534e-07,0.01237368473367665
20.33812189102173,6.617079340611958e-05,0.31149836497397343,0.0004842865262236513,3.5663547072168175e-06,0.003976345587047972,1.6984840446980753e-05,0.04888916060404422,-0.0005269565293208395,2.361133039434767,-0.0005338256145914321,-2.3525890152710748e-07,0.012249947886339884
20.37819504737854,6.624668223980678e-05,0.3116730408416617,0.0004850197515199232,3.567271086971718e-06,0.00398017137879993,1.6994613986848163e-05,0.04900702221055611,-0.0005269665786421478,2.3615462520045134,-0.0005321129795548815,-2.346964066369463e-07,0.012234614209956727
20.38607168197632,6.624668223980678e-05,0.3116730408416617,0.0004850197515199232,3.531598376102001e-06,0.003940369665011931,1.682466784697968e-05,0.04900702221055611,-0.0005269665786421478,2.3615462520045134,-0.0005267918497593326,-2.3234944257057683e-07,0.01211226806785716
20.39051389694214,6.628455572005236e-05,0.311760368219169,0.0004853860233748171,3.6610049781582506e-06,0.0040975511878975955,1.746586970055263e-05,0.04906574637061783,-0.0005269715126960686,2.3617518174765673,-0.0005376435562033032,-2.3800052052098047e-07,0.012472141780283975
20.412410020828247,6.632238203664992e-05,0.3118476885631162,0.00048575206824026884,3.6577767425504465e-06,0.0040964550388304785,1.7455329995067962e-05,0.04912433271171589,-0.0005269763874346498,2.361956692320525,-0.0005355090717385747,-2.3722473829506637e-07,0.012444683562758938
20.41690945625305,6.632238203664992e-05,0.3118476885631162,0.00048575206824026884,3.621198975124942e-06,0.004055490488442174,1.7280776695117283e-05,0.04912433271171589,-0.0005269763874346498,2.361956692320525,-0.000530153981021189,-2.348524909121157e-07,0.012320236727131348
20.433297395706177,6.636016127816978e-05,0.3119350018773151,0.000486117886275971,3.629540028557346e-06,0.004068214592404036,1.732711769009642e-05,0.04918278119799577,-0.0005269812029931394,2.362160878959584,-0.0005291465763925387,-2.3462907382025125e-07,0.012326563021688955
20.44924283027649,6.639789353686236e-05,0.3120223081659674,0.00048648347764396297,3.6389839825733506e-06,0.004082285605556901,1.7378940724256572e-05,0.049241091798928674,-0.0005269859602558078,2.3623643798072917,-0.0005282303039311634,-2.344484126156619e-07,0.01233598437740611
20.457140684127808,6.639789353686236e-05,0.3120223081659674,0.00048648347764396297,3.602594142747617e-06,0.0040414627495013325,1.7205151317014005e-05,0.049241091798928674,-0.0005269859602558078,2.3623643798072917,-0.0005229480008918518,-2.3210392848950527e-07,0.012212624533632048
20.475330352783203,6.643557890007417e-05,0.312109607433486,0.0004868488425064825,3.6066203993909763e-06,0.004049041998130615,1.7230302675792053e-05,0.04929926448923512,-0.0005269906595423385,2.3625671972675972,-0.0005215208487008982,-2.3166516350982504e-07,0.01220643324020903
20.483912229537964,6.643557890007417e-05,0.312109607433486,0.0004868488425064825,3.5705541953970667e-06,0.004008551578149309,1.7057999649034133e-05,0.04929926448923512,-0.0005269906595423385,2.3625671972675972,-0.0005163056402138893,-2.293485118747268e-07,0.01208436890780694
20.489518404006958,6.647321745938858e-05,0.31219689968435155,0.0004872139810252395,3.6646590277999925e-06,0.0041241734065535956,1.7526872866451557e-05,0.049357299248810084,-0.0005269953015814058,2.3627693337349056,-0.0005233734070041511,-2.331105612479836e-07,0.012338452529206876
20.49481439590454,6.647321745938858e-05,0.31219689968435155,0.0004872139810252395,3.6280124375219925e-06,0.00408293167248806,1.7351604137787042e-05,0.049357299248810084,-0.0005269953015814058,2.3627693337349056,-0.0005181396729341096,-2.3077945563550377e-07,0.012215068003914807
20.516727209091187,6.651080930215357e-05,0.31228418492299964,0.00048757889336027244,3.624906694508531e-06,0.004081935325083479,1.734158691894667e-05,0.04941519606264804,-0.000526999886789276,2.362970791594131,-0.0005160605444145113,-2.3000775410335878e-07,0.012188524411051534
20.523932933807373,6.651080930215357e-05,0.31228418492299964,0.00048757889336027244,3.588657627563446e-06,0.004041115971832644,1.7168171049757202e-05,0.04941519606264804,-0.000526999886789276,2.362970791594131,-0.0005108999389703662,-2.277076765623252e-07,0.012066639166941019
20.529860258102417,6.654835451828147e-05,0.31237146315373604,0.0004879435796703646,3.6752798670497154e-06,0.004147952084706857,1.7600565195687077e-05,0.04947295492076918,-0.0005270044158045117,2.363171573220752,-0.0005171614828665529,-2.3106137103269913e-07,0.012298265843005068
20.535678386688232,6.654835451828147e-05,0.31237146315373604,0.0004879435796703646,3.6385270683792183e-06,0.004106472563859789,1.7424559543730205e-05,0.04947295492076918,-0.0005270044158045117,2.363171573220752,-0.0005119898680378874,-2.2875075732237214e-07,0.012175283184575017
20.554653644561768,6.658585319601292e-05,0.31245873438067673,0.000488308040111511,3.6403682063763067e-06,0.004111399956168953,1.7438895801397566e-05,0.04953057581814588,-0.0005270088890918085,2.3633716809808663,-0.000510391422423959,-2.2820723317987565e-07,0.012163215971233153
20.56263780593872,6.658585319601292e-05,0.31245873438067673,0.000488308040111511,3.6039645243125435e-06,0.004070285956607264,1.726450684338359e-05,0.04953057581814588,-0.0005270088890918085,2.3633716809808663,-0.0005052875081997194,-2.259251608480769e-07,0.01204158381152082
20.578129291534424,6.662330542514933e-05,0.3125459986077083,0.0004886722748378649,3.614696602598786e-06,0.004085913543445235,1.732271287640582e-05,0.049588058754630175,-0.0005270133072356752,2.363571117231245,-0.0005045111824489995,-2.25784023074123e-07,0.012055079796297965
20.581501483917236,6.662330542514933e-05,0.3125459986077083,0.0004886722748378649,3.578549636572798e-06,0.0040450544080107825,1.714948574764176e-05,0.049588058754630175,-0.0005270133072356752,2.363571117231245,-0.0004994660706245096,-2.2352618284338177e-07,0.011934528998334986
20.597678422927856,6.666071129549255e-05,0.31263325583846746,0.0004890362840010136,3.5875051158265957e-06,0.00405854313734444,1.7198926700833597e-05,0.0496454037348818,-0.000527017670722886,2.3637698843193893,-0.000498531862653982,-2.233021198699499e-07,0.011943001197230027
20.602816343307495,6.666071129549255e-05,0.31263325583846746,0.0004890362840010136,3.5516300646683295e-06,0.004017957705970996,1.702693743382526e-05,0.0496454037348818,-0.000527017670722886,2.3637698843193893,-0.0004935465440274421,-2.2106909867125041e-07,0.011823571185257727
20.628820657730103,6.669807089595274e-05,0.3127205060763324,0.0004894000677505624,3.5439161354672084e-06,0.004011330346174983,1.6994026233248928e-05,0.04970261076829712,-0.0005270219801037916,2.3639679845835837,-0.0004911155550848086,-2.2009897613637443e-07,0.011784588505333505
20.634679317474365,6.669807089595274e-05,0.3127205060763324,0.0004894000677505624,3.5084769741125364e-06,0.003971217042713233,1.6824085970916438e-05,0.04970261076829712,-0.0005270219801037916,2.3639679845835837,-0.0004862043995339605,-2.178979863750107e-07,0.01166674262028017
20.648174047470093,6.673538431700105e-05,0.31280774932442934,0.0004897636262337185,3.5269088155657015e-06,0.003996154740037909,1.692037404224537e-05,0.049759679868938776,-0.000527026235872865,2.3641654203529523,-0.00048612752203948894,-2.1808937410860854e-07,0.01170229521766909
20.654797077178955,6.673538431700105e-05,0.31280774932442934,0.0004897636262337185,3.4916397274100444e-06,0.003956193192637529,1.6751170301822916e-05,0.049759679868938776,-0.000527026235872865,2.3641654203529523,-0.000481266246819094,-2.1590848036752246e-07,0.0115852722654924
20.664292812347412,6.677265164855149e-05,0.312894985585643,0.0004901269595958464,3.532694683820275e-06,0.004008500149766082,1.695936296901376e-05,0.04981661105546621,-0.000527030438557316,2.3643621939475117,-0.0004831963626766762,-2.1708956992117829e-07,0.011685036099414155
20.67045545578003,6.677265164855149e-05,0.312894985585643,0.0004901269595958464,3.4973677369820725e-06,0.003968415148268421,1.6789769339323623e-05,0.04981661105546621,-0.000527030438557316,2.3643621939475117,-0.00047836439904990944,-2.149186742219665e-07,0.011568185738420013
20.678014039993286,6.680987298118719e-05,0.3129822148626368,0.0004904900679803858,3.5577315596678085e-06,0.004044135254227027,1.709357813492012e-05,0.049873404351067026,-0.0005270345886515095,2.3645583076782257,-0.0004819800067735109,-2.1693027345322547e-07,0.011722492205884054
20.682857990264893,6.680987298118719e-05,0.3129822148626368,0.0004904900679803858,3.5221542440711304e-06,0.004003693901684757,1.6922642353570916e-05,0.049873404351067026,-0.0005270345886515095,2.3645583076782257,-0.0004771602067057758,-2.147609707186932e-07,0.011605267283825214
20.699349641799927,6.684704840459991e-05,0.3130694371578751,0.0004908529515292975,3.530580859606598e-06,0.004016545721503248,1.6969481527768783e-05,0.04993005978338919,-0.000527038686665654,2.3647537638470575,-0.00047620574253673566,-2.1450427990042133e-07,0.011612552370868594
20.706641674041748,6.684704840459991e-05,0.3130694371578751,0.0004908529515292975,3.4952750510105316e-06,0.003976380264288215,1.6799786712491094e-05,0.04993005978338919,-0.000527038686665654,2.3647537638470575,-0.0004714436851113683,-2.1235923710141712e-07,0.011496426847159909
20.727054119110107,6.688417800825873e-05,0.31315665247364816,0.0004912156103829236,3.4955481107494675e-06,0.003979343003380511,1.6806247375450055e-05,0.04998657738447415,-0.0005270427330898064,2.364948564747023,-0.000469787232917255,-2.1175047590070768e-07,0.011480783323485016
20.731006622314453,6.688417800825873e-05,0.31315665247364816,0.0004912156103829236,3.460592629641973e-06,0.003939549573346706,1.6638184901695553e-05,0.04998657738447415,-0.0005270427330898064,2.364948564747023,-0.0004650893605880824,-2.096329711417006e-07,0.011365975490250165
20.75705075263977,6.695830011709185e-05,0.3133310621752455,0.0004919402545592185,3.4811138317774033e-06,0.003967121069823644,1.6745023741594414e-05,0.050099199242670214,-0.0005270506731416583,2.3653362098679884,-0.00046517850659452654,-2.0988026016656873e-07,0.01140723926083704
20.76269841194153,6.695830011709185e-05,0.3133310621752455,0.0004919402545592185,3.446302693459629e-06,0.0039274498591254075,1.657757350417847e-05,0.050099199242670214,-0.0005270506731416583,2.3653362098679884,-0.0004605267215285813,-2.0778145756490304e-07,0.01129316686822867
20.780787467956543,6.699529280176407e-05,0.3134182565650102,0.0004923022401565748,3.451460039750046e-06,0.003936378203467131,1.660830733909479e-05,0.050155303585241666,-0.0005270545677379917,2.3655290586307416,-0.00045928613527992327,-2.0737021024524855e-07,0.011291214917187918
20.786328077316284,6.699529280176407e-05,0.3134182565650102,0.0004923022401565748,3.4169454393525453e-06,0.0038970144214324595,1.6442224265703843e-05,0.050155303585241666,-0.0005270545677379917,2.3655290586307416,-0.00045469327392712403,-2.0529650814279605e-07,0.011178302768016039
20.80386257171631,6.703224002523252e-05,0.3135054439832377,0.000492664001608496,3.423604873342384e-06,0.003907767650506453,1.6480404059731384e-05,0.05021127026736894,-0.0005270584126854938,2.3657212612082335,-0.0004535884498545394,-2.049483516413624e-07,0.011180634327260928
20.821147203445435,6.703224002523252e-05,0.3135054439832377,0.000492664001608496,3.3893688246089605e-06,0.0038686899740013885,1.631560001913407e-05,0.05021127026736894,-0.0005270584126854938,2.3657212612082335,-0.00044905256535599403,-2.028988681249488e-07,0.01106882798398832
20.835285186767578,6.706914187629997e-05,0.31359262443171687,0.0004930255390500532,3.406057575599716e-06,0.003891667067850608,1.6403567329413556e-05,0.050267099342087986,-0.0005270622084588835,2.365912819849498,-0.0004487955035190357,-2.0296647015008635e-07,0.011099205544861603
20.84093976020813,6.706914187629997e-05,0.31359262443171687,0.0004930255390500532,3.371996999843719e-06,0.003852750397172102,1.623953165611942e-05,0.050267099342087986,-0.0005270622084588835,2.365912819849498,-0.0004443075484838453,-2.009368054485855e-07,0.010988213489412986
20.848244667053223,6.710599844466167e-05,0.3136797979121991,0.000493386852615956,3.436068073176706e-06,0.00393355840991635,1.6562868927434656e-05,0.05032279086644523,-0.0005270659555258133,2.3661037367949174,-0.000447989814193376,-2.0295108977008708e-07,0.011150457071304527
20.856525897979736,6.710599844466167e-05,0.3136797979121991,0.000493386852615956,3.401707392444939e-06,0.0038942228258171865,1.639724023816031e-05,0.05032279086644523,-0.0005270659555258133,2.3661037367949174,-0.00044350991605144225,-2.0092157887238621e-07,0.011038952500591483
20.920820474624634,6.717957608525169e-05,0.31385412397607304,0.0004941088086562354,3.3898753206427127e-06,0.003882394248286015,1.6343541987236432e-05,0.050433761511948484,-0.0005270733053946829,2.3664836545167693,-0.0004409009372824355,-1.9981479863998736e-07,0.010990095170356649
20.92465329170227,6.717957608525169e-05,0.31385412397607304,0.0004941088086562354,3.3559765674362854e-06,0.0038435703058031546,1.618010656736407e-05,0.050433761511948484,-0.0005270733053946829,2.3664836545167693,-0.00043649192790961113,-1.978166506535875e-07,0.010880194218653083
20.930328369140625,6.721629733297198e-05,0.3139412765629007,0.0004944694513976909,3.4478816551605895e-06,0.0039587053523418535,1.6642402898721073e-05,0.0504890407666968,-0.0005270769091117136,2.366672659731119,-0.00044232814225520775,-2.0088831901634873e-07,0.01111823888534865
20.937020540237427,6.721629733297198e-05,0.3139412765629007,0.0004944694513976909,3.413402838608984e-06,0.0039191182988184345,1.6475978869733863e-05,0.0504890407666968,-0.0005270769091117136,2.366672659731119,-0.0004379048608326557,-1.9887943582618525e-07,0.011007056496495162
20.94236397743225,6.725297364819017e-05,0.31402842218862065,0.0004948298707972324,3.5123755482331126e-06,0.004043016201249679,1.6973650387741573e-05,0.05054418273817049,-0.0005270804659531826,2.3668610321255463,-0.00044427071667850596,-2.0220890713672095e-07,0.011264152878918122
20.946920156478882,6.725297364819017e-05,0.31402842218862065,0.0004948298707972324,3.4772517927507814e-06,0.004002586039237183,1.6803913883864158e-05,0.05054418273817049,-0.0005270804659531826,2.3668610321255463,-0.0004398280095117209,-2.0018681806535375e-07,0.01115151135012894
20.96052360534668,6.728960511804076e-05,0.3141155608549731,0.000495190066987592,3.4947067078593493e-06,0.004026616485436158,1.689592058788399e-05,0.0505991875025731,-0.0005270839763661051,2.367048773897849,-0.0004396155906966833,-2.0025645231994138e-07,0.011183747055834916
20.96869444847107,6.728960511804076e-05,0.3141155608549731,0.000495190066987592,3.4597596407807556e-06,0.003986350320581796,1.6726961382005148e-05,0.0505991875025731,-0.0005270839763661051,2.367048773897849,-0.00043521943478971647,-1.9825388779674196e-07,0.011071909585276566
20.978697061538696,6.732619182921306e-05,0.31420269256371697,0.0004955500401011412,3.4961134956832733e-06,0.004033595766742425,1.6913137588833483e-05,0.05065405513976624,-0.0005270874407928124,2.3672358872374364,-0.00043651321026877155,-1.990649645710347e-07,0.011156049719483432
20.982999801635742,6.732619182921306e-05,0.31420269256371697,0.0004955500401011412,3.4611523607264404e-06,0.0039932598090750004,1.6744006212945148e-05,0.05065405513976624,-0.0005270874407928124,2.3672358872374364,-0.00043214807816608383,-1.9707431492532434e-07,0.011044489222288598
20.988030433654785,6.736273386705935e-05,0.3142898173166317,0.0004959097902700566,3.5674630068166215e-06,0.004126515699747006,1.7278912186679903e-05,0.05070878573321362,-0.0005270908596717278,2.3674223743253697,-0.0004389606999253632,-2.006117144525328e-07,0.011320221878491372
20.993467330932617,6.736273386705935e-05,0.3142898173166317,0.0004959097902700566,3.5317883767484552e-06,0.004085250542749536,1.7106123064813103e-05,0.05070878573321362,-0.0005270908596717278,2.3674223743253697,-0.00043457109292610954,-1.9860559730800746e-07,0.011207019659706458
21.00383424758911,6.739923131726701e-05,0.31437693511552056,0.0004962693176264606,3.5647797344457436e-06,0.004128432475473442,1.7275675003820298e-05,0.05076337936992583,-0.0005270942334368632,2.367608237334403,-0.00043558410739984594,-1.9927004041474574e-07,0.011281731501695199
21.00978422164917,6.739923131726701e-05,0.31437693511552056,0.0004962693176264606,3.529131937101286e-06,0.004087148150718708,1.7102918253782094e-05,0.05076337936992583,-0.0005270942334368632,2.367608237334403,-0.00043122826632584747,-1.9727734001059828e-07,0.011168914186678246
21.027079820632935,6.743568426429785e-05,0.31446404596220917,0.00049662862230242,3.534740375222481e-06,0.004096642574165524,1.7135927881653617e-05,0.05081783614040586,-0.0005270975625182641,2.367793478429022,-0.00043010176862056466,-1.9687997497103596e-07,0.011168814789343368
21.03220009803772,6.743568426429785e-05,0.31446404596220917,0.00049662862230242,3.499392971470256e-06,0.004055676148423869,1.696456860283708e-05,0.05081783614040586,-0.0005270975625182641,2.367793478429022,-0.000425800750934359,-1.949111752213256e-07,0.011057126641449934
21.062034130096436,6.750845698601066e-05,0.3146382468064025,0.0004973465641403284,3.5117431043642583e-06,0.004073509365661333,1.7031282085052033e-05,0.0509263394618214,-0.0005271040883291783,2.3681621034918505,-0.00042519716236615295,-1.9476507828270757e-07,0.011075303463581041
21.067449808120728,6.750845698601066e-05,0.3146382468064025,0.0004973465641403284,3.4766256733206157e-06,0.004032774272004719,1.686096926420151e-05,0.0509263394618214,-0.0005271040883291783,2.3681621034918505,-0.0004209451907424914,-1.928174274998805e-07,0.010964550428945232
21.08444118499756,6.754477692817039e-05,0.31472533680766934,0.0004977052015658304,3.4833557768251457e-06,0.004043701942338329,1.6899675084753952e-05,0.05098038621074448,-0.000527107285898316,2.368345491748036,-0.0004199001445507609,-1.9245299958704537e-07,0.010967380180941778
21.089857816696167,6.754477692817039e-05,0.31472533680766934,0.0004977052015658304,3.4485222190568943e-06,0.004003264922914946,1.6730678333906414e-05,0.05098038621074448,-0.000527107285898316,2.368345491748036,-0.0004157011431052533,-1.9052846959117492e-07,0.01085770637913236
21.098304748535156,6.758105270255458e-05,0.3148124198642565,0.0004980636168379646,3.497418004594104e-06,0.004066326581764415,1.698014370333061e-05,0.05103429648930641,-0.0005271104404630032,2.3685282666658356,-0.0004178579674101548,-1.9174247076735145e-07,0.010974637262597205
21.10358428955078,6.758105270255458e-05,0.3148124198642565,0.0004980636168379646,3.462443824548163e-06,0.00402566331594677,1.6810342266297305e-05,0.05103429648930641,-0.0005271104404630032,2.3685282666658356,-0.00041367938773605325,-1.8982504605967795e-07,0.010864890889971232
21.12705707550049,6.761728439151033e-05,0.3148994959780907,0.000498421810088412,3.457792309810689e-06,0.004022503308965919,1.679212804458714e-05,0.05108807040467945,-0.0005271135524331013,2.3687104303689637,-0.00041179634958547995,-1.8903993809974138e-07,0.010837127636056149
21.13631248474121,6.761728439151033e-05,0.3148994959780907,0.000498421810088412,3.423214386712582e-06,0.00398227827587626,1.662420676414127e-05,0.05108807040467945,-0.0005271135524331013,2.3687104303689637,-0.00040767838608962514,-1.8714953871874395e-07,0.010728756359695587
21.139981508255005,6.765347207682781e-05,0.3149865651511134,0.0004987797814486306,3.5805272885350548e-06,0.00417976434499896,1.7416309469311933e-05,0.051141708067215894,-0.0005271166222145969,2.368891984973093,-0.0004179039683014059,-1.923400496657673e-07,0.011137244618336472
21.16303849220276,6.768961584029793e-05,0.31507362738527933,0.0004991375310503863,3.5751691663899717e-06,0.004175726296253067,1.7394554126845768e-05,0.051195209590398257,-0.0005271196502095913,2.3690729325858886,-0.0004159825467931428,-1.9153104955364733e-07,0.011107678017076409
21.167892694473267,6.768961584029793e-05,0.31507362738527933,0.0004991375310503863,3.539417474726072e-06,0.004133969033290536,1.722060858557731e-05,0.051195209590398257,-0.0005271196502095913,2.3690729325858886,-0.00041182272132521137,-1.8961573905811086e-07,0.010996601236905644
21.18604874610901,6.772571576270889e-05,0.3151606826825542,0.0004994950590251662,3.5426471478002867e-06,0.0041405777084653145,1.7241833206566042e-05,0.051248575090790116,-0.0005271226368163736,2.3692532753070443,-0.0004105485223201821,-1.8912300746935122e-07,0.010990183007767251
21.190228700637817,6.772571576270889e-05,0.3151606826825542,0.0004994950590251662,3.507220676322284e-06,0.004099171931380661,1.706941487450038e-05,0.051248575090790116,-0.0005271226368163736,2.3692532753070443,-0.0004064430370969803,-1.872317773946577e-07,0.010880281177689579
21.19741702079773,6.77617719250724e-05,0.3152477310449127,0.0004998523655044026,3.569597469021441e-06,0.004179277162596259,1.7386986946666786e-05,0.051301804687987555,-0.0005271255824294315,2.3694330152283176,-0.00040950447748006275,-1.888746797980746e-07,0.011032159867048315
21.225298166275024,6.779778440728608e-05,0.31533477247433817,0.0005002094506195009,3.5589985102143582e-06,0.00416870313419314,1.7338925794570667e-05,0.05135489850457119,-0.0005271284874395078,2.3696121544335655,-0.000407231953620122,-1.8788468604890031e-07,0.01098882710712957
21.231183767318726,6.779778440728608e-05,0.31533477247433817,0.0005002094506195009,3.5234085251122144e-06,0.004127016102851209,1.716553653662496e-05,0.05135489850457119,-0.0005271284874395078,2.3696121544335655,-0.0004031596340839207,-1.860058391884113e-07,0.010878938836058274
21.246305227279663,6.783375331678533e-05,0.3154218069732472,0.0005005663145503953,3.53439839928212e-06,0.004143302885295694,1.722570865625534e-05,0.05140785662751738,-0.0005271313517831246,2.3697906950112597,-0.000402461675661108,-1.8578882018881122e-07,0.010893259864421079
21.25985884666443,6.786967873346991e-05,0.31550883454402734,0.0005009229574246519,3.5505694266867677e-06,0.004166079696645426,1.731193972627378e-05,0.05146067918975052,-0.0005271341761956538,2.369968639028111,-0.00040212677784036915,-1.8574870718048925e-07,0.010921228930757539
21.264095067977905,6.786967873346991e-05,0.31550883454402734,0.0005009229574246519,3.5150637324199002e-06,0.0041244188996789714,1.7138820329011043e-05,0.05146067918975052,-0.0005271341761956538,2.369968639028111,-0.0003981055100619654,-1.8389122010868435e-07,0.010812016641449963
21.281872034072876,6.790556073567925e-05,0.31559585518901867,0.0005012793793714803,3.5191468344733866e-06,0.004132126059988726,1.7164391006316304e-05,0.05151336632252083,-0.0005271369607995674,2.3701459885444858,-0.00039691529640603244,-1.8342650005198742e-07,0.010807932054058743
21.290335178375244,6.790556073567925e-05,0.31559585518901867,0.0005012793793714803,3.4839553661286525e-06,0.004090804799388838,1.699274709625314e-05,0.05151336632252083,-0.0005271369607995674,2.3701459885444858,-0.0003929461434419721,-1.8159223505146756e-07,0.010699852733518155
21.301214694976807,6.794139940164174e-05,0.31568286891051195,0.000501635580520982,3.5131535606951296e-06,0.004129876154319182,1.714445283081239e-05,0.05156591816034341,-0.0005271397061666817,2.3703227456128424,-0.0003935408136224791,-1.820029071837829e-07,0.010762290123287561
21.308563470840454,6.794139940164174e-05,0.31568286891051195,0.000501635580520982,3.4780220250881784e-06,0.00408857739277599,1.6973008302504265e-05,0.05156591816034341,-0.0005271397061666817,2.3703227456128424,-0.00038960540548625434,-1.8018287811194507e-07,0.010654667222054685
21.322021961212158,6.797719480869452e-05,0.3157698757107501,0.0005019915610034256,3.494952175048658e-06,0.0041123398821576946,1.7063121438594002e-05,0.05161833484043044,-0.0005271424125293423,2.370498912277929,-0.00038933769415984534,-1.8016579411755117e-07,0.010684639927539335
21.32772994041443,6.797719480869452e-05,0.3157698757107501,0.0005019915610034256,3.4600026532981714e-06,0.0040712164833361176,1.6892490224208063e-05,0.05161833484043044,-0.0005271424125293423,2.370498912277929,-0.0003854443172182469,-1.7836413617637567e-07,0.010577793528263942
21.353963136672974,6.801294703528999e-05,0.31585687559193115,0.000502347320949275,3.451902950371425e-06,0.004063668361118916,1.6856792790651906e-05,0.05167061650270173,-0.0005271450803652325,2.370674490576803,-0.0003834366791760966,-1.7748844883414578e-07,0.010541825175050461
21.357672691345215,6.801294703528999e-05,0.31585687559193115,0.000502347320949275,3.417383920867711e-06,0.004023031677507727,1.6688224862745388e-05,0.05167061650270173,-0.0005271450803652325,2.370674490576803,-0.00037960231238433567,-1.757135643458043e-07,0.010436406923299956
21.36273217201233,6.804865615742846e-05,0.31594386855621037,0.0005027028604893003,3.5204640368824957e-06,0.004154741867445934,1.721170367032424e-05,0.05172276328973473,-0.000527147709964029,2.370849482538865,-0.00038530668696688575,-1.7862451779713344e-07,0.010692817435038507
21.366936922073364,6.804865615742846e-05,0.31594386855621037,0.0005027028604893003,3.485259396513671e-06,0.0041131944487714745,1.7039586633620998e-05,0.05172276328973473,-0.000527147709964029,2.370849482538865,-0.00038145362009721687,-1.768382726191621e-07,0.010585889260688121
21.38400435447693,6.808432225166813e-05,0.316030854605706,0.000503058179754411,3.491050300508351e-06,0.004123028607512227,1.707371805837724e-05,0.05177477534672186,-0.0005271503017486047,2.3710238901858958,-0.0003804333181190811,-1.764420958550323e-07,0.010586628435868724
21.387482166290283,6.808432225166813e-05,0.316030854605706,0.000503058179754411,3.4561397975032677e-06,0.0040817983214371046,1.690298087779347e-05,0.05177477534672186,-0.0005271503017486047,2.3710238901858958,-0.0003766289849378903,-1.74677674896482e-07,0.010480762151510037
21.399662017822266,6.811994539356435e-05,0.31611783374250346,0.0005034132788757955,3.4784696877683902e-06,0.004112392653258779,1.7020378553185814e-05,0.051826652821427385,-0.0005271528560370528,2.3711977155320874,-0.0003767475974716954,-1.7483759497893255e-07,0.010524839620524714
21.425111770629883,6.815552566056824e-05,0.31620480596866074,0.0005037681579845307,3.4708827254722505e-06,0.004105442822436207,1.6987171538852355e-05,0.05187839586414502,-0.0005271553732191039,2.3713709605840796,-0.00037482487135305536,-1.7399408425770634e-07,0.010490611988694424
21.429991960525513,6.815552566056824e-05,0.31620480596866074,0.0005037681579845307,3.436173898217528e-06,0.004064388394211845,1.681729982346383e-05,0.05187839586414502,-0.0005271553732191039,2.3713709605840796,-0.0003710766226395248,-1.7225414341512928e-07,0.01038570586880748
21.460461854934692,6.822655786721998e-05,0.3163787296971772,0.0005044772566888647,3.4471716628761862e-06,0.004080825027681577,1.6877770281396628e-05,0.05198147926718761,-0.0005271602976246317,2.3717157177944657,-0.00037041677080396204,-1.720235835372981e-07,0.010399905789100407
21.466776371002197,6.822655786721998e-05,0.3163787296971772,0.0005044772566888647,3.4126999462474242e-06,0.004040016777404762,1.670899257858266e-05,0.05198147926718761,-0.0005271602976246317,2.3717157177944657,-0.0003667126030959224,-1.7030334770192511e-07,0.010295906731209403
21.481892347335815,6.826200995564101e-05,0.3164656812035566,0.0005048314765468139,3.4242150730702285e-06,0.004057139529164966,1.677213657199545e-05,0.05203281994037239,-0.0005271627055513117,2.371887233928681,-0.000366079569629545,-1.7008578400352976e-07,0.01031134992365042
21.487363576889038,6.826200995564101e-05,0.3164656812035566,0.0005048314765468139,3.3899729223395264e-06,0.004016568133873316,1.6604415206275495e-05,0.05203281994037239,-0.0005271627055513117,2.371887233928681,-0.0003624187739332495,-1.6838492616349446e-07,0.010208236424413914
21.498884439468384,6.829741946705067e-05,0.3165526258073454,0.0005051854769169543,3.4158930988995324e-06,0.004051869550451579,1.6740267293297206e-05,0.05208402680720758,-0.0005271650777594799,2.372058177720408,-0.0003627447074394245,-1.6863377466993763e-07,0.010260995433270591
21.505510568618774,6.829741946705067e-05,0.3165526258073454,0.0005051854769169543,3.3817341679105372e-06,0.004011350854947063,1.6572864620364234e-05,0.05208402680720758,-0.0005271650777594799,2.372058177720408,-0.00035911726036503026,-1.6694743692323824e-07,0.010158385478937885
21.51519536972046,6.833278647455476e-05,0.3166395635105299,0.0005055392579305595,3.4190003070331086e-06,0.004061004503115176,1.6766048963647934e-05,0.05213510003001524,-0.0005271674145830753,2.372228551139033,-0.0003601888469673411,-1.6755781882911118e-07,0.01024039505916188
21.525166749954224,6.833278647455476e-05,0.3166395635105299,0.0005055392579305595,3.3848103039627774e-06,0.004020394458084025,1.6598388474011452e-05,0.05213510003001524,-0.0005271674145830753,2.372228551139033,-0.0003565869584976677,-1.6588224064082008e-07,0.010137991108570261
21.54697871208191,6.836811105114825e-05,0.316726494315094,0.0005058928197185137,3.382489977861932e-06,0.004020045161467954,1.65916703144991e-05,0.05218603977340283,-0.0005271697163652309,2.3723983561465913,-0.00035507548943105666,-1.6522723725412255e-07,0.010117862248805542
21.551490306854248,6.836811105114825e-05,0.316726494315094,0.0005058928197185137,3.348665078083313e-06,0.003979844709853275,1.6425753611354106e-05,0.05218603977340283,-0.0005271697163652309,2.3723983561465913,-0.0003515247345367461,-1.635749648815813e-07,0.010016683626317486
21.561141967773438,6.840339327038402e-05,0.31681341822302,0.0005062461624122867,3.3863513411074308e-06,0.004030107353054971,1.6621205794666622e-05,0.052236846204224245,-0.0005271719834366548,2.372567594697805,-0.00035261663178845173,-1.6418879297399996e-07,0.010099536374974917
21.578954935073853,6.843863320369728e-05,0.31690033523629113,0.0005065992861428192,3.3910098662985133e-06,0.004038600517134296,1.66497785627693e-05,0.05228751949154134,-0.000527174216131707,2.3727362687401126,-0.00035156765692638287,-1.6375561467343524e-07,0.010097382499650458
21.588655948638916,6.843863320369728e-05,0.31690033523629113,0.0005065992861428192,3.357099767635528e-06,0.003998214511962953,1.6483280777141606e-05,0.05228751949154134,-0.000527174216131707,2.3727362687401126,-0.00034805198035711904,-1.6211805852670088e-07,0.009996408674653954
21.602869033813477,6.847383092330414e-05,0.3169872453568929,0.0005069521910411641,3.3717552898137403e-06,0.004019380331664237,1.656242008460743e-05,0.052338059806585936,-0.0005271764147765394,2.3729043802137046,-0.00034765235864667697,-1.6199907307723942e-07,0.010019915069340598
21.610065937042236,6.847383092330414e-05,0.3169872453568929,0.0005069521910411641,3.338037736915603e-06,0.003979186528347595,1.6396795883761358e-05,0.052338059806585936,-0.0005271764147765394,2.3729043802137046,-0.0003441758350602102,-1.60379082346467e-07,0.009919715918647192
21.618959665298462,6.850898650186724e-05,0.31707414858681426,0.0005073048772384583,3.381644678784809e-06,0.004037107601931019,1.6622484353880938e-05,0.052388467322722294,-0.0005271785796979392,2.373071931051557,-0.0003456201456748458,-1.6115590745202487e-07,0.010017191253338989
21.62312388420105,6.850898650186724e-05,0.31707414858681426,0.0005073048772384583,3.347828231996961e-06,0.003996736525911708,1.645625951034213e-05,0.052388467322722294,-0.0005271785796979392,2.373071931051557,-0.00034216394421809736,-1.5954434837750462e-07,0.009917019340805598
21.645944118499756,6.85441000090396e-05,0.3171610449280486,0.0005076573448656163,3.3443216739587787e-06,0.003994847798544961,1.644346580197364e-05,0.05243874221541007,-0.000527180711216829,2.3732389231794637,-0.00034063207507391513,-1.588689582786078e-07,0.009894247393634654
21.65090823173523,6.85441000090396e-05,0.3171610449280486,0.0005076573448656163,3.310878457219191e-06,0.003954899320559512,1.6279031143953903e-05,0.05243874221541007,-0.000527180711216829,2.3732389231794637,-0.000337225754323176,-1.5728026869582172e-07,0.009795304919698308
21.65969681739807,6.857917151737346e-05,0.31724793438259385,0.0005080095940535258,3.3555091532663406e-06,0.004014216584664696,1.6510081897311103e-05,0.052488884662167716,-0.0005271828096531366,2.373405358516069,-0.00033872321369386824,-1.580765253997856e-07,0.009895076392130558
21.664215326309204,6.857917151737346e-05,0.31724793438259385,0.0005080095940535258,3.3219540617336773e-06,0.003974074418818049,1.6344981078337993e-05,0.052488884662167716,-0.0005271828096531366,2.373405358516069,-0.00033533598155692957,-1.5649576014578774e-07,0.009796125628209253
21.685940980911255,6.861420109563097e-05,0.31733481695245286,0.0005083616249332136,3.320148037306982e-06,0.003974324447775444,1.6340753698636694e-05,0.052538894842536356,-0.000527184875322239,2.373571238972901,-0.00033393764237688896,-1.5588115661160398e-07,0.009777887203574276
21.6913423538208,6.861420109563097e-05,0.31733481695245286,0.0005083616249332136,3.286946556933912e-06,0.00393458120329769,1.6177346161650327e-05,0.052538894842536356,-0.000527184875322239,2.373571238972901,-0.0003305982659531201,-1.5432234504548795e-07,0.009680108331538533
21.702836513519287,6.864918881525057e-05,0.31742169263963343,0.0005087134376353176,3.3133888781735507e-06,0.003970817854061915,1.631634443614477e-05,0.0525887729380441,-0.0005271869085376494,2.3737365664544057,-0.0003309596676476473,-1.5456045923134121e-07,0.009733501893780732
21.7075834274292,6.864918881525057e-05,0.31742169263963343,0.0005087134376353176,3.2802549893918153e-06,0.0039311096755212955,1.6153180991783324e-05,0.0525887729380441,-0.0005271869085376494,2.3737365664544057,-0.00032765007097117086,-1.530148546390278e-07,0.009636166874842925
21.729159355163574,6.868413474532989e-05,0.31750856144614836,0.0005090650322908378,3.2790153883452343e-06,0.00393206049017897,1.615178257035341e-05,0.05263851913217083,-0.0005271889096090776,2.3739013428579763,-0.000326312586943646,-1.5242577357598406e-07,0.009619556606275087
21.73717498779297,6.868413474532989e-05,0.31750856144614836,0.0005090650322908378,3.246225234461782e-06,0.0038927398852771798,1.5990264744649876e-05,0.05263851913217083,-0.0005271889096090776,2.3739013428579763,-0.0003230494610742096,-1.5090151584022423e-07,0.009523361040212336
21.7446026802063,6.871903895552468e-05,0.3175954233740149,0.0005094164090305252,3.305347478539247e-06,0.003970755845979838,1.6295235371121623e-05,0.052688133610313416,-0.0005271908788439182,2.374065570073989,-0.00032540910303828616,-1.5210334673033908e-07,0.009659030671695051
21.75026535987854,6.871903895552468e-05,0.3175954233740149,0.0005094164090305252,3.2722940037538546e-06,0.003931048287520039,1.6132283017410408e-05,0.052688133610313416,-0.0005271908788439182,2.374065570073989,-0.00032215501200790327,-1.505823132630357e-07,0.0095624403649781
21.756883144378662,6.875390151404168e-05,0.3176822784252547,0.0005097675679850186,3.34225253252921e-06,0.0040229827157215545,1.6492410558519877e-05,0.052737616559751364,-0.0005271928165461985,2.374229249985833,-0.000325160721227467,-1.5209377493543623e-07,0.00972512969355327
21.787922382354736,6.87887224900917e-05,0.3177691266018931,0.000510118509285042,3.330698682090329e-06,0.004010733014650261,1.6438596071803746e-05,0.05278696816961295,-0.000527194723017408,2.3743923844699424,-0.00032322688429759996,-1.5121079175291695e-07,0.009682772445662088
21.793227910995483,6.87887224900917e-05,0.3177691266018931,0.000510118509285042,3.297391695269426e-06,0.0039706256845037586,1.627421011108571e-05,0.05278696816961295,-0.000527194723017408,2.3743923844699424,-0.00031999461545462394,-1.4969868383538776e-07,0.009585944721205468
21.804778337478638,6.882350195087912e-05,0.3178559679059589,0.0005104692330612634,3.323121321799773e-06,0.004006103929951675,1.6409870051487218e-05,0.05283618863084172,-0.0005271965985559336,2.3745549753958284,-0.0003203094794503995,-1.499018042191284e-07,0.00963711817488411
21.8092942237854,6.882350195087912e-05,0.3178559679059589,0.0005104692330612634,3.289890108581775e-06,0.003966042890652158,1.6245771350972344e-05,0.05283618863084172,-0.0005271965985559336,2.3745549753958284,-0.00031710638465589546,-1.484027861769371e-07,0.00954074699313527
21.83691120147705,6.885823996550426e-05,0.31794280233948446,0.0005108197394441846,3.2815165460983595e-06,0.003957824872665853,1.6208040718123875e-05,0.052885278136163456,-0.0005271984434575267,2.3747170246261113,-0.00031539440658529097,-1.476238951620739e-07,0.009506632773795197
21.84257197380066,6.885823996550426e-05,0.31794280233948446,0.0005108197394441846,3.248701380637376e-06,0.003918246623939195,1.6045960310942636e-05,0.052885278136163456,-0.0005271984434575267,2.3747170246261113,-0.00031224046251943804,-1.4614765621045316e-07,0.009411566446057245
21.864280223846436,6.892759192531295e-05,0.31811645060305394,0.0005115201005524148,3.2785145976489792e-06,0.003959055989528218,1.6202565295787135e-05,0.05298306505870492,-0.0005272020425185239,2.3750395054160762,-0.00031279607866464213,-1.4645728331554655e-07,0.009472638933126483
21.869680404663086,6.892759192531295e-05,0.31811645060305394,0.0005115201005524148,3.2457294516724894e-06,0.0039194654296329364,1.6040539642829262e-05,0.05298306505870492,-0.0005272020425185239,2.3750395054160762,-0.0003096681178779957,-1.4499271048239107e-07,0.009377912543795218
21.8839328289032,6.896220600379404e-05,0.3182032644371732,0.000511869955538758,3.2606405721472393e-06,0.003941182403570663,1.6121379859830995e-05,0.05303176286999597,-0.0005272037972554201,2.37519994066682,-0.0003093363861144167,-1.4487537324242221e-07,0.00940173928907233
21.88930368423462,6.896220600379404e-05,0.3182032644371732,0.000511869955538758,3.228034166425767e-06,0.003901770579534956,1.5960166061232686e-05,0.05303176286999597,-0.0005272037972554201,2.37519994066682,-0.0003062430222532725,-1.4342661950999798e-07,0.009307721896181606
21.909770488739014,6.899677890337678e-05,0.3182900714089019,0.0005122195936539248,3.22870389514379e-06,0.003905166419176403,1.5968458410814798e-05,0.05308033051345948,-0.0005272055225103749,2.3753598416041455,-0.0003050918301075332,-1.4291262722408614e-07,0.009296273601031713
21.916218280792236,6.899677890337678e-05,0.3182900714089019,0.0005122195936539248,3.196416856192352e-06,0.003866114754984639,1.580877382670665e-05,0.05308033051345948,-0.0005272055225103749,2.3753598416041455,-0.00030204091180645787,-1.4148350095184527e-07,0.009203310865021396
21.934232711791992,6.903131069059968e-05,0.3183768715202807,0.0005125690150281689,3.201847781216293e-06,0.003875637263041708,1.5841320705800078e-05,0.053128768190251495,-0.0005272072185653415,2.3755192100566784,-0.00030117596850328684,-1.41105549923432e-07,0.009203715632919643
21.93871521949768,6.903131069059968e-05,0.3183768715202807,0.0005125690150281689,3.16982930340413e-06,0.003836880890411291,1.5682907498742077e-05,0.053128768190251495,-0.0005272072185653415,2.3755192100566784,-0.000298164208818254,-1.396944944241977e-07,0.009111678476590447
21.951074600219727,6.906580142977194e-05,0.3184636647733518,0.000512918219791856,3.1925771668688666e-06,0.0038687366805903478,1.5803769979657857e-05,0.0531770761031208,-0.0005272088856996437,2.3756780478463373,-0.00029830123941822564,-1.3979633411131332e-07,0.009154853717465137
21.960845470428467,6.906580142977194e-05,0.3184636647733518,0.000512918219791856,3.160651395200178e-06,0.003830049313784444,1.5645732279861277e-05,0.0531770761031208,-0.0005272088856996437,2.3756780478463373,-0.00029531822702404337,-1.383983707702002e-07,0.009063305180290485
21.96812152862549,6.910025118754445e-05,0.31855045117015757,0.000513267208075324,3.2214288322081877e-06,0.003911025490777548,1.596068657767899e-05,0.05322525445637872,-0.0005272105241899484,2.3758363567883625,-0.00029762380200942356,-1.3953918519865506e-07,0.009200039020465794
21.97248864173889,6.910025118754445e-05,0.31855045117015757,0.000513267208075324,3.189214543886106e-06,0.0038719152358697726,1.58010797119022e-05,0.05322525445637872,-0.0005272105241899484,2.3758363567883625,-0.00029464756398932935,-1.381437933466685e-07,0.009108038630261136
21.986251831054688,6.913466002789293e-05,0.31863723071274114,0.000513615980008968,3.2061092000749273e-06,0.00389624799911272,1.589213490215084e-05,0.05327330345586936,-0.0005272121343103309,2.3759941386913463,-0.00029446090955990094,-1.3808606368010552e-07,0.009136764856195663
21.992284774780273,6.913466002789293e-05,0.31863723071274114,0.000513615980008968,3.174048108074178e-06,0.0038572855191215927,1.5733213553129333e-05,0.05327330345586936,-0.0005272121343103309,2.3759941386913463,-0.00029151630046430195,-1.3670520304330445e-07,0.009045397207633707
22.007324934005737,6.916902801613135e-05,0.3187240034031456,0.0005139645357228482,3.186903813075014e-06,0.003876406662797177,1.580366274993637e-05,0.05332122330894017,-0.0005272137163322714,2.376151395357262,-0.0002911082642901785,-1.3653944449665192e-07,0.009064219023890206
22.012480974197388,6.916902801613135e-05,0.3187240034031456,0.0005139645357228482,3.155034774944264e-06,0.003837642596169205,1.5645626122437006e-05,0.05332122330894017,-0.0005272137163322714,2.376151395357262,-0.0002881971816472767,-1.351740500516854e-07,0.008973576833651303
22.031001329421997,6.920335521623633e-05,0.318810769243414,0.0005143128753472768,3.1596611765429517e-06,0.003846115078739687,1.56740363965144e-05,0.053369014224412974,-0.000527215270524702,2.3763081285814933,-0.0002873364415117841,-1.3478979420083225e-07,0.008972292240844356
22.03615641593933,6.920335521623633e-05,0.318810769243414,0.0005143128753472768,3.128064564777522e-06,0.00380765392795229,1.5517296032549254e-05,0.053369014224412974,-0.000527215270524702,2.3763081285814933,-0.0002844630770966663,-1.3344189625882392e-07,0.008882569318435913
22.064507961273193,6.923764169196196e-05,0.31889752823558987,0.0005146609990123993,3.120390375304292e-06,0.0038001785406279794,1.5482812138111903e-05,0.05341667641255528,-0.0005272167971540155,2.376464340152863,-0.0002829292368937417,-1.3273425010127868e-07,0.008851334377789616
22.06947684288025,6.923764169196196e-05,0.31889752823558987,0.0005146609990123993,3.089186471551249e-06,0.0037621767552216997,1.5327984016730784e-05,0.05341667641255528,-0.0005272167971540155,2.376464340152863,-0.0002800999445248043,-1.314069076002659e-07,0.00876282103401172
22.078916311264038,6.927188750728577e-05,0.3189842803817159,0.0005150089068484167,3.129119944188075e-06,0.0038164586257885733,1.5536975676158127e-05,0.053464210085052026,-0.0005272182964841018,2.3766200318536628,-0.0002812074899753074,-1.3195979619537757e-07,0.00884760127434881
22.088927268981934,6.927188750728577e-05,0.3189842803817159,0.0005150089068484167,3.097828744746194e-06,0.0037782940395306875,1.5381605919396546e-05,0.053464210085052026,-0.0005272182964841018,2.3766200318536628,-0.00027839541507555435,-1.306401982334238e-07,0.008759125261605322
22.093448400497437,6.930609272451336e-05,0.31907102568383516,0.0005153565989853089,3.214563101959493e-06,0.003932377458981481,1.598370249477663e-05,0.05351161545497768,-0.0005272197687763639,2.37677520545968,-0.0002837131591328855,-1.3319952727676408e-07,0.009030320076300492
22.100971937179565,6.930609272451336e-05,0.31907102568383516,0.0005153565989853089,3.182417470939898e-06,0.0038930536843916662,1.5823865469828864e-05,0.05351161545497768,-0.0005272197687763639,2.37677520545968,-0.00028087602754155665,-1.3186753200399643e-07,0.008940016875537487
22.10996723175049,6.934025740806917e-05,0.31915776414398994,0.0005157040755531942,3.2247547157597405e-06,0.003950549631386996,1.604532663473577e-05,0.05355889273676867,-0.0005272212142897486,2.376929862740227,-0.000282110012141708,-1.3247576825496097e-07,0.009030356390854597
22.11453652381897,6.934025740806917e-05,0.31915776414398994,0.0005157040755531942,3.192507168602143e-06,0.003911044135073126,1.5884873368388412e-05,0.05355889273676867,-0.0005272212142897486,2.376929862740227,-0.0002792889120202909,-1.3115101057241136e-07,0.00894005282694605
22.12636423110962,6.937438161925626e-05,0.3192444957642224,0.000516051336682053,3.216922691916285e-06,0.003945262886438071,1.601462192229364e-05,0.05360604214619623,-0.0005272226332807657,2.377084005458169,-0.000279548607026454,-1.3129287196440127e-07,0.00898690197463251
22.13788151741028,6.937438161925626e-05,0.3192444957642224,0.000516051336682053,3.1847534649971223e-06,0.0039058102575736903,1.5854475703070703e-05,0.05360604214619623,-0.0005272226332807657,2.377084005458169,-0.0002767531209561895,-1.2997994324475725e-07,0.008897032954886185
22.14716386795044,6.940846542038169e-05,0.3193312205465743,0.0005163983825018663,3.224618052770848e-06,0.003960181922026597,1.6063443244625606e-05,0.053653063900339526,-0.000527224026003515,2.3772376353699527,-0.0002778474334158398,-1.3051677055085654e-07,0.00898110592678089
22.151968717575073,6.940846542038169e-05,0.3193312205465743,0.0005163983825018663,3.1923718722431397e-06,0.003920580102806331,1.590280881217935e-05,0.053653063900339526,-0.000527224026003515,2.3772376353699527,-0.00027506895908168137,-1.2921160284534798e-07,0.00889129486751308
22.166791200637817,6.944250887408727e-05,0.31941793849308664,0.0005167452131424476,3.205308032326833e-06,0.003939878635116489,1.597379029341462e-05,0.053699958217559185,-0.0005272253927097075,2.377390754225633,-0.0002747194460485465,-1.2906015989091038e-07,0.008910393055097561
22.1725332736969,6.944250887408727e-05,0.31941793849308664,0.0005167452131424476,3.1732549520035646e-06,0.0039004798487653237,1.5814052390480475e-05,0.053699958217559185,-0.0005272253927097075,2.377390754225633,-0.00027197225158806103,-1.2776955829200126e-07,0.008821289124546586
22.188514471054077,6.947651204112003e-05,0.31950464960580055,0.0005170918287339183,3.1830845733148408e-06,0.003915733259633945,1.586911548709257e-05,0.05374672531747114,-0.0005272267336486906,2.3775433637689014,-0.0002714637701959203,-1.2754110972672797e-07,0.008832928275563142
22.194417476654053,6.947651204112003e-05,0.31950464960580055,0.0005170918287339183,3.1512537275816924e-06,0.0038765759270376053,1.5710424332221643e-05,0.05374672531747114,-0.0005272267336486906,2.3775433637689014,-0.0002687491324939611,-1.262656986294607e-07,0.00874459899280751
22.210861444473267,6.951047498323086e-05,0.3195913538867563,0.0005174382294059821,3.160089873631716e-06,0.003890537273771813,1.5760398245886753e-05,0.053793365420920836,-0.0005272280490674694,2.3776954657371125,-0.00026819540875591913,-1.260143578382473e-07,0.008753877492454471
22.216844081878662,6.951047498323086e-05,0.3195913538867563,0.0005174382294059821,3.1284889748953988e-06,0.003851631901034095,1.5602794263427886e-05,0.053793365420920836,-0.0005272280490674694,2.3776954657371125,-0.0002655134546683599,-1.247542142598648e-07,0.008666338717529927
22.233870029449463,6.954439776116756e-05,0.3196780513379934,0.0005177844152885098,3.136131279540289e-06,0.003864036362409094,1.5646645074884865e-05,0.05383987874995773,-0.0005272293392107309,2.3778470618613117,-0.000264904570189695,-1.2447537462330506e-07,0.008672787961784223
22.238831520080566,6.954439776116756e-05,0.3196780513379934,0.0005177844152885098,3.104769966744886e-06,0.003825395998785003,1.5490178624136016e-05,0.05383987874995773,-0.0005272293392107309,2.3778470618613117,-0.00026225552448779806,-1.2323062087707202e-07,0.00858606008216638
22.251348972320557,6.957828043578996e-05,0.3197647419615512,0.0005181303865112344,3.126612664015865e-06,0.003856397846100709,1.560698269179072e-05,0.053886265527810166,-0.0005272306043208655,2.377998153866262,-0.00026239658889177955,-1.233050737144224e-07,0.00862643477810638
22.2568941116333,6.957828043578996e-05,0.3197647419615512,0.0005181303865112344,3.095346537375706e-06,0.003817833867639702,1.545091286487281e-05,0.053886265527810166,-0.0005272306043208655,2.377998153866262,-0.0002597726230028618,-1.2207202297727817e-07,0.008540170430325317
22.270729064941406,6.961212306706631e-05,0.31985142575946807,0.0005184761432039719,3.11219477883108e-06,0.00384231117979946,1.5542086252197423e-05,0.05393252597886055,-0.0005272318446379902,2.378148743470471,-0.0002596577364666658,-1.2202388983733572e-07,0.008568609001032585
22.27649450302124,6.961212306706631e-05,0.31985142575946807,0.0005184761432039719,3.081072831042769e-06,0.0038038880680014656,1.5386665389675448e-05,0.05393252597886055,-0.0005272318446379902,2.378148743470471,-0.00025706115910199915,-1.2080365093896236e-07,0.00848292291102226
22.28936219215393,6.964592571496536e-05,0.3199381027337823,0.0005188216854962057,3.1016012714655066e-06,0.003833209360449167,1.5496789294783363e-05,0.05397866032862084,-0.0005272330603999697,2.3782988323862178,-0.0002571412801379891,-1.208459747808639e-07,0.008520090917142491
22.2925066947937,6.964592571496536e-05,0.3199381027337823,0.0005188216854962057,3.0705852587508515e-06,0.003794877266844675,1.534182140183553e-05,0.05397866032862084,-0.0005272330603999697,2.3782988323862178,-0.0002545698673366092,-1.1963751503305527e-07,0.008434890007971067
22.315094232559204,6.967968843923325e-05,0.3200247728865311,0.0005191670135177531,3.069094598522889e-06,0.0037952992790323383,1.5338702526269683e-05,0.05402466880370837,-0.0005272342518424396,2.3784484223195794,-0.00025352366579249776,-1.191475898455311e-07,0.008419813247433884
22.32079792022705,6.967968843923325e-05,0.3200247728865311,0.0005191670135177531,3.03840365253766e-06,0.003757346286242015,1.5185315501006986e-05,0.05402466880370837,-0.0005272342518424396,2.3784484223195794,-0.00025098842913457277,-1.1795611394707578e-07,0.008335615114959545
22.330838203430176,6.971341129939358e-05,0.32011143621975113,0.0005195121273981813,3.0736734185670905e-06,0.003806088452048595,1.537138476061898e-05,0.05407055163182199,-0.0005272354191988268,2.3785975149704566,-0.0002518283885896868,-1.1835278600877146e-07,0.008407590094607243
22.338072538375854,6.971341129939358e-05,0.32011143621975113,0.0005195121273981813,3.0429366843814196e-06,0.0037680275675281093,1.5217670913012792e-05,0.05407055163182199,-0.0005272354191988268,2.3785975149704566,-0.00024931010470378995,-1.1716925814868373e-07,0.008323514193661171
22.354624032974243,6.97470943535209e-05,0.32019809273547806,0.0005198570272670861,3.052290249306328e-06,0.0037827029976511078,1.5270356834854255e-05,0.054116309041718505,-0.0005272365627003719,2.378746112032601,-0.0002488348923684829,-1.1694586816535059e-07,0.008334196060811485
22.359552145004272,6.97470943535209e-05,0.32019809273547806,0.0005198570272670861,3.0217673468132646e-06,0.0037448759676745966,1.5117653266505712e-05,0.054116309041718505,-0.0005272365627003719,2.378746112032601,-0.00024634654344479805,-1.1577640948369708e-07,0.00825085410020337
22.37905740737915,6.978073766180868e-05,0.3202847424357476,0.0005202017132539246,3.0252714401485215e-06,0.0037518509645430554,1.5140210871471656e-05,0.05416194126318939,-0.0005272376825761496,2.37889421519364,-0.000245583491232829,-1.1541673501564381e-07,0.008247779609256656
22.38437247276306,6.978073766180868e-05,0.3202847424357476,0.0005202017132539246,2.9950187257470362e-06,0.0037143324548976247,1.4988808762756938e-05,0.05416194126318939,-0.0005272376825761496,2.37889421519364,-0.0002431276563205007,-1.1426256766548737e-07,0.00816530181316409
22.394566535949707,6.981434128099438e-05,0.3203713853225938,0.00052054618548821,3.0295214962644695e-06,0.003762182609096691,1.517114133253904e-05,0.054207448527037884,-0.0005272387790530907,2.3790418261351043,-0.00024392739282582114,-1.1463446900674682e-07,0.008235140287432847
22.410873413085938,6.981434128099438e-05,0.3203713853225938,0.00052054618548821,2.999226281301825e-06,0.003724560783005724,1.501942991921365e-05,0.054207448527037884,-0.0005272387790530907,2.3790418261351043,-0.00024148811889756293,-1.1348812431667935e-07,0.008152788884558518
22.421061277389526,6.984790527038029e-05,0.32045802139805035,0.0005208904440995114,3.0336561417867554e-06,0.003772353683056086,1.520145716638431e-05,0.05425283106505629,-0.0005272398523560017,2.379188946532452,-0.0002422838699919074,-1.1385625923878208e-07,0.008222348833295137
22.427277088165283,6.984790527038029e-05,0.32045802139805035,0.0005208904440995114,3.003319580368888e-06,0.0037346301462255252,1.5049442594720467e-05,0.05425283106505629,-0.0005272398523560017,2.379188946532452,-0.00023986103129198833,-1.1271769664639425e-07,0.008140125344962185
22.431026220321655,6.988142968848868e-05,0.3205446506641501,0.0005212344892170365,3.1481564217649093e-06,0.003928348701673383,1.5801178011062474e-05,0.05429808911000363,-0.000527240902707587,2.379335578055095,-0.0002461268224634149,-1.1564131294568427e-07,0.008467946144278132
22.436486959457397,6.988142968848868e-05,0.3205446506641501,0.0005212344892170365,3.1166748575472603e-06,0.0038890652146566494,1.564316623095185e-05,0.05429808911000363,-0.000527240902707587,2.379335578055095,-0.00024366555423878077,-1.1448489981622743e-07,0.00838326668283535
22.45085859298706,6.991491459049727e-05,0.32063127312292433,0.0005215783209702166,3.131076942770278e-06,0.003910447781289175,1.572195703081283e-05,0.054343222895583604,-0.0005272419303284677,2.3794817223664255,-0.0002434736420210541,-1.1438812080295026e-07,0.008405838712279462
22.45702624320984,6.991491459049727e-05,0.32063127312292433,0.0005215783209702166,3.0997661733425752e-06,0.003871343303476283,1.5564737460504703e-05,0.054343222895583604,-0.0005272419303284677,2.3794817223664255,-0.00024103890560084356,-1.1324423959492076e-07,0.008321780325156666
22.469785690307617,6.994836003515214e-05,0.32071788877640445,0.0005219219394883158,3.120039305744738e-06,0.0039005134199651473,1.5673873060434664e-05,0.054388232656422744,-0.0005272429354372029,2.379627381123839,-0.00024113954928462557,-1.1328262145239009e-07,0.00835801970147432
22.47537088394165,6.994836003515214e-05,0.32071788877640445,0.0005219219394883158,3.0888389126872907e-06,0.003861508285765496,1.5517134329830317e-05,0.054388232656422744,-0.0005272429354372029,2.379627381123839,-0.00023872815379177931,-1.121497952378662e-07,0.008274439504459578
22.4864718914032,6.998176607863538e-05,0.3208044976266202,0.0005222653449006272,3.116816898885133e-06,0.00390091211508904,1.566611906653521e-05,0.05443311862804896,-0.0005272439182503092,2.3797725559787613,-0.00023920730093314647,-1.1236301637731304e-07,0.00832854956117583
22.492053985595703,6.998176607863538e-05,0.3208044976266202,0.0005222653449006272,3.0856487298962818e-06,0.0038619029939381496,1.550945787586986e-05,0.05443311862804896,-0.0005272439182503092,2.3797725559787613,-0.000236815227923815,-1.1123938621353991e-07,0.008245264065564072
22.51103663444519,7.001513277891339e-05,0.3208910996756006,0.0005226085373363884,3.089179743587579e-06,0.003868905653612737,1.553212535341916e-05,0.054477881046870305,-0.0005272448789822807,2.379917248576674,-0.00023611192106278892,-1.109011433939926e-07,0.008242581821511635
22.516894102096558,7.001513277891339e-05,0.3208910996756006,0.0005226085373363884,3.0582879461517033e-06,0.0038302165970766095,1.5376804099884967e-05,0.054477881046870305,-0.0005272448789822807,2.379917248576674,-0.00023375080185216102,-1.0979213196005267e-07,0.00816015600329652
22.531365633010864,7.004846019105404e-05,0.32097769492537315,0.0005229515169247817,3.0727629333387083e-06,0.0038517527804044095,1.5456069572765066e-05,0.05452252015015402,-0.0005272458178456087,2.380061460557138,-0.0002335822527734867,-1.0970137380418564e-07,0.00818284893217742
22.536933422088623,7.004846019105404e-05,0.32097769492537315,0.0005229515169247817,3.042035304005321e-06,0.0038132352526003654,1.5301508877037417e-05,0.05452252015015402,-0.0005272458178456087,2.380061460557138,-0.00023124643024575184,-1.0860436006614378e-07,0.008101020442855645
22.54869294166565,7.008174837146358e-05,0.3210642833779645,0.0005232942837948226,3.0670039013823143e-06,0.0038487355467317678,1.5435096477025943e-05,0.054567036176005876,-0.0005272467350508008,2.3802051935538193,-0.0002315850236589952,-1.0874761697457448e-07,0.00814793763426749
22.55325174331665,7.008174837146358e-05,0.3210642833779645,0.0005232942837948226,3.0363338623684914e-06,0.00381024819126445,1.5280745512255685e-05,0.054567036176005876,-0.0005272467350508008,2.3802051935538193,-0.00022926917342240525,-1.0766014080482874e-07,0.008066458257924815
22.564191818237305,7.01149973755452e-05,0.32115086503540036,0.0005236368380756946,3.0654435402698777e-06,0.0038512874523976143,1.5435821632759134e-05,0.05461142936334977,-0.0005272476308064007,2.380348449194513,-0.0002298068261326289,-1.0789411538910823e-07,0.008122853500835907
22.568934202194214,7.01149973755452e-05,0.32115086503540036,0.0005236368380756946,3.034789104867179e-06,0.003812774577873638,1.5281463416431543e-05,0.05461142936334977,-0.0005272476308064007,2.380348449194513,-0.0002275087578713026,-1.0681517423521715e-07,0.008041624965827547
22.591827869415283,7.014820725870245e-05,0.32123743989970477,0.0005239791798964981,3.0328303632330896e-06,0.003812462908416346,1.5275686390155514e-05,0.054655699951907576,-0.0005272485053190064,2.3804912291011684,-0.00022657706276178624,-1.0636818256076903e-07,0.008026490568283688
22.59688925743103,7.014820725870245e-05,0.32123743989970477,0.0005239791798964981,3.0025020596007585e-06,0.0037743382793321827,1.5122929526253959e-05,0.054655699951907576,-0.0005272485053190064,2.3804912291011684,-0.00022431129213416838,-1.0530450073516134e-07,0.00794622566260085
22.612756490707397,7.018137807645076e-05,0.32132400797290095,0.0005243213093860827,3.013393113332487e-06,0.0037911526597418925,1.518372156497906e-05,0.0546998481821793,-0.0005272493587932899,2.3806335348899137,-0.00022399341360619657,-1.0514036123993544e-07,0.007960645770447614
22.618632316589355,7.018137807645076e-05,0.32132400797290095,0.0005243213093860827,2.983259182199162e-06,0.0037532411331444734,1.503188434932927e-05,0.0546998481821793,-0.0005272493587932899,2.3806335348899137,-0.0002217534794701346,-1.0408895762753607e-07,0.007881039312743138
22.63689398765564,7.021450988386004e-05,0.32141056925701067,0.0005246632266734665,2.9889391521982947e-06,0.0037631092505885293,1.5065675441897524e-05,0.05474387429542346,-0.0005272501914320154,2.3807753681710797,-0.00022119751486942578,-1.0381411558206581e-07,0.007883534832973197
22.640559434890747,7.021450988386004e-05,0.32141056925701067,0.0005246632266734665,2.959049760676312e-06,0.0037254781580826437,1.4915018687478548e-05,0.05474387429542346,-0.0005272501914320154,2.3807753681710797,-0.00021898553972073153,-1.0277597442624514e-07,0.007804699484643464
22.64644503593445,7.024760273522007e-05,0.3214971237540544,0.0005250049318875565,3.0395267322350786e-06,0.003835284821497947,1.5336773565088393e-05,0.05478777853363773,-0.0005272510034360578,2.3809167305492247,-0.0002219166353102688,-1.0410568563098998e-07,0.007978101124761326
22.671353816986084,7.02806566843749e-05,0.3215836714660511,0.0005253464251572593,3.035110590771364e-06,0.0038316778382791153,1.53182211386496e-05,0.05483156113953984,-0.0005272517950044214,2.3810576236231573,-0.00022089939854308323,-1.0361712222651465e-07,0.007957539664658947
22.676353931427002,7.02806566843749e-05,0.3215836714660511,0.0005253464251572593,3.0047594848636505e-06,0.0037933610598963243,1.5165038927263104e-05,0.05483156113953984,-0.0005272517950044214,2.3810576236231573,-0.0002186904045576524,-1.025809510042495e-07,0.007877964268012358
22.721254587173462,7.034664809378909e-05,0.3217567465429723,0.0005260287763786067,3.0034888614085484e-06,0.0037939736751294384,1.5162831157912914e-05,0.054918762428766026,-0.0005272533176208824,2.381338008225021,-0.0002178266016296069,-1.0216040463931071e-07,0.007864567104934654
22.72950839996338,7.034664809378909e-05,0.3217567465429723,0.0005260287763786067,2.973453972794463e-06,0.003756033938378144,1.5011202846333786e-05,0.054918762428766026,-0.0005272533176208824,2.381338008225021,-0.00021564833561331083,-1.011388005929176e-07,0.007785921433885307
22.736993312835693,7.037958566095815e-05,0.3218432739119279,0.0005263696345876503,3.0298924814796126e-06,0.0038340759751133977,1.530892356409574e-05,0.054962181600957526,-0.0005272540490577958,2.3814775029220403,-0.0002174125362369346,-1.0192144029079432e-07,0.007903209936081077
22.741262912750244,7.037958566095815e-05,0.3218432739119279,0.0005263696345876503,2.9995935566648166e-06,0.0037957352153622638,1.5155834328454784e-05,0.054962181600957526,-0.0005272540490577958,2.3814775029220403,-0.00021523841087456525,-1.0090222588788637e-07,0.007824177836720266
22.745302200317383,7.041248454029893e-05,0.3219297945038983,0.0005267102813671888,3.129104840226226e-06,0.003971975522771449,1.5833620145918686e-05,0.05500548011853527,-0.0005272547608366976,2.3816165346530718,-0.00022030316650404924,-1.0319051163166226e-07,0.008106367822552517
22.767735719680786,7.0445344785769e-05,0.322016308320895,0.000527050716845937,3.1265027346313754e-06,0.003970820300347649,1.5824521841396602e-05,0.05504865822753958,-0.0005272554531475056,2.381755104988536,-0.00021939106147555608,-1.0274747287668425e-07,0.008089989810862267
22.772539377212524,7.0445344785769e-05,0.322016308320895,0.000527050716845937,3.0952377072850614e-06,0.003931112097344172,1.5666276622982637e-05,0.05504865822753958,-0.0005272554531475056,2.381755104988536,-0.00021719715086080052,-1.0171999814791741e-07,0.008009089912753644
22.789146423339844,7.047816644965373e-05,0.32210281536492813,0.0005273909411524151,3.1029973936588785e-06,0.003943891544258708,1.571108882959287e-05,0.05509171617462145,-0.0005272561261783732,2.3818932154932475,-0.0002167575604782204,-1.0149179107380795e-07,0.008016093516708483
22.80070400238037,7.047816644965373e-05,0.32210281536492813,0.0005273909411524151,3.0719674197222896e-06,0.003904452628816121,1.555397794129694e-05,0.05509171617462145,-0.0005272561261783732,2.3818932154932475,-0.0002145899848734382,-1.0047687316306987e-07,0.007935932581541398
22.81297516822815,7.051094958401591e-05,0.322189315638006,0.0005277309544151159,3.0935812190510766e-06,0.003935898776750979,1.5670936989556718e-05,0.05513465420702515,-0.0005272567801157056,2.3820308677264355,-0.00021477321990369207,-1.0053119343551384e-07,0.007974056251413768
22.81911873817444,7.051094958401591e-05,0.322189315638006,0.0005277309544151159,3.062645406860566e-06,0.003896539788983469,1.551422761966115e-05,0.05513465420702515,-0.0005272567801157056,2.3820308677264355,-0.00021262548770465515,-9.95258815011587e-08,0.00789431568889963
22.842398643493652,7.05436942413647e-05,0.32227580914213544,0.0005280707567625327,3.0595746098588427e-06,0.0038947281102655698,1.5502636342698426e-05,0.05517747257257109,-0.0005272574151441774,2.382168063241769,-0.0002117189289438156,-9.908434410337977e-08,0.007877097000573725
22.847092866897583,7.05436942413647e-05,0.32227580914213544,0.0005280707567625327,3.0289788637602542e-06,0.003855780829162914,1.5347609979271443e-05,0.05517747257257109,-0.0005272574151441774,2.382168063241769,-0.00020960173965437745,-9.809350066234597e-08,0.007798326030567988
22.861050605773926,7.057640047320608e-05,0.3223622958793214,0.0005284103483231873,3.044598665694235e-06,0.0038791863089624717,1.5433415491471496e-05,0.055220171519638865,-0.000527258031446749,2.3823048035873797,-0.00020952677623853683,-9.802860294947929e-08,0.007822955505063954
22.866655826568604,7.057640047320608e-05,0.3223622958793214,0.0005284103483231873,3.0141526790372926e-06,0.003840394445872847,1.527908133655678e-05,0.055220171519638865,-0.000527258031446749,2.3823048035873797,-0.00020743150847615146,-9.70483169199845e-08,0.007744725950013314
22.888102054595947,7.064169786739595e-05,0.3225352490608745,0.0005290888995974631,3.0436717017333056e-06,0.003882635538837703,1.5437468560187145e-05,0.055305212154554216,-0.0005272592085975623,2.3825769249344013,-0.00020796808314797616,-9.72552046534317e-08,0.007800190119268858
22.893279552459717,7.064169786739595e-05,0.3225352490608745,0.0005290888995974631,3.0132349847159725e-06,0.0038438091834493257,1.5283093874585273e-05,0.055305212154554216,-0.0005272592085975623,2.3825769249344013,-0.0002058884023164964,-9.628265260689738e-08,0.00772218821807617
22.91330313682556,7.067428913253529e-05,0.322621715509243,0.0005294278595677404,3.0150000639959687e-06,0.0038485533955908424,1.5296754973066242e-05,0.055347554341807714,-0.0005272597698033027,2.3827123090045883,-0.00020521110429780253,-9.59429323030673e-08,0.007715794826278343
22.916815519332886,7.067428913253529e-05,0.322621715509243,0.0005294278595677404,2.984850063356009e-06,0.003810067861634934,1.514378742333558e-05,0.055347554341807714,-0.0005272597698033027,2.3827123090045883,-0.0002031589932548245,-9.498350298003662e-08,0.007638636878015559
22.931779384613037,7.07068421773028e-05,0.32270817519867045,0.0005297666092643997,2.9976378984507985e-06,0.0038297461659972435,1.5215002504624023e-05,0.05538977810936258,-0.0005272603129981725,2.382847244042649,-0.00020296422486753345,-9.486069845298598e-08,0.007656718331981874
22.948530673980713,7.073935705175675e-05,0.322794628131153,0.0005301051488157425,3.0057068610268193e-06,0.003843058423974083,1.526162712067585e-05,0.05543188370814825,-0.0005272608383568071,2.3829817315693638,-0.00020256485890509572,-9.464488207590493e-08,0.007664263035345665
22.967620372772217,7.073935705175675e-05,0.322794628131153,0.0005301051488157425,2.975649792416551e-06,0.0038046278397343425,1.510901084946909e-05,0.05543188370814825,-0.0005272608383568071,2.3829817315693638,-0.00020053921031604476,-9.369843325514588e-08,0.007587620404992208
22.97661828994751,7.077183380740534e-05,0.3228810743086849,0.0005304434783498479,3.016644479444498e-06,0.0038626551060722478,1.532775249072759e-05,0.05547387138955642,-0.0005272613460522244,2.3831157731001094,-0.00020154941892717193,-9.41146127022766e-08,0.007667822159391822
22.983055353164673,7.077183380740534e-05,0.3228810743086849,0.0005304434783498479,2.986478034650053e-06,0.003824028555011525,1.5174474965820315e-05,0.05547387138955642,-0.0005272613460522244,2.3831157731001094,-0.00019953392473790022,-9.317346657525384e-08,0.007591143937797904
22.98739504814148,7.080427249341548e-05,0.3229675137332583,0.0005307815979948233,3.1031485970989974e-06,0.00398497145474297,1.5789074536591188e-05,0.05551574140542569,-0.000527261836255841,2.3832493701448816,-0.00020375114649576808,-9.502463937908455e-08,0.007837786433658197
22.992249011993408,7.080427249341548e-05,0.3229675137332583,0.0005307815979948233,3.0721171111280075e-06,0.0039451217401955405,1.5631183791225274e-05,0.05551574140542569,-0.000527261836255841,2.3832493701448816,-0.0002017136350308104,-9.40743929852937e-08,0.007759408569321615
23.01151156425476,7.083667315984647e-05,0.3230539464068634,0.0005311195078786922,3.0743731224840305e-06,0.00395054135544197,1.5647418504723695e-05,0.055557494008026335,-0.0005272623091374871,2.383382524208317,-0.0002010872124006415,-9.375553557939923e-08,0.007754245692777079
23.022056341171265,7.083667315984647e-05,0.3230539464068634,0.0005311195078786922,3.0436293912591903e-06,0.003911035941887551,1.549094431967646e-05,0.055557494008026335,-0.0005272623091374871,2.383382524208317,-0.0001990763402766351,-9.281798022360523e-08,0.007676703235849308
23.027402877807617,7.086903585653497e-05,0.3231403723314887,0.0005314572081295076,3.1318739130465137e-06,0.004033574015432994,1.595731081231525e-05,0.05559912945004533,-0.0005272627648654224,2.3835152367897146,-0.00020206418978954593,-9.41121931774731e-08,0.007860039026127074
23.052744150161743,7.090136063231445e-05,0.3232267915091202,0.0005317946988752666,3.1255672789807035e-06,0.004027340422439644,1.5928735994923885e-05,0.0556406479845716,-0.0005272632036063509,2.383647509383058,-0.000201087281001312,-9.363615878028339e-08,0.00783613611040767
23.058257579803467,7.090136063231445e-05,0.3232267915091202,0.0005317946988752666,3.0943116061908964e-06,0.003987067018215247,1.5769448634974647e-05,0.0556406479845716,-0.0005272632036063509,2.383647509383058,-0.0001990764081912989,-9.269979719248056e-08,0.0077577747493035925
23.069327116012573,7.093364753657625e-05,0.3233132039417424,0.0005321319802437166,3.120565684861618e-06,0.004025259632040767,1.5911464392249082e-05,0.0556820498650814,-0.0005272636255254356,2.3837793434770362,-0.0001994599301358355,-9.282889865735481e-08,0.007805005563165253
23.074822187423706,7.093364753657625e-05,0.3233132039417424,0.0005321319802437166,3.089360028013002e-06,0.0039850070357203594,1.575234974832659e-05,0.0556820498650814,-0.0005272636255254356,2.3837793434770362,-0.00019746533083447713,-9.190060967078127e-08,0.007726955507533601
23.094483137130737,7.0965896618712e-05,0.32339960963133735,0.0005324690523627718,3.0906345016886164e-06,0.003989104838252272,1.5763467374250204e-05,0.05572333534542396,-0.000527264030786314,2.383910740555066,-0.00019681902029922504,-9.157140011352713e-08,0.007719726164689288
23.100054264068604,7.0965896618712e-05,0.32339960963133735,0.0005324690523627718,3.0597281566717303e-06,0.003949213789869749,1.5605832700507702e-05,0.05572333534542396,-0.000527264030786314,2.383910740555066,-0.0001948508300962328,-9.065568611239185e-08,0.007642528903042395
23.12891674041748,7.10302815077065e-05,0.32357240078936406,0.0005331425693637471,3.072884488650239e-06,0.003969588712736835,1.5679320439746684e-05,0.05580555812278426,-0.0005272647919804599,2.3841722295707095,-0.00019469912621637405,-9.054260263086664e-08,0.0076610581807254365
23.133724451065063,7.10302815077065e-05,0.32357240078936406,0.0005331425693637471,3.0421556437637366e-06,0.003929892825609467,1.552252723534922e-05,0.05580555812278426,-0.0005272647919804599,2.3841722295707095,-0.0001927521349542103,-8.963717660455797e-08,0.007584447598918182
23.14781618118286,7.10624174122352e-05,0.3236587862617496,0.0005334790145013318,3.0564684023767508e-06,0.00395189614620024,1.560216494321347e-05,0.05584649592923863,-0.0005272651482335044,2.3843023244489845,-0.00019264327722755845,-8.954390160311714e-08,0.007605369003288773
23.153554439544678,7.10624174122352e-05,0.3236587862617496,0.0005334790145013318,3.025903718352983e-06,0.003912377184738238,1.5446143293781335e-05,0.05584649592923863,-0.0005272651482335044,2.3843023244489845,-0.00019071684445528286,-8.864846258708597e-08,0.007529315313255885
23.165411710739136,7.109451568652116e-05,0.32374516499901557,0.00053381525090035,3.048750893572999e-06,0.003946102163750454,1.5570634902757845e-05,0.05588731835437165,-0.000527265488467925,2.384431988192674,-0.00019095757774555087,-8.870870603710879e-08,0.007568647355491318
23.171200037002563,7.109451568652116e-05,0.32374516499901557,0.00053381525090035,3.018263384637269e-06,0.00390664114211295,1.5414928553730266e-05,0.05588731835437165,-0.000527265488467925,2.384431988192674,-0.00018904800196809537,-8.78216189767377e-08,0.007492960881936405
23.186098337173462,7.112657637906566e-05,0.32383153700313344,0.0005341512786885515,3.030300751007299e-06,0.0039255491340587775,1.54826582200055e-05,0.05592802565368849,-0.0005272658128399475,2.384561222259149,-0.0001888563618010281,-8.769080162663945e-08,0.007508961113128263
23.191284894943237,7.112657637906566e-05,0.32383153700313344,0.0005341512786885515,2.999997743497226e-06,0.0038862936427181897,1.5327831637805446e-05,0.05592802565368849,-0.0005272658128399475,2.384561222259149,-0.00018696779818301782,-8.681389361037306e-08,0.00743387150199698
23.214649438858032,7.115859953714378e-05,0.3239179022760725,0.0005344870979934081,2.996889722788322e-06,0.003884394952411187,1.5315947812787594e-05,0.05596861808298509,-0.0005272661215043573,2.384690028100633,-0.00018617465821895606,-8.641848369686905e-08,0.007417324314967815
23.220661401748657,7.115859953714378e-05,0.3239179022760725,0.0005344870979934081,2.966920825560439e-06,0.003845551002887075,1.5162788334659718e-05,0.05596861808298509,-0.0005272661215043573,2.384690028100633,-0.0001843129116367665,-8.555429885990035e-08,0.0073431510718181365
23.232001304626465,7.119058520702734e-05,0.3240042608197996,0.0005348227089423368,2.992598736395644e-06,0.0038832500656875036,1.5302310881439783e-05,0.056009095898335054,-0.0005272664146145141,2.3848184071642238,-0.00018467414174105416,-8.566490011174247e-08,0.0073884031090557965
23.239716053009033,7.119058520702734e-05,0.3240042608197996,0.0005348227089423368,2.9626727490316877e-06,0.0038444175650306283,1.5149287772625386e-05,0.056009095898335054,-0.0005272664146145141,2.3848184071642238,-0.0001828274003236436,-8.480825111062504e-08,0.007314519077965239
23.244892597198486,7.122253343699563e-05,0.3240906126362796,0.0005351581116629215,3.054158521910521e-06,0.003972787030964727,1.563521215564658e-05,0.05604945935607681,-0.0005272666923223649,2.3849463608919144,-0.00018579827596262969,-8.60595647440753e-08,0.007500516201820409
23.264734029769897,7.125444427276358e-05,0.32417695772747507,0.0005354933062825523,3.0551800832139964e-06,0.003976576730823595,1.5645058762115752e-05,0.05608970871280089,-0.0005272669547784583,2.3850738907206117,-0.0001851846679293412,-8.57422764587457e-08,0.007492899210949453
23.270416021347046,7.125444427276358e-05,0.32417695772747507,0.0005354933062825523,3.0246282823818565e-06,0.003936810963515359,1.5488608174494596e-05,0.05608970871280089,-0.0005272669547784583,2.3850738907206117,-0.00018333282125004778,-8.488485369415824e-08,0.007417970218839959
23.289724349975586,7.128631776116151e-05,0.32426329609534593,0.0005358282929285915,3.026781099363364e-06,0.003942158464303315,1.5504406172989305e-05,0.05612984422533743,-0.0005272672021319572,2.385200998082159,-0.00018277038014886455,-8.458981350275532e-08,0.007412812984496803
23.294708967208862,7.128631776116151e-05,0.32426329609534593,0.0005358282929285915,2.9965132883697303e-06,0.0039027368796602816,1.5349362111259413e-05,0.05612984422533743,-0.0005272672021319572,2.385200998082159,-0.0001809426763473759,-8.374391536772777e-08,0.007338684854651835
23.313942432403564,7.131815394879711e-05,0.32434962774185017,0.000536163071728207,2.9990377495269502e-06,0.0039085956755990055,1.5367113190697707e-05,0.056169866150743805,-0.0005272674345306524,2.3853276844033546,-0.00018040127808774254,-8.345796090760454e-08,0.007334362706408215
23.318748950958252,7.131815394879711e-05,0.32434962774185017,0.000536163071728207,2.969047372031681e-06,0.003869509718843015,1.521344205879073e-05,0.056169866150743805,-0.0005272674345306524,2.3853276844033546,-0.0001785972653068651,-8.26233812985285e-08,0.007261019079344133
23.34577465057373,7.138171460453356e-05,0.3245222708785779,0.0005368320062972584,2.9855248935079767e-06,0.0038946957213460004,1.5304826842013526e-05,0.056249570269459016,-0.0005272678550480139,2.385579799606783,-0.00017860389738836866,-8.2572309857226e-08,0.00728623049144667
23.352030038833618,7.138171460453356e-05,0.3245222708785779,0.0005368320062972584,2.955669644572897e-06,0.0038557487641325402,1.515177857359339e-05,0.056249570269459016,-0.0005272678550480139,2.385579799606783,-0.000176817858414485,-8.174658675865373e-08,0.007213368186532203
23.367796421051025,7.141343916417867e-05,0.3246085823727051,0.0005371661623211721,2.965616999764105e-06,0.0038719352850622446,1.5208783598347373e-05,0.05628925297791015,-0.0005272680434555194,2.3857052313175706,-0.0001765684907023913,-8.158576018418049e-08,0.007224663559491349
23.3732750415802,7.141343916417867e-05,0.3246085823727051,0.0005371661623211721,2.935960829766464e-06,0.003833215932211622,1.5056695762363899e-05,0.05628925297791015,-0.0005272680434555194,2.3857052313175706,-0.00017480280579536739,-8.076990258233869e-08,0.007152416923896436
23.384803771972656,7.144512660581537e-05,0.32469488715327316,0.0005375001110073102,2.960566686775632e-06,0.0038697443861768007,1.5191126351693332e-05,0.05632882312949222,-0.0005272682174859248,2.385830247645156,-0.00017511929624741362,-8.085298096407569e-08,0.007194615288297981
23.389148235321045,7.144512660581537e-05,0.32469488715327316,0.0005375001110073102,2.930961019907876e-06,0.0038310469423150327,1.5039215088176398e-05,0.05632882312949222,-0.0005272682174859248,2.385830247645156,-0.0001733681032849395,-8.004445115443493e-08,0.007122669135415001
23.429219007492065,7.150839031492165e-05,0.3248674765815118,0.0005381673868746641,2.932653081526233e-06,0.003835807625070304,1.5052666879068444e-05,0.056407626794263456,-0.0005272685229786415,2.3860790397532954,-0.000172814479133508,-7.975019032405196e-08,0.007116560069519127
23.435908317565918,7.150839031492165e-05,0.3248674765815118,0.0005381673868746641,2.903326550710971e-06,0.003797449548819601,1.4902140210277759e-05,0.056407626794263456,-0.0005272685229786415,2.3860790397532954,-0.0001710863343421729,-7.895268842081143e-08,0.007045394468823935
23.443471431732178,7.153996667259983e-05,0.32495376123306674,0.0005385007143098316,2.956284470985393e-06,0.0038735611980540326,1.5186762380337417e-05,0.056446860823940334,-0.0005272686547193301,2.386202818322843,-0.00017246603170657738,-7.948851742672493e-08,0.007146598292435278
23.449647665023804,7.153996667259983e-05,0.32495376123306674,0.0005385007143098316,2.926721626275539e-06,0.0038348255860734923,1.5034894756534042e-05,0.056446860823940334,-0.0005272686547193301,2.386202818322843,-0.00017074137138951162,-7.869363225245767e-08,0.007075132309510925
23.461713075637817,7.157150609101421e-05,0.3250400391788306,0.0005388338349150725,2.948793590675825e-06,0.0038679858355563797,1.5156207534498281e-05,0.05648598332970137,-0.0005272687726396983,2.386326187087215,-0.00017095966243635307,-7.873081050874953e-08,0.007111631846063464
23.46923017501831,7.157150609101421e-05,0.3250400391788306,0.0005388338349150725,2.9193056547690667e-06,0.003829305977200816,1.5004645459153298e-05,0.05648598332970137,-0.0005272687726396983,2.386326187087215,-0.00016925006581198953,-7.794350240366203e-08,0.007040515527602829
23.482433319091797,7.160300861521406e-05,0.32512631042073925,0.0005391667488173357,2.9369763195200585e-06,0.0038563543570103217,1.510270096335424e-05,0.05652499457012128,-0.0005272688768757646,2.3864491474287006,-0.00016930683021348485,-7.791111802233502e-08,0.007067799072307709
23.487029552459717,7.160300861521406e-05,0.32512631042073925,0.0005391667488173357,2.907606556324858e-06,0.0038177908134402186,1.4951673953720698e-05,0.05652499457012128,-0.0005272688768757646,2.3864491474287006,-0.00016761376191135,-7.713200684211167e-08,0.006997121081584632
23.507930755615234,7.163447428891089e-05,0.32521257496072603,0.0005394994561433206,2.9081014770424214e-06,0.0038208854299100975,1.4958786607222902e-05,0.05656389480388768,-0.0005272689675623013,2.386571700724742,-0.0001670360486399617,-7.682880438377862e-08,0.00698865753629155
23.513811111450195,7.163447428891089e-05,0.32521257496072603,0.0005394994561433206,2.8790204622719973e-06,0.0037826765756109964,1.4809198741150673e-05,0.05656389480388768,-0.0005272689675623013,2.386571700724742,-0.00016536568815356207,-7.606051633994083e-08,0.006918770960928635
23.519731044769287,7.166590315548192e-05,0.3252988328007213,0.0005398319570198379,2.954520363959375e-06,0.003890557265503165,1.521377528282937e-05,0.056602684289790525,-0.0005272690448328464,2.3866938483479507,-0.00016756717291346163,-7.693940376024863e-08,0.007066035742078759
23.54865264892578,7.169729525930834e-05,0.3253850839426535,0.0005401642515734209,2.946298746680989e-06,0.003881474085692745,1.5174694195597577e-05,0.05664136328671166,-0.0005272691088197153,2.3868155916661298,-0.00016667593758477588,-7.650290300741457e-08,0.007039536082854372
23.553831815719604,7.169729525930834e-05,0.3253850839426535,0.0005401642515734209,2.916835759214179e-06,0.003842659344835818,1.5022947253641602e-05,0.05664136328671166,-0.0005272691088197153,2.3868155916661298,-0.00016500917820892812,-7.573787397734042e-08,0.0069691407220258276
23.561568021774292,7.172865064399102e-05,0.325471328388448,0.0005404963399307979,2.9672974846853514e-06,0.003915714332065306,1.5295121296942497e-05,0.05667993205361457,-0.0005272691596540125,2.38693693204229,-0.0001662743798754316,-7.621502523819413e-08,0.007064003609192588
23.60415530204773,7.175996935179297e-05,0.3255575661400277,0.0005408282222183632,2.952073840202982e-06,0.003896806839149464,1.5218855477802904e-05,0.056718390849534256,-0.000527269197465643,2.38705787083467,-0.0001651380990092756,-7.56753356084904e-08,0.007023158087957312
23.608611345291138,7.175996935179297e-05,0.3255575661400277,0.0005408282222183632,2.9225531018009524e-06,0.0038578387707579693,1.5066666923024875e-05,0.056718390849534256,-0.000527269197465643,2.38705787083467,-0.00016348671801918286,-7.491858225240548e-08,0.006952926507077739
23.614798307418823,7.179125142731929e-05,0.32564379719931297,0.0005411598985628188,2.9926786236342873e-06,0.003958635830392546,1.5443536261120604e-05,0.056756739933567224,-0.0005272692223833242,2.387178409396755,-0.0001654544408258207,-7.568840447922449e-08,0.007087814602242098
23.620874881744385,7.179125142731929e-05,0.32564379719931297,0.0005411598985628188,2.9627518373979445e-06,0.00391904947208862,1.52891008985094e-05,0.056756739933567224,-0.0005272692223833242,2.387178409396755,-0.00016379989641756247,-7.493152043443224e-08,0.007016936456219677
23.630858421325684,7.182249691182995e-05,0.32573002156822134,0.00054149136909056,2.99462607904564e-06,0.003966225511340558,1.5462934637569015e-05,0.0567949795648617,-0.000527269234534597,2.3872985490772947,-0.00016438141976455255,-7.511601530843089e-08,0.007073034054072788
23.636430978775024,7.182249691182995e-05,0.32573002156822134,0.00054149136909056,2.964679818255184e-06,0.0039265632562271524,1.5308305291193323e-05,0.0567949795648617,-0.000527269234534597,2.3872985490772947,-0.00016273760556690704,-7.436485515534658e-08,0.0070023037135320595
23.6448016166687,7.185370584881552e-05,0.3258162392486678,0.0005418226339278438,3.0083046003334123e-06,0.003990297757788389,1.5544666252491364e-05,0.05683311000260789,-0.0005272692340458363,2.3874182912203215,-0.00016374197824577965,-7.472602574949393e-08,0.007082385552396672
23.65019416809082,7.185370584881552e-05,0.3258162392486678,0.0005418226339278438,2.9782215543300783e-06,0.003950394780210505,1.538921958996645e-05,0.05683311000260789,-0.0005272692340458363,2.3874182912203215,-0.00016210455846332186,-7.397876549199899e-08,0.007011561696872705
23.668526649475098,7.188487828120923e-05,0.32590245024256453,0.0005421536932011777,2.9818584387884894e-06,0.0039579171973685625,1.5413040456411614e-05,0.05687113150602844,-0.0005272692210422637,2.38753763716517,-0.0001616781823898796,-7.373939962010732e-08,0.007009760315872914
23.672606706619263,7.188487828120923e-05,0.32590245024256453,0.0005421536932011777,2.9520398544006045e-06,0.003918338025394877,1.5258910051847498e-05,0.05687113150602844,-0.0005272692210422637,2.38753763716517,-0.0001600614005659808,-7.300200562390624e-08,0.006939662712714185
23.67927074432373,7.191601425049496e-05,0.32598865455182113,0.0005424845470368198,3.014352779029748e-06,0.004008512123591725,1.5594906003156623e-05,0.056909044334369004,-0.000527269195647957,2.3876565882464953,-0.00016172820503295414,-7.363760214091402e-08,0.007057581781586053
23.683349132537842,7.191601425049496e-05,0.32598865455182113,0.0005424845470368198,2.9842092512394507e-06,0.0039684270023558075,1.5438956943125056e-05,0.056909044334369004,-0.000527269195647957,2.3876565882464953,-0.00016011092298262458,-7.290122611950487e-08,0.006987005963770192
23.700880527496338,7.1947113799049e-05,0.3260748521783445,0.0005428151955609723,2.9892364303942772e-06,0.0039779103136006605,1.547017600487177e-05,0.056946848746888976,-0.0005272691579858615,2.387775145794291,-0.00015974464042900022,-7.268715733142349e-08,0.0069881058255963635
23.707093238830566,7.1947113799049e-05,0.3260748521783445,0.0005428151955609723,2.9593440660903345e-06,0.003938131210464654,1.531547424482305e-05,0.056946848746888976,-0.0005272691579858615,2.387775145794291,-0.0001581471940247102,-7.196028575810925e-08,0.0069182247673404
23.72567129135132,7.197817696802122e-05,0.3261610431240386,0.0005431456388997549,2.9626191810531943e-06,0.003945143861186053,1.533736521535527e-05,0.05698454500285233,-0.0005272691081778015,2.387893311133906,-0.00015772425837297396,-7.172272690142543e-08,0.006915795372323664
23.732325553894043,7.197817696802122e-05,0.3261610431240386,0.0005431456388997549,2.9329929892426622e-06,0.0039056924225741923,1.5183991563201718e-05,0.05698454500285233,-0.0005272691081778015,2.387893311133906,-0.00015614701578924421,-7.100549963241117e-08,0.006846637418600427
23.74524688720703,7.200920379956545e-05,0.3262472273908051,0.0005434758771794544,2.950868797415286e-06,0.003933334705607187,1.528367676604274e-05,0.0570221333615186,-0.0005272690463444898,2.388011085586064,-0.00015624168510981013,-7.098297422421881e-08,0.006873833591325059
23.756720781326294,7.200920379956545e-05,0.3262472273908051,0.0005434758771794544,2.921360109441133e-06,0.0038940013585511157,1.5130839998382311e-05,0.0570221333615186,-0.0005272690463444898,2.388011085586064,-0.00015467926825871202,-7.027314448197663e-08,0.006805095255411809
23.75995397567749,7.20401943355012e-05,0.3263334049805422,0.0005438059105260238,3.0805944867546897e-06,0.0041216014365133575,1.5984133300168516e-05,0.057059614082134016,-0.0005272689726055394,2.388128470466882,-0.0001597132026661569,-7.229612380142201e-08,0.0071181072704296754
23.785704135894775,7.207114861642171e-05,0.3264195758951462,0.0005441357390655287,3.073424019341788e-06,0.0041138496476018135,1.5950353567944584e-05,0.05709698742392271,-0.0005272688870794731,2.3882454670878865,-0.00015893762107560634,-7.19126670318713e-08,0.00709461626599314
23.78929305076599,7.207114861642171e-05,0.3264195758951462,0.0005441357390655287,3.04268977914837e-06,0.004072711151125796,1.5790850032265136e-05,0.05709698742392271,-0.0005272688870794731,2.3882454670878865,-0.00015734824486485026,-7.119354036155258e-08,0.007023670103333208
23.822257041931152,7.213294857860176e-05,0.32659189770652336,0.0005447947822271609,3.0491280185202027e-06,0.004084259813711996,1.5829711371949442e-05,0.057171413007754475,-0.0005272686811346975,2.3884783007737207,-0.00015705053502171416,-7.100544527188421e-08,0.007027575931971057
23.826390504837036,7.213294857860176e-05,0.32659189770652336,0.0005447947822271609,3.0186367383350005e-06,0.004043417215574876,1.5671414258229946e-05,0.057171413007754475,-0.0005272686811346975,2.3884783007737207,-0.00015548002967149703,-7.029539081916537e-08,0.006957300172651347
23.840450048446655,7.216379434082595e-05,0.32667804860707417,0.0005451239971008914,3.031595847225321e-06,0.004064258789646684,1.574516387690725e-05,0.05720846576805841,-0.0005272685609476774,2.388594140438815,-0.00015540437283865558,-7.019945491919518e-08,0.006974218951569461
23.843756198883057,7.216379434082595e-05,0.32667804860707417,0.0005451239971008914,3.001279888753068e-06,0.004023616201750217,1.5587712238138176e-05,0.05720846576805841,-0.0005272685609476774,2.388594140438815,-0.00015385032911026904,-6.949746037000323e-08,0.006904476762053766
23.876715183258057,7.222537763229834e-05,0.3268503304073236,0.0005457818140635418,3.0080159034645396e-06,0.004035651615346943,1.5628277696438517e-05,0.057282252520688214,-0.0005272682867157132,2.3888246718801014,-0.00015356625317101695,-6.931395054945921e-08,0.006908861687403231
23.880255937576294,7.222537763229834e-05,0.3268503304073236,0.0005457818140635418,2.977935744429894e-06,0.003995295099193473,1.5471994919474133e-05,0.057282252520688214,-0.0005272682867157132,2.3888246718801014,-0.00015203059063930677,-6.862081104396462e-08,0.006839773070529199
23.906984329223633,7.225611524072853e-05,0.32693646131078286,0.0005461104164037613,2.970776484724491e-06,0.003987566648148904,1.5438282442002546e-05,0.057318987030915744,-0.0005272681328961941,2.3889393662294958,-0.00015127524439145914,-6.82463165613151e-08,0.006816427097298402
23.910556316375732,7.225611524072853e-05,0.32693646131078286,0.0005461104164037613,2.941068719877246e-06,0.003947690981667415,1.528389961758252e-05,0.057318987030915744,-0.0005272681328961941,2.3889393662294958,-0.00014976249194754456,-6.756385339570194e-08,0.0067482628263254175
23.92201280593872,7.228681687941838e-05,0.3270225855523009,0.0005464388148175183,2.9643732148149215e-06,0.003983389144549654,1.5413204416968978e-05,0.05735561597555826,-0.0005272679680895611,2.389053681372736,-0.00015003953399011404,-6.760965029994353e-08,0.0067855443188542825
23.927082538604736,7.228681687941838e-05,0.3270225855523009,0.0005464388148175183,2.934729482666772e-06,0.003943555253104157,1.525907237279929e-05,0.05735561597555826,-0.0005272679680895611,2.389053681372736,-0.0001485391386502129,-6.693355379694409e-08,0.00671768887566574
23.940690994262695,7.23174825852832e-05,0.32710870313375084,0.000546767009430325,2.9497122385021334e-06,0.003967402107973764,1.5343865015555755e-05,0.057392139613363057,-0.0005272677924059832,2.3891676185852644,-0.0001485394212396852,-6.686672442629725e-08,0.0067384213032262875
23.944175004959106,7.23174825852832e-05,0.32710870313375084,0.000546767009430325,2.9202151161171123e-06,0.003927728086894026,1.5190426365400197e-05,0.057392139613363057,-0.0005272677924059832,2.3891676185852644,-0.00014705402702728834,-6.619805718203428e-08,0.0066710370901940244
23.966184616088867,7.234811239958761e-05,0.32719481405700274,0.0005470950003676095,2.918391761199832e-06,0.0039275750435200036,1.5185206464880468e-05,0.057428558202982115,-0.0005272676059546285,2.3892811791380906,-0.00014649694933458648,-6.590563251248426e-08,0.00665850322874126
23.97126007080078,7.234811239958761e-05,0.32719481405700274,0.0005470950003676095,2.8892078435878336e-06,0.0038882992930848034,1.5033354400231663e-05,0.057428558202982115,-0.0005272676059546285,2.3892811791380906,-0.00014503197984124062,-6.524657618735941e-08,0.0065919181964538475
23.97983717918396,7.2378706362593e-05,0.32728091832392436,0.000547422787755052,2.9304944649020816e-06,0.003949804758733697,1.52591979584647e-05,0.05746487200296455,-0.000527267408843675,2.3893943642978086,-0.00014591264688482885,-6.5534861325795e-08,0.006664566766907684
23.98335862159729,7.2378706362593e-05,0.32728091832392436,0.000547422787755052,2.9011895202530608e-06,0.00391030671114636,1.5106605978880052e-05,0.05746487200296455,-0.000527267408843675,2.3893943642978086,-0.00014445352041598055,-6.487951271253704e-08,0.006597921099238607
24.00252413749695,7.240926451143846e-05,0.32736701593637985,0.0005477503717179152,2.903549828486599e-06,0.003916126835743076,1.512378788026022e-05,0.057501081271749195,-0.0005272672011803191,2.3895071753266133,-0.0001440463812742589,-6.464837374952981e-08,0.00659375239069065
24.010510206222534,7.240926451143846e-05,0.32736701593637985,0.0005477503717179152,2.874514330201733e-06,0.0038769655673856454,1.4972550001457618e-05,0.057501081271749195,-0.0005272672011803191,2.3895071753266133,-0.0001426059174615163,-6.40018900120345e-08,0.006527814866783743
24.02453875541687,7.24397868866088e-05,0.3274531068962307,0.0005480777523815726,2.888581820821654e-06,0.003899564311745617,1.505254229588852e-05,0.05753718626765724,-0.0005272669830707852,2.389619613482318,-0.00014258928830586222,-6.392791661582975e-08,0.006546705255871809
24.030171155929565,7.24397868866088e-05,0.3274531068962307,0.0005480777523815726,2.8596960026134374e-06,0.003860568668628161,1.4902016872929636e-05,0.05753718626765724,-0.0005272669830707852,2.389619613482318,-0.00014116339542280358,-6.328863744967145e-08,0.006481238203313091
24.03812003135681,7.247027352635885e-05,0.3275391912053358,0.0005484049298711769,2.906573155790949e-06,0.003930260453605987,1.5158168105358465e-05,0.05757318724888506,-0.0005272667546203347,2.3897316800183708,-0.00014222546990185912,-6.364677449943522e-08,0.006564485444945242
24.043044090270996,7.247027352635885e-05,0.3275391912053358,0.0005484049298711769,2.8775074242330397e-06,0.003890957849069927,1.500658642430488e-05,0.05757318724888506,-0.0005272667546203347,2.3897316800183708,-0.00014080321520284052,-6.301030675444087e-08,0.00649884059049579
24.061699867248535,7.250072446983575e-05,0.3276252688655505,0.00054873190431227,2.880854840635652e-06,0.0038981882208705284,1.5029051986866726e-05,0.057609084473497114,-0.0005272665159332755,2.389843376183871,-0.0001404433863413138,-6.279909617424514e-08,0.006496731646660005
24.06510353088379,7.250072446983575e-05,0.3276252688655505,0.00054873190431227,2.8520462922292954e-06,0.003859206338661823,1.4878761466998058e-05,0.057609084473497114,-0.0005272665159332755,2.389843376183871,-0.00013903895247790066,-6.217110521250269e-08,0.006431764330193404
24.07897448539734,7.253113975440271e-05,0.32771133987872786,0.0005490586758298384,2.866681202283891e-06,0.0038826655314540617,1.4961880016480181e-05,0.057644878199418915,-0.0005272662671129705,2.389954703223587,-0.00013905061419390853,-6.210829742757009e-08,0.006451740495160348
24.084128856658936,7.253113975440271e-05,0.32771133987872786,0.0005490586758298384,2.838014390261052e-06,0.003843838876139521,1.481226121631538e-05,0.057644878199418915,-0.0005272662671129705,2.389954703223587,-0.00013766010805196945,-6.148721445329439e-08,0.006387223090208744
24.101407766342163,7.256151942032253e-05,0.3277974042467172,0.0005493852445490069,2.8442396089672607e-06,0.003855209399850882,1.4850192768034921e-05,0.057680568684430174,-0.0005272660082618471,2.39006566237797,-0.0001374028725955274,-6.131743914771368e-08,0.006390798317645219
24.105989933013916,7.256151942032253e-05,0.3277974042467172,0.0005493852445490069,2.8157972128775882e-06,0.003816657305852373,1.4701690840354571e-05,0.057680568684430174,-0.0005272660082618471,2.39006566237797,-0.00013602884386957213,-6.070426475623654e-08,0.006326890334468767
24.125051021575928,7.259186350451283e-05,0.3278834619713657,0.0005497116105948462,2.8189742899057012e-06,0.003823639112634699,1.4723230283448643e-05,0.05771615618615801,-0.0005272657394814058,2.3901762548831744,-0.0001356777277708775,-6.049749091308368e-08,0.006324563074499537
24.13136649131775,7.259186350451283e-05,0.3278834619713657,0.0005497116105948462,2.790784547006644e-06,0.003785402721508352,1.4575997980614155e-05,0.05771615618615801,-0.0005272657394814058,2.3901762548831744,-0.00013432095049316874,-5.989251600395285e-08,0.0062613174437545415
24.14121389389038,7.262217204467202e-05,0.3279695130545168,0.0005500377740923711,2.823463019081849e-06,0.0038349332452149365,1.4756306035278585e-05,0.05775164096207027,-0.0005272654608722286,2.3902864819710707,-0.00013492051699996485,-6.006220270721864e-08,0.00631628066490545
24.148500442504883,7.262217204467202e-05,0.3279695130545168,0.0005500377740923711,2.795228388891031e-06,0.003796583912762787,1.46087429749258e-05,0.05775164096207027,-0.0005272654608722286,2.3902864819710707,-0.0001335713118299652,-5.946158068014645e-08,0.0062531178582563955
24.182921409606934,7.268268264659163e-05,0.3281415953036874,0.0005506894939424011,2.8018843992420635e-06,0.0038086115129984306,1.4649054089932025e-05,0.05782230336548369,-0.0005272648745654559,2.390505844801109,-0.0001333410713616706,-5.9301311627275006e-08,0.006257531822060732
24.186182022094727,7.268268264659163e-05,0.3281415953036874,0.0005506894939424011,2.773865555249643e-06,0.0037705253978684464,1.4502563549032705e-05,0.05782230336548369,-0.0005272648745654559,2.390505844801109,-0.00013200766064805388,-5.870829851100225e-08,0.006194956503840125
24.20564913749695,7.271288478341565e-05,0.3282276264733794,0.0005510150505444092,2.7766724638338055e-06,0.0037770132202155373,1.4522179533382734e-05,0.057857481507065496,-0.0005272645670645115,2.3906149829857264,-0.00013165447314075665,-5.850080959372807e-08,0.006191902203569535
24.211936473846436,7.271288478341565e-05,0.3282276264733794,0.0005510150505444092,2.7489057391954675e-06,0.003739243088013382,1.4376957738048906e-05,0.057857481507065496,-0.0005272645670645115,2.3906149829857264,-0.00013033792840934908,-5.7915801497790794e-08,0.00612998318153384
24.217188835144043,7.274305152756244e-05,0.3283136510089193,0.0005513404050976107,2.8345036739106915e-06,0.0038656332544257884,1.4843039181177286e-05,0.05789255795098034,-0.0005272642501281501,2.390723760638019,-0.0001325989081516248,-5.8732364237982386e-08,0.006286257608736317
24.22111487388611,7.274305152756244e-05,0.3283136510089193,0.0005513404050976107,2.8061586371715844e-06,0.0038269769218815305,1.4694608789365513e-05,0.05789255795098034,-0.0005272642501281501,2.390723760638019,-0.00013127291907010855,-5.814504059560256e-08,0.006223395032648954
24.241727113723755,7.277318291461281e-05,0.32839966891213573,0.0005516655577267166,2.806881595478445e-06,0.0038304386218640817,1.470296943257179e-05,0.05792753295380306,-0.0005272639238524913,2.3908321789686884,-0.00013086357962375955,-5.7916416289721354e-08,0.0062164218711315365
24.24648404121399,7.277318291461281e-05,0.32839966891213573,0.0005516655577267166,2.7788127795236606e-06,0.003792134235645441,1.455593973824607e-05,0.05792753295380306,-0.0005272639238524913,2.3908321789686884,-0.00012955494382752196,-5.733725212682414e-08,0.006154257652420221
24.25569486618042,7.280327898293577e-05,0.3284856801848544,0.0005519905085563267,2.8153679266591522e-06,0.0038475935350950428,1.4757719748205713e-05,0.05796240677191125,-0.000527263588332787,2.3909402391842494,-0.00013027021181190112,-5.754716631957923e-08,0.006215975579146405
24.258888244628906,7.280327898293577e-05,0.3284856801848544,0.0005519905085563267,2.7872142473925607e-06,0.0038091175997440924,1.4610142550723655e-05,0.05796240677191125,-0.000527263588332787,2.3909402391842494,-0.0001289675096937821,-5.697169465638344e-08,0.006153815823354941
24.27807307243347,7.283333976933933e-05,0.328571684828898,0.0005523152577111809,2.7901996057259756e-06,0.0038158559353215766,1.4630701291222456e-05,0.05799717966147928,-0.0005272632436634303,2.3910479424870474,-0.00012863809845857507,-5.6775052068889356e-08,0.006151263101582748
24.281856298446655,7.283333976933933e-05,0.328571684828898,0.0005523152577111809,2.762297609668716e-06,0.003777697375968361,1.4484394278310232e-05,0.05799717966147928,-0.0005272632436634303,2.3910479424870474,-0.0001273517174739893,-5.620730154820046e-08,0.00608975047056692
24.292285919189453,7.286336531018568e-05,0.32865768284608615,0.0005526398053157128,2.791372526743886e-06,0.003822375959580385,1.4645928867546196e-05,0.05803185187847238,-0.0005272628899379626,2.391155290075273,-0.00012783516796575613,-5.63260283181348e-08,0.00613699996203637
24.29557728767395,7.286336531018568e-05,0.32865768284608615,0.0005526398053157128,2.7634588014764474e-06,0.0037841521999845812,1.4499469578870735e-05,0.05803185187847238,-0.0005272628899379626,2.391155290075273,-0.00012655681628609856,-5.5762768034953456e-08,0.006075629962416006
24.323901414871216,7.289335564261782e-05,0.3287436742382355,0.0005529641514944125,2.756678508338647e-06,0.003776670446358011,1.4467222519749624e-05,0.05806642367864089,-0.0005272625272490825,2.3912622831429786,-0.0001259347739709778,-5.5453835091439257e-08,0.006054566007484617
24.3296959400177,7.289335564261782e-05,0.3287436742382355,0.0005529641514944125,2.7291117232552603e-06,0.003738903741894431,1.4322550294552128e-05,0.05806642367864089,-0.0005272625272490825,2.3912622831429786,-0.000124675426231268,-5.489929674052486e-08,0.005994020347409771
24.342459440231323,7.292331080154862e-05,0.3288296590071591,0.0005532882963717147,2.7480479215490458e-06,0.003768882408818792,1.4429377368465016e-05,0.0581008953175145,-0.0005272621556886534,2.3913689228800927,-0.00012484919871712314,-5.489781006147849e-08,0.006021875966278369
24.34963893890381,7.292331080154862e-05,0.3288296590071591,0.0005532882963717147,2.7205674423335553e-06,0.003731193584730604,1.4285083594780366e-05,0.0581008953175145,-0.0005272621556886534,2.3913689228800927,-0.0001236007067299519,-5.434883196086371e-08,0.005961657206615585
24.365743160247803,7.29532308245677e-05,0.32891563715466776,0.0005536122400721106,2.7299587252707014e-06,0.0037472702279528016,1.434029356342861e-05,0.05813526705039665,-0.0005272617753477107,2.3914752104724375,-0.00012348460819901436,-5.423582613089704e-08,0.005971396676236286
24.369893550872803,7.29532308245677e-05,0.32891563715466776,0.0005536122400721106,2.702659138017994e-06,0.0037097975256732735,1.4196890627794324e-05,0.05813526705039665,-0.0005272617753477107,2.3914752104724375,-0.00012224976211702422,-5.369346786958807e-08,0.005911682709473923
24.407696962356567,7.301296560486606e-05,0.3290875735926661,0.000554259524439006,2.7067610187676714e-06,0.0037181812768356283,1.4223516072285953e-05,0.05820371181823596,-0.0005272609886843385,2.391686733945659,-0.00012197644767518171,-5.35187775172795e-08,0.005911368135915584
24.414040565490723,7.301296560486606e-05,0.3290875735926661,0.000554259524439006,2.6796934085799945e-06,0.003680999464067272,1.4081280911563094e-05,0.05820371181823596,-0.0005272609886843385,2.391686733945659,-0.0001207566831984299,-5.2983589742106706e-08,0.0058522544545564275
24.425065994262695,7.304278043409162e-05,0.32917353188676124,0.0005545828653540443,2.706173117560132e-06,0.0037221531457667894,1.4229239548640197e-05,0.058237785362619435,-0.0005272605825399131,2.39179197217778,-0.00012115929569842442,-5.306767388504893e-08,0.005894047848301514
24.429965257644653,7.304278043409162e-05,0.32917353188676124,0.0005545828653540443,2.679111386384531e-06,0.0036849316143091216,1.4086947153153795e-05,0.058237785362619435,-0.0005272605825399131,2.39179197217778,-0.00011994770274144018,-5.253699714619844e-08,0.005835107369818499
24.464709043502808,7.310230514894567e-05,0.32934542863413363,0.0005552289452679268,2.6860768539854388e-06,0.0036975578365908523,1.41291861204392e-05,0.05830563604402888,-0.0005272597450646075,2.3920014074807843,-0.00011976491065749325,-5.239645695008215e-08,0.005840112536383851
24.471004247665405,7.310230514894567e-05,0.32934542863413363,0.0005552289452679268,2.6592160854455843e-06,0.003660582258224944,1.3987894259234809e-05,0.05830563604402888,-0.0005272597450646075,2.3920014074807843,-0.00011856726155091831,-5.187249238058133e-08,0.0057817114110200124
24.478837728500366,7.313201510484895e-05,0.32943136709099763,0.0005555516845148945,2.7073588342396634e-06,0.0037336830406544045,1.4253716673816111e-05,0.0583394136889787,-0.0005272593139069735,2.39210560687868,-0.00011961268995348624,-5.2197430208818165e-08,0.0058637088528573425
24.48202157020569,7.313201510484895e-05,0.32943136709099763,0.0005555516845148945,2.680285245897267e-06,0.0036963462102478604,1.411117950707795e-05,0.0583394136889787,-0.0005272593139069735,2.39210560687868,-0.00011841656305395138,-5.1675455906729984e-08,0.005805071764328769
24.503689289093018,7.316169017258415e-05,0.32951729893903275,0.0005558742234538143,2.68047097395285e-06,0.0036990416759705227,1.4116651261389667e-05,0.05837309320827259,-0.0005272588745835536,2.392209462318836,-0.0001180348291865444,-5.1461288246227785e-08,0.005797402958115072
24.512775182724,7.316169017258415e-05,0.32951729893903275,0.0005558742234538143,2.653666264213321e-06,0.0036620512592108177,1.397548474877577e-05,0.05837309320827259,-0.0005272588745835536,2.392209462318836,-0.00011685448089467897,-5.0946675363765504e-08,0.005739428928533921
24.52158761024475,7.319133038896208e-05,0.32960322418002486,0.0005561965622085678,2.693414170632961e-06,0.0037229353702860593,1.419592686936863e-05,0.05840667485521217,-0.000527258427179038,2.392312974954763,-0.00011764875056429722,-5.117529603527506e-08,0.0058055079158812395
24.52519917488098,7.319133038896208e-05,0.32960322418002486,0.0005561965622085678,2.6664800289266314e-06,0.0036857060165831988,1.4053967600674944e-05,0.05840667485521217,-0.000527258427179038,2.392312974954763,-0.00011647226305865425,-5.066354307492231e-08,0.005747452836722427
24.540030241012573,7.32209357871135e-05,0.3296891428157563,0.0005565187009032048,2.679156662087013e-06,0.0037067804880230944,1.4127322825023307e-05,0.058440158882826145,-0.0005272579717773569,2.392416145936003,-0.00011646781866569481,-5.05919899540353e-08,0.005763105163684639
24.543957233428955,7.32209357871135e-05,0.3296891428157563,0.0005565187009032048,2.652365095466143e-06,0.0036697126831428633,1.3986049596773074e-05,0.058440158882826145,-0.0005272579717773569,2.392416145936003,-0.00011530314047903787,-5.008607005449494e-08,0.005705474112047792
24.557834148406982,7.325050640150765e-05,0.3297750548480062,0.0005568406396612178,2.667840931488297e-06,0.0036949255948786498,1.407465272926683e-05,0.05847354554386551,-0.0005272575084616874,2.3925189764081405,-0.00011538380313620543,-5.004651807278184e-08,0.005726319310208279
24.561557054519653,7.325050640150765e-05,0.3297750548480062,0.0005568406396612178,2.6411625221734143e-06,0.003657976338929863,1.3933906201974163e-05,0.05847354554386551,-0.0005272575084616874,2.3925189764081405,-0.00011422996510484337,-4.954605289205402e-08,0.005669056117106196
24.579429149627686,7.328004226873296e-05,0.3298609602785512,0.0005571623786065733,2.6473252372765893e-06,0.003669463370126808,1.3971852033664604e-05,0.058506835090798855,-0.0005272570373144608,2.392621467512819,-0.0001140406743882856,-4.940593740292722e-08,0.00567265418334719
24.583596229553223,7.328004226873296e-05,0.3298609602785512,0.0005571623786065733,2.620851984903823e-06,0.00363276873642554,1.3832133513327958e-05,0.058506835090798855,-0.0005272570373144608,2.392621467512819,-0.00011290026764440274,-4.891187802889795e-08,0.005615927641513718
24.596864938735962,7.33095434212517e-05,0.32994685910916416,0.0005574839178629046,2.638469925311355e-06,0.003661178945806284,1.3932459040809889e-05,0.05854002777580774,-0.0005272565584173693,2.3927236203877547,-0.00011304835622297979,-4.889758963525105e-08,0.005640708336032332
24.602190732955933,7.33095434212517e-05,0.32994685910916416,0.0005574839178629046,2.6120852260582415e-06,0.0036245671563482212,1.3793134450401789e-05,0.05854002777580774,-0.0005272565584173693,2.3927236203877547,-0.00011191787266075,-4.840861373889854e-08,0.005584301252672008
24.62114119529724,7.333900989342225e-05,0.33003275134161497,0.00055780525755365,2.616616389547545e-06,0.003633646096283376,1.382219746693735e-05,0.05857312385078218,-0.0005272560718513732,2.3928254361667527,-0.00011168833551029536,-4.825435681883697e-08,0.005584945798829528
24.624640226364136,7.333900989342225e-05,0.33003275134161497,0.00055780525755365,2.5904502256520694e-06,0.003597309635320542,1.3683975492267978e-05,0.05857312385078218,-0.0005272560718513732,2.3928254361667527,-0.0001105714521551924,-4.77718132506486e-08,0.005529096340841233
24.634631395339966,7.336844172016081e-05,0.3301186369776704,0.0005581263978025545,2.6226189738181193e-06,0.0036472980897540746,1.3863685891720067e-05,0.05860612356731615,-0.0005272555776967073,2.3929269159797206,-0.00011114457619040056,-4.791472783342414e-08,0.005580597015287953
24.64225196838379,7.336844172016081e-05,0.3301186369776704,0.0005581263978025545,2.5963927840799382e-06,0.003610825108856534,1.3725049032802866e-05,0.05860612356731615,-0.0005272555776967073,2.3929269159797206,-0.00011003313042849656,-4.7435580555089894e-08,0.005524791045135073
24.660797357559204,7.339783893538015e-05,0.33020451601909423,0.0005584473387331136,2.601680285011661e-06,0.003621024348263052,1.375823406051269e-05,0.05863902717670322,-0.0005272550760328882,2.393028060952682,-0.00010983268141540812,-4.729293379191137e-08,0.00552688853325174
24.664601802825928,7.339783893538015e-05,0.33020451601909423,0.0005584473387331136,2.5756634821615445e-06,0.0035848141047804217,1.3620651719907563e-05,0.05863902717670322,-0.0005272550760328882,2.393028060952682,-0.00010873435460125405,-4.6820004453992256e-08,0.005471619647919223
24.700921297073364,7.345652966390187e-05,0.33037625432508577,0.0005590886231326201,2.5817683170187823e-06,0.0035962513990837053,1.3658342216085783e-05,0.058704547077683016,-0.0005272540504923045,2.393229350863356,-0.00010856156983713872,-4.668637951941266e-08,0.005475180367326568
24.703954458236694,7.345652966390187e-05,0.33037625432508577,0.0005590886231326201,2.5559506338485946e-06,0.0035602888850928683,1.3521758793924925e-05,0.058704547077683016,-0.0005272540504923045,2.393229350863356,-0.00010747595413876733,-4.621951572421853e-08,0.0054204285636533026
24.737075090408325,7.35150823488436e-05,0.3305479662736352,0.0005597291117387456,2.5652515424774835e-06,0.0035765304028854313,1.357700295884003e-05,0.0587696855578996,-0.0005272529958516383,2.3934293148298558,-0.00010739404933644248,-4.6118414236744984e-08,0.005429713488730979
24.741121292114258,7.35150823488436e-05,0.3305479662736352,0.0005597291117387456,2.5395990270527085e-06,0.003540765098856577,1.344123292925163e-05,0.0587696855578996,-0.0005272529958516383,2.3934293148298558,-0.00010632010884307805,-4.565723009437753e-08,0.00537541635384367
24.762142419815063,7.354430700780432e-05,0.33063381236824474,0.000560049057927511,2.5416196457248823e-06,0.003546195455076189,1.3456729094914574e-05,0.05880211239014305,-0.0005272524578101211,2.393528802358253,-0.00010603108039069309,-4.548188145106489e-08,0.005371434064803732
24.76798176765442,7.354430700780432e-05,0.33063381236824474,0.000560049057927511,2.5162034492676335e-06,0.003510733500525427,1.3322161803965428e-05,0.05880211239014305,-0.0005272524578101211,2.393528802358253,-0.00010497076958678615,-4.502706263655424e-08,0.005317719724155695
24.780762434005737,7.357349725538083e-05,0.330719651878738,0.0005603688055375177,2.536084530574245e-06,0.003542789731155901,1.343535454633512e-05,0.05883444461645566,-0.0005272519127218333,2.393627961722051,-0.00010518805022197957,-4.503567056341959e-08,0.00534613831248129
24.787673473358154,7.357349725538083e-05,0.330719651878738,0.0005603688055375177,2.5107236852685025e-06,0.003507361833844342,1.330100100087177e-05,0.05883444461645566,-0.0005272519127218333,2.393627961722051,-0.00010413616971975976,-4.458531385778539e-08,0.005292676929356478
24.80023694038391,7.360265312492969e-05,0.33080548480685656,0.00056068835469193,2.5313868148165023e-06,0.0035406076768295654,1.3418513798151605e-05,0.058866682485911245,-0.0005272513606614464,2.3937267940204925,-0.00010437730038914479,-4.4602571887778115e-08,0.005322485866483194
24.805585622787476,7.360265312492969e-05,0.33080548480685656,0.00056068835469193,2.5060729466683373e-06,0.0035052016000612697,1.3284328660170089e-05,0.058866682485911245,-0.0005272513606614464,2.3937267940204925,-0.00010333352738525334,-4.415654616890033e-08,0.005269261007818362
24.819606065750122,7.363177464835779e-05,0.3308913111543385,0.000561007705513689,2.521980137293127e-06,0.003531364732214446,1.3375838593821217e-05,0.058898826247250714,-0.0005272508017029655,2.3938253003490524,-0.0001034437196042891,-4.412667667073417e-08,0.005290464587818112
24.82422161102295,7.363177464835779e-05,0.3308913111543385,0.000561007705513689,2.496760335920196e-06,0.0034960510848923015,1.3242080207883004e-05,0.058898826247250714,-0.0005272508017029655,2.3938253003490524,-0.0001024092824082462,-4.368540990402683e-08,0.005237559941939931
24.838322639465332,7.36608618591337e-05,0.3309771309229192,0.000561326858125793,2.5124807395422694e-06,0.0035219512203134274,1.3332595572039738e-05,0.05893087614887826,-0.0005272502359197349,2.3939234817994492,-0.00010251656687471592,-4.3654654132625075e-08,0.00525841860868908
24.853004932403564,7.368991478994545e-05,0.33106294411433057,0.0005616458126510172,2.526389178099151e-06,0.003545178432742541,1.3413250369834758e-05,0.05896283243885768,-0.000527249663384445,2.3940213394596603,-0.00010257263618124376,-4.3605037043123117e-08,0.005275940007828905
24.857013702392578,7.368991478994545e-05,0.33106294411433057,0.0005616458126510172,2.5011252863181597e-06,0.0035097266484151153,1.3279117866136411e-05,0.05896283243885768,-0.000527249663384445,2.3940213394596603,-0.00010154690981943132,-4.3168986672691884e-08,0.0052231806077506155
24.887778759002686,7.371893347281204e-05,0.33114875073030137,0.0005619645692123602,2.494721273843915e-06,0.0035025203164008173,1.324838494880279e-05,0.05899469536490876,-0.0005272490841691378,2.3941188744139352,-0.00010104491391643838,-4.292049097732041e-08,0.005204296833521657
24.892937421798706,7.371893347281204e-05,0.33114875073030137,0.0005619645692123602,2.469774061105476e-06,0.003467495113236809,1.3115901099314762e-05,0.05899469536490876,-0.0005272490841691378,2.3941188744139352,-0.000100034464777274,-4.249128606754721e-08,0.005152253865186441
24.911519050598145,7.374791793952974e-05,0.331234550772557,0.0005622831279325428,2.475849107148452e-06,0.0034789948247204634,1.3153614768722323e-05,0.059026465174403714,-0.0005272484983452133,2.394216087742809,-9.9880098029296e-05,-4.236727811946519e-08,0.005155764633410136
24.92123579978943,7.374791793952974e-05,0.331234550772557,0.0005622831279325428,2.4510906160769673e-06,0.0034442048764732587,1.3022078621035099e-05,0.059026465174403714,-0.0005272484983452133,2.394216087742809,-9.888129704900303e-05,-4.194360533827054e-08,0.005104206987076035
24.928080797195435,7.377686822334476e-05,0.3313203442428197,0.0005626014889341461,2.5100223492699564e-06,0.0035351003070095265,1.3350007303601355e-05,0.059058142114363665,-0.0005272479059834352,2.3943129805231167,-0.0001001777806344234,-4.2334539415113e-08,0.005202072771951609
24.93208622932434,7.377686822334476e-05,0.3313203442428197,0.0005626014889341461,2.4849221257772567e-06,0.0034997493039394313,1.3216507230565342e-05,0.059058142114363665,-0.0005272479059834352,2.3943129805231167,-9.917600282807916e-05,-4.191119402096187e-08,0.005150052044232092
24.959161281585693,7.380578435505001e-05,0.331406131142809,0.0005629196523400041,2.4811447469091003e-06,0.003496436662682523,1.320009948181991e-05,0.05908972643145524,-0.0005272473071539369,2.394409553828006,-9.875918651904319e-05,-4.169533229222769e-08,0.0051360750062977925
24.97001552581787,7.380578435505001e-05,0.331406131142809,0.0005629196523400041,2.4563332994400093e-06,0.0034614722960556975,1.306809848700171e-05,0.05908972643145524,-0.0005272473071539369,2.394409553828006,-9.777159465385275e-05,-4.127837896930541e-08,0.005084714256234814
24.97773051261902,7.383466636666531e-05,0.33149191147424084,0.0005632376182726431,2.5056363614383157e-06,0.003538044196531816,1.3343411772283105e-05,0.05912121837198719,-0.0005272467019262274,2.3945058087269526,-9.880178731042348e-05,-4.157322909129674e-08,0.005165123016154989
24.98251485824585,7.383466636666531e-05,0.33149191147424084,0.0005632376182726431,2.4805799978239324e-06,0.003502663754566498,1.3209977654560273e-05,0.05912121837198719,-0.0005272467019262274,2.3945058087269526,-9.781376943731925e-05,-4.1157496800383774e-08,0.005113471785993438
24.987762451171875,7.38635142905453e-05,0.3315776852388277,0.0005635553868546743,2.564249787874254e-06,0.003631090661506517,1.367440785305121e-05,0.05915261818190705,-0.0005272460903691968,2.3946017462857707,-9.977334336934693e-05,-4.177803446820039e-08,0.005254679685704349
24.993492603302002,7.38635142905453e-05,0.3315776852388277,0.0005635553868546743,2.5386072899955113e-06,0.003594779754891452,1.3537663774520698e-05,0.05915261818190705,-0.0005272460903691968,2.3946017462857707,-9.877560993565346e-05,-4.1360254123518384e-08,0.005202132888847306
25.011863470077515,7.389232815837565e-05,0.3316634524382795,0.0005638729582083744,2.544172051547732e-06,0.003605518486772847,1.3572581426415302e-05,0.05918392610679793,-0.0005272454725511227,2.394697367566629,-9.862294806520512e-05,-4.123913473949046e-08,0.0052048746170688595
25.017858266830444,7.389232815837565e-05,0.3316634524382795,0.0005638729582083744,2.5187303310322543e-06,0.0035694633019051187,1.343685561215115e-05,0.05918392610679793,-0.0005272454725511227,2.394697367566629,-9.763671858455307e-05,-4.0826743392095555e-08,0.005152825870898171
25.032641410827637,7.392110800095e-05,0.3317492130743026,0.0005641903324563003,2.53196191930706e-06,0.0035917811172664015,1.3513982129853812e-05,0.05921514239187531,-0.000527244848539675,2.394792673628063,-9.769311229858988e-05,-4.077906026579586e-08,0.0051691292399402055
25.0379159450531,7.392110800095e-05,0.3317492130743026,0.0005641903324563003,2.5066423001139894e-06,0.0035558633060937374,1.3378842308555274e-05,0.05921514239187531,-0.000527244848539675,2.394792673628063,-9.671618117560398e-05,-4.03712696631379e-08,0.0051174379475408035
25.059200286865234,7.394985385062362e-05,0.3318349671486001,0.0005645075097207577,2.5082297811666896e-06,0.0035605944206931694,1.3391860010365063e-05,0.05924626728198389,-0.0005272442184019224,2.3948876655249887,-9.646288001632485e-05,-4.021601688754774e-08,0.005113222755959068
25.063558101654053,7.394985385062362e-05,0.3318349671486001,0.0005645075097207577,2.483147483355023e-06,0.003524988476486238,1.3257941410261412e-05,0.05924626728198389,-0.0005272442184019224,2.3948876655249887,-9.54982512161616e-05,-3.981385671867226e-08,0.005062090528399477
25.07350182533264,7.397856573763282e-05,0.3319207146628721,0.0005648244901239972,2.5153037173333914e-06,0.0035759713942546925,1.3439407583655175e-05,0.05927730102159456,-0.0005272435822043371,2.394982344308716,-9.606394677623157e-05,-3.9943324788497e-08,0.005111657126336927
25.08457326889038,7.397856573763282e-05,0.3319207146628721,0.0005648244901239972,2.4901506801600576e-06,0.0035402116803121457,1.3305013507818623e-05,0.05927730102159456,-0.0005272435822043371,2.394982344308716,-9.510330730846925e-05,-3.954389154061203e-08,0.005060540555073558
25.097471475601196,7.40072436931064e-05,0.33200645561881525,0.0005651412737883257,2.509133544506809e-06,0.0035712846632112386,1.3413926818241979e-05,0.05930824385480131,-0.000527242940012801,2.395076711026961,-9.5319017285626e-05,-3.9551979497005494e-08,0.0050869217440666
25.10222101211548,7.40072436931064e-05,0.33200645561881525,0.0005651412737883257,2.484042209061741e-06,0.0035355718165791263,1.327978755005956e-05,0.05930824385480131,-0.000527242940012801,2.395076711026961,-9.436582711276974e-05,-3.915645970203544e-08,0.005036052526625934
25.127716541290283,7.403588774951175e-05,0.3320921900181236,0.0005654578608357441,2.4813778240402863e-06,0.0035338433279092593,1.3269325151172549e-05,0.05933909602531836,-0.0005272422918926108,2.3951707667238593,-9.400960988779703e-05,-3.896742073825451e-08,0.0050245126059912095
25.133136510849,7.403588774951175e-05,0.3320921900181236,0.0005654578608357441,2.4565640457998835e-06,0.0034985048946301668,1.3136631899660822e-05,0.05933909602531836,-0.0005272422918926108,2.3951707667238593,-9.306951378891906e-05,-3.8577746530871965e-08,0.004974267479931297
25.150620937347412,7.406449793641663e-05,0.33217791786248707,0.0005657742513885326,2.4642985972038276e-06,0.003512550819691372,1.3183545496337493e-05,0.05936985777647718,-0.0005272416379084836,2.3952645124399807,-9.299134185078853e-05,-3.8484946779940824e-08,0.004980947894315581
25.155105352401733,7.409307428416958e-05,0.33226363915359286,0.0005660904455686648,2.5654493395379663e-06,0.003668579100376175,1.374639097530002e-05,0.05940052935122369,-0.0005272409781245622,2.3953579492123405,-9.536958889367716e-05,-3.923333709470801e-08,0.005150411042112401
25.16116166114807,7.409307428416958e-05,0.33226363915359286,0.0005660904455686648,2.5397948461425865e-06,0.0036318933093724133,1.360892706554702e-05,0.05940052935122369,-0.0005272409781245622,2.3953579492123405,-9.44158930047404e-05,-3.884100372376093e-08,0.0050989069316912765
25.1812481880188,7.41216168244579e-05,0.33234935389312537,0.0005664064434980873,2.5424491683540874e-06,0.0036382471299250562,1.362783494295874e-05,0.05943111099211544,-0.0005272403126044202,2.3954510780744123,-9.420680248083471e-05,-3.870358810208002e-08,0.00509671197035767
25.190916061401367,7.41216168244579e-05,0.33234935389312537,0.0005664064434980873,2.5170246766705464e-06,0.0036018646586258056,1.3491556593529153e-05,0.05943111099211544,-0.0005272403126044202,2.3954510780744123,-9.326473445602636e-05,-3.8316552221059215e-08,0.005045744850654094
25.21160316467285,7.415012558740755e-05,0.33243506208276496,0.0005667222452988032,2.51906145386845e-06,0.0036072767480173147,1.350704740728109e-05,0.059461602941318886,-0.0005272396414110675,2.395543900056142,-9.304244728844196e-05,-3.817516100940318e-08,0.005042510514361568
25.21698498725891,7.415012558740755e-05,0.33243506208276496,0.0005667222452988032,2.4938708393297658e-06,0.0035712039805371417,1.3371976933208278e-05,0.059461602941318886,-0.0005272396414110675,2.395543900056142,-9.211202281555754e-05,-3.7793409399309147e-08,0.004992085409217952
25.225693225860596,7.417860060269848e-05,0.3325207637241895,0.0005670378510925923,2.533491313045478e-06,0.0036339063814450753,1.3595343317344964e-05,0.05949200544060669,-0.0005272389646069553,2.3956364161839607,-9.287047631224126e-05,-3.798527215984896e-08,0.005053981099466419
25.2309889793396,7.417860060269848e-05,0.3325207637241895,0.0005670378510925923,2.5081563999150233e-06,0.0035975673176306244,1.3459389884171514e-05,0.05949200544060669,-0.0005272389646069553,2.3956364161839607,-9.194177154911884e-05,-3.760541943825047e-08,0.005003441288471755
25.23922109603882,7.420704190235316e-05,0.3326064588190733,0.0005673532610013472,2.551290517770834e-06,0.0036656901403132394,1.3702306635353074e-05,0.0595223187313551,-0.0005272382822539813,2.3957286274807963,-9.27907288590721e-05,-3.782733463905775e-08,0.005071305030785514
25.243513584136963,7.420704190235316e-05,0.3326064588190733,0.0005673532610013472,2.5257776125931256e-06,0.003629033238910107,1.3565283568999543e-05,0.0595223187313551,-0.0005272382822539813,2.3957286274807963,-9.186282157048137e-05,-3.744906129266717e-08,0.005020591980477659
25.271406888961792,7.426382346979473e-05,0.3327778293759003,0.0005679834936501833,2.54071617427417e-06,0.0036541807896777324,1.3652257242180018e-05,0.05958267865074115,-0.0005272369011463032,2.3959121396557954,-9.198364891435394e-05,-3.742315946113261e-08,0.005039636438723927
25.276805639266968,7.426382346979473e-05,0.3327778293759003,0.0005679834936501833,2.515309012531428e-06,0.003617638981780955,1.3515734669758218e-05,0.05958267865074115,-0.0005272369011463032,2.3959121396557954,-9.106381242521039e-05,-3.7048927866521286e-08,0.004989240074336688
25.295160055160522,7.429216379828136e-05,0.3328635048411761,0.0005682983166336334,2.520647224280208e-06,0.0036281409866805465,1.3549587318273664e-05,0.059612725760126176,-0.000527236202512673,2.396003442562417,-9.093524670740126e-05,-3.694029752791404e-08,0.004991710688708422
25.300660371780396,7.429216379828136e-05,0.3328635048411761,0.0005682983166336334,2.495440752037406e-06,0.003591859576813741,1.3414091445090928e-05,0.059612725760126176,-0.000527236202512673,2.396003442562417,-9.002589424032725e-05,-3.6570894552634903e-08,0.0049417935818213375
25.3211452960968,7.432047052963122e-05,0.3329491737665768,0.0005686129442185362,2.4977754085695617e-06,0.0035977614563303347,1.3431291328158477e-05,0.059642684622461674,-0.0005272354985723392,2.396094444694997,-8.982311410501459e-05,-3.643794742394974e-08,0.0049391398090759256
25.336156129837036,7.432047052963122e-05,0.3329491737665768,0.0005686129442185362,2.472797654483866e-06,0.0035617838417670313,1.3296978414876891e-05,0.059642684622461674,-0.0005272354985723392,2.396094444694997,-8.892488296396444e-05,-3.607356794971024e-08,0.004889748410985166
25.34728193283081,7.437698332109532e-05,0.33312049200438304,0.0005692416136785794,2.5483881648825167e-06,0.0036801488136701784,1.3720803443476775e-05,0.059702338562998544,-0.000527234075007861,2.3962755506570304,-9.059358608802434e-05,-3.655934283761927e-08,0.005012215097141458
25.351764917373657,7.437698332109532e-05,0.33312049200438304,0.0005692416136785794,2.5229042832336917e-06,0.0036433473255334764,1.3583595409042008e-05,0.059702338562998544,-0.000527234075007861,2.3962755506570304,-8.96876502271441e-05,-3.619374940924308e-08,0.004962092946170043
25.37395977973938,7.440518943945698e-05,0.33320614132009574,0.0005695556557965074,2.5227760976876923e-06,0.0036455035565048583,1.3587187533071848e-05,0.05973203411867696,-0.000527233355500563,2.3963656564874265,-8.942563384054645e-05,-3.604156314000026e-08,0.0049552127812547584
25.379335165023804,7.440518943945698e-05,0.33320614132009574,0.0005695556557965074,2.4975483367108155e-06,0.0036090485209398096,1.3451315657741128e-05,0.05973203411867696,-0.000527233355500563,2.3963656564874265,-8.853137750214098e-05,-3.5681147508600256e-08,0.004905660653442211
25.386279821395874,7.443336207907279e-05,0.3332917841025475,0.0005698695030015189,2.5527029709655694e-06,0.003696279881405665,1.3762140126285917e-05,0.05976164238225541,-0.0005272326309202632,2.396455465545693,-8.966572509560631e-05,-3.5989367015508366e-08,0.004992756814672362
25.390666246414185,7.443336207907279e-05,0.3332917841025475,0.0005698695030015189,2.5271759412559136e-06,0.003659317082591608,1.3624518725023058e-05,0.05976164238225541,-0.0005272326309202632,2.396455465545693,-8.876906784465024e-05,-3.562947334535328e-08,0.004942829246525638
25.41578698158264,7.446150126873234e-05,0.3333774203533842,0.0005701831554147583,2.5240310264633867e-06,0.0036568137789386706,1.361131323820365e-05,0.059791163591432134,-0.0005272319013241019,2.3965449788238025,-8.84371546884352e-05,-3.5455566201628726e-08,0.0049309178957103504
25.42023539543152,7.446150126873234e-05,0.3333774203533842,0.0005701831554147583,2.4987907161987528e-06,0.0036202456411492836,1.3475200105821614e-05,0.059791163591432134,-0.0005272319013241019,2.3965449788238025,-8.755278314155085e-05,-3.510101053961244e-08,0.004881608716753247
25.425508737564087,7.448960703733683e-05,0.33346305007424787,0.0005704966131574536,2.5790888829794675e-06,0.0037464254470434707,1.3926220805990529e-05,0.05982059798348533,-0.0005272311667687148,2.39663419731035,-8.931271597195658e-05,-3.561193827974544e-08,0.005010930561335393
25.450260639190674,7.451767941468002e-05,0.3335486732667779,0.0005708098763506943,2.5757034160270808e-06,0.0037435537646883696,1.3911680860769124e-05,0.0598499457952711,-0.0005272304273102375,2.396723121990565,-8.897850696835736e-05,-3.543799308719225e-08,0.004998649519712973
25.45486283302307,7.451767941468002e-05,0.3335486732667779,0.0005708098763506943,2.54994638186681e-06,0.003706118227041486,1.3772564052161433e-05,0.0598499457952711,-0.0005272304273102375,2.396723121990565,-8.808872189867379e-05,-3.508361315632033e-08,0.004948663024515843
25.470731496810913,7.454571842899433e-05,0.33363428993261024,0.0005711229451154869,2.559354993574118e-06,0.0037230103382824256,1.3829262322656916e-05,0.05987920726322135,-0.0005272296830043102,2.396811753846324,-8.807566704600098e-05,-3.501467229934324e-08,0.004957988576509617
25.480287551879883,7.454571842899433e-05,0.33363428993261024,0.0005711229451154869,2.533761443638377e-06,0.0036857802348996016,1.3690969699430346e-05,0.05987920726322135,-0.0005272296830043102,2.396811753846324,-8.719491037554098e-05,-3.46645255763498e-08,0.004908408690744521
25.496601343154907,7.457372410973914e-05,0.3337199000733778,0.000571435819572949,2.5423406937778036e-06,0.003701399591896698,1.3743064710170516e-05,0.05990838262334181,-0.0005272289339060823,2.396900093856163,-8.71632834094124e-05,-3.458990303835868e-08,0.004916345687703
25.508081197738647,7.457372410973914e-05,0.3337199000733778,0.000571435819572949,2.5169172868400257e-06,0.003664385595977731,1.3605634063068811e-05,0.05990838262334181,-0.0005272289339060823,2.396900093856163,-8.629165057531827e-05,-3.424400400797509e-08,0.004867182230825971
25.51326012611389,7.460169648392033e-05,0.33380550369071,0.0005717484998438936,2.5984653998370567e-06,0.003793033886934653,1.406458888794369e-05,0.059937472111210054,-0.0005272281800702166,2.3969881429952875,-8.806379324354794e-05,-3.475162723037856e-08,0.004997543465250717
25.536601066589355,7.462963558222461e-05,0.3338911007862337,0.0005720609860492162,2.596132326736201e-06,0.003791776062295568,1.4055885336353684e-05,0.05996647596197357,-0.0005272274215508939,2.3970759022355876,-8.776518687879937e-05,-3.459122354236245e-08,0.004987162778980141
25.551311016082764,7.462963558222461e-05,0.3338911007862337,0.0005720609860492162,2.570171003468839e-06,0.0037538583016726123,1.3915326482990146e-05,0.05996647596197357,-0.0005272274215508939,2.3970759022355876,-8.688753501001137e-05,-3.424531130693883e-08,0.004937291151190339
25.557472229003906,7.465754143176969e-05,0.3339766913615717,0.0005723732783096745,2.633967823551452e-06,0.0038552381070933285,1.4275717300242215e-05,0.0599953944103479,-0.0005272266584018179,2.3971633725456476,-8.821367878093274e-05,-3.460606718390952e-08,0.005037429042492123
25.562414169311523,7.465754143176969e-05,0.3339766913615717,0.0005723732783096745,2.6076281453159375e-06,0.003816685726022395,1.4132960127239792e-05,0.0599953944103479,-0.0005272266584018179,2.3971633725456476,-8.73315419931234e-05,-3.4260006512070425e-08,0.004987054752067201
25.573143243789673,7.468541406168114e-05,0.3340622754183443,0.0005726853767461659,2.632888004362382e-06,0.00385828722025045,1.4278322341733795e-05,0.060024227690614794,-0.0005272258906762184,2.397250554890759,-8.771306236061281e-05,-3.431801176425812e-08,0.005022761671815173
25.57879090309143,7.468541406168114e-05,0.3340622754183443,0.0005726853767461659,2.606559124318758e-06,0.0038197043480479457,1.4135539118316456e-05,0.060024227690614794,-0.0005272258906762184,2.397250554890759,-8.683593173700669e-05,-3.3974831646615536e-08,0.0049725340550970205
25.601858615875244,7.471325349941154e-05,0.3341478529581683,0.0005729972814791975,2.6043432946036257e-06,0.003818605712311584,1.4127447022019041e-05,0.060052976036620395,-0.000527225118426857,2.3973374502329308,-8.654859662460923e-05,-3.3819925812666035e-08,0.004962482176348747
25.606826305389404,7.471325349941154e-05,0.3341478529581683,0.0005729972814791975,2.5782998616575896e-06,0.003780419655188468,1.3986172551798851e-05,0.060052976036620395,-0.000527225118426857,2.3973374502329308,-8.568311065836313e-05,-3.3481726554539375e-08,0.004912857354585259
25.621514081954956,7.47410597734176e-05,0.33423342398265726,0.0005733089926294725,2.5899309692646266e-06,0.0038008754857656872,1.4055479459937002e-05,0.060081639681773505,-0.00052722434170603,2.3974240595309038,-8.573472166274175e-05,-3.3434898763662335e-08,0.004925834495928244
25.626445531845093,7.47410597734176e-05,0.33423342398265726,0.0005733089926294725,2.5640316595719803e-06,0.0037628667309080304,1.3914924665337631e-05,0.060081639681773505,-0.00052722434170603,2.3974240595309038,-8.487737444611433e-05,-3.310054977602571e-08,0.004876576150968962
25.65279531478882,7.479657294252262e-05,0.33440454649206947,0.00057393183466362,2.5800301492761347e-06,0.0037901807285988494,1.4008751805435613e-05,0.06013871380096046,-0.0005272227750568687,2.3975964238129377,-8.50375553693305e-05,-3.30866078186052e-08,0.004896709792298378
25.6581289768219,7.479657294252262e-05,0.33440454649206947,0.00057393183466362,2.5542298477833733e-06,0.003752278921312861,1.3868664287381257e-05,0.06013871380096046,-0.0005272227750568687,2.3975964238129377,-8.418717981563719e-05,-3.2755741740419146e-08,0.004847742694375394
25.67320990562439,7.482427989386652e-05,0.3344900979802041,0.0005742429657884829,2.5650012423032218e-06,0.0037714843952376845,1.3933324366893802e-05,0.060167124739609924,-0.0005272219852308425,2.397682180698237,-8.421831629223012e-05,-3.27020119049214e-08,0.004859162778756549
25.678313493728638,7.482427989386652e-05,0.3344900979802041,0.0005742429657884829,2.5393512298801894e-06,0.0037337695512853074,1.3793991123224863e-05,0.060167124739609924,-0.0005272219852308425,2.397682180698237,-8.337613312930781e-05,-3.237499178587218e-08,0.0048105711509689834
25.691287517547607,7.485195379185667e-05,0.33457564295942677,0.0005745539038124869,2.556120150319635e-06,0.0037623674375346127,1.389227745413235e-05,0.06019545190663489,-0.0005272211911379756,2.3977676553418372,-8.35526614014658e-05,-3.2366998538250263e-08,0.004831863183287821
25.696566104888916,7.485195379185667e-05,0.33457564295942677,0.0005745539038124869,2.5305589488164387e-06,0.0037247437631592667,1.3753354679591027e-05,0.06019545190663489,-0.0005272211911379756,2.3977676553418372,-8.271713478745114e-05,-3.204332855286776e-08,0.004783544551454943
25.715813159942627,7.487959466528521e-05,0.3346611814313352,0.0005748646488558356,2.533641546803002e-06,0.0037319386951638078,1.3774959946748223e-05,0.06022369553323248,-0.0005272203928283043,2.397852848686307,-8.256797210777912e-05,-3.193404167176001e-08,0.004782336267103292
25.721590042114258,7.487959466528521e-05,0.3346611814313352,0.0005748646488558356,2.5083051313349717e-06,0.00369461930821217,1.363721034728074e-05,0.06022369553323248,-0.0005272203928283043,2.397852848686307,-8.174229238670132e-05,-3.161470125504241e-08,0.004734512904432259
25.755261421203613,7.49347774484959e-05,0.3348322388595854,0.0005754855604813014,2.515620440746193e-06,0.0037084751422713424,1.3682605600063751e-05,0.06027993308769722,-0.0005272187837564989,2.3980223952321373,-8.16971539492814e-05,-3.1536932144603656e-08,0.00474021315799903
25.760385036468506,7.49347774484959e-05,0.3348322388595854,0.0005754855604813014,2.490464236338731e-06,0.003671390390848629,1.3545779544063114e-05,0.06027993308769722,-0.0005272187837564989,2.3980223952321373,-8.088018240978858e-05,-3.122156282315762e-08,0.0046928110264190396
25.774195432662964,7.496231941296311e-05,0.334917757819107,0.0005757957273037172,2.5049870802665637e-06,0.003696600098618881,1.363170615886517e-05,0.060307927475717435,-0.0005272179730922546,2.3981067503026807,-8.100390252636542e-05,-3.119662138242592e-08,0.004710232696536756
25.779502630233765,7.496231941296311e-05,0.334917757819107,0.0005757957273037172,2.479937209463898e-06,0.003659634097632692,1.3495389097276517e-05,0.060307927475717435,-0.0005272179730922546,2.3981067503026807,-8.019386350110177e-05,-3.088465516860166e-08,0.004663130369571389
25.797484874725342,7.49898284619041e-05,0.3350032702776739,0.0005761057016260189,2.485383416465303e-06,0.003670591586873512,1.353035613760288e-05,0.060335839243613534,-0.0005272171584069932,2.3981908278124813,-8.010497385827063e-05,-3.0794672689483026e-08,0.004665758874163877
25.80291748046875,7.49898284619041e-05,0.3350032702776739,0.0005761057016260189,2.46052958230065e-06,0.003633885671004777,1.3395052576226851e-05,0.060335839243613534,-0.0005272171584069932,2.3981908278124813,-7.930392411968791e-05,-3.0486725962588195e-08,0.0046191012854222375
25.836498498916626,7.50447479224678e-05,0.3351742756982692,0.0005767250732504102,2.4682607397235514e-06,0.003648470053566317,1.3442918575078305e-05,0.06039141583436879,-0.0005272155171645068,2.398358153853443,-7.927180993372655e-05,-3.041332776227841e-08,0.0046254089379606225
25.842108726501465,7.50447479224678e-05,0.3351742756982692,0.0005767250732504102,2.4435781323263157e-06,0.003611985353030654,1.3308489389327521e-05,0.06039141583436879,-0.0005272155171645068,2.398358153853443,-7.847909183438929e-05,-3.010919448465563e-08,0.004579154848581016
25.85889482498169,7.507215838810755e-05,0.3352597686634521,0.0005770344707921051,2.451431471480649e-06,0.0036267963139765087,1.3357104055059668e-05,0.06041908111375907,-0.0005272146907017791,2.398441404228552,-7.844823947197997e-05,-3.003698214926658e-08,0.004585619443936103
25.864633560180664,7.507215838810755e-05,0.3352597686634521,0.0005770344707921051,2.4269171567658427e-06,0.0035905283508367437,1.3223533014509071e-05,0.06041908111375907,-0.0005272146907017791,2.398441404228552,-7.766375707726017e-05,-2.9736612327773917e-08,0.004539763249496742
25.87928032875061,7.509953604592063e-05,0.3353452551339895,0.0005773436763133439,2.439610686078926e-06,0.003612988481985033,1.3299410804129059e-05,0.060446664686084915,-0.0005272138604070363,2.3985243807308376,-7.77474408974645e-05,-2.9699456786859353e-08,0.004554059372743749
25.88489294052124,7.509953604592063e-05,0.3353452551339895,0.0005773436763133439,2.4152145792181366e-06,0.003576858597165183,1.3166416696087768e-05,0.060446664686084915,-0.0005272138604070363,2.3985243807308376,-7.696996648848985e-05,-2.940246221899076e-08,0.004508518779016312
25.890523195266724,7.512688092258127e-05,0.3354307351114507,0.0005776526899337208,2.487107872049346e-06,0.0036929125891748613,1.3575819320552875e-05,0.06047416677846958,-0.0005272130263264973,2.3986070842744773,-7.84286811756493e-05,-2.9779939275994598e-08,0.004618217683480328
25.91453504562378,7.515419304576791e-05,0.3355162085974025,0.0005779615117729437,2.484731388351619e-06,0.00369157984016751,1.35668528639792e-05,0.06050158761757722,-0.0005272121885059759,2.3986895157705517,-7.816465914056481e-05,-2.9638330998119822e-08,0.004608210831180083
25.920262336730957,7.515419304576791e-05,0.3355162085974025,0.0005779615117729437,2.459884074468103e-06,0.003654664041765835,1.3431184335339408e-05,0.06050158761757722,-0.0005272121885059759,2.3986895157705517,-7.738301254915915e-05,-2.9341947688138624e-08,0.004562128722868282
25.9328031539917,7.518147244048197e-05,0.3356016755934074,0.0005782701419506081,2.4783058580386115e-06,0.003686268460223393,1.3539493499135322e-05,0.060528927429611676,-0.0005272113469908845,2.3987716761270526,-7.760105266067934e-05,-2.9345189793585426e-08,0.004585546670068316
25.937968015670776,7.518147244048197e-05,0.3356016755934074,0.0005782701419506081,2.4535227994582255e-06,0.0036494057756211594,1.3404098564143969e-05,0.060528927429611676,-0.0005272113469908845,2.3987716761270526,-7.682504213407255e-05,-2.905173789564957e-08,0.004539691203367633
25.963992834091187,7.52087191349598e-05,0.3356871361010257,0.0005785785805862826,2.449694387743205e-06,0.0036457497987212382,1.3386900983075609e-05,0.060556186440315386,-0.0005272105018262372,2.3988535662488966,-7.653270540519037e-05,-2.8903029252336776e-08,0.004527454548425276
25.968398571014404,7.52087191349598e-05,0.3356871361010257,0.0005785785805862826,2.425197443865773e-06,0.003609292300734026,1.3253031973244852e-05,0.060556186440315386,-0.0005272105018262372,2.3988535662488966,-7.576737835113847e-05,-2.861399895981341e-08,0.004482180002941023
25.97330951690674,7.523593315442632e-05,0.3357725901218141,0.0005788868277995366,2.5105514127952967e-06,0.003747206634565185,1.3739321794925864e-05,0.060583364874968265,-0.0005272096530566544,2.3989351870379343,-7.752095780925392e-05,-2.907332420892817e-08,0.004612513907723309
25.994723081588745,7.526311452522195e-05,0.33585803765732647,0.000579194883709605,2.510553673916816e-06,0.003749638030491302,1.3743761909538533e-05,0.06061046295838662,-0.0005272088007263654,2.3990165393929623,-7.731921857105559e-05,-2.8952182316536204e-08,0.004606427872992836
26.00239849090576,7.526311452522195e-05,0.33585803765732647,0.000579194883709605,2.4854481371776478e-06,0.003712141650186389,1.3606324290443147e-05,0.06061046295838662,-0.0005272088007263654,2.3990165393929623,-7.654602638534504e-05,-2.866266049337084e-08,0.0045603635942629075
26.02249050140381,7.52902632739104e-05,0.33594347870911323,0.0005795027484359462,2.4873219651681803e-06,0.0037175451235240617,1.362133221175348e-05,0.06063748091492211,-0.0005272079448792122,2.399097624209733,-7.638915680883648e-05,-2.8555328655549915e-08,0.004557293726867578
26.028363466262817,7.52902632739104e-05,0.33594347870911323,0.0005795027484359462,2.4624487455164987e-06,0.003680369672288821,1.3485118889635945e-05,0.06063748091492211,-0.0005272079448792122,2.399097624209733,-7.562526524074812e-05,-2.8269775368994414e-08,0.004511720789598902
26.041451692581177,7.531737942549391e-05,0.336028913278722,0.0005798104220979083,2.4788079893808476e-06,0.00370884187242669,1.3582040187604192e-05,0.06066441896846078,-0.0005272070855586536,2.3991784423809666,-7.579930857312142e-05,-2.8260105335003873e-08,0.0045316855155213935
26.047809600830078,7.531737942549391e-05,0.336028913278722,0.0005798104220979083,2.454019909487039e-06,0.003671753453702423,1.344621978572815e-05,0.06066441896846078,-0.0005272070855586536,2.3991784423809666,-7.504131548739022e-05,-2.7977504281653835e-08,0.004486368660366179
26.077236652374268,7.537151404360218e-05,0.3361997629775795,0.0005804251967049719,2.4658729918120483e-06,0.003693094641636077,1.3517741125816266e-05,0.060718056259757666,-0.0005272053566692556,2.399339282342601,-7.51156567659084e-05,-2.7937541609599085e-08,0.004499115372010115
26.08520221710205,7.537151404360218e-05,0.3361997629775795,0.0005804251967049719,2.4412142618939276e-06,0.003656163695219716,1.3382563714558104e-05,0.060718056259757666,-0.0005272053566692556,2.399339282342601,-7.436450019824931e-05,-2.7658166193503094e-08,0.004454124218290014
26.097887754440308,7.539853256135913e-05,0.33628517810990766,0.0005807322978885759,2.4589401303134517e-06,0.0036869347471009317,1.3487435083540012e-05,0.06074475594295104,-0.0005272044871854456,2.3994193059033746,-7.456857387134836e-05,-2.765653655035538e-08,0.004476077308047905
26.102561473846436,7.539853256135913e-05,0.33628517810990766,0.0005807322978885759,2.434350729010317e-06,0.0036500653996299226,1.3352560732704611e-05,0.06074475594295104,-0.0005272044871854456,2.3994193059033746,-7.382288813263487e-05,-2.7379971184851827e-08,0.004431316534967426
26.120624780654907,7.542551858626027e-05,0.33637058676621634,0.0005810392084841646,2.4395656929304123e-06,0.0036608477036815072,1.3386566564545118e-05,0.060771376614016104,-0.0005272036143982954,2.3994990663593767,-7.37474279269198e-05,-2.729771052951775e-08,0.0044335491609813595
26.125191926956177,7.542551858626027e-05,0.33637058676621634,0.0005810392084841646,2.4151700360011083e-06,0.003624239226644692,1.3252700898899667e-05,0.060771376614016104,-0.0005272036143982954,2.3994990663593767,-7.30099536476506e-05,-2.7024733424222575e-08,0.0043892136693715455
26.140381574630737,7.545247214375466e-05,0.3364559889480376,0.0005813459286108087,2.4261280727183184e-06,0.0036442207739587652,1.3319279558288674e-05,0.06079791849449656,-0.0005272027383493963,2.3995785645883236,-7.306470440411401e-05,-2.6980426382362743e-08,0.004400492958556228
26.153594493865967,7.545247214375466e-05,0.3364559889480376,0.0005813459286108087,2.401866791991135e-06,0.0036077785662191777,1.3186086762705787e-05,0.06079791849449656,-0.0005272027383493963,2.3995785645883236,-7.233405736007287e-05,-2.6710622118539116e-08,0.004356488028970666
26.158655166625977,7.547939325918016e-05,0.3365413846569004,0.000581652458387302,2.4831079861220993e-06,0.00374044457095035,1.3651482312411159e-05,0.06082438180546505,-0.0005272018590799759,2.3996578014649628,-7.395659740368252e-05,-2.7116210330122654e-08,0.004477981664171024
26.16323208808899,7.547939325918016e-05,0.3365413846569004,0.000581652458387302,2.4582769062608782e-06,0.0037030401252408462,1.3514967489287047e-05,0.06082438180546505,-0.0005272018590799759,2.3996578014649628,-7.32170314296457e-05,-2.6845048226821426e-08,0.004433201847529314
26.180701732635498,7.550628195820925e-05,0.3366267738943303,0.000581958797932549,2.464150811790159e-06,0.0037148883595443504,1.3552728875405932e-05,0.06085076676752233,-0.0005272009766309017,2.3997367778610834,-7.316158897167739e-05,-2.6769894512997716e-08,0.004436528996660906
26.191255569458008,7.550628195820925e-05,0.3366267738943303,0.000581958797932549,2.4395093036722575e-06,0.0036777394759489068,1.3417201586651872e-05,0.06085076676752233,-0.0005272009766309017,2.3997367778610834,-7.242997308196061e-05,-2.650219556786774e-08,0.004392163706694297
26.210269689559937,7.553313826606843e-05,0.33671215666184984,0.0005822649473653716,2.4430644505962544e-06,0.003685867008966562,1.3441799548710787e-05,0.060877073600796514,-0.0005272000910426844,2.399815494645527,-7.232484370124661e-05,-2.6413335853736903e-08,0.004391887488915566
26.21675729751587,7.553313826606843e-05,0.33671215666184984,0.0005822649473653716,2.4186338060902916e-06,0.0036490083388768966,1.330738155322368e-05,0.060877073600796514,-0.0005272000910426844,2.399815494645527,-7.160159526423414e-05,-2.6149202495199535e-08,0.00434796861402641
26.238840341567993,7.55867538089608e-05,0.3368829027932333,0.0005828766763683651,2.4424954560434748e-06,0.003689838272560711,1.344747104922429e-05,0.06092945375914027,-0.0005271983106090967,2.3999721528400704,-7.194839504306911e-05,-2.6187233490646134e-08,0.004379282270855322
26.24950623512268,7.55867538089608e-05,0.3368829027932333,0.0005828766763683651,2.41807050148304e-06,0.0036529398898351036,1.3312996338732047e-05,0.06092945375914027,-0.0005271983106090967,2.3999721528400704,-7.122891109263842e-05,-2.592536115573967e-08,0.0043354894481467685
26.25642681121826,7.561351309478234e-05,0.33696826616012704,0.0005831822561758198,2.4704148284538886e-06,0.0037397576908969232,1.361529376134264e-05,0.06095552752209621,-0.0005271974158429914,2.400050095973207,-7.219671960397183e-05,-2.6138469037963354e-08,0.004410882498056352
26.262312650680542,7.561351309478234e-05,0.33696826616012704,0.0005831822561758198,2.4457106801693498e-06,0.003702360113987954,1.3479140823729213e-05,0.06095552752209621,-0.0005271974158429914,2.400050095973207,-7.14747524079321e-05,-2.587708434758372e-08,0.004366773673075789
26.276426315307617,7.564024008944906e-05,0.33705362306317,0.0005834876463452506,2.4587336157931743e-06,0.0037258147137613617,1.3557730541973531e-05,0.06098152403204038,-0.0005271965180962794,2.40012778294076,-7.158043619611074e-05,-2.5848059614622747e-08,0.004381144029934806
26.2835054397583,7.564024008944906e-05,0.33705362306317,0.0005834876463452506,2.4341462796352425e-06,0.003688556566623748,1.3422153236553796e-05,0.06098152403204038,-0.0005271965180962794,2.40012778294076,-7.086463183414963e-05,-2.558957901847652e-08,0.004337332589635459
26.296985626220703,7.566693481874599e-05,0.33713897350386973,0.0005837928469951476,2.4490004596838968e-06,0.0037149864768844477,1.3511205478747122e-05,0.061007443506726954,-0.0005271956174077336,2.4002052145969874,-7.101143736886624e-05,-2.557227797224672e-08,0.0043545270452167995
26.302449226379395,7.566693481874599e-05,0.33713897350386973,0.0005837928469951476,2.4245104550870578e-06,0.0036778366121156033,1.3376093423959651e-05,0.061007443506726954,-0.0005271956174077336,2.4002052145969874,-7.030132299517758e-05,-2.531655519252425e-08,0.004310981774764631
26.325103282928467,7.56935973064503e-05,0.33722431748373005,0.0005840978582438894,2.423561344405135e-06,0.003678730960863602,1.3375110287088223e-05,0.061033286163433335,-0.0005271947138157893,2.4002823917932603,-7.010525274762594e-05,-2.5204213790616546e-08,0.004303795260769381
26.33701467514038,7.56935973064503e-05,0.33722431748373005,0.0005840978582438894,2.3993257309610834e-06,0.003641943651254966,1.3241359184217341e-05,0.061033286163433335,-0.0005271947138157893,2.4002823917932603,-6.940420022014968e-05,-2.495217165271038e-08,0.004260757308161687
26.358980894088745,7.574682565866064e-05,0.3373949860669345,0.000584707313011202,2.423299384904932e-06,0.0036832201470597507,1.3382568783011048e-05,0.06108474188962796,-0.000527192898073772,2.400435986197059,-6.975253391212208e-05,-2.498942516155564e-08,0.004291884853502164
26.36384391784668,7.574682565866064e-05,0.3373949860669345,0.000584707313011202,2.3990663910558828e-06,0.003646387945589153,1.3248743095180938e-05,0.06108474188962796,-0.000527192898073772,2.400435986197059,-6.905500857300085e-05,-2.4739530909940083e-08,0.004248966004967142
