Time (seconds),Orientation X,Orientation Y,Orientation Z,Angular Velocity X,Angular Velocity Y,Angular Velocity Z,Position X,Position Y,Position Z,Linear Velocity X,Linear Velocity Y,Linear Velocity Z
2.349851608276367,7.771561172376096e-16,0.0,0.0,0.0,0.0,0.0,0.0,0.0,0.0,0.0,0.0,0.0
2.352782726287842,7.771561172376096e-16,0.0,0.0,0.0,0.0,0.0,0.0,0.0,0.0,0.0,0.0,0.0
2.355504274368286,7.771561172376096e-16,0.0,0.0,0.0,0.0,0.0,0.0,0.0,0.0,0.0,0.0,0.0
2.3583717346191406,7.771561172376096e-16,0.0,0.0,0.0,0.0,0.0,0.0,0.0,0.0,0.0,0.0,0.0
2.3609559535980225,7.771561172376096e-16,0.0,0.0,0.0,0.0,0.0,0.0,0.0,0.0,0.0,0.0,0.0
2.3635830879211426,7.771561172376096e-16,0.0,0.0,0.0,0.0,0.0,0.0,0.0,0.0,0.0,0.0,0.0
2.3661699295043945,7.771561172376096e-16,0.0,0.0,0.0,0.0,0.0,0.0,0.0,0.0,0.0,0.0,0.0
2.369598388671875,7.771561172376096e-16,0.0,0.0,0.0,0.0,0.0,0.0,0.0,0.0,0.0,0.0,0.0
2.3745429515838623,7.771561172376096e-16,0.0,0.0,0.0,0.0,0.0,0.0,0.0,0.0,0.0,0.0,0.0
2.3790359497070312,7.771561172376096e-16,0.0,0.0,0.0,0.0,0.0,0.0,0.0,0.0,0.0,0.0,0.0
2.3821046352386475,7.771561172376096e-16,0.0,0.0,0.0,0.0,0.0,0.0,0.0,0.0,0.0,0.0,0.0
2.38690185546875,7.771561172376096e-16,0.0,0.0,0.0,0.0,0.0,0.0,0.0,0.0,0.0,0.0,0.0
2.3930842876434326,7.771561172376096e-16,0.0,0.0,0.0,0.0,0.0,0.0,0.0,0.0,0.0,0.0,0.0
2.3981380462646484,7.771561172376096e-16,0.0,0.0,0.0,0.0,0.0,0.0,0.0,0.0,0.0,0.0,0.0
2.4129042625427246,7.771561172376096e-16,0.0,0.0,0.0,0.0,0.0,0.0,0.0,0.0,0.0,0.0,0.0
2.4179890155792236,7.771561172376096e-16,0.0,0.0,0.0,0.0,0.0,0.0,0.0,0.0,0.0,0.0,0.0
2.4329593181610107,7.771561172376096e-16,0.0,0.0,0.0,0.0,0.0,0.0,0.0,0.0,0.0,0.0,0.0
2.4380276203155518,7.771561172376096e-16,0.0,0.0,0.0,0.0,0.0,0.0,0.0,0.0,0.0,0.0,0.0
2.4551048278808594,7.771561172376096e-16,0.0,0.0,0.0,0.0,0.0,0.0,0.0,0.0,0.0,0.0,0.0
2.458897590637207,7.771561172376096e-16,0.0,0.0,0.0,0.0,0.0,0.0,0.0,0.0,0.0,0.0,0.0
2.4736101627349854,7.771561172376096e-16,0.0,0.0,0.0,0.0,0.0,0.0,0.0,0.0,0.0,0.0,0.0
2.4793031215667725,7.771561172376096e-16,0.0,0.0,0.0,0.0,0.0,0.0,0.0,0.0,0.0,0.0,0.0
2.497218608856201,7.771561172376096e-16,0.0,0.0,0.0,0.0,0.0,0.0,0.0,0.0,0.0,0.0,0.0
2.502450942993164,7.771561172376096e-16,0.0,0.0,0.0,0.0,0.0,0.0,0.0,0.0,0.0,0.0,0.0
2.5115065574645996,7.771561172376096e-16,0.0,0.0,0.0,0.0,0.0,0.0,0.0,0.0,0.0,0.0,0.0
2.5316126346588135,7.771561172376096e-16,0.0,0.0,0.0,0.0,0.0,0.0,0.0,0.0,0.0,0.0,0.0
2.5354695320129395,7.771561172376096e-16,0.0,0.0,0.0,0.0,0.0,0.0,0.0,0.0,0.0,0.0,0.0
2.554713010787964,7.771561172376096e-16,0.0,0.0,0.0,0.0,0.0,0.0,0.0,0.0,0.0,0.0,0.0
2.559495449066162,7.771561172376096e-16,0.0,0.0,0.0,0.0,0.0,0.0,0.0,0.0,0.0,0.0,0.0
2.573460817337036,7.771561172376096e-16,0.0,0.0,0.0,0.0,0.0,0.0,0.0,0.0,0.0,0.0,0.0
2.5785610675811768,7.771561172376096e-16,0.0,0.0,0.0,0.0,0.0,0.0,0.0,0.0,0.0,0.0,0.0
2.593928098678589,7.771561172376096e-16,0.0,0.0,0.0,0.0,0.0,0.0,0.0,0.0,0.0,0.0,0.0
2.5990636348724365,7.771561172376096e-16,0.0,0.0,0.0,0.0,0.0,0.0,0.0,0.0,0.0,0.0,0.0
2.614001512527466,7.771561172376096e-16,0.0,0.0,0.0,0.0,0.0,0.0,0.0,0.0,0.0,0.0,0.0
2.619159460067749,7.771561172376096e-16,0.0,0.0,0.0,0.0,0.0,0.0,0.0,0.0,0.0,0.0,0.0
2.631938934326172,7.771561172376096e-16,0.0,0.0,0.0,0.0,0.0,0.0,0.0,0.0,0.0,0.0,0.0
2.634711265563965,7.771561172376096e-16,0.0,0.0,0.0,0.0,0.0,0.0,0.0,0.0,0.0,0.0,0.0
2.651916027069092,7.771561172376096e-16,0.0,0.0,0.0,0.0,0.0,0.0,0.0,0.0,0.0,0.0,0.0
2.6547367572784424,7.771561172376096e-16,0.0,0.0,0.0,0.0,0.0,0.0,0.0,0.0,0.0,0.0,0.0
2.674276828765869,7.771561172376096e-16,0.0,0.0,0.0,0.0,0.0,0.0,0.0,0.0,0.0,0.0,0.0
2.6803336143493652,7.771561172376096e-16,0.0,0.0,0.0,0.0,0.0,0.0,0.0,0.0,0.0,0.0,0.0
2.6920199394226074,7.771561172376096e-16,0.0,0.0,0.0,0.0,0.0,0.0,0.0,0.0,0.0,0.0,0.0
2.6948649883270264,7.771561172376096e-16,0.0,0.0,0.0,0.0,0.0,0.0,0.0,0.0,0.0,0.0,0.0
2.714402914047241,7.771561172376096e-16,0.0,0.0,0.0,0.0,0.0,0.0,0.0,0.0,0.0,0.0,0.0
2.7195467948913574,7.771561172376096e-16,0.0,0.0,0.0,0.0,0.0,0.0,0.0,0.0,0.0,0.0,0.0
2.7322802543640137,7.771561172376096e-16,0.0,0.0,0.0,0.0,0.0,0.0,0.0,0.0,0.0,0.0,0.0
2.7362210750579834,7.771561172376096e-16,0.0,0.0,0.0,0.0,0.0,0.0,0.0,0.0,0.0,0.0,0.0
2.7524917125701904,7.771561172376096e-16,0.0,0.0,0.0,0.0,0.0,0.0,0.0,0.0,0.0,0.0,0.0
2.755265235900879,7.771561172376096e-16,0.0,0.0,0.0,0.0,0.0,0.0,0.0,0.0,0.0,0.0,0.0
2.774902820587158,7.771561172376096e-16,0.0,0.0,0.0,0.0,0.0,0.0,0.0,0.0,0.0,0.0,0.0
2.780031442642212,7.771561172376096e-16,0.0,0.0,0.0,0.0,0.0,0.0,0.0,0.0,0.0,0.0,0.0
2.7926034927368164,7.771561172376096e-16,0.0,0.0,0.0,0.0,0.0,0.0,0.0,0.0,0.0,0.0,0.0
2.7953941822052,7.771561172376096e-16,0.0,0.0,0.0,0.0,0.0,0.0,0.0,0.0,0.0,0.0,0.0
2.8149757385253906,7.771561172376096e-16,0.0,0.0,0.0,0.0,0.0,0.0,0.0,0.0,0.0,0.0,0.0
2.8196187019348145,7.771561172376096e-16,0.0,0.0,0.0,0.0,0.0,0.0,0.0,0.0,0.0,0.0,0.0
2.8350155353546143,7.771561172376096e-16,0.0,0.0,0.0,0.0,0.0,0.0,0.0,0.0,0.0,0.0,0.0
2.8392412662506104,7.771561172376096e-16,0.0,0.0,0.0,0.0,0.0,0.0,0.0,0.0,0.0,0.0,0.0
2.8565149307250977,7.771561172376096e-16,0.0,0.0,0.0,0.0,0.0,0.0,0.0,0.0,0.0,0.0,0.0
2.860443592071533,7.771561172376096e-16,0.0,0.0,0.0,0.0,0.0,0.0,0.0,0.0,0.0,0.0,0.0
2.8751885890960693,7.771561172376096e-16,0.0,0.0,0.0,0.0,0.0,0.0,0.0,0.0,0.0,0.0,0.0
2.880455732345581,7.771561172376096e-16,0.0,0.0,0.0,0.0,0.0,0.0,0.0,0.0,0.0,0.0,0.0
2.895181894302368,7.771561172376096e-16,0.0,0.0,0.0,0.0,0.0,0.0,0.0,0.0,0.0,0.0,0.0
2.9003825187683105,7.771561172376096e-16,0.0,0.0,0.0,0.0,0.0,0.0,0.0,0.0,0.0,0.0,0.0
2.9152345657348633,7.771561172376096e-16,0.0,0.0,0.0,0.0,0.0,0.0,0.0,0.0,0.0,0.0,0.0
2.92036509513855,7.771561172376096e-16,0.0,0.0,0.0,0.0,0.0,0.0,0.0,0.0,0.0,0.0,0.0
2.9352293014526367,7.771561172376096e-16,0.0,0.0,0.0,0.0,0.0,0.0,0.0,0.0,0.0,0.0,0.0
2.9413108825683594,7.771561172376096e-16,0.0,0.0,0.0,0.0,0.0,0.0,0.0,0.0,0.0,0.0,0.0
2.9558682441711426,7.771561172376096e-16,0.0,0.0,0.0,0.0,0.0,0.0,0.0,0.0,0.0,0.0,0.0
2.961063861846924,7.771561172376096e-16,0.0,0.0,0.0,0.0,0.0,0.0,0.0,0.0,0.0,0.0,0.0
2.975588321685791,7.771561172376096e-16,0.0,0.0,0.0,0.0,0.0,0.0,0.0,0.0,0.0,0.0,0.0
2.9809162616729736,7.771561172376096e-16,0.0,0.0,0.0,0.0,0.0,0.0,0.0,0.0,0.0,0.0,0.0
2.993232011795044,7.771561172376096e-16,0.0,0.0,0.0,0.0,0.0,0.0,0.0,0.0,0.0,0.0,0.0
2.996098041534424,7.771561172376096e-16,0.0,0.0,0.0,0.0,0.0,0.0,0.0,0.0,0.0,0.0,0.0
3.0137457847595215,7.771561172376096e-16,0.0,0.0,0.0,0.0,0.0,0.0,0.0,0.0,0.0,0.0,0.0
3.0165810585021973,7.771561172376096e-16,0.0,0.0,0.0,0.0,0.0,0.0,0.0,0.0,0.0,0.0,0.0
3.035717010498047,7.771561172376096e-16,0.0,0.0,0.0,0.0,0.0,0.0,0.0,0.0,0.0,0.0,0.0
3.040910005569458,7.771561172376096e-16,0.0,0.0,0.0,0.0,0.0,0.0,0.0,0.0,0.0,0.0,0.0
3.054575204849243,7.771561172376096e-16,0.0,0.0,0.0,0.0,0.0,0.0,0.0,0.0,0.0,0.0,0.0
3.058302640914917,7.771561172376096e-16,0.0,0.0,0.0,0.0,0.0,0.0,0.0,0.0,0.0,0.0,0.0
3.075801372528076,7.771561172376096e-16,0.0,0.0,0.0,0.0,0.0,0.0,0.0,0.0,0.0,0.0,0.0
3.080967903137207,7.771561172376096e-16,0.0,0.0,0.0,0.0,0.0,0.0,0.0,0.0,0.0,0.0,0.0
3.095752000808716,7.771561172376096e-16,0.0,0.0,0.0,0.0,0.0,0.0,0.0,0.0,0.0,0.0,0.0
3.1009445190429688,7.771561172376096e-16,0.0,0.0,0.0,0.0,0.0,0.0,0.0,0.0,0.0,0.0,0.0
3.116062641143799,7.771561172376096e-16,0.0,0.0,0.0,0.0,0.0,0.0,0.0,0.0,0.0,0.0,0.0
3.121267557144165,7.771561172376096e-16,0.0,0.0,0.0,0.0,0.0,0.0,0.0,0.0,0.0,0.0,0.0
3.138047933578491,7.771561172376096e-16,0.0,0.0,0.0,0.0,0.0,0.0,0.0,0.0,0.0,0.0,0.0
3.1436426639556885,7.771561172376096e-16,0.0,0.0,0.0,0.0,0.0,0.0,0.0,0.0,0.0,0.0,0.0
3.157907009124756,7.771561172376096e-16,0.0,0.0,0.0,0.0,0.0,0.0,0.0,0.0,0.0,0.0,0.0
3.1902854442596436,7.771561172376096e-16,0.0,0.0,0.0,0.0,0.0,0.0,0.0,0.0,0.0,0.0,0.0
3.1960489749908447,7.771561172376096e-16,0.0,0.0,0.0,0.0,0.0,0.0,0.0,0.0,0.0,0.0,0.0
3.201263189315796,7.771561172376096e-16,0.0,0.0,0.0,0.0,0.0,0.0,0.0,0.0,0.0,0.0,0.0
3.204785108566284,7.771561172376096e-16,0.0,0.0,0.0,0.0,0.0,0.0,0.0,0.0,0.0,0.0,0.0
3.207860231399536,7.771561172376096e-16,0.0,0.0,0.0,0.0,0.0,0.0,0.0,0.0,0.0,0.0,0.0
3.2179253101348877,7.771561172376096e-16,0.0,0.0,0.0,0.0,0.0,0.0,0.0,0.0,0.0,0.0,0.0
3.223111391067505,7.771561172376096e-16,0.0,0.0,0.0,0.0,0.0,0.0,0.0,0.0,0.0,0.0,0.0
3.242142677307129,7.771561172376096e-16,0.0,0.0,0.0,0.0,0.0,0.0,0.0,0.0,0.0,0.0,0.0
3.247553586959839,7.771561172376096e-16,0.0,0.0,0.0,0.0,0.0,0.0,0.0,0.0,0.0,0.0,0.0
3.2601583003997803,7.771561172376096e-16,0.0,0.0,0.0,0.0,0.0,0.0,0.0,0.0,0.0,0.0,0.0
3.2655029296875,7.771561172376096e-16,0.0,0.0,0.0,0.0,0.0,0.0,0.0,0.0,0.0,0.0,0.0
3.2780568599700928,7.771561172376096e-16,0.0,0.0,0.0,0.0,0.0,0.0,0.0,0.0,0.0,0.0,0.0
3.2833962440490723,7.771561172376096e-16,0.0,0.0,0.0,0.0,0.0,0.0,0.0,0.0,0.0,0.0,0.0
3.297560691833496,7.771561172376096e-16,0.0,0.0,0.0,0.0,0.0,0.0,0.0,0.0,0.0,0.0,0.0
3.302635908126831,7.771561172376096e-16,0.0,0.0,0.0,0.0,0.0,0.0,0.0,0.0,0.0,0.0,0.0
3.319267749786377,7.771561172376096e-16,0.0,0.0,0.0,0.0,0.0,0.0,0.0,0.0,0.0,0.0,0.0
3.3245067596435547,7.771561172376096e-16,0.0,0.0,0.0,0.0,0.0,0.0,0.0,0.0,0.0,0.0,0.0
3.339378833770752,7.771561172376096e-16,0.0,0.0,0.0,0.0,0.0,0.0,0.0,0.0,0.0,0.0,0.0
3.342289924621582,7.771561172376096e-16,0.0,0.0,0.0,0.0,0.0,0.0,0.0,0.0,0.0,0.0,0.0
3.3585329055786133,7.771561172376096e-16,0.0,0.0,0.0,0.0,0.0,0.0,0.0,0.0,0.0,0.0,0.0
3.36150860786438,7.771561172376096e-16,0.0,0.0,0.0,0.0,0.0,0.0,0.0,0.0,0.0,0.0,0.0
3.37750506401062,7.771561172376096e-16,0.0,0.0,0.0,0.0,0.0,0.0,0.0,0.0,0.0,0.0,0.0
3.382545232772827,7.771561172376096e-16,0.0,0.0,0.0,0.0,0.0,0.0,0.0,0.0,0.0,0.0,0.0
3.397705078125,7.771561172376096e-16,0.0,0.0,0.0,0.0,0.0,0.0,0.0,0.0,0.0,0.0,0.0
3.4027254581451416,7.771561172376096e-16,0.0,0.0,0.0,0.0,0.0,0.0,0.0,0.0,0.0,0.0,0.0
3.4175784587860107,7.771561172376096e-16,0.0,0.0,0.0,0.0,0.0,0.0,0.0,0.0,0.0,0.0,0.0
3.4204862117767334,7.771561172376096e-16,0.0,0.0,0.0,0.0,0.0,0.0,0.0,0.0,0.0,0.0,0.0
3.438688039779663,7.771561172376096e-16,0.0,0.0,0.0,0.0,0.0,0.0,0.0,0.0,0.0,0.0,0.0
3.4416255950927734,7.771561172376096e-16,0.0,0.0,0.0,0.0,0.0,0.0,0.0,0.0,0.0,0.0,0.0
3.460725784301758,7.771561172376096e-16,0.0,0.0,0.0,0.0,0.0,0.0,0.0,0.0,0.0,0.0,0.0
3.465912103652954,7.771561172376096e-16,0.0,0.0,0.0,0.0,0.0,0.0,0.0,0.0,0.0,0.0,0.0
3.4855096340179443,7.771561172376096e-16,0.0,0.0,0.0,0.0,0.0,0.0,0.0,0.0,0.0,0.0,0.0
3.489424228668213,7.771561172376096e-16,0.0,0.0,0.0,0.0,0.0,0.0,0.0,0.0,0.0,0.0,0.0
3.5001399517059326,7.771561172376096e-16,0.0,0.0,0.0,0.0,0.0,0.0,0.0,0.0,0.0,0.0,0.0
3.505504608154297,7.771561172376096e-16,0.0,0.0,0.0,0.0,0.0,0.0,0.0,0.0,0.0,0.0,0.0
3.520660161972046,7.771561172376096e-16,0.0,0.0,0.0,0.0,0.0,0.0,0.0,0.0,0.0,0.0,0.0
3.525862693786621,7.771561172376096e-16,0.0,0.0,0.0,0.0,0.0,0.0,0.0,0.0,0.0,0.0,0.0
3.5392954349517822,7.771561172376096e-16,0.0,0.0,0.0,0.0,0.0,0.0,0.0,0.0,0.0,0.0,0.0
3.546041250228882,7.771561172376096e-16,0.0,0.0,0.0,0.0,0.0,0.0,0.0,0.0,0.0,0.0,0.0
3.5605645179748535,7.771561172376096e-16,0.0,0.0,0.0,0.0,0.0,0.0,0.0,0.0,0.0,0.0,0.0
3.5657052993774414,7.771561172376096e-16,0.0,0.0,0.0,0.0,0.0,0.0,0.0,0.0,0.0,0.0,0.0
3.5781211853027344,7.771561172376096e-16,0.0,0.0,0.0,0.0,0.0,0.0,0.0,0.0,0.0,0.0,0.0
3.5830180644989014,7.771561172376096e-16,0.0,0.0,0.0,0.0,0.0,0.0,0.0,0.0,0.0,0.0,0.0
3.6003165245056152,7.771561172376096e-16,0.0,0.0,0.0,0.0,0.0,0.0,0.0,0.0,0.0,0.0,0.0
3.6056015491485596,7.771561172376096e-16,0.0,0.0,0.0,0.0,0.0,0.0,0.0,0.0,0.0,0.0,0.0
3.618098258972168,7.771561172376096e-16,0.0,0.0,0.0,0.0,0.0,0.0,0.0,0.0,0.0,0.0,0.0
3.620913505554199,7.771561172376096e-16,0.0,0.0,0.0,0.0,0.0,0.0,0.0,0.0,0.0,0.0,0.0
3.6426045894622803,7.771561172376096e-16,0.0,0.0,0.0,0.0,0.0,0.0,0.0,0.0,0.0,0.0,0.0
3.647724151611328,7.771561172376096e-16,0.0,0.0,0.0,0.0,0.0,0.0,0.0,0.0,0.0,0.0,0.0
3.658770799636841,7.771561172376096e-16,0.0,0.0,0.0,0.0,0.0,0.0,0.0,0.0,0.0,0.0,0.0
3.6615755558013916,7.771561172376096e-16,0.0,0.0,0.0,0.0,0.0,0.0,0.0,0.0,0.0,0.0,0.0
3.678743839263916,7.771561172376096e-16,0.0,0.0,0.0,0.0,0.0,0.0,0.0,0.0,0.0,0.0,0.0
3.683659076690674,7.771561172376096e-16,0.0,0.0,0.0,0.0,0.0,0.0,0.0,0.0,0.0,0.0,0.0
3.7002317905426025,7.771561172376096e-16,0.0,0.0,0.0,0.0,0.0,0.0,0.0,0.0,0.0,0.0,0.0
3.705714702606201,7.771561172376096e-16,0.0,0.0,0.0,0.0,0.0,0.0,0.0,0.0,0.0,0.0,0.0
3.717965841293335,7.771561172376096e-16,0.0,0.0,0.0,0.0,0.0,0.0,0.0,0.0,0.0,0.0,0.0
3.7207694053649902,7.771561172376096e-16,0.0,0.0,0.0,0.0,0.0,0.0,0.0,0.0,0.0,0.0,0.0
3.739121675491333,7.771561172376096e-16,0.0,0.0,0.0,0.0,0.0,0.0,0.0,0.0,0.0,0.0,0.0
3.7425920963287354,7.771561172376096e-16,0.0,0.0,0.0,0.0,0.0,0.0,0.0,0.0,0.0,0.0,0.0
3.7588393688201904,7.771561172376096e-16,0.0,0.0,0.0,0.0,0.0,0.0,0.0,0.0,0.0,0.0,0.0
3.7616403102874756,7.771561172376096e-16,0.0,0.0,0.0,0.0,0.0,0.0,0.0,0.0,0.0,0.0,0.0
3.77892804145813,7.771561172376096e-16,0.0,0.0,0.0,0.0,0.0,0.0,0.0,0.0,0.0,0.0,0.0
3.783525228500366,7.771561172376096e-16,0.0,0.0,0.0,0.0,0.0,0.0,0.0,0.0,0.0,0.0,0.0
3.800229549407959,7.771561172376096e-16,0.0,0.0,0.0,0.0,0.0,0.0,0.0,0.0,0.0,0.0,0.0
3.8053159713745117,7.771561172376096e-16,0.0,0.0,0.0,0.0,0.0,0.0,0.0,0.0,0.0,0.0,0.0
3.8202335834503174,7.771561172376096e-16,0.0,0.0,0.0,0.0,0.0,0.0,0.0,0.0,0.0,0.0,0.0
3.8252861499786377,7.771561172376096e-16,0.0,0.0,0.0,0.0,0.0,0.0,0.0,0.0,0.0,0.0,0.0
3.840336799621582,7.771561172376096e-16,0.0,0.0,0.0,0.0,0.0,0.0,0.0,0.0,0.0,0.0,0.0
3.8431427478790283,7.771561172376096e-16,0.0,0.0,0.0,0.0,0.0,0.0,0.0,0.0,0.0,0.0,0.0
3.8594141006469727,7.771561172376096e-16,0.0,0.0,0.0,0.0,0.0,0.0,0.0,0.0,0.0,0.0,0.0
3.8622210025787354,7.771561172376096e-16,0.0,0.0,0.0,0.0,0.0,0.0,0.0,0.0,0.0,0.0,0.0
3.880723714828491,7.771561172376096e-16,0.0,0.0,0.0,0.0,0.0,0.0,0.0,0.0,0.0,0.0,0.0
3.885509490966797,7.771561172376096e-16,0.0,0.0,0.0,0.0,0.0,0.0,0.0,0.0,0.0,0.0,0.0
3.900163173675537,7.771561172376096e-16,0.0,0.0,0.0,0.0,0.0,0.0,0.0,0.0,0.0,0.0,0.0
3.904996156692505,7.771561172376096e-16,0.0,0.0,0.0,0.0,0.0,0.0,0.0,0.0,0.0,0.0,0.0
3.9209330081939697,7.771561172376096e-16,0.0,0.0,0.0,0.0,0.0,0.0,0.0,0.0,0.0,0.0,0.0
3.9258790016174316,7.771561172376096e-16,0.0,0.0,0.0,0.0,0.0,0.0,0.0,0.0,0.0,0.0,0.0
3.942155361175537,7.771561172376096e-16,0.0,0.0,0.0,0.0,0.0,0.0,0.0,0.0,0.0,0.0,0.0
3.9471049308776855,7.771561172376096e-16,0.0,0.0,0.0,0.0,0.0,0.0,0.0,0.0,0.0,0.0,0.0
3.961207866668701,7.771561172376096e-16,0.0,0.0,0.0,0.0,0.0,0.0,0.0,0.0,0.0,0.0,0.0
3.9660754203796387,7.771561172376096e-16,0.0,0.0,0.0,0.0,0.0,0.0,0.0,0.0,0.0,0.0,0.0
3.9820621013641357,7.771561172376096e-16,0.0,0.0,0.0,0.0,0.0,0.0,0.0,0.0,0.0,0.0,0.0
3.9873850345611572,7.771561172376096e-16,0.0,0.0,0.0,0.0,0.0,0.0,0.0,0.0,0.0,0.0,0.0
4.003691673278809,7.771561172376096e-16,0.0,0.0,0.0,0.0,0.0,0.0,0.0,0.0,0.0,0.0,0.0
4.008073568344116,7.771561172376096e-16,0.0,0.0,0.0,0.0,0.0,0.0,0.0,0.0,0.0,0.0,0.0
4.022156476974487,7.771561172376096e-16,0.0,0.0,0.0,0.0,0.0,0.0,0.0,0.0,0.0,0.0,0.0
4.025663137435913,7.771561172376096e-16,0.0,0.0,0.0,0.0,0.0,0.0,0.0,0.0,0.0,0.0,0.0
4.045392751693726,7.771561172376096e-16,0.0,0.0,0.0,0.0,0.0,0.0,0.0,0.0,0.0,0.0,0.0
4.0505030155181885,7.771561172376096e-16,0.0,0.0,0.0,0.0,0.0,0.0,0.0,0.0,0.0,0.0,0.0
4.071032524108887,7.771561172376096e-16,0.0,0.0,0.0,0.0,0.0,0.0,0.0,0.0,0.0,0.0,0.0
4.0758984088897705,7.771561172376096e-16,0.0,0.0,0.0,0.0,0.0,0.0,0.0,0.0,0.0,0.0,0.0
4.089292764663696,7.771561172376096e-16,0.0,0.0,0.0,0.0,0.0,0.0,0.0,0.0,0.0,0.0,0.0
4.107203245162964,7.771561172376096e-16,0.0,0.0,0.0,0.0,0.0,0.0,0.0,0.0,0.0,0.0,0.0
4.112560987472534,7.771561172376096e-16,0.0,0.0,0.0,0.0,0.0,0.0,0.0,0.0,0.0,0.0,0.0
4.123998403549194,7.771561172376096e-16,0.0,0.0,0.0,0.0,0.0,0.0,0.0,0.0,0.0,0.0,0.0
4.144177198410034,7.771561172376096e-16,0.0,0.0,0.0,0.0,0.0,0.0,0.0,0.0,0.0,0.0,0.0
4.149359464645386,7.771561172376096e-16,0.0,0.0,0.0,0.0,0.0,0.0,0.0,0.0,0.0,0.0,0.0
4.163843154907227,7.771561172376096e-16,0.0,0.0,0.0,0.0,0.0,0.0,0.0,0.0,0.0,0.0,0.0
4.168989896774292,7.771561172376096e-16,0.0,0.0,0.0,0.0,0.0,0.0,0.0,0.0,0.0,0.0,0.0
4.184267044067383,7.771561172376096e-16,0.0,0.0,0.0,0.0,0.0,0.0,0.0,0.0,0.0,0.0,0.0
4.1895952224731445,7.771561172376096e-16,0.0,0.0,0.0,0.0,0.0,0.0,0.0,0.0,0.0,0.0,0.0
4.203611135482788,7.771561172376096e-16,0.0,0.0,0.0,0.0,0.0,0.0,0.0,0.0,0.0,0.0,0.0
4.208719491958618,7.771561172376096e-16,0.0,0.0,0.0,0.0,0.0,0.0,0.0,0.0,0.0,0.0,0.0
4.221938371658325,7.771561172376096e-16,0.0,0.0,0.0,0.0,0.0,0.0,0.0,0.0,0.0,0.0,0.0
4.224761486053467,7.771561172376096e-16,0.0,0.0,0.0,0.0,0.0,0.0,0.0,0.0,0.0,0.0,0.0
4.243895053863525,7.771561172376096e-16,0.0,0.0,0.0,0.0,0.0,0.0,0.0,0.0,0.0,0.0,0.0
4.246885061264038,7.771561172376096e-16,0.0,0.0,0.0,0.0,0.0,0.0,0.0,0.0,0.0,0.0,0.0
4.261709690093994,7.771561172376096e-16,0.0,0.0,0.0,0.0,0.0,0.0,0.0,0.0,0.0,0.0,0.0
4.264650821685791,7.771561172376096e-16,0.0,0.0,0.0,0.0,0.0,0.0,0.0,0.0,0.0,0.0,0.0
4.2846338748931885,7.771561172376096e-16,0.0,0.0,0.0,0.0,0.0,0.0,0.0,0.0,0.0,0.0,0.0
4.289109468460083,7.771561172376096e-16,0.0,0.0,0.0,0.0,0.0,0.0,0.0,0.0,0.0,0.0,0.0
4.303797245025635,7.771561172376096e-16,0.0,0.0,0.0,0.0,0.0,0.0,0.0,0.0,0.0,0.0,0.0
4.306960344314575,7.771561172376096e-16,0.0,0.0,0.0,0.0,0.0,0.0,0.0,0.0,0.0,0.0,0.0
4.321595668792725,7.771561172376096e-16,0.0,0.0,0.0,0.0,0.0,0.0,0.0,0.0,0.0,0.0,0.0
4.324382305145264,7.771561172376096e-16,0.0,0.0,0.0,0.0,0.0,0.0,0.0,0.0,0.0,0.0,0.0
4.34250283241272,7.771561172376096e-16,0.0,0.0,0.0,0.0,0.0,0.0,0.0,0.0,0.0,0.0,0.0
4.345316410064697,7.771561172376096e-16,0.0,0.0,0.0,0.0,0.0,0.0,0.0,0.0,0.0,0.0,0.0
4.3622331619262695,7.771561172376096e-16,0.0,0.0,0.0,0.0,0.0,0.0,0.0,0.0,0.0,0.0,0.0
4.365132570266724,7.771561172376096e-16,0.0,0.0,0.0,0.0,0.0,0.0,0.0,0.0,0.0,0.0,0.0
4.384852170944214,7.771561172376096e-16,0.0,0.0,0.0,0.0,0.0,0.0,0.0,0.0,0.0,0.0,0.0
4.389508962631226,7.771561172376096e-16,0.0,0.0,0.0,0.0,0.0,0.0,0.0,0.0,0.0,0.0,0.0
4.403152227401733,7.771561172376096e-16,0.0,0.0,0.0,0.0,0.0,0.0,0.0,0.0,0.0,0.0,0.0
4.406031370162964,7.771561172376096e-16,0.0,0.0,0.0,0.0,0.0,0.0,0.0,0.0,0.0,0.0,0.0
4.4218974113464355,7.771561172376096e-16,0.0,0.0,0.0,0.0,0.0,0.0,0.0,0.0,0.0,0.0,0.0
4.4246439933776855,7.771561172376096e-16,0.0,0.0,0.0,0.0,0.0,0.0,0.0,0.0,0.0,0.0,0.0
4.444390535354614,7.771561172376096e-16,0.0,0.0,0.0,0.0,0.0,0.0,0.0,0.0,0.0,0.0,0.0
4.449663162231445,7.771561172376096e-16,0.0,0.0,0.0,0.0,0.0,0.0,0.0,0.0,0.0,0.0,0.0
4.462888479232788,7.771561172376096e-16,0.0,0.0,0.0,0.0,0.0,0.0,0.0,0.0,0.0,0.0,0.0
4.46579384803772,7.771561172376096e-16,0.0,0.0,0.0,0.0,0.0,0.0,0.0,0.0,0.0,0.0,0.0
4.484710693359375,7.771561172376096e-16,0.0,0.0,0.0,0.0,0.0,0.0,0.0,0.0,0.0,0.0,0.0
4.4889161586761475,7.771561172376096e-16,0.0,0.0,0.0,0.0,0.0,0.0,0.0,0.0,0.0,0.0,0.0
4.5036749839782715,7.771561172376096e-16,0.0,0.0,0.0,0.0,0.0,0.0,0.0,0.0,0.0,0.0,0.0
4.506498575210571,7.771561172376096e-16,0.0,0.0,0.0,0.0,0.0,0.0,0.0,0.0,0.0,0.0,0.0
4.522073984146118,7.771561172376096e-16,0.0,0.0,0.0,0.0,0.0,0.0,0.0,0.0,0.0,0.0,0.0
4.524797439575195,7.771561172376096e-16,0.0,0.0,0.0,0.0,0.0,0.0,0.0,0.0,0.0,0.0,0.0
4.542240142822266,7.771561172376096e-16,0.0,0.0,0.0,0.0,0.0,0.0,0.0,0.0,0.0,0.0,0.0
4.546426057815552,7.771561172376096e-16,0.0,0.0,0.0,0.0,0.0,0.0,0.0,0.0,0.0,0.0,0.0
4.562270641326904,7.771561172376096e-16,0.0,0.0,0.0,0.0,0.0,0.0,0.0,0.0,0.0,0.0,0.0
4.565090656280518,7.771561172376096e-16,0.0,0.0,0.0,0.0,0.0,0.0,0.0,0.0,0.0,0.0,0.0
4.585815668106079,7.771561172376096e-16,0.0,0.0,0.0,0.0,0.0,0.0,0.0,0.0,0.0,0.0,0.0
4.590269565582275,7.771561172376096e-16,0.0,0.0,0.0,0.0,0.0,0.0,0.0,0.0,0.0,0.0,0.0
4.604318618774414,7.771561172376096e-16,0.0,0.0,0.0,0.0,0.0,0.0,0.0,0.0,0.0,0.0,0.0
4.607161521911621,7.771561172376096e-16,0.0,0.0,0.0,0.0,0.0,0.0,0.0,0.0,0.0,0.0,0.0
4.624523639678955,7.771561172376096e-16,0.0,0.0,0.0,0.0,0.0,0.0,0.0,0.0,0.0,0.0,0.0
4.629666090011597,7.771561172376096e-16,0.0,0.0,0.0,0.0,0.0,0.0,0.0,0.0,0.0,0.0,0.0
4.642906427383423,7.771561172376096e-16,0.0,0.0,0.0,0.0,0.0,0.0,0.0,0.0,0.0,0.0,0.0
4.648070335388184,7.771561172376096e-16,0.0,0.0,0.0,0.0,0.0,0.0,0.0,0.0,0.0,0.0,0.0
4.663082838058472,7.771561172376096e-16,0.0,0.0,0.0,0.0,0.0,0.0,0.0,0.0,0.0,0.0,0.0
4.665916442871094,7.771561172376096e-16,0.0,0.0,0.0,0.0,0.0,0.0,0.0,0.0,0.0,0.0,0.0
4.686675786972046,7.771561172376096e-16,0.0,0.0,0.0,0.0,0.0,0.0,0.0,0.0,0.0,0.0,0.0
4.691411972045898,7.771561172376096e-16,0.0,0.0,0.0,0.0,0.0,0.0,0.0,0.0,0.0,0.0,0.0
4.704505205154419,7.771561172376096e-16,0.0,0.0,0.0,0.0,0.0,0.0,0.0,0.0,0.0,0.0,0.0
4.707300901412964,7.771561172376096e-16,0.0,0.0,0.0,0.0,0.0,0.0,0.0,0.0,0.0,0.0,0.0
4.724512338638306,7.771561172376096e-16,0.0,0.0,0.0,0.0,0.0,0.0,0.0,0.0,0.0,0.0,0.0
4.728837490081787,7.771561172376096e-16,0.0,0.0,0.0,0.0,0.0,0.0,0.0,0.0,0.0,0.0,0.0
4.744830369949341,7.771561172376096e-16,0.0,0.0,0.0,0.0,0.0,0.0,0.0,0.0,0.0,0.0,0.0
4.751238107681274,7.771561172376096e-16,0.0,0.0,0.0,0.0,0.0,0.0,0.0,0.0,0.0,0.0,0.0
4.763094186782837,7.771561172376096e-16,0.0,0.0,0.0,0.0,0.0,0.0,0.0,0.0,0.0,0.0,0.0
4.765878677368164,7.771561172376096e-16,0.0,0.0,0.0,0.0,0.0,0.0,0.0,0.0,0.0,0.0,0.0
4.7859766483306885,7.771561172376096e-16,0.0,0.0,0.0,0.0,0.0,0.0,0.0,0.0,0.0,0.0,0.0
4.7894368171691895,7.771561172376096e-16,0.0,0.0,0.0,0.0,0.0,0.0,0.0,0.0,0.0,0.0,0.0
4.8056957721710205,7.771561172376096e-16,0.0,0.0,0.0,0.0,0.0,0.0,0.0,0.0,0.0,0.0,0.0
4.808617353439331,7.771561172376096e-16,0.0,0.0,0.0,0.0,0.0,0.0,0.0,0.0,0.0,0.0,0.0
4.825291633605957,7.771561172376096e-16,0.0,0.0,0.0,0.0,0.0,0.0,0.0,0.0,0.0,0.0,0.0
4.830503463745117,7.771561172376096e-16,0.0,0.0,0.0,0.0,0.0,0.0,0.0,0.0,0.0,0.0,0.0
4.843555212020874,7.771561172376096e-16,0.0,0.0,0.0,0.0,0.0,0.0,0.0,0.0,0.0,0.0,0.0
4.847638368606567,7.771561172376096e-16,0.0,0.0,0.0,0.0,0.0,0.0,0.0,0.0,0.0,0.0,0.0
4.8634443283081055,7.771561172376096e-16,0.0,0.0,0.0,0.0,0.0,0.0,0.0,0.0,0.0,0.0,0.0
4.866368055343628,7.771561172376096e-16,0.0,0.0,0.0,0.0,0.0,0.0,0.0,0.0,0.0,0.0,0.0
4.887686491012573,7.771561172376096e-16,0.0,0.0,0.0,0.0,0.0,0.0,0.0,0.0,0.0,0.0,0.0
4.892066478729248,7.771561172376096e-16,0.0,0.0,0.0,0.0,0.0,0.0,0.0,0.0,0.0,0.0,0.0
4.904554128646851,7.771561172376096e-16,0.0,0.0,0.0,0.0,0.0,0.0,0.0,0.0,0.0,0.0,0.0
4.907403230667114,7.771561172376096e-16,0.0,0.0,0.0,0.0,0.0,0.0,0.0,0.0,0.0,0.0,0.0
4.922861099243164,7.771561172376096e-16,0.0,0.0,0.0,0.0,0.0,0.0,0.0,0.0,0.0,0.0,0.0
4.925564289093018,7.771561172376096e-16,0.0,0.0,0.0,0.0,0.0,0.0,0.0,0.0,0.0,0.0,0.0
4.943079948425293,7.771561172376096e-16,0.0,0.0,0.0,0.0,0.0,0.0,0.0,0.0,0.0,0.0,0.0
4.945880174636841,7.771561172376096e-16,0.0,0.0,0.0,0.0,0.0,0.0,0.0,0.0,0.0,0.0,0.0
4.965240001678467,7.771561172376096e-16,0.0,0.0,0.0,0.0,0.0,0.0,0.0,0.0,0.0,0.0,0.0
4.969707727432251,7.771561172376096e-16,0.0,0.0,0.0,0.0,0.0,0.0,0.0,0.0,0.0,0.0,0.0
4.988931179046631,7.771561172376096e-16,0.0,0.0,0.0,0.0,0.0,0.0,0.0,0.0,0.0,0.0,0.0
4.994025230407715,7.771561172376096e-16,0.0,0.0,0.0,0.0,0.0,0.0,0.0,0.0,0.0,0.0,0.0
5.914379358291626,1.1102230246251565e-15,-1.8292807132677279e-25,-3.469515054130928e-30,3.61889947897923e-18,-1.9875835375168373e-27,-3.769760952970525e-32,-7.289548177923975e-19,-7.289479989356946e-19,3.2881454409073357e-09,-7.920373209695042e-21,-7.920299120206048e-21,3.572695923543558e-11
5.919821500778198,1.1102230246251565e-15,-1.8292807132677279e-25,-3.469515054130928e-30,3.5827104841894376e-18,-1.967707702141669e-27,-3.7320633434408195e-32,-7.289548177923975e-19,-7.289479989356946e-19,3.2881454409073357e-09,-7.841169477598092e-21,-7.841096129003987e-21,3.5369689643081225e-11
5.939437389373779,0.0013862553275172998,0.0005588228732994446,-1.9891710501212335e-06,0.0007067002449374043,0.0002848827727464423,-1.014061147639792e-06,1.7937709823518951e-07,1.0893194354143018e-06,-0.0009222800468860402,9.144479861917251e-08,5.553250519889324e-07,-0.0004701715458112186
5.944464206695557,0.0013862553275172998,0.0005588228732994446,-1.9891710501212335e-06,0.0006996332424880303,0.00028203394501897784,-1.0039205361633941e-06,1.7937709823518951e-07,1.0893194354143018e-06,-0.0009222800468860402,9.053035063298079e-08,5.49771801469043e-07,-0.0004654698303531064
5.960140705108643,0.0016782386215156036,0.0006907941268887103,-6.80049616628217e-06,0.0008788915667385295,0.0003633996843230463,-4.056704245232523e-06,6.335826180052364e-07,3.525310086098972e-06,-0.0021890047948488417,3.793616374042983e-07,2.0981865621818917e-06,-0.0012688557509325554
5.964946508407593,0.0016782386215156036,0.0006907941268887103,-6.80049616628217e-06,0.0008701026510711442,0.0003597656874798158,-4.016137202780197e-06,6.335826180052364e-07,3.525310086098972e-06,-0.0021890047948488417,3.755680210302553e-07,2.077204696560073e-06,-0.0012561671934232298
5.982256650924683,0.00181213380006935,0.0007883845864723972,-1.423133172355287e-05,0.0009387510470002235,0.0004125489753832887,-8.248146674838466e-06,1.5715926556544668e-06,8.297080196290938e-06,-0.0043974398100113995,9.136969825686605e-07,4.813065129934206e-06,-0.0025194095843280116
5.991937875747681,0.00181213380006935,0.0007883845864723972,-1.423133172355287e-05,0.0009293635365302213,0.00040842348562945585,-8.165665208090082e-06,1.5715926556544668e-06,8.297080196290938e-06,-0.0043974398100113995,9.045600127429739e-07,4.764934478634864e-06,-0.0024942154884847315
6.0042500495910645,0.0016004146673550801,0.0003980932888780019,-4.670895791890912e-05,0.0007480980234711934,8.736824685333188e-05,-3.468189276458053e-05,2.7066335691960307e-06,1.471311238313185e-05,-0.007804466137112713,1.8173994736776914e-06,9.928413784609652e-06,-0.00523647461782489
6.011957168579102,0.0016004146673550801,0.0003980932888780019,-4.670895791890912e-05,0.0007406170432364815,8.649456438479856e-05,-3.4335073836934724e-05,2.7066335691960307e-06,1.471311238313185e-05,-0.007804466137112713,1.7992254789409144e-06,9.829129646763555e-06,-0.005184109871646641
6.039566993713379,0.0012394063470272563,-3.5331328102508274e-05,-9.183397379819368e-05,0.0006024503777432497,-7.133622358652623e-05,-5.043513244264591e-05,8.86254621061702e-06,2.825713979299061e-05,-0.01874915803495731,4.010842651767358e-06,1.4636348379421015e-05,-0.009096325714477719
6.0449559688568115,0.0012394063470272563,-3.5331328102508274e-05,-9.183397379819368e-05,0.0005964258739658172,-7.062286135066097e-05,-4.993078111821945e-05,8.86254621061702e-06,2.825713979299061e-05,-0.01874915803495731,3.970734225249685e-06,1.4489984895626804e-05,-0.009005362457332942
6.063829183578491,0.0010754029889139013,-0.0001723941876252725,-0.00010147792829239483,0.0005035609572291869,-0.00014253241151767417,-5.4587873605600706e-05,1.3881743725809213e-05,3.455953103890032e-05,-0.02631080979866877,6.5904559146748885e-06,1.7684416124523503e-05,-0.012921860909457697
6.069721221923828,0.0010754029889139013,-0.0001723941876252725,-0.00010147792829239483,0.000498525347656895,-0.00014110708740249742,-5.4041994869544697e-05,1.3881743725809213e-05,3.455953103890032e-05,-0.02631080979866877,6.5245513555281394e-06,1.7507571963278267e-05,-0.01279264230036312
6.09449028968811,0.0009276418496805152,-0.0002685818054966859,-0.00010044490794646334,0.0004338825789392622,-0.00017852697105256754,-5.311053658772866e-05,2.0104981664197964e-05,4.0616194899509745e-05,-0.03516882094418619,8.971809743053404e-06,1.97777492980795e-05,-0.016240955092260805
6.099836349487305,0.0009276418496805152,-0.0002685818054966859,-0.00010044490794646334,0.00042954375314986957,-0.00017674170134204188,-5.257943122185137e-05,2.0104981664197964e-05,4.0616194899509745e-05,-0.03516882094418619,8.882091645622871e-06,1.9579971805098704e-05,-0.016078545541338196
6.113346099853516,0.0013746192558627226,-0.0006920043470340528,0.0005682164952709491,0.0007560215581880597,-0.0004886403949504372,0.0004427925833967521,2.4676899548327613e-05,4.927308622955271e-05,-0.04501945519474936,1.2177432360727514e-05,2.5792056093324104e-05,-0.023209259916447567
6.121057748794556,0.0013746192558627226,-0.0006920043470340528,0.0005682164952709491,0.0007484613426061792,-0.0004837539910009328,0.00043836465756278456,2.4676899548327613e-05,4.927308622955271e-05,-0.04501945519474936,1.2055658037120239e-05,2.5534135532390862e-05,-0.022977167317283092
6.126153469085693,0.0016397404339132536,-0.0009578256253348959,0.0011398902121314946,0.0012610190392821803,-0.0010011956301781398,0.0015556723951897144,2.4132764810216235e-05,6.661841938012178e-05,-0.055520577443794225,1.0867274521550653e-05,5.931781547251657e-05,-0.043355124579523105
6.131137371063232,0.0016397404339132536,-0.0009578256253348959,0.0011398902121314946,0.0012484088488893584,-0.0009911836738763584,0.0015401156712378172,2.4132764810216235e-05,6.661841938012178e-05,-0.055520577443794225,1.0758601776335146e-05,5.8724637317791405e-05,-0.042921573333727876
6.143541574478149,0.0018491165749357653,-0.0011262717657239975,0.0016508043318733446,0.0014045995299923038,-0.0011173109942789637,0.001936571725980589,2.1864392653902146e-05,8.523412811580136e-05,-0.06670794010359829,8.82230328068208e-06,7.314497193388749e-05,-0.0515113669519709
6.148952007293701,0.0018491165749357653,-0.0011262717657239975,0.0016508043318733446,0.0013905535346923808,-0.001106137884336174,0.001917206008720783,2.1864392653902146e-05,8.523412811580136e-05,-0.06670794010359829,8.73408024787526e-06,7.241352221454861e-05,-0.05099625328245119
6.16698431968689,0.0020490938894948845,-0.0012133373128411335,0.0020727162188508425,0.0014874555917440196,-0.0011434844352093386,0.0021320271183185363,2.0162703329359818e-05,0.0001088968595945363,-0.07848564898362638,7.703050534380788e-06,8.481179246252647e-05,-0.057017737534275886
6.171040058135986,0.0020490938894948845,-0.0012133373128411335,0.0020727162188508425,0.0014725810358265795,-0.0011320495908572453,0.002110706847135351,2.0162703329359818e-05,0.0001088968595945363,-0.07848564898362638,7.626020029036981e-06,8.39636745379012e-05,-0.056447560158933124
6.2010817527771,0.002270848201646912,-0.0012345762775351485,0.002385959977252141,0.0015316148161499655,-0.001127829322474199,0.0021939069420782815,2.0133163156667168e-05,0.00013297906690199444,-0.0907456971386886,7.539926770709924e-06,9.114029905712498e-05,-0.05996409539961627
6.207557201385498,0.002270848201646912,-0.0012345762775351485,0.002385959977252141,0.0015162986679884659,-0.001116551029249457,0.0021719678726574987,2.0133163156667168e-05,0.00013297906690199444,-0.0907456971386886,7.464527503002825e-06,9.022889606655373e-05,-0.05936445444562011
6.216845273971558,0.0023706385621468282,-0.0012045005234217752,0.0025364491973553934,0.0016084362954275088,-0.0010730604558282335,0.0023123753460503192,2.0580493517053934e-05,0.00015773736803139366,-0.1033622409008793,7.8715002991517e-06,0.00011598262308767418,-0.07235440719251886
6.221555709838867,0.0023706385621468282,-0.0012045005234217752,0.0025364491973553934,0.0015923519324732337,-0.0010623298512699511,0.002289251592589816,2.0580493517053934e-05,0.00015773736803139366,-0.1033622409008793,7.792785296160183e-06,0.00011482279685679743,-0.07163086312059366
6.2325334548950195,0.002641357402410032,-0.001136381843193904,0.002620263547950661,0.0018229104249247558,-0.0009894329766772212,0.0023429306158675115,1.4283467101479785e-05,0.00018300141796390203,-0.11615914589455989,1.9786826792883382e-06,0.00013668844815330626,-0.08257168892658139
6.23752498626709,0.002641357402410032,-0.001136381843193904,0.002620263547950661,0.0018046813206755083,-0.000979538646910449,0.0023195013097088366,1.4283467101479785e-05,0.00018300141796390203,-0.11615914589455989,1.9588958524954548e-06,0.0001353215636717732,-0.08174597203731557
6.253527402877808,0.002641357402410032,-0.001136381843193904,0.002620263547950661,0.0017866345074687533,-0.0009697432604413446,0.0022963062966117483,1.4283467101479785e-05,0.00018300141796390203,-0.11615914589455989,1.9393068939705e-06,0.00013396834803505546,-0.08092851231694241
6.257163047790527,0.002641357402410032,-0.001136381843193904,0.002620263547950661,0.0017687681623940656,-0.0009600458278369311,0.0022733432336456308,1.4283467101479785e-05,0.00018300141796390203,-0.11615914589455989,1.919913825030795e-06,0.00013262866455470492,-0.08011922719377298
6.273785829544067,0.002641357402410032,-0.001136381843193904,0.002620263547950661,0.001751080480770125,-0.0009504453695585618,0.0022506098013091746,1.4283467101479785e-05,0.00018300141796390203,-0.11615914589455989,1.9007146867804868e-06,0.00013130237790915788,-0.07931803492183526
6.286428928375244,0.002641357402410032,-0.001136381843193904,0.002620263547950661,0.0017335696759624237,-0.0009409409158629762,0.0022281037032960828,1.4283467101479785e-05,0.00018300141796390203,-0.11615914589455989,1.8817075399126819e-06,0.0001299893541300663,-0.0785248545726169
6.298995018005371,0.002641357402410032,-0.001136381843193904,0.002620263547950661,0.0017162339792027995,-0.0009315315067043464,0.002205822666263122,1.4283467101479785e-05,0.00018300141796390203,-0.11615914589455989,1.862890464513555e-06,0.00012868946058876561,-0.07773960602689073
6.304415702819824,0.002641357402410032,-0.001136381843193904,0.002620263547950661,0.0016990716394107714,-0.0009222161916373029,0.002183764439600491,1.4283467101479785e-05,0.00018300141796390203,-0.11615914589455989,1.8442615598684193e-06,0.00012740256598287795,-0.07696220996662181
6.317080020904541,0.002641357402410032,-0.001136381843193904,0.002620263547950661,0.0016820809230166636,-0.0009129940297209299,0.002161926795204486,1.4283467101479785e-05,0.00018300141796390203,-0.11615914589455989,1.8258189442697352e-06,0.00012612854032304917,-0.0761925878669556
6.322015285491943,0.002641357402410032,-0.001136381843193904,0.002620263547950661,0.001665260113786497,-0.0009038640894237206,0.002140307527252441,1.4283467101479785e-05,0.00018300141796390203,-0.11615914589455989,1.8075607548270379e-06,0.00012486725491981868,-0.07543066198828605
6.33609414100647,0.002641357402410032,-0.001136381843193904,0.002620263547950661,0.001648607512648632,-0.0008948254485294833,0.0021189044519799166,1.4283467101479785e-05,0.00018300141796390203,-0.11615914589455989,1.7894851472787674e-06,0.00012361858237062049,-0.07467635536840318
6.3403260707855225,0.002641357402410032,-0.001136381843193904,0.002620263547950661,0.0016321214375221455,-0.0008858771940441885,0.0020977154074601173,1.4283467101479785e-05,0.00018300141796390203,-0.11615914589455989,1.7715902958059798e-06,0.0001223823965469143,-0.07392959181471916
6.357629299163818,0.002641357402410032,-0.001136381843193904,0.002620263547950661,0.001615800223146924,-0.0008770184221037466,0.002076738253385516,1.4283467101479785e-05,0.00018300141796390203,-0.11615914589455989,1.75387439284792e-06,0.00012115857258144514,-0.07319029589657196
6.361680030822754,0.002641357402410032,-0.001136381843193904,0.002620263547950661,0.0015996422209154548,-0.0008682482378827091,0.0020559708708516606,1.4283467101479785e-05,0.00018300141796390203,-0.11615914589455989,1.7363356489194406e-06,0.0001199469868556307,-0.07245839293760624
6.381495475769043,0.002641357402410032,-0.001136381843193904,0.002620263547950661,0.0015836457987063004,-0.0008595657555038821,0.002035411162143144,1.4283467101479785e-05,0.00018300141796390203,-0.11615914589455989,1.7189722924302462e-06,0.00011874751698707439,-0.07173380900823018
6.390283107757568,0.002641357402410032,-0.001136381843193904,0.002620263547950661,0.0015678093407192374,-0.0008509700979488432,0.0020150570505217125,1.4283467101479785e-05,0.00018300141796390203,-0.11615914589455989,1.7017825695059437e-06,0.00011756004181720364,-0.07101647091814788
6.3965089321136475,0.002641357402410032,-0.001136381843193904,0.002620263547950661,0.001552131247312045,-0.0008424603969693548,0.001994906480016495,1.4283467101479785e-05,0.00018300141796390203,-0.11615914589455989,1.6847647438108842e-06,0.0001163844413990316,-0.0703063062089664
6.399777412414551,0.002641357402410032,-0.001136381843193904,0.002620263547950661,0.0015366099348389246,-0.0008340357929996613,0.0019749574152163303,1.4283467101479785e-05,0.00018300141796390203,-0.11615914589455989,1.6679170963727753e-06,0.00011522059698504129,-0.06960324314687673
6.415286064147949,0.002641357402410032,-0.001136381843193904,0.002620263547950661,0.0015212438354905353,-0.0008256954350696646,0.001955207841064167,1.4283467101479785e-05,0.00018300141796390203,-0.11615914589455989,1.6512379254090475e-06,0.00011406839101519087,-0.06890721071540797
6.418350696563721,0.002641357402410032,-0.001136381843193904,0.002620263547950661,0.0015060313971356298,-0.000817438480718968,0.0019356557626535255,1.4283467101479785e-05,0.00018300141796390203,-0.11615914589455989,1.634725546154957e-06,0.00011292770710503896,-0.06821813860825389
6.456122875213623,0.002641357402410032,-0.001136381843193904,0.002620263547950661,0.0014909710831642734,-0.0008092640959117783,0.0019162992050269902,1.4283467101479785e-05,0.00018300141796390203,-0.11615914589455989,1.6183782906934073e-06,0.00011179843003398858,-0.06753595722217134
6.461554765701294,0.002641357402410032,-0.001136381843193904,0.002620263547950661,0.0014760613723326307,-0.0008011714549526604,0.0018971362129767202,1.4283467101479785e-05,0.00018300141796390203,-0.11615914589455989,1.6021945077864732e-06,0.00011068044573364868,-0.06686059764994963
6.465338468551636,0.002641357402410032,-0.001136381843193904,0.002620263547950661,0.0014613007586093045,-0.0007931597404031339,0.001878164850846953,1.4283467101479785e-05,0.00018300141796390203,-0.11615914589455989,1.5861725627086084e-06,0.00010957364127631219,-0.06619199167345013
6.468456745147705,0.002641357402410032,-0.001136381843193904,0.002620263547950661,0.0014466877510232114,-0.0007852281429991025,0.0018593832023384835,1.4283467101479785e-05,0.00018300141796390203,-0.11615914589455989,1.5703108370815223e-06,0.00010847790486354906,-0.06553007175671563
6.477027177810669,0.002641357402410032,-0.001136381843193904,0.002620263547950661,0.0014322208735129793,-0.0007773758615691115,0.0018407893703150987,1.4283467101479785e-05,0.00018300141796390203,-0.11615914589455989,1.554607728710707e-06,0.00010739312581491357,-0.06487477103914847
6.481934309005737,0.002641357402410032,-0.001136381843193904,0.002620263547950661,0.0014178986647778494,-0.0007696021029534204,0.0018223814766119477,1.4283467101479785e-05,0.00018300141796390203,-0.11615914589455989,1.5390616514235998e-06,0.00010631919455676444,-0.06422602332875699
6.500373601913452,0.002641357402410032,-0.001136381843193904,0.002620263547950661,0.0014037196781300709,-0.0007619060819238862,0.0018041576618458282,1.4283467101479785e-05,0.00018300141796390203,-0.11615914589455989,1.5236710349093639e-06,0.00010525600261119679,-0.06358376309546941
6.508089780807495,0.002641357402410032,-0.001136381843193904,0.002620263547950661,0.0013896824813487702,-0.0007542870211046473,0.0017861160852273698,1.4283467101479785e-05,0.00018300141796390203,-0.11615914589455989,1.5084343245602702e-06,0.00010420344258508482,-0.06294792546451472
6.516880512237549,0.002641357402410032,-0.001136381843193904,0.002620263547950661,0.0013757856565352825,-0.0007467441508936008,0.0017682549243750961,1.4283467101479785e-05,0.00018300141796390203,-0.11615914589455989,1.4933499813146676e-06,0.00010316140815923397,-0.06231844620986957
6.521221160888672,0.002641357402410032,-0.001136381843193904,0.002620263547950661,0.0013620277999699297,-0.0007392767093846648,0.0017505723751313452,1.4283467101479785e-05,0.00018300141796390203,-0.11615914589455989,1.4784164815015209e-06,0.00010212979407764164,-0.061695261747770874
6.535583019256592,0.002641357402410032,-0.001136381843193904,0.002620263547950661,0.0013484075219702305,-0.0007318839422908182,0.0017330666513800316,1.4283467101479785e-05,0.00018300141796390203,-0.11615914589455989,1.4636323166865056e-06,0.00010110849613686522,-0.06107830913029316
6.54005765914917,0.002641357402410032,-0.001136381843193904,0.002620263547950661,0.0013349234467505283,-0.00072456510286791,0.0017157359848662312,1.4283467101479785e-05,0.00018300141796390203,-0.11615914589455989,1.4489959935196405e-06,0.00010009741117549656,-0.06046752603899023
6.556873798370361,0.002641357402410032,-0.001136381843193904,0.002620263547950661,0.001321574212283023,-0.0007173194518392309,0.0016985786250175688,1.4283467101479785e-05,0.00018300141796390203,-0.11615914589455989,1.434506033584444e-06,9.90964370637416e-05,-0.059862850778600325
6.562419891357422,0.002641357402410032,-0.001136381843193904,0.002620263547950661,0.0013083584701601928,-0.0007101462573208385,0.0016815928387673932,1.4283467101479785e-05,0.00018300141796390203,-0.11615914589455989,1.4201609732485995e-06,9.810547269310419e-05,-0.05926422227081432
6.577408790588379,0.002641357402410032,-0.001136381843193904,0.002620263547950661,0.001295274885458591,-0.0007030447947476301,0.0016647769103797193,1.4283467101479785e-05,0.00018300141796390203,-0.11615914589455989,1.4059593635161135e-06,9.712441796617315e-05,-0.05867158004810618
6.582667112350464,0.002641357402410032,-0.001136381843193904,0.002620263547950661,0.001282322136604005,-0.0006960143468001538,0.001648129141275922,1.4283467101479785e-05,0.00018300141796390203,-0.11615914589455989,1.3918997698809525e-06,9.615317378651141e-05,-0.058084864247625115
6.596020698547363,0.002641357402410032,-0.001136381843193904,0.002620263547950661,0.001269498915237965,-0.0006890542033321523,0.0016316478498631629,1.4283467101479785e-05,0.00018300141796390203,-0.11615914589455989,1.377980772182143e-06,9.51916420486463e-05,-0.05750401560514886
6.60060453414917,0.002641357402410032,-0.001136381843193904,0.002620263547950661,0.0012568039260855853,-0.0006821636612988308,0.0016153313713645312,1.4283467101479785e-05,0.00018300141796390203,-0.11615914589455989,1.3642009644603214e-06,9.423972562815983e-05,-0.05692897544909737
6.614027976989746,0.002641357402410032,-0.001136381843193904,0.002620263547950661,0.0012442358868247295,-0.0006753420246858425,0.0015991780576508857,1.4283467101479785e-05,0.00018300141796390203,-0.11615914589455989,1.3505589548157181e-06,9.329732837187823e-05,-0.05635968569460639
6.618678569793701,0.002641357402410032,-0.001136381843193904,0.002620263547950661,0.0012317935279564823,-0.000668588604438984,0.0015831862770743768,1.4283467101479785e-05,0.00018300141796390203,-0.11615914589455989,1.337053365267561e-06,9.236435508815945e-05,-0.05579608883766033
6.6354169845581055,0.002641357402410032,-0.001136381843193904,0.002620263547950661,0.0012194755926769173,-0.0006619027183945942,0.001567354414303633,1.4283467101479785e-05,0.00018300141796390203,-0.11615914589455989,1.3236828316148854e-06,9.144071153727786e-05,-0.055238127949283726
6.642544507980347,0.002641357402410032,-0.001136381843193904,0.002620263547950661,0.0012072808367501481,-0.0006552836912106482,0.0015516808701605967,1.4283467101479785e-05,0.00018300141796390203,-0.11615914589455989,1.3104460032987365e-06,9.052630442190508e-05,-0.05468574666979089
6.6576292514801025,0.002641357402410032,-0.001136381843193904,0.002620263547950661,0.0011952080283826466,-0.0006487308542985417,0.0015361640614589907,1.4283467101479785e-05,0.00018300141796390203,-0.11615914589455989,1.2973415432657493e-06,8.962104137768603e-05,-0.05413888920309298
6.66117525100708,0.002641357402410032,-0.001136381843193904,0.002620263547950661,0.0011832559480988202,-0.0006422435457555562,0.0015208024208444007,1.4283467101479785e-05,0.00018300141796390203,-0.11615914589455989,1.2843681278330917e-06,8.872483096390917e-05,-0.05359750031106205
6.675923824310303,0.002641357402410032,-0.001136381843193904,0.002620263547950661,0.001171423388617832,-0.0006358211102980006,0.0015055943966359566,1.4283467101479785e-05,0.00018300141796390203,-0.11615914589455989,1.2715244465547608e-06,8.783758265427008e-05,-0.053061525307951427
6.684844493865967,0.002641357402410032,-0.001136381843193904,0.002620263547950661,0.0011597091547316536,-0.0006294628991950206,0.001490538452669597,1.4283467101479785e-05,0.00018300141796390203,-0.11615914589455989,1.2588092020892132e-06,8.695920682772738e-05,-0.05253091005487191
6.6967949867248535,0.002641357402410032,-0.001136381843193904,0.002620263547950661,0.001148112063184337,-0.0006231682702030704,0.001475633068142901,1.4283467101479785e-05,0.00018300141796390203,-0.11615914589455989,1.246221110068321e-06,8.60896147594501e-05,-0.052005600954323196
6.701217412948608,0.002641357402410032,-0.001136381843193904,0.002620263547950661,0.0011366309425524938,-0.0006169365875010397,0.001460876737461472,1.4283467101479785e-05,0.00018300141796390203,-0.11615914589455989,1.2337588989676379e-06,8.52287186118556e-05,-0.051485544944779964
6.716277360916138,0.002641357402410032,-0.001136381843193904,0.002620263547950661,0.0011252646331269688,-0.0006107672216260293,0.0014462679700868572,1.4283467101479785e-05,0.00018300141796390203,-0.11615914589455989,1.2214213099779616e-06,8.437643142573705e-05,-0.050970689495332164
6.720674514770508,0.002641357402410032,-0.001136381843193904,0.002620263547950661,0.001114011986795699,-0.000604659549409769,0.0014318052903859887,1.4283467101479785e-05,0.00018300141796390203,-0.11615914589455989,1.2092070968781819e-06,8.353266711147968e-05,-0.05046098260037884
6.738075494766235,0.002641357402410032,-0.001136381843193904,0.002620263547950661,0.0011028718669277421,-0.0005986129539156713,0.0014174872374821288,1.4283467101479785e-05,0.00018300141796390203,-0.11615914589455989,1.1971150259094001e-06,8.269734044036488e-05,-0.04995637277437505
6.742310047149658,0.002641357402410032,-0.001136381843193904,0.002620263547950661,0.0010918431482584646,-0.0005926268243765146,0.0014033123651073075,1.4283467101479785e-05,0.00018300141796390203,-0.11615914589455989,1.185143875650306e-06,8.187036703596122e-05,-0.0494568090466313
6.757315635681152,0.002641357402410032,-0.001136381843193904,0.002620263547950661,0.00108092471677588,-0.0005867005561327494,0.0013892792414562346,1.4283467101479785e-05,0.00018300141796390203,-0.11615914589455989,1.173292436893803e-06,8.10516633656016e-05,-0.048962240956164985
6.766762971878052,0.002641357402410032,-0.001136381843193904,0.002620263547950661,0.0010701154696081212,-0.0005808335505714219,0.0013753864490416723,1.4283467101479785e-05,0.00018300141796390203,-0.11615914589455989,1.1615595125248651e-06,8.024114673194558e-05,-0.048472618546603334
6.775949001312256,0.002641357402410032,-0.001136381843193904,0.002620263547950661,0.00105941431491204,-0.0005750252150657077,0.0013616325845512555,1.4283467101479785e-05,0.00018300141796390203,-0.11615914589455989,1.1499439173996165e-06,7.943873526462613e-05,-0.0479878923611373
6.7808027267456055,0.002641357402410032,-0.001136381843193904,0.002620263547950661,0.0010488201717629196,-0.0005692749629150506,0.0013480162587057429,1.4283467101479785e-05,0.00018300141796390203,-0.11615914589455989,1.1384444782256203e-06,7.864434791197987e-05,-0.04750801343752593
6.798609018325806,0.002641357402410032,-0.001136381843193904,0.002620263547950661,0.0010383319700452904,-0.0005635822132859001,0.0013345360961186854,1.4283467101479785e-05,0.00018300141796390203,-0.11615914589455989,1.127060033443364e-06,7.785790443286006e-05,-0.04703293330315067
6.803416013717651,0.002641357402410032,-0.001136381843193904,0.002620263547950661,0.0010279486503448375,-0.0005579463911530411,0.0013211907351574985,1.4283467101479785e-05,0.00018300141796390203,-0.11615914589455989,1.1157894331089304e-06,7.707932538853147e-05,-0.04656260397011916
6.816149950027466,0.002641357402410032,-0.001136381843193904,0.002620263547950661,0.0010176691638413891,-0.0005523669272415107,0.0013079788278059236,1.4283467101479785e-05,0.00018300141796390203,-0.11615914589455989,1.1046315387778412e-06,7.630853213464615e-05,-0.04609697793041797
6.819409370422363,0.002641357402410032,-0.001136381843193904,0.002620263547950661,0.0010074924722029753,-0.0005468432579690955,0.0012948990395278645,1.4283467101479785e-05,0.00018300141796390203,-0.11615914589455989,1.0935852233900628e-06,7.55454468132997e-05,-0.04563600815111379
6.838548898696899,0.002641357402410032,-0.001136381843193904,0.002620263547950661,0.0009974175474809456,-0.0005413748253894046,0.0012819500491325858,1.4283467101479785e-05,0.00018300141796390203,-0.11615914589455989,1.082649371156162e-06,7.47899923451667e-05,-0.045179648069602646
6.842889308929443,0.002641357402410032,-0.001136381843193904,0.002620263547950661,0.0009874433720061361,-0.0005359610771355105,0.0012691305486412599,1.4283467101479785e-05,0.00018300141796390203,-0.11615914589455989,1.0718228774446003e-06,7.404209242171502e-05,-0.04472785158890662
6.858148574829102,0.002641357402410032,-0.001136381843193904,0.002620263547950661,0.0009775689382860748,-0.0005306014663641554,0.0012564392431548472,1.4283467101479785e-05,0.00018300141796390203,-0.11615914589455989,1.0611046486701543e-06,7.330167149749787e-05,-0.04428057307301755
6.867669343948364,0.002641357402410032,-0.001136381843193904,0.002620263547950661,0.000967793248903214,-0.0005252954517005139,0.0012438748507232987,1.4283467101479785e-05,0.00018300141796390203,-0.11615914589455989,1.0504936021834527e-06,7.25686547825229e-05,-0.04383776734228737
6.877537250518799,0.002641357402410032,-0.001136381843193904,0.002620263547950661,0.0009581153164141819,-0.0005200424971835087,0.0012314361022160657,1.4283467101479785e-05,0.00018300141796390203,-0.11615914589455989,1.0399886661616183e-06,7.184296823469767e-05,-0.043399389668864495
6.8870556354522705,0.002641357402410032,-0.001136381843193904,0.002620263547950661,0.0009485341632500401,-0.0005148420722116737,0.001219121741193905,1.4283467101479785e-05,0.00018300141796390203,-0.11615914589455989,1.0295887795000022e-06,7.112453855235068e-05,-0.04296539577217585
6.899842977523804,0.002641357402410032,-0.001136381843193904,0.002620263547950661,0.0009390488216175397,-0.0005096936514895569,0.0012069305237819659,1.4283467101479785e-05,0.00018300141796390203,-0.11615914589455989,1.0192928917050021e-06,7.041329316682718e-05,-0.04253574181445409
6.903832674026489,0.002641357402410032,-0.001136381843193904,0.002620263547950661,0.0009296583334013642,-0.0005045967149746613,0.0011948612185441463,1.4283467101479785e-05,0.00018300141796390203,-0.11615914589455989,1.009099962787952e-06,6.97091602351589e-05,-0.04211038439630955
6.917357444763184,0.002641357402410032,-0.001136381843193904,0.002620263547950661,0.0009203617500673505,-0.0004995507478249147,0.0011829126063587047,1.4283467101479785e-05,0.00018300141796390203,-0.11615914589455989,9.990089631600726e-07,6.90120686328073e-05,-0.041689280552346455
6.920579195022583,0.002641357402410032,-0.001136381843193904,0.002620263547950661,0.0009111581325666771,-0.0004945552403466656,0.0011710834802951178,1.4283467101479785e-05,0.00018300141796390203,-0.11615914589455989,9.890188735284718e-07,6.832194794647923e-05,-0.04127238774682299
6.936951160430908,0.002641357402410032,-0.001136381843193904,0.002620263547950661,0.0009020465512410103,-0.0004896096879431989,0.0011593726454921665,1.4283467101479785e-05,0.00018300141796390203,-0.11615914589455989,9.79128684793187e-07,6.763872846701444e-05,-0.04085966386935476
6.939769744873047,0.002641357402410032,-0.001136381843193904,0.002620263547950661,0.0008930260857286002,-0.00048471359106376695,0.0011477789190372449,1.4283467101479785e-05,0.00018300141796390203,-0.11615914589455989,9.69337397945255e-07,6.69623411823443e-05,-0.04045106723066121
6.957083702087402,0.002641357402410032,-0.001136381843193904,0.002620263547950661,0.0008840958248713142,-0.0004798664551531293,0.0011363011298468723,1.4283467101479785e-05,0.00018300141796390203,-0.11615914589455989,9.596440239658024e-07,6.629271777052086e-05,-0.0400465565583546
6.961601972579956,0.002641357402410032,-0.001136381843193904,0.002620263547950661,0.000875254866622601,-0.000475067790601598,0.0011249381185484035,1.4283467101479785e-05,0.00018300141796390203,-0.11615914589455989,9.500475837261444e-07,6.562979059281565e-05,-0.039646090992771055
8.013573408126831,0.0026414910350725713,-0.001136541607015392,0.0026205029952470964,0.0008665035889613877,-0.00047031863274441167,0.0011136910122548432,1.4e-05,0.000183,-0.116159,9.378524805263784e-07,6.497347920777718e-05,-0.03924962869597527
8.017476558685303,0.0026414910350725713,-0.001136541607015392,0.0026205029952470964,0.0008578385530717738,-0.0004656154464169675,0.0011025541021322948,1.4e-05,0.000183,-0.116159,9.284739557211146e-07,6.432374441569941e-05,-0.03885713240901552
8.033267259597778,0.002839277853880247,-0.0010416308246160011,0.002514684743279815,0.0009744744748042904,-0.0004006013510760757,0.0010246663221786616,1.1277981543130984e-05,0.00020392844251749734,-0.12899101370041013,-8.046218242430872e-07,7.69341570998674e-05,-0.04659487148212381
8.038545846939087,0.002839277853880247,-0.0010416308246160011,0.002514684743279815,0.0009647297300562476,-0.00039659533756531497,0.0010144196589568749,1.1277981543130984e-05,0.00020392844251749734,-0.12899101370041013,-7.965756060006563e-07,7.616481552886872e-05,-0.04612892276730257
8.056113719940186,0.002982894465429868,-0.0009299740500249939,0.0022783739558644178,0.0010368218705120082,-0.00032877840749648014,0.0008698955163253784,5.595239653152012e-06,0.00022449077384112466,-0.14168983795587095,-4.023345147505468e-06,8.710767555299448e-05,-0.052896069363742505
8.059009313583374,0.002982894465429868,-0.0009299740500249939,0.0022783739558644178,0.001026453651806888,-0.0003254906234215153,0.0008611965611621246,5.595239653152012e-06,0.00022449077384112466,-0.14168983795587095,-3.983111696030414e-06,8.623659879746453e-05,-0.05236710867010508
8.076781988143921,0.003072164463339649,-0.0008095028919750123,0.001954330366661274,0.0010664251997196254,-0.0002541222026263066,0.0006703825255433137,-4.25346433581091e-06,0.00024167767994364835,-0.1540914575602432,-9.484767289700495e-06,9.50446434412563e-05,-0.05882135166275272
8.081569194793701,0.003072164463339649,-0.0008095028919750123,0.001954330366661274,0.0010557609477224292,-0.00025158098060004355,0.0006636787002878805,-4.25346433581091e-06,0.00024167767994364835,-0.1540914575602432,-9.38991961680349e-06,9.409419700684374e-05,-0.05823313814612519
8.09687852859497,0.003091301765828529,0.00028530877902062797,0.0013525389693417012,0.0010571636235528962,0.00046667634663080323,0.000265058144709523,-1.0511150283099606e-05,0.0002575541554777244,-0.16605990978304117,-1.338351764848333e-05,0.00010352370991101645,-0.06546855532130295
8.102291107177734,0.003091301765828529,0.00028530877902062797,0.0013525389693417012,0.0010465919873173673,0.0004620095831644952,0.0002624075632624278,-1.0511150283099606e-05,0.0002575541554777244,-0.16605990978304117,-1.3249682471998497e-05,0.00010248847281190628,-0.06481386976808992
8.112929105758667,0.0032583649148513064,0.001050306959136893,0.0008257541191981632,0.0011926128130582993,0.0011773782496634867,-0.00023431805440592406,7.136250462803272e-05,0.0002724341591893042,-0.17751716736424103,6.384621521073758e-05,0.00011545118509122666,-0.07493585619689255
8.135384798049927,0.003523048268058615,0.0009499535682526392,0.0003186818598729898,0.0012984555845041768,0.0011213316401819324,-0.0004579191972935639,0.00018800691170772638,0.00028665948336511403,-0.18840695024351267,0.00011515200201197651,0.00012063151430925201,-0.0790359508328151
8.138533592224121,0.003523048268058615,0.0009499535682526392,0.0003186818598729898,0.001285471028659135,0.001110118323780113,-0.00045334000532062826,0.00018800691170772638,0.00028665948336511403,-0.18840695024351267,0.00011400048199185674,0.00011942519916615949,-0.07824559132448695
8.159398078918457,0.0038413431964550828,-0.0041556644434865815,-0.00018436137998077551,0.001425447489183895,-0.0013475659025993963,-0.0006942891015630043,0.00026135552125050164,0.0002997957109202966,-0.19886490878332372,0.000148015240678623,0.00012452692164424063,-0.08247546027358824
8.167123317718506,0.0038413431964550828,-0.0041556644434865815,-0.00018436137998077551,0.001411193014292056,-0.0013340902435734023,-0.0006873462105473743,0.00026135552125050164,0.0002997957109202966,-0.19886490878332372,0.00014653508827183677,0.00012328165242779822,-0.08165070567085235
8.17423415184021,0.004167120630243313,-0.005688234949178871,-0.0006608870308972322,0.0018564226126011338,-0.003474761595822222,-0.001353797023449136,0.00024272955257754694,0.0003092843073859192,-0.20913877218883536,0.00011887594865186824,0.00013539269444841435,-0.095282381808508
8.179279327392578,0.004167120630243313,-0.005688234949178871,-0.0006608870308972322,0.0018378583864751225,-0.003440013979864,-0.0013402590532146446,0.00024272955257754694,0.0003092843073859192,-0.20913877218883536,0.00011768718916534956,0.0001340387675039302,-0.09432955799042292
8.198609590530396,0.004341242195113942,-0.005691199373959105,-0.0006998692140768364,0.001909613357109278,-0.003407135525977592,-0.0013467697444380605,0.0002126011992807997,0.00031340125286014926,-0.2193194321865767,0.00010092421113435198,0.00013482817260246976,-0.0986529573981436
8.203433513641357,0.004341242195113942,-0.005691199373959105,-0.0006998692140768364,0.0018905172235381851,-0.003373064170717816,-0.00133330204699368,0.0002126011992807997,0.00031340125286014926,-0.2193194321865767,9.991496902300846e-05,0.00013347989087644506,-0.09766642782416217
8.233885288238525,0.0051742408889192595,-0.005780285186909195,-0.001232936834450903,0.002145645514810714,-0.0033683052906109106,-0.0014943057983543189,0.0001226728492024623,0.00032540078461773666,-0.23948630096218304,6.93844205003764e-05,0.00013608559524419685,-0.10331232300013438
8.238717794418335,0.0051742408889192595,-0.005780285186909195,-0.001232936834450903,0.0021241890596626067,-0.0033346222377048013,-0.0014793627403707757,0.0001226728492024623,0.00032540078461773666,-0.23948630096218304,6.869057629537264e-05,0.00013472473929175487,-0.10227919977013303
8.261953830718994,0.005700424089670707,-0.0053339308221002,-0.0015968154688692218,0.0023299675379960453,-0.0031089170848373803,-0.0016200171207830744,6.986710794503566e-05,0.0003324944501289967,-0.24950317316733964,4.5277874887174284e-05,0.00013643036435069297,-0.1055673289964928
8.267048597335815,0.005700424089670707,-0.0053339308221002,-0.0015968154688692218,0.002306667862616085,-0.0030778279139890064,-0.0016038169495752436,6.986710794503566e-05,0.0003324944501289967,-0.24950317316733964,4.482509613830254e-05,0.00013506606070718603,-0.10451165570652787
8.279391050338745,0.006253221515738916,-0.004415685373472114,-0.0019907758530209,0.002732924336174476,-0.002302531717846142,-0.0019036516970315639,1.530839973098774e-05,0.0003397379060283121,-0.25948388898318137,1.727406920999235e-07,0.00013958413291813345,-0.1115530320155668
8.284314632415771,0.006253221515738916,-0.004415685373472114,-0.0019907758530209,0.0027055950928127313,-0.0022795064006676806,-0.0018846151800612483,1.530839973098774e-05,0.0003397379060283121,-0.25948388898318137,1.7101328517892425e-07,0.00013818829158895212,-0.11043750169541112
8.29871416091919,0.006107295558699162,-0.010269427087656354,-0.002432616279905307,0.0025738617966237637,-0.0063208534810054035,-0.0021855528123304623,-9.245136763521105e-05,0.0003398372588190957,-0.2694809140401091,-7.466631895892478e-05,0.00013687540592582684,-0.11627573251069297
8.304034233093262,0.006107295558699162,-0.010269427087656354,-0.002432616279905307,0.002548123178657526,-0.006257644946195349,-0.002163697284207158,-9.245136763521105e-05,0.0003398372588190957,-0.2694809140401091,-7.391965576933553e-05,0.00013550665186656856,-0.11511297518558604
8.319358587265015,0.005996364830637363,-0.01250245494547661,-0.004091881923910343,0.0024540626710758133,-0.007648844346937724,-0.003229624247401021,-0.00017302189307505378,0.00034406539689109937,-0.2794312527694694,-0.00012575724289650163,0.0001369106824195415,-0.12045499915351406
8.322901010513306,0.005996364830637363,-0.01250245494547661,-0.004091881923910343,0.002429522044365055,-0.007572355903468347,-0.0031973280049270108,-0.00017302189307505378,0.00034406539689109937,-0.2794312527694694,-0.0001244996704675366,0.00013554157559534608,-0.11925044916197891
8.336000442504883,0.006239777000380677,-0.01384050501781554,-0.005264417447848655,0.0025945632271309267,-0.008515787026776198,-0.004062339612793181,-0.00024973613670773787,0.0003491752063122321,-0.28934582542514764,-0.00018181770434465354,0.00013808694685398863,-0.12562664891803432
8.34049940109253,0.006239777000380677,-0.01384050501781554,-0.005264417447848655,0.0025686175948596173,-0.008430629156508437,-0.004021716216665249,-0.00024973613670773787,0.0003491752063122321,-0.28934582542514764,-0.000179999527301207,0.00013670607738544875,-0.12437038242885398
8.359179973602295,0.006707196261076006,-0.01436454773509076,-0.006169098935000495,0.0027957587334725394,-0.008626005592149221,-0.004464918627139837,-0.000314644159005328,0.00035850865806534316,-0.2992203914011033,-0.00021294580239204926,0.00014033535799686593,-0.12841268682020954
8.366963148117065,0.006707196261076006,-0.01436454773509076,-0.006169098935000495,0.002767801146137814,-0.008539745536227729,-0.004420269440868438,-0.000314644159005328,0.00035850865806534316,-0.2992203914011033,-0.00021081634436812878,0.00013893200441689727,-0.12712855995200745
8.380663394927979,0.007321903887743832,-0.014244301807929202,-0.006852509953192041,0.003192643983231471,-0.008366306612954616,-0.00487136204561374,-0.0003613550968814842,0.00036981926799867747,-0.3090529589936197,-0.000242803141782341,0.00014579845530112115,-0.13303420169417887
8.391854286193848,0.007321903887743832,-0.014244301807929202,-0.006852509953192041,0.003160717543399156,-0.00828264354682507,-0.004822648425157602,-0.0003613550968814842,0.00036981926799867747,-0.3090529589936197,-0.0002403751103645176,0.00014434047074810994,-0.13170385967723708
8.401999235153198,0.00813389304734459,-0.004760355210946468,-0.008255732783784811,0.003971258056064819,0.001150737856409744,-0.006117533108665082,-0.0003113369699829987,0.0003857046492943236,-0.31887848279720143,-0.0001886678811468856,0.00015855548025177636,-0.14007195980610174
8.407470941543579,0.00813389304734459,-0.004760355210946468,-0.008255732783784811,0.003931545475504171,0.0011392304778456467,-0.0060563577775784305,-0.0003113369699829987,0.0003857046492943236,-0.31887848279720143,-0.00018678120233541674,0.0001569699254492586,-0.13867124020804072
8.418503284454346,0.008560626301995536,0.0037847794405677427,-0.008338915839125735,0.0043111748586024436,0.008871899349564071,-0.006038770837351185,-0.0001940221976028559,0.0003943029090134979,-0.32868903783802383,-7.857625655087947e-05,0.000163193910445446,-0.14617706778606568
8.423004627227783,0.008560626301995536,0.0037847794405677427,-0.008338915839125735,0.0042680631100164195,0.00878318035606843,-0.005978383128977673,-0.0001940221976028559,0.0003943029090134979,-0.32868903783802383,-7.779049398537067e-05,0.00016156197134099156,-0.14471529710820502
8.439714670181274,0.009265110780938076,0.010172144554750408,-0.008461121543274953,0.004662807081098396,0.012516284108834427,-0.005976210120582409,4.783288313058682e-05,0.0004084850107927796,-0.3384118481477405,6.772377184032518e-05,0.00016843352417331028,-0.14908668711560483
8.442973375320435,0.009265110780938076,0.010172144554750408,-0.008461121543274953,0.004616179010287412,0.012391121267746082,-0.005916448019376585,4.783288313058682e-05,0.0004084850107927796,-0.3384118481477405,6.704653412192192e-05,0.00016674918893157717,-0.14759582024444878
8.457956552505493,0.010109003906700555,0.014711739396139957,-0.008516965111130164,0.005145912219642278,0.01529472274088442,-0.005883443109233673,0.0003784571630238566,0.00042025952809994396,-0.34805436659927497,0.0002870397343101822,0.00017294018871044113,-0.1525554252956713
8.461589813232422,0.010109003906700555,0.014711739396139957,-0.008516965111130164,0.005094453097445856,0.015141775513475576,-0.005824608678141336,0.0003784571630238566,0.00042025952809994396,-0.34805436659927497,0.0002841693369670804,0.00017121078682333672,-0.15102987104271456
8.480767965316772,0.011024613655962152,0.017666481380683836,-0.00852826734185789,0.0055274666637752275,0.016529002223704452,-0.005768022748204055,0.0007835578563019532,0.00043712564673273997,-0.3576042534787925,0.0004925579495707675,0.00017829312304889003,-0.15449913805765791
8.485697984695435,0.011024613655962152,0.017666481380683836,-0.00852826734185789,0.005472191997137475,0.016363712201467408,-0.005710342520722015,0.0007835578563019532,0.00043712564673273997,-0.3576042534787925,0.00048763237007505984,0.00017651019181840112,-0.15295414667708132
8.50238037109375,0.011604771044248357,0.019145002820640047,-0.007150735170022637,0.005776304540743971,0.01708028185404882,-0.004825775865641246,0.001247393210757429,0.0004489006314113293,-0.36706973239236096,0.0007607950171670691,0.00018180342340085964,-0.15709854099357728
8.508205652236938,0.011604771044248357,0.019145002820640047,-0.007150735170022637,0.005718541495336531,0.01690947903550833,-0.004777518106984834,0.001247393210757429,0.0004489006314113293,-0.36706973239236096,0.0007531870669953984,0.00017998538916685105,-0.1555275555836415
8.518940448760986,0.012433972701186081,0.019639728610762328,-0.006336288869491752,0.006442662256395328,0.017194081265922877,-0.003975851639360088,0.0017439445413964146,0.00046547047757813714,-0.3763712807986885,0.0012082176021676254,0.0001936211759318903,-0.16263713770395236
8.524142980575562,0.012433972701186081,0.019639728610762328,-0.006336288869491752,0.006378235633831374,0.017022140453263647,-0.003936093122966488,0.0017439445413964146,0.00046547047757813714,-0.3763712807986885,0.0011961354261459491,0.0001916849641725714,-0.16101076632691283
8.54343843460083,0.013395484857472544,0.01931030460863268,-0.005804164452238521,0.006814885262544563,0.016677921011581425,-0.0036269377982282927,0.0022669649716739845,0.0004811728498703026,-0.3855205764061475,0.0014552329594300448,0.00019790597553769333,-0.1641423432052344
8.546826124191284,0.013395484857472544,0.01931030460863268,-0.005804164452238521,0.0067467364099191175,0.01651114180146561,-0.00359066842024601,0.0022669649716739845,0.0004811728498703026,-0.3855205764061475,0.0014406806298357443,0.0001959269157823164,-0.16250091977318207
8.562976598739624,0.014430253543877579,0.018361274786020523,-0.005492601139694053,0.007320061663065532,0.015755308422447562,-0.0033719858700741556,0.0028132780343078476,0.0005012846674313605,-0.3945128413160245,0.001764538226232613,0.00020642041852346214,-0.16644371286074058
8.568020105361938,0.014430253543877579,0.018361274786020523,-0.005492601139694053,0.007246861046434877,0.015597755338223086,-0.003338266011373414,0.0028132780343078476,0.0005012846674313605,-0.3945128413160245,0.0017468928439702868,0.00020435621433822753,-0.16477927573213316
8.576130390167236,0.015487807905108253,0.016972382752923974,-0.005350906804856661,0.008475108442722352,0.013724556175325172,-0.0031545058582027625,0.0033819709896908373,0.0005218669764528651,-0.4033519281466113,0.002430623650232261,0.00022769068701806105,-0.1740300975645398
8.600360631942749,0.01623965248293039,0.015299127008973826,-0.005414574442778994,0.008698534662181814,0.012896164844284493,-0.0031572095878548653,0.003972056684092862,0.000541415097715151,-0.4120679411565797,0.0026498501443848886,0.0002334814343807166,-0.17588695962619305
8.6055748462677,0.01623965248293039,0.015299127008973826,-0.005414574442778994,0.008611549315559996,0.012767203195841648,-0.0031256374919763166,0.003972056684092862,0.000541415097715151,-0.4120679411565797,0.0026233516429410397,0.00023114662003690943,-0.17412809002993113
8.61599850654602,0.017220381315288365,0.013467677767883312,-0.0055163962464797245,0.009460691980946625,0.010880895294859192,-0.003213510795272148,0.004570631289832027,0.000567436283201487,-0.4206727591427647,0.0031713642068296076,0.00025379873168880043,-0.18064189204333897
8.620354175567627,0.017220381315288365,0.013467677767883312,-0.0055163962464797245,0.009366085061137158,0.0107720863419106,-0.003181375687319427,0.004570631289832027,0.000567436283201487,-0.4206727591427647,0.0031396505647613114,0.0002512607443719124,-0.17883547312290557
8.642872095108032,0.018309720672606927,0.011583516122701748,-0.005653329989934621,0.009753427295020508,0.009826883019028428,-0.0032208280375895324,0.005181903625359977,0.0005953448836513747,-0.42917684399716244,0.003379714455102372,0.00026114208850964803,-0.18082370389689528
8.647769212722778,0.018309720672606927,0.011583516122701748,-0.005653329989934621,0.009655893022070303,0.009728614188838143,-0.003188619757213637,0.005181903625359977,0.0005953448836513747,-0.42917684399716244,0.003345917310551348,0.00025853066762455154,-0.17901546685792633
8.663748025894165,0.019445252038498912,0.00972955113605884,-0.005817286683597217,0.010266054021826095,0.008470094326948573,-0.0032740726792186156,0.005803587802496249,0.0006291904169204685,-0.4375908794259934,0.0037015259427128256,0.00027712686730054317,-0.18249105710956304
8.668379545211792,0.019445252038498912,0.00972955113605884,-0.005817286683597217,0.010163393481607833,0.008385393383679088,-0.0032413319524264295,0.005803587802496249,0.0006291904169204685,-0.4375908794259934,0.0036645106832856973,0.00027435559862753773,-0.1806661465384674
8.685547351837158,0.02057644778708907,0.007968450027534265,-0.006005369414916508,0.010717107675838482,0.007274966946712245,-0.0033316479083921485,0.006430954721446479,0.0006661327519077134,-0.44592459601789214,0.003993297767437137,0.0002931304204942963,-0.18371375491299655
8.690044164657593,0.02057644778708907,0.007968450027534265,-0.006005369414916508,0.010609936599080097,0.007202217277245122,-0.003298331429308227,0.006430954721446479,0.0006661327519077134,-0.44592459601789214,0.003953364789762766,0.0002901991162893533,-0.18187661736386657
8.701003551483154,0.0214263528062475,0.010871046692639158,-0.007617850250993964,0.011281536772735442,0.009791332141229018,-0.004712431516197515,0.007089111430224788,0.0007037470186372185,-0.45418225198896844,0.004514372686072003,0.0003216186317291595,-0.18759263037314375
8.718884229660034,0.022498509144015997,0.0123933270228613,-0.008586719151267352,0.011768668386254759,0.010548250888270732,-0.005201273864413611,0.007750940585208102,0.0007486206371207618,-0.4623736449880949,0.004839365454279504,0.0003434985955912083,-0.19029784630467614
8.723702669143677,0.022498509144015997,0.0123933270228613,-0.008586719151267352,0.011650981702392212,0.010442768379388024,-0.005149261125769475,0.007750940585208102,0.0007486206371207618,-0.4623736449880949,0.004790971799736709,0.0003400636096352962,-0.18839486784162937
8.739332437515259,0.023673137507430955,0.013135129313458376,-0.009221664393879728,0.01228553193461795,0.010814288719152779,-0.005503315163999371,0.008403694730071147,0.0007974110806647619,-0.47050961121983526,0.005160697282303082,0.00036787933093084847,-0.1917163489804157
8.74245548248291,0.023673137507430955,0.013135129313458376,-0.009221664393879728,0.01216267661527177,0.010706145831961252,-0.005448282012359378,0.008403694730071147,0.0007974110806647619,-0.47050961121983526,0.005109090309480051,0.00036420053762153997,-0.18979918549061153
8.764435529708862,0.02488791253787569,0.013249388967302312,-0.009610084886624999,0.012592786036386666,0.010650638467845511,-0.0055735280667924755,0.009036265647955576,0.0008531277693149056,-0.478595823720637,0.0053457926542257485,0.0003859072897240429,-0.19158008131855547
8.769593477249146,0.02488791253787569,0.013249388967302312,-0.009610084886624999,0.0124668581760228,0.010544132083167056,-0.0055177927861245505,0.009036265647955576,0.0008531277693149056,-0.478595823720637,0.005292334727683491,0.00038204821682680246,-0.1896642805053699
8.78671908378601,0.02609273235194861,0.012878585397189675,-0.009829160671294641,0.013043783578302796,0.010220450968264258,-0.005597899175072835,0.00963952296172017,0.0009131994495224525,-0.4866353567655894,0.005591665948714061,0.00041330484569587745,-0.19246208926770808
8.791328430175781,0.02609273235194861,0.012878585397189675,-0.009829160671294641,0.012913345742519768,0.010118246458581615,-0.005541920183322106,0.00963952296172017,0.0009131994495224525,-0.4866353567655894,0.005535749289226921,0.00040917179723891866,-0.190537468375031
8.800697803497314,0.027090193887547222,0.016049713139913553,-0.009899201384692838,0.013865127043256915,0.013396991466102258,-0.005524073635644914,0.010236100814443639,0.0009752495617677587,-0.49461688738919124,0.006117123659022182,0.0004713066134389903,-0.19715083912888456
8.805375576019287,0.027090193887547222,0.016049713139913553,-0.009899201384692838,0.013726475772824346,0.013263021551441235,-0.005468832899288465,0.010236100814443639,0.0009752495617677587,-0.49461688738919124,0.00605595242243196,0.0004665935473046004,-0.19517933073759572
8.823962926864624,0.02828372166148679,0.01766491100212034,-0.00985287236855101,0.014235855580989831,0.013995776850879663,-0.005382660446375951,0.010824119513142038,0.0010453720228038854,-0.5025576758108802,0.006311747124041774,0.0004996535156570147,-0.19749968384191838
8.826761722564697,0.02828372166148679,0.01766491100212034,-0.00985287236855101,0.014093497025179933,0.013855819082370867,-0.005328833841912192,0.010824119513142038,0.0010453720228038854,-0.5025576758108802,0.006248629652801356,0.0004946569805004445,-0.1955246870034992
8.852313756942749,0.029562035773297378,0.018290015945420773,-0.009745767250906095,0.014454400387010988,0.013958847932379361,-0.005234626869319068,0.011396539534820376,0.0011190907125380816,-0.5104554533736471,0.0064101646663612885,0.0005185608296654137,-0.1966603007068011
8.857038021087646,0.029562035773297378,0.018290015945420773,-0.009745767250906095,0.014309856383140878,0.013819259453055567,-0.005182280600625877,0.011396539534820376,0.0011190907125380816,-0.5104554533736471,0.006346063019697676,0.0005133752213687595,-0.19469369769973308
8.862529039382935,0.030862268601590435,0.018131435923981098,-0.009620293842477397,0.016535161262162743,0.013377612246652775,-0.00492802607379214,0.011945541789016271,0.0011989836742593565,-0.518309866257815,0.0072824210473022965,0.0006537390024447207,-0.20705087056499938
8.892271995544434,0.032133831986008145,0.017377898575292178,-0.009507736238957485,0.016796397177102934,0.012987930717679931,-0.0048487092247357,0.012462592228619,0.0012819020397935082,-0.5261192212402186,0.007383436463527856,0.0006750799326127653,-0.20760597679150342
8.896301507949829,0.032133831986008145,0.017377898575292178,-0.009507736238957485,0.016628433205331906,0.012858051410503132,-0.004800222132488343,0.012462592228619,0.0012819020397935082,-0.5261192212402186,0.007309602098892577,0.0006683291332866376,-0.2055299170235884
8.90537714958191,0.03291146106050943,0.016152948865041296,-0.009564490195769201,0.017311848417912896,0.01137702922151743,-0.004843875848305224,0.012938123856748847,0.001362655909490491,-0.5339011386311922,0.007760470825970569,0.0007506245312527608,-0.21204912718993368
8.910547018051147,0.03291146106050943,0.016152948865041296,-0.009564490195769201,0.017138729933733766,0.011263258929302255,-0.004795437089822172,0.012938123856748847,0.001362655909490491,-0.5339011386311922,0.007682866117710864,0.0007431182859402333,-0.20992863591803435
8.926135778427124,0.033959542061737895,0.014675886496374609,-0.009557144680077328,0.017635062674175844,0.010200065013524854,-0.004763803896672357,0.013391592373435202,0.0014503277784945036,-0.5416375552136043,0.007896931989357021,0.0007919275397092118,-0.21279216661153932
8.931230545043945,0.033959542061737895,0.014675886496374609,-0.009557144680077328,0.017458712047434086,0.010098064363389605,-0.004716165857705633,0.013391592373435202,0.0014503277784945036,-0.5416375552136043,0.007817962669463451,0.0007840082643121196,-0.21066424494542393
8.948108196258545,0.03513333724534093,0.013038022118013092,-0.00954626195329652,0.017974897979743866,0.009023480564603911,-0.004684152949894723,0.013807558376682542,0.0015369654227348774,-0.5493296816810784,0.007986242694030907,0.0008275009430460257,-0.21311518362480603
8.952442646026611,0.03513333724534093,0.013038022118013092,-0.00954626195329652,0.017795148999946428,0.008933245758957872,-0.004637311420395776,0.013807558376682542,0.0015369654227348774,-0.5493296816810784,0.007906380267090597,0.0008192259336155654,-0.21098403178855796
8.963647842407227,0.0363623257298499,0.011338016201706129,-0.009553767521092337,0.01870656183619643,0.007322063849156178,-0.004631465193753482,0.014176700450340538,0.001627754600363482,-0.556973382116858,0.008156754754583533,0.0008920578478366604,-0.21569575905069535
8.966594934463501,0.0363623257298499,0.011338016201706129,-0.009553767521092337,0.018519496217834466,0.007248843210664616,-0.004585150541815948,0.014176700450340538,0.001627754600363482,-0.556973382116858,0.008075187207037697,0.0008831372693582938,-0.2135388014601884
8.99037480354309,0.037586933007709905,0.009495326159099208,-0.00959597674122548,0.018845410131728864,0.00639954457966095,-0.004574067832288899,0.014489363031969932,0.0017176471453403913,-0.5645662021654452,0.008125917379962157,0.0009121078478344351,-0.21459637469494178
8.994824647903442,0.037586933007709905,0.009495326159099208,-0.00959597674122548,0.018656956030411575,0.006335549133864341,-0.00452832715396601,0.014489363031969932,0.0017176471453403913,-0.5645662021654452,0.008044658206162535,0.0009029867693560908,-0.21245041094799236
9.00728988647461,0.03834157633574222,0.007581994302858783,-0.009776681069273792,0.019067642063759143,0.004737506780472335,-0.004659706557281483,0.014738555675632332,0.0018035369647511961,-0.5721308145459005,0.008164121671742356,0.0009628603718371596,-0.21639447290507202
9.025398969650269,0.039389405972386056,0.0058544319203088285,-0.009923414065371962,0.019450566775570225,0.0037351627745487283,-0.004714621367586152,0.014938402848506244,0.0018964322097962726,-0.5796444385603121,0.008192837876731699,0.001004529365100362,-0.21837961951406917
9.028190851211548,0.039389405972386056,0.0058544319203088285,-0.009923414065371962,0.019256061107814523,0.003697811146803241,-0.004667475153910291,0.014938402848506244,0.0018964322097962726,-0.5796444385603121,0.008110909497964383,0.0009944840714493583,-0.21619582331892848
9.050237655639648,0.040571156784721264,0.004337462067682842,-0.01007220077255585,0.019595878453838665,0.0029716484060299,-0.004703416907448665,0.01507763719392902,0.001986575630244771,-0.5871100481625566,0.008092954383361736,0.001025426526098905,-0.21742011982691561
9.054363250732422,0.040571156784721264,0.004337462067682842,-0.01007220077255585,0.01939991966930028,0.002941931921969601,-0.004656382738374178,0.01507763719392902,0.001986575630244771,-0.5871100481625566,0.008012024839528118,0.0010151722608379159,-0.21524591862864645
9.066769123077393,0.041806124279562505,0.0029254113996884643,-0.010235870786368657,0.020195334742472745,0.0017723314078366443,-0.004767017551601587,0.01515167030386631,0.0020804933081557653,-0.5945243091826368,0.00799158045098263,0.0010807247493478049,-0.21906987191373758
9.071418762207031,0.041806124279562505,0.0029254113996884643,-0.010235870786368657,0.019993381395048016,0.0017546080937582778,-0.00471934737608557,0.01515167030386631,0.0020804933081557653,-0.5945243091826368,0.007911664646472803,0.0010699175018543268,-0.2168791731946002
9.091745615005493,0.04303095247427611,0.001859605504525599,-0.010414987035583188,0.020393188482847602,0.0012116634008135366,-0.004772126938802197,0.015160778696542004,0.0021721290618627086,-0.601885825134956,0.00783702896553973,0.0011042994589793081,-0.2183319533928038
9.097110748291016,0.04303095247427611,0.001859605504525599,-0.010414987035583188,0.020189256598019126,0.0011995467668054012,-0.004724405669414175,0.015160778696542004,0.0021721290618627086,-0.601885825134956,0.007758658675884334,0.001093256464389515,-0.21614863385887578
9.125622034072876,0.04488170170600412,0.000768888367386039,-0.010915124973188342,0.02063433531209825,0.0008055259036308732,-0.0048614053656534,0.015011830780726015,0.002353701429876586,-0.6164999541384484,0.007628830349852282,0.0011460082840287723,-0.2191128823311633
9.130983829498291,0.04488170170600412,0.000768888367386039,-0.010915124973188342,0.02042799195897727,0.0007974706445945645,-0.004812791311996866,0.015011830780726015,0.002353701429876586,-0.6164999541384484,0.007552542046353759,0.0011345482011884845,-0.21692175350785167
9.151379823684692,0.04606938284682279,0.0007940676249559563,-0.011142347270263617,0.020806045084428203,0.0008011623955825284,-0.0048760258750585915,0.014867407891105373,0.002444484891793485,-0.6237369470311803,0.007406207187379528,0.0011677131564159999,-0.2183007782533858
9.163136959075928,0.04606938284682279,0.0007940676249559563,-0.011142347270263617,0.02059798463358392,0.0007931507716267031,-0.004827265616308005,0.014867407891105373,0.002444484891793485,-0.6237369470311803,0.0073321451155057326,0.0011560360248518398,-0.21611777047085196
9.17354130744934,0.04729384987775607,0.0009460313732472253,-0.011370403647213924,0.02156960659518705,0.0009297221190071592,-0.004995313375605109,0.01467748696744266,0.002538268920948359,-0.6309256008050643,0.00707628371389301,0.001234614927331708,-0.22086587099855406
9.178090333938599,0.04729384987775607,0.0009460313732472253,-0.011370403647213924,0.02135391052923518,0.0009204248978170876,-0.0049453602418490575,0.01467748696744266,0.002538268920948359,-0.6309256008050643,0.007005520876754079,0.0012222687780583908,-0.21865721228856852
9.19144606590271,0.04849215903697739,0.0013439784784938138,-0.011598773179122859,0.02203920728157893,0.0012080112637303324,-0.005060293946410167,0.014446773077126707,0.002629175066389691,-0.6380645844853445,0.006762720444485563,0.0012781113567009498,-0.221815898440904
9.198097229003906,0.04849215903697739,0.0013439784784938138,-0.011598773179122859,0.02181881520876314,0.001195931151093029,-0.005009691006946065,0.014446773077126707,0.002629175066389691,-0.6380645844853445,0.006695093240040707,0.0012653302431339403,-0.21959773945649494
9.215367555618286,0.04941652326254019,0.0011387940258293077,-0.013393267140723539,0.022134563384542415,0.001087307433255214,-0.00600153468431209,0.014176278365038219,0.002718731463242962,-0.6451834109570114,0.0064715183374466695,0.001304532588168297,-0.22152376081193595
9.219363451004028,0.04941652326254019,0.0011387940258293077,-0.013393267140723539,0.02191321775069699,0.001076434358922662,-0.005941519337468969,0.014176278365038219,0.002718731463242962,-0.6451834109570114,0.006406803154072203,0.001291487262286614,-0.21930852320381658
9.228930711746216,0.05054980288133614,0.0011528311736899765,-0.014530996391968365,0.022878145817606336,0.001101795553023206,-0.007071248645574439,0.01391101996969812,0.0028142023132345004,-0.6522566603047109,0.006065478755753033,0.0013783615064906294,-0.22450861929954288
9.25695252418518,0.05176177629782391,0.0011549235996936235,-0.015332602339357968,0.023081735901073184,0.0010956159241386995,-0.007286761769323364,0.0136430206405183,0.0029078173362072192,-0.6592897461597456,0.005909184426762,0.0013979858029148976,-0.22477339426215745
9.262329816818237,0.05176177629782391,0.0011549235996936235,-0.015332602339357968,0.022850918542062452,0.0010846597648973126,-0.00721389415163013,0.0136430206405183,0.0029078173362072192,-0.6592897461597456,0.00585009258249438,0.0013840059448857486,-0.22252566031953588
9.27524471282959,0.05298280473175723,0.0012328733521933775,-0.015874860436874635,0.023568090716192664,0.0011377684272452309,-0.007560546544435716,0.013375307165561538,0.0030045413554885395,-0.6662798535108676,0.005584301195544984,0.0014450592637469427,-0.22571284168330327
9.281164169311523,0.05298280473175723,0.0012328733521933775,-0.015874860436874635,0.023332409809030737,0.0011263907429727785,-0.007484941078991359,0.013375307165561538,0.0030045413554885395,-0.6662798535108676,0.005528458183589534,0.0014306086711094732,-0.22345571326647024
9.290229558944702,0.05418032656914704,0.0016428220447516398,-0.016537951224830472,0.02442325898800232,0.0015760131740025843,-0.008130225001998939,0.013111664279862727,0.0030998829857862074,-0.6732287457021189,0.005182350044943796,0.001521473607548585,-0.22888645511424735
9.297159671783447,0.05418032656914704,0.0016428220447516398,-0.016537951224830472,0.024179026398122295,0.0015602530422625584,-0.00804892275197895,0.013111664279862727,0.0030998829857862074,-0.6732287457021189,0.005130526544494357,0.001506258871473099,-0.22659759056310488
9.316124439239502,0.05490571552168246,-0.005877103621295113,-0.017938532830310144,0.02428651609017498,-0.00240156857813443,-0.00881437162912161,0.012791857276306832,0.003192492272834885,-0.6801500994862903,0.00491058910135625,0.0015400285646533464,-0.2279812000268751
9.321305751800537,0.05490571552168246,-0.005877103621295113,-0.017938532830310144,0.02404365092927323,-0.0023775528923530853,-0.008726227912830394,0.012791857276306832,0.003192492272834885,-0.6801500994862903,0.0048614832103426875,0.001524628279006813,-0.22570138802660636
9.329476833343506,0.055898029115811994,-0.010317886557003966,-0.01876144960626317,0.024972358158474782,-0.007768813080696458,-0.009791477440285922,0.012489147359600772,0.0032955247475943104,-0.6870326578673508,0.004442403446376546,0.0016354760441314735,-0.23186744316709057
9.355098247528076,0.05700271642597273,-0.01330322812754453,-0.019255500430002098,0.025143987998547557,-0.008854321236087162,-0.009916735619592871,0.012194493168689173,0.0033963832151099184,-0.6938788338946222,0.004282976317708463,0.0016584861941471103,-0.2322208210967582
9.36060643196106,0.05700271642597273,-0.01330322812754453,-0.019255500430002098,0.02489254811856208,-0.00876577802372629,-0.009817568263396942,0.012194493168689173,0.0033963832151099184,-0.6938788338946222,0.0042401465545313785,0.0016419013322056392,-0.2298986128857906
9.37119174003601,0.05814411327217065,-0.015045669903129142,-0.01950267117878609,0.025707779950611194,-0.010327084948417074,-0.009992765920159775,0.011912554541585596,0.003503436980943065,-0.7006867093204519,0.003931396084207687,0.0017266166128267852,-0.23403106491407016
9.376219034194946,0.05814411327217065,-0.015045669903129142,-0.01950267117878609,0.025450702151105082,-0.010223814098932903,-0.009892838260958178,0.011912554541585596,0.003503436980943065,-0.7006867093204519,0.00389208212336561,0.0017093504466985175,-0.23169075426492947
9.398857116699219,0.05925824671636257,-0.015416984581164339,-0.019654842308971437,0.0256872386859306,-0.010288414067938777,-0.009862255912030275,0.011648584576124145,0.003609121121820007,-0.7074578650272826,0.003736556918606259,0.001738941170393081,-0.232364893205812
9.40665078163147,0.05925824671636257,-0.015416984581164339,-0.019654842308971437,0.025430366299071295,-0.01018552992725939,-0.009763633352909971,0.011648584576124145,0.003609121121820007,-0.7074578650272826,0.0036991913494201964,0.0017215517586891503,-0.2300412442737539
9.430155038833618,0.060933137938374356,-0.014262316784797927,-0.01958114394764387,0.025893086700698256,-0.009600776307333818,-0.009614736342277568,0.011181264505531216,0.0038245377752581197,-0.7209356004626387,0.0034633758498097684,0.0017959862990408787,-0.23347499961153406
9.435424327850342,0.060933137938374356,-0.014262316784797927,-0.01958114394764387,0.025634155833691274,-0.00950476854426048,-0.009518588978854792,0.011181264505531216,0.0038245377752581197,-0.7209356004626387,0.0034287420913116707,0.0017780264360504699,-0.2311402496154187
9.44916582107544,0.061976361345186026,-0.013067421860506736,-0.019431740454920264,0.026144512025198755,-0.008551613505978661,-0.009282969017643706,0.01098221807422548,0.003933675596050557,-0.7276232186532489,0.003249604014035973,0.0018396682686954832,-0.2336955803636515
9.454273223876953,0.061976361345186026,-0.013067421860506736,-0.019431740454920264,0.025883066904946767,-0.008466097370918874,-0.009190139327467269,0.01098221807422548,0.003933675596050557,-0.7276232186532489,0.0032171079738956133,0.0018212715860085283,-0.231358624560015
9.474100351333618,0.06303570224561475,-0.01146672169041882,-0.01924548771757775,0.02616558357804247,-0.007582847583371131,-0.008975940812123525,0.010807974410575582,0.004045511980675558,-0.7342752116643978,0.0030970554478751766,0.0018594646126693579,-0.23240003415316546
9.478059768676758,0.06303570224561475,-0.01146672169041882,-0.01924548771757775,0.025903927742262047,-0.00750701910753742,-0.00888618140400229,0.010807974410575582,0.004045511980675558,-0.7342752116643978,0.0030660848933964247,0.0018408699665426642,-0.2300760338116338
9.496880531311035,0.06405272430505936,-0.009705298367354983,-0.019048753429591843,0.026193495057003736,-0.0065052903627747715,-0.00866035611661436,0.010657590325485928,0.004155710103311846,-0.7408899295656176,0.0029555207546692152,0.0018810126257024053,-0.2312898589500766
9.502254724502563,0.06405272430505936,-0.009705298367354983,-0.019048753429591843,0.025931560106433698,-0.006440237459147024,-0.008573752555448216,0.010657590325485928,0.004155710103311846,-0.7408899295656176,0.002925965547122523,0.0018622024994453812,-0.22897696036057583
9.514217615127563,0.06468990375778826,-0.007957536153906571,-0.018872238823309427,0.026217861214585015,-0.004925785922674431,-0.008291278674283243,0.010528129072972124,0.004263116238105598,-0.7474897951677818,0.0027884868528152687,0.0019333632352907656,-0.23220413963584036
9.5193030834198,0.06468990375778826,-0.007957536153906571,-0.018872238823309427,0.025955682602439165,-0.004876528063447687,-0.00820836588754041,0.010528129072972124,0.004263116238105598,-0.7474897951677818,0.002760601984287116,0.0019140296029378579,-0.22988209823948194
9.554253101348877,0.06647633136764856,-0.0047413118908775295,-0.018579454691660096,0.026215496184913017,-0.003915804336235289,-0.00801087070979761,0.010326275288831867,0.004483719371598944,-0.7605747578925602,0.002675240977150713,0.0019580089121518894,-0.23132718455674325
9.560180425643921,0.06647633136764856,-0.0047413118908775295,-0.018579454691660096,0.025953341223063888,-0.003876646292872936,-0.007930762002699633,0.010326275288831867,0.004483719371598944,-0.7605747578925602,0.0026484885673792057,0.0019384288230303705,-0.22901391271117583
9.572394609451294,0.0674233616957394,-0.0032294268116708994,-0.018473077774554852,0.026480329225729675,-0.002611191076978791,-0.007721608409087085,0.010245854799855215,0.004593901251882915,-0.7670611952523267,0.002556161796365432,0.0020092526747966665,-0.2320343514024943
9.57651662826538,0.0674233616957394,-0.0032294268116708994,-0.018473077774554852,0.02621552593347238,-0.0025850791662090033,-0.007644392324996214,0.010245854799855215,0.004593901251882915,-0.7670611952523267,0.0025306001784017773,0.0019891601480487,-0.22971400788846935
9.591517448425293,0.0683222488946557,-0.0016375334698742192,-0.01844562607800133,0.026562296675184387,-0.0015050645115184595,-0.007513052096492619,0.010175267751547637,0.004700529251746618,-0.7735084806121603,0.0024582387172794665,0.002040349993267143,-0.2317148230487676
9.595680952072144,0.0683222488946557,-0.0016375334698742192,-0.01844562607800133,0.02629667370843254,-0.001490013866403275,-0.0074379215755276925,0.010175267751547637,0.004700529251746618,-0.7735084806121603,0.002433656330106672,0.0020199464933344713,-0.2293976748182799
9.611353874206543,0.0689062830858698,-0.0003263777970512555,-0.018426282814340434,0.026414015025032617,-0.0006431044293174686,-0.00732241496797407,0.010107290286052086,0.004803912523464092,-0.7799366709676404,0.0023659472132303203,0.002065710012732278,-0.23120516064380017
9.614681720733643,0.0689062830858698,-0.0003263777970512555,-0.018426282814340434,0.026149874874782292,-0.000636673385024294,-0.007249190818294329,0.010107290286052086,0.004803912523464092,-0.7799366709676404,0.002342287741098017,0.002045052912604955,-0.22889310903736218
9.631568670272827,0.06970061388093973,0.0007290059895955601,-0.018431335773336485,0.026364489011091067,-1.0099805544162258e-05,-0.007158189545451836,0.01004373384716309,0.004910349991924883,-0.786322488095056,0.0022812284399258836,0.002087631806415128,-0.230385688108192
9.635076999664307,0.06970061388093973,0.0007290059895955601,-0.018431335773336485,0.026100844120980154,-9.998807488720635e-06,-0.007086607649997318,0.01004373384716309,0.004910349991924883,-0.786322488095056,0.0022584161555266246,0.002066755488350977,-0.22808183122711007
9.655693531036377,0.07057874008066553,0.0015503171777182605,-0.018460703537941374,0.026269417355065623,0.0003847055023891699,-0.007016345653531111,0.00997758755222482,0.005012990855881192,-0.7926692969158684,0.0022037478893542836,0.002095873642859571,-0.22887951758968964
9.659906148910522,0.07057874008066553,0.0015503171777182605,-0.018460703537941374,0.026006723181514965,0.0003808584473652782,-0.0069461821969958,0.00997758755222482,0.005012990855881192,-0.7926692969158684,0.002181710410460741,0.002074914906430975,-0.22659072241379274
9.671244621276855,0.07147735794198967,0.002353345739388473,-0.01850766165220762,0.026545676708476,0.001078814946863891,-0.006893910195583378,0.009906134335594622,0.0051162253027625905,-0.7989742093493253,0.0020968749258180627,0.002145213690056372,-0.2298854517813864
9.67537236213684,0.07147735794198967,0.002353345739388473,-0.01850766165220762,0.02628021994139124,0.0010680267973952522,-0.006824971093627544,0.009906134335594622,0.0051162253027625905,-0.7989742093493253,0.002075906176559882,0.002123761553155808,-0.22758659726357253
9.695337057113647,0.07218246370692523,0.004612125503276635,-0.018883766262992034,0.026380905382671353,0.002191174629520068,-0.0069050349006362895,0.009837444118117603,0.005213559873395519,-0.8052472110112282,0.0020207412711002936,0.0021512772848434306,-0.2284527786245877
9.698282241821289,0.07218246370692523,0.004612125503276635,-0.018883766262992034,0.02611709632884464,0.0021692628832248673,-0.0068359845516299264,0.009837444118117603,0.005213559873395519,-0.8052472110112282,0.0020005338583892907,0.0021297645119949964,-0.22616825083834183
9.733290672302246,0.07410481271313786,0.007386724971810016,-0.018842518112687154,0.02641256182694882,0.002933801315408241,-0.0067286692933411114,0.009690280065826057,0.005418554958168989,-0.8176669358067268,0.0019384917731504467,0.0021670227866798426,-0.2274542066059029
9.739619016647339,0.07410481271313786,0.007386724971810016,-0.018842518112687154,0.02614843620867933,0.0029044633022541587,-0.0066613826004077005,0.009690280065826057,0.005418554958168989,-0.8176669358067268,0.0019191068554189423,0.002145352558813044,-0.22517966453984387
9.755948066711426,0.0751312311437911,0.007992472822192542,-0.01889233030482281,0.026518915867954414,0.0032412872950949388,-0.0066139840500448795,0.009610280326001497,0.0055229873969867786,-0.8238099908985049,0.0018509235065357788,0.00218785403269391,-0.22668990859348695
9.759883642196655,0.0751312311437911,0.007992472822192542,-0.01889233030482281,0.02625372670927487,0.0032088744221439895,-0.006547844209544431,0.009610280326001497,0.0055229873969867786,-0.8238099908985049,0.0018324142714704209,0.002165975492366971,-0.2244230095075521
9.778556823730469,0.07612072207991272,0.008204566021104434,-0.018973068251833806,0.026521973063316065,0.003286928004850281,-0.0065235427257965784,0.009522941290462035,0.005625124403928217,-0.8299050110821756,0.001767317683802344,0.0021990129012643073,-0.2254428296080117
9.785921335220337,0.07612072207991272,0.008204566021104434,-0.018973068251833806,0.026256753332682903,0.0032540587248017783,-0.006458307298538613,0.009522941290462035,0.005625124403928217,-0.8299050110821756,0.0017496445069643204,0.0021770227722516643,-0.2231884013119316
9.797616958618164,0.07669927591270743,0.00896029836844334,-0.019043519329524226,0.02649479032483886,0.0038646742886921416,-0.006431487041267982,0.009434562675934345,0.005724050343464952,-0.8359650251600569,0.001656582517826194,0.0022398362697157114,-0.22613795472352202
9.804231643676758,0.07669927591270743,0.00896029836844334,-0.019043519329524226,0.026229842421590474,0.00382602754580522,-0.006367172170855302,0.009434562675934345,0.005724050343464952,-0.8359650251600569,0.001640016692647932,0.002217437907018554,-0.2238765751762868
9.814137935638428,0.07715796315015892,0.008812635540452779,-0.019508054256578124,0.026427115968608878,0.0036524971973670513,-0.00677985789430234,0.009335559196303246,0.005827612434978572,-0.8420049234751674,0.0015236765279764137,0.002299805259520917,-0.22773484183431006
9.819850444793701,0.07715796315015892,0.008812635540452779,-0.019508054256578124,0.026162844808922787,0.003615972225393381,-0.006712059315359316,0.009335559196303246,0.005827612434978572,-0.8420049234751674,0.0015084397626966496,0.002276807206925708,-0.22545749341596696
9.83499550819397,0.07784190322416461,0.008350737921017643,-0.01985449656444944,0.026348818154657228,0.00327962925700194,-0.0068873108689474095,0.009230621943967466,0.005933938576644512,-0.8480092731900599,0.0014240672745794714,0.002324244282801923,-0.22716747746462806
9.8430335521698,0.07784190322416461,0.008350737921017643,-0.01985449656444944,0.026085329973110655,0.003246832964431921,-0.006818437760257936,0.009230621943967466,0.005933938576644512,-0.8480092731900599,0.0014098266018336767,0.002301001839973904,-0.22489580268998177
9.85757303237915,0.07861862521789281,0.007618922376763076,-0.020150895416717433,0.026352807287928624,0.0027142721238272204,-0.006975835837776804,0.009118472419637914,0.006042790409900502,-0.853980253686918,0.0013185938559613576,0.002352858207228024,-0.22675358053732458
9.862491846084595,0.07861862521789281,0.007618922376763076,-0.020150895416717433,0.02608927921504934,0.002687129402588948,-0.006906077479399036,0.009118472419637914,0.006042790409900502,-0.853980253686918,0.001305407917401744,0.002329329625155744,-0.22448604473195133
9.875244617462158,0.0794138770429601,0.006815019358132526,-0.020406660014415923,0.026444811964808076,0.002032245896420689,-0.00706465352442101,0.009000248547925133,0.006153484972881642,-0.8599151457322252,0.001199649383476207,0.0023928367267972207,-0.2268949900101455
9.880234718322754,0.0794138770429601,0.006815019358132526,-0.020406660014415923,0.026180363845159996,0.002011923437456482,-0.0069940069891768,0.009000248547925133,0.006153484972881642,-0.8599151457322252,0.001187652889641445,0.0023689083595292483,-0.22462604011004403
9.899776220321655,0.08016336781743878,0.006228229655372383,-0.01889576832187288,0.026301413743273935,0.0016572860399037346,-0.006165038125771943,0.008879882088939734,0.006265551277400652,-0.8658162982421208,0.001114181065259471,0.0024025671218289696,-0.22539958469129726
9.910446166992188,0.08016336781743878,0.006228229655372383,-0.01889576832187288,0.026038399605841193,0.0016407131795046972,-0.006103387744514223,0.008879882088939734,0.006265551277400652,-0.8658162982421208,0.0011030392546068763,0.00237854145061068,-0.2231455888443843
9.91942286491394,0.08110673135030064,0.006554354399177785,-0.01798397171711417,0.026835222872871885,0.0019366514248672392,-0.005016708765461219,0.008794518508160454,0.0063831875964107275,-0.8716750051355512,0.00099691422757119,0.002485802351838348,-0.22744070535984542
9.924817085266113,0.08110673135030064,0.006554354399177785,-0.01798397171711417,0.026566870644143165,0.0019172849106185669,-0.0049665416778066065,0.008794518508160454,0.0063831875964107275,-0.8716750051355512,0.000986945085295478,0.0024609443283199646,-0.22516629830624696
9.94699239730835,0.08209162463366088,0.006542869565092129,-0.017464951620680246,0.026745978237235356,0.0018794965283571033,-0.004684855963093359,0.008737448019010715,0.00650049823836902,-0.8774919331760382,0.0009513395866065156,0.0024892363466869354,-0.22553779031167248
9.951322078704834,0.08209162463366088,0.006542869565092129,-0.017464951620680246,0.026478518454863004,0.0018607015630735322,-0.004638007403462425,0.008737448019010715,0.00650049823836902,-0.8774919331760382,0.0009418261907404504,0.002464343983220066,-0.22328241240855576
9.988961219787598,0.08305694752971655,0.0063377472098182916,-0.01724067976642621,0.02646988661209561,0.0017830012097560292,-0.004535244959254517,0.008707625668847044,0.006620671310442524,-0.8832658496857492,0.0009244847006971819,0.0024716282305285624,-0.2225836074845935
9.998443126678467,0.08305694752971655,0.0063377472098182916,-0.01724067976642621,0.02620518774597465,0.0017651711976584689,-0.004489892509661972,0.008707625668847044,0.006620671310442524,-0.8832658496857492,0.00091523985369021,0.0024469119482232768,-0.22035777140974755
10.007448196411133,0.08395388399511775,0.005991719416330855,-0.017236999328775836,0.026935783830695864,0.0013550608541200663,-0.004460245722102875,0.00870117259778702,0.006739765628816977,-0.8889961947608563,0.0008989214128553615,0.002554695350831391,-0.22451765921587835
10.016354084014893,0.08395388399511775,0.005991719416330855,-0.017236999328775836,0.026666425992388904,0.0013415102455788656,-0.004415643264881846,0.00870117259778702,0.006739765628816977,-0.8889961947608563,0.0008899321987268079,0.002529148397323077,-0.22227248262371957
10.02199125289917,0.08458756513766362,0.005553777652005136,-0.017425583998741,0.027516137049387292,0.0005566194323174104,-0.004741844202647396,0.008712798458731602,0.006859152598704158,-0.8947112797868265,0.0009016564578016723,0.002715642248041812,-0.23018797636657679
10.027117490768433,0.08458756513766362,0.005553777652005136,-0.017425583998741,0.027240975678893418,0.0005510532379942363,-0.004694425760620922,0.008712798458731602,0.006859152598704158,-0.8947112797868265,0.0008926398932236555,0.0026884858255613936,-0.227886096602911
10.034628629684448,0.08540267920294678,0.005055681409773629,-0.017706224914037432,0.028046944112521698,-0.0001103380026335046,-0.005051963448304271,0.008739350801303026,0.00698366958697346,-0.9003890701111316,0.000919064115373406,0.0028273774090166372,-0.23316639595569663
10.043465614318848,0.08540267920294678,0.005055681409773629,-0.017706224914037432,0.02776647467139648,-0.00010923462260716956,-0.005001443813821228,0.008739350801303026,0.00698366958697346,-0.9003890701111316,0.0009098734742196718,0.002799103634926471,-0.23083473199613966
10.047857284545898,0.0862735218290198,0.0045313918473963355,-0.01805577600715938,0.029459187136605777,-0.0012838711612764837,-0.005802835021768208,0.008777402665664116,0.007107276465321424,-0.906033515195278,0.0009874202806811553,0.0030525701579053165,-0.24137900063395004
10.056081056594849,0.0862735218290198,0.0045313918473963355,-0.01805577600715938,0.029164595265239717,-0.0012710324496637189,-0.005744806671550526,0.008777402665664116,0.007107276465321424,-0.906033515195278,0.0009775460778743438,0.0030220444563262634,-0.23896521062761053
10.060362100601196,0.08713302025340017,0.004007555698952842,-0.018452584011770766,0.030867546732912927,-0.0024583598377087225,-0.0066708979639923316,0.008822557866694669,0.007233278194539211,-0.9116419485733948,0.0010732476945645541,0.0032861487816811803,-0.2496761792339479
10.064903974533081,0.08713302025340017,0.004007555698952842,-0.018452584011770766,0.0305588712655838,-0.002433776239331635,-0.006604188984352408,0.008822557866694669,0.007233278194539211,-0.9116419485733948,0.0010625152176189086,0.0032532872938643683,-0.2471794174416084
10.092174291610718,0.0879316821293184,0.003504669039282181,-0.018880157748731714,0.03054415178318125,-0.002589456598035637,-0.006703430143839181,0.008870238031451694,0.007357726445141275,-0.9172135257640162,0.0010693743376722219,0.0032663894790908965,-0.24675071545961513
10.104705810546875,0.0879316821293184,0.003504669039282181,-0.018880157748731714,0.03023871026534944,-0.0025635620320552804,-0.006636395842400789,0.008870238031451694,0.007357726445141275,-0.9172135257640162,0.0010586805942954997,0.0032337255842999875,-0.24428320830501898
10.110124826431274,0.08860174536482703,0.009321852739036409,-0.019260299481069772,0.03127399185668318,0.008201537152205634,-0.006801702352723236,0.008964361578014078,0.007480683642294841,-0.9227565019699855,0.001221785005669977,0.003428287824189308,-0.25206912683686694
10.114017963409424,0.08860174536482703,0.009321852739036409,-0.019260299481069772,0.030961251938116344,0.008119521780683578,-0.0067336853291960035,0.008964361578014078,0.007480683642294841,-0.9227565019699855,0.0012095671556132772,0.003394004945947415,-0.24954843556849826
10.127736330032349,0.08942130894582355,0.0131243578746128,-0.019626396935157216,0.03127497966604956,0.010812502532944388,-0.006813204324559919,0.009042288545566048,0.0076084609448091155,-0.9282629348345283,0.001254276328025774,0.0034532081299547776,-0.2510668641048488
10.133363485336304,0.08942130894582355,0.0131243578746128,-0.019626396935157216,0.03096222986938906,0.010704377507614944,-0.0067450722813143195,0.009042288545566048,0.0076084609448091155,-0.9282629348345283,0.0012417335647455163,0.00341867604865523,-0.2485561954638003
10.14652395248413,0.09029148977320009,0.015814481192746036,-0.019982646346486558,0.03133254199983862,0.012644311268082936,-0.006861247325684952,0.009110156691638255,0.007735258650818914,-0.9337360473487784,0.0012808859380680137,0.0034808367085037775,-0.2502293859704332
10.1517014503479,0.09029148977320009,0.015814481192746036,-0.019982646346486558,0.031019216579840234,0.012517868155402106,-0.006792634852428103,0.009110156691638255,0.007735258650818914,-0.9337360473487784,0.0012680770786873336,0.00344602834141874,-0.24772709211072888
10.160375356674194,0.0911513415770949,0.017374994335551508,-0.020341347777463204,0.03171549204639866,0.01419822039241155,-0.007064737456706214,0.009163013226462449,0.007864046609259883,-0.939174083605291,0.0013163337135350653,0.003560045518558356,-0.2515192412778094
10.164528846740723,0.0911513415770949,0.017374994335551508,-0.020341347777463204,0.03139833712593467,0.014056238188487434,-0.006994090082139152,0.009163013226462449,0.007864046609259883,-0.939174083605291,0.0013031703763997145,0.0035244450633727725,-0.2490040488650313
10.191999673843384,0.09195641595177341,0.018005402318756674,-0.020705434731805184,0.03137866821781468,0.014147966472279862,-0.007048691855612077,0.009198597139026314,0.007991269678801876,-0.9445761892257103,0.0013030920185364014,0.0035355126764663393,-0.24848049653497598
10.197118759155273,0.09195641595177341,0.018005402318756674,-0.020705434731805184,0.031064881535636534,0.014006486807557063,-0.006978204937055956,0.009198597139026314,0.007991269678801876,-0.9445761892257103,0.0012900610983510373,0.003500157549701676,-0.24599569156962622
10.208945274353027,0.09237300241722303,0.01937054475067134,-0.02146446019039403,0.03111314047421685,0.015044994880885822,-0.007499603765668116,0.00922805018292059,0.008114816580364708,-0.9499619116446122,0.0013020647329561764,0.0035696219977940052,-0.24808967326462464
10.214453220367432,0.09237300241722303,0.01937054475067134,-0.02146446019039403,0.03080200906947468,0.014894544932076963,-0.007424607728011435,0.00922805018292059,0.008114816580364708,-0.9499619116446122,0.0012890440856266146,0.0035339257778160653,-0.24560877653197838
10.22875165939331,0.093033744673991,0.0196605697758996,-0.02205261603503061,0.0309544248798334,0.014962326290406587,-0.007756370147500025,0.009242621953153493,0.00824608216829911,-0.955315239341592,0.0012863448063415728,0.0035903906587252286,-0.2468966832595475
10.233834743499756,0.093033744673991,0.0196605697758996,-0.02205261603503061,0.030644880631035064,0.014812703027502521,-0.007678806446025024,0.009242621953153493,0.00824608216829911,-0.955315239341592,0.001273481358278157,0.0035544867521379764,-0.24442771642695202
10.242006778717041,0.09379315039684404,0.019212962781052216,-0.02255691690170202,0.031255522447135926,0.01413645770325498,-0.008253057107317939,0.009241387906022133,0.008373863655100802,-0.960638345830441,0.0012592364592655546,0.0036753062215340556,-0.24849724683608823
10.250330448150635,0.09379315039684404,0.019212962781052216,-0.02255691690170202,0.030942967222664566,0.01399509312622243,-0.00817052653624476,0.009241387906022133,0.008373863655100802,-0.960638345830441,0.001246644094672899,0.003638553159318715,-0.24601227436772735
10.26527452468872,0.09457852919755896,0.01821581767165069,-0.02299904188829883,0.031148557238305504,0.01319705086954424,-0.008420671190190309,0.009223064420307073,0.008505013835936773,-0.9659280391478852,0.001221916283364234,0.0036899282735584947,-0.2470918105009054
10.269770383834839,0.09457852919755896,0.01821581767165069,-0.02299904188829883,0.03083707166592245,0.013065080360848799,-0.008336464478288405,0.009223064420307073,0.008505013835936773,-0.9659280391478852,0.0012096971205305916,0.00365302899082291,-0.24462089239589635
10.287301301956177,0.09533408794163283,0.016834293153509573,-0.023396608814219212,0.030948372873372026,0.012153531832522458,-0.008520790677995953,0.009186761227502319,0.008632716185722191,-0.9711831518422467,0.0011768920537461,0.0036893427749680437,-0.24517230895737344
10.29218316078186,0.09533408794163283,0.016834293153509573,-0.023396608814219212,0.030638889144638304,0.012031996514197233,-0.008435582771215994,0.009186761227502319,0.008632716185722191,-0.9711831518422467,0.001165123133208639,0.0036524493472183633,-0.2427205858677997
10.303394079208374,0.09552728705982437,0.017703053911886337,-0.02159123860289495,0.030527046584765186,0.01260659010076588,-0.00670803547404404,0.009152730395728977,0.008754757440199351,-0.9764273024741229,0.0011231168225880799,0.0037247841370217885,-0.24497109724188104
10.311254739761353,0.09552728705982437,0.017703053911886337,-0.02159123860289495,0.030221776118917534,0.012480524199758222,-0.0066409551193036,0.009152730395728977,0.008754757440199351,-0.9764273024741229,0.0011118856543621991,0.0036875362956515704,-0.24252138626946224
10.322742223739624,0.0960295115408404,0.01761995118060017,-0.02064868895022388,0.030362875392900692,0.012239691544049941,-0.005762802579157907,0.009115007462618814,0.00888404784656149,-0.9816406245603366,0.0010679285077443406,0.003763209865609078,-0.24463443517699188
10.325984716415405,0.0960295115408404,0.01761995118060017,-0.02064868895022388,0.030059246638971686,0.012117294628609441,-0.005705174553366328,0.009115007462618814,0.00888404784656149,-0.9816406245603366,0.0010572492226668972,0.003725577766952987,-0.24218809082522197
10.343559265136719,0.0966746885540192,0.01696737255205031,-0.020153669429106232,0.030124172830474468,0.011608186774082015,-0.005388047947946249,0.009071957382032246,0.009008420252729467,-0.9868273771891355,0.0010221810342666137,0.00375909046712047,-0.24271749629765996
10.349516868591309,0.0966746885540192,0.01696737255205031,-0.020153669429106232,0.029822931102169725,0.011492104906341194,-0.005334167468466787,0.009071957382032246,0.009008420252729467,-0.9868273771891355,0.0010119592239239475,0.003721499562449265,-0.24029032133468337
10.366203546524048,0.0973856604645548,0.01590041006590627,-0.02000821749779961,0.029944828495266237,0.010730428544430138,-0.005228396082842367,0.009022021594802176,0.009135862789345922,-0.9919844873887786,0.0009719140902250168,0.0037606583885825546,-0.2409779734855801
10.371413707733154,0.0973856604645548,0.01590041006590627,-0.02000821749779961,0.029645380210313575,0.010623124258985837,-0.005176112122013943,0.009022021594802176,0.009135862789345922,-0.9919844873887786,0.0009621949493227666,0.003723051804696729,-0.23856819375072427
10.38402009010315,0.09810080764450695,0.014554317405509724,-0.020124852393154195,0.029904513583912808,0.009449853576609442,-0.00527330736267564,0.008963684134909618,0.009259055850189562,-0.9971111901491939,0.0009062968690726223,0.0037835440569322625,-0.24024926356637463
10.389393329620361,0.09810080764450695,0.014554317405509724,-0.020124852393154195,0.029605468448073678,0.009355355040843347,-0.005220574289048883,0.008963684134909618,0.009259055850189562,-0.9971111901491939,0.000897233900381896,0.00374570861636294,-0.23784677093071088
10.40741229057312,0.09860608401131082,0.018364493454645827,-0.021442462110320713,0.02960655612843431,0.011405913493493115,-0.005797017916359433,0.008935342125662991,0.009380708109993356,-1.0022370373198097,0.0008725325693896198,0.003775765001216167,-0.23831299952995036
10.413034439086914,0.09860608401131082,0.018364493454645827,-0.021442462110320713,0.029310490567149967,0.011291854358558184,-0.005739047737195838,0.008935342125662991,0.009380708109993356,-1.0022370373198097,0.0008638072436957236,0.0037380073512040053,-0.23592986953465087
10.420703172683716,0.09895534206506292,0.029352866507673908,-0.02196085193103078,0.02962588773183459,0.02551197571196369,-0.00565622979760931,0.009008067383654363,0.009489961187471906,-1.0073254091123083,0.0009500026363587958,0.003843092883126627,-0.24020578867321196
10.424291610717773,0.09895534206506292,0.029352866507673908,-0.02196085193103078,0.029329628854516242,0.025256855954844053,-0.005599667499633217,0.009008067383654363,0.009489961187471906,-1.0073254091123083,0.0009405026099952078,0.003804661954295361,-0.23780373078647984
10.44174599647522,0.0995865753045697,0.036100434629295394,-0.022470499059397925,0.029438211807676872,0.028874150320712614,-0.0056499406253827985,0.009158912246952556,0.00959463737956917,-1.0123663752137793,0.0010175199108647625,0.0038265866185041766,-0.23831377339819654
10.447631359100342,0.0995865753045697,0.036100434629295394,-0.022470499059397925,0.029143829689600102,0.028585408817505487,-0.00559344121912897,0.009158912246952556,0.00959463737956917,-1.0123663752137793,0.0010073447117561148,0.003788320752319135,-0.23593063566421457
10.462897777557373,0.10032960498307174,0.040026554119067075,-0.02293686703108361,0.029364042755929604,0.030876875239705115,-0.005723813769117286,0.009361773352298137,0.009691704071860811,-1.0173626697859326,0.0011301518783309878,0.0038140193813379223,-0.23684406455075724
10.47130274772644,0.10032960498307174,0.040026554119067075,-0.02293686703108361,0.02907040232837031,0.030568106487308063,-0.005666575631426113,0.009361773352298137,0.009691704071860811,-1.0173626697859326,0.0011188503595476779,0.003775879187524543,-0.23447562390524967
10.482226133346558,0.10109028143678639,0.04163977365216961,-0.02337804796462634,0.029485830389081428,0.031749450492545,-0.005953417861930152,0.009598734948595432,0.009785277219059115,-1.0223130116940236,0.0013245923979454198,0.003823783532017909,-0.2366627427461853
10.487382888793945,0.10109028143678639,0.04163977365216961,-0.02337804796462634,0.029190972085190614,0.03143195598761955,-0.0058938836833108505,0.009598734948595432,0.009785277219059115,-1.0223130116940236,0.0013113464739659656,0.00378554569669773,-0.23429611531872344
10.507537364959717,0.10127152563284701,0.05092732976511683,-0.02243621863660533,0.029055890107796103,0.03569290418102451,-0.005138650448195013,0.009928594762315121,0.009863204198507853,-1.0272307767895041,0.001461898792949275,0.003786355089567476,-0.2343931903416351
10.511320114135742,0.10127152563284701,0.05092732976511683,-0.02243621863660533,0.02876533120671814,0.035335975139214264,-0.005087263943713063,0.009928594762315121,0.009863204198507853,-1.0272307767895041,0.001447279805019782,0.0037484915386718012,-0.23204925843821875
10.519951820373535,0.10177900741949505,0.05555169679568644,-0.021995856496552398,0.02914291879011805,0.04029843455633106,-0.004272600841843332,0.010273937033459132,0.009951611700071116,-1.032110957603958,0.0018328927624740607,0.0038134284378461268,-0.23538255049387274
10.524526596069336,0.10177900741949505,0.05555169679568644,-0.021995856496552398,0.02885148960221687,0.03989545021076775,-0.004229874833424898,0.010273937033459132,0.009951611700071116,-1.032110957603958,0.00181456383484932,0.0037752941534676654,-0.233028724988934
10.54456090927124,0.1024356021953925,0.057143139760020785,-0.021826450777173913,0.02890231194078256,0.04028180990233307,-0.004072210641109179,0.01063178535243317,0.010031717452434537,-1.0369574555662993,0.001975035908706716,0.0037775254886866366,-0.2331175363692291
10.547508478164673,0.1024356021953925,0.057143139760020785,-0.021826450777173913,0.028613288821374733,0.03987899180330974,-0.004031488534698088,0.01063178535243317,0.010031717452434537,-1.0369574555662993,0.001955285549619649,0.0037397502337997704,-0.23078636100553682
10.561814785003662,0.10315667155643041,0.05634340717272512,-0.021879380028814583,0.02882318922968824,0.03891911911261404,-0.004071139651573858,0.010989984556046134,0.010117613893188661,-1.0417688101518254,0.0021861112213312963,0.0037623936922218403,-0.2318415977676989
10.58285927772522,0.10387556074478245,0.05373725619658967,-0.022110604465778425,0.028858605073495427,0.03729611145102547,-0.004213341776837863,0.011338192880422942,0.010198580191262154,-1.0465459059211348,0.0023297130304551694,0.0037632436207164647,-0.2317931798519927
10.587453365325928,0.10387556074478245,0.05373725619658967,-0.022110604465778425,0.028570019022760473,0.03692315033651521,-0.004171208359069484,0.011338192880422942,0.010198580191262154,-1.0465459059211348,0.0023064159001506177,0.0037256111845093,-0.22947524805347275
10.602909803390503,0.1042315953310772,0.06162296588511386,-0.022751729016404088,0.028564982778791326,0.041665478185992616,-0.004286025591459323,0.011755603065468264,0.010273039551817152,-1.0512953598578059,0.002553407612561032,0.0037365287594113834,-0.23025329534532307
10.61042070388794,0.1042315953310772,0.06162296588511386,-0.022751729016404088,0.028279332951003412,0.04124882340413269,-0.00424316533554473,0.011755603065468264,0.010273039551817152,-1.0512953598578059,0.0025278735364354216,0.0036991634718172694,-0.22795076239186984
10.62116265296936,0.10485410058003711,0.06466576844557374,-0.02327737765726066,0.028596046802691094,0.043683206209024876,-0.004560175188838549,0.012186290806538932,0.010350093282977976,-1.0560027860731191,0.0029035348332814024,0.0037339034479797464,-0.23005353788960098
10.626262664794922,0.10485410058003711,0.06466576844557374,-0.02327737765726066,0.028310086334664183,0.04324637414693463,-0.004514573436950163,0.012186290806538932,0.010350093282977976,-1.0560027860731191,0.002874499484948588,0.003696564413499949,-0.22775300251070496
10.642752170562744,0.10558453956829299,0.06471463965985627,-0.02377815351445793,0.028460304879180047,0.04285482187709124,-0.004785291863348453,0.012620412938297756,0.010423639162579754,-1.0606735225787176,0.0031090262569254757,0.0037042003969924406,-0.22830802342518577
10.65116548538208,0.10558453956829299,0.06471463965985627,-0.02377815351445793,0.028175701830388245,0.04242627365832033,-0.004737438944714969,0.012620412938297756,0.010423639162579754,-1.0606735225787176,0.003077935994356221,0.0036671583930225162,-0.2260249431909339
10.658491849899292,0.10634469013332595,0.06245903316813921,-0.024268419889676898,0.028869350864995202,0.03895360727881019,-0.005553048254482027,0.013044078849551083,0.010498691706656689,-1.065306736026094,0.0036254324085131734,0.0037329285370470136,-0.23008872177659245
10.661238670349121,0.10634469013332595,0.06245903316813921,-0.024268419889676898,0.02858065735634525,0.03856407120602209,-0.005497517771937207,0.013044078849551083,0.010498691706656689,-1.065306736026094,0.0035891780844280415,0.0036955992516765433,-0.22778783455882654
10.68693995475769,0.1070762098702487,0.05851783971023807,-0.024760591287642852,0.028553152038783024,0.03665510343320469,-0.0057236134837073335,0.013445544861321011,0.010571272017872314,-1.0699030687090076,0.003709490952887619,0.003686883214043677,-0.22729832313290133
10.69289779663086,0.1070762098702487,0.05851783971023807,-0.024760591287642852,0.02826762051839519,0.036288552398872645,-0.00566637734887026,0.013445544861321011,0.010571272017872314,-1.0699030687090076,0.0036723960433587425,0.0036500143819032404,-0.2250253399015723
10.70118260383606,0.10732739106614851,0.061079592650591055,-0.025882923330552213,0.028290474116394005,0.03908087729649227,-0.006805448027062602,0.013874218179560952,0.01063579501166127,-1.0744846693802088,0.004153093077309758,0.0036913953428472195,-0.22830520996556897
10.706390619277954,0.10732739106614851,0.061079592650591055,-0.025882923330552213,0.028007569375230065,0.03869006852352735,-0.006737393546791976,0.013874218179560952,0.01063579501166127,-1.0744846693802088,0.00411156214653666,0.003654481389418747,-0.2260221578659133
10.722557067871094,0.1078519255270916,0.06032855407716701,-0.02666773825440224,0.028030628902600822,0.037861855970892554,-0.007189067255020475,0.014294752391114343,0.010706287323558748,-1.0790323956135612,0.0043305742885256905,0.003661540655599012,-0.22657500076901194
10.727729082107544,0.1078519255270916,0.06032855407716701,-0.02666773825440224,0.027750322613574813,0.037483237411183624,-0.00711717658247027,0.014294752391114343,0.010706287323558748,-1.0790323956135612,0.004287268545640433,0.003624925249043022,-0.22430925076132183
10.743291139602661,0.10848901365507269,0.05762614866038961,-0.02728664575823253,0.027845161922427707,0.03539197147021001,-0.0075482939095654076,0.014699514823032844,0.010770642748897897,-1.0835503785168061,0.0045044915654244835,0.0036300300561680006,-0.22496936234780893
10.74802565574646,0.10848901365507269,0.05762614866038961,-0.02728664575823253,0.02756671030320343,0.035038051755507914,-0.007472810970469753,0.014699514823032844,0.010770642748897897,-1.0835503785168061,0.004459446649770238,0.0035937297556063205,-0.22271966872433083
10.760998964309692,0.10916440768080954,0.053523038513989867,-0.02778759555565244,0.027754114504941748,0.031546024170058806,-0.007969032514271524,0.01507814151627528,0.010837168830220893,-1.0880361068317035,0.004706702709602804,0.0036090716525585395,-0.22395013150231471
10.766675472259521,0.10916440768080954,0.053523038513989867,-0.02778759555565244,0.027476573359892332,0.03123056392835822,-0.007889342189128809,0.01507814151627528,0.010837168830220893,-1.0880361068317035,0.004659635682506776,0.003572980936032954,-0.22171063018729156
10.786883115768433,0.1098220887748889,0.04849671636100128,-0.02821010000737245,0.027484776280959248,0.028443445997911234,-0.008162886017632234,0.015421521090777473,0.010898633791988183,-1.0924895615545305,0.004782964915645114,0.003567667816149646,-0.22169737052437144
10.794901609420776,0.1098220887748889,0.04849671636100128,-0.02821010000737245,0.027209928518149656,0.02815901153793212,-0.00808125715745591,0.015421521090777473,0.010898633791988183,-1.0924895615545305,0.004735135266488663,0.0035319911379881495,-0.21948039681912773
10.80711030960083,0.1103079141303839,0.04332918631402269,-0.029600210981110937,0.027245406761716107,0.023711313325082552,-0.00937741188694931,0.015719679015439924,0.01095616266068376,-1.0969019830295978,0.004932001496584613,0.003543792433491181,-0.22089975439966242
10.81138563156128,0.1103079141303839,0.04332918631402269,-0.029600210981110937,0.026972952694098946,0.023474200191831728,-0.009283637768079816,0.015719679015439924,0.01095616266068376,-1.0969019830295978,0.004882681481618766,0.003508354509156269,-0.2186907568556658
10.819429159164429,0.11099303384826707,0.03796463106325935,-0.030524018786875374,0.027426828736463175,0.016636203232954748,-0.010721590189434407,0.016038686232585583,0.011018534420478234,-1.1012703971713147,0.005230455801136664,0.00355081375731633,-0.22193481733650877
10.824525117874146,0.11099303384826707,0.03796463106325935,-0.030524018786875374,0.027152560449098542,0.0164698412006252,-0.010614374287540062,0.016038686232585583,0.011018534420478234,-1.1012703971713147,0.005178151243125297,0.0035153056197431668,-0.2197154691631437
10.840508937835693,0.11176174707157081,0.03265246298833085,-0.031197703163264298,0.027301203361841865,0.013005492835203226,-0.011121758045816447,0.01636153662013967,0.011076180326652642,-1.1055996941728867,0.005328355481491269,0.003516217725886832,-0.22022686412484105
10.844032287597656,0.11176174707157081,0.03265246298833085,-0.031197703163264298,0.027028191328223445,0.012875437906851195,-0.011010540465358282,0.01636153662013967,0.011076180326652642,-1.1055996941728867,0.0052750719266763555,0.0034810555486279636,-0.21802459548359263
10.862549781799316,0.11254591396535076,0.02757822874602612,-0.03168203727264777,0.02713290332989832,0.010020917118609037,-0.011321066861511372,0.016680649467347954,0.011135677097664352,-1.1098906656602308,0.005394651677036348,0.0034783750267000993,-0.21816160230638107
10.867906332015991,0.11254591396535076,0.02757822874602612,-0.03168203727264777,0.026861574296599338,0.009920707947422946,-0.011207856192896258,0.016680649467347954,0.011135677097664352,-1.1098906656602308,0.005340705160265985,0.0034435912764330984,-0.21597998628331724
10.877844333648682,0.11329152784554744,0.022875815696789554,-0.032029969457745555,0.027261294846706887,0.005108809492421503,-0.011721199307089761,0.016986163454781288,0.011191282301562565,-1.1141458732106533,0.005594718049537921,0.0034651074614379033,-0.21810194014492026
10.882888078689575,0.11329152784554744,0.022875815696789554,-0.032029969457745555,0.026988681898239816,0.005057721397497288,-0.011603987314018864,0.016986163454781288,0.011191282301562565,-1.1141458732106533,0.005538770869042542,0.0034304563868235243,-0.21592092074347105
10.90168046951294,0.11343675408773993,0.02654992893893922,-0.032271846334975804,0.02682684636657954,0.006963828884320036,-0.01150694250791647,0.01732467280427547,0.011234545737302246,-1.118366597973141,0.005663514231845861,0.0034191736066901675,-0.2160076869428697
10.907068490982056,0.11343675408773993,0.02654992893893922,-0.032271846334975804,0.026558577902913744,0.006894190595476835,-0.011391873082837305,0.01732467280427547,0.011234545737302246,-1.118366597973141,0.005606879089527402,0.0033849818706232658,-0.213847610073441
10.91950249671936,0.11384210182117269,0.028002668058682414,-0.03171283283735413,0.026644016828285804,0.007960276959261409,-0.010767895693376935,0.017671906316536486,0.011287778043309792,-1.1225528158860463,0.0058300714792983415,0.003393943923756401,-0.21507588319363202
10.92238187789917,0.11384210182117269,0.028002668058682414,-0.03171283283735413,0.026377576660002944,0.007880674189668795,-0.010660216736443165,0.017671906316536486,0.011287778043309792,-1.1225528158860463,0.005771770764505358,0.003360004484518837,-0.2129251243616957
10.94629979133606,0.11443788803725914,0.028187854440571432,-0.03127612320143815,0.026366534757950706,0.007864893486002715,-0.01037069008394387,0.01801704848814327,0.011335260812638984,-1.1267086126280974,0.005858355850043951,0.0033462568274893675,-0.21253339790384934
10.949538707733154,0.11443788803725914,0.028187854440571432,-0.03127612320143815,0.0261028694103712,0.007786244551142688,-0.010266983183104431,0.01801704848814327,0.011335260812638984,-1.1267086126280974,0.0057997722915435115,0.0033127942592144737,-0.21040806392481085
10.967570304870605,0.11512773692277797,0.02739804507272512,-0.030901022037872868,0.02622003843614706,0.007253709446688986,-0.009987353423361274,0.018348429053630606,0.011388597887187511,-1.1308360520288976,0.005925552280031725,0.003309246100455092,-0.2105929870656148
10.97356128692627,0.11512773692277797,0.02739804507272512,-0.030901022037872868,0.02595783805178559,0.007181172352222096,-0.009887479889127661,0.018348429053630606,0.011388597887187511,-1.1308360520288976,0.005866296757231408,0.0032761536394505407,-0.20848705719495866
10.99118423461914,0.11583852343907276,0.025890545292665296,-0.030603023046374942,0.026090053612072513,0.0062402146620354135,-0.009674723394162773,0.018655517942413248,0.011438960828866083,-1.1349375041401977,0.005981888910955781,0.0032719701494511597,-0.20872952265258785
10.995950937271118,0.11583852343907276,0.025890545292665296,-0.030603023046374942,0.025829153075951787,0.006177812515415059,-0.009577976160221146,0.018655517942413248,0.011438960828866083,-1.1349375041401977,0.0059220700218462225,0.0032392504479566483,-0.20664222742606198
11.01248025894165,0.11631854262910812,0.02477056129634404,-0.03161458191903415,0.025842957440841734,0.005471275280628678,-0.010135771828938997,0.01892997770693191,0.011486642726463547,-1.1389947187756193,0.00602889350056582,0.003235704800322072,-0.2070303611924492
11.016966342926025,0.11631854262910812,0.02477056129634404,-0.03161458191903415,0.025584527866433317,0.005416562527822391,-0.010034414110649608,0.01892997770693191,0.011486642726463547,-1.1389947187756193,0.005968604565560162,0.0032033477523188514,-0.20496005758052468
11.053179740905762,0.11790507862332703,0.020851014756197116,-0.032386027645,0.025746606503993755,0.004288384732402138,-0.010215022221174213,0.019490350818210735,0.011592786398505093,-1.1470001415125484,0.006063660450389071,0.003200624883013356,-0.20512108157560577
11.056594371795654,0.11790507862332703,0.020851014756197116,-0.032386027645,0.025489140438953818,0.004245500885078117,-0.01011287199896247,0.019490350818210735,0.011592786398505093,-1.1470001415125484,0.00600302384588518,0.003168618634183222,-0.2030698707598497
11.069148063659668,0.11878302771768985,0.0185609363360571,-0.03248783393131562,0.025902433791336076,0.002377138191934532,-0.010207584707010693,0.019757789485655097,0.011648848248885511,-1.1509571070895022,0.006156029477942635,0.003181590107904821,-0.2041912054300154
11.079610824584961,0.11878302771768985,0.0185609363360571,-0.03248783393131562,0.025643409453422715,0.002353366810015187,-0.010105508859940587,0.019757789485655097,0.011648848248885511,-1.1509571070895022,0.0060944691831632085,0.003149774206825773,-0.20214929337571524
11.091059923171997,0.1196226607040507,0.016228830338275435,-0.03248811522012942,0.026086420750564287,0.0002864477989628564,-0.0101325970098617,0.02000761256156111,0.011703700006043257,-1.1548867518329526,0.006251727762101635,0.00316618570122776,-0.20356007479401936
11.098798990249634,0.1196226607040507,0.016228830338275435,-0.03248811522012942,0.025825556543058643,0.0002835833209732278,-0.010031271039763083,0.02000761256156111,0.011703700006043257,-1.1548867518329526,0.0061892104844806185,0.0031345238442154824,-0.20152447404607915
11.102869510650635,0.12039297770268813,0.013942721261881532,-0.03286104366660271,0.02735969055214401,-0.005296370371607662,-0.011196482542119633,0.02023077967355255,0.011761689974156083,-1.1587997649184236,0.006675570421159942,0.0032456418841751884,-0.209122282920357
11.108061075210571,0.12039297770268813,0.013942721261881532,-0.03286104366660271,0.02708609364662257,-0.005243406667891586,-0.011084517716698437,0.02023077967355255,0.011761689974156083,-1.1587997649184236,0.006608814716948342,0.0032131854653334366,-0.20703106009115343
11.12562084197998,0.12127552724612735,0.011723626999751076,-0.03296932490006766,0.02729627448464863,-0.006455815458061443,-0.01111490063626143,0.0204670080525787,0.01182113704909913,-1.162680855365806,0.006677254768318307,0.0032149077476533844,-0.2071709670280645
11.129847288131714,0.12127552724612735,0.011723626999751076,-0.03296932490006766,0.02702331173980214,-0.006391257303480829,-0.011003751629898815,0.0204670080525787,0.01182113704909913,-1.162680855365806,0.006610482220635124,0.0031827586701768506,-0.20509925735778387
11.151474952697754,0.12216350644301725,0.009698260481207002,-0.032945330761984984,0.02714800954692343,-0.007268677582080419,-0.010941979970683377,0.02070085781701284,0.011879723374758639,-1.166537333946563,0.006652502694953545,0.0031780196882019657,-0.20483138776957568
11.155295133590698,0.12216350644301725,0.009698260481207002,-0.032945330761984984,0.026876529451454197,-0.007195990806259615,-0.010832560170976543,0.02070085781701284,0.011879723374758639,-1.166537333946563,0.006585977668004009,0.003146239491319946,-0.20278307389187994
11.16167402267456,0.12299105580829198,0.007899069954834257,-0.03284316624605219,0.02785860116847716,-0.0099678901520063,-0.010743545857526496,0.020923200069120875,0.011938175454254272,-1.1703693562870667,0.00686867741193161,0.0032064107315541396,-0.20676259379054818
11.168984651565552,0.12299105580829198,0.007899069954834257,-0.03284316624605219,0.027580015156792387,-0.009868211250486238,-0.01063611039895123,0.020923200069120875,0.011938175454254272,-1.1703693562870667,0.006799990637812293,0.003174346624238598,-0.20469496785264268
11.186960220336914,0.1237117859790666,0.006342768187720858,-0.032704771341058037,0.02769101669301751,-0.010644215450486062,-0.010507941751675574,0.021124375616595314,0.011994159000223072,-1.1741779884244135,0.006843906827126753,0.00317374739976173,-0.20476680072046574
11.196213722229004,0.1237117859790666,0.006342768187720858,-0.032704771341058037,0.027414106526087334,-0.010537773295981202,-0.010402862334158818,0.021124375616595314,0.011994159000223072,-1.1741779884244135,0.006775467758855485,0.003142009925764113,-0.20271913271326109
11.209624767303467,0.12426229678802996,0.005605421181620887,-0.03303188342000276,0.027540726727631682,-0.010972272883373886,-0.010577642944470392,0.02130079025954397,0.012046571812989166,-1.177961134639066,0.006839257373280817,0.0031496716523262192,-0.2035128596618088
11.21439528465271,0.12426229678802996,0.005605421181620887,-0.03303188342000276,0.027265319460355365,-0.010862550154540147,-0.010471866515025689,0.02130079025954397,0.012046571812989166,-1.177961134639066,0.006770864799548009,0.003118174935802957,-0.2014777310651907
11.22588062286377,0.12491031862316977,0.004908569545275071,-0.03313180627021447,0.027546520618272872,-0.011362820937558566,-0.010493516418216525,0.02145147759565661,0.012097838156665607,-1.1817201085203082,0.006834355889290805,0.0031316295242996323,-0.20273579937054564
11.230009317398071,0.12491031862316977,0.004908569545275071,-0.03313180627021447,0.027271055412090142,-0.01124919272818298,-0.01038858125403436,0.02145147759565661,0.012097838156665607,-1.1817201085203082,0.0067660123303978975,0.003100313229056636,-0.20070844137684019
11.249416828155518,0.1255733140459636,0.004310108213065775,-0.03313208236257424,0.027334768057509114,-0.011449814373396556,-0.010305134884391292,0.021568061759674143,0.012143585073777389,-1.18545297220079,0.00675842388010474,0.0030928818560109947,-0.2006247688457882
11.2531156539917,0.1255733140459636,0.004310108213065775,-0.03313208236257424,0.02706142037693402,-0.01133531622966259,-0.010202083535547378,0.021568061759674143,0.012143585073777389,-1.18545297220079,0.006690839641303693,0.003061953037450885,-0.1986185211573303
11.274162769317627,0.12620671586585283,0.0038114674018481496,-0.03307315629398775,0.02708779657905491,-0.011464919838223118,-0.010087844803879963,0.02164609945249961,0.012184421352854293,-1.1891568120136855,0.006661008864135386,0.00305073582347201,-0.1983921209593036
11.277958154678345,0.12620671586585283,0.0038114674018481496,-0.03307315629398775,0.026816918613264358,-0.011350270639840888,-0.009986966355841164,0.02164609945249961,0.012184421352854293,-1.1891568120136855,0.006594398775494032,0.00302022846523729,-0.19640819974971055
11.284832954406738,0.12677641933669936,0.00341012882286293,-0.032986043955747606,0.027367749383720136,-0.011840496813981041,-0.009799650123759447,0.021682909408631063,0.01221727834992358,-1.1928285312215507,0.006581998101851103,0.0030378195685633095,-0.19978495581721292
11.290290594100952,0.12677641933669936,0.00341012882286293,-0.032986043955747606,0.027094071889882936,-0.01172209184584123,-0.009701653622521853,0.021682909408631063,0.01221727834992358,-1.1928285312215507,0.006516178120832591,0.0030074413728776762,-0.19778710625904078
11.303045272827148,0.12687988837663744,-0.0005345903348065714,-0.03492684457865715,0.026851708778890104,-0.014593761052303963,-0.011318133318731492,0.02164860566216827,0.01224089543399807,-1.196484950231617,0.006424121309808784,0.002995883367583386,-0.1986759628409159
11.307992219924927,0.12687988837663744,-0.0005345903348065714,-0.03492684457865715,0.026583191691101203,-0.014447823441780923,-0.011204951985544177,0.02164860566216827,0.01224089543399807,-1.196484950231617,0.006359880096710696,0.0029659245339075523,-0.19668920321250674
11.324153900146484,0.12727563499570888,-0.002604648444513074,-0.03597981953334007,0.026540545427494115,-0.015543487516543865,-0.011823944892441854,0.021568773941534572,0.012266796650722167,-1.2001182112453146,0.0062468856143915895,0.0029522916028928677,-0.19697038252190668
11.33096694946289,0.12727563499570888,-0.002604648444513074,-0.03597981953334007,0.026275139973219175,-0.015388052641378425,-0.011705705443517435,0.021568773941534572,0.012266796650722167,-1.2001182112453146,0.006184416758247674,0.002922768686863939,-0.1950006786966876
11.344353437423706,0.12781093131176338,-0.003673835970307635,-0.03658732507270889,0.026398823858902208,-0.016008920685528297,-0.01209179503598698,0.021442225293368797,0.012282906894375226,-1.2037296198950518,0.006028037975958035,0.002905575705214635,-0.19574847334973128
11.35914921760559,0.12841045820808955,-0.004034525756731131,-0.03686911193007909,0.026536010455972908,-0.01608717591929057,-0.012175942690797805,0.02127331122636191,0.012296386268166582,-1.2073155146226737,0.005853593919169989,0.0028856302307063313,-0.19621458148091597
11.36812686920166,0.12841045820808955,-0.004034525756731131,-0.03686911193007909,0.02627065035141318,-0.015926304160097663,-0.012054183263889826,0.02127331122636191,0.012296386268166582,-1.2073155146226737,0.005795057979978289,0.002856773928399268,-0.1942524356661068
11.38012981414795,0.1290177300780482,-0.0036467896831504734,-0.0369074057849047,0.026519772682040355,-0.015452281202853028,-0.011944120875388847,0.021066032661829544,0.012300164087968139,-1.2108741115221728,0.005564417643239772,0.00283135359987027,-0.19527468113503701
11.385369539260864,0.1290177300780482,-0.0036467896831504734,-0.0369074057849047,0.02625457495521995,-0.015297758390824498,-0.011824679666634958,0.021066032661829544,0.012300164087968139,-1.2108741115221728,0.005508773466807374,0.0028030400638715675,-0.19332193432368663
11.400739908218384,0.12912158086723804,-0.005307542100883245,-0.03710349989898023,0.026040107803048794,-0.016215064135387664,-0.01190321478068359,0.020806165864705614,0.012296827864986933,-1.2144367121126172,0.005284615752204435,0.002772839108322669,-0.1937065517222291
11.404029846191406,0.12912158086723804,-0.005307542100883245,-0.03710349989898023,0.025779706725018305,-0.016052913494033788,-0.011784182632876753,0.020806165864705614,0.012296827864986933,-1.2144367121126172,0.005231769594682391,0.002745110717239442,-0.1917694862050068
11.420772790908813,0.12956418127957633,-0.006186106827714835,-0.037096122525594535,0.025776527679554396,-0.016420752953032244,-0.011695302514497083,0.020539427943000454,0.012304803232629502,-1.217974921084295,0.005020138273679015,0.002722423029989397,-0.1919650450336287
11.42617130279541,0.12956418127957633,-0.006186106827714835,-0.037096122525594535,0.02551876240275885,-0.016256545423501922,-0.011578349489352113,0.020539427943000454,0.012304803232629502,-1.217974921084295,0.004969936890942225,0.002695198799689503,-0.19004539458329242
11.43766450881958,0.13016883022182427,-0.006510676482360788,-0.036976098833093864,0.025783946172035006,-0.016392089895622845,-0.011375504189804523,0.020252394750455642,0.012304584237221396,-1.221495669553208,0.004670495899076432,0.002668056268333648,-0.19120827080095693
11.441373348236084,0.13016883022182427,-0.006510676482360788,-0.036976098833093864,0.025526106710314658,-0.016228168996666615,-0.011261749147906477,0.020252394750455642,0.012304584237221396,-1.221495669553208,0.004623790940085668,0.0026413757056503117,-0.18929618809294735
11.460135221481323,0.13085181984506006,-0.006077536166568595,-0.036767744866684944,0.025638571563299583,-0.01584971439689087,-0.011022492658907384,0.01994717297144087,0.012309597560134958,-1.2249956904797294,0.004414871098542337,0.002617634028747017,-0.18926872273295273
11.464475393295288,0.13085181984506006,-0.006077536166568595,-0.036767744866684944,0.025382185847666588,-0.01569121725292196,-0.01091226773231831,0.01994717297144087,0.012309597560134958,-1.2249956904797294,0.004370722387556914,0.002591457688459547,-0.1873760355056232
11.47834587097168,0.1315347812196662,-0.005288632191430129,-0.0365223417167811,0.02563032701215934,-0.014987947958598076,-0.010588454421590869,0.019622128932325084,0.012307853567036082,-1.2284747104610423,0.004092672809582731,0.0025642857698023286,-0.18801049445092627
11.48337984085083,0.1315347812196662,-0.005288632191430129,-0.0365223417167811,0.025374023742037746,-0.014838068479012095,-0.01048256987737496,0.019622128932325084,0.012307853567036082,-1.2284747104610423,0.004051746081486903,0.002538642912104305,-0.186130389506417
11.500554084777832,0.13216594050615793,-0.003405551054700455,-0.03702886168070849,0.025508606433034556,-0.013584029135317146,-0.010599118311278365,0.019285450194362855,0.012308405434529775,-1.2319468533597113,0.003815191613515701,0.0025135778173581776,-0.1862908007525999
11.505257368087769,0.13216594050615793,-0.003405551054700455,-0.03702886168070849,0.02525352036870421,-0.013448188843963973,-0.010493127128165582,0.019285450194362855,0.012308405434529775,-1.2319468533597113,0.0037770396973805438,0.0024884420391845957,-0.1844278927450739
11.521958112716675,0.13294091076985395,-0.001673508737960075,-0.0372175982603377,0.0254843092344161,-0.012281023509178129,-0.010432024231246022,0.018934814737476904,0.012305949263923198,-1.2353956181993195,0.003529317310434352,0.002462086923526668,-0.18464865038709383
11.527152061462402,0.13294091076985395,-0.001673508737960075,-0.0372175982603377,0.02522946614207194,-0.012158213274086347,-0.010327703988933562,0.018934814737476904,0.012305949263923198,-1.2353956181993195,0.0034940241373300086,0.0024374660542914013,-0.18280216388322287
11.542084455490112,0.13376374392863602,0.00035204575293932097,-0.037231615510284075,0.025553281243451974,-0.01069410015653293,-0.010143753707608246,0.01857339907105781,0.012300290356005864,-1.2388247691264969,0.0032170492525174735,0.002409301708111454,-0.1832705931154391
11.547501564025879,0.13376374392863602,0.00035204575293932097,-0.037231615510284075,0.025297748431017456,-0.010587159154967602,-0.010042316170532164,0.01857339907105781,0.012300290356005864,-1.2388247691264969,0.0031848787599922986,0.0023852086910303395,-0.18143788718428472
11.56287169456482,0.13455809281095507,0.0020519656917534447,-0.03715533735816659,0.02558201797700953,-0.00939177332873008,-0.009819091449524319,0.01820021661130203,0.012288878640061644,-1.2422307803230876,0.002910232776356652,0.0023539319983788497,-0.18183950198143617
11.570420026779175,0.13455809281095507,0.0020519656917534447,-0.03715533735816659,0.025326197797239436,-0.009297855595442779,-0.009720900535029076,0.01820021661130203,0.012288878640061644,-1.2422307803230876,0.0028811304485930854,0.002330392678395061,-0.1800211069616218
11.591261863708496,0.13528513155378666,0.003802724022202403,-0.03700218442062815,0.025437341160343546,-0.008378978525760042,-0.009494670379631925,0.017820377083967866,0.012271288783162863,-1.2456131897153166,0.0026700705598665833,0.002298649065148525,-0.1798437899793643
11.599091053009033,0.13528513155378666,0.003802724022202403,-0.03700218442062815,0.025182967748740112,-0.00829518874050244,-0.009399723675835605,0.017820377083967866,0.012271288783162863,-1.2456131897153166,0.0026433698542679173,0.0022756625744970397,-0.17804535207957065
11.60665225982666,0.13590424515768632,0.00527472266084607,-0.0368223556926209,0.025786163097154913,-0.006302968310446814,-0.008939447315535044,0.01743613859658576,0.012245701164334726,-1.2489699494378763,0.002108765308597561,0.0022190652941511584,-0.18070434824388906
11.61197280883789,0.13590424515768632,0.00527472266084607,-0.0368223556926209,0.025528301466183363,-0.006239938627342346,-0.008850052842379693,0.01743613859658576,0.012245701164334726,-1.2489699494378763,0.0020876776555115856,0.0021968746412096467,-0.17889730476145016
11.624953031539917,0.13663107770529012,0.006852818687085488,-0.036619549625999746,0.025855638170344492,-0.004986621809880993,-0.008525303063137746,0.017054067717950882,0.012215999820386183,-1.252303331640125,0.0017724524017340934,0.00215202389605965,-0.17967637871793551
11.629378318786621,0.13663107770529012,0.006852818687085488,-0.036619549625999746,0.025597081788641046,-0.004936755591782183,-0.008440050032506368,0.017054067717950882,0.012215999820386183,-1.252303331640125,0.0017547278777167523,0.0021305036570990533,-0.17787961493075616
11.644034385681152,0.13737712136504213,0.00814530133524519,-0.03643178042103015,0.02586662933639114,-0.004026425563972906,-0.00816999498731884,0.016675682120799066,0.012176198746209057,-1.2556112350291921,0.0014790038316835575,0.00208204189801612,-0.17835783863054697
11.648051738739014,0.13737712136504213,0.00814530133524519,-0.03643178042103015,0.02560796304302723,-0.003986161308333177,-0.008088295037445651,0.016675682120799066,0.012176198746209057,-1.2556112350291921,0.001464213793366722,0.0020612214790359587,-0.1765742602442415
11.66298508644104,0.1380928647725727,0.008984009986324827,-0.036280561851700206,0.025841714995587375,-0.0034021333625249258,-0.007870335780270825,0.016301857579233053,0.012128369216933874,-1.2588905054326376,0.001199242962212253,0.0020085805924236113,-0.17700445553119842
11.667983531951904,0.1380928647725727,0.008984009986324827,-0.036280561851700206,0.0255832978456315,-0.0033681120288996764,-0.007791632422468116,0.016301857579233053,0.012128369216933874,-1.2588905054326376,0.0011872505325901304,0.001988494786499375,-0.17523441097588643
11.680376529693604,0.1387589865035643,0.010247232499895127,-0.036113024464165575,0.025884015930769392,-0.0023375423537379063,-0.007511621374488943,0.015940088686236517,0.012069621014201393,-1.2621426144811152,0.000883464076711912,0.0019212054866309845,-0.17610621730677126
11.685808897018433,0.1387589865035643,0.010247232499895127,-0.036113024464165575,0.025625175771461697,-0.002314166930200527,-0.007436505160744053,0.015940088686236517,0.012069621014201393,-1.2621426144811152,0.0008746294359447929,0.0019019934317646746,-0.17434515513370355
11.70106053352356,0.13920543254524537,0.011039283666104988,-0.036015086401830855,0.025671338909903623,-0.0017831416668388357,-0.007263939604714878,0.015588767458047617,0.012003330921526495,-1.265395030195384,0.0006355332849841856,0.0018395092484448873,-0.17473420635554465
11.705564498901367,0.13920543254524537,0.011039283666104988,-0.036015086401830855,0.025414625520804587,-0.0017653102501704473,-0.007191300208667729,0.015588767458047617,0.012003330921526495,-1.265395030195384,0.0006291779521343438,0.0018211141559604383,-0.1729868642919892
11.719864845275879,0.13982520535895904,0.011374782989215149,-0.035959291324690855,0.025598234647478544,-0.0015242503826078083,-0.007066962908112116,0.015250777742428098,0.011934614208361408,-1.2686194267421262,0.0003865354530094974,0.0017548505327577562,-0.1735117637940488
11.724393129348755,0.13982520535895904,0.011374782989215149,-0.035959291324690855,0.02534225230100376,-0.0015090078787817303,-0.006996293279030995,0.015250777742428098,0.011934614208361408,-1.2686194267421262,0.0003826700984794024,0.0017373020274301786,-0.17177664615610833
11.738610982894897,0.14051179885990764,0.011584790155608213,-0.0359274091980704,0.025574423828747517,-0.001356830514802411,-0.00689682863217907,0.014927389701626778,0.011855097313091398,-1.2718217913895522,0.00015139131427276535,0.0016640015107782097,-0.17231123419871555
11.742297649383545,0.14051179885990764,0.011584790155608213,-0.0359274091980704,0.025318679590460042,-0.001343262209654387,-0.006827860345857279,0.014927389701626778,0.011855097313091398,-1.2718217913895522,0.0001498774011300377,0.0016473614956704276,-0.1705881218567284
11.761415004730225,0.14120333586598874,0.011757554429246636,-0.035913925106539145,0.0254288195405952,-0.001246659830836158,-0.006748616682083329,0.014620771312894066,0.011769998960920196,-1.2749993325287738,-1.2008823536651644e-05,0.0015863742172764937,-0.17054436444221202
11.771185636520386,0.14120333586598874,0.011757554429246636,-0.035913925106539145,0.025174531345189245,-0.0012341932325277962,-0.006681130515262495,0.014620771312894066,0.011769998960920196,-1.2749993325287738,-1.1888735301285128e-05,0.0015705104751037287,-0.1688389207977899
11.788616418838501,0.14184764823100593,0.011767060710766766,-0.03592726975474252,0.02529239946653366,-0.001222400157383332,-0.0066240473321024455,0.01432968614137809,0.011674230109964536,-1.2781508633016436,-0.00017876474594172696,0.0014998629993174396,-0.16895855759538864
11.793767213821411,0.14184764823100593,0.011767060710766766,-0.03592726975474252,0.02503947547186832,-0.0012101761558094986,-0.006557806858781421,0.01432968614137809,0.011674230109964536,-1.2781508633016436,-0.0001769770984823097,0.0014848643693242652,-0.16726897201943475
11.806354999542236,0.14216518141077178,0.019281024336934748,-0.03549227850653535,0.02515223655391134,0.004720940059898535,-0.005727483939728941,0.01411205574604202,0.011564764572625683,-1.2812877194080592,-0.00034809746096712635,0.0013830540154727744,-0.16808826633518245
11.810800552368164,0.14216518141077178,0.019281024336934748,-0.03549227850653535,0.024900714188372225,0.004673730659299549,-0.005670209100331652,0.01411205574604202,0.011564764572625683,-1.2812877194080592,-0.0003446164863574551,0.0013692234753180466,-0.16640738367183064
11.82323670387268,0.14273464526874402,0.02409718418803941,-0.03521312317853839,0.025182049488950017,0.008461982574181171,-0.005120319018310067,0.01394238288502865,0.011457567689272266,-1.284393188695408,-0.00047760550479938044,0.0012693334459219778,-0.1672404403068833
11.843698501586914,0.14341293551124665,0.027140185033136133,-0.03503967471098027,0.02528960675555993,0.009847476925005342,-0.00488319653079019,0.013813055139637683,0.011338894767002151,-1.2874716309637568,-0.0005360339380359163,0.001198642801584377,-0.16707251870212075
11.849188566207886,0.14341293551124665,0.027140185033136133,-0.03503967471098027,0.02503671068800433,0.009749002155755289,-0.004834364565482288,0.013813055139637683,0.011338894767002151,-1.2874716309637568,-0.0005306735986555572,0.0011866563735685332,-0.16540179351509954
11.868144035339355,0.1441248035907404,0.028633365978258767,-0.03496427991759694,0.025176571998681188,0.010427202181696247,-0.004695538691096927,0.013714864067619691,0.011218851822313962,-1.2905200008719069,-0.0005771677816211869,0.0011114608867365077,-0.1653559499210885
11.879552125930786,0.1441248035907404,0.028633365978258767,-0.03496427991759694,0.024924806278694377,0.010322930159879284,-0.004648583304185958,0.013714864067619691,0.011218851822313962,-1.2905200008719069,-0.000571396103804975,0.0011003462778691425,-0.16370239042187762
11.89388394355774,0.14481276783006042,0.028947975125459647,-0.03496992725680337,0.025159349406515288,0.010430652014978746,-0.004597534600787335,0.01364017403774898,0.011089706797984626,-1.2935392407108035,-0.0006177969769176507,0.0009992321063925819,-0.164172035690743
11.897612810134888,0.14481276783006042,0.028947975125459647,-0.03496992725680337,0.024907755912450133,0.010326345494828958,-0.004551559254779462,0.01364017403774898,0.011089706797984626,-1.2935392407108035,-0.0006116190071484742,0.000989239785328656,-0.16253031533383558
11.90379285812378,0.14518171038103614,0.02683353349856521,-0.034939099680188934,0.025194136136728267,0.006800723459992688,-0.004712171247203161,0.013570842131410457,0.010960021265691353,-1.296568201431063,-0.000717689496635377,0.0007695018773330897,-0.16580620506072086
11.90943717956543,0.14518171038103614,0.02683353349856521,-0.034939099680188934,0.024942194775360985,0.006732716225392761,-0.004665049534731129,0.013570842131410457,0.010960021265691353,-1.296568201431063,-0.0007105126016690233,0.0007618068585597587,-0.16414814301011366
11.924919128417969,0.14578514184179028,0.024409792576092396,-0.035017666730648746,0.025053510765667565,0.005102827287537288,-0.004787703051767113,0.013519784900967202,0.010829198160345015,-1.299571764302189,-0.0007363860308262067,0.0006696883781769197,-0.16444670343116047
11.928065538406372,0.14578514184179028,0.024409792576092396,-0.035017666730648746,0.02480297565801089,0.005051799014661915,-0.004739826021249442,0.013519784900967202,0.010829198160345015,-1.299571764302189,-0.0007290221705179447,0.0006629914943951505,-0.16280223639684885
11.944692134857178,0.14647950192090875,0.021794364834574212,-0.035163074625022626,0.024943079502285186,0.003433468151194589,-0.004899237596803819,0.013484509704940717,0.010692587846929778,-1.3025568748096819,-0.0007429480745128482,0.0005741978523050955,-0.16296959681992593
11.952692031860352,0.14647950192090875,0.021794364834574212,-0.035163074625022626,0.024693648707262334,0.003399133469682643,-0.004850245220835781,0.013484509704940717,0.010692587846929778,-1.3025568748096819,-0.0007355185937677197,0.0005684558737820445,-0.16133990085172667
11.968684911727905,0.1471876762222093,0.019127414697387955,-0.03536064048210898,0.024858062537025664,0.001705382882080001,-0.0050517192252109554,0.013463195638555026,0.010552722305702847,-1.3055201427854828,-0.000741490630045307,0.0004753164336312213,-0.16157936886924942
11.972300052642822,0.1471876762222093,0.019127414697387955,-0.03536064048210898,0.024609481911655406,0.001688329053259201,-0.0050012020329588455,0.013463195638555026,0.010552722305702847,-1.3055201427854828,-0.0007340757237448539,0.0004705632692949091,-0.15996357518055693
11.992376327514648,0.14785034902601432,0.016518926747870345,-0.03559734870802768,0.02466885945623606,0.0003801287311771414,-0.005167396388000238,0.013452533684312346,0.01040644077874341,-1.3084608839325202,-0.0007320456898914742,0.0003929947534758077,-0.1598287236906785
11.996286153793335,0.14785034902601432,0.016518926747870345,-0.03559734870802768,0.0244221708616737,0.00037632744386536995,-0.005115722424120236,0.013452533684312346,0.01040644077874341,-1.3084608839325202,-0.0007247252329925594,0.00038906480594104963,-0.15823043645377172
12.007274866104126,0.14807340753702294,0.013602518646461847,-0.03593072289334001,0.024330523150407728,-0.002252321405465098,-0.005564256423920826,0.013445097795099933,0.010254276161697055,-1.3114053480570467,-0.0007242448237668163,0.0002467005926970017,-0.15932766727156372
12.029570579528809,0.14856148011842316,0.011029920144364455,-0.036244079489549684,0.024284205051209696,-0.003372638893764839,-0.005735497612749019,0.013446769096602692,0.010105886371327174,-1.3143254155446993,-0.0007162527688801372,0.00017767828641099257,-0.15904408965715225
12.034194946289062,0.14856148011842316,0.011029920144364455,-0.036244079489549684,0.024041363000697598,-0.0033389125048271903,-0.005678142636621529,0.013446769096602692,0.010105886371327174,-1.3143254155446993,-0.0007090902411913358,0.00017590150354688264,-0.1574536487605807
12.05549430847168,0.14915241862615503,0.008860055103368744,-0.036541682607613674,0.024059008232297636,-0.004314870160810083,-0.005837808040964678,0.013453792429574484,0.009949600430140683,-1.317227684719942,-0.0006987019006159808,0.00010076661000081758,-0.15724172076348233
12.062509536743164,0.14915241862615503,0.008860055103368744,-0.036541682607613674,0.02381841814997466,-0.004271721459201982,-0.0057794299605550305,0.013453792429574484,0.009949600430140683,-1.317227684719942,-0.000691714881609821,9.97589439008094e-05,-0.15566930355584752
12.07268476486206,0.1497640058940127,0.007122526576219534,-0.036822033376818525,0.02414870410406671,-0.005920198703901953,-0.0061263486887661155,0.013463075912019281,0.009793166414508982,-1.320108687884495,-0.0006756741216703947,-5.497870306200651e-05,-0.15694399978339818
12.080680131912231,0.1497640058940127,0.007122526576219534,-0.036822033376818525,0.023907217063026044,-0.005860996716862933,-0.0060650852018784545,0.013463075912019281,0.009793166414508982,-1.320108687884495,-0.0006689173804536908,-5.442891603138644e-05,-0.1553745597855642
12.094297647476196,0.15033441020256805,0.0058717022208246965,-0.03708068500411644,0.024069395779645224,-0.006710702301964725,-0.006264145343996886,0.013470774721207156,0.009629579018125896,-1.32296851874944,-0.0006565745988734096,-0.0001740147604587122,-0.15592092624670467
12.100327253341675,0.15033441020256805,0.0058717022208246965,-0.03708068500411644,0.02382870182184877,-0.0066435952789450775,-0.006201503890556917,0.013470774721207156,0.009629579018125896,-1.32296851874944,-0.0006500088528846754,-0.00017227461285412507,-0.15436171698423762
12.118367433547974,0.15052362127191798,0.0045104475031641925,-0.03738588151249887,0.023680875284329935,-0.007317941588212396,-0.006365012850494862,0.013470046789135355,0.009462537837161975,-1.3258299751104983,-0.0006439122703427292,-0.00026314583144972624,-0.15440425711899863
12.127498626708984,0.15095392311973158,0.003639321158093935,-0.03764538992154608,0.02389693157500411,-0.008182331078241286,-0.006657623089546364,0.013468708349885134,0.009298019395657275,-1.3286684383628444,-0.000638938935545242,-0.0004406862724738353,-0.15596874943727534
12.150241374969482,0.1514706822185607,0.0031790324764010953,-0.03787335187203992,0.02388122125120476,-0.008298775054238913,-0.006706769214749787,0.013461323958024492,0.009127479772808023,-1.3314894942851143,-0.0006357964677034345,-0.0005112657838213382,-0.15564948191763794
12.162901401519775,0.1514706822185607,0.0031790324764010953,-0.03787335187203992,0.023642409038692712,-0.008215787303696523,-0.006639701522602289,0.013461323958024492,0.009127479772808023,-1.3314894942851143,-0.0006294385030264001,-0.0005061531259831248,-0.15409298709846156
12.173940658569336,0.15199042187935044,0.002858512310293746,-0.038092583733018985,0.02387104790797126,-0.008416640648492802,-0.006794273674152354,0.0134432494888025,0.0089563372479334,-1.334288667045151,-0.0006395170216624315,-0.0006561224306810781,-0.1550877104398896
12.180840492248535,0.15199042187935044,0.002858512310293746,-0.038092583733018985,0.023632337428891547,-0.008332474242007875,-0.00672633093741083,0.0134432494888025,0.0089563372479334,-1.334288667045151,-0.0006331218514458072,-0.0006495612063742674,-0.1535368333354907
12.192933797836304,0.15246387946207998,0.0030741055248776207,-0.03827530139452012,0.023790754919736687,-0.008067556176065189,-0.006796994856465405,0.013414771433824059,0.00877949592117531,-1.3370666701750402,-0.0006503392439969984,-0.0007892963543575966,-0.15429860626738168
12.197277307510376,0.15246387946207998,0.0030741055248776207,-0.03827530139452012,0.02355284737053932,-0.007986880614304536,-0.006729024907900751,0.013414771433824059,0.00877949592117531,-1.3370666701750402,-0.0006438358515570284,-0.0007814033908140206,-0.15275562020470787
12.215829610824585,0.15200645638405605,0.0048382636016617376,-0.039295728019488226,0.023088775666588044,-0.006913466246217679,-0.007136701293097955,0.013381983679518152,0.008585442153736349,-1.3398171697392103,-0.000655070637852968,-0.0008781875645528724,-0.15271062900690124
12.22282075881958,0.15200645638405605,0.0048382636016617376,-0.039295728019488226,0.022857887909922162,-0.006844331583755503,-0.007065334280166976,0.013381983679518152,0.008585442153736349,-1.3398171697392103,-0.0006485199314744383,-0.0008694056889073437,-0.15118352271683222
12.236265182495117,0.15198152206718485,0.005979669578261398,-0.03992328316147044,0.02262687120512471,-0.005894612505935596,-0.007395235222679919,0.013381252647007734,0.008407959686891089,-1.3425352693150578,-0.0006425784761892342,-0.0009927235881486021,-0.1516934175700639
12.249676704406738,0.15198152206718485,0.005979669578261398,-0.03992328316147044,0.022400602493073463,-0.00583566638087624,-0.0073212828704531194,0.013381252647007734,0.008407959686891089,-1.3425352693150578,-0.0006361526914273419,-0.000982796352267116,-0.15017648339436326
12.25302243232727,0.15216707538100352,0.006789101083620111,-0.04034373394766022,0.022777153497959193,-0.0032835787893196362,-0.008318759591248016,0.013401705414399357,0.008218481559199029,-1.345226215736317,-0.0005686601703694395,-0.001539296949202877,-0.15671765117530828
12.25762152671814,0.15216707538100352,0.006789101083620111,-0.04034373394766022,0.0225493819629796,-0.0032507430014264396,-0.008235571995335535,0.013401705414399357,0.008218481559199029,-1.345226215736317,-0.0005629735686657451,-0.0015239039797108483,-0.1551504746635552
12.271036386489868,0.15246837054284754,0.007316501667494234,-0.040611596140185495,0.022555935989252686,-0.0028160255357315505,-0.008323279235161438,0.01343906159105954,0.008037597284589046,-1.3478865174816341,-0.0005294969696530089,-0.0016435036767234918,-0.1555820705907885
12.274248838424683,0.15246837054284754,0.007316501667494234,-0.040611596140185495,0.02233037662936016,-0.002787865280374235,-0.008240046442809824,0.01343906159105954,0.008037597284589046,-1.3478865174816341,-0.0005242019999564788,-0.001627068639956257,-0.15402624988488062
12.297192811965942,0.15280971168927787,0.007611604726930785,-0.04077469566417862,0.022258246721064585,-0.0026294768421123364,-0.00821937431489645,0.013486715084882922,0.007848932766206651,-1.350518548657429,-0.0004981904764802443,-0.0016930263077879796,-0.15363314316140858
12.302130937576294,0.15280971168927787,0.007611604726930785,-0.04077469566417862,0.022035664253853938,-0.002603182073691213,-0.008137180571747487,0.013486715084882922,0.007848932766206651,-1.350518548657429,-0.0004932085717154419,-0.0016760960447100997,-0.1520968117297945
12.328601598739624,0.153384248272276,0.011671953704127441,-0.04082410640809411,0.02206382275025924,-0.0010525924339624773,-0.007958600306580067,0.013673514537130676,0.0074768670111920515,-1.3557384786475162,-0.000417707998458381,-0.0017998928711346104,-0.15254781173141851
12.333563089370728,0.153384248272276,0.011671953704127441,-0.04082410640809411,0.02184318452275665,-0.0010420665096228525,-0.007879014303514266,0.013673514537130676,0.0074768670111920515,-1.3557384786475162,-0.0004135309184737972,-0.0017818939424232643,-0.15102233361410433
12.35037875175476,0.15392128194211968,0.012571020202954397,-0.040766238787817204,0.021955242226517024,-0.0005082774621822266,-0.007727266967096017,0.01382040469930736,0.007288022337567493,-1.3583051731849431,-0.00032204242698673203,-0.0018763778485912876,-0.1510384816327213
12.375350952148438,0.15392128194211968,0.012571020202954397,-0.040766238787817204,0.02173568980425185,-0.0005031946875604043,-0.007649994297425057,0.01382040469930736,0.007288022337567493,-1.3583051731849431,-0.00031882200271686473,-0.0018576140701053747,-0.1495280968163941
12.380568265914917,0.15448138399641353,0.01296622507903766,-0.04069310675061802,0.022607940159375686,0.0002238567102480826,-0.007383629957851204,0.01398735958501224,0.007097609803902971,-1.360843442952454,4.367837257989089e-06,-0.0022040007094615527,-0.15289790520478552
12.386581659317017,0.15448138399641353,0.01296622507903766,-0.04069310675061802,0.02238186075778193,0.00022161814314560177,-0.007309793658272692,0.01398735958501224,0.007097609803902971,-1.360843442952454,4.324158885409198e-06,-0.0021819607023669373,-0.15136892615273767
12.397812128067017,0.15499781919211117,0.012963462820501863,-0.04062539286653241,0.022618030763122264,0.0002031175500611869,-0.007180288735006971,0.014163264067675449,0.006903957178738721,-1.3633537502541746,0.00016091238707666473,-0.0023325761285329996,-0.15209050182769884
12.407360315322876,0.15499781919211117,0.012963462820501863,-0.04062539286653241,0.022391850455491042,0.00020108637456057503,-0.007108485847656902,0.014163264067675449,0.006903957178738721,-1.3633537502541746,0.00015930326320589807,-0.0023092503672476694,-0.15056959680942186
12.413536071777344,0.15473973171244568,0.01346682714737179,-0.0392935568313216,0.02177867606289423,0.0008520363446112874,-0.004823424904996889,0.014342052959990706,0.006695984496356117,-1.3658321878081954,0.000447211433597988,-0.0026229144761714504,-0.1530770732717718
12.425452947616577,0.15473973171244568,0.01346682714737179,-0.0392935568313216,0.021560889302265285,0.0008435159811651746,-0.0047751906559469195,0.014342052959990706,0.006695984496356117,-1.3658321878081954,0.00044273931926200815,-0.002596685331409736,-0.1515463025390541
12.43380880355835,0.15488546607261666,0.01346147951666306,-0.03846205369908956,0.02152520268270915,0.00074843527419686,-0.0037381645408235036,0.014585154149519981,0.006498328445567391,-1.3682537721913244,0.0007292470393879022,-0.0028072664178472166,-0.152928908125669
12.437062740325928,0.15488546607261666,0.01346147951666306,-0.03846205369908956,0.021309950655882058,0.0007409509214548913,-0.0037007828954152685,0.014585154149519981,0.006498328445567391,-1.3682537721913244,0.0007219545689940231,-0.0027791937536687443,-0.15139961904441232
12.45780062675476,0.15521863485804907,0.013139264353746502,-0.03790565557174826,0.021255967111927034,0.0005550417485211304,-0.003409787491663431,0.014866349393031587,0.006287318201999382,-1.3706324862806871,0.0008503299618126889,-0.0028531529006951546,-0.1510326607150954
12.463148832321167,0.15521863485804907,0.013139264353746502,-0.03790565557174826,0.021043407440807765,0.0005494913310359191,-0.0033756896167467967,0.014866349393031587,0.006287318201999382,-1.3706324862806871,0.0008418266621945619,-0.002824621371688203,-0.14952233410794447
12.476964473724365,0.155641333353552,0.01258818045094263,-0.03757932376460803,0.02113249015124948,0.00012281499990439334,-0.0031398474418754276,0.015173080210085002,0.006081348862152773,-1.3729681414549804,0.0010554254616658401,-0.002945459325572058,-0.14971769834519674
12.483723402023315,0.155641333353552,0.01258818045094263,-0.03757932376460803,0.020921165249736983,0.00012158684990534941,-0.003108448967456673,0.015173080210085002,0.006081348862152773,-1.3729681414549804,0.0010448712070491818,-0.0029160047323163376,-0.14822052136174477
12.499260425567627,0.15601784284287676,0.011879126262333279,-0.037732078261817695,0.0209449981397804,-0.00033086544799297704,-0.003212442881726988,0.015489898204616019,0.005865797892080871,-1.3752682478352556,0.00123833413457134,-0.0030255784453283837,-0.14821871963320626
12.504283428192139,0.15601784284287676,0.011879126262333279,-0.037732078261817695,0.020735548158382595,-0.00032755679351304727,-0.003180318452909718,0.015489898204616019,0.005865797892080871,-1.3752682478352556,0.0012259507932256266,-0.0029953226608751,-0.1467365324368742
12.51943826675415,0.15652886377969857,0.009482804138357082,-0.03869327429161499,0.020831969370132934,-0.0018555360723932128,-0.003905484279147507,0.015791581435667165,0.005659617737812184,-1.3775547914102024,0.0014127585533587445,-0.003101418494389967,-0.14677795492676726
12.524588823318481,0.15652886377969857,0.009482804138357082,-0.03869327429161499,0.020623649676431603,-0.0018369807116692806,-0.003866429436356032,0.015791581435667165,0.005659617737812184,-1.3775547914102024,0.0013986309678251571,-0.0030704043094460674,-0.1453101753774996
12.533205032348633,0.15717564324727412,0.007570661247910495,-0.0393589193921166,0.021121665095786096,-0.003982149348116507,-0.004774643949129731,0.016090887498135784,0.005448171461670932,-1.37981620171496,0.0017320202399384278,-0.003285105496658023,-0.1464816737197112
12.538535833358765,0.15717564324727412,0.007570661247910495,-0.0393589193921166,0.020910448444828235,-0.0039423278546353415,-0.004726897509638434,0.016090887498135784,0.005448171461670932,-1.37981620171496,0.0017147000375390435,-0.0032522544416914425,-0.14501685698251407
12.554215908050537,0.15786689271864177,0.006003596514444023,-0.03987938508576581,0.02112136008743137,-0.004880449792455043,-0.005090629221134336,0.01637362022830177,0.0052388992325227875,-1.382056627938571,0.0018778664194170791,-0.0033531956933736326,-0.1449955248612721
12.559680700302124,0.15786689271864177,0.006003596514444023,-0.03987938508576581,0.020910146486557056,-0.004831645294530493,-0.005039722928922992,0.01637362022830177,0.0052388992325227875,-1.382056627938571,0.0018590877552229082,-0.003319663736439896,-0.14354556961265938
12.577106714248657,0.15853717104680656,0.004763531482816545,-0.04029019923429084,0.021070866597472013,-0.0054808138148073615,-0.005281668311541003,0.016629976221721268,0.005025371698009783,-1.3842771935073266,0.0019876079692869573,-0.003409000878268004,-0.14338439590412252
12.58195972442627,0.15853717104680656,0.004763531482816545,-0.04029019923429084,0.020860157931497293,-0.005426005676659288,-0.0052288516284255925,0.016629976221721268,0.005025371698009783,-1.3842771935073266,0.0019677318895940875,-0.003374910869485324,-0.1419505519450813
12.594268798828125,0.15913631836035524,0.00431362764746048,-0.04062408035856552,0.021130429601837645,-0.005723880757438279,-0.0054772455660652706,0.016856314057574807,0.004811174741073237,-1.38647970053592,0.0021319334136267595,-0.0035151772472061327,-0.1423203824526037
12.599359035491943,0.15913631836035524,0.00431362764746048,-0.04062408035856552,0.02091912530581927,-0.005666641949863897,-0.0054224731104046174,0.016856314057574807,0.004811174741073237,-1.38647970053592,0.0021106140794904917,-0.0034800254747340714,-0.14089717862807766
12.61607837677002,0.158927908392561,0.005484253956401906,-0.03953865238908047,0.020600304821548256,-0.004961998553113058,-0.004665815417559893,0.017051994745651576,0.004579741037694528,-1.3886567590321655,0.002206546454042697,-0.0035836479601709897,-0.14079032662034358
12.619390726089478,0.158927908392561,0.005484253956401906,-0.03953865238908047,0.020394301773332773,-0.004912378567581928,-0.004619157263384294,0.017051994745651576,0.004579741037694528,-1.3886567590321655,0.00218448098950227,-0.00354781148056928,-0.13938242335414014
12.639355421066284,0.1591372468086861,0.0062825190893247,-0.03889608098932519,0.020303681216511292,-0.004492784771603574,-0.004221177966330698,0.017287158450104183,0.00435988739641116,-1.3908026684040826,0.0022804259603806582,-0.0036224545780028806,-0.13906345119042005
12.64435338973999,0.1591372468086861,0.0062825190893247,-0.03889608098932519,0.02010064440434618,-0.0044478569238875386,-0.004178966186667391,0.017287158450104183,0.00435988739641116,-1.3908026684040826,0.0022576217007768515,-0.0035862300322228517,-0.13767281667851583
12.654795169830322,0.1595469802852249,0.007016921707915203,-0.03846846334220897,0.0203065706392129,-0.003743269825983872,-0.003675209501562453,0.017535311979330625,0.0041264987096434405,-1.39292827504029,0.0024726999134541184,-0.0037738820031730205,-0.13833176309769088
12.658870220184326,0.1595469802852249,0.007016921707915203,-0.03846846334220897,0.020103504932820773,-0.003705837127724033,-0.0036384574065468286,0.017535311979330625,0.0041264987096434405,-1.39292827504029,0.002447972914319577,-0.0037361431831412903,-0.13694844546671398
12.67454481124878,0.16005261851780556,0.007523810561287475,-0.03823469000544635,0.02023161119533976,-0.0033648558436910076,-0.0034293005004286635,0.017784640612466786,0.003898534351961755,-1.3950324907831688,0.002582558663893456,-0.003844217352624328,-0.13692139842188186
12.679987668991089,0.16005261851780556,0.007523810561287475,-0.03823469000544635,0.02002929508338636,-0.0033312072852540973,-0.0033950074954243767,0.017784640612466786,0.003898534351961755,-1.3950324907831688,0.002556733077254521,-0.003805775179098085,-0.13555218443766304
12.694734334945679,0.1604787227239552,0.007863838394713748,-0.03868899774721799,0.020121482809238814,-0.0030491969904169786,-0.003650793985378619,0.018022469231945355,0.0036602983695403274,-1.3971201078712765,0.0026924419428852346,-0.0039292698644173224,-0.1356123162024047
12.7007315158844,0.1604787227239552,0.007863838394713748,-0.03868899774721799,0.019920267981146426,-0.003018705020512809,-0.0036142860455248326,0.018022469231945355,0.0036602983695403274,-1.3971201078712765,0.002665517523456382,-0.0038899771657731493,-0.13425619304038064
12.718734979629517,0.16061563716463934,0.006151300662673895,-0.03941254880420671,0.01977739984624139,-0.003904683377109968,-0.00405479763788137,0.018225288635429805,0.0034263399838356406,-1.3992170995198667,0.0027515181162206057,-0.003981029268386356,-0.13407840233304716
12.72350549697876,0.16061563716463934,0.006151300662673895,-0.03941254880420671,0.019579625847778975,-0.0038656365433388687,-0.004014249661502556,0.018225288635429805,0.0034263399838356406,-1.3992170995198667,0.0027240029350583997,-0.0039412189757024926,-0.1327376183097167
12.737786769866943,0.16106615617059783,0.004923013739285066,-0.03994891339204283,0.019681415695920832,-0.004659169294841816,-0.004418244006068238,0.018392210669070083,0.0031937818769795278,-1.4013001608831928,0.0028136446675417976,-0.004064648087751648,-0.13286883855540815
12.746291637420654,0.16106615617059783,0.004923013739285066,-0.03994891339204283,0.019484601538961623,-0.004612577601893398,-0.004374061566007555,0.018392210669070083,0.0031937818769795278,-1.4013001608831928,0.0027855082208663798,-0.004024001606874131,-0.13154015016985407
12.755412101745605,0.1616601223679244,0.003994626199499014,-0.04037721648244588,0.019919769965108382,-0.0055548387676158,-0.004881949555424166,0.01851430747676502,0.0029600683136999867,-1.4033748531438281,0.002891524401506596,-0.004240013416318442,-0.1324995147181247
12.763837099075317,0.1616601223679244,0.003994626199499014,-0.04037721648244588,0.019720572265457297,-0.005499290379939642,-0.004833130059869924,0.01851430747676502,0.0029600683136999867,-1.4033748531438281,0.00286260915749153,-0.004197613282155258,-0.13117451957094348
12.781340837478638,0.1623042231561821,0.003334847361814973,-0.04072521366762345,0.019883435794906125,-0.0058108219204273896,-0.005014266395695879,0.018587129043171797,0.0027259678827749865,-1.4054388002648226,0.0028755865021248264,-0.004289380253538573,-0.1310419208372281
12.797083616256714,0.1623042231561821,0.003334847361814973,-0.04072521366762345,0.019684601436957064,-0.005752713701223116,-0.00496412373173892,0.018587129043171797,0.0027259678827749865,-1.4054388002648226,0.002846830637103578,-0.004246486451003187,-0.12973150162885583
12.802271127700806,0.16271345457732267,0.0017810965859749134,-0.04110103011396301,0.020214955226812298,-0.008633667496241238,-0.005880390781135072,0.018602476007128665,0.002489388233692097,-1.4075086799555094,0.0028479467742991153,-0.004660077735250835,-0.1324243073342175
12.807098388671875,0.16271345457732267,0.0017810965859749134,-0.04110103011396301,0.020012805674544176,-0.008547330821278827,-0.005821586873323721,0.018602476007128665,0.002489388233692097,-1.4075086799555094,0.002819467306556124,-0.004613476957898327,-0.13110006426087534
12.819137573242188,0.16268123594346817,0.0008126685668241198,-0.041433559307902317,0.019769466742326516,-0.009239513740433448,-0.00610358856652589,0.018570739676947216,0.0022526318066134177,-1.4095983155576377,0.0027649117699319894,-0.00476399705783808,-0.13152475891384427
12.829157590866089,0.16268123594346817,0.0008126685668241198,-0.041433559307902317,0.01957177207490325,-0.009147118603029114,-0.0060425526808606305,0.018570739676947216,0.0022526318066134177,-1.4095983155576377,0.0027372626522326696,-0.004716357087259699,-0.13020951132470582
12.866562128067017,0.16351249058790712,-1.2179220332028011e-05,-0.04187588605333559,0.019593749484934767,-0.009270122372137994,-0.006118094190734056,0.018378884076153627,0.0018014737278637522,-1.4137687454448478,0.002658597959252472,-0.004789809386148077,-0.13002236915548465
12.872032642364502,0.16351249058790712,-1.2179220332028011e-05,-0.04187588605333559,0.019397811990085417,-0.009177421148416614,-0.006056913248826716,0.018378884076153627,0.0018014737278637522,-1.4137687454448478,0.0026320119796599474,-0.0047419112922865965,-0.1287221454639298
12.878071308135986,0.16405018403262178,3.7196911891538867e-06,-0.04204145176710348,0.020094855794878273,-0.009055680675457773,-0.006268161655023978,0.0182130345130729,0.0015814707099906897,-1.4158458488702164,0.002331045821554857,-0.005058816065133257,-0.13087459678465263
12.882758617401123,0.16405018403262178,3.7196911891538867e-06,-0.04204145176710348,0.01989390723692949,-0.008965123868703195,-0.006205480038473738,0.0182130345130729,0.0015814707099906897,-1.4158458488702164,0.0023077353633393083,-0.005008227904481925,-0.1295658508168061
12.89127254486084,0.16445677812517495,-0.0007568270612612595,-0.042958355737714504,0.020154913708589555,-0.009686387892409365,-0.007289190884970475,0.017994156509193105,0.0013578593570924538,-1.4179105297617196,0.00202757571141831,-0.005220787460191091,-0.13069525512632374
12.896354913711548,0.16445677812517495,-0.0007568270612612595,-0.042958355737714504,0.019953364571503658,-0.00958952401348527,-0.00721629897612077,0.017994156509193105,0.0013578593570924538,-1.4179105297617196,0.0020072999543041268,-0.00516857958558918,-0.1293883025750605
12.913499593734741,0.1644784800498162,-0.0008237999702359443,-0.04356082787643831,0.019766197658074473,-0.009503951765383623,-0.007497173543806231,0.017740689602857716,0.001136169817395906,-1.4199863857674206,0.0018393869799161197,-0.005246198938267204,-0.12930520680395263
12.916655540466309,0.1644784800498162,-0.0008237999702359443,-0.04356082787643831,0.019568535681493728,-0.009408912247729787,-0.007422201808368169,0.017740689602857716,0.001136169817395906,-1.4199863857674206,0.0018209931101169584,-0.005193736948884532,-0.1280121547359131
12.9329252243042,0.16476638347780267,-0.0005530955353637254,-0.04397113586707019,0.019553768971390495,-0.009132400334040114,-0.0075855223249830265,0.01746187544746452,0.0009225000770751062,-1.4220497723620675,0.0016314128203958726,-0.005273129568625829,-0.12800027331860583
12.936767578125,0.16476638347780267,-0.0005530955353637254,-0.04397113586707019,0.01935823128167659,-0.009041076330699713,-0.007509667101733196,0.01746187544746452,0.0009225000770751062,-1.4220497723620675,0.001615098692191914,-0.0052203982729395705,-0.12672027058541976
12.954205989837646,0.16515241455993462,0.00016528674911344353,-0.044226551286136534,0.019395196172833667,-0.008533529868615079,-0.0075467249040761545,0.01715673899443212,0.0007067226907545834,-1.4241032416032082,0.0014239682071021027,-0.005291931124662844,-0.1266306230806803
12.959497213363647,0.16515241455993462,0.00016528674911344353,-0.044226551286136534,0.01920124421110533,-0.008448194569928928,-0.0074712576550353925,0.01715673899443212,0.0007067226907545834,-1.4241032416032082,0.0014097285250310816,-0.0052390118134162155,-0.12536431684987348
12.977696180343628,0.16554342690949522,0.0010713103140792303,-0.044381225078551356,0.019235102886812183,-0.007866031456274875,-0.007440420980555529,0.016826734634356782,0.0004935225109972822,-1.4261406138104633,0.0012142998705671466,-0.005303771300527136,-0.12523017250210247
12.991482257843018,0.16554342690949522,0.0010713103140792303,-0.044381225078551356,0.01904275185794406,-0.007787371141712126,-0.007366016770749974,0.016826734634356782,0.0004935225109972822,-1.4261406138104633,0.0012021568718614752,-0.005250733587521864,-0.12397787077708144
12.99625825881958,0.1652823745396357,0.005963195685700607,-0.046399374528648084,0.018536668308781517,0.002844051926414998,-0.010652284948856259,0.016503905679600514,0.00026673636023526897,-1.4281734807012654,0.0005141954188327399,-0.005673071528845984,-0.12699451266214143
13.001723527908325,0.1652823745396357,0.005963195685700607,-0.046399374528648084,0.018351301625693702,0.0028156114071508477,-0.010545762099367697,0.016503905679600514,0.00026673636023526897,-1.4281734807012654,0.0005090534646444126,-0.005616340813557524,-0.12572456753552003
13.013942956924438,0.16526551031095998,0.009848081480844083,-0.046846823297182476,0.018227640986713714,0.005981647984876914,-0.010542858182127619,0.016206702060724446,5.359837049957771e-05,-1.430191886448782,0.0002607407479433429,-0.005734602895724838,-0.12611912223877086
13.018875360488892,0.16526551031095998,0.009848081480844083,-0.046846823297182476,0.018045364576846575,0.005921831505028145,-0.010437429600306343,0.016206702060724446,5.359837049957771e-05,-1.430191886448782,0.00025813334046390947,-0.0056772568667675894,-0.12485793101638315
13.036436557769775,0.16542609741153716,0.01285025144801297,-0.04711487784441394,0.017996245629459333,0.007574241975460174,-0.010344801223795826,0.015920893788286764,-0.00016720250469452367,-1.4321956626779597,9.280212852519221e-05,-0.005746216542697185,-0.12475037654474727
13.041832447052002,0.16542609741153716,0.01285025144801297,-0.04711487784441394,0.017816283173164738,0.007498499555705572,-0.010241353211557868,0.015920893788286764,-0.00016720250469452367,-1.4321956626779597,9.187410723994028e-05,-0.005688754377270213,-0.12350287277929979
13.064667463302612,0.16566166848069003,0.015126413009597972,-0.04718664750029043,0.017764887961160564,0.008415597571499352,-0.010088887083172533,0.015646672747985597,-0.0003821347257701862,-1.4341810951742016,-2.91325887923498e-05,-0.0057259907958879105,-0.12313731244796075
13.06936526298523,0.16566166848069003,0.015126413009597972,-0.04718664750029043,0.01758723908154896,0.008331441595784358,-0.009987998212340808,0.015646672747985597,-0.0003821347257701862,-1.4341810951742016,-2.8841262904426304e-05,-0.005668730887929031,-0.12190593932348114
13.07526421546936,0.16589636493575488,0.016567221174881533,-0.04714811889288906,0.017868022122953745,0.010663939167161534,-0.009625120306729134,0.015379338692837967,-0.0006035783043974567,-1.436147318467946,-0.00048174187979681417,-0.0059874383279021675,-0.12402005357257347
13.088930368423462,0.16589636493575488,0.016567221174881533,-0.04714811889288906,0.017689341901724207,0.010557299775489918,-0.009528869103661844,0.015379338692837967,-0.0006035783043974567,-1.436147318467946,-0.000476924460998846,-0.005927563944623146,-0.12277985303684773
13.106613636016846,0.16613361437814864,0.019407098303906512,-0.047297203114839675,0.017684533263337673,0.012053632765378304,-0.009386129675731478,0.015133100191963409,-0.0008240591208891062,-1.4380971489442134,-0.0006114046506770592,-0.005992971605549602,-0.12265469600979328
13.111596822738647,0.16613361437814864,0.019407098303906512,-0.047297203114839675,0.017507687930704296,0.01193309643772452,-0.009292268378974162,0.015133100191963409,-0.0008240591208891062,-1.4380971489442134,-0.0006052906041702885,-0.005933041889494106,-0.12142814904969534
13.125006198883057,0.16649269434496036,0.020914498473860402,-0.04729383897093315,0.017627441515738893,0.012925935932844539,-0.009106826337196535,0.014901329155604085,-0.0010462474059055517,-1.4400288010398035,-0.0007720802180663659,-0.006039407683923066,-0.12165439102187675
13.130128145217896,0.16649269434496036,0.020914498473860402,-0.04729383897093315,0.017451167100581505,0.012796676573516094,-0.00901575807382457,0.014901329155604085,-0.0010462474059055517,-1.4400288010398035,-0.0007643594158857022,-0.0059790136070838355,-0.12043784711165799
13.158155679702759,0.16725563551709202,0.021366862960180824,-0.047120212530977125,0.017553212162888198,0.012817887071771072,-0.008853764833339875,0.014463632991816092,-0.0014997168774909496,-1.4438285004144342,-0.0009128823100864895,-0.006081017749361063,-0.12058917096843716
13.166468143463135,0.16725563551709202,0.021366862960180824,-0.047120212530977125,0.017377680041259315,0.01268970820105336,-0.008765227185006476,0.014463632991816092,-0.0014997168774909496,-1.4438285004144342,-0.0009037534869856247,-0.006020207571867452,-0.11938327925875279
13.183245420455933,0.1675752245679321,0.021127591658073274,-0.04696672829129079,0.01739172707131714,0.012408902588800362,-0.008600677106978191,0.014254008721360496,-0.0017330491178477172,-1.4456946758480609,-0.0010196612996507606,-0.006099081843554219,-0.11930176966046417
13.190333127975464,0.1675752245679321,0.021127591658073274,-0.04696672829129079,0.017217809800603966,0.012284813562912358,-0.008514670335908409,0.014254008721360496,-0.0017330491178477172,-1.4456946758480609,-0.001009464686654253,-0.006038091025118677,-0.11810875196385953
13.201386451721191,0.1674964573636217,0.022789116668760618,-0.04808731539960498,0.017001193981076378,0.01374409733264077,-0.00931229808440296,0.014063659569073335,-0.0019763305977932044,-1.4475505073913215,-0.0011715799168038772,-0.006197808146502113,-0.11860664498071158
13.209652662277222,0.1674964573636217,0.022789116668760618,-0.04808731539960498,0.016831182041265613,0.013606656359314361,-0.00921917510355893,0.014063659569073335,-0.0019763305977932044,-1.4475505073913215,-0.0011598641176358384,-0.006135830065037092,-0.11742057853090446
13.218377113342285,0.16745212998952472,0.024832985568574623,-0.04712931117692108,0.016680845532413783,0.015710715222951872,-0.007838249120269926,0.013923522015867293,-0.0022160136107529016,-1.44939509972092,-0.0013088916891128058,-0.0063491973731066706,-0.11836065170233687
13.222876071929932,0.16745212998952472,0.024832985568574623,-0.04712931117692108,0.016514037077089646,0.015553608070722353,-0.007759866629067227,0.013923522015867293,-0.0022160136107529016,-1.44939509972092,-0.0012958027722216779,-0.006285705399375604,-0.1171770451853135
13.23496150970459,0.16758194773734658,0.02561929142756992,-0.046541809025413904,0.016477398332512473,0.016002277454382468,-0.007145730009238446,0.013798083976403867,-0.0024598021301485387,-1.4512214291846341,-0.001386637459171705,-0.006424569229590804,-0.11751645661844246
13.239656209945679,0.16758194773734658,0.02561929142756992,-0.046541809025413904,0.016312624349187347,0.015842254679838644,-0.007074272709146062,0.013798083976403867,-0.0024598021301485387,-1.4512214291846341,-0.001372771084579988,-0.006360323537294895,-0.11634129205225803
13.25806975364685,0.16777868283785935,0.025568790749360294,-0.04609236767446025,0.016258437857545414,0.01563369341572898,-0.006764406566152351,0.01368673799961031,-0.0027035228213522443,-1.4530296869861903,-0.0014195129816491872,-0.006429079773384354,-0.11615990509637422
13.26275372505188,0.16777868283785935,0.025568790749360294,-0.04609236767446025,0.01609585347896996,0.01547735648157169,-0.006696762500490828,0.01368673799961031,-0.0027035228213522443,-1.4530296869861903,-0.0014053178518326954,-0.006364788975650511,-0.11499830604541048
13.283193111419678,0.16797709922799894,0.02497732613257263,-0.045759469074947615,0.016026937822968015,0.015018844337403699,-0.006493224383149407,0.013584589818216112,-0.0029513745487332837,-1.4548202983933467,-0.0014412408220871769,-0.006422402909963014,-0.1147243822633198
13.28825068473816,0.16797709922799894,0.02497732613257263,-0.045759469074947615,0.015866668444738333,0.01486865589402966,-0.006428292139317913,0.013584589818216112,-0.0029513745487332837,-1.4548202983933467,-0.0014268284138663052,-0.006358178880863383,-0.11357713844068659
13.299127101898193,0.16785782851468256,0.03042572263055585,-0.04546903441216397,0.015719574104383627,0.019684089277402114,-0.005678169867183402,0.01353741964944553,-0.0032083457427526767,-1.4566033778124583,-0.0014559293459654216,-0.006530861654399455,-0.11408076667922137
13.304218769073486,0.16785782851468256,0.03042572263055585,-0.04546903441216397,0.01556237836333979,0.019487248384628092,-0.005621388168511567,0.01353741964944553,-0.0032083457427526767,-1.4566033778124583,-0.0014413700525057673,-0.006465553037855461,-0.11293995901242916
13.316309928894043,0.16764031063593166,0.03326009896695221,-0.04525032138342296,0.015284702730901129,0.021613502492456794,-0.005186538410357115,0.013558094705737989,-0.0034617609367218524,-1.4583855425569356,-0.0014098570359520623,-0.006610484675068831,-0.11328449969844565
13.32144546508789,0.16764031063593166,0.03326009896695221,-0.04525032138342296,0.015131855703592116,0.021397367467532225,-0.005134673026253544,0.013558094705737989,-0.0034617609367218524,-1.4583855425569356,-0.0013957584655925417,-0.006544379828318143,-0.11215165470146118
13.340115308761597,0.167661933791916,0.03445213351741364,-0.04508038754479997,0.015008519082607646,0.021810788992349582,-0.004939739859204122,0.013609782908651896,-0.0037152109486299177,-1.460154037861596,-0.0013541154841988261,-0.006614689717284638,-0.1119773851349615
13.344084024429321,0.167661933791916,0.03445213351741364,-0.04508038754479997,0.01485843389178157,0.021592681102426087,-0.004890342460612081,0.013609782908651896,-0.0037152109486299177,-1.460154037861596,-0.0013405743293568378,-0.006548542820111791,-0.11085761128361188
13.35849118232727,0.16778523558499658,0.03433996629289332,-0.04496114879410935,0.014794880482897533,0.021290506546515972,-0.004767146763691213,0.013689860232083826,-0.0039676363952328144,-1.4619083294126884,-0.0012715869619850542,-0.006658265749027955,-0.11096668792610659
13.362656831741333,0.16778523558499658,0.03433996629289332,-0.04496114879410935,0.014646931678068556,0.02107760148105081,-0.004719475296054301,0.013689860232083826,-0.0039676363952328144,-1.4619083294126884,-0.0012588710923652038,-0.006591683091537675,-0.10985702104684553
13.377265691757202,0.16793231263736683,0.033233073628045055,-0.04489189891480002,0.01458413448311735,0.020106806003311113,-0.004690166647690056,0.013791268158314586,-0.0042211665556757694,-1.4636461304115962,-0.0011768670224603555,-0.006699311739302738,-0.10994800361258276
13.391700267791748,0.16793231263736683,0.033233073628045055,-0.04489189891480002,0.014438293138286177,0.019905737943278,-0.004643264981213155,0.013791268158314586,-0.0042211665556757694,-1.4636461304115962,-0.001165098352235752,-0.006632318621909711,-0.10884852357645694
13.399311065673828,0.16804619846060337,0.0314056098047496,-0.04487028990202259,0.014387981109313783,0.017312015665542555,-0.004771756208740941,0.013908239246395544,-0.004475718910904379,-1.465365971589758,-0.0009997564024135654,-0.0069004575501398265,-0.11001977668193941
13.40857720375061,0.16804619846060337,0.0314056098047496,-0.04487028990202259,0.014244101298220645,0.017138895508887128,-0.004724038646653531,0.013908239246395544,-0.004475718910904379,-1.465365971589758,-0.0009897588383894298,-0.006831452974638428,-0.10891957891512001
13.417758226394653,0.16809411081680162,0.03347116363600995,-0.0454401990409605,0.014197265824825257,0.019257027761240685,-0.005107407538189563,0.014068747491910833,-0.004732280820911124,-1.4670890625530566,-0.000805035142132429,-0.007042586519419137,-0.1097071794591274
13.422899007797241,0.16809411081680162,0.03347116363600995,-0.0454401990409605,0.014055293166577004,0.019064457483628276,-0.005056333462807667,0.014068747491910833,-0.004732280820911124,-1.4670890625530566,-0.0007969847907111047,-0.006972160654224946,-0.10861010766453613
13.43752408027649,0.16828783397058814,0.03377701703159868,-0.04575523442019003,0.014048744270848228,0.01909712053318969,-0.005205026099141922,0.014236594682694238,-0.004983564551337104,-1.46879638234053,-0.00067424820163292,-0.007074256131517688,-0.10869139894775487
13.442812442779541,0.16828783397058814,0.03377701703159868,-0.04575523442019003,0.013908256828139745,0.018906149327857794,-0.005152975838150503,0.014236594682694238,-0.004983564551337104,-1.46879638234053,-0.0006675057196165908,-0.007003513570202511,-0.10760448495827732
13.460367918014526,0.16852745660403012,0.03301631510628461,-0.04595919515424617,0.013893495385058682,0.018292764326337606,-0.005255785841421733,0.014412636829190466,-0.005237679789922879,-1.4704911178572717,-0.0005605530315731534,-0.0070782282832994306,-0.10749380019952505
13.466435194015503,0.16852745660403012,0.03301631510628461,-0.04595919515424617,0.013754560431208094,0.01810983668307423,-0.005203227983007516,0.014412636829190466,-0.005237679789922879,-1.4704911178572717,-0.0005549475012574218,-0.007007446000466436,-0.1064188621975298
13.48630428314209,0.16875539644493576,0.031466084382622606,-0.04608669105755569,0.013712113786839996,0.01715536652551111,-0.0052824647732712515,0.014592197943727327,-0.00549003808325047,-1.4721705269515546,-0.00045902593450331463,-0.007064382039896247,-0.10619991065893727
13.49784255027771,0.16875539644493576,0.031466084382622606,-0.04608669105755569,0.013574992648971596,0.016983812860255996,-0.005229640125538539,0.014592197943727327,-0.00549003808325047,-1.4721705269515546,-0.0004544356751582815,-0.006993738219497284,-0.1051379115523479
13.512138605117798,0.16880003064906263,0.02912643450211759,-0.046469783551271265,0.01342758598755276,0.015207668211941226,-0.0055818794408522415,0.014768794603500928,-0.005743935573649319,-1.47385479467773,-0.0003263630711042312,-0.007101400527034118,-0.10526466706558409
13.517926216125488,0.16880003064906263,0.02912643450211759,-0.046469783551271265,0.013293310127677233,0.015055591529821813,-0.005526060646443719,0.014768794603500928,-0.005743935573649319,-1.47385479467773,-0.0003230994403931889,-0.007030386521763777,-0.10421202039492825
13.528999090194702,0.16902603315141715,0.026517615094792033,-0.04667130962213739,0.013305534890699676,0.012571815991714818,-0.005852965392649923,0.014938988578505778,-0.005990453713928396,-1.4755259043764333,-0.0001661649233617904,-0.007182715135465479,-0.10467909255445886
13.537869453430176,0.16902603315141715,0.026517615094792033,-0.04667130962213739,0.01317247954179268,0.01244609783179767,-0.005794435738723423,0.014938988578505778,-0.005990453713928396,-1.4755259043764333,-0.0001645032741281725,-0.007110887984110825,-0.10363230162891426
13.548450708389282,0.16931710008793888,0.02378707849911216,-0.04677473482849,0.013252651507627795,0.009756372934879453,-0.006054772895070911,0.015102251960684642,-0.006240492216998946,-1.4771873225799166,-8.563327589018716e-06,-0.007276082363228014,-0.10416613093378572
13.554258584976196,0.16931710008793888,0.02378707849911216,-0.04677473482849,0.013120124992551517,0.009658809205530658,-0.005994225166120202,0.015102251960684642,-0.006240492216998946,-1.4771873225799166,-8.477694313128528e-06,-0.007203321539595734,-0.10312446962444786
13.572208642959595,0.16960940237409616,0.021066534484901273,-0.04681065319914563,0.013115169624831797,0.008052395239996983,-0.006084052277345471,0.015255509980213695,-0.006487808081974038,-1.4788357060774635,7.69873191009925e-05,-0.0072690683053028065,-0.10301154145903102
13.577672004699707,0.16960940237409616,0.021066534484901273,-0.04681065319914563,0.012984017928583478,0.007971871287597012,-0.006023211754572016,0.015255509980213695,-0.006487808081974038,-1.4788357060774635,7.621744590998257e-05,-0.007196377622249778,-0.10198142604444072
13.591237545013428,0.16985486646654951,0.018456603452336243,-0.04680352989969938,0.012989108356641597,0.005973567488673183,-0.006122331165565988,0.015393626555600795,-0.006738690682222207,-1.4804706560690426,0.00017726955395860075,-0.007309354950064556,-0.10216683468980672
13.597222089767456,0.16985486646654951,0.018456603452336243,-0.04680352989969938,0.012859217273075181,0.005913831813786451,-0.006061107853910328,0.015393626555600795,-0.006738690682222207,-1.4804706560690426,0.00017549685841901475,-0.007236261400563911,-0.10114516634290865
13.61341381072998,0.1697880161686819,0.01610108983671595,-0.04713495748562078,0.012653077705234307,0.004425754341132669,-0.0063267895832341174,0.015511770127527226,-0.006989240214949783,-1.4821134487058487,0.0002467073097552105,-0.007318638071719788,-0.10114830271530871
13.623332262039185,0.1697880161686819,0.01610108983671595,-0.04713495748562078,0.012526546928181963,0.004381496797721342,-0.006263521687401776,0.015511770127527226,-0.006989240214949783,-1.4821134487058487,0.0002442402366576584,-0.00724545169100259,-0.10013681968815562
13.645263433456421,0.1699339754007338,0.013943573613973626,-0.04727690656973661,0.012443832041937802,0.0033629549041978364,-0.006349103465314434,0.015609626922147164,-0.007234778491112384,-1.4837417656837621,0.0002864177922305056,-0.0072849557519046124,-0.0998779184333881
13.652473211288452,0.1699339754007338,0.013943573613973626,-0.04727690656973661,0.012319393721518425,0.003329325355155858,-0.006285612430661289,0.015609626922147164,-0.007234778491112384,-1.4837417656837621,0.00028355361430820053,-0.007212106194385566,-0.09887913924905421
13.655657052993774,0.1701621101226864,0.012027460336687477,-0.04732491049434396,0.012767503003861777,-0.002694848906665958,-0.006888145313201768,0.015681643091760455,-0.0074834299878390916,-1.485359648131938,0.0005069107607124507,-0.007920964589777951,-0.10297188958482018
13.660961627960205,0.1701621101226864,0.012027460336687477,-0.04732491049434396,0.012639827973823159,-0.0026679004175992984,-0.0068192638600697505,0.015681643091760455,-0.0074834299878390916,-1.485359648131938,0.0005018416531053262,-0.007841754943880171,-0.10194217068897198
13.673963069915771,0.17040519121064188,0.010370256068637524,-0.0473103130219313,0.012669886492208368,-0.003914534238612363,-0.006849321605753595,0.015723957019837302,-0.007730410626630488,-1.4869634889863754,0.0005293688020749753,-0.007953301430457894,-0.10215633588722609
13.678236246109009,0.17040519121064188,0.010370256068637524,-0.0473103130219313,0.012543187627286284,-0.0038753888962262395,-0.006780828389696059,0.015723957019837302,-0.007730410626630488,-1.4869634889863754,0.0005240751140542256,-0.007873768416153315,-0.10113477252835382
13.690079689025879,0.17061224450200543,0.008975725462691085,-0.04725765833505995,0.012564579910376825,-0.005015829252325765,-0.006769887300993154,0.01573421025868209,-0.007980806085944486,-1.4885522114708631,0.0005274916755859844,-0.008006451904932403,-0.10146486115366449
13.701048374176025,0.17061224450200543,0.008975725462691085,-0.04725765833505995,0.012438934111273057,-0.004965670959802507,-0.006702188427983222,0.01573421025868209,-0.007980806085944486,-1.4885522114708631,0.0005222167588301246,-0.007926387385883079,-0.10045021254212784
13.715753078460693,0.16992720885618268,-0.005336432767187618,-0.048621169262193877,0.0116160863502603,-0.014508518773783827,-0.008383223989292208,0.015607995894572957,-0.008232867115132492,-1.4901349357176343,0.00043116194771104967,-0.00801853874371362,-0.10052204912854414
13.720447301864624,0.16992720885618268,-0.005336432767187618,-0.048621169262193877,0.011499925486757696,-0.014363433586045988,-0.008299391749399285,0.015607995894572957,-0.008232867115132492,-1.4901349357176343,0.00042685032823393915,-0.007938353356276484,-0.09951682863725869
13.728241205215454,0.1696723213720967,-0.014739991255531932,-0.04942642582457514,0.010773081700064075,-0.026126869326649975,-0.010268453575549168,0.015500170520345078,-0.008480347653966479,-1.4916933972585409,0.00028423603161250905,-0.008176500753871122,-0.10052125089076697
13.735875129699707,0.1696723213720967,-0.014739991255531932,-0.04942642582457514,0.010665350883063434,-0.025865600633383477,-0.010165769039793675,0.015500170520345078,-0.008480347653966479,-1.4916933972585409,0.00028139367129638394,-0.00809473574633241,-0.0995160383818593
13.757829189300537,0.1696368548003956,-0.021175962049511877,-0.04992264485810211,0.010473756621107227,-0.028503765341194885,-0.01053762310569803,0.015389813140010682,-0.008737389640972353,-1.4932331714383007,0.00022831232056481942,-0.008130870145810364,-0.0992222399364503
13.761041164398193,0.1696368548003956,-0.021175962049511877,-0.04992264485810211,0.010369019054896155,-0.028218727687782937,-0.01043224687464105,0.015389813140010682,-0.008737389640972353,-1.4932331714383007,0.00022602919735917123,-0.00804956144435226,-0.0982300175370858
13.776599884033203,0.16974504667417603,-0.024665829290753113,-0.05013641144705183,0.010282087593855417,-0.03015806822129071,-0.010654185740899649,0.015284592113890926,-0.008994391164654761,-1.4947526693323125,0.00015614057311395013,-0.008134247496338481,-0.09822433878665064
13.780943870544434,0.16974504667417603,-0.024665829290753113,-0.05013641144705183,0.010179266717916862,-0.029856487539077804,-0.010547643883490653,0.015284592113890926,-0.008994391164654761,-1.4947526693323125,0.0001545791673828106,-0.008052905021375097,-0.09724209539878413
13.796005249023438,0.16991659559775138,-0.025910344461183638,-0.05014313829582154,0.010171307352565927,-0.030382458882815953,-0.010515489584204651,0.015184873528187854,-0.009260093392962215,-1.4962529339604944,8.682523556956385e-05,-0.008148788926109561,-0.0972657749214381
13.808428049087524,0.16991659559775138,-0.025910344461183638,-0.05014313829582154,0.010069594279040268,-0.030078634293987792,-0.010410334688362605,0.015184873528187854,-0.009260093392962215,-1.4962529339604944,8.59569832138682e-05,-0.008067301036848466,-0.09629311717222372
13.813523769378662,0.1699029529472554,-0.025648599969389386,-0.05002407024987827,0.009951259188587021,-0.029285933826568192,-0.010030391581728765,0.015089300373915884,-0.009527590953105524,-1.4977552465005575,-0.00010245831733250854,-0.008511573558927142,-0.09827837085804915
13.818259239196777,0.1699029529472554,-0.025648599969389386,-0.05002407024987827,0.009851746596701152,-0.02899307448830251,-0.009930087665911478,0.015089300373915884,-0.009527590953105524,-1.4977552465005575,-0.00010143373415918345,-0.00842645782333787,-0.09729558714946866
13.836762189865112,0.17016122078431725,-0.02424743323844032,-0.04979995855052697,0.009909374335129045,-0.02796365148315947,-0.009644355397833933,0.014998674811030472,-0.009794575615347686,-1.499239852364879,-0.0001493983756355509,-0.008486486264649243,-0.09712499296121746
13.843118906021118,0.17016122078431725,-0.02424743323844032,-0.04979995855052697,0.009810280591777755,-0.027684014968327876,-0.009547911843855594,0.014998674811030472,-0.009794575615347686,-1.499239852364879,-0.00014790439187919538,-0.00840162140200275,-0.09615374303160529
13.859100580215454,0.1705457099570199,-0.02201785628003413,-0.049511083247674594,0.0099839290961174,-0.026040835946955204,-0.009151352426925847,0.014908318484643489,-0.010066369806975697,-1.5007108908419238,-0.00020296280785869517,-0.00848767134520944,-0.09611265890246215
13.865694046020508,0.1705457099570199,-0.02201785628003413,-0.049511083247674594,0.009884089805156225,-0.025780427587485652,-0.009059838902656589,0.014908318484643489,-0.010066369806975697,-1.5007108908419238,-0.0002009331797801082,-0.008402794631757346,-0.09515153231343752
13.882632970809937,0.17097709754374327,-0.019079546277201723,-0.049174757030772814,0.01007915669860939,-0.023820382137489972,-0.008621409462523271,0.014818164572864122,-0.010339532949507388,-1.5021661569408475,-0.0002521467726366688,-0.008480030252004616,-0.09505914241710235
13.895122766494751,0.17097709754374327,-0.019079546277201723,-0.049174757030772814,0.009978365131623295,-0.02358217831611507,-0.008535195367898039,0.014818164572864122,-0.010339532949507388,-1.5021661569408475,-0.0002496253049103021,-0.00839522994948457,-0.09410855099293133
13.900408506393433,0.17138769063308473,-0.015780496685970143,-0.04882425875868894,0.01079774370562983,-0.017213745331183375,-0.007250667227923049,0.014727449199716702,-0.010617690453750196,-1.5036050586785181,-0.000418751899156517,-0.008837519026929565,-0.09588969882261351
13.908580541610718,0.17138769063308473,-0.015780496685970143,-0.04882425875868894,0.010689766268573531,-0.01704160787787154,-0.0071781605556438186,0.014727449199716702,-0.010617690453750196,-1.5036050586785181,-0.00041456438016495184,-0.00874914383666027,-0.09493080183438737
13.923539161682129,0.17154551924477923,-0.003380862205754918,-0.046705868593090685,0.010874821327347812,-0.008749128972692815,-0.004987379836122191,0.01470526824301596,-0.010904474276011551,-1.5050515242225848,-0.0004252469468498655,-0.008853370498554437,-0.09494847174392815
13.928139686584473,0.17154551924477923,-0.003380862205754918,-0.046705868593090685,0.010766073114074334,-0.008661637682965887,-0.004937506037760968,0.01470526824301596,-0.010904474276011551,-1.5050515242225848,-0.00042099447738136686,-0.008764836793568893,-0.09399898702648886
13.933666706085205,0.1719010096810854,0.00572778034158888,-0.0452898016598989,0.011678086925929872,0.007584352729591586,-0.0009286961472305252,0.014714860829815426,-0.011184920454040187,-1.506483053426943,-0.000399428728456338,-0.009184597849449189,-0.0956490535223515
13.938694477081299,0.1719010096810854,0.00572778034158888,-0.0452898016598989,0.011561306056670573,0.00750850920229567,-0.0009194091857582199,0.014714860829815426,-0.011184920454040187,-1.506483053426943,-0.00039543444117177463,-0.009092751870954697,-0.09469256298712797
13.952845335006714,0.17232860820954746,0.012798928958296185,-0.044269007420666855,0.011863077730120927,0.012335467371250445,0.00023434784424319617,0.014747685356074946,-0.011473019631185594,-1.5079047527498872,-0.0003682839581001059,-0.009205415667106689,-0.0947503109469694
13.961716890335083,0.17232860820954746,0.012798928958296185,-0.044269007420666855,0.011744446952819718,0.01221211269753794,0.0002320043658007642,0.014747685356074946,-0.011473019631185594,-1.5079047527498872,-0.00036460111851910484,-0.009113361510435623,-0.0938028078374997
13.977829933166504,0.17275439393168687,0.018043135517732557,-0.04358139506152533,0.011966631016888172,0.015285021375756512,0.0009315973761939283,0.014794492493872217,-0.011759031656315104,-1.5093123844753744,-0.0003319058841133337,-0.009199731317944765,-0.09373837746516583
13.981695175170898,0.17275439393168687,0.018043135517732557,-0.04358139506152533,0.01184696470671929,0.015132171161998947,0.0009222814024319889,0.014794492493872217,-0.011759031656315104,-1.5093123844753744,-0.00032858682527220036,-0.009107734004765318,-0.09280099369051417
14.002397537231445,0.1727720913233354,0.021655129495410007,-0.0435541327881837,0.011776054928375744,0.01671504144364682,0.0010761236609650505,0.014845334708049943,-0.012051661551702716,-1.5107338303400328,-0.00030074230326343276,-0.009158007634491924,-0.09255959422853996
14.007080554962158,0.1727720913233354,0.021655129495410007,-0.0435541327881837,0.011658294379091987,0.01654789102921035,0.0010653624243554,0.014845334708049943,-0.012051661551702716,-1.5107338303400328,-0.0002977348802307984,-0.009066427558147004,-0.09163399828625456
14.016894578933716,0.17283065495266564,0.024785174904535114,-0.042826763203626377,0.011679841676396081,0.019489701813676583,0.002065638519590707,0.014905575117923205,-0.012332245419445925,-1.5121532050569229,-0.00023337556410515128,-0.009261664222441348,-0.09216393021082118
14.021438121795654,0.17283065495266564,0.024785174904535114,-0.042826763203626377,0.01156304325963212,0.019294804795539817,0.0020449821343948,0.014905575117923205,-0.012332245419445925,-1.5121532050569229,-0.00023104180846409976,-0.009169047580216935,-0.09124229090871297
14.034340143203735,0.17308813040789128,0.026568321382686104,-0.04245557324068494,0.011680631569332354,0.0204476652311524,0.0024269143929651817,0.015028706353720276,-0.012616095267808783,-1.5135611706096013,-0.0001332957745929671,-0.00929736127227723,-0.09142114316352887
14.0393807888031,0.17308813040789128,0.026568321382686104,-0.04245557324068494,0.01156382525363903,0.020243188578840877,0.0024026452490355297,0.015028706353720276,-0.012616095267808783,-1.5135611706096013,-0.00013196281684703742,-0.009204387659554458,-0.09050693173189357
14.06017780303955,0.17341897158745181,0.027247734484780826,-0.04229006157689851,0.011615328030982619,0.020355586818343686,0.002483628527148061,0.015197636446969294,-0.012895671194846024,-1.5149550135999572,-4.9415137705298255e-05,-0.009246774583389504,-0.09027207544347808
14.064779043197632,0.17341897158745181,0.027247734484780826,-0.04229006157689851,0.011499174750672792,0.02015203095016025,0.0024587922418765804,0.015197636446969294,-0.012895671194846024,-1.5149550135999572,-4.8920986328245274e-05,-0.00915430683755561,-0.08936935468904329
14.082555055618286,0.17374290602333936,0.02705767434802637,-0.042288103450315105,0.011564012736373924,0.01984036369566241,0.0024233763891883925,0.015403289770333534,-0.01317756331596778,-1.5163332665766895,6.725970624647326e-05,-0.00922134383452374,-0.08925100543429057
14.087919235229492,0.17374290602333936,0.02705767434802637,-0.042288103450315105,0.011448372609010184,0.019641960058705787,0.0023991426252965085,0.015403289770333534,-0.01317756331596778,-1.5163332665766895,6.658710918400853e-05,-0.009129130396178502,-0.08835849537994767
14.098153829574585,0.17372526587637002,0.02622099761919783,-0.042469747861916846,0.011296615366654949,0.01864815144192655,0.002128165896969559,0.015634008444467194,-0.013458066371779988,-1.5177195568589403,0.0002913514470034612,-0.009311912539931529,-0.08882942457249096
14.102353811264038,0.17372526587637002,0.02622099761919783,-0.042469747861916846,0.0111836492129884,0.018461669927507283,0.002106884237999863,0.015634008444467194,-0.013458066371779988,-1.5177195568589403,0.00028843793253342657,-0.009218793414532214,-0.08794113032676605
14.122693061828613,0.17357941732228233,0.03559635381153092,-0.041708137118018046,0.011106308677784692,0.02283099175806466,0.002857654861561306,0.015949253319081796,-0.013741278306594919,-1.5190928399253452,0.00044054691130343093,-0.00926584951689441,-0.08773690765055463
14.126794338226318,0.17357941732228233,0.03559635381153092,-0.041708137118018046,0.010995245591006845,0.022602681840484015,0.002829078312945693,0.015949253319081796,-0.013741278306594919,-1.5190928399253452,0.00043614144219039663,-0.009173191021725466,-0.08685953857404909
14.135915994644165,0.1736416721817772,0.04093951188570901,-0.04130822145479218,0.011089054852976768,0.02816385624950824,0.0037410397047711163,0.0163228385839154,-0.014016770074598738,-1.5204559820559287,0.0008413386076144509,-0.009383478564318136,-0.08748534515670166
14.156767129898071,0.17376775010089923,0.04384602621994391,-0.04112722001207807,0.011070681108463784,0.029260049261916898,0.003908946025992242,0.016735239929602727,-0.014292809073451004,-1.5218059010966671,0.0010307088628918708,-0.009422029375665676,-0.08725789963966692
14.164719581604004,0.17376775010089923,0.04384602621994391,-0.04112722001207807,0.010959974297379146,0.02896744876929773,0.0038698565657323196,0.016735239929602727,-0.014292809073451004,-1.5218059010966671,0.0010204017742629521,-0.009327809081909019,-0.08638532064327024
14.175287008285522,0.1738762575991184,0.044773815939674284,-0.0411319388604184,0.01097202938151713,0.02954949903028776,0.003900149835289921,0.017168928486020345,-0.014564321749028478,-1.5231411066594918,0.0014205990486117067,-0.009491464569869637,-0.08678497803697237
14.180964708328247,0.1738762575991184,0.044773815939674284,-0.0411319388604184,0.010862309087701959,0.02925400403998488,0.0038611483369370217,0.017168928486020345,-0.014564321749028478,-1.5231411066594918,0.0014063930581255896,-0.009396549924170942,-0.08591712825660264
14.200345993041992,0.17390955966548186,0.04415187410412621,-0.041291775559405844,0.010762121617789304,0.028649115436715243,0.003712383536269783,0.01760703039339876,-0.014835956279263195,-1.5244621328972987,0.0016183729186804885,-0.009442737430391287,-0.08573955587592472
14.205333709716797,0.17390955966548186,0.04415187410412621,-0.041291775559405844,0.01065450040161141,0.02836262428234809,0.003675259700907085,0.01760703039339876,-0.014835956279263195,-1.5244621328972987,0.0016021891894936837,-0.009348310056087373,-0.08488216031716547
14.217557191848755,0.17410628398444558,0.03731315786380661,-0.041618573343473644,0.010581457227143863,0.022534181369320047,0.0028852845162810926,0.017994255145452658,-0.015095799293505205,-1.525775020705366,0.0019029548936974944,-0.009467403872183216,-0.08510740892892443
14.222108125686646,0.17410628398444558,0.03731315786380661,-0.041618573343473644,0.010475642654872424,0.022308839555626847,0.0028564316711182816,0.017994255145452658,-0.015095799293505205,-1.525775020705366,0.0018839253447605194,-0.009372729833461383,-0.08425633483963518
14.239758253097534,0.1742936974056631,0.031476002072527674,-0.04200819859358717,0.010401251659754362,0.01881338406772353,0.0023198631097559237,0.018358552184734495,-0.015357580470025198,-1.5270720546617973,0.0020714851901982266,-0.009427319411501552,-0.0841486296178896
14.244481563568115,0.1742936974056631,0.031476002072527674,-0.04200819859358717,0.01029723914315682,0.018625250227046294,0.0022966644786583646,0.018358552184734495,-0.015357580470025198,-1.5270720546617973,0.0020507703382962443,-0.009333046217386535,-0.0833071433217107
14.260363101959229,0.17442898761659256,0.026144602532982664,-0.04243746927564417,0.010202383162010992,0.015121828178739397,0.0017122988674574864,0.01868929514235302,-0.01561453612551828,-1.5283529832578049,0.0022385188815522068,-0.009401510947318784,-0.08328062385119536
14.265540361404419,0.17442898761659256,0.026144602532982664,-0.04243746927564417,0.010100359330390883,0.014970609896952003,0.0016951758787829116,0.01868929514235302,-0.01561453612551828,-1.5283529832578049,0.0022161336927366848,-0.009307495837845596,-0.08244781761268341
14.278539896011353,0.17447967543692525,0.021403195151442928,-0.042885951580814895,0.00995456372130701,0.011222378609291123,0.0010178294832443478,0.018981550254862974,-0.015873215537759264,-1.5296167463657633,0.0024187920292413757,-0.009413412166511377,-0.08259549970703606
14.286992311477661,0.17447967543692525,0.021403195151442928,-0.042885951580814895,0.00985501808409394,0.011110154823198212,0.0010076511884119044,0.018981550254862974,-0.015873215537759264,-1.5296167463657633,0.002394604108948962,-0.009319278044846262,-0.0817695447099657
14.306668996810913,0.17431856467573978,0.01734599057326919,-0.04383357907600098,0.009624832646466287,0.008991871218996163,0.00034031430696401083,0.019231660391301683,-0.016132362826124735,-1.5308621901300712,0.002497767960711214,-0.009357787979553554,-0.08158480331138315
14.312694549560547,0.17431856467573978,0.01734599057326919,-0.04383357907600098,0.009528584320001624,0.008901952506806202,0.00033691116389437075,0.019231660391301683,-0.016132362826124735,-1.5308621901300712,0.0024727902811041017,-0.009264210099758018,-0.08076895527826931
14.32116413116455,0.1737707500753433,0.011535563679874246,-0.04541442650807679,0.008620181261420157,0.002165748071519223,-0.002112645389134267,0.01942148244883781,-0.016391747376404406,-1.5321115947567372,0.0026721844972019703,-0.009477822265390384,-0.0814364326051296
14.3451406955719,0.17347019157877605,0.007105010876505192,-0.0464845500087754,0.008364350771647638,0.0003476516303719177,-0.0026946957648163175,0.019551647606786675,-0.016645614425496297,-1.533343146664909,0.0026997511465018695,-0.009488925371178215,-0.08113571647622966
14.356612205505371,0.17347019157877605,0.007105010876505192,-0.0464845500087754,0.008280707263931162,0.0003441751140681985,-0.002667748807168154,0.019551647606786675,-0.016645614425496297,-1.533343146664909,0.0026727536350368507,-0.009394036117466434,-0.08032435931146736
14.361114501953125,0.17329626168298193,0.00375355997141254,-0.047240274689030214,0.007634338441881702,-0.006909019006063321,-0.004952901782815068,0.019622388472358674,-0.01690293291440147,-1.5345595240859355,0.0028031478395422853,-0.009871622957779231,-0.08222279792684734
14.365881443023682,0.17329626168298193,0.00375355997141254,-0.047240274689030214,0.007557995057462885,-0.006839928816002688,-0.004903372764986917,0.019622388472358674,-0.01690293291440147,-1.5345595240859355,0.002775116361146862,-0.009772906728201438,-0.08140056994757885
14.389543056488037,0.17319054945293483,0.0013594051962071041,-0.047751686962737405,0.007413736686897357,-0.0077581962574992044,-0.005156667689256582,0.01963790639487529,-0.017158876217230133,-1.5357558040063335,0.002753923466497057,-0.00978334581403976,-0.08109214258586099
14.398687601089478,0.17319054945293483,0.0013594051962071041,-0.047751686962737405,0.007339599320028384,-0.007680614294924212,-0.005105101012364016,0.01963790639487529,-0.017158876217230133,-1.5357558040063335,0.002726384231832086,-0.009685512355899362,-0.08028122116000239
14.406740188598633,0.17269497125460243,0.0011679476083879313,-0.04790513768814614,0.006645473452498809,-0.007809202019321362,-0.0052629293178933076,0.019615571922696785,-0.017422329669757524,-1.5369562066353364,0.002671384618678477,-0.009915823441000456,-0.08096911318184051
14.411906957626343,0.17269497125460243,0.0011679476083879313,-0.04790513768814614,0.006579018717973821,-0.007731109999128148,-0.005210300024714375,0.019615571922696785,-0.017422329669757524,-1.5369562066353364,0.002644670772491692,-0.009816665206590452,-0.0801594220500221
14.444113731384277,0.1724399925316279,0.004641246001391579,-0.048354486805747096,0.006460053702222255,-0.00656721844342423,-0.005204023589829658,0.019498291255576054,-0.017929797112717666,-1.5393353910807321,0.0025818091577654682,-0.009876063993017162,-0.08009654958516176
14.449062585830688,0.1724399925316279,0.004641246001391579,-0.048354486805747096,0.006395453165200032,-0.006501546258989988,-0.005151983353931361,0.019498291255576054,-0.017929797112717666,-1.5393353910807321,0.0025559910661878136,-0.009777303353086991,-0.07929558408931013
14.467334032058716,0.17258048495203668,0.005994258734307597,-0.04839428098794743,0.006426308522819378,-0.005699948076069864,-0.005058775707219826,0.019386144446365158,-0.01818033128189374,-1.5405043593791459,0.0024690529768030766,-0.009816648184255724,-0.07914240699599126
14.473099708557129,0.17258048495203668,0.005994258734307597,-0.04839428098794743,0.006362045437591184,-0.005642948595309165,-0.005008187950147627,0.019386144446365158,-0.01818033128189374,-1.5405043593791459,0.002444362447035046,-0.009718481702413167,-0.07835098292603135
14.485760927200317,0.17279533301859254,0.007496897941716921,-0.048350679232344436,0.006496972907764169,-0.004413093393817908,-0.00482251239040891,0.01924256274468262,-0.018434547353722717,-1.541657377548576,0.0023065160722221894,-0.009822080142509187,-0.07847814228425122
14.490661859512329,0.17279533301859254,0.007496897941716921,-0.048350679232344436,0.006432003178686527,-0.004368962459879729,-0.004774287266504821,0.01924256274468262,-0.018434547353722717,-1.541657377548576,0.0022834509114999673,-0.009723859341084095,-0.07769336086140871
14.505748748779297,0.17265085659349977,0.00878943705981237,-0.048283601144982514,0.006292919651233981,-0.003474676060816962,-0.0046080486654991966,0.019068929106998568,-0.018689109526799294,-1.542821060374059,0.0021455273110477526,-0.009795351470469723,-0.0776877478377683
14.514984846115112,0.17265085659349977,0.00878943705981237,-0.048283601144982514,0.006229990454721641,-0.0034399293002087923,-0.004561968178844205,0.019068929106998568,-0.018689109526799294,-1.542821060374059,0.002124072037937275,-0.009697397955765026,-0.07691087035939062
14.529317140579224,0.17283171358690214,0.009787392682047615,-0.04820957485311536,0.006310933725368063,-0.0027204135566383696,-0.004405788803734537,0.018866535674562934,-0.01893441870052019,-1.5439740944034994,0.0019616163621001864,-0.009771582316789311,-0.07694626231152045
14.53456163406372,0.17283171358690214,0.009787392682047615,-0.04820957485311536,0.0062478243881143826,-0.0026932094210719857,-0.004361730915697192,0.018866535674562934,-0.01893441870052019,-1.5439740944034994,0.0019420001984791846,-0.009673866493621418,-0.07617679968840524
14.564075708389282,0.17358485369735935,0.011579675922204258,-0.04806269347751602,0.006455382174413849,-0.00207262820302159,-0.004217912267253029,0.01837122777005114,-0.01942849958868345,-1.5462494834260683,0.0017547592785661565,-0.009744533007215688,-0.07618598218702705
14.569587469100952,0.17358485369735935,0.011579675922204258,-0.04806269347751602,0.006390828352669711,-0.002051901920991374,-0.004175733144580499,0.01837122777005114,-0.01942849958868345,-1.5462494834260683,0.001737211685780495,-0.00964708767714353,-0.07542412236515678
14.583993673324585,0.17399063084000022,0.012213990223873915,-0.04802257905203208,0.0066192995532591324,-0.0016025248251554996,-0.004070219344573716,0.018081151453033288,-0.019678568419430314,-1.547364451102017,0.001518484435735008,-0.009724200922091426,-0.07544383079447466
14.589193105697632,0.17399063084000022,0.012213990223873915,-0.04802257905203208,0.006553106557726541,-0.0015864995769039446,-0.004029517151127979,0.018081151453033288,-0.019678568419430314,-1.547364451102017,0.001503299591377658,-0.009626958912870512,-0.0746893924865299
14.600981950759888,0.17434744577266237,0.013034051470968108,-0.04797833293200449,0.006807211204129342,-0.0008891846523346187,-0.0038938638995645977,0.017770916444454086,-0.0199298650674478,-1.5484626856061838,0.0012251067974167627,-0.009743854096618546,-0.07487408642999871
14.605876922607422,0.17434744577266237,0.013034051470968108,-0.04797833293200449,0.006739139092088049,-0.0008802928058112725,-0.0038549252605689518,0.017770916444454086,-0.0199298650674478,-1.5484626856061838,0.0012128557294425952,-0.009646415555652361,-0.07412534556569872
14.620196104049683,0.17484522659279667,0.013638295341809329,-0.04796808176489743,0.007029531731283211,-0.0004606147202157357,-0.003775357395532147,0.017442895441892006,-0.0201831470483583,-1.5495441505947256,0.0009716491316995863,-0.009726834402753364,-0.0741393482627084
14.62531042098999,0.17484522659279667,0.013638295341809329,-0.04796808176489743,0.006959236413970379,-0.00045600857301357836,-0.0037376038215768256,0.017442895441892006,-0.0201831470483583,-1.5495441505947256,0.0009619326403825905,-0.00962956605872583,-0.07339795478008132
14.640902757644653,0.17539563994071294,0.014475797045680718,-0.04795321537261811,0.007255618171649848,7.359830801593364e-05,-0.0036468692848791624,0.017101920111612653,-0.020440900851294266,-1.550609588731424,0.0007336319592650823,-0.009698578400809796,-0.07334728406552053
14.651546001434326,0.17539563994071294,0.014475797045680718,-0.04795321537261811,0.00718306198993335,7.28623249357743e-05,-0.0036104005920303706,0.017101920111612653,-0.020440900851294266,-1.550609588731424,0.0007262956396724315,-0.009601592616801697,-0.07261381122486532
14.663329601287842,0.1759150185531195,0.01467678305354309,-0.04800793862970194,0.007555691696691257,0.00023547279170412974,-0.003609399442777404,0.01674682984271728,-0.02070342809447558,-1.5516597069571323,0.00041768990746052806,-0.009728367048796588,-0.07277884239769301
14.668505191802979,0.1759150185531195,0.01467678305354309,-0.04800793862970194,0.007480134779724344,0.00023311806378708844,-0.0035733054483496297,0.01674682984271728,-0.02070342809447558,-1.5516597069571323,0.00041351300838592277,-0.009631083378308623,-0.07205105397371608
14.684838056564331,0.1763726979934606,0.014901040961675716,-0.04807291259881921,0.0076885466324489475,0.0003642378606253473,-0.0035675648458034065,0.01638410078841937,-0.020972749771932656,-1.5526928953612844,0.00018729249426324343,-0.009699668097995344,-0.07196312591062863
14.690171241760254,0.1763726979934606,0.014901040961675716,-0.04807291259881921,0.0076116611661244575,0.0003605954820190938,-0.0035318891973453725,0.01638410078841937,-0.020972749771932656,-1.5526928953612844,0.000185419569320611,-0.009602671417015391,-0.07124349465152234
14.706405639648438,0.17673213167516222,0.015197883953673283,-0.04818089714786611,0.007760916794026992,0.0005394673404043121,-0.003548639236713228,0.016019415221009907,-0.02124848546609507,-1.5537121777838288,-4.107219526876222e-05,-0.009676491281733828,-0.07115891324756828
14.7144033908844,0.17673213167516222,0.015197883953673283,-0.04818089714786611,0.007683307626086722,0.000534072667000269,-0.003513152844346096,0.016019415221009907,-0.02124848546609507,-1.5537121777838288,-4.0661473316074596e-05,-0.00957972636891649,-0.0704473241150926
14.728087425231934,0.1767621415309338,0.013603019395206889,-0.048071548054051616,0.007600396414920375,-0.0006378220987883966,-0.0035012928588978765,0.015642118301750597,-0.021528833099643506,-1.5547423515007155,-0.00031597538783406843,-0.009688801167390012,-0.07049567982096369
14.732527256011963,0.1767621415309338,0.013603019395206889,-0.048071548054051616,0.007524392450771171,-0.0006314438778005127,-0.0034662799303088977,0.015642118301750597,-0.021528833099643506,-1.5547423515007155,-0.00031281563395572774,-0.009591913155716112,-0.06979072302275405
14.739979267120361,0.17699398678499845,0.012511286237668444,-0.04808177824488684,0.007724387230148534,-0.002088084067734046,-0.0035767866102028216,0.01527018341184801,-0.02180535482351712,-1.5557591351073459,-0.0008087942079904916,-0.009867063953942034,-0.07045725767518078
14.744570255279541,0.17699398678499845,0.012511286237668444,-0.04808177824488684,0.007647143357847048,-0.0020672032270567056,-0.0035410187441007935,0.01527018341184801,-0.02180535482351712,-1.5557591351073459,-0.0008007062659105867,-0.009768393314402614,-0.06975268509842897
14.758915424346924,0.1773008920767603,0.011816434198051659,-0.048142821191037265,0.007772536667540168,-0.002529488878144262,-0.003592274556249875,0.014904536540225454,-0.022089837266076863,-1.5567693081874021,-0.001047591195046783,-0.009869021747758736,-0.06975934867929753
14.763705968856812,0.1773008920767603,0.011816434198051659,-0.048142821191037265,0.0076948113008647664,-0.0025041939893628196,-0.0035563518106873763,0.014904536540225454,-0.022089837266076863,-1.5567693081874021,-0.0010371152830963152,-0.009770331530281147,-0.06906175519250456
14.809451580047607,0.17761440159917724,0.011405637601584124,-0.048242599230388844,0.007684084650967059,-0.0025681384168292974,-0.0035509162758069653,0.014547939483909776,-0.02237503995700273,-1.5577691934295725,-0.0011046963200018456,-0.009734973581780049,-0.0685897127598407
14.814045190811157,0.17761440159917724,0.011405637601584124,-0.048242599230388844,0.007607243804457388,-0.0025424570326610042,-0.0035154071130488957,0.014547939483909776,-0.02237503995700273,-1.5577691934295725,-0.0010936493568018272,-0.009637623845962248,-0.06790381563224229
14.818151473999023,0.1777526443964184,0.021062965703228135,-0.04723257981057959,0.008455179121850006,0.020642854261467548,0.0010436669031201828,0.014277425038704852,-0.022673992329185558,-1.5587797428619399,-0.0017414946199433225,-0.010269284029993437,-0.06968576076940884
14.822650671005249,0.1777526443964184,0.021062965703228135,-0.04723257981057959,0.008370627330631505,0.02043642571885287,0.0010332302340889808,0.014277425038704852,-0.022673992329185558,-1.5587797428619399,-0.0017240796737438893,-0.010166591189693501,-0.06898890316171476
14.827772617340088,0.17795173941869225,0.02369795914256066,-0.04603243649570397,0.00882138515231414,0.025130683071674927,0.0038039185712831184,0.014027348797431222,-0.02295882363307927,-1.5598038154598757,-0.002195083432738401,-0.01062102502049852,-0.07029839587092175
14.848386526107788,0.178287021292479,0.025434563901833643,-0.04538016960062609,0.008919004364589854,0.025685332988856606,0.004153041091654097,0.013831260736980506,-0.023250506737631384,-1.5608286176062136,-0.00226825675106952,-0.010656312973200667,-0.07009255302110484
14.853259325027466,0.178287021292479,0.025434563901833643,-0.04538016960062609,0.008829814320943956,0.02542847965896804,0.004111510680737556,0.013831260736980506,-0.023250506737631384,-1.5608286176062136,-0.002245574183558825,-0.01054974984346866,-0.0693916274908938
14.859329462051392,0.17865616776839363,0.02618894592670431,-0.045065999022673005,0.009384315357907647,0.026350563409619544,0.004686859976085991,0.013676120908946772,-0.023538528507357038,-1.5618506595346697,-0.0024786972324856884,-0.01091874207828118,-0.07038143256268212
14.86466360092163,0.17865616776839363,0.02618894592670431,-0.045065999022673005,0.00929047220432857,0.026087057775523347,0.004639991376325131,0.013676120908946772,-0.023538528507357038,-1.5618506595346697,-0.0024539102601608314,-0.010809554657498369,-0.06967761823705529
14.887911558151245,0.17898998846841435,0.026163800800315343,-0.04500772891841353,0.009341136303778948,0.02581008053745349,0.004615491369074539,0.013555351569048526,-0.023832727727296738,-1.5628673383808194,-0.0024813195239061833,-0.010828007528504323,-0.06941816170221683
14.893453359603882,0.17898998846841435,0.026163800800315343,-0.04500772891841353,0.00924772494074116,0.025551979732078955,0.004569336455383794,0.013555351569048526,-0.023832727727296738,-1.5628673383808194,-0.0024565063286671215,-0.01071972745321928,-0.06872398008519466
14.909793138504028,0.17901661409173736,0.023043503772012888,-0.044928465207703286,0.00912785395329741,0.02339295905946575,0.0044015970172526,0.013444591376190885,-0.02412652071407722,-1.5638923306214647,-0.0024997268783526357,-0.0107923324811392,-0.068664039005402
14.921451568603516,0.17901661409173736,0.023043503772012888,-0.044928465207703286,0.009036575413764436,0.023159029468871092,0.0043575810470800735,0.013444591376190885,-0.02412652071407722,-1.5638923306214647,-0.0024747296095691093,-0.010684409156327807,-0.06797739861534798
14.926586389541626,0.17923488976606103,0.020310488613549556,-0.045090504869283544,0.009245259620295567,0.017654102877577377,0.0035205165801353807,0.013344589752423553,-0.024415679378636555,-1.564907878632341,-0.002644734233691561,-0.011140697972502785,-0.06927539176677641
14.929672002792358,0.17923488976606103,0.020310488613549556,-0.045090504869283544,0.00915280702409261,0.017477561848801604,0.0034853114143340268,0.013344589752423553,-0.024415679378636555,-1.564907878632341,-0.0026182868913546455,-0.011029290992777756,-0.06858263784910865
14.948127746582031,0.17950390803733718,0.017820658822537142,-0.04538222780728379,0.009174501876299507,0.01597233938929296,0.0031712153718427318,0.013258132251054973,-0.024708610816605497,-1.565915592788295,-0.002638949872900379,-0.01107771909746054,-0.06844282802104129
14.952308177947998,0.17950390803733718,0.017820658822537142,-0.04538222780728379,0.009082756857536511,0.015812615995400032,0.0031395032181243043,0.013258132251054973,-0.024708610816605497,-1.565915592788295,-0.002612560374171375,-0.010966941906485934,-0.06775839974083088
14.964032411575317,0.1797502297037528,0.015611879747483674,-0.04575332176977964,0.009155995237208512,0.013805028907133088,0.0026227890316911913,0.013186046065948347,-0.02500196270493983,-1.5669115681364465,-0.0026479195441027593,-0.011107482349881318,-0.06793031719469923
14.97040581703186,0.1797502297037528,0.015611879747483674,-0.04575332176977964,0.009064435284836426,0.013666978618061756,0.0025965611413742793,0.013186046065948347,-0.02500196270493983,-1.5669115681364465,-0.0026214403486617315,-0.010996407526382505,-0.06725101402275224
14.982363224029541,0.17992152049537558,0.01370245210211292,-0.04616639034205907,0.00907764685216668,0.011970396485372448,0.0020827801002690337,0.013127527331906051,-0.025301133009105584,-1.5678946029004124,-0.002644165262916533,-0.011136640090092147,-0.06740061754325112
14.989010572433472,0.17992152049537558,0.01370245210211292,-0.04616639034205907,0.008986870383645013,0.011850692520518723,0.002061952299266343,0.013127527331906051,-0.025301133009105584,-1.5678946029004124,-0.0026177236102873677,-0.011025273689191225,-0.06672661136781861
15.004363298416138,0.17997877909069207,0.012427485973339737,-0.04643799036026677,0.008913880521873033,0.010921549322582769,0.0017906692090637068,0.013081834129285383,-0.02560028774051018,-1.5688864489408196,-0.0026213086474591277,-0.011109875424229807,-0.06670538429732213
15.009730577468872,0.17997877909069207,0.012427485973339737,-0.04643799036026677,0.008824741716654302,0.010812333829356941,0.0017727625169730698,0.013081834129285383,-0.02560028774051018,-1.5688864489408196,-0.0025950955609845366,-0.01099877666998751,-0.06603833045434891
15.024530172348022,0.1801471067577909,0.011331321184975415,-0.04676236087144362,0.008831725043929817,0.009984895261123167,0.001469791903418048,0.013042568243157564,-0.025899104356524424,-1.5698633707214809,-0.0025956763357689715,-0.011090697549067673,-0.066038047502983
15.029003620147705,0.1801471067577909,0.011331321184975415,-0.04676236087144362,0.008743407793490518,0.009885046308511935,0.0014550939843838676,0.013042568243157564,-0.025899104356524424,-1.5698633707214809,-0.002569719572411282,-0.010979790573576996,-0.06537766702795317
15.047906160354614,0.18033459419722667,0.010436733774013532,-0.0470995892338336,0.00874317716106549,0.009329422274984137,0.0012199424348909456,0.013011486108677207,-0.026202531790021005,-1.5708282946729646,-0.0025604657404573973,-0.011030514708887157,-0.06523436352208517
15.052626848220825,0.18033459419722667,0.010436733774013532,-0.0470995892338336,0.008655745389454836,0.009236128052234295,0.0012077430105420363,0.013011486108677207,-0.026202531790021005,-1.5708282946729646,-0.002534861083052823,-0.010920209561798285,-0.06458201988686432
15.059116840362549,0.1804875126498099,0.009732594533830454,-0.047436451313038634,0.008776949150852647,0.008106328846591258,0.0005804183704756124,0.012986891668577503,-0.026508681045139416,-1.5717778358688248,-0.002547408419648161,-0.01128273262151632,-0.06539928496625926
15.06533145904541,0.1804875126498099,0.009732594533830454,-0.047436451313038634,0.008689179659344121,0.008025265558125346,0.0005746141867708563,0.012986891668577503,-0.026508681045139416,-1.5717778358688248,-0.0025219343354516794,-0.011169905295301156,-0.06474529211659666
15.086986541748047,0.18056676843530517,0.009203645464966959,-0.047764566090769685,0.008632508069735216,0.007714958542247798,0.00039598276796776763,0.012965765142983981,-0.026820738075837132,-1.572711216086169,-0.0025064709121661957,-0.011202309608279747,-0.06452886050814564
15.091987133026123,0.18056676843530517,0.009203645464966959,-0.047764566090769685,0.008546182989037865,0.00763780895682532,0.00039202294028808997,0.012965765142983981,-0.026820738075837132,-1.572711216086169,-0.0024814062030445337,-0.01109028651219695,-0.06388357190306419
15.104198932647705,0.1801321909375142,0.008855730481957112,-0.048144419671476944,0.008097154088230633,0.007314582626833353,5.52540701039016e-05,0.012944339271165355,-0.027138127348115597,-1.5736580996195564,-0.0024741373616061135,-0.011239287414016537,-0.0640201202901681
15.112119674682617,0.1801321909375142,0.008855730481957112,-0.048144419671476944,0.008016182547348327,0.007241436800565019,5.470152940286259e-05,0.012944339271165355,-0.027138127348115597,-1.5736580996195564,-0.0024493959879900522,-0.011126894539876371,-0.06337991908726641
15.124196767807007,0.17996137493761402,0.008771881101552456,-0.04845429651914136,0.007792193069710422,0.007126413450379095,-0.0002064416427102351,0.012929187207175334,-0.027445348363204784,-1.5745940363604425,-0.002437448146479829,-0.011270008840449897,-0.06352108845153055
15.129635095596313,0.17996137493761402,0.008771881101552456,-0.04845429651914136,0.007714271139013317,0.007055149315875304,-0.00020437722628313275,0.012929187207175334,-0.027445348363204784,-1.5745940363604425,-0.002413073665015031,-0.011157308752045398,-0.06288587756701525
15.142338752746582,0.17990258997896472,0.008802039734112406,-0.04872697297905294,0.0075908264298695845,0.007028579506384433,-0.00041342061847743404,0.012912526630266154,-0.0277592836591984,-1.5755240199519653,-0.0024020577162658023,-0.011292857648596262,-0.0629890785285706
15.152347326278687,0.17990258997896472,0.008802039734112406,-0.04872697297905294,0.007514918165570888,0.006958293711320588,-0.0004092864122926597,0.012912526630266154,-0.0277592836591984,-1.5755240199519653,-0.0023780371391031443,-0.011179929072110299,-0.06235918774328489
15.165621280670166,0.17989052317469856,0.009071138496902944,-0.04895782437990546,0.007435152230274296,0.007106095034948491,-0.000559946734998379,0.012891725011215226,-0.028068759414815472,-1.5764433888993268,-0.002369927771572334,-0.011301274891346575,-0.06242820706538395
15.171099185943604,0.17989052317469856,0.009071138496902944,-0.04895782437990546,0.007360800707971553,0.007035034084599006,-0.0005543472676483952,0.012891725011215226,-0.028068759414815472,-1.5764433888993268,-0.0023462284938566107,-0.01118826214243311,-0.06180392499473011
15.189949750900269,0.17986686819350553,0.009405679114574631,-0.04916702000787316,0.007278691022708717,0.00715139107807968,-0.0006432025276449164,0.012861688185722382,-0.02838392296165608,-1.5773515259699027,-0.0023387003867858676,-0.011243570025678069,-0.06166764163521028
15.202450513839722,0.17979221773217305,0.009808075323763633,-0.04935767235078617,0.0071537049729445855,0.007415047399313844,-0.0007592521180568659,0.012819631289558155,-0.028698593281415486,-1.57824502628461,-0.0023489568464153386,-0.01138285521740484,-0.061765721845341605
15.207568168640137,0.17979221773217305,0.009808075323763633,-0.04935767235078617,0.007082167923215139,0.007340896925320706,-0.0007516595968762972,0.012819631289558155,-0.028698593281415486,-1.57824502628461,-0.002325467277951185,-0.011269026665230792,-0.06114806462688819
15.22628116607666,0.1797210283366354,0.012816541793149632,-0.04904031124662173,0.007014004027177447,0.008851591654017402,-0.0004312657097061579,0.012782993619362658,-0.029016362128856357,-1.5791387798114471,-0.0023217913339775615,-0.01132614823578884,-0.06101419507946592
15.2314932346344,0.1797210283366354,0.012816541793149632,-0.04904031124662173,0.006943863986905672,0.008763075737477227,-0.0004269530526090963,0.012782993619362658,-0.029016362128856357,-1.5791387798114471,-0.002298573420637786,-0.011212886753430951,-0.06040405312867126
15.265956401824951,0.17987406429832736,0.016350082515719695,-0.048849841199925,0.006944598885968973,0.009688806271710967,-0.0002763186030640194,0.012684541843186212,-0.029651322208020504,-1.5808828707541498,-0.0023041549320452805,-0.011285000986843622,-0.06030608649740057
15.27188777923584,0.17987406429832736,0.016350082515719695,-0.048849841199925,0.006875152897109283,0.009591918208993858,-0.0002735554170333792,0.012684541843186212,-0.029651322208020504,-1.5808828707541498,-0.0022811133827248275,-0.011172150976975185,-0.05970302563242656
15.289861917495728,0.17997457234330863,0.017465841379743056,-0.04886741262517939,0.006877661179912693,0.010112711479956044,-0.00022549932720934888,0.012615487309659426,-0.02997208138741781,-1.5817308515480075,-0.002296721077399023,-0.011238885410271775,-0.059577773650863954
15.295263767242432,0.17997457234330863,0.017465841379743056,-0.04886741262517939,0.006808884568113565,0.010011584365156484,-0.0002232443339372554,0.012615487309659426,-0.02997208138741781,-1.5817308515480075,-0.0022737538666250325,-0.011126496556169058,-0.058981995914355316
15.307158708572388,0.1797933249143636,0.020022999704413104,-0.04930199716178894,0.0066394273178795446,0.012085283240329935,-0.00039026651587137877,0.012542823280162074,-0.030300421282962845,-1.5825773489028527,-0.0023121045061025086,-0.011291264810475503,-0.05910382078923326
15.313005685806274,0.1797933249143636,0.020022999704413104,-0.04930199716178894,0.006573033044700749,0.011964430407926635,-0.000386363850712665,0.012542823280162074,-0.030300421282962845,-1.5825773489028527,-0.0022889834610414833,-0.011178352162370748,-0.05851278258134093
15.327960968017578,0.17985612979133947,0.022687820061143688,-0.04969727456159373,0.0065919648089763135,0.013639063962796677,-0.00048644586988333047,0.012484682178438053,-0.03061935826003364,-1.5834194868802682,-0.002304970259384257,-0.011279829061088511,-0.05849075879162454
15.341389894485474,0.1800567126023155,0.024205054576903223,-0.05000396188100267,0.006701878741901211,0.014642870217696155,-0.0006095367329612149,0.012423879356196143,-0.030944011344047524,-1.5842549636052146,-0.0023271980571083076,-0.011408787313556502,-0.05852799827327763
15.344236373901367,0.1800567126023155,0.024205054576903223,-0.05000396188100267,0.006634859954482199,0.014496441515519194,-0.0006034413656316027,0.012423879356196143,-0.030944011344047524,-1.5842549636052146,-0.0023039260765372245,-0.011294699440420938,-0.05794271829054485
15.367907762527466,0.1803151868208172,0.024874243131995953,-0.050259910077100574,0.006683760284513751,0.014639617252566905,-0.0006811016009230874,0.012358900852426958,-0.03126516476972737,-1.5850808864826569,-0.0023083370447362582,-0.011317424007475426,-0.057712202990456325
15.37195634841919,0.1803151868208172,0.024874243131995953,-0.050259910077100574,0.006616922681668613,0.014493221080041236,-0.0006742905849138565,0.012358900852426958,-0.03126516476972737,-1.5850808864826569,-0.0022852536742888957,-0.011204249767400672,-0.05713508096055176
15.38801121711731,0.18057033917651216,0.02487031548268362,-0.0504828510336817,0.00670802018382214,0.014354504697124843,-0.0008080734949188845,0.012286386542825531,-0.03159143049510776,-1.5858968622612761,-0.002307567691670437,-0.01129542644984901,-0.05707197210169779
15.393060445785522,0.18057033917651216,0.02487031548268362,-0.0504828510336817,0.006640939981983919,0.014210959650153595,-0.0007999927599696956,0.012286386542825531,-0.03159143049510776,-1.5858968622612761,-0.0022844920147537325,-0.011182472185350519,-0.05650125238068081
15.406906127929688,0.18044414593225175,0.02463391878573828,-0.05070904254069248,0.006477235079777389,0.013916077185035715,-0.0009685217697205865,0.01220699495891723,-0.03191812825676992,-1.586729039974163,-0.0023189874141958367,-0.011306603885333437,-0.056537277569730565
15.412234783172607,0.18044414593225175,0.02463391878573828,-0.05070904254069248,0.006412462728979615,0.013776916413185358,-0.0009588365520233806,0.01220699495891723,-0.03191812825676992,-1.586729039974163,-0.0022957975400538784,-0.011193537846480103,-0.05597190479403326
15.42388391494751,0.1805997060787918,0.02417125993704498,-0.050880003311434246,0.006469896229942322,0.013254263195835335,-0.001132684135693607,0.012135628908326878,-0.032238157250918185,-1.5875527645458263,-0.0023341025428472227,-0.011356325941259682,-0.05611929816234874
15.429257869720459,0.1805997060787918,0.02417125993704498,-0.050880003311434246,0.006405197267642899,0.013121720563876981,-0.001121357294336671,0.012135628908326878,-0.032238157250918185,-1.5875527645458263,-0.0023107615174187504,-0.011242762681847086,-0.05555810518072525
15.444591760635376,0.18087791852542254,0.023501888435634555,-0.05102389506328699,0.006510114024698852,0.012560528955415018,-0.001245141008837449,0.01206215222438682,-0.03256298620687448,-1.5883738273880554,-0.0023355717362423117,-0.011342172323050586,-0.05553798042424772
15.450048446655273,0.18087791852542254,0.023501888435634555,-0.05102389506328699,0.006445012884451864,0.012434923665860867,-0.0012326895987490745,0.01206215222438682,-0.03256298620687448,-1.5883738273880554,-0.0023122160188798887,-0.01122875059982008,-0.05498260062000524
15.464810371398926,0.18119374776178948,0.02255138996416675,-0.05116417267506754,0.0065766082150216015,0.011673773165311598,-0.0013756308492563242,0.011981087594138134,-0.03288575325900156,-1.5891877452593182,-0.0023440085338817646,-0.011335111446074096,-0.05498413758672152
15.470818519592285,0.18119374776178948,0.02255138996416675,-0.05116417267506754,0.006510842132871385,0.011557035433658483,-0.001361874540763761,0.011981087594138134,-0.03288575325900156,-1.5891877452593182,-0.002320568448542947,-0.011221760331613356,-0.054434296210854306
15.489830493927002,0.1814940994201006,0.02175482921708248,-0.05127391180393462,0.006592106167561924,0.011026262564313693,-0.001445441775452904,0.011890919100736004,-0.03321346315287546,-1.589995828257667,-0.0023447899758844756,-0.011281912987221612,-0.05431499221846138
15.495259761810303,0.1814940994201006,0.02175482921708248,-0.05127391180393462,0.006526185105886304,0.010915999938670555,-0.001430987357698375,0.011890919100736004,-0.03321346315287546,-1.589995828257667,-0.0023213420761256306,-0.011169093857349396,-0.05377184229627677
15.503895044326782,0.18151458440005602,0.01316134688467876,-0.05075318450455794,0.006230631165473566,0.0008588551476568923,-0.0017161938959937325,0.011728099121746325,-0.03353651861920294,-1.5908105541203268,-0.0024866806554627555,-0.011431513975027927,-0.05417760876926851
15.515862941741943,0.18151458440005602,0.01316134688467876,-0.05075318450455794,0.00616832485381883,0.0008502665961803233,-0.0016990319570337952,0.011728099121746325,-0.03353651861920294,-1.5908105541203268,-0.002461813848908128,-0.011317198835277648,-0.053635832681575825
15.522547960281372,0.18116767651084797,0.007003871111746198,-0.050592284939066784,0.005353299456544327,-0.00832359441518733,-0.0022711739751076583,0.011576354542514641,-0.03385729992160419,-1.5916392319045556,-0.002664187719994912,-0.011683877875772821,-0.05433907867199748
15.525610446929932,0.18116767651084797,0.007003871111746198,-0.050592284939066784,0.005299766461978884,-0.008240358471035457,-0.0022484622353565816,0.011576354542514641,-0.03385729992160419,-1.5916392319045556,-0.002637545842794963,-0.011567039097015093,-0.0537956878852775
15.54181432723999,0.18107313523111357,0.002416010396123466,-0.050565850615590525,0.005116668332881958,-0.010972642411878048,-0.0024650661569854465,0.011426701054377698,-0.03416743007460517,-1.5924681097675817,-0.002703526959010462,-0.011642761228741166,-0.053769261483795364
15.549617290496826,0.18107313523111357,0.002416010396123466,-0.050565850615590525,0.005065501649553138,-0.010862915987759268,-0.002440415495415592,0.011426701054377698,-0.03416743007460517,-1.5924681097675817,-0.0026764916894203576,-0.011526333616453754,-0.05323156886895741
15.565680503845215,0.18107135316313644,-0.0007918049454353089,-0.05063114374722298,0.004963360511503981,-0.012735840154976225,-0.0026366896834682475,0.011290325103965035,-0.03447789222949264,-1.5932987536723076,-0.0027346263175019063,-0.011604345528618417,-0.05321636260707452
15.572702884674072,0.18107135316313644,-0.0007918049454353089,-0.05063114374722298,0.004913726906388941,-0.012608481753426461,-0.002610322786633565,0.011290325103965035,-0.03447789222949264,-1.5932987536723076,-0.002707280054326887,-0.011488302073332233,-0.05268419898100377
15.587270975112915,0.18108367192762967,-0.00281983876099665,-0.050750455841373644,0.004838136889237524,-0.013859136557157654,-0.002791367501740352,0.011170287125497856,-0.034783863456526475,-1.594127507038809,-0.0027626051349411394,-0.011583447421325962,-0.05272623962545564
15.592516660690308,0.18108367192762967,-0.00281983876099665,-0.050750455841373644,0.004789755520345149,-0.013720545191586078,-0.0027634538267229483,0.011170287125497856,-0.034783863456526475,-1.594127507038809,-0.002734979083591728,-0.011467612947112703,-0.05219897722920108
15.60602355003357,0.18076349427859384,-0.010853200301738133,-0.05195007918791869,0.0043582843233326155,-0.019409770660640632,-0.004156366553915173,0.011009973385079527,-0.0350896069715481,-1.5949601956812212,-0.0028263196413210088,-0.011579297978417764,-0.05229347924954196
15.610757827758789,0.18076349427859384,-0.010853200301738133,-0.05195007918791869,0.004314701480099289,-0.019215672954034226,-0.004114802888376021,0.011009973385079527,-0.0350896069715481,-1.5949601956812212,-0.0027980564449077987,-0.011463504998633587,-0.05177054445704654
15.625773668289185,0.18066745028322187,-0.01576113654429891,-0.05277778000850248,0.0041281334384476315,-0.02222148133964539,-0.004917025013426219,0.010852343632382926,-0.03538771905550826,-1.595784414158508,-0.002875051524264688,-0.01154740168142419,-0.05180173834023496
15.631084680557251,0.18066745028322187,-0.01576113654429891,-0.05277778000850248,0.004086852104063155,-0.021999266526248937,-0.004867854763291956,0.010852343632382926,-0.03538771905550826,-1.595784414158508,-0.0028463010090220412,-0.011431927664609948,-0.05128372095683261
15.645862340927124,0.18065928392966665,-0.01855071294214802,-0.05337853995823054,0.003995610392701941,-0.023619135864847728,-0.005393817296625834,0.010703002165951209,-0.03568969990679922,-1.596601042414311,-0.0029188969370139116,-0.011521957955982477,-0.0513234937243265
15.656223773956299,0.18065928392966665,-0.01855071294214802,-0.05337853995823054,0.003955654288774922,-0.02338294450619925,-0.005339879123659575,0.010703002165951209,-0.03568969990679922,-1.596601042414311,-0.0028897079676437724,-0.011406738376422651,-0.050810258787083236
15.664717197418213,0.18066874425814056,-0.0196045446242112,-0.05378510425540317,0.003900123077011929,-0.02433982102569799,-0.005874402198215999,0.01056672168753552,-0.035990434869826254,-1.597405693386541,-0.0030212650075891745,-0.011646750786719775,-0.05124953740048929
15.674793004989624,0.18066874425814056,-0.0196045446242112,-0.05378510425540317,0.0038611218462418096,-0.02409642281544101,-0.005815658176233839,0.01056672168753552,-0.035990434869826254,-1.597405693386541,-0.0029910523575132826,-0.011530283278852577,-0.0507370420264844
15.692920207977295,0.18064364611986292,-0.019282613103448316,-0.05403186364050037,0.003814881485464726,-0.023666297211382994,-0.0058769673420342025,0.01044312199112642,-0.036297086729999636,-1.5981967819148823,-0.0030293264824430323,-0.011584147118044251,-0.05066608119951388
15.700402021408081,0.18064364611986292,-0.019282613103448316,-0.05403186364050037,0.003776732670610079,-0.023429634239269165,-0.00581819766861386,0.01044312199112642,-0.036297086729999636,-1.5981967819148823,-0.002999033217618602,-0.011468305646863809,-0.05015942038751874
15.710681915283203,0.18040596246067753,-0.021830228509310455,-0.05531949917915313,0.0034567599360661437,-0.02553998729992201,-0.007231188793932163,0.010296247869380435,-0.03660665893810737,-1.598963472773453,-0.003111918019690084,-0.011654765979488823,-0.050403642111204884
15.714791059494019,0.18040596246067753,-0.021830228509310455,-0.05531949917915313,0.003422192336705482,-0.02528458742692279,-0.007158876905992841,0.010296247869380435,-0.03660665893810737,-1.598963472773453,-0.0030807988394931833,-0.011538218319693934,-0.04989960569009284
15.723154067993164,0.18035404205296837,-0.022312998632532867,-0.05603524976495966,0.003321130941452356,-0.025527040978597884,-0.007991043676366407,0.01015860925963603,-0.03692179125237655,-1.5996959841634948,-0.003214571109217645,-0.011799653061053966,-0.05027650422317907
15.728235721588135,0.18035404205296837,-0.022312998632532867,-0.05603524976495966,0.0032879196320378325,-0.025271770568811906,-0.007911133239602743,0.01015860925963603,-0.03692179125237655,-1.5996959841634948,-0.003182425398125469,-0.011681656530443426,-0.04977373918094728
15.747949123382568,0.18037250986271677,-0.021676690245707595,-0.05643821844410115,0.003275824770945892,-0.024680122013479692,-0.008006138261607568,0.010023338034153593,-0.03724347713081584,-1.600398532428095,-0.0032192200597900332,-0.01172802127793003,-0.04963238282977511
15.751797199249268,0.18037250986271677,-0.021676690245707595,-0.05643821844410115,0.003243066523236433,-0.024433320793344895,-0.007926076878991493,0.010023338034153593,-0.03724347713081584,-1.600398532428095,-0.003187027859192133,-0.01161074106515073,-0.04913605900147736
15.76421070098877,0.1804028903416469,-0.020164230693152273,-0.05659817500084381,0.003270219427559336,-0.02296697518886808,-0.007864951457182048,0.00988876429135736,-0.03757109335571459,-1.6010711076050999,-0.003263566751211592,-0.011758552919001531,-0.049186507798627425
15.769267320632935,0.1804028903416469,-0.020164230693152273,-0.05659817500084381,0.0032375172332837427,-0.0227373054369794,-0.0077863019426102275,0.00988876429135736,-0.03757109335571459,-1.6010711076050999,-0.003230931083699476,-0.011640967389811517,-0.048694642720641154
15.792988538742065,0.1804037359341434,-0.01787339215586398,-0.05656615539126815,0.0032320357190544053,-0.02155116348355411,-0.007607989846965792,0.009754728324888759,-0.03790559682082441,-1.6017141818878369,-0.0032551264455365236,-0.011665572171229698,-0.04847879294613551
15.799201965332031,0.1804037359341434,-0.01787339215586398,-0.05656615539126815,0.003199715361863861,-0.02133565184871857,-0.007531909948496134,0.009754728324888759,-0.03790559682082441,-1.6017141818878369,-0.0032225751810811584,-0.0115489164495174,-0.047994005016674154
15.812583684921265,0.1801621468688783,-0.015144885370019503,-0.05638616130098793,0.003042345668143209,-0.019102317294745794,-0.007140433954474184,0.009618184723189394,-0.03824443989385992,-1.6023537245154305,-0.0032923868399251217,-0.011686640686166977,-0.04799198757079524
15.815554141998291,0.1801621468688783,-0.015144885370019503,-0.05638616130098793,0.0030119222114617767,-0.018911294121798337,-0.007069029614929442,0.009618184723189394,-0.03824443989385992,-1.6023537245154305,-0.0032594629715258705,-0.011569774279305308,-0.047512067695087284
15.830968618392944,0.18013535843313677,-0.01220883076786869,-0.05612766752522922,0.003015644743628996,-0.01684327387230924,-0.0066603430254543365,0.009486699155503165,-0.03858083386236903,-1.602975442107559,-0.0033121683963306834,-0.011672309034260796,-0.047440280596398106
15.834247589111328,0.18013535843313677,-0.01220883076786869,-0.05612766752522922,0.0029854882961927063,-0.01667484113358615,-0.0065937395951997935,0.009486699155503165,-0.03858083386236903,-1.602975442107559,-0.0032790467123673768,-0.011555585943918189,-0.046965877790434124
15.851975679397583,0.18020837046610158,-0.009080274815677511,-0.05581280057640403,0.0030442318402300276,-0.014770895414064036,-0.0061923250929673945,0.009354111552002237,-0.0389227628191436,-1.6035833410091003,-0.0033210458031487228,-0.011632904190631135,-0.046839120527428175
15.860289812088013,0.18020837046610158,-0.009080274815677511,-0.05581280057640403,0.003013789521827727,-0.014623186459923396,-0.0061304018420377205,0.009354111552002237,-0.0389227628191436,-1.6035833410091003,-0.0032878353451172354,-0.011516575148724824,-0.04637072932215389
15.874216794967651,0.18031537757982852,-0.00591617034826003,-0.05547304323155083,0.003121636527920233,-0.012242537630152216,-0.005621982979751442,0.009218328892049227,-0.03926445728063257,-1.6041754411483253,-0.0033524530976974166,-0.011646756479546787,-0.04633216805254865
15.877704381942749,0.18031537757982852,-0.00591617034826003,-0.05547304323155083,0.0030904201626410304,-0.012120112253850695,-0.005565763149953927,0.009218328892049227,-0.03926445728063257,-1.6041754411483253,-0.0033189285667204423,-0.01153028891475132,-0.04586884637202317
15.894314765930176,0.1804045456204996,-0.002837839041140932,-0.055132112894123855,0.00316323179609419,-0.010176560206540144,-0.00513923156703929,0.009078083460322078,-0.039610861156227056,-1.60475220563296,-0.0033701716649363004,-0.01162353260457314,-0.045757389185479426
15.898532629013062,0.1804045456204996,-0.002837839041140932,-0.055132112894123855,0.003131599478133248,-0.010074794604474743,-0.005087839251368897,0.009078083460322078,-0.039610861156227056,-1.60475220563296,-0.003336469948286937,-0.01150729727852741,-0.04529981529362463
15.919030904769897,0.1802510927081088,9.105583910511535e-05,-0.05478393322295041,0.003064151743344867,-0.0085668589532665,-0.004739482142090381,0.008932284878345102,-0.03995671085389097,-1.6053398257031404,-0.0033742324907762877,-0.011560945666390519,-0.04513348518884578
15.924229860305786,0.1802510927081088,9.105583910511535e-05,-0.05478393322295041,0.0030335102259114186,-0.008481190363733836,-0.004692087320669477,0.008932284878345102,-0.03995671085389097,-1.6053398257031404,-0.003340490165868525,-0.011445336209726613,-0.04468215033695732
15.934075355529785,0.18034134076686456,0.0029146560671937283,-0.05445422685773991,0.003172715398076443,-0.00557799725991757,-0.004054582248317368,0.00878626739410572,-0.04029786573442425,-1.6059190957826366,-0.003455394192219326,-0.011677391451586307,-0.04482368936428426
15.96356201171875,0.1805427374593088,0.005646469644340061,-0.05414506882393125,0.0032345061589863972,-0.004612508297548652,-0.003826712052144719,0.008636494558557048,-0.04064149300188434,-1.6064949410621165,-0.0034716336785478156,-0.011677154069818667,-0.04457074259638157
15.966926097869873,0.1805427374593088,0.005646469644340061,-0.05414506882393125,0.0032021610973965334,-0.004566383214573165,-0.0037884449316232718,0.008636494558557048,-0.04064149300188434,-1.6064949410621165,-0.0034369173417623375,-0.01156038252912048,-0.044125035170417756
15.975170850753784,0.1807740078476373,0.008020948372722972,-0.053882938599143095,0.003529215164551592,-0.0016939164703988021,-0.0031765652617569383,0.00848161927140071,-0.040983440204192,-1.6070641220209476,-0.0035903952625354475,-0.0118595239449813,-0.04437414020819017
15.991843938827515,0.1807740078476373,0.008020948372722972,-0.053882938599143095,0.003493923012906076,-0.0016769773056948141,-0.003144799609139369,0.00848161927140071,-0.040983440204192,-1.6070641220209476,-0.003554491309910093,-0.011740928705531487,-0.04393039880610827
15.998633623123169,0.18099576642409446,0.010080397869238459,-0.053432361619462215,0.0038693182796303983,0.0012864895251899124,-0.002182083593249037,0.00832153374998909,-0.041327931993357506,-1.607627213370091,-0.0037547239594203194,-0.012130894686846156,-0.04432042844332908
16.00347399711609,0.18099576642409446,0.010080397869238459,-0.053432361619462215,0.0038306250968340944,0.0012736246299380133,-0.0021602627573165467,0.00832153374998909,-0.041327931993357506,-1.607627213370091,-0.0037171767198261162,-0.012009585739977695,-0.043877224158895785
16.01684331893921,0.18091135157063115,0.01179230313962894,-0.053120215900286614,0.0037645372830089007,0.0025143528288684948,-0.0017906274125260632,0.008154988028976311,-0.0416723058153567,-1.6082090838715002,-0.0038045780036892523,-0.012147074991647291,-0.04387368005311463
16.020705938339233,0.18091135157063115,0.01179230313962894,-0.053120215900286614,0.0037268919101788116,0.0024892093005798098,-0.0017727211384008024,0.008154988028976311,-0.0416723058153567,-1.6082090838715002,-0.0037665322236523596,-0.012025604241730818,-0.043434943252583486
16.035316228866577,0.18107189373304633,0.013426726231343465,-0.0528831153483856,0.0038301953159477838,0.003558855124241105,-0.0014936551056970618,0.007993082133600862,-0.04201017210070739,-1.6087908002349545,-0.003839683243549783,-0.0121366004695667,-0.043398749053429345
16.062705993652344,0.18132488763384874,0.014760564127719039,-0.05272785996617633,0.003897549804500638,0.003999845182527217,-0.0013792138009918922,0.00782828977926955,-0.0423510966223887,-1.609375387666705,-0.0038614520808892033,-0.012139705968860902,-0.04317819436756604
16.067261219024658,0.18132488763384874,0.014760564127719039,-0.05272785996617633,0.0038585743064556317,0.003959846730701945,-0.0013654216629819733,0.00782828977926955,-0.0423510966223887,-1.609375387666705,-0.0038228375600803115,-0.012018308909172293,-0.042746412423890386
16.085508108139038,0.18159042676482445,0.01570418421251191,-0.052651274747797266,0.0039795143821183855,0.004426759080419105,-0.0012646536981503684,0.007658177669825926,-0.04268970400828984,-1.6099578093547036,-0.0038778371908411865,-0.012083695745879206,-0.04263813788004939
16.104353666305542,0.18159042676482445,0.01570418421251191,-0.052651274747797266,0.003939719238297202,0.004382491489614914,-0.0012520071611688648,0.007658177669825926,-0.04268970400828984,-1.6099578093547036,-0.0038390588189327747,-0.011962858788420414,-0.04221175650124889
16.10981011390686,0.18148086270930183,0.015063029401367885,-0.052391748011766506,0.0036712066965697014,0.003132664553536173,-0.0008708008158388031,0.007470597410809956,-0.043035880598549715,-1.6105386984221794,-0.0041444454878926725,-0.012477666037831212,-0.04285423097471861
16.113167762756348,0.18148086270930183,0.015063029401367885,-0.052391748011766506,0.003634494629604004,0.0031013379080008113,-0.0008620928076804151,0.007470597410809956,-0.043035880598549715,-1.6105386984221794,-0.004103001033013746,-0.0123528893774529,-0.04242568866497143
16.125221252441406,0.18148608654135553,0.008771897138411202,-0.05475491301946326,0.003452736437470542,-0.0019404618677561873,-0.00327492174244015,0.007269311288852116,-0.043362392007456375,-1.6111385977773618,-0.004228965085994046,-0.012500245859978481,-0.042499129433404934
16.129358291625977,0.18148608654135553,0.008771897138411202,-0.05475491301946326,0.0034182090730958364,-0.0019210572490786254,-0.003242172525015748,0.007269311288852116,-0.043362392007456375,-1.6111385977773618,-0.004186675435134106,-0.012375243401378695,-0.042074138139070884
16.137152671813965,0.18164858725410876,0.004491912122103205,-0.056194078927431494,0.0034364419211336127,-0.007198525368352725,-0.005543734417786144,0.007091854166291295,-0.04369409279879258,-1.6117413668732512,-0.004372481848219858,-0.01267705500624433,-0.042426734831204384
16.14215326309204,0.18164858725410876,0.004491912122103205,-0.056194078927431494,0.0034020775019222766,-0.0071265401146691975,-0.005488297073608282,0.007091854166291295,-0.04369409279879258,-1.6117413668732512,-0.004328757029737659,-0.012550284456181886,-0.04200246748289234
16.16288685798645,0.18187427348185334,0.0014685160244101182,-0.05714881416204464,0.003435627734287395,-0.0084660222169461,-0.006023790600405589,0.006947402822016273,-0.044020561977333006,-1.6123437338686488,-0.0043551396468876,-0.012582240643786486,-0.041872969848099316
16.168057203292847,0.18187427348185334,0.0014685160244101182,-0.05714881416204464,0.003401271456944521,-0.008381361994776638,-0.005963552694401533,0.006947402822016273,-0.044020561977333006,-1.6123437338686488,-0.004311588250418724,-0.01245641823734862,-0.04145424014961832
16.18256950378418,0.18209762472696814,-0.0004716351274381886,-0.05771552140449631,0.003483366666599227,-0.009595326699336075,-0.006413846269598026,0.006839771384199744,-0.04435393903583383,-1.6129434139852898,-0.004342638030264767,-0.012561574393731848,-0.04145291970214601
16.187803506851196,0.18209762472696814,-0.0004716351274381886,-0.05771552140449631,0.003448532999933235,-0.009499373432342714,-0.006349707806902046,0.006839771384199744,-0.04435393903583383,-1.6129434139852898,-0.004299211649962119,-0.01243595864979453,-0.041038390505124554
16.20541524887085,0.18235793918831436,0.011837588081773404,-0.056639812388223944,0.003762856429927841,-0.002517281560132382,-0.005044968818679017,0.006869832048961009,-0.04469643266486743,-1.6135530997767746,-0.0042391509977505164,-0.012506067974237596,-0.040974188023128695
16.211437702178955,0.18235793918831436,0.011837588081773404,-0.056639812388223944,0.0037252278656285625,-0.002492108744531058,-0.0049945191304922275,0.006869832048961009,-0.04469643266486743,-1.6135530997767746,-0.004196759487773012,-0.01238100729449522,-0.040564446142897406
16.240607261657715,0.18312933969955,0.026325592608671403,-0.055041158094090346,0.004097689957514852,0.002412236984941405,-0.003951004287459807,0.007166607039107946,-0.04539067816240036,-1.6147521279406607,-0.004053050558624177,-0.012495200643589758,-0.040569856282673206
16.24606442451477,0.18312933969955,0.026325592608671403,-0.055041158094090346,0.004056713057939703,0.0023881146150919906,-0.003911494244585209,0.007166607039107946,-0.04539067816240036,-1.6147521279406607,-0.0040125200530379355,-0.01237024863715386,-0.04016415771984647
16.260894775390625,0.18348639933735875,0.030524209490920003,-0.05439973074194155,0.004341834915640896,0.005132107456209483,-0.0031882171591465433,0.007399390392527089,-0.04574483576838,-1.6153374360725605,-0.0038154306947692927,-0.012485352102808885,-0.040157185248456406
16.265382766723633,0.18348639933735875,0.030524209490920003,-0.05439973074194155,0.004298416566484487,0.005080786381647388,-0.003156334987555078,0.007399390392527089,-0.04574483576838,-1.6153374360725605,-0.0037772763878216,-0.012360498581780796,-0.03975561339597184
16.293725728988647,0.18375787648182595,0.03308684988456364,-0.05387388147995327,0.004379062611113324,0.005909095349512718,-0.0028594973251231184,0.00766273008565846,-0.046106069033999206,-1.615910529414713,-0.0036465917784315877,-0.012364344376245433,-0.03956025678399356
16.297646522521973,0.18375787648182595,0.03308684988456364,-0.05387388147995327,0.004335271985002191,0.005850004396017591,-0.0028309023518718873,0.00766273008565846,-0.046106069033999206,-1.615910529414713,-0.003610125860647272,-0.012240700932482978,-0.03916465421615362
16.3047878742218,0.1832073603954646,0.026502550930679696,-0.053538106345251905,0.0032725326169746436,-0.003395588195581196,-0.0031631618827990234,0.007878440115761278,-0.046475498247327496,-1.616468980296413,-0.0032719668976037243,-0.012635603851105164,-0.03955500372344222
16.31209897994995,0.1832073603954646,0.026502550930679696,-0.053538106345251905,0.003239807290804897,-0.003361632313625384,-0.003131530263971033,0.007878440115761278,-0.046475498247327496,-1.616468980296413,-0.003239247228627687,-0.012509247812594113,-0.039159453686207796
16.319986820220947,0.18295857155826623,0.02339485588984708,-0.05357602665565744,0.0027834925255400583,-0.007231443454304289,-0.0035022529516144474,0.008115959400165807,-0.04683283000626431,-1.6170172241557415,-0.0029057339472932124,-0.012837171301653428,-0.039462908542453254
16.32450246810913,0.18295857155826623,0.02339485588984708,-0.05357602665565744,0.002755657600284658,-0.007159129019761247,-0.003467230422098303,0.008115959400165807,-0.04683283000626431,-1.6170172241557415,-0.00287667660782028,-0.012708799588636892,-0.03906827945702872
16.343242168426514,0.1828800406443362,0.020472320707499,-0.05354667462657897,0.0026436853640374835,-0.008637994959176618,-0.0035583504873870756,0.008356812365311696,-0.047195358324012955,-1.6175544739992298,-0.0027193843258230873,-0.012775166296725895,-0.03896428739624247
16.348585844039917,0.1828800406443362,0.020472320707499,-0.05354667462657897,0.0026172485103971087,-0.008551615009584852,-0.003522766982513205,0.008356812365311696,-0.047195358324012955,-1.6175544739992298,-0.0026921904825648563,-0.012647414633758635,-0.038574644522280044
16.387231826782227,0.18290652812355793,0.015789015879415495,-0.05346149225307213,0.0025651005218376797,-0.009672817890463167,-0.003575980483728617,0.00884023662540363,-0.04791478836917403,-1.6185969320133786,-0.0025401781476897525,-0.012707099563762364,-0.03845864358232745
16.39216113090515,0.18290652812355793,0.015789015879415495,-0.05346149225307213,0.002539449516619303,-0.009576089711558535,-0.003540220678891331,0.00884023662540363,-0.04791478836917403,-1.6185969320133786,-0.002514776366212855,-0.01258002856812474,-0.03807405714650418
16.395878076553345,0.18265493021432944,0.013214544918079133,-0.052678437261540256,0.0016630447344484723,-0.016539505913939042,-0.002034090930028978,0.009060769977282923,-0.048274112230771604,-1.6191280364956244,-0.0018963098598177392,-0.013420946377372386,-0.039122189990242154
16.40058207511902,0.18265493021432944,0.013214544918079133,-0.052678437261540256,0.0016464142871039876,-0.016374110854799652,-0.002013750020728688,0.009060769977282923,-0.048274112230771604,-1.6191280364956244,-0.0018773467612195618,-0.013286736913598662,-0.03873096809033973
16.4183087348938,0.18215321808722368,0.00979060986190405,-0.052127805664056115,0.0012972152325103272,-0.01815129409098758,-0.0018580769715220524,0.009245080671634445,-0.048626523519873996,-1.6196707846792198,-0.0017545995632525131,-0.013352672530236547,-0.038649834638060925
16.422348260879517,0.18215321808722368,0.00979060986190405,-0.052127805664056115,0.001284243080185224,-0.017969781150077704,-0.0018394962018068318,0.009245080671634445,-0.048626523519873996,-1.6196707846792198,-0.001737053567619988,-0.013219145804934182,-0.038263336291680314
16.43614625930786,0.18193097210688972,0.007360357623448754,-0.05176479410169223,0.0010650471220661527,-0.01956065526663559,-0.0017182293499952291,0.009414327441640736,-0.048971492018570005,-1.6202105001442528,-0.0015970226541468075,-0.013336967782157707,-0.03827185782549429
16.440998792648315,0.18193097210688972,0.007360357623448754,-0.05176479410169223,0.0010543966508454912,-0.019365048713969234,-0.0017010470564952768,0.009414327441640736,-0.048971492018570005,-1.6202105001442528,-0.0015810524276053395,-0.013203598104336129,-0.03788913924723935
16.457709312438965,0.18183621445060189,0.005690594459884069,-0.05154497828134559,0.0009614672218969483,-0.020175169430322378,-0.001643489931836839,0.00955706159634,-0.04931433234256734,-1.620750471382992,-0.001479826155352893,-0.013276726491781875,-0.03783338037578011
16.462867736816406,0.18183621445060189,0.005690594459884069,-0.05154497828134559,0.0009518525496779788,-0.019973417736019156,-0.0016270550325184706,0.00955706159634,-0.04931433234256734,-1.620750471382992,-0.001465027893799364,-0.013143959226864056,-0.03745504657202231
16.47978949546814,0.18178798512315647,0.004669939760611051,-0.05144090437982176,0.0008983307962131119,-0.020378111497612705,-0.001604143134037471,0.00966659250211831,-0.049652345422548524,-1.621287514154268,-0.0013856497647409631,-0.013212270196542215,-0.03739786428435541
16.48937201499939,0.18178798512315647,0.004669939760611051,-0.05144090437982176,0.0008893474882509807,-0.02017433038263658,-0.0015881017026970962,0.00966659250211831,-0.049652345422548524,-1.621287514154268,-0.0013717932670935535,-0.013080147494576793,-0.03702388564151186
16.501936197280884,0.1813361820074063,0.004195479956223537,-0.051393995508045576,0.0005113116232891783,-0.020342190325878265,-0.0015679026022429228,0.00973718966069515,-0.04999024586859422,-1.6218475131555352,-0.0013018861157411742,-0.013218285484591981,-0.037099357447932364
16.51065683364868,0.1813361820074063,0.004195479956223537,-0.051393995508045576,0.0005061985070562865,-0.020138768422619482,-0.0015522235762204936,0.00973718966069515,-0.04999024586859422,-1.6218475131555352,-0.0012888672545837625,-0.013086102629746061,-0.03672836387345304
16.51965308189392,0.1810790187561682,0.002206329125564374,-0.05192102316793684,0.00015823109580778623,-0.022075137667394495,-0.002318109214259405,0.009762433222783643,-0.0503085236814426,-1.622423202449518,-0.0012479184825382786,-0.013309031098993934,-0.03700100176454892
16.524806261062622,0.1810790187561682,0.002206329125564374,-0.05192102316793684,0.00015664878484970837,-0.021854386290720552,-0.002294928122116811,0.009762433222783643,-0.0503085236814426,-1.622423202449518,-0.0012354392977128959,-0.013175940788003994,-0.03663099174690344
16.541215658187866,0.180989862923833,0.0011911305913029301,-0.052300243467289065,8.483804470062935e-05,-0.02222858982571194,-0.0025575124852569827,0.009748955425856035,-0.050626736373273334,-1.6230020936589682,-0.0012312983673174447,-0.013238102393432358,-0.036617462132715405
16.546315670013428,0.180989862923833,0.0011911305913029301,-0.052300243467289065,8.398966425362305e-05,-0.02200630392745482,-0.0025319373604044126,0.009748955425856035,-0.050626736373273334,-1.6230020936589682,-0.0012189853836442703,-0.013105721369498034,-0.03625128751138825
16.561267375946045,0.18096924045895132,0.0008414232462230733,-0.052614784772268754,6.346535973208657e-05,-0.021999408191788236,-0.002736914471102808,0.009689836896732477,-0.05093472800114452,-1.6235788681855745,-0.0012463351846070776,-0.013180655117141653,-0.03627453297663076
16.568845748901367,0.18096924045895132,0.0008414232462230733,-0.052614784772268754,6.28307061347657e-05,-0.021779414109870353,-0.0027095453263917798,0.009689836896732477,-0.05093472800114452,-1.6235788681855745,-0.0012338718327610067,-0.013048848565970236,-0.03591178764686445
16.582559823989868,0.18094733032073085,0.0010202478907592777,-0.052879666863116404,4.9882971299438965e-05,-0.02141415048368298,-0.0028627488947438537,0.009583919381676569,-0.051242881821014816,-1.6241490706876438,-0.001298765821978303,-0.01314305902492159,-0.03596844881374332
16.602153778076172,0.18094733032073085,0.0010202478907592777,-0.052879666863116404,4.9384141586444575e-05,-0.02120000897884615,-0.0028341214057964153,0.009583919381676569,-0.051242881821014816,-1.6241490706876438,-0.00128577816375852,-0.013011628434672374,-0.03560876432560589
16.60733199119568,0.18061588921589813,0.0010791174221824705,-0.05291774516480545,-0.0005877999144399522,-0.020851505826404326,-0.0028673177760194426,0.009430000391287705,-0.05155054959582598,-1.6247070375460855,-0.0015701638265999505,-0.01347567034295034,-0.03633020448115702
16.611726999282837,0.18061588921589813,0.0010791174221824705,-0.05291774516480545,-0.0005819219152955527,-0.020642990768140284,-0.002838644598259248,0.009430000391287705,-0.05155054959582598,-1.6247070375460855,-0.001554462188333951,-0.013340913639520837,-0.03596690243634545
16.617046117782593,0.18031016020992222,0.001629808695286331,-0.053124375775268746,-0.00112284364248678,-0.01935722631771938,-0.0031021881916633224,0.009286197017149047,-0.051852388213458125,-1.6252732709151574,-0.0018092694567972123,-0.013774964351305359,-0.0366717582370971
16.623172998428345,0.18031016020992222,0.001629808695286331,-0.053124375775268746,-0.0011116152060619122,-0.019163654054542185,-0.0030711663097466894,0.009286197017149047,-0.051852388213458125,-1.6252732709151574,-0.0017911767622292402,-0.013637214707792306,-0.036305040654726124
16.63773798942566,0.1801618610743963,0.002471063672172095,-0.053280509085270863,-0.0011868536305337366,-0.018385495854972303,-0.00309491887703201,0.009132832204683292,-0.05215094346991882,-1.6258338738635938,-0.0018785618756651194,-0.01370582398261553,-0.03632688780736017
16.64301061630249,0.1801618610743963,0.002471063672172095,-0.053280509085270863,-0.0011749850942283993,-0.01820164089642258,-0.0030639696882616895,0.009132832204683292,-0.05215094346991882,-1.6258338738635938,-0.001859776256908468,-0.013568765742789373,-0.03596361892928657
16.657331705093384,0.18006986140098727,0.003510643198912834,-0.053418095669847857,-0.0012080635648383613,-0.017287646040841584,-0.0030635230766245265,0.008967376176289487,-0.05244759468556245,-1.626386503833449,-0.001956711629291395,-0.013640221005830113,-0.03598986818342918
16.6625235080719,0.18006986140098727,0.003510643198912834,-0.053418095669847857,-0.0011959829291899777,-0.01711476958043317,-0.003032887845858281,0.008967376176289487,-0.05244759468556245,-1.626386503833449,-0.001937144512998481,-0.013503818795771812,-0.03562996950159489
16.68978714942932,0.17997201867511928,0.004667777711741429,-0.05354485247603162,-0.0012085457913471795,-0.01651656148206383,-0.0030105955308895316,0.00878767962719079,-0.05274376961707431,-1.6269266365194983,-0.0019836837607003542,-0.013477414274032432,-0.03547178446007228
16.69486713409424,0.17997201867511928,0.004667777711741429,-0.05354485247603162,-0.0011964603334337076,-0.01635139586724319,-0.0029804895755806363,0.00878767962719079,-0.05274376961707431,-1.6269266365194983,-0.001963846923093351,-0.013342640131292108,-0.03511706661547156
16.703055381774902,0.17949422356140907,0.0051287823180348815,-0.053621898649732554,-0.0017526847385590078,-0.015604231868507984,-0.002991489580129428,0.008588067426769479,-0.05304488845509182,-1.6274552135747637,-0.0021879873528479485,-0.013576958881030951,-0.03541142729604641
16.70871591567993,0.17949422356140907,0.0051287823180348815,-0.053621898649732554,-0.0017351578911734178,-0.015448189549822904,-0.0029615746843281335,0.008588067426769479,-0.05304488845509182,-1.6274552135747637,-0.002166107479319469,-0.013441189292220641,-0.03505731302308595
16.72731065750122,0.17926473465594991,0.005854139451506629,-0.05369467402363523,-0.001830707995402275,-0.014899112433376613,-0.002935485793831268,0.008409152605057492,-0.05334054679431366,-1.6279663235086754,-0.002240664369492665,-0.013465778444896898,-0.03498160788447545
16.73560070991516,0.17926473465594991,0.005854139451506629,-0.05369467402363523,-0.0018124009154482522,-0.014750121309042847,-0.0029061309358929554,0.008409152605057492,-0.05334054679431366,-1.6279663235086754,-0.0022182577257977383,-0.013331120660447929,-0.034631791805630696
16.762306213378906,0.17907946346725384,0.007570883887517507,-0.05384021338915802,-0.0018463534619048423,-0.01395680278341576,-0.002873549471955876,0.008077621792804756,-0.05394292668160808,-1.6289422485780707,-0.002320218403394632,-0.01342337340477671,-0.034650913569593544
16.767210960388184,0.17907946346725384,0.007570883887517507,-0.05384021338915802,-0.0018278899272857938,-0.013817234755581602,-0.002844813977236317,0.008077621792804756,-0.05394292668160808,-1.6289422485780707,-0.0022970162193606857,-0.013289139670728941,-0.03430440443389761
16.784560918807983,0.17900824489212264,0.008468906007131915,-0.05392048591191991,-0.0018367227034435196,-0.013159253763919328,-0.0028159916201926758,0.007920364847043436,-0.05424883621694588,-1.6294052836145818,-0.0023646842834707557,-0.013332565431640138,-0.03422824001272978
16.79098343849182,0.17900824489212264,0.008468906007131915,-0.05392048591191991,-0.0018183554764090845,-0.013027661226280135,-0.002787831703990749,0.007920364847043436,-0.05424883621694588,-1.6294052836145818,-0.0023410374406360483,-0.013199239777323736,-0.033885957612602484
16.802316665649414,0.17889725892699454,0.00934653032558684,-0.054008458201283444,-0.0018772338635942522,-0.012117963962720961,-0.0027675448961995653,0.007765968231444579,-0.05455595969030122,-1.6298505682976283,-0.0024538606504082407,-0.013338241218361522,-0.033939999967104555
16.808475255966187,0.17889725892699454,0.00934653032558684,-0.054008458201283444,-0.0018584615249583097,-0.011996784323093751,-0.0027398694472375697,0.007765968231444579,-0.05455595969030122,-1.6298505682976283,-0.0024293220439041583,-0.013204858806177907,-0.03360059996743351
16.8198721408844,0.17892175928945908,0.009853356114446203,-0.05419539152892497,-0.0018067894350942424,-0.011420625547960713,-0.0028361270675614676,0.007611027993514676,-0.054861769502853236,-1.6302944556353913,-0.002540978461494978,-0.01334113776090224,-0.03365407525229304
16.82511067390442,0.17892175928945908,0.009853356114446203,-0.05419539152892497,-0.0017887215407433,-0.011306419292481107,-0.002807765796885853,0.007611027993514676,-0.054861769502853236,-1.6302944556353913,-0.002515568676880028,-0.013207726383293218,-0.03331753449977011
16.841732025146484,0.1790348650932902,0.01039820200056209,-0.05435117856862016,-0.0016941737818403067,-0.010860913025310595,-0.0028441487629348623,0.007446478135433458,-0.05516935813732342,-1.6307228634543864,-0.0025894120760969527,-0.013260705454526315,-0.03324210463692725
16.84605312347412,0.1790348650932902,0.01039820200056209,-0.05435117856862016,-0.0016772320440219036,-0.01075230389505749,-0.002815707275305514,0.007446478135433458,-0.05516935813732342,-1.6307228634543864,-0.002563517955335983,-0.013128098399981051,-0.03290968359055797
16.861764430999756,0.1791751887056189,0.010934627590858564,-0.054494033380177324,-0.0015621557098572838,-0.010299612203836916,-0.0028481546716743735,0.007273234184021846,-0.05547950506661903,-1.631138112569647,-0.0026481498246128652,-0.013194221055868989,-0.03284488628197241
16.869444608688354,0.1791751887056189,0.010934627590858564,-0.054494033380177324,-0.0015465341527587109,-0.010196616081798546,-0.0028196731249576297,0.007273234184021846,-0.05547950506661903,-1.631138112569647,-0.0026216683263667363,-0.0130622788453103,-0.03251643741915268
16.89854121208191,0.1792964019098367,0.011447640459559512,-0.05462837621436547,-0.0014847592244018972,-0.009916354860348735,-0.002821963549829906,0.007091866015908776,-0.05579312281519161,-1.6315389329252414,-0.002657784749706586,-0.013039441059914305,-0.032329028077798874
16.903780698776245,0.1792964019098367,0.011447640459559512,-0.05462837621436547,-0.0014699116321578783,-0.009817191311745249,-0.0027937439143316065,0.007091866015908776,-0.05579312281519161,-1.6315389329252414,-0.0026312069022095203,-0.012909046649315161,-0.032005737797020886
16.910866260528564,0.1790166336294564,0.013826013773433121,-0.055234587721960375,-0.0017606491758142783,-0.006294804440823403,-0.003314227700370849,0.006917862537309054,-0.05611421044230959,-1.6319452966716765,-0.0028504695450904923,-0.013233113798748338,-0.03225918998771979
16.915379285812378,0.1790166336294564,0.013826013773433121,-0.055234587721960375,-0.0017430426840561355,-0.006231856396415169,-0.0032810854233671404,0.006917862537309054,-0.05611421044230959,-1.6319452966716765,-0.002821964849639587,-0.013100782660760854,-0.03193659808784259
16.920130491256714,0.17902727726716058,0.015517851044354944,-0.0556184471160452,-0.0016078493933094757,-0.0025578803899550403,-0.0037347418654385283,0.006730306821842524,-0.05642966405713406,-1.6323415257176046,-0.0031884991591942403,-0.013633719213154013,-0.03245118688027421
16.924709796905518,0.17902727726716058,0.015517851044354944,-0.0556184471160452,-0.0015917708993763808,-0.00253230158605549,-0.003697394446784143,0.006730306821842524,-0.05642966405713406,-1.6323415257176046,-0.003156614167602298,-0.013497382021022472,-0.03212667501147146
16.948340892791748,0.1791767612242402,0.016749795419472066,-0.05589578466671413,-0.0014986388107417765,-0.001979938514916304,-0.0037312949662452457,0.006530168154895321,-0.0567522902398539,-1.6327313876106844,-0.003209740952530589,-0.013498934320579647,-0.031970386599626255
16.95546579360962,0.1791767612242402,0.016749795419472066,-0.05589578466671413,-0.0014836524226343587,-0.001960139129767141,-0.003693982016582793,0.006530168154895321,-0.0567522902398539,-1.6327313876106844,-0.003177643543005283,-0.01336394497737385,-0.03165068273362999
16.960397720336914,0.17938925230775227,0.017598425627245,-0.05609474983015478,-0.0009920799805502266,-0.00020563522060765803,-0.003909183258469711,0.006317868705245714,-0.05707388033217197,-1.6331118356968346,-0.0035763265636629916,-0.013882363252907114,-0.032105574402635305
16.964457035064697,0.17938925230775227,0.017598425627245,-0.05609474983015478,-0.0009821591807447243,-0.00020357886840158143,-0.003870091425885014,0.006317868705245714,-0.05707388033217197,-1.6331118356968346,-0.003540563298026362,-0.013743539620378043,-0.03178451865860895
16.99411392211914,0.17960714347432707,0.018258480125716448,-0.05622728703040557,-0.0008928835692191397,2.169960567744778e-05,-0.003856740372614409,0.006094860458269102,-0.057401732033090715,-1.6334840030402646,-0.0035803537726373028,-0.01371665247568727,-0.03159216450644829
17.001399040222168,0.17960714347432707,0.018258480125716448,-0.05622728703040557,-0.0008839547335269483,2.1482609620673304e-05,-0.0038181729688882646,0.006094860458269102,-0.057401732033090715,-1.6334840030402646,-0.0035445502349109297,-0.013579485950930397,-0.03127624286138381
17.012985467910767,0.17905298182645435,0.01662151747048645,-0.05722135250672838,-0.0013998142662281373,-0.00129312704397166,-0.004754419104173006,0.005846120381169397,-0.057739215661071513,-1.6338548451627568,-0.0037237870175464084,-0.013734966052997812,-0.03128354640345486
17.018612146377563,0.17905298182645435,0.01662151747048645,-0.05722135250672838,-0.001385816123565856,-0.0012801957735319434,-0.004706874913131276,0.005846120381169397,-0.057739215661071513,-1.6338548451627568,-0.0036865491473709443,-0.013597616392467834,-0.030970710939420314
17.04495906829834,0.17904658057298403,0.015008687653028442,-0.058124225526931764,-0.0013943874255371378,-0.0018452325459675876,-0.005055174479638429,0.005460653068569897,-0.058406573001249254,-1.634566472558654,-0.0037959881516400687,-0.013714936360130915,-0.03093110270458799
17.050466299057007,0.17904658057298403,0.015008687653028442,-0.058124225526931764,-0.0013804435512817664,-0.0018267802205079117,-0.005004622734842044,0.005460653068569897,-0.058406573001249254,-1.634566472558654,-0.003758028270123668,-0.013577786996529605,-0.03062179167754211
17.071680307388306,0.17928992951563383,0.014645598713081982,-0.05828296381194507,-0.0012574615579024123,-0.001975240692368759,-0.005045310811469267,0.005308394871741428,-0.05874258658874576,-1.6349090040335652,-0.0037922204664611187,-0.013600401440854464,-0.03047703852007193
17.076796770095825,0.17928992951563383,0.014645598713081982,-0.05828296381194507,-0.0012448869423233881,-0.0019554882854450717,-0.004994857703354574,0.005308394871741428,-0.05874258658874576,-1.6349090040335652,-0.0037542982617965073,-0.01346439742644592,-0.030172268134871214
17.08383345603943,0.17958257446761478,0.014340470027225846,-0.058327024654839174,-0.0008299377983812107,-0.002373289110636502,-0.005049643194974567,0.0051769637241235,-0.05908731511974288,-1.6352423541751817,-0.0039035351762370463,-0.013819655280627395,-0.03034427718503388
17.094703435897827,0.17958257446761478,0.014340470027225846,-0.058327024654839174,-0.0008216384203973986,-0.0023495562195301367,-0.004999146763024822,0.0051769637241235,-0.05908731511974288,-1.6352423541751817,-0.003864499824474676,-0.01368145872782112,-0.030040834413183542
17.109169483184814,0.17907288644298452,0.0155273818898054,-0.0584526430017716,-0.0011417902307644195,-0.0014925603779219689,-0.004959058031719793,0.005074565333840863,-0.05944412908102982,-1.6355783160162445,-0.003896640154282014,-0.013791300296304206,-0.029972667699676665
17.113545179367065,0.17907288644298452,0.0155273818898054,-0.0584526430017716,-0.0011303723284567752,-0.0014776347741427493,-0.004909467451402595,0.005074565333840863,-0.05944412908102982,-1.6355783160162445,-0.0038576737527391937,-0.013653387293341163,-0.029672941022679897
17.126510620117188,0.17901934588697405,0.01619253881310363,-0.05843638602313585,-0.0011450714438231647,-0.0009528005879971868,-0.004801791382285878,0.00500242012158145,-0.059789505757604826,-1.6359085671103157,-0.003874741257200824,-0.013783235939314216,-0.02963092805475233
17.131611108779907,0.17901934588697405,0.01619253881310363,-0.05843638602313585,-0.001133620729384933,-0.000943272582117215,-0.0047537734684630194,0.00500242012158145,-0.059789505757604826,-1.6359085671103157,-0.003835993844628816,-0.013645403579921073,-0.029334618774204804
17.151262521743774,0.17919511893988907,0.01662039950110087,-0.05833554579483962,-0.001026119765263831,-0.0007245497677585801,-0.004636679233664576,0.0049570369467793335,-0.06014430260329668,-1.6362390322427955,-0.0038207280088231686,-0.013689494752929096,-0.02920943613433966
17.155540704727173,0.17919511893988907,0.01662039950110087,-0.05833554579483962,-0.0010158585676111928,-0.0007173042700809943,-0.00459031244132793,0.0049570369467793335,-0.06014430260329668,-1.6362390322427955,-0.0037825207287349367,-0.013552599805399804,-0.028917341772996263
17.16746973991394,0.1794949593534372,0.016852648012024813,-0.058179783891725845,-0.0007478862754796858,-0.0005354606130090503,-0.004399699551211971,0.0049351233729416025,-0.060494334972078484,-1.63656693702052,-0.0037630654679643343,-0.013710502708595156,-0.028903047901340757
17.1800274848938,0.1794949593534372,0.016852648012024813,-0.058179783891725845,-0.000740407412724889,-0.0005301060068789598,-0.004355702555699851,0.0049351233729416025,-0.060494334972078484,-1.63656693702052,-0.003725434813284691,-0.013573397681509204,-0.02861401742232735
17.19858407974243,0.17983425522397115,0.016929463694512904,-0.057993696613474914,-0.0005483809882276141,-0.0004978552230456299,-0.0042105641752461205,0.004931016874680684,-0.06085159263075972,-1.6368940838121953,-0.0036903934240995477,-0.013630186989054958,-0.028504174027951766
17.204243659973145,0.17983425522397115,0.016929463694512904,-0.057993696613474914,-0.0005428971783453379,-0.0004928766708151735,-0.00416845853349366,0.004931016874680684,-0.06085159263075972,-1.6368940838121953,-0.0036534894898585524,-0.013493885119164408,-0.028219132287672248
17.21553683280945,0.17945088192974115,0.016562802363720822,-0.05863563799988605,-0.0008900892487256472,-0.0007500006984195425,-0.004717725868962972,0.004939255710425378,-0.06121719458312711,-1.6372284671872899,-0.003609659182179061,-0.013682683412234036,-0.02823303434788773
17.220714807510376,0.17945088192974115,0.016562802363720822,-0.05863563799988605,-0.0008811883562383908,-0.000742500691435347,-0.004670548610273342,0.004939255710425378,-0.06121719458312711,-1.6372284671872899,-0.0035735625903572706,-0.013545856578111696,-0.02795070400440885
17.234270572662354,0.1794697076401812,0.016223673114803865,-0.05890237985748322,-0.0008672119448917695,-0.0009665297326638711,-0.004842032474988968,0.0049852999549569775,-0.06157722488923652,-1.637556028048048,-0.0035038604240073385,-0.013675990033196242,-0.027912836486063203
17.23936939239502,0.1794697076401812,0.016223673114803865,-0.05890237985748322,-0.0008585398254428518,-0.0009568644353372324,-0.004793612150239078,0.0049852999549569775,-0.06157722488923652,-1.637556028048048,-0.003468821819767265,-0.01353923013286428,-0.027633708121202572
17.274903774261475,0.17967864835858524,0.01588247126787573,-0.058982268800930736,-0.0007941990681168147,-0.0010424287633965172,-0.004777191131829987,0.0050566816887462444,-0.06194668164307171,-1.6378822832756676,-0.0034140455262915326,-0.01350780945969669,-0.027449184998889813
17.278409719467163,0.17967864835858524,0.01588247126787573,-0.058982268800930736,-0.0007862570774356465,-0.001032004475762552,-0.004729419220511687,0.0050566816887462444,-0.06194668164307171,-1.6378822832756676,-0.0033799050710286173,-0.013372731365099722,-0.027174693148900916
17.292962789535522,0.17998110663371533,0.01555673779472785,-0.05892897732566662,-0.0005771529335703013,-0.001253473997101595,-0.004667730271046759,0.005146751113262885,-0.062315314160156086,-1.638204078330507,-0.0032842156947076096,-0.013492306286202503,-0.027124064547309146
17.298166751861572,0.17998110663371533,0.01555673779472785,-0.05892897732566662,-0.0005713814042345983,-0.0012409392571305791,-0.004621052968336291,0.005146751113262885,-0.062315314160156086,-1.638204078330507,-0.0032513735377605337,-0.013357383223340479,-0.026852823901836055
17.30327796936035,0.18032255166299685,0.024091223793987617,-0.05911599049305107,0.0006001609076812768,0.01538286882330003,-0.0034502621162596286,0.005313979393220192,-0.06270052772572171,-1.6385176585542958,-0.0028916808474719986,-0.013977472418864403,-0.027197809417346223
17.31087350845337,0.18032255166299685,0.024091223793987617,-0.05911599049305107,0.000594159298604464,0.01522904013506703,-0.0034157594950970324,0.005313979393220192,-0.06270052772572171,-1.6385176585542958,-0.0028627640389972788,-0.013837697694675759,-0.02692583132317276
17.34152317047119,0.18082795200769794,0.036724940370701085,-0.05711827536576821,0.000884913545965835,0.019110563480770552,-0.0023664253402187812,0.005844346060236223,-0.06348041306974805,-1.6391621053075671,-0.0026610947948507518,-0.013953772249224798,-0.026866835280662523
17.345597743988037,0.18082795200769794,0.036724940370701085,-0.05711827536576821,0.0008760644105061767,0.018919457845962846,-0.0023427610868165935,0.005844346060236223,-0.06348041306974805,-1.6391621053075671,-0.002634483846902244,-0.01381423452673255,-0.0265981669278559
17.362324953079224,0.1812571889925054,0.0397980115738436,-0.05638703507569767,0.0011853902788112446,0.020509861100686987,-0.0017248790022205917,0.006166459495924031,-0.0638771829756771,-1.639473663437045,-0.002415570461025318,-0.013913292484137413,-0.026518443544570836
17.368857860565186,0.1812571889925054,0.0397980115738436,-0.05638703507569767,0.001173536376023132,0.020304762489680116,-0.0017076302121983857,0.006166459495924031,-0.0638771829756771,-1.639473663437045,-0.002391414756415065,-0.01377415955929604,-0.026253259109125127
17.387984037399292,0.18167961223122076,0.04123245912447858,-0.05579581235770376,0.0014100906208646298,0.020813224626218135,-0.0013204959661495372,0.006501827836165261,-0.0642759688230297,-1.6397758455800195,-0.0021921554036119922,-0.013844920609480919,-0.026148720530949014
17.392388105392456,0.18167961223122076,0.04123245912447858,-0.05579581235770376,0.0013959897146559835,0.020605092379955954,-0.0013072910064880418,0.006501827836165261,-0.0642759688230297,-1.6397758455800195,-0.0021702338495758725,-0.013706471403386109,-0.025887233325639525
17.40359401702881,0.1820384709250813,0.0413588626033936,-0.05533854641632793,0.0017129930418257288,0.02046555098741592,-0.0008854693265956436,0.006834076406238695,-0.06468012780609068,-1.6400675790584065,-0.0018520374989413751,-0.013930072555884578,-0.025888699899072845
17.408843517303467,0.1820384709250813,0.0413588626033936,-0.05533854641632793,0.0016958631114074715,0.02026089547754176,-0.0008766146333296871,0.006834076406238695,-0.06468012780609068,-1.6400675790584065,-0.0018335171239519613,-0.013790771830325732,-0.025629812900082115
17.419852256774902,0.1820495148340632,0.03697909436417432,-0.054213968334813914,0.0015938380495366825,0.01601044165492579,-0.0002119920925899079,0.007123603630344135,-0.06508688386169244,-1.6403494120383946,-0.0015521843362671821,-0.0140223487897707,-0.025629523173059873
17.425160884857178,0.1820495148340632,0.03697909436417432,-0.054213968334813914,0.0015778996690413156,0.015850337238376533,-0.00020987217166400883,0.007123603630344135,-0.06508688386169244,-1.6403494120383946,-0.0015366624929045102,-0.013882125301872994,-0.025373227941329273
17.44522190093994,0.1822835965615178,0.03310435598262094,-0.05350492812522651,0.001630418209068616,0.013736739700860102,-3.335601831954335e-05,0.007391125019516262,-0.06549109241578538,-1.640616100789398,-0.0013879420098914868,-0.013944793620681205,-0.025252434467160533
17.462268829345703,0.1822835965615178,0.03310435598262094,-0.05350492812522651,0.0016141140269779297,0.013599372303851501,-3.302245813634791e-05,0.007391125019516262,-0.06549109241578538,-1.640616100789398,-0.0013740625897925719,-0.013805345684474392,-0.02499991012248893
17.46658420562744,0.18260448667663082,0.029448598002348565,-0.05304063887489854,0.002123137062421105,0.004925637708372269,0.00025622498966660495,0.0076323741913565816,-0.06589994804966645,-1.6408688882900546,-0.0008012764575705912,-0.014614731355038442,-0.025335694239581163
17.471815824508667,0.18260448667663082,0.029448598002348565,-0.05304063887489854,0.002101905691796894,0.004876381331288546,0.0002536627397699389,0.0076323741913565816,-0.06589994804966645,-1.6408688882900546,-0.0007932636929948853,-0.014468584041488057,-0.025082337297185352
17.48741102218628,0.18294448725813875,0.026098737471986683,-0.052770969567474645,0.002242428924043411,0.0026711860156384995,0.00022452081085251032,0.00784586016440955,-0.06630919358028363,-1.6411067577962406,-0.0006484389323059422,-0.014586315862636179,-0.02498404133111355
17.49290633201599,0.18294448725813875,0.026098737471986683,-0.052770969567474645,0.002220004634802977,0.0026444741554821146,0.00022227560274398523,0.00784586016440955,-0.06630919358028363,-1.6411067577962406,-0.0006419545429828828,-0.014440452704009817,-0.024734200917802412
17.503276348114014,0.18345253644273404,0.026278027181734186,-0.05248203680760523,0.002695307838124327,0.0027519092472352265,0.0005056559304133566,0.00805284882706122,-0.06671906503616504,-1.6413488165393917,-0.0004359319683049683,-0.014691294868977816,-0.024720280670811667
17.508808612823486,0.18345253644273404,0.026278027181734186,-0.05248203680760523,0.0026683547597430835,0.002724390154762874,0.0005005993711092231,0.00805284882706122,-0.06671906503616504,-1.6413488165393917,-0.0004315726486219186,-0.014544381920288037,-0.024473077864103552
17.519763231277466,0.183890375943016,0.02782633531601192,-0.05190762487547502,0.003085300309026804,0.004043760758191373,0.0011399812592654442,0.008256606966378522,-0.06712927275972519,-1.6415946666808603,-0.0002412548809205778,-0.014773399087821883,-0.02445277310495505
17.526591300964355,0.183890375943016,0.02782633531601192,-0.05190762487547502,0.003054447305936536,0.004003323150609459,0.0011285814466727897,0.008256606966378522,-0.06712927275972519,-1.6415946666808603,-0.000238842332111372,-0.014625665096943664,-0.024208245373905497
17.552613258361816,0.1844314010733045,0.02840182578273298,-0.05156805354031066,0.0032392094740657357,0.004165906624830319,0.0012640405577841866,0.00842838249379313,-0.06753743968023751,-1.6418372899125604,-0.0001704421461888145,-0.014636263256808767,-0.024059400806922714
17.558393716812134,0.1844314010733045,0.02840182578273298,-0.05156805354031066,0.0032068173793250786,0.004124247558582016,0.0012514001522063447,0.00842838249379313,-0.06753743968023751,-1.6418372899125604,-0.00016873772472692636,-0.01448990062424068,-0.023818806798853488
17.56838822364807,0.18498232262728115,0.028341644735301874,-0.05138461684917523,0.0037263645082253037,0.003992554737338073,0.0014071614540399275,0.008563669673425166,-0.06794742364336794,-1.642077652330289,-3.168881153515135e-05,-0.014755210915825993,-0.023821113256181834
17.572551727294922,0.18498232262728115,0.028341644735301874,-0.05138461684917523,0.003689100863143051,0.0039526291899646925,0.0013930898394995282,0.008563669673425166,-0.06794742364336794,-1.642077652330289,-3.1371923419799835e-05,-0.014607658806667733,-0.023582902123620016
17.58563256263733,0.18548699024086204,0.02779686330593511,-0.05132738808333848,0.004027318914368527,0.003485598111206572,0.0013782937914927778,0.008656826192470721,-0.06835814654412568,-1.6423138259978816,4.0157827976769214e-05,-0.014775570499935208,-0.023527622479706068
17.590710401535034,0.18548699024086204,0.02779686330593511,-0.05132738808333848,0.003987045725224842,0.0034507421300945065,0.00136451085357785,0.008656826192470721,-0.06835814654412568,-1.6423138259978816,3.975624969700152e-05,-0.014627814794935856,-0.023292346254909006
17.596373558044434,0.18551909181089438,0.02678126083542684,-0.05153192564618495,0.003952008113981871,0.0016660120105794758,0.0008255506637574745,0.008702471134210368,-0.0687733264509915,-1.642568860052838,0.000119958511103694,-0.015214661197185182,-0.023509761847148945
17.605701208114624,0.18551909181089438,0.02678126083542684,-0.05153192564618495,0.0039124880328420516,0.001649351890473681,0.0008172951571198998,0.008702471134210368,-0.0687733264509915,-1.642568860052838,0.00011875892599265705,-0.01506251458521333,-0.023274664228677456
17.62235379219055,0.18518277764829785,0.016927023469198627,-0.05121899425163759,0.0035177360285338966,-0.004260626839857429,0.0004528743090155861,0.008650498423680358,-0.06917474794268116,-1.6428330132403322,8.63613393575242e-05,-0.01515294601644219,-0.023200543530742412
17.62574863433838,0.18518277764829785,0.016927023469198627,-0.05121899425163759,0.003482558668248558,-0.004218020571458855,0.0004483455659254302,0.008650498423680358,-0.06917474794268116,-1.6428330132403322,8.549772596394896e-05,-0.015001416556277769,-0.022968538095434986
17.636345863342285,0.185209127483836,0.010150961121344776,-0.051140208111690025,0.003307182909452421,-0.010538249724669371,-7.1948998289364e-05,0.00858954756973298,-0.06957386258226923,-1.6431048889295032,2.7126907605745108e-05,-0.015228024090067672,-0.022995406280578782
17.64140272140503,0.185209127483836,0.010150961121344776,-0.051140208111690025,0.0032741110803578967,-0.010432867227422676,-7.122950830647035e-05,0.00858954756973298,-0.06957386258226923,-1.6431048889295032,2.6855638529687657e-05,-0.015075743849166994,-0.022765452217772993
17.6624276638031,0.18540662226125618,0.005172905277170434,-0.05117004290105958,0.003274297444417992,-0.012682734119068065,-0.00030367882603204045,0.00851396650448131,-0.06996932189304858,-1.643380556428261,-9.36120433396061e-06,-0.0151130769667834,-0.022668912204038882
17.66647958755493,0.18540662226125618,0.005172905277170434,-0.05117004290105958,0.003241554469973812,-0.012555906777877384,-0.00030064203777172005,0.00851396650448131,-0.06996932189304858,-1.643380556428261,-9.267592290621005e-06,-0.014961946197115565,-0.022442223081998492
17.689236164093018,0.1856806740745011,0.0017009697089674855,-0.05127850005505293,0.003290389984805306,-0.013945281316113728,-0.00048647826423176054,0.0084264958044156,-0.07036509804292072,-1.6436575224111067,-4.761246426483289e-05,-0.014986243997791434,-0.022339508957132895
17.69417405128479,0.1856806740745011,0.0017009697089674855,-0.05127850005505293,0.003257486084957253,-0.01380582850295259,-0.00048161348158944295,0.0084264958044156,-0.07036509804292072,-1.6436575224111067,-4.713633962218456e-05,-0.01483638155781352,-0.022116113867561564
17.706660509109497,0.18558549925501966,0.00547511794408875,-0.05161429374035804,0.0032265142970112556,-0.010636997148764177,-0.00046433681034244807,0.008370337201760926,-0.07077438262152615,-1.643916125250064,-9.164058375458618e-05,-0.015015800516462651,-0.022102059374011187
17.712220668792725,0.18558549925501966,0.00547511794408875,-0.05161429374035804,0.0031942491540411433,-0.010530627177276534,-0.00045969344223902356,0.008370337201760926,-0.07077438262152615,-1.643916125250064,-9.072417791704032e-05,-0.014865642511298025,-0.021881038780271075
17.722517013549805,0.18573993840374772,0.010321200479486994,-0.05136767426621629,0.0034347421860724454,-0.005773777436126669,0.00021746991754538996,0.008354258355032772,-0.07117542863366429,-1.6441787955038765,-0.00010543300874178845,-0.015106489372642473,-0.02191733858934849
17.727928638458252,0.18573993840374772,0.010321200479486994,-0.05136767426621629,0.003400394764211721,-0.005716039661765403,0.00021529521836993604,0.008354258355032772,-0.07117542863366429,-1.6441787955038765,-0.00010437867865437057,-0.014955424478916048,-0.021698165203455008
17.747210025787354,0.18610969371645972,0.014073503803668801,-0.051217758569423476,0.003608908294134216,-0.0037368908261987644,0.0004691216139783813,0.008348713912455431,-0.07158182755303,-1.6444356414915986,-0.00010621043317753983,-0.015016642888827064,-0.021614392839392427
17.752495527267456,0.18610969371645972,0.014073503803668801,-0.051217758569423476,0.003572819211192874,-0.003699521917936777,0.00046443039783859746,0.008348713912455431,-0.07158182755303,-1.6444356414915986,-0.00010514832884576444,-0.014866476459938794,-0.021398248910998504
17.76744294166565,0.18658214148725666,0.01698584992822571,-0.05111311324113109,0.0039040720919411393,-0.0017406560933343486,0.0007071522671242051,0.008347513981871791,-0.07198616639465114,-1.6446866948966368,-0.00010489961354893017,-0.014988319243233447,-0.021352224169195314
17.776684045791626,0.18658214148725666,0.01698584992822571,-0.05111311324113109,0.0038650313710217278,-0.001723249532401005,0.000700080744452963,0.008347513981871791,-0.07198616639465114,-1.6446866948966368,-0.00010385061741344087,-0.014838436050801113,-0.02113870192750336
17.784871816635132,0.18707698735620282,0.019148873496412654,-0.051055365426197964,0.004499728339738733,0.0008976424850934048,0.0010023917573622047,0.008341461631283778,-0.07239544555001504,-1.644931742631032,-0.00011020405063733364,-0.015189918092500145,-0.021226599950615065
17.789653062820435,0.18707698735620282,0.019148873496412654,-0.051055365426197964,0.004454731056341346,0.0008886660602424708,0.0009923678397885827,0.008341461631283778,-0.07239544555001504,-1.644931742631032,-0.0001091020101309603,-0.015038018911575144,-0.021014333951108913
17.8018958568573,0.1865188420714434,0.01909060746617882,-0.05204820509498898,0.003946835802542983,0.0009195644136469374,0.00017689398492447587,0.008308729265847876,-0.07282187681067329,-1.6451600678030864,-0.0001347470155948441,-0.015235950765751299,-0.0209906882128537
17.809972047805786,0.1865188420714434,0.01909060746617882,-0.05204820509498898,0.003907367444517553,0.0009103687695104681,0.0001751250450752311,0.008308729265847876,-0.07282187681067329,-1.6451600678030864,-0.00013339954543889566,-0.015083591258093786,-0.020780781330725164
17.824569940567017,0.1864349000023131,0.020967275696882996,-0.05273781762167363,0.0038412428434410127,0.002224271922681092,-0.00017633774109712772,0.008319129344659292,-0.07323013959796859,-1.6453858621050206,-0.00012494118006240584,-0.015212427757122544,-0.020727649473480433
17.842896938323975,0.18664180218319068,0.022052893018202097,-0.05315561830400046,0.003929621769003338,0.002809018290126716,-0.00034764147389791525,0.008351537375317464,-0.07364795105334378,-1.645604006100177,-0.00010600854971832582,-0.015288279420246001,-0.020639401746058973
17.848265647888184,0.18664180218319068,0.022052893018202097,-0.05315561830400046,0.0038903255513133045,0.002780928107225449,-0.0003441650591589361,0.008351537375317464,-0.07364795105334378,-1.645604006100177,-0.00010494846422114256,-0.01513539662604354,-0.020433007728598383
17.86267900466919,0.1870122474036808,0.022629104106100993,-0.05339395804891152,0.004117620013840953,0.003159169136932182,-0.00047125082110342076,0.008401988915225679,-0.07405723228254661,-1.6458137457777333,-6.88956554575848e-05,-0.015268002347606965,-0.02037419522972454
17.868199825286865,0.1870122474036808,0.022629104106100993,-0.05339395804891152,0.004076443813702544,0.0031275774455628604,-0.00046653831289238655,0.008401988915225679,-0.07405723228254661,-1.6458137457777333,-6.820669890300894e-05,-0.015115322324130894,-0.020170453277427294
17.883737564086914,0.18744870428084956,0.022797076737848237,-0.05350816452746669,0.004318669652143032,0.0032033154091384466,-0.0005285219436313496,0.008461051604035144,-0.07447327368542958,-1.6460181433152112,-2.951222253477171e-05,-0.015231930972959195,-0.02010029783304243
17.893436431884766,0.18744870428084956,0.022797076737848237,-0.05350816452746669,0.0042754829556216015,0.003171282255047062,-0.0005232367241950361,0.008461051604035144,-0.07447327368542958,-1.6460181433152112,-2.921710030942399e-05,-0.015079611663229603,-0.019899294854712004
17.9102303981781,0.1871225171884535,0.022694228495448596,-0.05435379171110317,0.0040320583775747855,0.003130901909537319,-0.0010217291434345597,0.008517794019024215,-0.07490003665307127,-1.6462062644558255,4.86245242230368e-06,-0.015182932388436543,-0.019812319006430795
17.918020486831665,0.1871225171884535,0.022694228495448596,-0.05435379171110317,0.003991737793799037,0.003099592890441946,-0.001011511852000214,0.008517794019024215,-0.07490003665307127,-1.6462062644558255,4.813827898080643e-06,-0.015031103064552177,-0.019614195816366486
17.922580242156982,0.18652929585492586,0.022348673215860065,-0.05486863378278752,0.0026196667800460795,0.00245540262103101,-0.0021774451382441827,0.008595702994796657,-0.07532070786853236,-1.6464004398682142,0.0001756278745698218,-0.015803366131524076,-0.01984389998049476
17.92750644683838,0.18652929585492586,0.022348673215860065,-0.05486863378278752,0.0025934701122456187,0.0024308485948207,-0.002155670686861741,0.008595702994796657,-0.07532070786853236,-1.6464004398682142,0.0001738715958241236,-0.015645332470208835,-0.01964546098068981
17.949332237243652,0.18641299402420838,0.02181514493885693,-0.05510881640798765,0.002506389702375487,0.002175302034256779,-0.002265505819454003,0.008663237785718099,-0.07573244284032306,-1.646593259204135,0.00020307553516835645,-0.01567752522161459,-0.01953735109166529
17.95481562614441,0.18641299402420838,0.02181514493885693,-0.05510881640798765,0.0024813258053517323,0.002153549013914211,-0.002242850761259463,0.008663237785718099,-0.07573244284032306,-1.646593259204135,0.00020104477981667287,-0.015520749969398442,-0.01934197758074864
17.96389651298523,0.1865461628764984,0.021164655155465322,-0.05516156156582966,0.0025823896876003235,0.0014216688483882603,-0.0023464233779564836,0.008726857337606768,-0.07614093829173989,-1.646787812188347,0.00026909307518298135,-0.01581538339226784,-0.019362802280863317
18.0039541721344,0.1868049290982089,0.020453212239010865,-0.05508664433165142,0.0026162945727624775,0.001227490083393931,-0.002321637574176011,0.00878318431913615,-0.07654501938551422,-1.6469834240553831,0.00028046362049484913,-0.01575810442281729,-0.019218006833694627
18.01046872138977,0.1868049290982089,0.020453212239010865,-0.05508664433165142,0.0025901316270348527,0.0012152151825599916,-0.002298421198434251,0.00878318431913615,-0.07654501938551422,-1.6469834240553831,0.00027765898428990063,-0.015600523378589116,-0.01902582676535768
18.018727779388428,0.1864814333175183,0.023287449009562138,-0.054216949952272504,0.0022782662615062317,0.0045253803253701074,-0.000905124000735292,0.008853748991707785,-0.0769597229644228,-1.647188627709364,0.0003603215239253374,-0.01594663785261494,-0.01908402740671547
18.023998975753784,0.1864814333175183,0.023287449009562138,-0.054216949952272504,0.0022554835988911693,0.004480126522116407,-0.0008960727607279391,0.008853748991707785,-0.0769597229644228,-1.647188627709364,0.00035671830868608403,-0.01578717147408879,-0.018893187132648315
18.029252290725708,0.18657448244511662,0.024869138659128882,-0.05353930881171414,0.0025063747958813964,0.007302463384189918,0.0006720654120399144,0.008946296732087963,-0.07735758208775471,-1.6473938171274993,0.0005293212979090806,-0.016386648453378738,-0.019094845620422775
18.046531915664673,0.18687016147023996,0.02574458102742984,-0.052970676421808714,0.0026697782269339454,0.007697788100361401,0.001037071934855677,0.009049390897947734,-0.0777628216360574,-1.647604330307846,0.0005836903555081542,-0.016457300686545173,-0.01902572456561776
18.051143169403076,0.18687016147023996,0.02574458102742984,-0.052970676421808714,0.002643080444664606,0.007620810219357787,0.00102670121550712,0.009049390897947734,-0.0777628216360574,-1.647604330307846,0.0005778534519530726,-0.016292727679679722,-0.01883546731996158
18.068681478500366,0.18725910632100506,0.026047531313814164,-0.052511473106884615,0.0028459203954591824,0.007686131688918486,0.0012895488657891554,0.009151318799136407,-0.07815884506622482,-1.6478154529982811,0.000630192208344113,-0.01635560519852803,-0.018767490665682687
18.080169439315796,0.18725910632100506,0.026047531313814164,-0.052511473106884615,0.0028174611915045907,0.007609270372029301,0.001276653377131264,0.009151318799136407,-0.07815884506622482,-1.6478154529982811,0.0006238902862606718,-0.01619204914654275,-0.01857981575902586
18.09419345855713,0.18765443222007192,0.025903216283014518,-0.05215682460231514,0.00307111225499862,0.0074001123939688015,0.0015015663714932452,0.0092378581449524,-0.07855924024009917,-1.6480275280970165,0.000679359331973133,-0.01631563537535781,-0.018545240367951982
18.102792739868164,0.18765443222007192,0.025903216283014518,-0.05215682460231514,0.0030404011324486335,0.007326111270029113,0.0014865507077783126,0.0092378581449524,-0.07855924024009917,-1.6480275280970165,0.0006725657386534018,-0.01615247902160423,-0.018359787964272463
18.11365294456482,0.18802967752400906,0.03287449903769684,-0.051283146360541945,0.003537156558797867,0.01354732007428635,0.002865024196792629,0.00935425065727879,-0.07895955264380232,-1.6482408579007024,0.0007730134869046418,-0.016359559073455706,-0.018372622665455435
18.12020492553711,0.18802967752400906,0.03287449903769684,-0.051283146360541945,0.0035017849932098884,0.013411846873543486,0.0028363739548247025,0.00935425065727879,-0.07895955264380232,-1.6482408579007024,0.0007652833520355954,-0.01619596348272115,-0.01818889643880088
18.15049934387207,0.18903764501013737,0.03924985465266579,-0.05019717637428034,0.0038607438771414587,0.015327022394806267,0.003354866144680497,0.009566737500744762,-0.07975105871482287,-1.6486611074895634,0.0008277711104607709,-0.016295275103301116,-0.018145729262768192
18.155662775039673,0.18903764501013737,0.03924985465266579,-0.05019717637428034,0.003822136438370044,0.015173752170858205,0.003321317483233692,0.009566737500744762,-0.07975105871482287,-1.6486611074895634,0.0008194933993561632,-0.016132322352268105,-0.01796427197014051
18.166635274887085,0.18951360826526167,0.0401808357633893,-0.049889506599720156,0.004244727193246131,0.015828256345152617,0.0036372419488272193,0.009645001457945189,-0.08014444655738096,-1.6488659290333587,0.0008826258367809622,-0.016329520749186248,-0.01797129732666935
18.189102172851562,0.18990347583195402,0.04000883658965619,-0.04971453355410404,0.004375128567607175,0.015582431320528983,0.0036673108664392,0.009694056678699174,-0.08053857532607978,-1.649064594199075,0.0008956340216155682,-0.01634165197097803,-0.01788001007467059
18.194169282913208,0.18990347583195402,0.04000883658965619,-0.04971453355410404,0.0043313772819311026,0.015426607007323692,0.0036306377577748077,0.009694056678699174,-0.08053857532607978,-1.649064594199075,0.0008866776813994126,-0.016178235451268248,-0.017701209973923885
18.209409952163696,0.18965400571100008,0.039298015655957794,-0.04971630455714521,0.004112326638385148,0.014812889957538045,0.0035527123781038065,0.009711172743288005,-0.08093639293697431,-1.6492803999807106,0.0008890414249172482,-0.016277476811893135,-0.017665796499605115
18.214717388153076,0.18965400571100008,0.039298015655957794,-0.04971630455714521,0.004071203372001297,0.014664761057962664,0.0035171852543227685,0.009711172743288005,-0.08093639293697431,-1.6492803999807106,0.0008801510106680757,-0.016114702043774205,-0.017489138534609063
18.232120752334595,0.18968654598407628,0.03786074222545044,-0.049745042631595855,0.00402741294421563,0.013698660904254058,0.003387417901223185,0.009693046952311452,-0.08132162934037203,-1.6494911500735512,0.0008609343930066148,-0.01617491245709448,-0.017435344478861095
18.23743963241577,0.18968654598407628,0.03786074222545044,-0.049745042631595855,0.003987138814773474,0.013561674295211518,0.003353543722210953,0.009693046952311452,-0.08132162934037203,-1.6494911500735512,0.0008523250490765486,-0.016013163332523533,-0.017260991034072484
18.25352382659912,0.18983142343443146,0.035953173902446206,-0.04981401489924863,0.004005760313085362,0.012249599139626827,0.0031638041471668175,0.009634730017477224,-0.08171150840595114,-1.649700642237978,0.0008075445051401481,-0.01609543057920107,-0.017218628347831902
18.258467435836792,0.18983142343443146,0.035953173902446206,-0.04981401489924863,0.003965702709954508,0.012127103148230558,0.0031321661056951493,0.009634730017477224,-0.08171150840595114,-1.649700642237978,0.0007994690600887466,-0.01593447627340906,-0.017046442064353583
18.272964000701904,0.19001161318974674,0.03375721676378502,-0.049920164855777945,0.004009798265638865,0.01050473463329965,0.0028827858514658316,0.009536139966804117,-0.08209553280639974,-1.6499024071986828,0.0007234651193030959,-0.01604003868283739,-0.017015158865318104
18.27681040763855,0.19001161318974674,0.03375721676378502,-0.049920164855777945,0.0039697002829824765,0.010399687286966655,0.0028539579929511734,0.009536139966804117,-0.08209553280639974,-1.6499024071986828,0.0007162304681100649,-0.015879638296009017,-0.016845007276664922
18.307255744934082,0.1901671081268184,0.031423234357226104,-0.050058541761407255,0.003960492227749522,0.00953710083786723,0.0027069243105290386,0.009398273820972433,-0.0824845073617563,-1.6500947804366373,0.0006637849910031112,-0.015848603531053287,-0.016739743640654465
18.312509536743164,0.1901671081268184,0.031423234357226104,-0.050058541761407255,0.003920887305472027,0.009441729829488557,0.002679855067423748,0.009398273820972433,-0.0824845073617563,-1.6500947804366373,0.0006571471410930801,-0.015690117495742756,-0.01657234620424792
18.32635521888733,0.19000667202591856,0.031550771777187375,-0.048800965339868274,0.0037810638333057563,0.009355297005766662,0.003566429771486074,0.009120419215802348,-0.08326306980996949,-1.650492547255114,0.00044989606265593933,-0.016095530578838186,-0.01669390856484317
18.331643104553223,0.19000667202591856,0.031550771777187375,-0.048800965339868274,0.0037432531949726988,0.009261744035708995,0.003530765473771213,0.009120419215802348,-0.08326306980996949,-1.650492547255114,0.00044539710202937994,-0.015934575273049804,-0.01652696947919474
18.350380420684814,0.19016033614510314,0.030671119201738626,-0.04856777195419829,0.0037776707305672797,0.008688937694822728,0.00357339205742949,0.00900186317969969,-0.08365485709299945,-1.6506895568937168,0.00037767044282362714,-0.01598432418482646,-0.01646684271801143
18.355553150177002,0.19016033614510314,0.030671119201738626,-0.04856777195419829,0.0037398940232616067,0.0086020483178745,0.003537658136855195,0.00900186317969969,-0.08365485709299945,-1.6506895568937168,0.00037389373839539087,-0.015824480942978197,-0.016302174290831316
18.374000310897827,0.19034261466770835,0.029467869223768792,-0.04850030441661225,0.003785347230538294,0.00786216966189446,0.003475311335747534,0.00888618963004825,-0.08404584767654605,-1.6508810100163362,0.0003074494603890972,-0.01587818776635725,-0.0162429371495302
18.37928009033203,0.19034261466770835,0.029467869223768792,-0.04850030441661225,0.003747493758232911,0.007783547965275515,0.0034405582223900584,0.00888618963004825,-0.08404584767654605,-1.6508810100163362,0.0003043749657852062,-0.015719405888693676,-0.016080507778034898
18.39594602584839,0.19049268359109753,0.028062870543904387,-0.04856083252139758,0.0037783941775624886,0.006869450277906456,0.0032888237114062973,0.008768084073126074,-0.08444202780598897,-1.6510649617225397,0.00023046477313274526,-0.015799930335950053,-0.01603007856605752
18.40266180038452,0.19049268359109753,0.028062870543904387,-0.04856083252139758,0.0037406102357868637,0.0068007557751273914,0.003255935474292234,0.008768084073126074,-0.08444202780598897,-1.6510649617225397,0.0002281601254014178,-0.015641931032590553,-0.015869777780396943
18.416017770767212,0.19058431865073422,0.026686654733000522,-0.04913114449072893,0.0037406366183058678,0.005747998915590966,0.002700341554417254,0.00864570486139989,-0.08483535913047889,-1.6512641784763242,0.0001342496808513825,-0.015780010222350933,-0.01586023932840484
18.420252084732056,0.19058431865073422,0.026686654733000522,-0.04913114449072893,0.0037032302521228092,0.005690518926435056,0.0026733381388730814,0.00864570486139989,-0.08483535913047889,-1.6512641784763242,0.00013290718404286868,-0.015622210120127425,-0.01570163693512079
18.430838584899902,0.19081052459564962,0.025171279206033122,-0.04958038794988134,0.003838556586467001,0.004246768964669941,0.0020860372743359886,0.00853875559565979,-0.085234279423888,-1.6514535177622973,3.05539171951734e-05,-0.01584280782441835,-0.015723470311172837
18.435997009277344,0.19081052459564962,0.025171279206033122,-0.04958038794988134,0.0038001710206023312,0.004204301275023242,0.002065176901592629,0.00853875559565979,-0.085234279423888,-1.6514535177622973,3.0248378023221666e-05,-0.015684379746174166,-0.01556623560806111
18.453824043273926,0.19107571486010058,0.02382010273960587,-0.04995651166404523,0.0038892201433724295,0.003425776078623063,0.0017608199777379011,0.008437505927750865,-0.08563686082752883,-1.6516355595025454,-2.6849682591797724e-05,-0.01575336229970161,-0.015512688803161336
18.462925672531128,0.19107571486010058,0.02382010273960587,-0.04995651166404523,0.003850327941938705,0.0033915183178368324,0.0017432117779605221,0.008437505927750865,-0.08563686082752883,-1.6516355595025454,-2.658118576587975e-05,-0.015595828676704594,-0.015357561915129722
18.474400520324707,0.19131639346854118,0.022701475122988934,-0.0502665780074683,0.003993694658700197,0.0024098025343720648,0.0013617697947313114,0.008337937089785688,-0.08604520625365815,-1.6518070471518973,-0.0001130867540226419,-0.015795731690649364,-0.015353432852862508
18.479701280593872,0.19131639346854118,0.022701475122988934,-0.0502665780074683,0.003953757712113194,0.002385704509028344,0.0013481520967839984,0.008337937089785688,-0.08604520625365815,-1.6518070471518973,-0.00011195588648241548,-0.01563777437374287,-0.015199898524333883
18.50995683670044,0.19148723323759917,0.021952139325188188,-0.0505089021079741,0.003963499341386966,0.0021220692947161814,0.0012307764656090587,0.008236670346127122,-0.08645896130234955,-1.65196628487014,-0.00014430678947321884,-0.01561815004059689,-0.015100530440232072
18.51450228691101,0.19148723323759917,0.021952139325188188,-0.0505089021079741,0.0039238643479730965,0.00210084860176902,0.001218468700952968,0.008236670346127122,-0.08645896130234955,-1.65196628487014,-0.00014286372157848665,-0.015461968540190921,-0.014949525135829752
18.531840324401855,0.19110826211166132,0.021122851077953367,-0.050715376228645616,0.003652679509209248,0.0016213875952719782,0.0010451169635504803,0.008090716849044425,-0.08731097644087109,-1.6522444468959547,-0.00022561617876843657,-0.015798762683471433,-0.014960464435360877
18.536992073059082,0.19110826211166132,0.021122851077953367,-0.050715376228645616,0.0036161527141171552,0.0016051737193192583,0.0010346657939149756,0.008090716849044425,-0.08731097644087109,-1.6522444468959547,-0.0002233600169807522,-0.01564077505663672,-0.014810859791007268
18.551397562026978,0.19119081836576493,0.020622874681672763,-0.05077187076710019,0.0036279194672779397,0.0012466380493115126,0.0009516532176395113,0.008099802140971356,-0.08775016626251655,-1.6523543638135707,-0.00021481959033169153,-0.01578924402537107,-0.01473905330117623
18.559067726135254,0.19119081836576493,0.020622874681672763,-0.05077187076710019,0.0035916402726051603,0.0012341716688183974,0.0009421366854631163,0.008099802140971356,-0.08775016626251655,-1.6523543638135707,-0.00021267139442837462,-0.01563135158511736,-0.014591662768164468
18.571986436843872,0.19132269328598114,0.020095501340448105,-0.05080806685406895,0.003646917470992265,0.0008164221724908851,0.0008648296689767114,0.008144720121379373,-0.08819165342143313,-1.6524454338561838,-0.00017577497209666484,-0.015816780499199275,-0.014516240824253667
18.576014518737793,0.19132269328598114,0.020095501340448105,-0.05080806685406895,0.0036104482962823425,0.0008082579507659762,0.0008561813722869442,0.008144720121379373,-0.08819165342143313,-1.6524454338561838,-0.0001740172223756982,-0.01565861269420728,-0.01437107841601113
18.60915184020996,0.19144260494633317,0.01957038514077114,-0.050832098399340914,0.0036063388170554976,0.0006425414766174847,0.0008249085656958855,0.008212873419531398,-0.08864217967962724,-1.6525207953563803,-0.0001517101198376528,-0.01563798392234972,-0.014250109814033664
18.614178895950317,0.19144260494633317,0.01957038514077114,-0.050832098399340914,0.0035702754288849427,0.0006361160618513098,0.0008166594800389266,0.008212873419531398,-0.08864217967962724,-1.6525207953563803,-0.00015019301863927626,-0.01548160408312622,-0.014107608715893326
18.620612859725952,0.19128760248245552,0.019965132377508313,-0.05026250405291787,0.00331691606254329,0.001160635284471348,0.0017495061589390972,0.008301849296669486,-0.08909491358774572,-1.6526066090329716,-1.0400168203943431e-05,-0.01603045054943087,-0.014099908692983158
18.632361888885498,0.19128760248245552,0.019965132377508313,-0.05026250405291787,0.003283746901917857,0.0011490289316266346,0.0017320110973497063,0.008301849296669486,-0.08909491358774572,-1.6526066090329716,-1.0296166521903997e-05,-0.01587014604393656,-0.013958909606053326
18.641113996505737,0.19138725360643163,0.020096947139824857,-0.04990159459476927,0.003372028134709111,0.00124500878760662,0.0021375388854117396,0.008395105974252602,-0.08953938983281687,-1.6526875527070615,9.636018962793048e-05,-0.016219295108601907,-0.013911805289204895
